{"type":"Topology","arcs":[[[26678,26147],[64,113],[-73,65],[6,174],[5,30],[-33,4],[-20,215],[-21,14],[-39,-4],[-58,138]],[[26509,26896],[93,55],[121,43],[30,-9],[41,41],[-41,104],[-33,63],[3,307]],[[26723,27500],[53,40],[20,101],[65,48],[209,162],[61,5]],[[27131,27856],[95,-5],[10,7],[191,-47],[314,-83]],[[27741,27728],[57,141],[6,37]],[[27804,27906],[140,-41],[92,-11],[210,-14],[127,140],[41,-36],[324,354],[-22,23],[-44,180]],[[28672,28501],[112,16],[74,-15],[80,-45],[226,-192]],[[29164,28265],[81,-66],[37,-22],[79,-20],[78,-3]],[[29439,28154],[53,10],[248,70]],[[29740,28234],[44,-104],[18,-57],[80,-333],[41,-71],[27,-88]],[[29950,27581],[19,-75],[75,-343],[6,-20]],[[30050,27143],[-87,-36],[24,-39],[-170,-180],[-273,-566],[53,-60],[130,-119],[157,-11],[57,-50],[6,-103],[-27,-37],[23,-37],[52,-46],[23,-3],[40,-37],[62,7],[3,102],[165,30],[166,-45],[67,-4],[26,29],[-33,66],[-8,283],[35,61],[76,86],[87,71]],[[30704,26505],[24,-19],[411,-221],[118,-113],[-123,-299],[-21,-61],[401,-100],[410,-100],[17,-20],[132,-100],[62,-26],[20,-18],[86,-114],[66,-128],[12,-41],[-191,-456],[33,-32],[48,-29],[258,-85],[58,-30],[108,-75],[-38,-84],[26,-9],[57,-45],[55,16],[24,-16],[73,-106],[-43,-54],[-36,-73],[-39,-44],[-23,-68],[11,-33],[25,-15],[59,-79],[7,-27]],[[32791,23801],[-36,-12],[-172,9],[-107,1],[-87,-46],[-49,30],[-113,-15],[-173,106],[-88,67],[-242,157],[-38,62],[-52,56],[-66,-24]],[[31568,24192],[-46,26],[-36,1],[-44,-29],[-123,-151],[-22,-56],[-27,-34],[-110,-72],[-68,11],[-358,233],[-145,114],[-314,206],[-42,17],[-89,20],[-73,41],[11,-52],[-28,-74],[7,-133],[-72,-462],[-50,-334],[-10,-56],[-38,-272],[14,-51],[55,-57],[13,-39],[-21,-124],[-16,-53]],[[29936,22812],[-7,-13],[-73,-49],[-35,-37],[-15,-68],[78,-296]],[[29884,22349],[-50,-163],[-20,-38],[14,-16],[-139,-103],[-120,-97],[-149,-96],[-116,-51],[-12,-29],[-39,-32],[-85,-13],[-27,6],[-41,-26],[-115,-47],[-18,-46],[-61,-46],[-74,6],[-70,-19],[-48,-31],[-52,-54],[-34,-10],[-25,-27],[-37,-6],[-56,-24],[-98,-57],[-31,6],[-29,61],[-48,49]],[[28304,21446],[39,24],[86,141],[-2,40],[-35,137],[48,150],[-20,111],[10,35],[51,109],[3,41],[-61,86],[-9,34],[19,50],[8,63],[-40,55],[-50,0],[-71,40],[-50,-15],[-22,-19],[-35,39],[-62,22],[-225,-51],[-26,-10],[-97,-78],[-1,-124],[29,-66],[7,-57],[40,-111],[43,-58],[29,-57],[43,-38],[-72,-14],[-29,-68],[-90,26],[-143,-2],[-5,-246],[-83,33],[-16,-80],[-66,12]],[[27449,21600],[1,102],[10,55],[-56,23],[-39,-72],[-96,52],[-67,29]],[[27202,21789],[35,62],[-95,39],[18,64],[-4,39],[-38,77],[-15,45],[-16,181],[8,214],[-14,162],[-70,4],[-163,105],[-11,13]],[[26837,22794],[52,61],[47,-4],[42,24],[27,43],[35,26],[10,38],[-9,65],[-50,125],[34,12],[7,38],[-9,141],[-13,83],[-23,58],[-29,185],[-49,144],[-36,74],[-91,135],[-102,132],[-26,114],[-29,42],[-36,26],[13,175],[17,270],[24,25],[121,-51],[39,39],[115,-44],[100,4],[129,25],[53,4],[79,49],[60,75],[35,75],[12,80],[-26,84],[-60,96],[-204,339],[-30,88],[-27,62],[17,39],[5,63],[-41,17],[-342,277]],[[27741,27728],[-78,-198],[67,-71],[28,-102],[-5,-121],[8,-57],[37,-66],[31,-99],[-14,-105],[340,-22],[383,-37],[-71,106],[-157,249],[-6,-7],[-138,216],[-48,85],[-74,85],[-82,66],[-126,55],[-95,23]],[[26509,26896],[-164,-97],[-154,-218]],[[26191,26581],[-195,182],[-49,-32],[-34,-10]],[[25913,26721],[-57,9],[-204,97],[-281,121]],[[25371,26948],[83,192],[54,7],[48,26],[80,67],[106,55],[91,34],[97,251],[11,103],[19,54]],[[25960,27737],[96,-92],[151,-94],[129,-45]],[[26336,27506],[387,-6]],[[26336,27506],[77,280],[35,137],[21,34],[277,199],[44,33]],[[26790,28189],[79,-7],[59,-31],[44,-44],[43,-69],[13,-38],[103,-144]],[[26790,28189],[-91,-10],[-6,46]],[[26693,28225],[-11,52],[-168,306],[-62,109],[-50,47],[3,62]],[[26405,28801],[190,-26],[351,-44],[272,-13],[342,-20]],[[27560,28698],[234,-14]],[[27794,28684],[-11,-680],[22,-53],[-1,-45]],[[27794,28684],[76,-4],[55,5],[99,25],[73,5],[48,-6],[93,-39],[142,-118],[74,-44],[63,-20],[58,-4],[97,17]],[[26837,22794],[-34,64],[-24,21]],[[26779,22879],[-27,2],[-117,37],[-46,70],[-61,148],[-91,167],[-25,66],[-84,55],[-235,117],[-18,-65],[25,-268],[10,-157],[-7,-38],[-41,-39],[-153,-46],[-65,-15]],[[25844,22913],[-45,-22],[-40,-58],[-9,-57],[-3,-150],[-16,-33],[-192,-224],[-9,-42],[50,-95],[12,-42],[-8,-52]],[[25584,22138],[-80,99],[-81,65],[-29,45],[-32,128],[-24,58],[-58,87],[-33,38],[-73,64],[-53,38],[-113,112],[-70,133],[-28,29],[-97,53],[-30,4],[-111,-7],[-79,28],[-147,77],[-20,17],[-107,133],[-139,39]],[[24180,23378],[28,86],[100,538],[18,72],[99,326],[48,148]],[[24473,24548],[158,517],[5,62]],[[24636,25127],[55,2],[41,25],[286,305],[163,-4],[75,13],[245,164],[98,13],[12,-11],[52,-303],[-2,-58]],[[25661,25273],[-53,-140],[-51,-193],[-18,-126],[-6,-107],[332,-39],[84,31],[-23,82],[5,73],[63,556],[-37,52]],[[25957,25462],[156,104],[213,212]],[[26326,25778],[304,309],[48,60]],[[26678,26147],[-367,322],[-120,112]],[[26326,25778],[-137,136],[-24,-27],[-63,65],[-60,51],[46,54],[-52,48],[-101,-107],[-323,278],[-101,73],[-68,34],[-23,30]],[[25420,26413],[142,97],[156,96],[73,56],[88,50],[34,9]],[[25960,27737],[117,259],[-1,215],[22,105]],[[26098,28316],[41,-8],[297,-89],[87,-9],[170,15]],[[25371,26948],[-80,51]],[[25291,26999],[-50,34],[-70,26],[-79,9],[-100,2],[-36,13],[-76,66],[-72,25],[-49,-2],[-64,23],[-188,140],[-57,62],[-72,51],[-46,81]],[[24332,27529],[-21,155],[6,80],[-22,100],[36,-29],[65,-3],[83,72],[22,74],[67,-31],[126,197]],[[24694,28144],[98,153],[102,-1],[3,128],[-125,113]],[[24772,28537],[119,-6],[93,-35],[153,-82],[130,-35],[496,-40],[335,-23]],[[24772,28537],[-3,6],[-281,-9],[-65,9],[-54,17],[-331,149],[-8,-17],[-104,48],[-73,-7],[-68,-39],[-156,-107]],[[23629,28587],[-105,-1],[-94,23],[-75,37],[-66,16],[-190,-11],[-86,-2]],[[23013,28649],[-36,28],[-32,53],[-39,139]],[[22906,28869],[113,70],[48,38],[38,48],[60,101],[26,30]],[[23191,29156],[46,31],[75,28],[39,5],[477,-32],[77,4]],[[23905,29192],[221,26],[227,20],[101,-8],[225,-45]],[[24679,29185],[232,-45],[75,-23],[56,-32],[123,-100],[47,-24],[80,-25],[289,-36]],[[25581,28900],[824,-99]],[[25581,28900],[6,57],[17,329],[23,38],[56,48],[47,90],[126,165],[41,60],[24,65]],[[25921,29752],[41,72],[76,86],[23,-88],[31,-9],[232,-221],[-31,-31],[81,-70],[48,-22],[20,-84],[59,-90],[5,-51],[45,25],[84,21]],[[26635,29290],[11,-44],[-60,-30],[33,-44],[-52,-6],[40,-306],[-124,-32],[-74,8],[-4,-35]],[[27605,29086],[47,348],[-16,44],[-117,7],[5,76],[-117,-41],[-141,-11],[-27,-11],[-167,-161],[-42,-36],[-75,-6],[-38,61]],[[26917,29356],[96,78],[-107,173],[-32,98],[61,9],[-23,55],[59,30],[17,-20],[56,-21],[94,44],[53,67],[25,9],[38,47],[58,29],[42,58],[17,39],[33,24],[50,14],[-29,42],[13,112],[33,-52],[66,-55],[203,-3],[24,-15],[23,61],[32,41],[2,25],[-96,14],[-3,74],[-74,77],[-136,109],[-57,68],[66,-4],[56,35],[49,44],[57,29],[31,25],[88,-4],[40,-22],[27,-33],[52,-41],[14,56],[-5,93],[58,105],[49,63],[50,123],[-146,40],[-299,59],[18,38],[5,46],[-36,45],[-116,4],[-21,122],[-42,23],[-27,84],[-39,6],[-94,-21],[-125,-42],[-42,-20],[-137,-25],[-82,-44],[-63,-70],[-79,-20]],[[26762,31281],[-133,280],[19,26],[37,84],[10,62],[-24,61],[-44,76],[-2,62],[-26,18],[-21,39],[-70,55],[-54,31]],[[26454,32075],[20,140],[-20,55],[-65,120],[-45,9],[-7,37],[-62,-21],[-53,57],[-6,58],[-26,28],[-22,-22],[3,-53],[-12,-26],[-55,-51],[-51,25],[-37,-5],[18,-33],[-33,-30],[-59,24],[-22,-29],[6,-29],[-31,-70],[-3,-49],[-54,-22],[-62,4],[-75,38],[14,42],[29,23],[-9,25],[-58,12],[-7,40],[35,45],[-23,26],[35,53],[32,70],[37,49],[-19,61],[-25,9],[-1,37],[-34,61],[1,28],[-36,6],[-80,41],[-62,5]],[[25530,32863],[-21,2],[-63,-21],[8,-26],[-41,-73],[-35,-43],[-21,8],[-6,56],[-59,26],[-4,-40],[-19,-22],[-26,22],[-30,-17],[-56,-6],[-63,62],[-37,-9],[-20,-41],[-37,-20],[-31,23],[-51,7],[-42,-16],[9,-59],[-44,-34],[-15,-85],[-54,28],[-36,52],[-36,-27],[-60,-18],[-66,-2],[-9,36],[-49,31],[-25,29],[-23,-10],[-61,16],[-58,81],[-51,4],[-116,-73],[-65,50],[-129,-35],[-21,15],[-37,116],[-59,69],[-47,8],[-40,-20],[-60,-67]],[[23724,32840],[-96,-27],[-41,-32],[-21,-38],[2,-44],[22,-48],[41,-47],[85,-52],[77,-33],[44,-60],[-10,-25],[14,-58],[-26,-56],[-1,-46],[-23,-39],[12,-49],[-109,-69],[-57,-11],[-57,-80],[-19,-7]],[[23561,32019],[9,36],[-102,140],[-35,21],[-58,8],[-7,-50],[-63,-29],[-20,-23],[-45,-15],[-11,-44],[-53,-40],[-21,-120],[9,-17],[51,-14],[16,-48],[-829,-242],[-425,-346],[-26,48],[-12,77],[9,51],[-53,9],[-49,-6],[-136,-44],[17,-43],[-50,-62],[-24,-42],[-38,-1],[-28,16],[-9,-195],[8,-24]],[[21586,31020],[-56,-29],[-110,27],[-88,9],[-93,3],[-64,-46],[-31,-6],[-86,-64],[-60,-91],[-23,8],[-23,46],[-82,-16],[-87,102],[-54,30],[-33,-11]],[[20696,30982],[-29,-3],[-44,19],[-12,31],[-41,33],[-44,19],[6,62],[-41,105],[4,69],[18,30],[23,118],[18,22],[79,50],[35,50],[-3,45],[31,41],[30,58],[44,12],[32,28],[-30,34],[-26,-23],[-79,-19],[-73,-99],[-7,-46],[-90,-120],[-54,-63],[-55,-1]],[[20388,31434],[25,40],[72,47],[7,56],[16,30],[11,57],[-5,322],[69,34],[90,58],[21,4],[35,-31],[30,-2],[27,46],[9,96],[-7,90],[9,15],[66,30],[95,87],[37,111],[-6,37],[17,20],[11,80],[-22,63],[6,74],[27,50],[-2,57],[-27,48],[48,46],[29,72],[78,37],[-2,96],[19,27],[-29,37],[11,49],[-23,41],[36,8],[10,41],[-11,46],[-44,32],[-17,37],[13,42],[36,50],[-18,47],[-38,46],[-26,59],[-55,45],[-40,5],[-23,37],[-33,-25],[-42,8],[-68,-26],[-23,17],[-82,11],[-30,15],[-28,92],[-30,1],[-12,38],[15,83],[-49,42],[-47,19],[28,66],[-48,33],[-9,43],[-25,31],[-79,44],[-66,113],[-35,22],[-13,42],[5,40],[-31,4],[-71,66],[-26,35],[-48,29]],[[20106,34696],[-2,34],[-36,43],[-22,65],[11,36],[24,19],[68,-7],[22,30],[30,10],[34,-16],[141,-23],[45,20],[-44,26],[85,64],[65,-17],[80,12],[67,-29],[14,18],[-9,95],[19,40],[15,62],[-35,25],[42,35],[-22,43],[1,104],[10,38],[50,22],[34,-43],[33,-6],[8,34],[-22,50],[41,49],[47,-1],[29,19],[37,58],[38,21],[6,-33],[26,-32],[105,-48],[38,55],[39,-29],[48,17],[84,-13],[91,-35]],[[21441,35508],[48,-21],[-5,-17],[34,-66],[32,-5],[86,-40],[48,45],[57,-16],[29,21],[38,-23],[15,18],[42,-15],[44,13],[57,-5],[67,12],[52,-14],[54,21],[55,-2],[114,21],[81,39],[38,-42],[56,-102],[77,-88],[51,-29],[22,-36],[70,-30],[32,1],[66,-23],[93,6],[50,-33],[41,-7],[18,-42],[58,3],[18,-36],[46,-24],[37,-96],[-27,-75],[-3,-62]],[[23132,34759],[19,-87],[23,-38],[76,-89],[57,-45],[51,-19],[78,4],[105,40],[58,2],[31,-47],[11,-85],[27,-79],[0,-197],[10,-53],[33,-58],[55,1],[128,-22],[113,-29],[84,16],[25,-6],[9,-74],[-22,-195],[16,-33],[56,-38],[109,-23],[73,9],[44,21],[63,50],[30,6],[37,-18],[149,-152],[43,-33],[51,-15],[41,35],[16,44],[0,101],[23,100],[-6,80],[11,41],[118,88],[113,41],[101,70],[41,8],[48,-22],[94,-101],[77,-70],[29,-5],[103,37]],[[25583,33920],[38,-17],[110,-109],[68,-93],[53,-60],[46,-29],[61,-15],[58,-27],[48,-43],[52,-79],[21,-49],[63,-94],[32,-23],[55,1],[35,20],[96,33],[63,38],[101,8],[74,-11],[34,5],[67,54],[67,2],[71,32],[104,1],[93,18],[82,-14],[57,-1],[29,-25],[21,-53],[22,-8],[133,50],[15,32],[2,52],[16,21],[64,36],[97,122],[62,22],[132,-2],[75,16],[22,23],[7,69],[-19,83],[-81,121],[41,22],[78,-17],[48,-63],[22,-8],[156,24],[142,13],[31,24],[1,30],[-55,98],[-34,107],[-1,53],[40,46],[59,12],[37,23],[0,34],[-41,109],[23,73],[50,69],[51,91],[24,62],[78,91],[38,60],[41,49],[55,38],[249,118],[27,21],[18,39],[0,58],[-38,59],[-58,44],[-22,92],[35,49],[132,72],[33,36],[70,36],[120,31],[75,52],[81,68],[46,70],[30,16],[85,16],[34,22],[68,73],[39,77],[109,27],[11,46],[4,77],[11,22],[41,24],[184,-7],[52,-22],[71,-57],[150,-34],[36,2],[43,19],[28,71],[45,45],[45,105],[30,38],[75,47],[55,24],[112,38],[112,175],[46,39],[90,48],[25,64],[60,74],[53,107],[22,77],[45,24],[56,45],[49,-21]],[[31397,37213],[79,-46],[39,-11],[48,8],[31,26],[57,-13],[81,-54],[22,-56],[40,-45],[54,-11],[28,-49],[67,-30],[57,-36],[41,-16]],[[32041,36880],[-49,-30],[-46,-85],[-14,-67],[32,-124],[-20,-37],[-65,-39],[-148,-174],[-38,-33],[-76,-40],[-33,-40],[-8,-43],[6,-141],[20,-67],[10,-99],[1,-75],[-15,-38],[-40,-37],[3,-75],[-80,-48],[-80,-108],[-53,-57],[-81,-58],[-69,-80],[-28,-66],[-111,-130],[-9,-63],[28,-50],[41,-107],[-6,-39],[-37,-38],[-31,-108],[2,-100],[20,-49],[-15,-84],[-46,-23],[-7,-30],[-27,-24],[-48,20],[-35,-10],[-47,-68],[-31,-3],[-18,-54],[-49,2]],[[30744,34261],[-84,-62],[-64,-19],[-34,-39],[-9,-52],[72,-88],[-34,-37],[-14,-122],[-16,-39],[13,-37],[5,-60],[30,-23],[-23,-61],[28,-43],[0,-64],[-35,-73],[-24,-23],[-8,-58],[-20,-50],[-43,-58],[3,-16],[47,-23],[31,-54],[12,-42],[80,-35],[-17,-162],[10,-65],[-9,-77],[-53,-24],[-16,-22],[-8,-97],[10,-35],[-11,-91],[-50,-67],[-27,-79],[18,-64],[-10,-48],[-56,-78],[-28,-23],[-7,-37],[7,-82],[-19,-60],[10,-97],[23,-53],[38,-51],[14,-62],[59,-141],[57,-50],[48,-97],[18,-63],[91,-93],[76,-101],[12,-63]],[[30837,31101],[-79,71],[-165,97],[-230,-120],[-90,-8],[-16,-20],[-62,-10],[-37,7],[-93,-37],[-69,-2],[-117,-96],[-20,-36],[-60,-79],[-293,-195],[-45,-11],[-14,-26],[-40,-28],[-94,-167],[-45,-123],[-37,-61],[-35,-26],[-116,-65],[-30,-39]],[[29050,30127],[-20,12],[-112,-23],[-176,-47],[-70,-10],[-189,33],[-32,-5],[-20,-97],[-10,-100],[-15,-44],[-136,-208],[-50,-44],[-91,-34],[-66,-10],[-59,-61],[-39,-53],[-160,-121],[-4,-222],[-196,-7]],[[27560,28698],[23,188],[53,30],[2,34],[-43,42],[10,94]],[[29050,30127],[63,-39],[-26,-173],[61,-38],[4,-74],[64,-3],[45,-43],[67,-44]],[[29328,29713],[-8,-34],[1,-61],[-11,-32],[-114,-86],[-39,-100],[11,-27]],[[29168,29373],[43,-85],[17,-2],[25,-70],[-2,-33],[-3,-523],[-37,-68],[-9,-49],[17,-77],[21,-29],[12,-48],[-88,-124]],[[29168,29373],[60,-25],[34,-45],[47,-21],[40,24],[39,-37],[38,-7],[48,12],[-13,-53],[42,-14],[400,-281],[16,-57],[-62,-72],[83,7]],[[29940,28804],[-163,-189],[-125,-165],[-189,-270],[-24,-26]],[[24636,25127],[-26,106],[-223,415],[-13,20]],[[24374,25668],[16,17],[306,181],[13,4],[-44,74],[16,12],[514,301],[82,53]],[[25277,26310],[71,42],[72,61]],[[25957,25462],[-296,-189]],[[25277,26310],[-175,262],[-30,65]],[[25072,26637],[-33,60],[6,31],[97,74],[51,56],[54,69],[44,72]],[[25072,26637],[-362,-242],[-127,181],[-8,-2],[-40,-93],[0,-27],[-72,56],[-205,84]],[[24258,26594],[44,75],[-91,78],[-11,36],[-31,28],[-93,48],[-41,54],[-9,51],[-258,169],[26,44],[0,72],[38,1],[0,31],[71,109],[-30,19],[49,94],[7,73]],[[23929,27576],[46,-23],[140,-31],[144,-13],[73,20]],[[23929,27576],[-44,42],[-54,6],[-39,24],[-47,58],[0,37],[-56,36],[-92,18],[-90,3],[-211,-37],[-64,-63],[-37,-11],[-139,17],[-48,-3],[-75,-38],[-79,-88],[-11,-41],[2,-53]],[[22845,27483],[-55,59],[-150,179],[-197,250],[168,148],[122,-138],[187,143],[49,29],[-27,24],[-105,56],[-16,33],[-30,1],[-107,71],[-45,56],[-14,49],[3,74],[90,7],[-2,27],[91,6],[2,-26],[160,7],[15,66],[56,9],[-27,36]],[[23629,28587],[-32,-15],[36,-53],[12,-116],[-30,-27],[-76,-33],[5,-45],[201,43],[19,-91],[19,-2],[119,-52],[61,-1],[111,-25],[85,12],[248,2],[0,27],[57,0],[0,-27],[166,1],[64,-41]],[[23905,29192],[-8,82],[-17,96],[-13,168],[-25,200],[-12,48],[-28,58],[-73,109],[-29,56],[-20,127]],[[23680,30136],[64,35],[53,-2],[2,27],[59,49],[62,-22],[87,30],[50,-31],[30,15],[43,-20],[30,5],[61,-57],[62,120],[17,-21],[33,3],[132,-18],[50,52],[6,54],[53,91],[151,-85],[36,-10],[61,9],[-37,-130],[78,-14],[60,11]],[[24923,30227],[-20,-29],[-26,-80],[-2,-31],[45,-229],[-4,-55],[-17,-41],[-57,-97],[-37,-75],[-80,-188],[-11,-35],[-35,-182]],[[24923,30227],[224,265],[38,39],[205,112],[68,63],[9,-113],[270,38],[89,-31],[60,-44],[74,-12]],[[25960,30544],[-57,-45],[-43,-94],[8,-78],[-48,-91],[11,-45],[-54,-80],[-33,-6],[52,-261],[51,-29],[74,-63]],[[25960,30544],[46,64],[38,-9],[88,-76],[152,101],[30,7],[64,50],[-1,25],[155,70],[25,90],[-8,53],[32,85],[-2,57],[-29,60],[-41,35],[-13,26],[50,16],[98,58],[118,25]],[[26917,29356],[-282,-66]],[[30837,31101],[4,-59],[27,-42],[12,-48],[2,-63],[-26,-82],[9,-56]],[[30865,30751],[7,-62],[-13,-42],[4,-57],[-10,-35],[13,-146],[15,-62],[37,-40],[10,-41],[-2,-224],[-22,-126],[-72,-148],[0,-46]],[[30832,29722],[-215,-164],[-47,-39],[-36,-5]],[[30534,29514],[-49,16],[-68,64],[0,47],[-35,33],[-133,146],[-142,132],[-23,10],[-95,15],[-93,3],[-75,10],[-90,-21],[-135,-142],[-40,-52],[-65,-13],[-113,-70],[-50,21]],[[30534,29514],[19,-11],[-75,-76],[-538,-623]],[[30832,29722],[26,-37],[106,-188],[-4,-96],[19,-44],[51,-52],[126,-103]],[[31156,29202],[-22,-61],[-16,-74],[-5,-85],[4,-61],[34,-145],[-2,-84],[-17,-57],[-49,-67],[-53,-37]],[[31030,28531],[-81,-28],[-168,0],[-110,-32],[-147,-86],[-114,-38],[-69,-5],[-110,12],[-83,-5],[-139,-37],[-269,-78]],[[31030,28531],[61,-103],[71,-96],[153,-243],[34,-36],[82,-35],[49,-32],[31,-53]],[[31511,27933],[7,-22]],[[31518,27911],[-344,-81],[-134,-29],[-6,21],[-504,-113],[-120,-23],[-204,-54],[-256,-51]],[[31518,27911],[36,-116],[51,-51],[102,-49],[238,-100],[44,-8],[118,2],[50,-21],[75,-58],[172,-84],[47,-39],[78,-86],[106,-87],[43,-62],[38,-33],[214,-127],[36,-29],[65,-93]],[[33031,26870],[69,-97],[205,-214],[98,-75],[46,-45],[36,-60],[36,-82],[28,-36],[52,-46],[45,-55],[21,-62],[6,-157],[39,-82],[45,-64],[2,-64],[26,-117],[6,-52],[48,2],[108,-51],[88,-73],[36,-19],[116,-39],[43,-5],[31,-19],[44,-105],[76,-103],[170,-188],[128,-123],[14,19],[49,-6],[0,-22],[86,0],[64,20],[120,-71],[177,-136],[44,-3],[19,14],[54,1],[36,-23],[59,-14],[48,8],[58,-8],[118,13],[108,19],[-4,36],[11,39],[38,-57],[71,9],[-1,29],[115,127],[36,25],[37,-12],[49,33],[50,7],[53,21],[95,8],[57,-7],[35,13],[76,-3],[106,26],[16,43],[56,92],[16,90],[-21,88],[6,82],[31,68],[7,81],[-52,207],[-14,38],[-75,135],[-87,205],[-24,98],[20,94],[21,150],[10,117],[15,104],[9,182],[-47,14],[-244,9],[-407,250],[-9,-15],[-106,65],[-65,86],[-54,-27],[-54,-17],[-293,-38],[-59,51],[1,28],[-216,0]],[[34938,27224],[8,73],[42,91],[39,56],[69,73],[42,127],[-8,42]],[[35130,27686],[-30,25],[-43,69],[-9,28],[20,61],[30,46],[25,98],[1,80],[-79,435],[-65,366],[-32,230],[-56,284],[173,86],[34,25],[105,94],[27,63],[66,77],[93,67],[-30,174],[-29,38],[-57,31],[-13,36],[26,125],[1,110],[78,21],[14,26],[-66,171],[-58,53],[42,158]],[[35298,30763],[44,-20],[123,-42],[127,-28],[135,-9],[95,28],[65,-12],[284,52],[113,34],[105,19],[230,75],[62,-2],[24,-17]],[[36705,30841],[-4,-41],[-31,-68],[17,-21],[148,-57],[38,-32],[53,-68],[17,-41],[7,-108],[-35,-68],[6,-88]],[[36921,30249],[35,-51],[119,-12],[74,-33],[39,-5],[29,-27],[66,-174],[16,-81],[0,-121],[-53,-170],[-17,-40],[-75,-121],[-45,-87],[-8,-52],[31,-76],[32,-55],[3,-26],[31,-56],[5,-82],[27,-59],[-3,-29],[-36,-63],[17,-46],[-19,-75],[7,-32],[-14,-44],[11,-103],[-40,-3],[-27,-84],[-21,-26],[86,-180],[28,-66],[41,-136],[32,-48],[153,-110],[83,-104],[58,-53],[60,-37],[129,-58],[96,-20],[-8,49],[64,62],[-29,89],[-46,18],[30,71],[-17,13],[-8,61],[13,83],[49,53],[11,101],[-20,46],[-90,66],[-34,183],[1,66],[198,-35],[60,-16],[55,-40],[90,-78],[70,-34],[109,-76],[61,7],[18,19],[48,2],[53,20],[70,55],[38,0],[32,27],[49,14],[27,21],[34,-21],[14,57]],[[38813,28487],[2,27],[40,13],[-22,85],[8,39],[60,32],[189,-3],[59,20],[35,37],[48,-37],[75,13],[9,-30]],[[39316,28683],[27,-69],[67,-16],[18,-20],[-68,-63],[-47,-60],[-77,-41],[-74,-58],[-46,-80],[-73,-60],[-88,47],[-49,-7],[-20,-61],[14,-32],[39,-25],[32,-96],[8,-174],[21,-65],[65,-98],[74,-54],[84,-108],[49,-115],[-5,-56],[-16,-23],[-182,-115],[-123,5],[-26,13],[0,-99],[17,-21],[72,-47],[17,-84],[22,-28],[-15,-76],[24,-54],[-8,-25],[38,-33],[7,-35],[34,-58],[44,-20],[50,-48],[62,-18],[36,-21],[98,-24],[27,-23],[32,4],[58,-17],[126,28]],[[39661,26553],[-1,-61],[-26,-65],[-77,-59],[-29,-33],[9,-81],[-49,-34],[-2,-101],[11,-39],[31,-38],[63,-16],[16,-56],[23,-14],[78,-11],[48,-18],[8,-24],[-26,-48],[-56,-45],[-40,-15],[-62,-4],[-89,-41],[-10,-73],[13,-59],[22,4],[51,-24],[105,-157],[3,-76],[56,-73],[39,-32],[12,-27],[-10,-76],[-41,24],[-65,20],[-45,-37],[-9,-36],[-51,-62],[-26,-60],[-8,-120],[-59,-85],[4,-56],[50,-50],[-1,-78],[-64,-62],[-23,2],[-56,-23],[-52,11],[-83,-21],[-60,-39],[-30,-65],[-58,11],[-34,56],[-42,11],[-66,-13],[-22,-16],[-54,-73],[-47,-52],[-89,-63],[-4,-23],[29,-25],[11,-64],[97,-43],[28,-25],[19,-55],[42,-88],[-14,-25]],[[38949,23933],[-16,-27],[-14,-81],[-23,-33],[-77,-57],[12,-121],[-19,-20],[-77,-45],[-24,-23],[-28,-65],[-32,-31],[-90,-68],[-94,26],[-74,-5],[-40,-121],[-7,-73],[51,-109],[9,-93],[-12,-62],[-28,-31],[-38,-13],[-35,-33],[-83,-21],[-55,-74],[-37,-15],[-48,6],[-37,-20],[21,-39],[-5,-58],[-47,-67],[-29,-59],[-57,-24],[-26,-23],[-62,-15],[-78,-5],[-31,-40]],[[37719,22394],[-19,-76],[13,-24],[-109,-35],[-49,43],[-6,25],[6,121],[-13,31],[-56,41],[-31,48],[-76,69],[-62,12],[-47,32],[-73,-67],[-8,-86],[26,-70],[-7,-36],[-66,-36],[-85,-1],[-63,23],[-112,-33],[-72,4],[-56,-16],[-40,-30],[-40,-50],[-23,-14],[-103,11],[-61,-19],[-45,22],[-95,29],[-63,12],[-27,18],[-59,0],[-76,79],[-88,-9],[-114,-43],[-116,88],[-119,69],[-119,17],[-25,-19],[-30,21],[-18,-23],[-38,5],[-78,-6],[-84,16],[-55,-15],[-33,31],[-32,49],[3,40],[-29,56],[-42,45],[-26,95],[6,99],[-46,48],[-35,92],[-10,112],[-47,23],[-41,4],[-150,88],[-31,8],[-45,-17],[-35,7],[-10,40],[-38,0]],[[34597,23342],[-63,4],[-47,-56],[-72,-9],[-22,-25],[-40,-3],[-83,19],[-40,-59],[-41,3],[-35,33],[-59,17],[-66,-28],[-38,12],[-33,44],[-69,-3],[-43,-35],[-80,-50],[-170,-20],[-51,22],[-71,52],[-52,30],[-38,59],[-47,40],[-23,56],[-54,90],[-31,21],[-51,15],[-52,3],[-90,47],[-28,63],[-69,37],[-44,8],[-38,64],[-66,8]],[[30704,26505],[-50,81],[-56,70],[-49,30],[-52,61],[-2,15],[36,149],[-40,53],[-59,9],[-10,24],[-71,-17],[-98,-8],[-132,29],[-59,108],[-12,34]],[[27449,21600],[29,-260],[51,-13],[11,-62],[49,-63],[60,-127],[-18,-17],[-115,-66],[9,-84],[21,-91],[39,-86],[32,-47]],[[27617,20684],[-15,-23],[3,-77],[13,-53],[-12,-73],[28,-20],[8,-80],[-12,-67],[-66,-29],[-64,-57],[-14,-42],[11,-62],[19,-50],[-7,-73],[-19,-41],[-12,-70],[-55,-41],[-31,-60],[9,-54],[17,-19]],[[27418,19693],[-16,-41],[-63,-39],[-97,8],[-70,-46],[-77,-8],[-95,-50],[-2,48],[-36,73],[20,18],[-29,43],[-3,40],[15,127],[-43,52],[-20,50],[-50,45],[-96,17],[-27,19],[-555,455],[66,63],[-32,34],[49,56],[87,129],[2,26],[54,117],[-50,22],[-21,26],[14,35],[34,-16],[46,87],[-129,68],[-60,9],[-16,-77],[-66,57],[-104,149],[-2,43]],[[26046,21332],[35,80],[196,45],[49,27],[73,-81],[82,71],[85,-92],[9,-76],[33,27],[11,58],[91,128],[42,-31],[26,35],[-23,193],[40,-31],[78,-43],[31,-6],[20,-29],[9,-86],[29,-15],[69,17],[36,-20],[58,87],[25,66],[-43,4],[9,41],[30,-9],[56,97]],[[26046,21332],[-8,44],[-25,33],[-122,134],[-39,51],[-73,66],[-17,29],[-91,299],[-54,104],[-33,46]],[[25844,22913],[336,-171],[7,-10],[103,30],[70,-1],[43,-36],[13,-75],[-15,-57],[118,-43],[67,26],[19,-33],[59,45],[49,12],[-22,37],[26,24],[-35,56],[3,75],[11,19],[86,56],[-3,12]],[[24374,25668],[-31,38],[-145,142],[-38,43],[-56,95],[-43,104],[-40,132],[-42,107]],[[23979,26329],[256,237],[23,28]],[[23979,26329],[-38,70],[-31,40],[-68,54],[-189,102]],[[23653,26595],[-234,119],[-627,322],[-47,27],[-66,50]],[[22679,27113],[-147,130]],[[22532,27243],[215,225],[37,11],[61,4]],[[22532,27243],[-388,363],[-238,225],[-38,43],[-24,53],[-11,61],[-12,155],[-11,41],[-32,49],[-62,23],[-35,37]],[[21681,28293],[86,20],[59,44],[19,30],[68,173]],[[21913,28560],[54,68],[76,54],[60,22],[64,7],[362,-11],[75,5],[79,26],[223,138]],[[21913,28560],[-101,-10],[-81,-14],[-43,8],[-69,47],[7,121],[-11,17],[-72,26],[-91,8],[-60,29],[-5,53],[18,41],[-27,15],[4,28],[-81,34],[-33,82],[-42,26],[-37,7],[3,62],[-52,47],[-53,92],[6,42],[81,132],[29,75],[52,30],[29,61],[40,10],[73,1],[3,90],[54,72],[36,26],[-27,62],[-61,27],[-54,1],[-21,40],[-51,20],[-82,-6],[-34,11],[-36,29],[-32,-5],[-38,19]],[[21054,30016],[-53,18],[-38,33],[-43,150],[-32,83],[-28,45],[-76,105],[-13,50],[7,81],[-22,84],[20,72],[10,84],[-12,56],[-27,52],[-51,53]],[[21586,31020],[19,-37],[22,-81],[-9,-58],[7,-44],[-22,-90],[-33,-24],[-6,-56],[-44,-45],[-37,-22],[0,-29],[33,-43],[27,14],[32,-42],[48,9],[49,-8],[71,-42],[92,-27],[30,20],[91,-28],[40,35],[55,30],[48,5],[47,-12],[107,-82],[54,-26],[60,-17],[10,-42],[40,-83],[44,-63],[171,-201],[60,-86],[125,-195],[44,-57],[157,-182],[138,-170],[24,-41],[11,-44]],[[23561,32019],[-37,-52],[-34,-28],[-68,-121],[-20,-75],[4,-41],[52,-87],[38,-115],[27,-17],[47,-107],[11,-45],[0,-56],[12,-39],[47,-20],[-17,-86],[35,-50],[9,-37],[-25,-66],[15,-77],[155,-115],[-17,-34],[-31,-116],[2,-84],[-62,-111],[-50,-63],[-8,-30],[34,-211]],[[23724,32840],[27,-123],[116,-106],[16,-40],[4,-71],[26,-40],[71,-49],[44,-76],[67,-40],[27,-41],[17,-83],[30,-72],[30,-22],[29,-1],[54,25],[19,-41],[36,-38],[50,-26],[68,-15],[80,-32],[30,-26],[91,-145],[47,-14],[71,34],[111,-48],[28,-32],[17,-67],[23,-37],[159,-74],[24,-45],[54,74],[-33,70],[-1,54],[26,21],[143,36],[57,30],[44,-10]],[[25426,31770],[18,-12],[16,-57],[11,-89],[15,-49],[80,-116],[27,-73],[3,-35],[70,-23],[36,5],[23,24],[34,115],[14,17],[70,27],[32,67],[21,20],[76,16],[56,42],[29,-1],[161,-95],[10,-33],[28,-23],[78,25],[66,55],[5,35],[52,43],[-12,84],[-39,-3],[-24,137],[46,72],[26,130]],[[25530,32863],[45,-128],[-31,-48],[-54,-15],[-1,-42],[-17,-31],[-2,-131],[-33,-22],[-58,-93],[-8,-35],[-42,-64],[70,-113],[0,-16],[-50,-148],[2,-103],[13,-33],[62,-71]],[[31156,29202],[19,39],[41,48],[44,34],[58,28],[55,15],[137,20],[54,13],[51,30],[110,113],[88,117],[16,56],[18,26],[70,67],[154,118],[28,25],[51,66],[39,67],[103,56],[153,63],[117,112],[131,190],[38,40],[38,21],[71,8],[34,30],[39,59],[41,29],[70,36],[182,83],[75,49],[81,7],[78,14],[165,49],[66,14],[198,19],[140,34],[104,18],[108,-38],[143,-44],[29,1],[122,30],[111,8],[155,2],[77,-36],[113,-18],[59,-20],[172,-96],[96,-41]],[[35130,27686],[-100,-103],[-31,-21],[-64,-9],[-259,55],[-34,23],[-68,66],[-45,66],[-28,87],[-23,34],[-50,27],[-124,-10],[-191,20],[-78,32],[-55,50],[-62,45],[-358,245],[-94,35],[-82,-3],[-202,-35],[-65,-22],[-244,-130]],[[32873,28138],[-64,-17],[-320,-44],[-78,5],[-128,16],[-83,-11],[-689,-154]],[[32873,28138],[18,-21],[21,-146],[24,-58],[73,-78],[-25,-23],[158,-136],[268,-207],[265,-157],[100,-31],[-29,-107]],[[33746,27174],[-131,29],[-38,1],[-46,-14],[-80,-58],[-102,-5],[-46,-21],[-75,-77],[-32,-69],[-28,-31],[-137,-59]],[[34938,27224],[-41,-94],[-50,-137],[-87,-49],[-53,17],[-42,-26],[-19,-26],[-46,-3],[-107,32],[-239,27],[-73,27],[-205,139],[-68,22],[-95,0],[-67,21]],[[36705,30841],[30,-13],[93,14],[117,64],[-3,49],[-51,40],[-9,27],[25,36],[41,-5],[77,-27],[12,-47],[90,-33],[28,26],[-36,30],[14,33],[31,-8],[42,27],[-20,82],[14,44],[114,67],[46,10],[86,-38],[149,-18],[32,-25],[51,-13],[48,-28],[30,16],[-1,55],[46,33],[52,-19],[33,-67],[44,-13],[29,19],[-7,43],[-44,29],[81,72],[66,41],[74,4],[23,-63],[114,-28],[6,-38],[-27,-26],[-71,-37],[-20,-41],[17,-16],[62,-15],[18,-74],[45,-36],[39,5],[24,60],[30,-5],[-2,-42],[43,-45],[-9,-22],[-48,-18],[4,-27],[77,-72],[-34,-34],[-45,7],[-27,-17],[0,-43],[-17,-48],[1,-90],[41,-52],[56,7],[56,51],[61,-54],[19,-34],[33,-6],[8,66],[54,125],[37,12],[63,-61],[52,-2],[65,76],[95,79],[65,36],[31,-10],[28,-31],[99,-50],[43,20],[41,82],[26,36],[-4,39],[-24,58],[-7,55],[33,50],[-15,61]],[[39288,31136],[34,7],[34,-41],[37,-13],[41,3],[21,22],[-10,26],[-43,24],[59,75],[53,34],[14,-87],[30,-109],[39,-47],[23,-67],[55,-40],[9,-25],[-3,-90],[9,-35]],[[39690,30773],[-114,-42],[-401,-226],[-57,-43],[-226,-260],[-40,-36],[-69,-25],[-396,-31]],[[38387,30110],[-59,1],[-635,63],[-217,21],[-555,54]],[[38387,30110],[-34,-113],[-32,-34],[-22,-95],[-6,-53],[6,-38],[36,-57],[3,-40],[38,-44],[41,-102],[18,-73],[38,-97],[-4,-32],[29,-69],[93,-68],[-3,-58],[12,-25],[-29,-35],[-12,-104],[43,-54],[39,-35],[60,-71],[16,-33],[13,-101],[27,-39],[26,-115],[30,-38]],[[39690,30773],[73,-164],[88,-140],[25,-33],[44,-85],[103,-134],[15,-53],[67,-83],[31,-130],[103,-131],[30,-80],[47,-53],[27,-65],[-3,-78],[-37,-175],[8,-68],[-23,-113]],[[40288,29188],[-153,31],[-60,16],[-118,-11],[-103,-92],[43,-37],[10,-46],[-8,-30],[-50,-30],[-63,-14],[-139,-7],[-57,-29],[-54,-49],[-29,-46],[-24,-94],[-67,-20],[-21,-29],[-79,-18]],[[27418,19693],[97,-3],[24,-13],[7,-79],[42,-36],[-2,-131],[74,-53],[61,-26],[2,-65],[30,-69],[47,-24],[49,-97],[69,42],[36,5],[12,-89],[-11,-52]],[[27955,19003],[-10,-28],[40,-36],[33,24],[46,-42],[28,-43],[144,-13],[64,-52],[33,-86],[2,-25],[-53,-58],[-6,-31],[-88,-78],[-129,-71],[-67,-44],[-74,-27],[-92,4],[-35,-23],[-24,-36],[-82,-89],[-108,-99],[-99,-107],[-90,-107],[-54,-37],[-71,-36],[-71,-50],[-141,-47],[-158,-42],[-127,-42],[-47,-21],[-56,-49]],[[26663,17612],[-36,11],[70,-262],[53,-139],[29,-116],[84,-507],[23,-167],[34,-117],[38,-69],[92,-110],[438,-555],[247,-316],[223,-281],[51,-76],[26,-51],[32,-114],[-3,-825],[2,-77],[-6,-314],[3,-95],[-4,-113],[-11,-88],[-34,-188],[-19,-39],[-139,-133],[-69,-79],[-157,-196],[-51,-81],[-14,-39],[-16,-111],[7,-130],[-43,-100],[-5,-128],[50,-272],[81,-387],[35,-79],[54,-51],[61,-44],[102,-47],[130,-67],[97,-84],[92,-51],[104,-68],[83,-68],[20,-57],[2,-105],[-11,-89],[-10,-141],[15,-32],[21,-126],[13,-106],[23,-92],[-47,-103],[-22,-27],[20,-54],[-6,-69],[-37,-170],[-19,-43],[8,-65],[12,-24],[-3,-97],[31,-101],[30,-70],[-2,-41],[29,-98],[29,-55],[-16,-72],[11,-33],[4,-85],[8,-29],[52,-57],[-1,-46],[26,-59],[-6,-58],[31,-37],[-2,-29],[193,48],[-10,-30],[-63,-70],[-43,-71],[-40,-19],[-12,-24],[14,-49],[44,-56],[-14,-30],[0,-42],[17,-27],[-18,-74],[11,-20],[69,-3],[74,-26],[4,-47],[-33,-44],[-27,-66],[-4,-58],[46,-60],[3,-137],[-15,-36],[-59,-42],[-1,-35],[49,-60],[16,-80],[-68,6],[-40,-24],[-1,-66],[-12,-26],[-58,-22],[-15,-46],[-48,-19],[-95,42],[-15,-13],[5,-58],[-11,-83],[33,-71],[-11,-19],[50,-80],[76,-4],[17,-46],[24,-15],[80,11],[71,49],[75,-12],[29,-20],[28,-54],[-2,-33],[-26,-23],[-6,-46],[-44,-38],[18,-64],[65,-117],[-34,-55],[17,-54],[-17,-58],[4,-25],[-68,-19],[-43,-59],[-51,-14],[3,-47],[103,-78],[52,-48],[31,-6],[10,-80],[-14,-41],[7,-26],[35,-24],[-4,-21],[-60,-58],[-46,-28],[25,-49],[-55,5],[-8,-24],[27,-51],[39,-12],[-15,-45],[21,-68],[-58,-51],[-67,-19],[-13,-28],[31,-19],[-55,-34],[-16,-66]],[[28701,5268],[-13,-36],[4,-61],[-52,-10],[-3,69],[-123,60],[-41,-43],[-63,17],[-57,-58],[7,-35],[-47,-5],[-21,-58],[-117,-30],[-63,6],[-32,-25],[-5,-36],[-73,-9],[-27,11],[-30,-15],[-6,-41],[-34,-11],[-28,16],[-13,-29],[-50,-24],[-34,-43],[-134,-68],[-83,-55],[24,-51],[24,-147],[58,-86],[15,-51],[-2,-130],[20,-43],[-9,-46],[53,-25],[33,-39],[49,-36],[55,-11],[5,-32],[-19,-26],[-60,-47],[-28,-11],[-77,-5],[-36,-18],[-29,-76],[-37,-33],[-33,3],[-62,29],[-39,-9],[-48,-54],[-29,-97],[-39,-33],[-36,-7],[-38,13],[-33,-8],[-53,-46],[-186,-63],[-83,-56],[-28,-35],[-50,31],[-36,96],[-65,126],[-77,63],[-101,119],[-29,21],[-91,39],[-34,31],[-16,59],[-81,107],[-14,9],[-58,-12],[-97,9],[-122,-10],[-42,-15],[-83,-14],[-60,-20],[-85,31],[-58,-41],[-33,-7],[-159,72],[-66,39],[-27,27],[-48,69],[-44,112],[-44,44],[-104,-3],[-15,-12],[-36,-67],[-46,-39],[-38,-6],[-67,20],[-59,5],[-53,-6],[-52,-45],[-46,-81],[-122,-82],[-85,-83],[-40,-23],[-96,-31],[-76,-38],[-26,-3],[-53,32],[-87,15],[-55,-4],[-31,-14],[-48,-77],[-53,-49],[-75,-29],[-47,2],[-22,-32],[-13,-46],[-27,-30],[-32,-12],[-133,18],[-96,38],[-25,21],[-23,68],[-26,17],[-117,-55],[-42,-14],[-90,-4],[-76,-28],[-120,-34],[-37,-2],[-55,15],[-103,40],[-78,48],[-77,82],[-39,3],[-43,-28],[-54,-5],[-112,27],[-39,-12],[-20,-59],[-57,-37],[-110,-17],[-85,-5],[-20,-13],[13,-46],[-79,-57],[-57,36],[-69,-21],[-67,-32],[-56,-78],[-17,-38],[-68,-120],[-38,-53],[-40,-34],[-74,-17],[-41,-60],[-30,-87],[-29,-17],[-75,5],[-73,42],[-33,-2],[-42,-47],[-26,-74],[-43,-34],[-85,9],[-39,24],[-16,69],[-23,26],[-36,12],[-30,31],[-28,58],[-1,49],[39,45],[144,74],[129,103],[6,25],[-17,69],[8,50],[56,56],[28,97],[-1,78],[79,82],[1,63],[14,19],[73,12],[28,16],[7,79],[39,29],[45,64],[4,73],[34,69],[37,33],[27,44],[-43,34],[1,67],[25,20],[58,-1],[28,28],[39,98],[47,26],[4,116],[-29,36],[-101,-6],[-38,6],[-48,87],[-88,89],[-75,40],[-28,33],[-24,75],[4,22],[35,23],[15,35],[-10,37],[-27,38],[-79,78],[-69,26],[-95,-40],[-36,12],[-35,43],[-47,-29],[-39,20],[-22,62],[-88,115],[-43,18],[-22,46],[28,55],[15,82],[-34,45],[3,30],[29,53],[1,51],[-71,23],[-98,-7],[-101,53],[-54,6],[-74,70],[-54,29],[6,85],[-21,46],[-52,33],[-38,74],[-25,24],[-71,33],[-61,20],[-46,-7],[-27,-49],[-36,-38],[-76,-29],[-83,27],[-40,46],[-34,76],[-36,31],[-165,83],[-55,7],[-68,-11],[-90,-31],[-69,-6],[-44,29]],[[19301,6701],[-23,87],[18,97],[-53,104],[-14,42],[-2,54],[15,80],[-8,40],[-32,70],[-66,213],[-9,66],[-20,69]],[[19107,7623],[-4,97],[41,37],[-56,40],[-35,-1],[31,100],[-16,69],[-18,32],[0,54],[31,38],[-38,43],[26,53],[-20,28],[14,45],[-7,29],[32,83],[59,60],[65,104],[-3,24],[58,66],[19,4],[-11,75],[63,72],[2,25],[30,42],[0,56],[-13,29],[24,19],[8,34],[-15,22],[-6,56],[39,19],[-62,68],[-41,-21],[-9,47],[-40,32],[21,20],[-23,92],[33,4],[-10,36],[-27,4],[-5,39],[96,-52],[63,3],[51,-9],[42,-26],[35,-40],[28,-77],[-1,-122],[39,-41],[53,-8],[90,33],[38,1],[63,-34],[354,-47],[83,26],[440,62],[14,31],[0,1942],[-31,45],[-29,17],[-64,102],[-44,45],[-5,27],[20,53],[0,41],[-23,25],[34,114],[-24,119],[-29,32],[1,71],[30,29],[40,2],[50,-26],[43,-5],[64,-52],[81,-30],[44,16],[90,0],[66,10],[95,-12],[34,27],[91,18],[23,12],[6,46],[45,67],[10,35],[-19,60],[35,86],[2,54],[-33,71],[-60,7],[-47,-20],[-6,71],[69,46],[23,27],[28,73],[-2,56],[22,90],[-28,64],[-85,65],[-84,56]],[[21165,12674],[32,22],[13,46],[56,27],[59,56],[5,55],[21,34],[-14,37],[-71,20],[-59,92],[-15,39],[-3,108],[11,28],[-4,121],[-13,49],[23,41],[-6,45],[66,82],[76,104],[5,47],[48,147],[18,39],[52,28],[7,33],[-26,83],[-8,52],[-85,114],[-43,75],[-43,157],[-50,57],[-27,50],[28,31],[74,35],[107,4],[90,53],[50,50],[21,52],[66,59],[48,-19],[-39,68],[18,14],[35,-39],[33,-10],[74,11],[23,25],[60,19],[56,-6],[46,-24],[9,-77],[26,-46],[39,-37],[59,37],[57,57],[101,15],[52,-22],[92,19],[14,-20],[48,-24],[52,18],[15,17],[-11,56],[61,95],[52,17],[82,10],[35,-45],[40,-1],[73,73],[68,23],[96,-27],[9,-21],[53,-31],[43,3],[10,77],[31,42],[35,25],[18,39],[-2,74],[13,24],[83,77],[-69,36],[-59,6],[-14,24],[-121,25],[-12,44],[11,26],[76,110],[64,69],[46,18],[57,0],[77,24],[43,4],[81,-7],[7,43],[-62,11],[-45,-15],[-131,-2],[-67,-15],[-33,15],[-52,-13],[-43,53],[13,27],[54,29],[-33,58],[6,79],[-21,24],[31,66],[-12,72],[-32,50],[-85,77],[-5,31],[32,79],[-7,76],[-20,83],[-11,150],[-15,90],[-92,312]],[[22890,17091],[37,43],[27,91],[2,94],[-17,333],[29,490],[28,104],[31,66],[51,84],[100,142],[51,83],[18,63],[4,81],[-6,90],[-34,105],[-185,399],[-42,83],[-10,42],[8,63],[54,165],[13,64],[12,161],[-4,119],[-30,183],[-39,308],[-37,116],[-4,43],[26,29]],[[22973,20735],[6,-44],[125,-39],[472,-159],[10,23],[81,-28],[42,-41],[16,-43],[25,-32],[39,-17],[17,25],[51,9],[16,-34],[56,20],[52,-127],[23,-33],[161,122],[-80,128],[-231,409],[-72,133],[-76,120],[-77,95],[-80,68],[-175,120],[-56,51]],[[23318,21461],[-239,296],[-48,74],[-28,82],[-12,65],[1,104]],[[22992,22082],[23,110],[25,63],[51,82],[106,130],[483,570],[39,39],[73,51],[51,26],[128,44],[97,47],[56,51],[56,83]],[[22992,22082],[-69,8],[-95,-14],[-6,-39],[-29,-64],[-75,-115],[-64,-83],[-35,-133],[-48,-48],[-23,-48],[-221,-102],[-36,-37],[-33,-11],[-65,-69],[-106,-56],[-73,-25],[-53,-37],[-88,-27],[-127,-18],[-79,40],[-67,-44],[-68,11],[-51,54],[-15,-57],[-32,-32],[-34,-54],[-58,-45],[-45,-92],[14,-109],[-27,-64],[-1,-50],[-21,-83],[-2,-45],[-28,-34],[-33,-71],[-15,-3],[-160,-239],[-34,-76],[-5,-29],[-41,-6],[-8,36],[-34,19],[-21,54],[-99,58],[-45,34],[-19,33],[-1,54],[-73,-32],[-30,-41],[-27,-59],[16,-42],[-11,-42],[-110,-223],[-102,-216],[-31,8],[-114,-26],[-36,4],[4,39],[-96,54],[-97,46],[-20,22],[-29,-28],[-37,50],[-22,-51],[35,-132],[44,-72],[-4,-28],[-77,-130],[24,-61],[-88,-17],[-56,28],[-21,-44],[-30,9],[-12,-49],[-53,-6],[-60,-66],[-36,1]],[[19568,19320],[46,44],[2,22],[-49,87],[-41,134],[-6,47],[-127,192],[-1,58]],[[19392,19904],[-1,39],[51,116],[38,68],[-9,27],[-12,107],[9,30],[52,69],[11,89],[55,56],[27,48],[60,148],[4,70],[17,37],[0,72],[-13,9],[-11,72],[17,16],[30,64],[9,66],[-12,35],[27,81],[-21,21],[7,36],[41,53],[-2,71],[14,18],[1,49],[53,179],[-17,89],[-15,41],[10,24],[-21,104]],[[19791,21908],[22,13],[128,106],[40,105],[-1,36],[43,75],[59,52],[55,8],[17,55],[110,56],[73,1],[16,22],[162,105],[-9,58],[37,93],[21,72],[61,49],[111,47],[35,42],[43,12],[105,57],[18,58],[62,118],[95,93],[11,36],[49,48],[52,82],[66,46],[30,29],[7,52],[24,82],[32,14],[13,26],[59,64],[87,44],[44,42],[71,-13],[70,55],[39,102],[4,46],[-10,45],[12,21],[45,11],[27,20],[10,46],[27,28],[-59,18],[-22,69],[-38,45],[-41,0],[-78,43],[-45,15],[-78,52],[-30,-4],[-41,16],[-52,62],[5,55],[-50,70],[-25,47]],[[21309,24655],[21,53],[71,47],[65,30],[157,64],[18,16],[-36,45],[-51,35],[-36,68],[34,88]],[[21552,25101],[262,1],[87,19],[89,46],[98,19],[208,-7],[96,24],[122,-269],[120,56],[28,29],[20,59],[31,42],[82,42],[73,50],[70,63]],[[22938,25275],[62,55],[59,-69],[4,-17],[-14,-93],[7,-47],[109,-181],[38,-153],[35,-51],[28,-167],[28,3],[64,106],[30,20],[37,2],[111,-37],[19,-13],[167,-226],[53,1],[48,55],[-7,71],[12,74],[29,60],[27,31],[59,32],[24,-32],[-19,-103],[8,-44],[29,12],[38,-18],[42,5],[-6,-77],[27,-6],[73,16],[18,18],[14,118],[90,37],[8,-21],[-26,-70],[104,-13],[106,-5]],[[22973,20735],[67,49],[39,51],[128,533],[27,48],[84,45]],[[22890,17091],[-52,-28],[-80,-22],[-175,-41],[-141,-57],[-168,-72],[-50,-8],[-42,5],[-56,21],[-126,119],[-110,78],[-86,33],[-81,15],[-130,13],[-90,4],[-66,-11],[-68,-20],[-82,-47],[-45,-52],[-31,-57],[-21,-75],[-11,-153],[4,-234],[-26,-94],[-54,-76],[-105,-52]],[[20998,16280],[-20,98],[-19,22],[-93,47],[-43,2],[-69,-41],[-73,-16],[-42,33],[1,36],[-23,55],[-53,1],[-32,29],[-35,7],[-26,25],[-37,-59],[-35,-9],[-12,37],[-31,0],[-37,61],[-81,46],[-47,15],[6,23],[-65,20],[-16,-12],[-30,59],[-42,30],[-72,66],[-14,50],[29,78],[-7,17],[-81,24],[-59,40],[-149,40],[-1,21],[20,147],[-7,29],[-59,71],[-50,108],[-26,41],[-4,106],[42,60],[104,65],[34,31],[23,77],[88,177],[-17,45],[38,70],[6,41],[-31,1],[-7,108],[9,28],[-5,73],[-38,50],[15,40],[16,88],[-23,41],[22,59],[2,57],[18,48],[-2,33],[39,71],[-9,79],[-11,13],[9,77],[-30,47],[-30,19],[-93,20],[-24,25],[-27,-5],[-71,21],[-48,26],[-89,13],[-35,26],[8,26],[40,29],[81,14]],[[22938,25275],[-48,29],[-11,24],[8,46],[-10,32],[-43,33],[16,50],[-9,36],[-39,85],[28,111],[87,42]],[[22917,25763],[224,104],[129,64],[218,99],[169,-55],[-25,512],[-1,64],[22,44]],[[22679,27113],[-47,-83],[-1,-114],[-45,-79],[-263,-165],[-37,-17],[-88,-3],[-28,-15],[-42,-44],[-64,-22]],[[22064,26571],[-100,12],[-54,-23],[-32,41],[-100,69],[-48,81],[-33,8],[-145,-53],[-24,0],[-30,34],[-125,326],[-26,27]],[[21347,27093],[-68,103],[-9,60],[7,124],[39,203],[-7,64],[-33,54],[-8,47],[30,162],[-10,33],[-12,118]],[[21276,28061],[16,30],[141,144],[23,43],[10,54],[85,-28],[78,-11],[52,0]],[[21552,25101],[-90,-1],[-61,7],[-125,30],[-247,32],[-60,21],[-128,71],[-114,12],[-96,-8],[-66,39],[-25,44],[-69,62],[-27,36],[-6,52],[-76,71],[-75,20],[8,26],[-48,84]],[[20247,25699],[26,4],[28,75],[55,61],[18,69],[50,-13],[62,9],[96,28],[54,1],[53,14],[0,43],[25,32],[27,189],[67,15],[17,14],[59,86],[34,22],[43,-13],[27,-51],[31,-3],[43,20],[14,26],[8,68],[14,22],[35,4],[14,97],[22,11],[27,47],[2,64],[100,102],[17,67],[19,27],[6,69],[-32,98],[17,33],[39,22],[-17,35]],[[22064,26571],[109,-159],[32,-56],[-40,-9],[-45,-33],[85,-112],[-42,-33],[102,-131],[-45,-35],[107,-139],[25,-22],[92,-49],[42,51],[65,35],[-9,17],[76,46],[48,-25],[20,24],[-2,39],[139,87],[7,-12],[80,-13],[42,-50],[32,8],[20,-145],[-116,-57],[29,-35]],[[21309,24655],[-127,-161],[-43,-27],[-124,-27],[-91,-62],[-69,-6],[-80,26],[-59,-6],[-53,-37],[-58,-120],[-34,-11],[-56,8],[-91,35],[-20,-10],[-29,-59],[-32,-29],[-27,-1],[-93,22],[-52,-2],[-65,-42],[-92,-25],[-70,-79],[-42,5],[-35,43],[-41,9],[-51,-11],[-67,-50],[-27,-4],[-71,64],[-27,14],[-96,5],[-19,-29],[-22,-92],[-25,-30],[-97,-4],[-132,-58],[-87,-18],[-65,4]],[[19040,23890],[15,37],[-32,114],[27,59],[-13,43],[-69,75],[39,29],[11,64],[-39,58],[-3,76],[27,43],[46,124],[-5,50],[39,29],[-6,68],[22,73],[34,60],[22,65],[-30,75],[-76,66],[-6,16],[46,88],[71,-6],[102,26],[47,61],[38,-38]],[[19347,25245],[45,-10],[55,20],[46,-32],[64,57],[71,5],[23,18],[7,50],[53,36],[41,17],[17,54],[45,76],[58,21],[51,-11],[36,7],[47,39],[31,80]],[[20037,25672],[29,36],[63,19],[118,-28]],[[17986,38787],[2,-51],[52,-62],[26,-51],[2,-71],[19,-61],[1,-84]],[[18088,38407],[80,-3659]],[[18168,34748],[-6,-34],[-41,-44],[10,-31],[-54,-20],[-31,-46],[25,-52],[39,-42],[-12,-62],[-52,-38],[-28,-45],[39,-40],[39,-70],[72,-39],[24,5],[19,-28],[7,-56],[20,-35],[41,-34],[24,-34],[0,-51],[36,-83],[-28,-110],[-99,-28],[-15,-72],[-31,-27]],[[18166,33632],[-47,27],[-28,-37],[-83,-27],[-51,-52],[-87,-22],[-8,-86],[-35,-101],[9,-60],[-6,-28],[-68,-32],[-77,35],[-27,26],[-38,92],[-34,51],[-32,26],[-101,3],[-81,72],[-41,73],[-48,8],[-29,36],[-6,48],[-30,6],[-69,-15],[-60,3],[-43,-10],[-83,16],[-33,-26],[-36,18],[-2,48],[-46,-20],[-33,-31],[-87,-17],[-40,23],[-43,52],[-76,50],[-72,19],[-50,-20],[-18,20],[-67,-25],[-105,-17],[-68,50],[-21,56],[-39,48],[-131,51],[-33,-9],[-24,35],[17,33],[44,31],[-7,48],[13,59],[-63,-8],[-26,40],[9,57],[26,41],[-10,60],[32,101],[56,54],[-41,53],[-44,4],[-8,26],[-32,18],[3,56],[-34,13],[-5,50],[-103,6]],[[15766,34731],[56,44],[49,4],[45,38],[66,154],[103,75],[-25,41],[9,69],[-9,65],[15,46],[38,58],[24,90],[2,170],[21,48],[56,45],[-48,2],[0,49],[35,22],[-25,31],[26,38],[24,6],[3,48],[-52,9],[-30,-18],[-41,15],[-48,-5],[9,-96],[-19,-76],[-47,5],[-279,555],[220,31],[15,79],[-80,-3],[-675,3],[-58,-22],[-7,170],[-131,124],[-27,224],[-14,284],[2,118],[204,6],[104,17],[59,-25],[79,-70],[78,-97],[20,46],[-2,67],[33,73],[-7,59],[13,31],[26,10],[173,7],[159,70],[83,25],[153,134],[81,34],[59,1],[130,-33],[12,79],[73,144],[6,97],[62,-1],[19,16],[41,-39],[59,-40],[38,-49],[39,-119],[81,-56],[59,51],[25,39],[56,30],[27,29],[26,86],[7,54],[-14,80],[-3,85],[-60,-25],[-51,95],[-14,92],[10,35],[25,17],[69,16],[67,0],[14,-131],[14,-76],[31,8],[-12,45],[14,54],[42,31],[65,17],[49,43],[40,18],[72,18],[-32,108],[-24,48],[-70,69],[-152,87],[240,275],[225,-272],[91,97],[53,39],[96,-38],[55,-5],[102,10]],[[21441,35508],[7,63],[-31,110],[-4,38],[0,159],[9,145],[-6,77],[-27,112],[-3,48],[9,60],[24,75],[40,70],[69,80],[96,92],[-36,75],[-5,38],[22,35],[43,19],[31,36],[37,63],[34,130],[37,40],[91,27],[-157,58],[-248,80],[-236,63],[-156,38],[-308,-15],[-141,484]],[[20632,37808],[-4,72],[7,78],[15,34],[48,71],[-2,59],[56,83],[31,9]],[[20783,38214],[43,23],[50,12],[270,126],[195,222],[188,74],[120,-96],[64,-119],[78,-36],[133,-280],[97,-189],[22,-78],[-8,-143],[11,-59],[6,-135],[26,-23],[38,5],[3,-34],[-37,-20],[24,-58],[-24,-46],[-32,-2],[2,-41],[-18,-17],[-61,14],[-27,-70],[32,-37],[107,15],[92,-45],[31,-9],[185,-19],[136,-5],[68,-7],[159,-35],[119,-11],[48,10],[106,5],[39,50],[21,7]],[[23089,37163],[20,-85],[5,-63],[-6,-74],[-20,-59],[119,-2],[31,-77],[51,-62],[77,-48],[78,-30],[126,-112],[129,-13],[98,-27],[90,-15],[108,-6],[24,16],[88,7],[38,-7],[1,-53],[69,-47],[45,-155],[-44,-47],[-76,-22],[-11,-15],[-34,-103],[-6,-42],[23,-72],[22,-26],[10,-56],[-5,-71],[-39,-78],[-62,-44],[-56,-5],[-29,-28],[-8,-104],[-92,-122],[-63,1],[-74,-131],[-42,-63],[-47,-138],[-215,-274],[-280,-52]],[[20783,38214],[-573,292],[-79,-85],[-403,315],[73,29],[64,99],[9,62],[-3,69],[22,30],[50,12],[165,13],[82,16],[-156,937],[-68,-4],[-21,136],[2,32],[783,621]],[[20730,40788],[38,1],[64,43],[53,0]],[[20885,40832],[38,-172],[-18,-76],[35,-32],[54,-32],[11,-32],[38,-33],[60,21],[36,39],[19,-37],[58,-20],[94,-112],[19,-59],[-6,-28],[22,-60],[17,-12],[108,29],[52,-3],[40,-16],[12,-41],[-34,-36],[36,-16],[25,-31],[8,-40],[-55,-64],[348,2],[298,3],[349,1],[364,-1],[280,1],[10,99],[44,17],[16,38],[59,21],[22,31],[33,96],[42,18],[14,46],[39,41],[54,7],[43,-33],[71,2],[97,-38],[68,-1],[18,39],[50,-11],[35,16],[6,74],[45,32],[48,15]],[[24007,40484],[365,-512],[97,-140],[26,-54],[374,-437],[8,-42],[30,-45],[-24,-43],[-48,-13],[-46,-48],[-61,-50],[-92,-51],[-21,-68],[24,-84],[-1,-32],[-19,-41],[7,-26],[40,4],[66,-16],[50,10],[96,62],[82,62],[36,-5],[36,-24],[14,-64],[27,-67],[0,-175],[53,20],[23,-10],[20,-44],[37,-1],[65,-32],[69,9],[31,23],[28,-30],[40,-5],[14,20],[128,-18],[56,55],[31,-30],[73,-41],[73,-14],[32,16],[41,-7],[44,29],[28,-6],[60,31],[16,-32],[-63,-65],[76,-22]],[[26048,38431],[-47,-59],[-38,-72],[-27,-108],[-18,-127],[-30,-97],[-34,-182],[-62,-122],[-14,-49],[-17,-149],[-12,-52],[-57,-103],[-49,-110],[-33,-108],[-19,-114],[-63,-161]],[[25528,36818],[-65,-81],[-27,-20],[-57,-20],[-58,-5],[-63,-44],[-70,-27],[-152,-36],[-71,-36],[-44,18],[-65,53],[-34,52],[-45,40],[-44,0],[-121,-96],[-39,-39],[-58,3],[-28,39],[-91,92],[-48,34],[-62,30],[-123,84],[-28,0],[-61,-56],[-39,-8],[-66,9],[-87,-24],[-86,6],[-39,32],[-55,99],[-40,44],[-122,75],[-105,44],[-100,89],[-80,20],[-166,-26]],[[20885,40832],[-10,53],[20,67],[58,83],[15,33],[7,74],[-18,63],[-63,93],[13,80],[35,90],[-10,41],[-8,125],[30,46],[7,73],[50,-7],[63,-22],[7,-23],[52,-51],[-8,-38],[43,-28],[93,-19],[46,0],[59,26],[49,100],[23,21],[104,48],[1,168],[-27,71],[-71,54],[-64,22],[-71,-4],[-56,-31],[-47,-15],[-61,3],[-75,39],[-40,59],[-23,86],[1,34]],[[21009,42246],[70,-11],[32,16],[-2,72],[26,47],[62,31],[33,43],[15,42],[25,12],[46,-18],[115,-79],[59,16],[36,22],[-17,57],[74,63],[26,44],[68,15],[48,48],[176,3],[90,-31],[62,-54],[86,-38],[83,-12],[73,31],[34,2],[81,-53]],[[22410,42514],[-12,-72],[28,-3],[48,-31],[80,-35],[47,48],[20,-33],[-55,-62],[50,-15],[-11,-34],[59,-24],[-12,-41],[-100,-3],[32,-26],[-43,-63],[-17,-50],[-28,11],[-21,53],[-22,-11],[9,-53],[-8,-55],[-3,-89],[96,-3],[63,-24],[-3,-73],[35,-51],[53,-3],[13,-61],[49,-36],[93,-26],[82,6],[74,23],[2,83],[47,18],[-10,-84],[28,-5],[6,67],[99,10],[-18,-40],[16,-68],[-24,-24],[2,-35],[-16,-25],[10,-41],[-29,-40],[79,-4],[12,20],[75,-13],[39,42],[65,16],[14,23],[51,21],[13,-24],[99,-17],[74,-23],[129,-75],[41,-115],[-54,-165],[-16,-67],[-10,-86],[20,-38],[70,0],[61,-9],[119,-50],[45,-10],[97,36],[54,2],[56,-27],[58,-43],[98,-20],[3,-38],[42,5],[387,165]],[[24840,41000],[11,-25],[-72,-118],[-53,-47],[-14,-53],[-28,-15],[-33,32],[-17,-11],[-26,-91],[-25,-63],[-54,-35],[-74,6],[-81,45],[-84,-18],[-83,25],[-55,2],[-41,-51],[6,-53],[-72,-38],[-38,-8]],[[25583,33920],[0,85],[25,87],[66,71],[59,54],[58,170],[40,68],[8,80],[54,78],[103,107],[21,62],[61,94],[39,104],[86,95],[46,19],[34,39],[-3,42],[-20,20],[-74,11],[-28,70],[43,42],[19,35],[-25,24],[-58,10],[-46,23],[-16,44],[51,90],[91,29],[26,33],[-5,38],[-27,65],[-47,23],[-59,-6],[-29,18],[-25,46],[-37,16],[-5,28],[45,47],[-11,71],[4,101],[-29,44],[7,76],[-20,39],[-22,-21],[-38,-1],[-110,-40],[-43,23],[-76,27],[-47,37],[-15,30],[10,190],[-71,153],[-16,99],[-23,97],[-26,12]],[[26048,38431],[48,53],[8,52],[-14,34],[-39,35],[-80,18],[-43,25],[-70,56],[-24,72],[36,64],[38,21],[127,36],[96,40],[143,52],[31,6],[96,-2],[35,12],[84,64],[98,37],[84,50],[12,27],[-4,72],[-27,142],[13,108],[33,18],[50,-8],[49,24],[-5,65],[15,26],[73,65],[178,97],[55,43],[10,21],[-16,74],[-82,128],[-44,57],[-51,41],[-98,42],[-59,48],[-139,84],[-39,44],[-10,34],[-2,70],[18,104],[-6,63],[-24,87],[-21,41],[-31,14],[-48,-9],[-65,-36],[-44,11],[-20,22],[-36,101],[-32,61],[-46,16],[-181,42],[-59,-8],[-44,25],[-26,31],[-16,63],[52,130],[24,38],[62,12],[66,-33],[24,-2],[58,58],[40,22],[62,-9],[75,31],[89,19],[64,24],[20,22],[-20,101],[11,40],[103,105],[31,67],[4,65],[83,138],[56,34],[29,0],[46,-25],[50,-13],[36,5],[38,54],[8,44],[-9,78],[4,74],[31,97],[-6,40]],[[27064,42322],[58,0],[59,33],[37,-7],[31,-32],[105,-12],[50,-29],[42,11],[31,42],[104,97],[33,-1],[84,-42],[40,-1],[20,19],[23,71],[4,56],[-24,59],[-8,62],[17,74],[-9,84],[-10,170],[9,57],[37,127],[70,10],[66,22],[50,44],[18,34],[-12,41],[-27,43],[23,77],[15,95],[23,101],[20,27],[72,53],[26,54],[-1,35],[-52,115],[25,30],[257,81],[97,-25],[37,-21],[56,-52],[27,-39],[21,-58],[0,-121],[29,-156],[35,-14],[70,28]],[[28742,43564],[57,-71],[73,-68],[39,-68],[59,-191],[35,-77],[178,-192],[14,-30],[-8,-77],[-79,-102],[-10,-46],[4,-62],[46,-72],[34,-35],[137,-153],[282,-304],[35,-75],[3,-58],[-7,-72],[-25,-136],[-55,-324],[-38,-196],[-27,-52],[-134,-159],[-16,-66],[10,-35],[77,-63],[53,-53],[26,-56],[36,-38],[56,3],[21,15],[56,81],[33,18],[72,-8],[52,-42],[34,-84],[63,-37],[117,10],[84,-26],[36,-19],[68,-124],[11,-49],[30,1],[34,-33],[136,-56],[37,4],[5,71],[-67,25],[1,17],[57,64],[34,55],[27,63],[33,46],[108,23],[110,-48],[42,-7],[-23,-45],[-5,-57],[26,-11],[42,-54],[238,-253],[64,-45],[75,-35],[58,-1],[30,-14],[31,-90],[-109,-173],[83,-57],[40,-2],[154,26],[45,-17],[35,42],[48,24],[60,42],[59,58],[-26,51],[-28,24],[-39,74],[31,57],[117,92],[5,-40],[66,-58],[25,-55],[16,-70],[105,54],[81,51],[-34,43],[-17,75],[-26,51],[-7,56],[374,62],[91,9],[68,33],[237,-136],[32,-260],[-152,-10],[-1,109],[-211,-2],[-85,55],[-37,-40],[56,-40],[-4,-76],[-120,-40],[-9,-40],[35,-35],[59,-35],[12,-44],[42,36],[32,-43],[45,-30],[-106,-82],[34,-47],[-32,-70],[-102,-127],[-7,-87],[-18,-38],[-47,-36],[94,-48],[-19,-121],[76,-155],[-31,-47],[-42,-114],[-2,-33],[-29,-51],[-44,-7],[-103,-72],[-140,-154],[-182,-132],[-116,-135],[-66,-40],[60,-29],[28,-30],[24,-82],[-14,-124],[-46,-65],[-36,-20],[-78,-75],[-6,-144],[-29,-49],[-9,-110],[-15,-42],[-70,18],[-17,-8],[-63,11],[-28,-8],[-71,18],[-17,-24],[15,-79],[21,-26],[51,-32],[31,-36],[33,-67]],[[30744,34261],[87,-58],[19,-42],[-4,-85],[-45,-42],[13,-16],[51,10],[36,-9],[154,-62],[42,41],[51,29],[24,62],[18,4],[76,-29],[44,1],[60,36],[35,32],[-1,59],[23,49],[44,14],[27,57],[63,35],[85,66],[29,9],[14,127],[23,38],[19,58],[72,60],[37,39],[67,-15],[33,-22],[33,-4],[35,23],[27,39],[42,-28],[52,-14],[32,14],[56,51],[7,41],[-20,62],[33,53],[3,27],[76,50],[25,35],[-10,75],[13,34],[44,19],[192,328],[208,10],[245,-74],[128,18],[166,-61],[128,-53],[85,-56],[82,-18],[99,18],[212,15],[13,93],[38,45],[27,0],[54,-33],[14,11],[15,109],[-17,27],[-106,5],[-22,17],[-12,111],[17,31],[71,62],[69,89],[22,16],[100,10],[38,16],[45,85],[12,36],[38,64],[-5,68],[17,44],[20,14],[66,13],[62,25],[29,20],[80,-21],[175,24],[68,-5],[35,12],[38,-26],[-17,-55],[52,-61],[79,-50],[48,-14],[26,-88],[32,-55],[37,-14],[47,12],[16,23],[54,-5]],[[35308,35966],[5,-39],[-114,-332],[-102,-61],[-44,-9],[-71,-27],[-47,-38],[-85,-38],[-69,15],[-38,-28],[-116,31],[-71,-46],[0,-61],[-21,-42],[14,-29],[3,-127],[59,-85],[17,-37],[-30,-36],[9,-50],[-40,-51],[17,-34],[-38,-5],[-20,-26],[0,-36],[229,36],[-20,-141],[-30,-119],[-67,2],[-51,-11],[-52,3],[-31,-42],[5,-112],[-27,-24],[3,-34],[-84,-84],[-24,-68],[5,-83],[-32,-80],[-24,-30],[50,-89]],[[34376,33899],[-37,-16],[-59,-45],[-118,-113],[-46,-97],[-16,-109],[-10,-144],[-49,-367],[-13,-36],[-8,-74],[-16,-48],[1,-127],[24,-107],[66,-168],[85,-205],[35,-29],[22,-75],[8,-89],[-19,-110]],[[34226,31940],[-10,-83],[41,-102],[-290,-115],[-56,145],[60,80],[59,35],[-40,71],[-30,33],[-25,63],[-57,-12],[-44,-29],[-114,-36],[-142,-31],[-12,-63],[16,-57],[-28,-32],[-20,-46],[36,-21],[-40,-51],[-26,19],[-93,-33],[38,-62],[-87,-36],[-82,-19],[-93,32],[-37,-23],[-34,-42],[-28,131],[-38,-42],[-51,-11],[45,-203],[-90,-34],[-151,-28],[-79,-9],[-15,-116],[-50,7],[8,69],[-51,6],[-10,-67],[-40,2],[2,33],[-56,3],[8,65],[-94,-19],[12,-73],[82,-47],[43,-13],[24,-54],[-62,-33],[-112,30],[-4,9],[-249,-135],[10,33],[-36,10],[-104,-2],[28,-29],[-19,-74],[45,-15],[-35,-48],[24,-7],[-32,-122],[-89,-55],[-27,52],[37,24],[-21,37],[-113,-86],[-47,-96],[-26,-82],[-51,-18],[-59,14],[-31,30],[-32,72],[-64,120],[-32,-54],[-31,-134],[-62,13],[-24,-37],[-13,-62],[-108,23],[43,228],[-132,25],[7,37],[-63,-25],[-2,-23],[-30,-33],[-29,-1],[-122,61],[-55,-21]],[[34226,31940],[77,5],[78,35],[58,45],[35,61],[5,97],[11,22],[41,29],[105,60],[45,17],[73,12],[159,67],[237,104],[35,52],[-1,35],[15,38],[70,124],[45,138],[31,123],[30,49],[86,51],[97,35],[78,38],[105,-13],[27,13],[28,57],[38,28],[97,8],[73,28],[35,-6],[93,15],[66,-14],[63,28],[58,-14],[14,55],[80,52],[291,161],[66,39],[-93,159],[-141,249],[-26,53],[-220,-116],[-49,83]],[[36241,34042],[66,32],[33,6],[54,30],[103,33],[86,10],[102,-18],[20,34],[55,-10],[49,15],[77,36],[142,59],[61,15],[136,-17],[70,-18],[40,-32],[75,-101],[76,-121],[7,0],[456,-133],[302,-100],[-22,182],[-25,123],[-3,44],[-1,191],[-22,146],[20,171],[144,293],[-17,49],[40,27],[94,35],[54,-21],[60,-44],[28,24],[56,-37],[38,-41],[93,-33],[35,15],[103,-25],[52,4],[54,18],[5,21],[64,26],[50,36],[14,47],[103,-8],[40,22],[56,90],[19,19],[22,97],[5,68],[15,3],[109,-29],[35,-26],[89,-26],[113,-2]],[[39771,35221],[-46,-29],[-18,-36],[12,-32],[-7,-61],[-24,-103],[27,-89],[43,-54],[46,-40],[-20,-100],[3,-46],[26,-18],[112,-163],[37,-44],[16,-68],[16,-122]],[[39994,34216],[21,-105],[37,-11],[59,-92],[2,-37],[51,-59],[38,-61],[-26,-27],[18,-56],[-6,-57],[13,-29],[-17,-99],[5,-38],[36,-74],[26,-29],[54,-24],[52,-65],[37,-24],[38,-48],[75,-77],[38,-52],[40,-33],[47,-17]],[[40632,33102],[-25,-57],[-31,-5],[-67,64],[-32,54],[-69,49],[-45,2],[-46,-22],[-44,-51],[-21,-52],[-62,5],[-48,28],[-48,58],[-29,93],[-67,10],[-14,45],[-24,9],[-43,-22],[-37,8],[-90,42],[-17,-36],[-91,-7],[-81,-57],[-146,47],[-24,-59],[-64,-52],[-118,-43],[-41,-50],[-10,-42],[32,-58],[46,-26],[49,2],[37,-13],[39,-45],[-14,-19],[36,-157],[-3,-34],[-62,-51],[-62,-6],[-88,23],[-34,0],[-24,-53],[10,-70],[-23,-47],[-67,-26],[-140,11],[-19,26],[-2,49],[-52,42],[-69,15],[-29,-24],[2,-66],[40,-52],[71,-169],[99,-81],[26,-47],[-9,-70],[-28,-69],[15,-52],[49,-40],[-18,-37],[0,-70],[39,-66],[16,-59],[51,-77],[31,-35],[22,-85]],[[39165,31525],[30,-130],[-1,-43],[-16,-34],[119,-97],[-33,-57],[24,-28]],[[35308,35966],[46,9],[147,60],[26,42],[64,54],[84,34],[-28,37],[76,78],[17,35],[47,-1],[-7,-99],[162,87],[-37,52],[174,218],[7,52],[1,101],[27,85],[38,54],[82,10],[36,24],[11,45],[85,83],[45,59],[10,69],[-3,37]],[[36418,37191],[23,58],[1,60],[-19,30],[-13,51],[-35,39],[-35,61],[-96,95],[-7,47],[52,72],[37,74],[76,74],[24,85],[29,27],[4,41],[-29,71],[23,36],[57,-5],[58,-59],[60,-15],[56,7],[-15,69],[28,54],[53,40],[35,11],[82,68],[62,23],[113,82],[-1,14]],[[37041,38401],[206,-55],[276,-126],[135,-134],[195,-106],[50,-12],[244,-131],[233,-74],[108,-40],[34,-176],[66,-26],[1,-57],[43,-43],[6,-72],[15,-16],[33,-77],[54,-37],[52,-24],[20,-40],[85,-85],[20,5],[67,-193],[4,-72],[-5,-113],[8,-83],[34,-76],[36,-169],[58,-163],[58,-127],[20,-21],[120,-10],[42,8],[67,-5],[42,5],[26,27],[60,33],[119,40],[80,3],[62,19],[58,43],[40,6],[76,-3],[39,18]],[[40028,36242],[18,-54],[-2,-35],[-52,-110],[-6,-41],[42,-24],[0,-59],[-25,-49],[-34,-36],[-41,-22],[-18,-40],[44,-19],[17,-26],[35,-10],[19,-27],[-5,-69],[6,-28],[32,-24],[23,-36],[28,-77],[2,-73],[9,-37],[-153,-43],[-196,-82]],[[36241,34042],[-160,-118],[-137,-127],[-55,-22],[-33,5],[-34,34],[-33,53],[-58,50],[-59,33],[-45,1],[-98,-33],[-103,22],[-113,11],[-89,17],[-31,44],[-105,59],[-73,13],[-104,-21],[-252,-75],[-236,-77],[-47,-12]],[[39994,34216],[10,6],[206,64],[85,51],[40,36],[24,61],[12,84],[67,87],[87,87],[129,118],[124,70],[30,9],[105,-3],[94,-14],[65,-22],[46,10],[-24,103],[665,247],[23,16],[-24,67],[-15,107],[-118,204],[-128,263],[43,-17],[71,-8],[62,-29],[107,14],[-20,18],[-5,108],[-21,168],[-40,90],[56,7],[-6,59],[97,8],[41,15],[77,-9],[85,7],[4,-63],[144,-5],[4,45],[126,4],[69,68],[19,54],[60,16],[36,-38],[29,8],[10,-47],[32,-52],[32,-27],[7,-30],[69,-8],[35,-21],[18,71],[33,40],[61,54],[7,68],[98,8],[-10,95],[-36,101],[18,140],[48,80],[160,187],[-8,100],[-32,95],[-4,47],[-28,80],[115,-19],[57,30],[63,58],[12,64],[48,62],[67,4],[32,58],[75,90],[7,37],[49,18],[34,46],[51,39],[33,-7],[23,-24],[32,5],[54,-20]],[[43797,37809],[-5,-56],[-15,-54],[1,-57],[31,-58],[-56,-113],[-5,-33],[16,-108],[-11,-61],[-1,-70],[-48,-73],[10,-119],[-9,-50],[21,-56],[-23,-58],[-7,-168],[9,-23],[54,-61],[134,-136],[46,-38],[19,-28],[689,-698]],[[44647,35691],[-527,-255],[-77,-42],[-250,-162],[-52,-27],[-77,-18],[-112,-12],[-52,-18],[-128,-63],[-108,-35],[-432,-91],[-128,-23],[-110,-13],[35,-34],[38,-53],[56,-116],[4,-49],[-25,-30],[-148,-93],[-49,-77],[79,-66],[1,-33],[91,-138],[63,-78]],[[42739,34165],[-34,-90],[-60,-49],[-16,-89],[1,-66],[-27,-50],[-116,-22],[-116,-67],[0,41],[-26,3],[-42,-20],[-56,12],[-23,-13],[-17,64],[-62,18],[-5,-38],[-51,-28],[-109,17],[-97,23],[-42,-3],[-67,29],[-66,0],[-42,25],[-111,-14],[-45,-23],[-40,60],[-36,20],[-88,21],[-33,20],[-43,8],[-39,23],[-56,-2],[-40,28],[-56,7],[-53,-22],[-78,-14],[-36,-14],[-95,-93],[-23,-107],[8,-60],[-22,-55],[-103,-107],[-22,-47],[18,-91],[-3,-60],[9,-106],[-30,-63],[-17,-69]],[[50291,38137],[7,-17]],[[50298,38120],[-8,-13],[-123,-67],[-129,-85],[-18,-53],[70,-98],[-57,-148],[-40,-15],[-20,-29],[-37,-19],[2,-30],[-27,-11],[6,-45],[-38,-2],[2,-33],[-32,-12],[-2,-94],[-23,-35],[-82,-19],[-27,27],[-57,0],[-103,-39],[-137,2],[-73,18],[-125,74],[-46,6],[-68,-53],[-72,-10],[-176,-120],[-30,-43],[8,-18],[-36,-100],[-29,-36],[-75,-19],[-39,35],[-28,8],[-62,-14],[-39,-21],[-60,-52],[-105,-32],[-43,-30],[-38,-7],[-32,-30],[-106,-63],[-31,-5],[15,-66],[-26,-19]],[[48102,36705],[-148,269],[-11,49],[-28,29],[-4,30],[46,43],[-3,63],[24,80],[-53,47],[-50,32],[-159,-37],[-111,-21],[18,359],[-154,180],[-10,20],[-61,42],[0,84],[-495,-1],[-34,22],[-132,34],[-53,-8],[1,45],[15,59],[-29,11],[-32,32],[-49,-4],[-29,46],[-24,2],[-99,-34],[-47,53],[-58,-13],[-250,-17],[-8,21],[-58,64],[-10,46],[4,102],[-48,6],[-9,27],[36,51],[74,38],[21,26],[159,42],[64,0],[59,21],[135,87],[48,61],[5,51],[-18,67],[-175,25],[-8,43],[-34,5],[-36,-18],[-26,5],[-27,53],[-59,15],[-35,-8],[-26,41],[72,-11],[87,5],[57,14],[-6,49],[-31,89],[37,108],[29,46],[-19,24],[-16,52],[9,62],[-27,40],[6,61],[-22,116],[-29,30],[33,58],[-9,34],[46,148],[29,22],[8,71],[16,41],[123,-117],[82,-142],[29,-73],[43,26],[47,89],[1,49],[39,90],[-18,88],[-1,87],[70,167],[54,89],[51,53],[160,99],[47,23],[6,30],[-21,168],[21,37],[-6,44],[9,55],[-19,33],[49,49],[27,-4],[26,-100],[57,-13],[40,19],[93,229],[37,26],[50,12],[97,46],[-4,-72],[19,-57],[-5,-45],[32,-59],[-6,-49],[19,-25],[14,-119],[18,-59],[46,-26],[24,-47],[51,11],[13,-77],[-9,-40],[4,-77],[-30,-108],[4,-191],[-34,-27],[31,-116],[28,-61],[10,-88],[-7,-59],[15,-7],[53,-80],[48,-87],[35,-56],[26,-64],[138,-35],[81,2],[36,-13],[58,-62],[10,-30],[78,-7],[54,38],[59,67],[62,109],[71,95],[69,164],[94,111],[100,12],[36,49],[49,43],[73,32],[61,17],[67,-32],[41,7],[7,-103],[21,-81],[57,-67],[26,-64],[-19,-60],[59,-46],[187,-291],[67,51],[29,-36],[9,-55],[-11,-107],[5,-73],[29,-148],[35,-58],[-20,-85],[-57,-102],[-56,-18],[-179,-116],[-45,-108],[13,-73],[-47,-69],[-18,-92],[39,-23],[49,-64],[3,-90],[31,-48],[-13,-34],[27,-75],[-14,-64],[19,-19],[72,-2],[39,-60],[47,-105],[242,93],[265,157],[187,100]],[[42739,34165],[45,55],[36,6],[49,-34],[17,-37],[7,-49],[-16,-50],[8,-33],[18,-162],[59,-43],[67,14],[275,-42],[18,-66],[39,-33],[58,-15],[68,-29],[26,-25],[32,-62],[16,-85],[18,-10]],[[43579,33465],[4,-114],[-89,-77],[-51,-64],[-40,-155],[-85,-93],[-47,-71],[-14,-44],[-810,-190],[-217,-54],[-147,-66],[-77,-52],[-56,-47],[-638,-595],[-65,-64],[-122,-101],[-84,-55],[-163,-73],[-123,-29],[-144,-16],[-82,3],[-113,16],[-323,71],[-173,27],[-160,6],[-99,-1],[-98,-9],[-129,-18],[-108,-24],[-161,-51]],[[43579,33465],[75,-12],[71,36],[36,32],[36,-30],[13,-64],[75,-30],[67,-80],[9,-29],[43,-11],[35,24],[31,-3],[10,-33],[125,-19],[40,23],[101,29],[82,3],[37,43],[42,6],[50,-23],[49,10],[38,60],[33,-36],[41,22],[-4,49],[16,87],[25,57],[23,-2],[48,-33],[43,-4]],[[44869,33537],[5,-75],[-43,-148],[8,-61],[-11,-37],[-67,-78],[3,-48],[19,-47],[-36,-33],[19,-35],[3,-108],[-33,-92],[-9,-54],[-77,-48],[61,-94],[-32,-51],[22,-35],[-14,-40],[-32,-14],[-32,-42],[-63,-43],[-49,-64],[-15,-69],[-34,-30],[2,-62],[-13,-16],[-77,-42],[-83,-10],[-22,-39],[-24,-14],[-74,4],[-75,-57],[41,-87],[-8,-141],[13,-27],[-5,-75],[66,-163],[62,-34],[5,-48],[31,-46],[27,-82],[0,-66],[39,-68],[5,-55],[-11,-63],[23,-159],[-7,-20],[-60,-16],[-124,19],[-58,-20],[-54,-87],[-96,-74],[-22,-64],[12,-70],[28,-59],[49,-52]],[[44052,30398],[-45,-27],[-12,-24],[-46,-15],[-17,-30],[-32,-8],[-15,-27],[-129,-100],[-64,-3],[-61,-15],[-4,-32],[-54,-62],[-22,-10],[-42,32],[-46,-26],[-58,15],[-31,42],[-47,-9],[-30,-27],[-32,17],[-54,57],[-26,78],[-34,25],[-57,-10],[-20,24],[-45,20],[-42,-36],[-53,-15],[-30,9],[-47,-14],[-35,36],[-38,-24],[-44,20],[-57,-6],[-13,26],[-52,-13],[-106,8],[-81,30],[-42,28],[-85,8],[-62,35],[-43,10],[-98,49],[-79,-3],[-46,-16],[-8,-27],[-48,-88],[-37,-30],[-3,-30],[31,-65],[-30,-24],[-26,37],[-47,-28],[32,-52],[-11,-20],[-51,-3],[-11,-20],[59,-92],[-43,-66],[-23,-19],[-17,-44],[13,-41],[26,-6],[23,30],[25,-38],[32,11],[4,53],[42,7],[16,-57],[25,-13],[44,44],[27,-11],[5,-32],[-12,-76],[44,-56],[-16,-56],[4,-62]],[[42045,29541],[-82,-6],[-144,-17],[-106,-9],[-38,-25],[-106,-28],[-151,-19],[-189,-18],[-78,-2],[-32,10],[-83,5],[-55,52],[-10,27],[-47,26],[-27,40],[-146,-119],[-138,-66],[-93,-58],[-166,-115],[-56,-32]],[[40298,29187],[-10,1]],[[40298,29187],[-34,-78],[12,-31],[-5,-51],[5,-69],[-15,-76],[-49,-63],[-32,-110],[1,-102],[43,-117],[59,-92],[56,-13],[59,6],[61,-20],[49,-65],[55,-86],[44,-41],[105,-24],[64,-46],[8,-38],[56,-116],[24,-89],[-8,-18],[13,-95],[21,-199],[-15,-31],[-48,-51],[-29,-61]],[[40798,27411],[-34,-119],[-12,-20],[38,-39],[-21,-53],[5,-78],[40,-37],[45,-74],[15,-52],[82,-82],[-20,-32],[-18,-64],[-41,-52],[-30,-63],[-51,-69],[-11,-49],[-33,-60],[-37,-41],[15,-44],[49,-1],[85,16],[37,-2],[31,-26],[27,-60],[-12,-67],[21,-56],[88,-84],[59,-114]],[[41115,25989],[-51,-20],[-98,0],[-25,-30],[-20,-52],[-52,-59]],[[40869,25828],[-30,50],[-33,106],[-79,12],[-49,-6],[-51,11],[-29,19],[-39,-17],[-47,-43],[-92,23],[-35,0],[-119,-41],[-43,-25],[-17,-33],[-29,56],[10,46],[-25,6],[-28,40],[5,85],[-48,58],[-30,8],[-36,35],[-56,28],[-96,88],[-23,34],[-47,31],[-70,80],[-32,64],[-40,10]],[[42045,29541],[-9,-39],[32,-51],[3,-24],[44,-29],[26,-114],[24,0],[28,54],[44,3],[3,-23],[-27,-43],[15,-20],[71,-18],[12,-27],[-44,-18],[-19,-21],[-46,-103],[30,-33],[44,-22],[-71,-29],[-42,-6],[-59,-59],[-17,-38],[2,-46],[-41,-54],[8,-20],[60,-77],[-6,-70],[-53,-167],[0,-34],[31,-57],[7,-34],[-16,-41],[-49,-42],[-39,-75],[3,-65],[-26,-80],[7,-118],[9,-48],[-20,-53],[-71,-46],[-28,-39],[-34,-12],[-33,-53],[-40,-39]],[[41758,27611],[-130,32],[-6,16],[-253,-74],[-36,25],[-85,79],[-39,55],[-140,-79],[-29,-47],[-133,-251],[-109,44]],[[44052,30398],[22,33],[51,11],[75,-11],[45,20],[54,61],[45,13],[77,1],[79,30],[107,0],[59,46],[79,31],[102,18],[56,-8],[59,-33],[52,18],[42,-26],[16,-41],[55,-68],[30,-23],[7,-51],[-7,-52],[3,-109],[13,-41],[34,-60],[6,-101],[-20,-115],[-39,-96],[-27,-47],[-33,-36],[-59,-38],[-44,-55],[-18,-58],[22,-107],[34,-130],[1,-50],[-12,-63],[-20,-40],[-35,-24],[101,-55],[12,-63],[49,-144],[4,-97],[14,-24],[68,-67],[58,-45],[37,-55],[15,-45],[-119,-403]],[[45202,28199],[1,-33],[41,-18],[-27,-23],[38,-19],[-30,-32],[10,-50],[-20,-23],[-31,8],[-25,-35],[-41,53],[-46,-81],[-46,27],[-37,-88],[4,-47],[30,-12],[-46,-39],[-55,-3],[-5,-48],[-17,-24],[3,-112],[-5,-59],[-48,-30],[-118,-7],[-111,-1],[-46,-23],[-21,30],[-57,9],[-59,-40],[-16,-26],[9,-45],[-19,-73],[3,-85],[8,-35],[-21,-29],[28,-24],[-7,-47],[35,-49],[62,-1],[4,-87],[-47,-45],[-28,-1],[-16,-47],[-30,-36],[50,-39],[4,-37],[-45,-38],[-1,-36],[-20,-38],[-25,-4],[-20,-49],[-50,-83],[-7,-39],[-55,-72]],[[44234,26414],[-41,-60],[-30,-29],[-179,-110],[-10,-34],[52,-61],[7,-46],[-18,-44],[24,-56],[1,-29],[-36,-30],[-5,-48],[23,-27],[8,-66],[-18,-76],[1,-47],[33,-105],[13,-111],[20,-63],[-2,-33],[-43,-124],[-37,-135],[-5,-42],[10,-43],[-4,-37],[-48,-91],[-7,-52],[-26,-53],[1,-34],[-72,-94],[-17,-61],[2,-34],[-21,-28],[-29,-91],[-27,-32],[9,-59],[-31,-30],[29,-33],[-35,-80],[-11,-60],[-46,-63],[-30,-18],[-68,34],[-22,25],[11,35],[42,41],[10,53],[-39,109],[-89,37],[-99,17],[-72,49],[-40,44],[-65,87],[-23,51],[-4,142],[7,186],[15,70],[-4,87],[2,122],[-52,40],[-36,44],[-6,42],[-56,3],[-32,-82],[-28,-33],[-92,-25],[-33,43],[13,45],[-12,128],[-103,230],[-58,92],[-39,28],[37,123],[7,60],[-37,-12],[-102,-7],[-67,-50],[-65,-24],[-110,-56],[-56,-1],[-108,20],[-136,11],[-105,38],[-100,7],[-152,112],[1,32],[-28,57],[-42,134],[-48,-56],[-74,-105],[-84,-69],[-114,-38],[-103,-63],[-97,-86],[-40,-62],[-117,43],[-58,31]],[[41115,25989],[-6,25],[32,42],[32,23],[26,66],[3,42],[24,17],[-1,32],[63,48],[23,62],[48,59],[17,37],[-2,39],[19,32],[51,19],[28,130],[-14,53],[12,107],[-21,51],[-12,89],[8,37],[28,20],[16,84],[25,28],[4,76],[21,28],[-21,39],[-4,82],[34,57],[47,35],[70,7],[8,50],[33,42],[3,41],[49,23]],[[45202,28199],[31,1],[0,48],[32,27],[50,16],[34,-6],[39,-26],[49,-2],[29,-42],[53,-21],[30,18],[21,64],[41,-24],[6,-51],[48,30],[20,-16],[-7,-35],[26,-9],[38,46],[37,-12],[4,-23],[-35,-46],[-63,-19],[64,-39],[-36,-34],[1,-24],[30,-30],[29,-8],[68,14],[57,26]],[[45898,28022],[-40,-31],[-43,-55],[2,-62],[50,-110],[44,-24],[42,16],[35,-17],[39,2],[33,-17],[10,36],[34,-15],[62,-56],[18,-55],[74,-80],[47,-29],[78,-99],[14,-43],[-10,-101],[10,-21],[77,-65],[29,-67],[86,-65],[31,-57],[81,-18],[15,-45],[62,-45],[27,7],[64,-56],[38,8],[52,-25],[30,-70],[43,-24],[18,-72],[27,-12],[25,-53],[-50,-114],[22,-16],[2,-77],[-25,-32],[11,-17],[-43,-51],[-55,-31],[1,-30],[-23,-18],[3,-84],[-28,-4],[-3,-49],[13,-49],[46,-52],[-8,-20],[69,-117],[57,-27],[25,-75],[-8,-39],[61,-34]],[[47169,25666],[-1,-8],[-213,-223],[5,-105],[-58,-118],[-51,-56],[-44,-17],[-83,-11],[-33,-97],[-49,-125],[-15,-63],[-30,50],[-90,103],[-80,150],[-127,113],[-67,21],[-83,47],[-79,34],[-149,46],[-43,59],[-66,58],[-53,56],[-71,30],[1,165],[-295,91],[-606,257],[-381,34]],[[44408,26157],[-37,40],[-80,72],[-2,91],[-55,54]],[[45898,28022],[71,26],[60,30],[41,45],[-20,37],[24,39],[30,5],[28,32],[-20,86],[48,6],[16,18],[-19,61],[39,-20],[26,8],[-3,34],[26,15],[48,-17],[30,42],[2,48],[80,0],[21,-42],[-43,-18],[8,-49],[39,18],[29,30],[23,-30],[46,4],[30,48],[33,10],[38,72],[49,43],[37,-10],[32,22],[31,-28],[-46,-63],[51,-4],[37,-27],[47,24],[23,26],[28,-2],[28,56],[19,-72],[24,-15],[50,11],[39,-64],[23,0],[17,51],[-25,65],[42,17],[-7,-50],[8,-24],[51,27],[34,1],[29,26],[-28,38],[-6,60],[57,-3]],[[47273,28665],[75,-87],[46,-43],[41,-75],[52,-133],[-3,-98],[36,-64],[-45,-90],[12,-50],[31,-43],[41,-22],[97,-2],[70,-22],[60,-31],[127,29],[97,-66],[78,-101],[109,-52],[75,-23],[31,-75],[5,-101],[-20,-24],[42,-38],[55,-107],[78,-89],[-20,-54],[36,-39],[66,-89],[156,-192],[45,-216],[-78,-360]],[[48668,26308],[-8,-217],[-59,-324],[-272,174],[-126,-10],[-16,-10],[-3,-63],[-55,11],[-33,43],[-290,-36],[-2,-98],[-95,-2],[0,104],[-120,-14],[-147,-343],[-24,1],[-37,73],[24,18],[-18,33],[-58,12],[-53,-1],[-1,27],[-57,5],[-49,-25]],[[47273,28665],[29,47],[-30,84],[-6,85],[-19,43],[18,78],[-13,45],[63,45],[40,112],[23,33],[48,126],[10,46],[59,130],[-4,63],[49,4],[72,-19],[90,-37],[46,-54],[59,-18],[96,9],[58,-21],[33,-42],[34,-87],[42,-52],[32,64],[65,48],[89,11],[37,31],[23,57],[48,58],[34,117],[44,53],[32,22],[67,-8],[103,20],[80,3],[27,10],[66,84],[29,58],[35,9],[60,-8],[19,23],[14,65],[25,57],[13,98],[0,103],[10,34],[93,12],[142,-65],[68,-64],[93,-77],[252,-172]],[[49670,29928],[-141,-121],[-8,-78],[-21,-28],[-46,-32],[-20,-29],[16,-108],[76,-62],[16,-29],[-9,-55],[7,-53],[27,-49],[76,-56],[58,-15],[53,-2],[10,18],[-10,50],[25,10],[29,-24],[51,24],[0,98],[67,-17],[4,-32],[-16,-34],[-31,-30],[1,-24]],[[49884,29250],[-123,-68],[-90,-33],[-77,6],[-143,26],[-77,-4],[-134,-37],[-82,-18],[-113,-39],[-149,-78],[11,-109],[12,-38],[77,11],[8,-198],[-1,-72],[104,-23],[106,-140],[5,15],[127,-34],[-17,-61],[62,-18],[-21,-78],[57,-22],[84,-58],[83,-39],[25,-33],[81,-42],[49,2],[77,-38],[41,-52],[72,-65],[6,-56],[3,-121],[10,-39],[77,-73],[100,-70],[-92,-73],[-13,-31],[-66,-22],[-22,-60],[-112,-28],[-84,-46],[-25,-22],[-35,-68],[-57,-56],[-45,-32],[9,-74],[-70,-44],[-70,45],[-33,-16],[22,-43],[-31,-41],[-23,6],[-67,-21],[-23,-58],[-60,3],[-9,-29],[-46,-20],[-74,-55],[-31,-14],[-68,-11],[-15,-86],[-63,-97],[-85,-94],[-178,-159]],[[42544,17077],[39,-8],[62,6],[103,53],[51,66],[35,28],[53,25],[60,14],[38,21],[47,60],[42,34],[44,85],[26,30],[66,36],[53,124],[3,83],[48,45],[64,35],[63,63],[36,13],[25,29],[1,83],[38,43],[42,12],[46,28],[91,103],[16,40],[-4,52],[19,58],[45,45],[24,48],[-5,92],[-24,42],[-33,20],[-14,28],[21,80],[41,86],[10,60],[-32,71],[-17,75],[-17,45],[-35,54],[-31,70],[38,70],[91,60],[40,54],[72,46],[31,7],[65,69],[37,25],[133,57],[57,32],[100,121],[109,31],[40,46],[75,53],[36,16],[35,50],[60,30],[31,-1],[25,21],[50,-3],[29,30],[31,1],[38,31],[71,1],[38,52],[53,12],[43,52],[61,49],[-1,34],[29,8],[10,28],[-60,42],[-10,31],[42,83],[11,48],[26,19],[9,77],[50,51],[-5,41],[42,57],[32,14],[9,37],[29,16],[-3,33],[34,1],[36,32],[6,47],[-11,20],[27,66],[-10,39],[50,10],[71,1],[38,104],[-25,37],[-47,10],[-11,69],[32,13],[-3,101],[16,43],[-1,49],[-28,38],[21,49],[46,8],[19,22],[15,62],[-14,39],[-48,37],[-4,20],[44,46],[-11,31],[31,12],[-2,49],[32,34],[45,4],[9,38],[4,79],[-12,47],[-33,48],[4,43],[-31,56],[-62,52],[8,58],[-30,36],[-12,37],[-13,91],[35,17],[-20,134],[-29,11],[-46,60],[18,62],[-36,7],[25,37],[-16,62],[-42,27],[-33,7],[-18,43],[-51,20],[9,24],[-42,12],[-52,0],[-3,53],[31,-5],[-6,46],[-40,58],[-3,32],[34,38],[22,67],[-16,32],[11,74],[23,15],[55,99],[2,58],[13,29],[-25,21],[17,37],[-19,23],[8,31],[-4,100],[14,68],[21,-1],[58,55],[9,32],[39,52],[0,27],[-67,36],[-101,91],[-45,14],[-15,93],[-62,50],[-1,34],[-33,43],[-19,77],[49,98],[7,43],[-22,87],[-130,355],[-206,282],[-153,177],[-110,134],[-65,105],[-35,85],[-39,163],[-11,78],[-40,85]],[[49884,29250],[36,-15],[-9,-52],[56,-47],[14,-48],[42,-51],[-1,-52],[32,-130],[34,-16],[39,13],[70,-42],[40,-74],[-23,-36],[-10,-55],[-19,-43],[37,-10],[28,-55],[-5,-31],[33,-49],[-12,-41],[26,-32],[-23,-29],[48,-53],[90,-24],[13,21],[38,1],[28,-37],[27,36],[23,-44],[-52,-26],[39,-31],[11,-53],[25,-4],[60,30],[37,0],[61,-29],[45,17],[22,-36],[26,-8],[48,-76],[33,8],[7,-78],[-72,-67],[-1,-19],[44,-30],[2,-19],[-56,-30],[-30,-67],[14,-104],[28,-46],[53,-44],[39,-48],[25,29],[36,-1],[48,22],[9,41],[31,-1],[24,-51],[46,16],[-6,38],[28,7],[10,-38],[68,-12],[-16,-56],[77,-16],[85,27],[22,14],[28,-34],[23,31],[59,1],[106,-54],[23,40],[19,-37],[41,-7],[-14,-48],[82,-16],[-5,33],[42,45],[44,-35],[41,-3],[25,-48],[31,7],[102,-24],[39,-49],[8,-33],[34,14],[14,-23],[39,7],[29,-53],[67,43],[51,-7],[13,-37],[54,30],[-2,-36],[30,-66],[35,19],[72,-7],[31,31],[36,-31],[19,9]],[[52622,27176],[37,-11],[20,-33],[60,13],[11,-37],[32,-19],[-2,-27],[66,-24],[43,17],[72,9],[17,-31],[35,11],[36,-16],[55,-81],[11,-69],[54,-29],[4,-63],[36,-30],[25,6],[43,-49],[32,9],[62,-9],[59,-33],[0,-42],[46,-42],[18,-29],[-4,-30],[35,-74],[54,-67],[42,-30],[40,-59],[5,-55],[26,-13],[-8,-53],[20,-121],[44,-67],[-13,-34],[16,-35],[1,-43],[-16,-103],[-19,-16],[1,-44],[-84,-81],[-8,-43],[16,-12],[-11,-57],[17,-32],[-19,-24],[23,-28],[-14,-70],[4,-66],[30,-46],[-20,-40],[-40,-9],[15,-48],[-30,-87],[15,-41],[51,-12],[-26,-70],[22,-23],[1,-34],[22,-20],[-1,-48],[33,-25],[-7,-59],[18,-27],[-12,-50],[10,-52],[54,-40],[1,-40],[-27,-92],[-3,-66],[23,-47],[-24,-20],[-6,-41],[-30,-13],[6,-48],[25,-80],[-5,-81],[12,-26],[-44,-69],[-27,-66],[-25,-21],[-15,-37],[-2,-48],[-74,-103],[-63,-31],[6,-26],[-27,-48],[-29,-9],[-1,-34],[40,-46],[-30,-47],[-8,-34],[54,-83],[20,-67],[32,-34],[-11,-48],[58,-126],[45,-33],[2,-72],[52,-52],[-10,-32],[37,-49],[-1,-49],[25,-64],[-24,-60],[2,-58],[-70,-31],[-23,-52],[18,-23],[-15,-35],[5,-43],[-33,-20],[-19,-50],[5,-77],[-22,-54],[-62,-28],[-34,-35],[-67,-93],[-52,-17],[-35,-30],[-26,-4],[-9,-50],[-21,-19],[-1,-46],[36,-25],[-9,-48],[23,-134],[-33,-37],[40,-65],[-15,-33],[-56,-23],[-37,-29],[-41,-9],[-47,-109],[-63,-61],[-10,-34],[42,-10],[33,-22],[13,-40],[46,-16],[29,33],[131,-24],[62,14],[58,52],[127,30],[29,28],[43,3],[28,-25],[53,-14],[39,30],[83,16],[29,24],[45,16],[92,-25],[16,-57],[31,-63],[-11,-33],[20,-42],[-18,-74],[15,-31],[-16,-42],[-2,-68],[23,-41],[-6,-37],[-44,-68],[14,-21],[-11,-41],[26,-11],[-12,-32],[-2,-67],[20,-11],[-11,-55],[-28,-13],[-24,-80],[25,-69],[-47,-28],[-17,-100],[-37,-28],[2,-28],[-34,-19],[-54,-92],[7,-35],[-19,-26],[-9,-45],[-49,-85],[-12,-57],[-19,-33],[-38,-26],[-11,-27],[-1,-106],[-55,-78],[-25,-59],[-26,-16],[-4,-41],[-18,-26],[-30,-189],[-63,-80],[-78,-110],[-86,-129],[-51,-95],[-11,-39],[14,-79],[-12,-85],[-34,-53],[-44,-41]],[[53184,18524],[-17,34],[-80,80],[-38,26],[-14,44],[40,107],[-17,43],[-31,29],[-47,16],[-44,-8],[-31,-21],[-55,-86],[-26,-79],[-33,-30],[-26,-2],[-53,28],[-49,-9],[-36,-81],[-61,-56],[-53,-10],[-49,12],[-28,31],[-30,55],[-56,11],[-55,-20],[-74,-80],[-67,-54],[-33,1],[-28,54],[0,37],[52,88],[-10,29],[-76,-20],[-30,28],[-27,67],[-26,16],[-24,-15],[-14,-43],[-20,-116],[-14,-37],[-61,-85],[-30,-102],[-78,-51],[-11,-31],[8,-42],[-21,-91],[-46,-28],[-175,21],[-18,-6],[-25,-54],[-29,-26],[-36,-4],[-72,28],[-103,-33],[-151,-35],[-104,-58],[-34,-12],[-16,-30],[-18,-67],[-31,-39],[-24,-54],[-35,-41],[-109,-62],[-83,-75],[-52,-38],[-27,2],[-36,38],[-19,47],[6,60],[-43,50],[-100,25],[-39,-3],[-83,-36],[-68,-13],[-59,-74],[-45,-4],[-134,107],[-66,-8],[-45,-43],[-58,-73],[-80,-67],[-23,-2],[-64,23],[-37,-23],[23,-106],[-19,-33],[-51,-41],[-12,-112],[-5,-199],[-6,-21],[-42,-13],[-105,33],[-73,39],[-94,9],[-72,-19],[-120,-102],[-51,-68],[11,-44],[-23,-98],[-48,-57],[-71,-101],[-63,-32],[-41,3],[-31,20],[-37,45],[-27,8],[-94,-23],[-35,15],[-58,78],[-78,4],[-68,18],[-47,-23],[-88,-16],[-44,4],[-39,26],[-8,108],[21,91],[4,67],[-36,135],[-25,44],[-54,43],[-55,16],[-72,-31],[-124,-66],[-33,-34],[-75,-13],[-58,29],[-58,41],[-44,21],[-40,35],[-24,48],[-27,19],[-94,-12],[-21,45],[-21,78],[-19,36],[-44,29],[-83,8],[-127,-32],[-60,1],[-32,11],[-79,-4],[-29,14],[-33,41],[-76,43],[-49,-3],[-41,-27],[-51,-95],[-43,-70],[-11,-92],[-23,-27],[-50,-9],[-29,-18],[-60,-62],[-11,-29],[-3,-82],[-44,-43],[-63,-14],[-7,-54],[23,-173],[37,-65],[-11,-72],[-31,-48],[-6,-34],[-33,-47],[-19,-68],[-21,-23],[-78,-50],[-131,-63],[-85,-19],[-21,-52],[32,-67],[-19,-79],[-50,-53],[-26,-45],[-37,-38],[-110,-91],[-94,36],[-37,-7],[-43,-24],[-51,6],[-28,30],[-220,66],[-81,-25],[-63,14],[-38,-16],[-28,-83],[-153,-94],[-35,-36]],[[44654,15744],[-46,41],[-136,79],[-46,36],[-28,37],[-7,32],[17,67],[-17,24],[-63,35],[-21,50],[11,104],[-17,113],[-74,129],[-58,71],[-46,16],[-45,39],[-50,74],[-69,40],[-38,40],[-25,66],[-27,24],[-47,15],[-60,-12],[-57,-57],[-22,-58],[-21,-6],[-73,10],[-69,-25],[-47,13],[-46,73],[-24,24],[-117,69],[-84,-30],[-104,48],[-84,6],[-57,94],[-63,18],[-45,35],[-54,-23],[-74,-3],[-82,-24],[-52,14],[-43,35]],[[49670,29928],[45,44],[5,66],[21,9],[22,58],[45,29],[60,25],[35,82],[69,26],[49,9],[54,69],[-7,44],[52,42],[15,26],[46,3],[24,63],[42,38],[25,4],[70,62],[351,-460]],[[50693,30167],[105,-114],[83,-77],[128,-127],[458,-337],[92,-70],[93,76],[158,58],[120,34],[100,34],[96,48],[243,70],[73,-131],[118,-63],[133,-92],[55,-99],[12,-35]],[[52760,29342],[38,-71],[101,-105],[23,-53],[43,-53],[27,-75],[27,-45],[129,-127],[19,-140],[-17,-48],[-50,-44],[-41,-62],[-69,-28],[-33,-38],[-114,-89],[-77,-47],[-32,-42],[-9,-52],[-27,-49],[-48,-52],[-27,-73],[-31,-162],[-21,-89],[131,-210],[28,2],[20,-134],[-72,-50],[55,-141],[-111,-89]],[[50693,30167],[22,24],[19,72],[48,23],[46,35],[26,76],[-26,69],[82,211],[1,31],[39,45],[40,25],[113,21],[5,34],[59,63],[36,91],[16,19],[322,247],[47,29],[-21,66],[73,16],[37,41],[59,23],[57,52],[38,62],[-46,37],[104,15],[576,157],[72,71],[60,115],[101,29],[89,34],[81,-25],[110,-47],[123,-29],[118,4],[140,25],[144,42],[265,227],[58,111],[22,124]],[[53848,32432],[52,-21],[56,6],[76,32],[143,49],[26,-6],[38,-53],[21,-11],[118,0],[721,-655],[27,-62],[107,-159],[5,-47],[42,-64],[35,-35],[46,-73],[-2,-33],[-23,-60],[14,-63],[-15,-156],[19,-50],[25,-33],[55,-25],[18,-23],[-2,-52],[-38,-46],[-20,-51],[6,-21],[81,-128],[16,-55],[-21,-22],[-108,-12],[-88,-53],[-55,-23],[-143,-45],[-101,-72],[-78,10],[-24,-14],[-8,-37],[19,-69],[4,-56],[-14,-73],[-47,-77],[-9,-52],[7,-30],[-12,-68],[-38,-73],[10,-60],[-8,-125],[-30,-42],[-68,-19],[-95,-59],[-44,-111],[-47,-48],[-41,5],[-62,40],[-37,82],[-51,8],[-31,-20],[-66,-77],[-18,-48],[8,-53],[55,-70]],[[54254,29174],[-103,54],[-49,6],[-114,-2],[-110,16],[-33,17],[-16,44],[-8,107],[-53,69],[-53,32],[-85,-1],[-42,-18],[-70,-47],[-47,-47],[-49,-25],[-34,38],[-39,8],[-72,-22],[-26,26],[-7,125],[-42,19],[-57,-50],[-68,26],[-85,6],[-22,-24],[19,-108],[-22,-50],[20,-49],[-30,-44],[-47,1],[-57,22],[-74,39],[-19,0]],[[53848,32432],[-49,7],[-87,-19],[-102,31],[-51,-50],[-55,-34],[-34,-8],[-92,11],[-100,-54],[-153,-66],[-56,10],[-33,51],[-28,20],[-51,2],[-71,-60],[-35,-12],[-35,55],[2,31],[22,64],[-27,73],[-3,115],[-13,41],[-50,38],[-106,40],[-51,13],[-41,26],[-75,148],[16,95],[-17,80],[-15,33],[-32,31],[-101,19],[-61,49],[-85,47],[-96,35],[-98,-5],[-77,-26],[-67,-9],[-60,18],[-116,-88],[-53,-27],[-37,1],[-49,23],[-36,28],[-24,0],[-43,-62],[-42,-34],[-127,-64],[-54,-19],[-303,345],[-60,28],[-63,46],[-93,103],[-54,8],[-21,15],[-77,97],[-78,73],[23,45],[7,73],[30,40],[38,18],[48,7],[38,60],[92,41],[28,47],[56,43],[16,46],[56,39],[119,45],[68,58],[-5,79],[-41,78],[20,60],[-14,48],[-42,6],[-137,115],[-46,30],[-19,74],[41,51],[7,34],[-36,49],[-9,67],[-15,40],[-75,69],[-18,43],[-172,183],[-41,55],[-32,71],[-37,24],[-33,38],[-48,35],[-61,-3],[7,42],[-28,14],[-1,28],[-30,24],[12,37],[-46,46],[6,37],[45,77],[-12,52],[37,33],[18,52],[34,59],[-12,54],[-30,45],[-4,32],[26,48],[25,16],[24,55],[0,30],[22,49],[-15,60],[14,66],[28,37],[-12,53],[12,40],[21,12],[60,98],[51,30],[19,54],[-9,41],[-140,205],[51,145],[-20,94],[-13,29],[-18,102],[-46,132],[0,244],[3,179],[-21,87],[-17,29]],[[50291,38137],[1,16],[46,65],[21,58],[82,10],[45,45],[73,14],[46,59],[-33,6],[-10,23],[39,37],[14,-20],[67,27],[28,56],[44,-13],[26,40],[52,20],[36,49],[25,9],[21,64],[38,19],[65,9],[68,76],[1,36],[22,12],[49,-19],[22,40],[36,7],[44,42],[44,-2],[72,62],[39,-2],[16,18],[8,94],[21,28],[41,19],[45,42],[48,-28],[18,24],[60,19],[34,-11],[56,51],[39,-3],[93,103],[103,76],[295,230],[60,23],[35,64],[13,46],[33,29],[-4,36],[21,22],[56,-9],[42,-27],[68,10],[64,-18],[56,5],[63,-24],[71,34],[13,19],[43,6],[51,34],[16,33]],[[52992,39927],[36,-13],[41,9],[42,-11],[10,-42],[6,-163],[19,-102],[9,-136],[15,-109],[-9,-75],[-59,-115],[-11,-61],[28,-90],[68,-31],[48,-65],[39,-32],[182,-114],[17,-23],[4,-53],[52,-73],[57,-48],[38,-42],[58,-15],[107,-54],[47,-49],[52,-73],[24,-19],[79,-26],[53,-85],[150,30],[107,-32],[46,-30],[64,-92],[46,-56],[10,-47],[31,-40],[62,-35],[52,-48],[36,-92],[8,-103],[20,-44],[-41,-80],[1,-30],[77,-64],[56,-23],[42,-41],[13,-52],[46,-20],[53,20],[46,38],[19,-3],[0,-53],[37,-41],[18,-42],[84,-37],[21,-44],[-7,-39],[39,-37],[23,-61],[-1,-43],[13,-43],[54,-24],[23,-61],[28,-12],[85,4],[36,-41],[19,-61],[4,-45],[35,-31],[-4,-28],[57,-124],[55,-93],[104,-120],[63,-108],[53,-43],[54,-68],[49,-85],[47,-31],[78,-80],[18,-27],[79,-59],[48,6],[29,42],[23,5],[72,-48],[58,-87],[35,-32],[37,-14],[47,-58],[43,-10],[41,13],[57,-20],[42,12],[28,24],[38,79],[95,115],[32,0],[41,-23],[67,-5],[51,12],[56,-70],[29,-75],[27,-17],[37,16],[34,105],[29,51],[34,28],[95,7],[20,10],[-3,103],[22,42],[92,-8],[65,14],[40,27],[35,-26],[85,-28],[71,-32],[53,-39],[25,-43],[47,-46],[31,-87],[48,-98],[1,-32],[-30,-51],[-1,-52],[48,-101],[14,-51],[31,-272],[15,-31],[64,-78],[42,-85],[61,-202],[30,-198],[49,-148],[31,-62],[67,-65],[138,-61],[65,24],[62,-45],[41,1],[40,25],[7,34],[47,-7],[32,34],[56,17],[20,-37],[8,-47],[-10,-87],[44,-31],[6,-20],[-31,-44],[28,-68],[3,-70],[62,-100],[26,-20],[72,-9],[45,13],[96,56],[78,38],[37,7],[88,-18],[75,-58],[51,-84],[11,-78],[-24,-70],[15,-52],[115,-107],[32,-49],[63,-135],[11,-72],[37,-48],[22,-63],[85,-109],[125,-85],[66,-61],[56,-73],[25,-46],[19,-84],[-10,-85],[-35,-188],[-31,-51],[-68,-198],[-10,-44],[-30,-49],[-67,-76],[-15,-33],[0,-61],[37,-73],[-8,-45],[-31,-18],[-35,1],[-55,34],[-31,1],[-26,-25],[-25,-76],[-2,-52],[-62,-63],[-114,-81],[-30,-15],[-96,-28],[-44,-39],[11,-51],[75,-30],[92,-53],[39,-48],[93,-98],[17,-31],[40,-107],[53,-31],[35,-61],[16,-67],[70,-78],[13,-40],[0,-82],[9,-48],[50,-93],[-10,-54],[-25,-19],[-103,-29],[-73,-40],[-71,-28],[-12,-38]],[[59805,30134],[-32,-16],[-55,-52],[-80,-55],[-123,-54],[-220,-136],[-83,-5],[-47,-21],[-53,-87],[-64,-78],[-6,-27],[10,-76],[-13,-54],[-93,-79],[-43,-98],[-27,-37],[-76,-65],[-35,-89],[-3,-35],[-21,-38],[-67,38],[-42,-10],[-64,-44],[-50,-25],[-132,-51],[-58,-10]],[[58328,28930],[-67,-18],[-44,-36],[-24,8],[-30,36],[-68,49],[-30,4],[-39,-27],[-56,-99],[-80,-54],[-79,-82],[-74,-38],[-30,-28],[-29,-46],[-9,-85],[-23,-14],[-64,1],[-104,-29],[-53,-5],[-39,34],[-20,-1],[-36,-72],[-75,-20],[-73,11],[-62,34],[-33,-7],[-30,-36],[-45,-23],[-57,-56],[-81,-3],[-45,59],[-45,20],[-50,-33],[-30,11],[-19,65],[-42,30],[-16,61],[-28,22],[-60,13],[-52,40],[-98,2],[-29,12],[-46,-6],[-78,-148],[-1,-38],[24,-84],[5,-53],[-8,-29],[-40,-58],[-81,-86],[-28,-41],[-64,-38],[-34,-84],[-64,-30],[-66,9],[-88,-13],[-58,1],[-52,-12],[-113,1],[-73,-16],[-41,-42],[-21,-58],[-44,-20],[-76,-7],[-64,-32],[-32,7],[-20,26],[-62,10],[-43,17],[-61,49],[-48,10],[-53,-4],[-65,15],[-56,29],[-71,20],[-90,63],[-79,0],[-39,14],[-75,81],[-56,19],[-53,32],[-39,42],[-9,59],[27,32],[14,61],[-19,89],[6,72],[51,26],[27,33],[17,63],[61,20],[29,24],[18,78],[-26,41],[-61,17],[-63,31],[-30,49],[-2,89],[-14,36],[-85,44],[-28,31],[0,25],[32,57],[2,21]],[[58328,28930],[33,-29],[46,-23],[22,-28],[17,-52],[29,-16],[139,-44],[53,-39],[17,-40],[-23,-128],[23,-37],[36,-26],[99,-29],[64,2],[-22,-34],[-12,-53],[25,-98],[-17,-18],[-58,-23],[-55,-82],[-60,-44],[-77,-82],[-87,-1],[98,-69],[172,-87],[70,-21],[66,-32],[110,12],[65,37],[41,37],[57,25],[96,20],[61,-3],[82,23],[46,-33],[41,-55],[-32,-74],[-4,-35],[27,-17],[71,7],[69,-42],[4,-44],[-31,-36],[-101,-32],[-36,-51],[-7,-47],[35,-89],[78,-110],[39,-47],[35,-63],[1,-1208],[0,-213],[75,-20],[66,21],[111,12],[160,6],[149,-7],[183,-19],[111,2],[122,-29],[222,-92],[76,-47],[79,-61],[72,-40],[93,-108],[109,-163],[58,-132],[57,-234],[20,-175],[-3,-93],[-24,-137],[-39,-150],[-67,-115],[-111,-114],[-113,-86],[-93,-81],[-34,-22],[-320,-287],[-65,-84],[-66,-71],[-59,-43],[-82,-101],[-81,-44],[-54,-67],[-63,-49],[-68,-37],[-84,-71],[-60,20],[-15,-29],[27,-28],[150,-33],[76,-9],[130,39],[89,1],[96,11],[34,-20],[-9,-34],[28,-40],[88,43],[50,42],[44,-6],[38,27],[69,29],[52,44],[42,-1],[61,-74],[15,-60],[59,-13],[13,-19],[53,7],[24,19],[85,116],[37,4],[9,-44],[-39,-85],[1,-25],[110,-68],[103,-22],[-12,-53],[10,-28],[-19,-34],[-93,-36],[-91,-52],[23,-52],[46,-17],[-2,-20],[-41,-16],[-79,-4],[-83,26],[-40,-54],[-31,-118],[16,-33],[40,-24],[95,-23],[-15,-48],[10,-35],[36,-13],[-5,-44],[52,-14],[10,-40],[-17,-26],[-42,-17],[-36,6],[-90,47],[-121,10],[-20,-15],[-19,-46],[3,-28],[48,-45],[71,-11],[23,-19],[-5,-71],[-24,-35],[-63,-68],[-5,-38],[26,-12],[108,10],[46,-48],[-1,-45],[19,-19],[97,44],[24,-11],[22,-44],[20,35],[44,5],[20,88],[39,34],[69,35],[70,-6],[62,8],[27,15],[-11,30],[18,28],[58,-16],[42,-2],[10,-23],[-45,-52],[1,-37],[48,-10],[37,15],[17,-39],[-33,-34],[-5,-34],[12,-57],[8,-98],[-14,-49],[15,-20],[54,7],[48,-27],[31,-32],[56,-8],[12,-54],[20,-23]],[[62071,21279],[6,-58],[-58,-33],[-13,-29],[2,-58],[24,-61],[6,-40],[-8,-44],[-45,-73],[-5,-146],[-34,-52],[-74,-38],[-45,-35],[-84,-35],[-53,-32],[-13,-22],[12,-64],[45,-61],[12,-65],[46,-53],[94,-44],[26,-48],[-8,-35],[-75,-46],[-68,7],[-40,-12],[-33,-29],[-44,-116],[-37,-80],[-53,-56],[-42,-26],[-63,-14],[-19,-18],[-40,-79],[-37,-42],[-174,-124],[-58,-37],[-78,30],[-32,-39],[-48,-8],[-54,13],[-34,60],[-40,4],[-67,-44],[-37,-8],[-50,8],[-62,-12],[-67,-29],[-123,-36],[-43,30],[18,57],[-5,34],[-66,18],[-112,-53],[-57,-7],[-33,9],[-13,42],[23,50],[8,80],[15,27],[72,44],[15,19],[-14,48],[-22,23],[-57,2],[-38,-28],[-38,-13],[-91,6],[-27,-6],[-118,-52],[-152,-52],[-103,6],[-82,-11],[-32,6],[-22,25],[-32,83],[-52,16],[-123,23],[-78,-2],[-37,-20],[-52,-67],[-148,-53],[-82,-46],[-59,-10],[-50,-28],[-105,-88],[-24,-41],[-48,-52],[-75,-51],[-21,-68],[-43,-79],[-46,-16],[-46,22],[-25,32],[-49,12],[-67,-4],[-93,-35],[-98,-58],[-60,-45],[-103,-51],[-89,-20],[-104,-8],[-41,-21],[-65,-76],[-144,-82],[-80,-67],[-44,-61],[-29,-21],[-164,-46],[-50,1],[-64,19],[-140,-10],[-37,-17],[-21,-94],[-75,-67],[-134,-66],[-134,-38],[-62,-7],[-108,-2],[-81,14],[-77,24],[-54,10],[-80,-3],[-83,15],[-84,33],[-148,50],[-208,94],[-117,16],[-54,-21],[-63,-109],[-29,-26],[-87,-40],[-96,-64],[-84,-74],[-45,-67],[30,-43],[8,-35],[-8,-40],[-45,-58],[-30,-72],[-32,-36],[-41,-19],[-90,-25],[-63,-28],[-66,-40],[-88,0],[-86,-64],[-32,-15],[-87,-9],[-85,-25],[-173,-31],[-75,-3],[-46,6],[-131,30],[-222,-26],[-57,-9],[-40,-21],[-37,-57],[-61,-28],[-188,-29],[-41,22],[-12,28],[3,46],[-12,28],[-38,33],[-115,55],[-20,25],[10,46],[109,72],[83,22],[117,-15],[40,17],[60,47],[60,73],[12,25],[-6,38],[-32,19],[-59,-3],[-24,12],[-83,84],[-20,36],[2,28],[29,53],[36,36],[0,33],[-34,74]],[[59805,30134],[33,-83],[37,-12],[50,19],[51,-4],[82,-25],[115,-45],[75,-8],[79,-17],[68,-2],[55,93],[30,62],[43,63],[53,35],[62,4],[173,38],[81,30],[71,-39],[50,-53],[161,-60],[93,0],[41,7],[41,-27],[21,-53],[34,-24],[34,-4],[126,14],[77,-52],[115,-26],[112,-110],[36,-70],[21,-69],[29,-24],[74,-1],[74,34],[39,-7],[73,-73],[36,-6],[143,48],[52,27],[155,7],[69,26],[46,65],[19,65],[10,91],[34,41],[65,61],[93,58],[96,30],[85,12],[97,-9],[55,30],[40,33],[35,50],[28,73],[8,41],[19,8],[81,-42],[53,-63],[63,-47],[31,1],[40,71],[46,56],[68,58],[46,63],[46,37],[85,20],[77,-16],[52,-32],[43,12],[50,47],[39,90],[38,68],[114,93],[69,67],[59,25],[47,1],[90,-17],[46,1],[49,23],[85,63],[68,13],[93,2],[86,14],[94,42],[38,29],[57,63],[47,97],[41,111],[52,36],[66,-15],[74,-8],[36,33],[48,16],[35,53],[36,2],[14,-38],[53,-16],[34,-22],[29,-47],[33,-32],[7,-46],[-43,-98],[-1,-66],[87,-171],[32,-35],[106,-66],[88,-7],[40,-18],[27,-57],[36,-39],[48,-15],[104,-18],[63,-63],[39,-16],[198,-1],[54,-28],[38,-39],[30,-56],[25,-82],[72,-151],[30,-94],[23,-32],[11,-50],[32,-22],[63,90],[55,45],[72,21],[108,64],[61,27],[62,39],[79,-10],[70,5],[51,-13],[33,29],[-1,51],[21,30],[65,49],[56,22],[60,1],[61,-41],[80,-31],[59,-4],[67,6],[43,-15],[38,-37],[-4,-49],[27,-40],[-3,-27],[-45,-34],[-54,-8],[-13,-33],[35,-91],[-5,-79],[34,-71],[-19,-28],[-37,-10],[-19,-27],[-4,-66],[-24,-76],[-17,-27],[48,-49],[49,-15],[34,-83],[45,16],[28,-19],[169,-38],[52,3],[74,21],[117,8],[62,24],[35,-1],[59,22],[62,6],[76,64],[32,-9],[36,-51],[66,-32],[94,-20],[114,-34],[79,-61],[77,-5],[44,8],[75,-15],[170,17],[-4,-53],[-45,-4],[-90,-25],[-23,-31],[-2,-38],[-58,-50],[-23,-56],[-6,-47],[-33,-80],[67,-50],[42,-57],[17,-102],[-12,-28],[-44,-51],[60,2],[38,-38],[100,-24],[88,-30],[26,-42],[12,-74],[-20,-21],[-1,-114],[15,-73],[44,-48],[37,-67],[112,-98],[94,-68],[77,-78],[19,-50],[15,-89],[1,-45],[-30,-80],[-8,-125],[22,-79],[-5,-51],[-30,-84],[15,-111],[-24,-84],[3,-40],[37,-64],[50,-8],[31,-20],[41,-52],[40,-32],[2,-40],[77,-103],[-1,-38],[-43,-56],[-43,-34],[-138,-69],[-11,-39],[22,-61],[85,-103],[46,-92],[37,-25],[38,-63],[67,-8],[55,26],[132,4],[140,-16],[42,-23],[49,-51],[27,-51],[0,-54],[-13,-47],[-21,-30],[-47,-35],[-105,-17],[-40,-17],[-37,-44],[-45,-94],[-57,-58],[-51,-65],[-37,-93],[5,-42],[53,-41],[73,-15],[109,26],[72,-13],[8,-49],[1,-73],[-9,-124],[5,-49],[-32,-61],[-87,-35],[-33,-48],[-41,-22],[-40,-5],[-28,-21],[-9,-88],[-25,-58],[-50,-46],[-49,-22],[-68,-59],[-13,-46],[92,-76],[72,-19],[141,24],[85,-3],[108,21],[268,142],[40,29],[68,76],[82,16],[76,-40],[32,-26],[18,-72],[-13,-73],[-31,-64],[4,-94],[56,-76],[194,-74],[43,-28],[60,-2],[44,53],[53,11],[-19,56],[54,25],[119,97],[78,72],[78,52],[29,4],[33,-47],[80,-56],[21,-28],[-1,-95],[37,-70],[22,-75],[-5,-45],[-57,-18],[-22,-27],[3,-34],[86,-123],[6,-69],[63,-63],[16,-74],[45,-61],[55,-47],[22,-33],[33,-105],[-6,-29],[-37,-63],[-1,-56],[48,-112],[71,-88],[4,-54],[21,-48],[-23,-37],[-92,-54],[-88,-36],[-49,-30],[-78,-86],[-41,-73],[-49,-45],[-11,-73],[-49,-64],[-42,-37],[-40,-53],[-26,-66],[-20,-77],[-52,-27],[-83,-1],[-29,32],[-17,38],[-1,82],[-23,11],[-101,-46],[-108,-92],[-108,-109],[-50,-73],[-12,-34],[-65,-77],[-69,-37],[-66,-23],[-58,-34],[-78,-68],[-39,-95],[-39,-37],[-40,-12],[-79,2],[-88,-14],[-53,0],[-33,-77],[-48,-92],[-51,-63],[-34,-57],[-37,-26],[-18,-44],[3,-49],[-16,-35],[-52,-45],[-36,-56],[-63,-72],[-35,-11],[-131,5],[-40,-18],[-114,-69],[-31,-7],[-43,-36],[-55,17],[-88,-41],[-31,-7],[-200,1],[-87,10],[-78,-2],[-76,19],[-41,-17],[-10,-55],[-54,-110],[-27,-19],[-59,-9],[-59,-32],[-63,-151],[-46,-40],[-58,6],[-34,-40],[-36,-16],[-62,-47],[-43,2],[-30,-15],[-38,-58],[-43,-37],[-42,-9],[-35,25],[-107,27],[-56,2],[-48,15],[-39,-3],[-46,33],[-8,71],[-31,51],[-42,15],[-104,-95],[-36,-62],[-42,-24],[-43,-63],[-115,13],[-49,-13],[-61,7],[69,75],[27,44],[-5,37],[-26,21],[-113,139],[-29,65],[-28,14],[-63,-19],[-38,-21],[-71,1],[-105,-25],[-69,-8],[-84,21],[-36,36],[-49,7],[-45,-13],[-47,-46],[-34,2],[-112,-18],[-126,4],[-46,20],[-50,51],[-106,27],[-51,-1],[-78,-67],[-24,13],[-44,56],[-32,16],[-58,6],[-84,-17],[-93,0],[-14,25],[36,52],[17,47],[-96,27],[-26,34],[-12,40],[-37,31],[-51,-14],[-164,8],[-30,41],[59,82],[17,66],[56,76],[64,29],[54,-12],[66,48],[21,56],[-38,74],[-1,203],[-9,18],[-48,15],[-7,36],[17,40],[48,75],[32,101],[-13,19],[-68,9],[-18,45],[0,55],[-14,35],[-54,18],[-90,-35],[-48,46],[-66,0],[-117,-27],[-50,14],[-45,59],[-28,79],[-55,98],[-28,13],[-37,-20],[-4,-51],[-31,-32],[-53,12],[-22,64],[-35,13],[-59,-23],[-9,-33],[11,-129],[-32,-22],[-40,14],[-99,57],[-38,-16],[5,-90],[-4,-50],[-14,-18],[-53,-19],[-21,-29],[9,-58],[41,-53],[-6,-43],[-83,-81],[-64,-11],[-50,22],[-112,134],[-50,11],[-85,-36],[-32,-49],[-62,-40],[-71,-10],[-30,-18],[-56,-11],[-71,8],[-27,13],[-25,53],[-1,35],[-20,21],[-31,-4],[-54,-63],[-37,-15],[-44,7],[-56,28],[-84,-10],[-66,1],[-83,18],[-57,-11],[-77,-81],[-53,-90],[-40,-25],[-84,15],[-52,-9],[-72,25],[-21,41],[-49,19],[-80,9],[-38,-9],[-107,-45],[-43,-2],[-46,26],[-23,-16],[-16,-128],[-59,-42],[-165,-51],[-28,-25],[33,-118],[-8,-35],[-29,-28],[-74,-19],[-79,-6],[-89,20],[-59,-1],[-55,-43],[-72,-5],[-26,-14],[-52,-70]],[[37719,22394],[38,12],[109,-65],[40,-5],[8,33],[27,31],[69,1],[37,-50],[37,37],[71,-13],[-16,-91],[-26,-47],[-44,-42],[-9,-29],[-79,-23],[-83,2],[-46,-13],[-34,12],[-2,-78],[-30,-53],[-50,7],[-4,-39],[23,-25],[-38,-59],[55,-27],[-19,-35],[-12,-77],[7,-47],[43,-61],[12,-32],[-3,-81],[-24,-57],[37,-13],[-29,-69],[-66,-24],[-3,-27],[35,-49],[39,-87],[120,10],[45,16],[77,-30],[-10,62],[11,15],[58,-4],[18,-58],[-44,-43],[4,-56],[50,-47],[21,-38],[-10,-104],[-25,-44],[-16,-114],[-17,-32],[71,-63],[-17,-75],[64,-87],[156,-124]],[[38345,20395],[-135,-51],[-46,-51],[6,-112],[-6,-19]],[[38164,20162],[-38,-6],[-113,50],[-34,29],[-7,53],[-47,24],[-47,-12],[-80,17],[-26,52],[2,39],[-117,71],[-87,-16],[-40,6],[-84,60],[-41,-30],[-49,-84],[-76,-20],[-16,-88],[11,-105],[14,-22],[-34,-62],[-19,6],[-61,-15],[-98,16],[-27,-5],[-29,-63],[-11,-62],[-22,-35],[-110,-76],[-28,-35],[-76,-50],[-30,-2],[-20,-65],[-32,-60],[3,-71],[10,-44],[-32,-50],[-45,21],[-49,-66],[-20,-61],[-96,-52],[-83,-76],[-62,-84],[-55,-47],[-58,-29],[-108,-41],[-141,-64],[-33,-26],[-38,-1],[-38,20],[-53,-28],[-17,-43],[0,-63],[-44,-48],[-144,-41],[-61,-34],[-53,-58],[-25,-13],[-8,-37],[29,-49],[-39,-73],[-54,-42],[-28,-2],[-83,30],[-81,-4],[-43,-36],[-5,-87]],[[35138,18373],[-23,-47],[-34,-19],[-77,-7],[-42,10],[-54,41],[-62,22],[-36,44],[-60,58],[-10,35],[13,64],[6,98],[-13,52],[-19,10],[-194,3],[-85,-14],[-19,4],[-71,87],[-17,34],[25,61],[101,51],[0,12],[-79,51],[-17,83],[5,67],[31,116],[-1,41],[-41,67],[15,51],[63,118],[51,39],[91,19],[35,49],[-9,54],[10,109],[20,56],[39,42],[68,47],[5,17],[-35,51],[18,60],[63,73],[34,50],[45,109],[-20,104],[1,85],[-13,60],[-7,103],[-31,101],[-46,56],[-51,29],[-30,0],[-45,39],[-12,91],[-72,127],[-117,61],[-22,102],[-14,17],[-125,39],[-3,39],[-38,12],[-184,-59],[-8,58],[-77,121],[7,34],[49,2],[96,43],[64,102],[31,65],[74,99],[40,21],[129,40],[96,62],[92,-35],[74,15],[44,-15],[42,64],[-41,56],[-35,31],[-40,77],[-17,73],[-34,44],[-25,80],[-47,64],[85,303],[22,111],[48,77],[11,36],[-4,106],[-39,118],[-48,51],[-12,67],[-29,25]],[[38164,20162],[-21,-19],[-3,-58],[-61,-121],[-2,-48],[42,-97],[-8,-87],[8,-14],[96,-3],[61,-22],[22,-39],[-38,-82],[31,-30],[97,15],[22,10],[39,46],[120,85],[37,19],[53,4],[62,-11],[33,5],[67,-16],[33,-17],[73,-19],[-6,-59],[-29,-85],[10,-69],[-15,-104],[-52,-127],[37,10],[64,-22],[55,11],[5,38],[55,5],[25,20],[23,60],[26,25],[41,14],[40,-42],[21,-4],[107,10],[119,-5],[149,-76],[48,-2],[80,-44],[110,91],[23,-8],[20,-86],[33,-59],[55,-49],[142,-52],[-13,-31],[-34,-3],[-37,-25],[-36,-60],[-21,-78]],[[39972,18857],[-13,-55],[-76,-53],[-78,46],[-42,38],[-54,78],[-47,34],[-105,3],[-45,-7],[-21,-31],[-2,-60],[-41,-103],[7,-51],[63,-57],[82,-126],[16,-54],[-31,-90],[-46,-64],[7,-66],[-5,-38],[-80,-95],[-24,-8],[-96,54],[-51,-17],[-51,-53],[-58,-11],[-37,23],[-23,46],[-34,25],[-31,3],[-72,-12],[-67,17],[-78,5],[7,-45],[-16,-127],[-20,-41],[-68,-39],[14,-43],[-8,-51],[-21,-48],[-82,-14],[-6,18],[-64,3]],[[38575,17791],[-52,11],[-89,-31],[-59,-69],[-69,-6],[-83,-57],[-36,-47],[-4,-22],[18,-78],[-36,-27],[-21,4],[-99,63],[-48,-5],[-15,-18],[1,-54],[63,-136],[20,-59],[-3,-57],[-88,-122],[-25,-85],[-22,-51],[-49,-59],[-46,-145],[-52,-48],[31,-72],[34,-38],[18,-45],[46,-155],[3,-50],[-23,-84],[-54,-53],[-37,-15],[-60,49],[-27,-8],[-33,-53],[-43,10],[-68,-11],[-49,-32],[-64,-7],[-36,-35],[52,-129],[-28,-42],[-42,-6]],[[37401,15917],[-44,19],[-42,-10],[-27,-41],[-53,-9],[-40,-44],[-49,1],[-97,-25],[-50,-4],[-69,27],[-50,57],[-50,-6],[-42,-62],[-12,-74],[-12,-21],[-101,27],[-21,-21],[7,-53],[-25,-11],[-127,40],[-32,-7],[-85,-57],[-45,8],[-28,47],[-31,26],[-45,12],[-49,27],[-55,48],[-71,-11],[-20,11],[10,41],[0,63],[-10,36],[-38,52],[28,37],[60,40],[86,94],[54,39],[14,39],[-22,63],[-53,54],[-139,29],[-29,28],[-3,47],[49,96],[-6,64],[-39,55],[-183,132],[-93,82],[-49,63],[-41,67],[-121,164],[-43,33],[-115,44],[-25,34],[9,36],[73,71],[-15,59],[42,56],[6,87],[19,31],[-4,33],[-24,37],[-18,61],[11,55],[-15,48],[4,53],[36,31],[-18,65],[-50,75],[-132,98],[-43,43],[-71,127]],[[38575,17791],[-3,-60],[8,-43],[37,-108],[1,-61],[30,-115],[36,-54],[40,-43],[67,-42],[72,-30],[206,-67],[86,-51],[52,-64],[34,-84],[34,-134],[52,129],[66,107],[149,233],[66,-30],[42,80],[37,21],[27,47],[44,44],[55,-1],[38,17],[18,32],[82,18],[10,60],[45,7],[26,48],[35,42],[-14,61],[45,-27],[48,-15],[59,-44],[10,-38],[50,-40],[62,-27],[25,-73],[36,-35],[23,-40],[51,1],[44,-39],[87,-48],[125,-14]],[[40718,17311],[-49,-30],[-25,-51],[-20,-90],[22,-25],[80,3],[39,-38],[7,-53],[-10,-37],[10,-56],[-20,-60],[-24,-37],[-47,-45],[-32,-56],[-89,-35],[-82,-89],[-62,-17],[-43,1],[-63,32],[-33,-21],[-40,-64],[-32,6],[-35,71],[-39,17],[-35,-3],[-17,-21],[-4,-63],[-17,-27],[-9,-68],[-34,-38],[-44,-81],[-40,-36],[-91,24],[-41,-16],[-47,10],[-49,-5],[-51,-28],[-68,-61],[-29,-39],[-26,-54],[-49,1],[-52,-19],[-12,-72],[-19,-18],[-67,5],[-102,-3],[-66,-40],[-178,-143],[-45,-15],[-38,9],[-74,56],[-39,-21],[-7,-42],[-29,-11],[-155,-14],[-154,-90],[-36,-11],[-88,8],[-83,-12],[-42,2],[-107,39],[-36,-5],[-6,-30],[12,-99],[-12,-64],[-84,49],[-68,-48],[-32,-1],[-29,27],[-27,48],[-48,-3],[-34,-59],[-41,-18],[-38,40],[-19,0],[-45,-82],[-39,-12],[-47,96],[3,41],[54,53],[22,42],[-17,37],[-33,29],[-74,30],[-23,71],[-25,35]],[[40718,17311],[62,10],[42,-21],[35,7],[76,47],[37,85],[70,41],[69,8],[69,38],[52,-38],[121,-11],[39,-11],[44,-28],[29,-45],[44,17],[1,71],[-9,65],[69,26],[25,21],[9,70],[44,49],[82,18],[16,20],[22,87],[2,99],[31,31],[18,68],[28,20],[34,1],[50,-50],[52,-36],[66,9],[36,29],[40,-10],[67,-74],[49,-12]],[[42239,17912],[52,-51],[84,-60],[20,-24],[26,-116],[77,-74],[26,-41],[94,-39],[75,10],[34,-15],[36,-34],[23,-58],[3,-60],[-77,-120],[-80,-81],[-60,-26],[-28,-46]],[[44654,15744],[-15,-25],[-114,-136],[-97,-84],[-69,-93],[-31,-26],[-95,-43],[-80,-87],[-117,-81],[-60,-71],[-60,-60],[-83,-120],[-21,-64],[-52,-42],[-49,-5],[-45,60],[-31,0],[-98,-31],[-42,-22],[-66,-54],[-46,-60],[-160,-155],[-29,-33],[16,-40],[-110,-124],[-44,-17],[-37,-48],[-82,-69],[-74,-83],[-31,-58],[-135,-21],[-46,-39],[-6,920],[-29,22],[-71,-17],[-59,1],[-69,33],[-19,25],[-70,9],[-32,33],[-45,-4],[-24,11],[-31,47],[-58,4],[-36,15],[-15,37],[-97,4],[-85,-5],[-73,-20],[-74,-4],[-98,-58],[-81,-56],[-53,-48],[-61,-118],[-20,-25],[-52,-15],[-104,-6],[-34,35],[-141,-38],[-83,-43],[11,-96],[-42,-51],[-68,8],[-34,33],[-23,-32],[-82,-47],[-69,4],[-47,-19],[-46,59],[-62,-20],[-75,-5],[-79,-37],[-52,-2],[-45,21],[-10,28],[-79,21],[-73,68],[-27,-3],[-19,-52],[-58,-34],[-39,-55],[-70,-50],[-25,2],[-14,-73],[18,-12],[47,20],[65,3],[42,-14],[17,-29],[-33,-74],[-31,-45],[-27,-71],[-10,-55],[-65,-92],[-28,-74],[-8,-44],[-21,-25],[-57,-30],[-32,-33],[-37,-17],[-7,-36],[-32,-39],[-39,1],[-16,-82],[-46,-34],[-69,-3],[-59,25],[-129,-27],[-29,-12],[-152,-110],[-48,-62],[-20,-55],[-75,88],[-22,44],[-81,-15],[-35,9],[-122,2],[-37,-10],[-25,11],[-24,-23],[-53,15],[-24,-18],[-66,-7],[-101,-45],[-24,-81],[-38,-27],[-49,-7]],[[38322,13330],[-48,29],[-55,-47],[-71,-9],[-46,7],[-36,25],[-49,9],[-20,17],[-24,76],[-23,6],[-59,-33],[-47,6],[-9,38],[-30,19],[-48,-9],[-41,-22],[-64,32],[-100,-22],[-89,58],[-52,1],[-83,43],[-38,42],[-49,103],[4,56],[42,94],[49,61],[19,86],[0,42],[-16,19],[-168,2],[-159,55],[-78,-18],[-93,5],[-46,18],[-241,136],[-129,81],[-160,136],[-129,135],[-72,127],[-19,78],[13,80],[-41,37],[-53,6],[-57,-33],[-61,57],[-22,49],[-32,29],[-52,23],[-25,27],[-19,106],[-57,54],[-69,30],[-37,2],[-24,20],[-29,60],[-54,30],[-57,74],[-53,26],[-65,17],[-42,31],[-27,56],[-18,100],[-13,35],[-58,100],[-35,38],[-54,40],[-153,79],[-128,88],[-56,62],[-56,81],[-116,135],[-304,336],[-24,76],[-35,53],[-138,93],[-36,4],[-41,-18],[-44,23],[-31,45],[-73,8],[-72,33],[-47,42],[-26,-22],[-18,-64],[-53,-40],[-38,-49],[-44,-11],[-71,-44],[-22,4],[-54,42],[-30,-9],[-31,-36],[-183,-28],[-34,-54],[-22,-11],[-81,13],[-52,-45],[-41,-8],[-101,19],[-48,41],[-59,9],[-23,18],[17,68],[53,63],[42,14],[122,-23],[93,16],[29,16],[62,58],[29,61],[50,55],[-12,49],[-34,64],[37,111],[-86,109],[-43,24],[15,76],[44,77],[58,67],[20,63],[25,112],[0,45],[-27,58],[-16,73],[-29,16],[0,27],[36,64],[8,93],[-14,68],[-39,65],[-91,79],[-13,37],[-63,58],[50,111],[19,56],[80,61],[70,33],[-25,70],[4,69],[38,25],[5,65],[-49,63],[-37,-2],[-38,26],[-38,159],[-20,-9],[-25,-49],[-48,-44],[-31,-10],[-53,72],[-103,-40],[-20,1],[-69,-46],[-63,-28],[-24,25],[-29,69],[-99,32],[-38,24],[-54,68],[-12,49],[6,25],[-47,35],[-69,26],[-14,16],[-3,114],[-39,191],[-40,58],[-35,21],[3,28],[-18,48],[-94,90],[-58,43],[-96,53],[-25,4],[-131,-38],[-97,-14],[-72,15],[-88,38],[-35,41],[-34,102],[-5,80],[48,54],[22,115],[-4,90],[-30,75],[-10,47],[9,67],[30,91]],[[31357,20899],[3,77],[-27,66],[-193,281],[-111,167],[-71,132],[-79,71],[-37,83],[-51,58],[-41,24],[-81,23]],[[30669,21881],[53,94],[61,82],[82,42],[62,22],[39,58],[18,42],[42,-29],[96,-84],[36,-95],[24,-40],[29,-19],[30,31],[25,215],[143,84],[-8,47],[15,98],[1,47],[39,41],[22,157],[3,81],[43,228],[36,88],[34,45],[73,70],[59,43],[-167,291],[-55,62]],[[31504,23582],[-80,57],[40,33],[111,-17],[126,29],[-21,101],[-17,139],[22,16],[50,6],[-116,178],[-51,68]],[[31504,23582],[-306,-207],[-48,-71],[-17,-40],[-2,-105],[-57,16],[-36,-8],[-47,-48],[-46,-28],[-89,84],[-46,22],[-80,-1],[4,-164],[-53,-1],[-13,-45],[54,-121],[26,-39],[-81,-29],[2,-32],[-35,-2],[-1,105],[-72,-2],[2,-68],[-196,74],[-24,24],[-23,-32],[-149,94],[0,-16],[-55,-74],[-43,-38],[94,-91],[-89,-12],[-15,-11],[-73,65],[-54,31]],[[30669,21881],[-161,43],[-37,0],[-59,-56],[-29,-12],[-69,30],[-72,98],[-219,244],[-106,81],[-33,40]],[[31357,20899],[-292,-51],[-412,-83],[-58,-94],[-11,-101],[-24,-31],[-59,190],[-321,-12]],[[30180,20717],[-79,-23],[-101,15],[-81,-3],[-123,-57],[-46,-37],[-62,-97],[-49,-26],[-62,-9],[-55,-31],[-425,338],[38,78],[5,47],[54,82],[44,119],[35,59],[-86,3],[-44,9],[-29,27],[-27,4],[-79,-15],[-30,-40],[-118,-105],[-27,-73],[-17,-23],[-61,-32],[-95,-79],[-68,48],[9,16],[-135,100],[-10,40],[10,61],[-4,54],[-82,57],[-77,151],[1,71]],[[26663,17612],[228,-51],[135,12],[58,-15],[80,45],[41,1],[27,-22],[11,-47],[45,-75],[78,20],[31,-12],[25,-42],[46,-31],[29,-36],[37,3],[99,48],[48,-26],[68,12],[28,-48],[42,-31],[45,5],[22,-27],[44,61],[43,-8],[45,-47],[71,-24],[32,-28],[75,-43],[23,5],[78,64],[43,-9],[59,7],[51,-7],[98,14],[49,26],[14,69],[61,90],[92,41],[78,69],[70,122],[-33,23],[-36,93],[-10,69],[-2,124],[9,51],[21,38],[7,70],[18,36],[-4,37]],[[28882,18238],[11,55],[34,33],[47,-2],[58,27],[68,57],[3,46],[63,141],[48,23],[52,75],[76,44],[29,28],[67,25],[66,67],[45,31],[27,33],[11,35],[-27,49],[51,143],[-12,44],[12,32],[63,74],[-17,40],[38,68],[53,19],[83,97],[40,71],[94,47],[53,15],[42,55],[35,20],[39,62],[4,43],[-21,91],[-18,32],[-14,62],[-21,33],[9,90],[21,62],[41,89],[-25,82],[-24,34],[-49,45],[9,35],[57,42],[33,66],[-3,32],[38,53],[9,34]],[[38322,13330],[-64,-68],[-86,-47],[-66,-24],[-16,51],[-60,-47],[-134,-67],[-68,-52],[-101,-128],[-80,-78],[-62,-28],[-29,-30],[-152,-40],[-86,-9],[-57,19],[-64,9],[5,61],[-37,10],[-118,-66],[-44,-50],[-18,-36],[-2,-46],[46,-32],[0,-39],[-43,-22],[-18,10],[-15,43],[-40,4],[-11,-50],[-43,33],[-182,-25],[33,-72],[56,31],[56,15],[23,-10],[52,-58],[51,-3],[-1,-31],[-49,-51],[30,-31],[-36,-49],[-47,-32],[1,-51],[-38,-72],[2,-80],[-35,-68],[-53,-42],[58,-42],[41,54],[91,51],[40,-6],[11,-81],[41,-44],[-11,-34],[-39,-24],[-36,-55],[-23,-63],[-48,-101],[-48,-42],[-27,-69],[-33,-29],[-165,-37],[-56,-33],[-39,-10],[-84,16],[-57,-24],[-11,-43],[-36,-28],[-49,-15],[-53,-61],[-37,-79],[-14,-59],[-49,-44],[2,-48],[-25,-67],[-45,-12],[-15,-38],[-2,-67],[-36,-47],[0,-67],[55,-27],[11,-37],[-33,-21],[-40,9],[-29,39],[-61,30],[-69,73],[-51,44],[-58,79],[-21,-3],[-47,-87],[-21,-74],[-35,-27],[7,-39],[47,11],[24,-23],[-34,-91],[-7,-102],[-19,-75],[-51,-37],[-28,-80],[-27,-25],[-44,4],[-43,-49],[-58,-28],[-21,-63],[-44,-34],[-4,-61],[-20,-38],[-49,-33],[-63,-13],[-43,7],[-4,-28],[-52,-84],[-43,-42],[-53,-108],[-35,-52],[-40,-35],[-43,-6],[-32,14],[-7,32],[47,37],[-4,23],[-76,24],[-28,-3],[-75,-44],[-50,-57],[-47,-99],[-36,-49],[-99,-93],[-23,-41],[-11,-60],[7,-65],[-4,-127],[-13,-32],[-64,-85],[-74,-70],[-2,-22],[-38,-78],[-51,-47],[-60,-27],[-61,7],[-31,-21],[-86,-95],[-65,-16],[-57,17],[-38,-22],[-51,11],[-35,21],[-43,4],[-42,-14],[-118,2],[-66,-25],[-53,-54],[-27,-1],[-57,36],[-38,11],[-102,-13],[-28,-17],[-28,-61],[-28,-34],[-50,-21],[26,-49],[5,-37],[-36,-29],[-10,-68],[58,18],[34,-13],[-6,-37],[-34,-37],[-76,-42],[-59,-8],[-47,-97],[-29,-25],[-52,-19],[-45,-3],[-32,-26],[-57,0],[-51,-28],[-43,-10],[-65,-72],[-16,-58],[-51,-17],[28,-66],[-39,-75],[-41,-34],[-39,0],[-45,-31],[-41,20],[-102,5],[-45,-49],[-98,-80],[-40,-42],[-9,-35],[37,-38],[-26,-42],[-42,-30],[-16,-27],[-62,-11],[-43,22],[-28,-7],[15,-83],[-10,-71],[-39,-61],[-60,-34],[0,-53],[-19,-34],[-61,-8],[-14,-41],[21,-104],[-11,-55],[-15,-15],[-62,0],[-114,-41],[-23,-20],[-14,-93],[-62,-99],[-13,-33],[-50,-51],[-53,-16],[-16,41],[-120,-111],[-13,-64],[-26,-37],[3,-102],[-8,-25],[-64,-47],[-45,-19],[-45,22],[-3,38],[13,44],[-12,56],[69,62],[-6,22],[-45,-4],[-6,92],[-17,17],[-83,34],[-17,-10],[9,-49],[-13,-57],[-30,-86],[-19,-32],[-18,-62],[-41,-38],[-27,-10],[-72,-5],[-62,-42],[-23,-46],[-36,-34],[-8,-41],[-43,-26],[-75,36],[-37,28],[-54,-41],[-39,-85],[-24,-26],[-92,-39],[-12,-56],[-21,-19],[-72,-20],[-68,-8],[-36,-59],[-84,-21],[-73,-6],[-79,-82],[-65,-45],[-37,11],[-16,51],[-46,36],[-36,7],[-108,-14],[-205,-77],[-35,-25],[-68,-6],[-29,-12],[-52,-73],[-45,-25],[-95,-16],[-29,8]],[[27617,20684],[58,53],[51,29],[15,56],[51,66],[13,135],[-4,147],[21,134],[-3,50],[21,21],[44,-2],[45,-52],[67,-53],[19,41],[38,14],[28,27],[50,25],[11,45],[119,59],[43,-33]],[[28882,18238],[-38,-10],[99,524],[-95,48],[-3,33],[-35,23],[-82,-123],[-43,-1],[-21,16],[-84,31],[-98,70],[-27,29],[-23,63],[-136,54],[-184,-26],[-67,-2],[-90,36]],[[19107,7623],[-41,37],[-65,6],[-139,-99],[-32,-35],[-24,-46],[-75,-71],[-30,-39],[-22,-95],[-22,-30],[-50,-43],[-81,-46],[-29,-4],[-63,65],[-44,-65],[-41,-36],[-57,-89],[-38,-27],[-84,-10],[-28,-57],[-91,-49],[-62,14],[-113,-10],[-55,-72],[-47,-8],[-46,50],[-54,-20],[-21,-96],[-33,-38],[-48,-14],[-36,96],[-8,44],[-45,5],[-83,-62],[-34,-6],[-83,9],[-20,-14],[9,-64],[-41,-48],[-109,5],[-72,24],[-20,-13],[-5,-67],[-35,-1],[-52,64],[-25,0],[-14,-36],[-56,-6],[-38,32],[-22,97],[-27,50],[-26,5],[-36,-34],[-49,-1],[-33,25],[-8,57],[-21,43],[-47,11],[-134,-33],[-90,-79],[-42,-23],[-68,16],[-46,48],[-19,55],[-14,122],[-36,67],[-66,50],[-37,11],[-63,2],[-50,20],[-77,2],[-122,-89],[-94,-35],[-30,-27],[-48,-109],[-41,-35],[-36,-3],[-65,39],[-33,7],[-46,-23],[-30,-71],[-74,-60],[-16,-33],[-10,-69],[-38,-24],[-60,-5],[-67,-23],[-83,4],[-30,-30],[-16,-69],[-177,37],[-24,-22],[-2,-70],[-38,-13],[-30,33],[-55,111],[-45,118],[-29,40],[-20,5],[-57,-31],[-30,-1],[-81,47],[-35,63]],[[14232,6831],[73,-49],[70,32],[53,-20],[21,8],[41,58],[15,84],[-1,44],[52,42],[28,97],[64,39],[48,51],[58,0],[53,-42],[48,1],[52,34],[6,30],[-7,103],[15,65],[31,44],[10,61],[18,40],[65,59],[115,76],[103,60],[8,25],[-11,106],[12,52],[70,74],[8,113],[-6,119],[-30,74],[48,83],[10,43],[-34,89],[-2,50],[160,150],[17,76],[84,26],[36,37],[20,90],[35,40],[34,2],[73,-42],[50,-2],[78,31],[54,-8],[67,-56],[38,-3],[67,18],[48,-15],[35,2],[11,27],[-20,139],[89,62],[32,41],[43,120],[27,35],[47,17],[112,-41],[36,7],[52,42],[34,121],[42,95],[42,154],[12,63],[31,68],[61,15],[15,15],[27,82],[0,94],[59,49],[11,66],[46,49],[14,59],[51,66],[65,160],[4,76],[29,25],[5,60],[-26,18],[34,59],[-1,39],[-23,23],[15,39],[-13,55],[51,28],[-75,77],[-41,54],[-43,-8],[-95,-39],[-33,2],[-50,57],[-41,-16],[-32,-46],[-37,-10],[-46,32],[-78,41],[-47,73],[-15,-5],[-39,-68],[-62,1],[-32,-26],[-77,-4],[-40,34],[-75,21],[-62,0],[-33,35],[-43,-26],[-24,-31],[-32,8],[-28,52],[-40,7],[-44,40],[-60,41],[-18,77],[-37,4],[-32,29],[-22,62],[-103,0],[-44,27],[-26,69],[-48,58],[-77,67],[-24,49],[-64,17],[-169,-11],[-100,14],[-21,32],[-9,77],[-14,24],[-60,32],[-75,5],[-18,17],[7,59],[87,10],[25,52],[71,26],[64,7],[131,113],[27,49],[15,69],[31,54],[21,12],[96,26],[24,31],[0,77],[-55,160],[-61,67],[-14,58],[41,172],[11,13],[187,31],[26,23],[15,38],[11,145],[42,67],[12,45],[-26,106],[-34,55],[-84,86],[-29,129],[33,78],[54,98],[32,83],[34,34],[72,24],[176,4],[66,29]],[[16069,14024],[-10,-83],[6,-36],[30,-6],[62,27],[65,-11],[93,-56],[40,-60],[25,-59],[10,-99],[82,-3],[21,18],[33,123],[30,19],[128,42],[66,36],[25,27],[15,50],[-10,51],[-2,70],[35,65],[36,28],[43,9],[32,-11],[72,-55],[106,-13],[30,-16],[27,28],[11,146],[15,24],[37,6],[61,53],[121,214],[-1,38],[-18,31],[1,39],[31,47],[69,50],[94,4],[25,22],[22,87],[-31,71],[9,70],[33,38],[20,-2]],[[17658,15047],[111,-99],[34,-13],[104,-6],[37,8],[92,49],[31,30],[60,112],[56,149],[73,75],[44,64],[68,48],[16,30],[-5,42],[32,36],[55,11],[59,38],[98,-4],[53,10],[25,-9],[95,-68],[29,1],[30,50],[34,-3],[17,-26],[56,38],[22,44],[30,7],[47,-12],[70,17],[67,-13],[43,-27],[17,-36],[125,-39],[44,-54],[49,-37],[58,-16],[51,32],[52,18],[66,41],[64,60],[83,99],[83,9],[44,-27],[116,77],[16,2],[52,-57],[35,0],[34,47],[68,33],[123,-12],[61,-20],[125,-96]],[[20607,15650],[-31,-37],[-79,-125],[-54,-70],[-29,-25],[-57,-24],[-171,-36],[-89,-36],[-44,-38],[-50,-82],[-31,-86],[-11,-120],[47,-147],[41,-19],[-26,-31],[18,-48],[-20,-25],[10,-50],[70,-8],[13,-30],[-37,-37],[-45,-5],[-23,-34],[48,-79],[-39,-49],[-38,-21],[-33,17],[-27,-25],[16,-29],[-30,-55],[-67,-44],[-28,-2],[-3,-39],[-36,-46],[-35,-76],[-27,-35],[28,-53],[-9,-37],[-112,-55],[-40,-60],[-54,-6],[-16,-82],[24,-20],[-26,-41],[5,-26],[-26,-51],[-22,-19],[6,-60],[-15,-34],[11,-48],[21,-14],[7,-37],[56,0],[16,-15],[84,-20],[82,-33],[52,32],[162,-36],[100,-6],[44,-9],[123,-56],[41,3],[28,-20],[117,-10],[39,-37],[54,-12],[71,-57],[90,-58],[19,-22],[33,4],[56,-49],[33,12],[42,-29],[46,-56],[34,-11],[8,-31],[60,-24],[41,-40],[33,-9],[84,-130],[25,-18]],[[19791,21908],[0,6],[-575,235],[-98,36],[-729,298],[43,-5],[30,17],[52,-34],[33,6],[18,35],[67,24],[24,131],[26,45],[50,35],[40,16],[25,33],[21,0],[-8,58],[22,21],[13,46],[43,41],[20,49],[41,-17],[22,24],[-32,34],[-96,65],[25,84],[39,27],[31,57],[0,58],[16,61],[-30,80],[-45,44],[-19,49],[-55,86],[4,29],[36,52],[51,55],[29,46]],[[18925,23835],[47,50],[68,5]],[[19392,19904],[-23,-10],[-30,27],[-32,4],[-67,-45],[-111,-27],[-89,-41],[-81,-17],[-64,8],[-41,-11],[-53,-32],[-45,-6],[-44,37],[-45,24],[-60,-22],[-28,17],[-45,1],[-26,-14],[-23,37],[-2,41],[-38,-2],[-51,63],[-32,100],[20,36],[-31,55],[6,35],[-20,83],[19,39],[-24,28],[-40,9],[-20,24],[-52,3],[-54,46],[-136,-42],[-113,-61],[-43,-44],[-64,-7],[-162,-27],[-96,-33],[-122,-64],[-48,-12],[-125,16],[-38,-21],[-46,-60],[-46,-131],[-39,-23],[-54,22],[-58,47],[-129,59],[-82,-13],[-56,0],[-95,-22]],[[16614,19978],[21,209],[70,185],[16,92],[20,188],[11,66],[27,95],[63,166],[39,90],[-4,57],[52,132],[5,66],[-84,1],[-30,28],[-67,99],[-32,29],[-42,14],[-32,-99],[-15,-104],[-30,-46],[-38,-21],[-5,-29],[23,-59],[4,-37],[-34,-8],[-29,-40],[-110,-27],[-14,49],[1,37],[-18,42],[19,113],[-17,55],[84,60],[-23,32],[-47,16],[27,111],[41,50],[-27,28],[-96,3],[-15,37],[4,85],[-16,14],[-13,54],[65,-16],[105,-12],[52,-48],[43,22],[53,-21],[7,-27],[51,-5],[39,92],[85,-12],[37,4],[26,49],[-56,68],[-37,28],[-8,43],[-72,33],[-69,56],[-109,128],[-22,56],[126,-88],[75,-25],[40,63],[32,33],[13,-37],[35,28],[8,28],[-11,41],[18,40],[53,-5],[41,24],[12,48],[94,19],[81,27],[41,-11],[59,91],[56,12],[53,52],[-24,34],[16,83],[46,69],[82,-10],[84,44],[53,-9],[9,30],[-12,51],[41,23],[32,-10],[18,23],[28,92]],[[17692,23009],[97,95],[41,23],[67,1],[94,32],[151,113],[73,37],[118,50],[44,49],[54,106],[22,63],[31,50],[30,27],[101,24],[47,22],[57,71],[61,22],[85,19],[60,22]],[[20998,16280],[-3,-135],[-15,-98],[-21,-88],[-52,-120],[-25,-36],[-73,-63],[-67,-25],[-33,1],[-60,-31],[-42,-35]],[[17658,15047],[12,54],[60,135],[-17,50],[4,57],[-36,93],[7,52],[25,93],[-8,124],[-11,65],[-29,98],[-47,63],[-34,23],[-55,17],[-14,35],[-9,81],[15,25],[112,39],[33,27],[-15,51],[-151,134],[-7,48],[-51,45],[-83,14],[-45,41],[-41,10],[-31,30],[-23,58],[-57,-4],[-63,58],[-39,-43],[-34,-64],[-33,-91],[0,-43],[-43,-51],[-22,-82],[-19,-23],[-82,50],[-44,2],[-72,50],[-33,13],[-115,15],[-68,2],[-38,10],[-51,55],[-38,18],[-37,111],[-83,161],[51,132],[25,1],[16,58],[-40,20],[-41,-23],[-34,-1],[-35,-38],[-56,-27],[-34,-46],[-32,-14],[-56,-5],[-18,-50],[-47,48],[6,80],[-14,33],[-6,54],[-68,-51],[-27,0],[-56,-41],[-35,-1],[-34,36],[-14,61],[-4,91],[-15,63],[16,68],[-7,81],[31,69],[58,56],[-67,130],[-4,54],[28,29],[24,80],[-8,56],[-33,21],[-129,32],[-28,19],[-12,81],[-20,19],[-15,59],[-31,58],[-3,63],[53,48],[58,81],[205,352],[45,83],[44,67],[79,137],[48,71],[57,58],[108,76],[44,44],[43,57],[98,191],[45,149],[38,105],[124,215],[45,136]],[[16069,14024],[-69,41],[-97,82],[-76,35],[-82,-2],[-37,26],[-27,50],[-4,50],[-48,74],[-25,20],[-31,-37],[-61,-52],[-62,14],[-30,-22],[-6,-43],[-57,-20],[-80,-4],[-118,-92],[-60,2],[-79,-46],[-75,13],[-83,-50],[-67,20],[-11,42],[9,33],[-21,29],[-33,77],[-45,36],[-103,18],[-58,68],[-16,40],[-39,47],[-35,24],[-88,36],[-49,61],[-46,132],[-24,29],[-48,-15],[-19,-96],[13,-65],[92,-263],[-11,-30],[-30,-4],[-30,22],[-114,146],[-50,47],[-42,59],[-15,44],[-9,136],[-5,9],[-139,22],[-68,16],[-97,35],[-76,20],[-190,70],[-43,10],[-106,2],[-58,19],[-38,55],[-1,40],[-139,6],[-47,17],[-45,-12],[-37,10]],[[12884,15055],[19,88],[18,43],[64,8],[50,48],[24,81],[-13,98],[-43,75],[-28,87],[0,34],[38,30],[56,21],[51,82],[17,40],[76,81],[61,119],[2,39],[-23,26],[-49,28],[-9,49],[-28,37],[5,53],[35,66],[30,40],[-10,41],[16,22],[107,38],[13,37],[-147,155],[-16,37],[11,69],[-7,41],[-51,71],[-21,76],[-66,53],[-24,69],[2,56],[24,72],[58,122],[68,90],[74,33],[51,59],[64,26],[40,-9],[78,-54],[35,-33],[26,-2],[11,78]],[[13573,17475],[7,78],[-5,91],[63,63],[181,9],[105,43],[41,58],[84,77],[38,50],[44,34],[31,38],[36,19],[62,85],[85,139],[38,54],[11,51],[33,54],[54,53],[36,113],[-6,49],[49,207],[16,86],[-15,43],[59,72],[22,41],[1,37],[-40,138],[38,54],[2,115],[27,111],[-20,31],[7,39],[42,-10],[17,48],[61,58],[-9,23],[-53,19],[-1,56],[14,85],[-14,32],[28,56],[3,37],[32,11],[0,26],[76,66],[5,21],[-27,51],[-46,3],[-20,31],[-6,43],[54,45],[6,29],[44,52],[12,87],[26,48],[31,26],[23,49],[65,-5],[21,21],[-1,35],[43,33],[39,50],[80,34],[34,3]],[[15236,20770],[25,-17],[70,-111],[51,-61],[49,8],[47,-26],[29,-41],[61,-131],[34,-37],[91,-38],[80,-59],[91,-7],[38,-30],[62,-70],[36,-164],[31,-13],[70,17],[68,33],[53,-16],[38,1],[149,30],[36,32],[72,-18],[18,-59],[26,-20],[53,5]],[[19301,6701],[10,-64],[-45,-32],[-50,-6],[-234,9],[-96,-47],[-79,-148],[-72,27],[-71,40],[-51,-72],[-49,-46],[-229,-108],[-64,-7],[-72,-38],[-3,-63],[49,-37],[19,-66],[54,-46],[73,-1],[48,-81],[62,-43],[35,-69],[-35,-57],[-88,-22],[-30,-85],[-47,63],[-150,-8],[-72,16],[-54,24],[-88,3],[-133,-77],[-52,-47],[-15,-85],[-28,-93],[-62,-28],[-206,-11],[-107,-95],[-54,-32],[-18,-65],[-109,-196],[-63,-23],[-63,-53],[-23,-62],[-43,-45],[-64,44],[-56,-67],[-141,5],[-75,-23],[-26,-92],[-117,-93],[-45,-71],[-64,-59],[-58,8],[-71,21],[-107,14],[-53,33],[-73,-34],[-225,-206],[-81,-1],[-46,-43],[-27,-67],[15,-97],[-9,-130],[49,-46],[24,-64],[7,-87],[118,-74],[19,-83],[50,-52],[23,-74],[50,-58],[50,-96],[58,-6],[40,64],[22,84],[74,30],[58,-46],[33,-65],[-73,-96],[41,-131],[-7,-102],[20,-85],[58,-51],[-27,-79],[-142,-97],[-64,-57],[5,-109],[70,-22],[120,4],[53,-75],[31,-63],[-29,-86],[-73,-6],[-51,-57],[-46,-100],[-71,51],[-67,8],[-58,-76],[-72,18],[-123,-7],[-54,28],[-72,2],[-129,-59],[4,-73],[31,-68],[-39,-78],[-230,-138],[-48,-51],[-81,-112],[-15,-95],[86,-29],[110,39],[50,-42],[-50,-98],[-62,2],[-76,-62],[-33,-72],[-55,-33],[-104,27],[-82,-23],[-40,-48],[-51,-95],[-22,-97],[-98,25],[-54,25],[-76,3],[-88,-32],[-74,32],[-17,81],[-51,82],[-73,18],[-83,-37],[-85,-53],[-85,-30],[-57,21],[-55,54],[-81,39],[-99,-25],[-49,-55],[-64,-30],[-78,-22],[-74,-55],[-101,24],[-64,57],[-51,63],[-63,178],[13,69],[-28,92],[-58,42],[-41,77],[-86,-20],[-107,-63],[-79,-77],[107,-123],[-39,-67],[-155,-31],[-99,-1],[-20,-76],[7,-83],[-129,56],[-80,1],[-47,-95],[-74,-49],[-49,70],[-56,-17],[-76,-41],[-94,-1],[-99,-56],[-109,8],[-39,65],[-55,64],[-79,-27],[-55,-51],[-17,-76],[35,-63],[122,-53],[-102,-124],[-9,-125],[30,-75],[75,12],[65,-36],[13,-62],[-51,-110],[-58,-29],[-124,-20],[-30,-67],[-74,-56],[-57,-7],[-75,32],[-160,-78],[-87,-90],[-22,25],[-64,12],[-42,64],[-17,84],[-25,59],[-76,72],[-60,17],[-71,-5],[-51,-25],[-110,-25],[-80,12],[-123,102],[-55,101],[-41,95],[-36,35],[-58,1],[-42,-26],[-35,-58],[-57,-65],[-76,-74],[-31,-43],[-29,-65],[-24,-76],[-55,-101],[-55,-119],[-48,0],[-93,52],[-57,75],[-57,49],[-49,25],[-86,28],[-25,28],[-45,79],[-61,34],[-47,-33],[-40,-62],[-38,8],[-24,28],[-34,92],[-18,28],[-86,69],[-31,-11],[-123,76],[-49,64],[-11,68],[14,79],[46,92],[-2,61],[-28,80],[-2,69],[-34,44],[-100,-14],[-21,13],[-55,143],[-51,238],[-115,208],[-110,27],[-57,38],[-14,58],[-61,4],[-12,16],[-14,85],[-18,35],[-1,48],[-23,27],[-38,-2],[-41,-21],[-29,2],[-113,-61],[-42,9],[-10,42],[-4,82],[21,64],[1,127],[-22,74],[-64,62],[-58,104],[-85,74],[-74,32],[-42,41],[-49,64],[-66,48],[-34,15],[-43,-7],[-26,-26],[-52,-112],[-148,-231],[-50,-36],[-79,-29],[-21,-49],[51,-71],[-14,-97],[-12,-31],[-36,-20],[-27,-40],[-76,-46],[-14,-26],[-36,-11],[-48,16],[-100,55],[-63,8],[-76,-5],[-66,35],[-79,50],[-75,11],[-73,28],[-37,32],[-122,72],[-71,14],[-61,24],[-113,70],[-133,-21],[-20,4],[-21,58],[8,123],[-17,203],[-9,19],[-76,-12],[-33,39],[-1,74],[-23,50],[-65,35],[-71,-6],[-58,26],[-3,38],[18,65],[-14,36],[-33,37],[0,33],[18,37],[-12,47],[46,49],[16,51],[-60,29],[-37,28],[-48,9],[-58,-15],[-75,19],[-18,56],[-29,40],[-61,11],[-35,50],[-78,-43],[-60,-23],[-208,-95],[-62,31],[-40,-10],[-90,-82],[-88,14],[-52,25],[-28,30],[-74,-16],[-58,-42],[-3,-19],[34,-51],[61,-61],[17,-87],[9,-207],[-5,-114],[-35,-27],[-148,-2],[-144,-52],[-66,9],[-48,-60],[-137,-69],[-30,-36],[-24,-6],[-67,-66],[-36,-22],[-95,-4],[-32,45],[-68,23],[-6,53],[-25,21],[-75,7],[-38,-14],[-39,3],[-55,-15],[-94,62],[-39,16],[-34,-27],[-20,5],[-79,99],[-10,29],[-28,26],[7,54],[-21,17],[-76,3],[-125,-18],[-24,17],[-58,91],[-81,5],[-42,47],[-36,5],[-30,-27],[-38,-2],[-51,40],[-83,-14],[-48,38],[-78,16],[-68,-37],[-50,-42],[-57,4],[-69,-6],[-69,23],[-72,-18],[-41,1],[-87,49],[-64,52],[-64,35],[-30,0],[-47,-52],[-50,10],[-54,-40],[-70,-12],[-38,44],[-16,71],[-67,59],[-64,-1],[-32,36],[-60,20],[3,-53],[-46,-36],[-65,-32],[-52,-50],[-34,-14],[-117,46],[-2,32],[-30,47],[2,37],[52,44],[113,65],[21,47],[-1,34],[57,85],[21,48],[103,51],[94,-25],[41,-4],[39,17],[23,28],[-1,33],[-69,68],[1,79],[-57,73],[-32,86],[-21,34],[-102,79],[-7,30],[34,27],[19,51],[-7,81],[-11,37],[-40,37],[-5,52],[48,52],[-16,32],[-66,-7],[-30,-25],[-18,-36],[-34,14],[-2,104],[-36,44],[-69,31],[-40,-17],[-16,-46],[-33,2],[-6,35],[31,93],[35,48],[-11,35],[-40,23],[-49,-14],[-27,-58],[-37,-43],[-42,-23],[-28,4],[-31,31],[-41,71],[34,92],[-1,29],[-40,68],[-97,37],[-8,29],[89,123],[48,75],[107,75],[91,35],[60,-8],[154,13],[63,28],[10,30],[-11,65],[35,58],[24,67],[2,38],[-62,-2],[-52,-11],[-42,22],[-25,141],[-15,59],[-41,27],[-28,-53],[-35,2],[-23,28],[-28,67],[-15,56],[-2,79],[6,69],[21,52],[-9,59],[55,56],[8,44],[-24,38],[16,22],[82,-10],[71,-81],[130,-73],[75,54],[41,19],[72,17],[65,37],[8,71],[-33,133],[-4,61],[-90,36],[-22,47],[-15,140],[-4,80],[38,31],[35,-4],[44,-32],[31,-74],[52,-44],[75,-4],[103,67],[47,0],[28,-19],[14,-37],[32,-144],[61,-63],[14,-79],[19,-34],[25,-7],[50,18],[16,36],[-9,40],[-42,65],[19,64],[108,43],[31,26],[52,-18],[79,-81],[55,-32],[53,-14],[266,6],[102,29],[46,-8],[18,-50],[29,-28],[61,10],[39,53],[35,125],[4,55],[-6,110],[22,155],[18,36],[82,91],[8,54],[-28,53],[28,44],[102,5],[133,124],[47,52],[18,70],[38,86],[50,33],[52,55],[71,-2],[54,17],[46,39],[14,28],[2,62],[-25,45],[6,26],[119,137],[68,36],[35,116],[-22,7],[-52,-14],[-59,32],[2,42],[-47,15],[-103,-6],[-17,24],[71,56],[76,-7],[52,24],[45,3],[54,66],[25,61],[60,66],[18,46],[39,52],[-3,53],[-20,44],[13,53],[-45,24],[-47,-7],[-1,31],[20,24],[-14,24],[-31,3],[-12,-30],[-40,-2],[-34,-29],[-18,40],[66,53],[57,18],[-7,46],[7,33],[-11,49],[20,24],[102,26],[34,76],[39,8],[9,-47],[26,6],[-39,94],[-33,34],[-38,7],[23,78],[48,58],[63,46],[62,7],[13,-23],[38,-5],[60,53],[46,65],[8,44],[25,48],[-37,28],[-73,-42],[-42,8],[-37,51],[-41,-4],[-69,16],[-14,27],[49,20],[6,26],[-20,26],[22,31],[-1,32],[-25,43],[58,2],[11,64],[26,12],[21,45],[-18,27],[26,53],[-21,21],[40,81],[-7,43],[-17,18],[29,112],[42,3],[38,24],[27,-19],[41,21],[34,-26],[33,41],[-24,46],[27,33],[-26,21],[89,47],[16,22],[-3,59],[-47,85],[21,41],[31,6],[19,53],[46,29],[35,-10],[34,39],[86,53],[27,64],[-5,20],[-44,6],[51,78],[-16,23],[15,70],[31,87],[-46,32],[4,27],[27,25],[-6,27],[43,39],[69,12],[44,-54],[-6,-68],[10,-18],[59,-24],[75,61],[41,-10],[20,-43],[11,-54],[32,-32],[5,-27],[56,-31],[5,-97],[30,-29],[142,-4],[58,-13],[24,34],[8,36],[21,14],[42,-13],[60,-5],[53,24],[96,61],[47,11],[36,-25],[33,-42],[46,6],[52,-19],[66,42],[59,-21],[27,3],[48,47],[52,7],[45,33],[36,-1],[77,40],[53,4],[113,31],[54,46],[63,-28],[109,5],[54,17],[36,46],[45,34],[46,-1],[71,-42],[32,5],[31,-38],[81,-15],[65,10],[11,26],[-19,25],[12,31],[-24,14],[3,36],[-24,76],[12,67],[45,9],[65,-41],[15,-24],[-2,-44],[23,-23],[85,-18],[40,-56],[40,-12],[23,-35],[59,-19],[33,18],[14,53],[36,16],[39,-93],[28,-24],[112,-17],[88,9],[71,32],[45,98],[59,45],[97,32],[38,28],[70,2],[-41,55],[9,51],[-36,19],[82,17],[42,-20],[38,-32],[22,17],[-85,73],[11,17],[53,-3],[28,12],[35,-13],[43,5],[-4,33],[60,-2],[7,-46],[54,-58],[49,0],[14,-21],[-22,-65],[-9,-55],[9,-25],[58,-18],[45,-46],[56,-98],[106,-40],[22,-19],[-27,-30],[13,-21],[64,-14]],[[8553,11360],[4,-68],[18,-29],[31,-15],[76,11],[51,-37],[19,-50],[35,-32],[16,-32],[77,-46],[35,-49],[52,-35],[71,-88],[35,-23],[64,-17],[42,-64],[39,-44],[68,-32],[50,-10],[53,46],[11,-7],[-8,-67],[20,-86],[35,-48],[27,-12],[45,-61],[92,-106],[54,-71],[57,-37],[34,-2],[48,26],[45,10],[18,-44],[-13,-91],[26,-40],[35,-20],[48,-50],[110,-10],[45,-49],[2,-18],[-30,-51],[59,-77],[-7,-57],[40,-50],[-20,-45],[55,-71],[-7,-58],[51,-20],[8,-23],[-25,-23],[-3,-54],[44,-57],[36,2],[80,-15],[-6,-42],[43,-33],[1,-21],[46,-24],[24,-39],[21,-66],[-1,-48],[-34,-42],[-72,-20],[-37,-20],[16,-36],[-9,-28],[-51,-32],[16,-24],[53,-6],[85,24],[35,31],[22,0],[11,-70],[25,-20],[41,43],[28,10],[41,-54],[46,-15],[49,12],[-11,38],[10,35],[59,-31],[42,56],[-32,49],[11,38],[97,87],[67,49],[64,15],[55,-4],[30,36],[1,38],[37,10],[54,-36],[29,-7],[17,-30],[35,-96],[49,-37],[56,-15],[52,-65],[64,-14],[47,-31],[85,13],[17,-14],[-16,-38],[34,-70],[45,-46],[6,-92],[15,-29],[-1,-66],[47,-19],[36,38],[44,-7],[37,15],[50,-23],[42,-3],[21,-27],[3,-42],[18,-31],[34,-93],[31,-46],[-3,-63],[19,-48],[-4,-24],[-55,-53],[39,-86],[142,-26],[27,-30],[0,-56],[-18,-40],[-5,-59],[34,-162],[41,-32],[-3,-21],[-48,-93],[23,-28],[-15,-55],[23,-35],[37,5],[25,-37],[1,-73],[67,-104],[6,-52],[56,-5],[9,-20],[-2,-57],[34,-37],[46,-21],[37,-49],[28,-6],[80,24],[27,45],[80,49],[67,-26],[47,2],[21,-17],[18,-50],[68,-7],[15,-12],[11,-78],[37,-41],[43,-2],[58,-31],[26,-45],[53,-16],[60,-2],[73,-15],[71,-27],[41,-29],[45,-12],[73,14],[46,-8],[25,17],[8,80],[50,73],[63,-4],[43,-34],[30,-37],[37,-81],[28,-90],[48,21],[81,50],[0,79],[20,41],[23,18]],[[17692,23009],[-43,-42],[-136,-49],[-17,9],[-27,99],[-45,41],[-127,68],[-84,26],[-18,29],[-10,58],[-117,73],[-80,10],[-68,-8],[-87,-25],[-20,5],[-42,92],[-50,228],[-24,50],[-28,14],[-57,-2],[-46,-30],[-78,-80],[-105,-54],[-40,-29],[-45,-47],[-19,-36],[-37,-31],[-42,-66],[-58,-44],[-35,-78],[-34,-115],[-23,-9],[-82,94],[-43,25],[-65,10],[-108,-7],[-84,13],[-43,31],[-23,52],[-29,27],[-61,6],[-50,-17],[-68,-13],[-103,-9],[-6,-76],[-12,-40],[-67,-74],[-16,-51],[-83,-47],[-108,-20],[-79,-34],[-31,-24],[-78,-90],[-53,-19],[-91,16],[-68,27],[-23,-9],[-24,-72],[-47,-41],[-69,-14],[-42,-20],[-63,-2],[-99,10],[-9,-18],[48,-90],[-25,-78],[-26,-108],[-41,-72],[-14,-96],[34,-103],[-4,-47],[-50,-96],[-47,-37],[-62,-23],[-64,-70],[-43,-83],[-55,-59],[-12,-29],[31,-78],[-3,-63],[-87,-89],[-31,-72]],[[13772,21387],[-24,-5],[-63,-58],[-7,-85],[-18,-14],[-115,22],[-41,-25],[-23,-92],[-36,-45],[-44,-34]],[[13401,21051],[-180,212],[-67,-181],[-177,53],[-77,-5],[-85,-76],[-136,-196],[-382,0],[-115,77],[-34,-2],[-74,-53],[-96,12],[-195,170],[0,10],[-61,110],[-59,78],[-13,29],[1,49],[19,61],[35,33],[-82,226],[-11,5],[-263,-251],[-161,-7],[-596,12],[-108,4]],[[10484,21421],[-29,56],[-88,69],[-145,170],[-17,26],[-17,88],[-16,34],[12,84],[73,134],[22,10],[8,49],[-4,137],[10,94],[24,76],[25,28],[49,31],[3,42],[-20,23],[-33,77],[-4,108],[48,49],[-18,82],[-46,15],[26,117],[0,75],[-26,65],[-3,58],[-30,82],[-2,30],[49,76],[12,34],[-10,52],[5,96],[-14,39],[-38,44],[-74,67],[25,38],[76,25],[68,1],[80,67],[87,87],[-12,59],[19,50],[42,50],[54,26]],[[10655,24141],[101,7],[59,28],[49,-8],[50,-49],[88,-55],[52,1],[24,15],[49,63],[54,21],[137,16],[53,20],[72,-6],[134,-58],[34,-1],[80,81],[58,76],[59,135],[8,53],[-9,89],[-13,35],[20,89],[18,45]],[[11832,24738],[11,26],[46,51],[61,42],[58,23],[52,35],[57,66],[51,-4],[53,19],[31,59],[12,78],[23,38],[20,112],[-11,32],[43,17],[49,48],[97,71],[57,58],[47,23],[39,39],[-21,43],[-7,47],[10,97],[32,41],[110,40],[96,53],[77,19],[66,72],[155,101],[9,19],[0,98],[48,-25],[88,-25],[47,-5],[165,27],[64,-20],[49,-40],[43,-10],[96,60],[172,33],[94,33]],[[14021,26229],[23,-53],[75,-105],[37,-35],[60,-34],[131,-40],[94,-17],[152,0],[72,10],[152,6],[142,34],[29,12],[43,-10],[36,8],[72,-30],[29,-32],[48,-28],[108,15],[83,62],[57,21],[39,38],[217,84]],[[15720,26135],[-38,-49],[2,-25],[42,-83],[5,-47],[39,-68],[21,41],[36,14],[40,-18],[58,-97],[5,-31],[59,-35],[36,28],[51,2],[59,-35],[6,-71],[-17,-77],[21,-26],[62,15],[57,-84],[136,1],[16,21],[55,13],[-4,-74],[76,-74],[91,-18],[24,-15],[24,-50],[34,-15],[51,6],[32,-45],[41,1],[35,31],[44,22],[79,-9],[36,10],[28,-52],[27,-4],[115,32],[74,-22],[25,20],[13,36],[-7,76],[-27,90],[26,61],[70,5],[34,-9],[92,-4],[84,5],[85,15],[50,20],[66,-47],[79,-66],[38,-55],[18,-46],[72,-35],[117,-20],[37,-20],[-1,-20],[43,-35],[9,-22],[68,-6],[67,5],[26,-21],[50,18],[101,52],[24,19],[23,42]],[[18560,25306],[39,-74],[-15,-49],[28,-51],[-1,-93],[-17,-42],[22,-23],[66,-18],[59,3],[25,-40],[-16,-91],[12,-130],[-61,-102],[-56,-61],[-42,-67],[-46,-54],[-19,-37],[5,-31],[74,-131],[60,-42],[118,-59],[50,-7],[50,5],[34,-28],[9,-32],[39,-73],[63,-89]],[[13573,17475],[-70,95],[-368,479],[-37,59],[-5,32],[-37,0],[-83,35],[40,78],[-28,94],[-15,6],[-92,-4],[-43,13],[-24,49],[5,102],[-51,38],[5,51],[-18,44],[3,49],[-24,97],[24,54],[-21,57],[-88,29],[-12,22],[-9,76],[35,71],[78,65],[10,45],[-37,69],[34,86],[-12,51],[27,79],[120,-5],[55,-16],[46,38],[8,39],[35,33],[75,-1],[53,16],[43,-11],[57,3],[47,-65],[26,-8],[65,51],[46,57],[21,57],[-10,90],[-35,85],[-55,56],[-53,34],[-25,44],[-69,1],[-3,57],[38,45],[42,35],[23,37],[-19,92],[-1,108],[7,44],[46,61],[2,46],[36,38],[45,-3],[28,14],[20,43],[-13,67],[-46,27],[-10,19],[23,104],[-9,39],[-47,76],[-5,38],[34,70]],[[13772,21387],[-31,-60],[2,-56],[29,-107],[95,-15],[18,-59],[40,-40],[71,16],[40,-44],[38,-25],[114,-26],[96,-42],[95,9],[88,-19],[36,-49],[4,-92],[25,-58],[25,-33],[36,-9],[75,35],[42,3],[144,-23],[45,-17],[58,3],[22,16],[33,57],[71,36],[47,14],[106,-32]],[[6932,22720],[153,-1],[95,-46],[43,-6],[28,-25],[-3,-39],[26,-6],[56,19],[51,-22],[52,-8],[61,11],[36,-16],[73,-14],[51,-69],[-3,-64],[34,-132],[74,-58],[93,-20],[53,-28],[46,-37],[75,-44],[30,-53],[12,-58],[98,-59],[94,-9],[22,-9],[106,-13],[61,18],[23,-2],[23,29],[55,3],[22,-19],[62,-12],[56,-49],[9,-58],[33,-39],[17,-45],[-6,-60],[9,-47],[20,-28],[13,-64],[37,-64],[21,-80],[63,-16],[17,-19],[3,-56],[33,-39],[89,-25],[28,5],[46,61],[38,7],[62,-8],[39,-40],[29,-9],[67,-43],[25,-53],[47,-23],[97,-78],[35,-53],[36,-22],[86,16],[105,44],[63,-33],[94,24],[38,-18],[11,-45],[0,-61],[-17,-146],[-1,-92],[10,-43],[33,-62],[31,-23]],[[10050,20547],[-6,-35],[46,-63],[-28,-29],[-30,-53],[-44,-120],[-16,-103],[15,-54],[-5,-66],[31,-93],[-46,-81],[-25,-87],[-2,-34],[17,-29],[82,-80],[35,-86],[0,-70],[-19,-24],[-20,-69],[-35,-57],[-67,-36],[-99,-132],[-13,-47],[-35,-41],[23,-75],[24,-15],[65,-75],[27,-58],[3,-88],[12,-129],[-29,-45],[5,-56],[-52,-32],[-37,-64],[-18,-68],[-96,-112],[-60,-58],[17,-92],[32,-54],[20,-56],[-13,-192],[8,-45],[30,-37],[71,-128],[18,-81],[-6,-36],[-46,-103],[-44,-60],[-103,-181],[-16,-98],[5,-112],[55,-140],[-134,-238],[70,-63],[-7,-203],[-74,-104],[107,-196],[41,-111],[-178,-137],[63,-272],[97,-27],[-78,-200],[81,-93],[37,-96],[4,-89],[-130,-188],[-52,-45],[-22,-3],[-148,-74],[-48,-45],[-104,-115],[-93,-140],[-1,-12]],[[9112,14317],[-39,3],[-107,60],[18,55],[-72,50],[-29,51],[-29,87],[-14,74],[-20,24],[-9,48],[-19,33],[-38,35],[15,67],[-9,53],[23,79],[-20,54],[-61,9],[-32,17],[10,66],[-32,52],[-45,35],[-141,52],[-32,27],[-43,0],[-41,16],[-15,35],[1,54],[-51,8],[-12,27],[35,23],[16,53],[-22,43],[3,37],[112,57],[21,36],[56,42],[-40,88],[38,144],[-97,13],[-30,-11],[-59,36],[-28,-59],[-56,-25],[-17,12],[9,95],[-12,29],[-48,41],[-27,50],[-10,68],[62,90],[-5,63],[-37,30],[-4,20],[31,28],[44,2],[42,25],[-8,26],[40,47],[-5,102],[33,34],[-5,46],[13,34],[-7,44],[-64,56],[14,41],[-25,31],[23,28],[1,31],[-56,97],[-65,10],[-30,-15],[-76,24],[-75,3],[-14,-27],[-29,0],[-24,-62],[-36,-6],[-32,18],[-88,-15],[-33,39],[-47,9],[-67,41],[-96,133],[-36,70],[25,62],[-29,66],[7,28],[-40,4],[-26,20],[-12,56],[7,62],[-14,34],[5,32],[-18,28],[-28,3],[-2,37],[-44,81],[29,45],[-38,25],[-71,9],[-32,36],[-40,17],[3,77],[-55,60],[-32,77],[17,64],[-7,36],[-42,55],[-41,28],[-42,8],[-1,56],[-69,24],[-26,19],[-10,45],[27,52],[14,148],[7,22],[85,54],[8,47],[-19,70],[-10,68],[-53,114],[-2,63],[-36,79],[9,28],[2,98],[-56,78],[-16,71],[19,46],[-11,21],[16,153],[18,62],[-7,65],[-60,54],[-52,-22],[-48,-4],[-60,23],[-74,8],[-46,24],[-23,26],[-64,-31],[-72,8],[-47,-23],[-43,26],[-60,-17],[-24,11],[-11,42],[14,18],[-22,55],[-61,75],[-15,39],[13,38],[26,-7],[31,36],[-21,43],[24,22],[-47,52],[-32,-3],[-37,19],[-4,27],[-28,23],[-35,-15],[-40,10],[-44,28],[-22,50],[-32,13],[-13,45],[-30,33],[20,16],[-62,52],[40,57],[24,4],[26,33],[25,6],[16,49],[-31,84],[-33,36],[18,34],[50,32],[-6,95],[-28,-18],[-36,57],[15,39],[52,88],[-6,52],[36,22],[-45,38],[31,15],[113,-38],[36,36],[16,32],[54,-51],[39,19],[22,48],[55,-5],[52,55],[-47,77],[72,156],[-23,32],[51,41],[96,-30],[56,-8],[123,19],[25,19],[63,13],[85,48],[78,82],[19,41],[30,27],[14,56],[-8,29],[53,20],[8,54],[-26,51],[44,52],[16,56],[-18,61],[-9,105],[-30,112],[-33,55],[38,49]],[[10484,21421],[-1,-25],[-40,-26],[-7,-51],[30,-76],[-15,-43],[-83,-14],[-23,-26],[-11,-45],[-6,-75],[55,-175],[-8,-30],[-122,-55],[-66,-18],[-29,-53],[-61,-139],[-47,-23]],[[6932,22720],[66,113],[30,116],[-6,37],[2,110],[25,59],[13,71],[27,37],[49,37],[85,5],[43,-16],[20,-41],[59,-27],[55,10],[3,40],[68,30],[31,48],[2,33],[-28,75],[9,20],[74,46],[43,35],[62,5],[51,19],[62,79],[-3,74],[19,96],[52,87],[26,68],[55,32],[61,98],[16,37],[-3,40],[-44,69],[19,36],[31,17],[28,39],[41,22],[-3,37],[63,91],[46,113],[8,84],[23,16],[9,41],[25,39],[-7,70],[-39,41],[-10,68],[13,56],[-6,41],[14,43],[48,36],[83,18],[48,28]],[[8390,25198],[269,-30],[19,-15],[22,-114],[29,-63],[45,-16],[91,48],[87,117],[40,77],[29,22],[102,19],[85,2],[63,29],[30,38],[25,55],[50,19],[97,-46],[43,-49],[27,-11],[73,25],[68,-44],[44,28],[58,-26],[64,51],[47,0],[-4,-47],[16,-24],[-18,-46],[-55,-75],[-64,-110],[-32,-100],[29,-97],[-31,-66],[50,-66],[11,-75],[24,-32],[49,-31],[49,-4],[120,3],[29,-19],[66,0],[-9,-73],[42,-37],[25,-38],[27,-15],[8,-34],[48,-65],[-8,-38],[-29,-51],[9,-47],[19,-17],[62,-14],[110,1],[50,10],[73,72],[45,12],[47,-50]],[[20037,25672],[-87,18],[-70,36],[-41,-14],[11,76],[0,140],[84,66],[130,93],[4,22],[107,94],[31,-7],[32,114],[-41,15],[8,96],[21,85],[22,56],[-62,7],[-176,74],[-134,52],[-163,73],[197,529],[32,67],[-29,17],[-28,-23],[-16,29],[-52,13],[-27,58],[-137,61],[-38,-5],[6,-57],[-87,31],[-92,14],[-63,-14],[-22,188],[21,33],[-2,51],[12,51],[-47,5],[-16,122],[56,6],[31,298],[-88,17],[15,25]],[[19339,28284],[217,-29],[146,-14],[52,9],[58,28],[91,100],[42,15],[120,-25],[264,-85],[100,-51],[135,-102],[159,-138],[69,-39],[191,-72],[54,2],[79,21],[78,77],[67,77],[15,3]],[[19339,28284],[-83,23],[-106,63],[-78,28],[-75,5],[-101,-19],[-109,-34],[-274,13]],[[18513,28363],[12,84],[-8,53]],[[18517,28500],[-9,54],[15,63],[42,88],[99,112],[49,47],[116,54],[35,28],[45,93],[32,28],[15,120],[-10,60],[-66,97],[-26,17],[-43,104],[-46,26],[-18,61],[-1,47],[24,91],[37,55],[37,41],[38,25],[31,67],[42,19],[49,52],[6,32],[39,94],[26,29],[-9,74]],[[19066,30178],[174,-68],[14,-23],[271,-109],[13,42],[66,-20],[108,-10],[184,90],[58,78],[19,81],[46,-67],[9,-56],[27,-48],[157,-22],[63,18],[14,-25],[-13,-41],[16,-42],[49,-8],[36,-20],[186,1],[26,9],[236,9],[34,-61],[17,-58],[-31,-75],[13,-40],[22,3],[26,64],[23,28],[72,42],[21,22],[-45,76],[77,68]],[[19347,25245],[-20,121],[-140,-28],[-18,-10],[-49,42],[-24,88],[-17,98],[70,43],[-10,38],[135,25],[-36,203],[-87,36],[-118,-17],[-19,47],[-71,-26],[-107,68],[-74,-16],[-22,23],[-38,-44],[-12,-61],[35,-44],[-40,-19]],[[18685,25812],[-18,69],[25,75],[-77,47],[-22,22],[-81,125],[-4,22],[17,155],[-19,37],[-119,143],[-10,30],[36,61],[6,61],[-5,99],[-39,62]],[[18375,26820],[9,27],[-22,86],[-41,93],[3,21],[43,53],[12,48],[-34,71],[38,91],[52,30],[78,58],[17,79],[4,54],[-11,285],[3,180],[37,102],[0,180],[-50,85]],[[15720,26135],[17,72],[0,72],[-9,49],[18,31],[49,-1],[140,-22],[25,39],[-38,50],[-7,48],[-31,13],[6,50],[56,9],[4,32],[-51,30],[-17,35],[7,50],[19,41],[25,-15],[58,-11],[37,18],[53,-14],[18,-31],[52,-6],[10,49],[15,8],[69,-25],[30,7],[35,-17],[21,29],[24,88],[67,47],[20,66],[-16,125],[-44,6],[15,77],[47,54],[2,25]],[[16446,27213],[-53,-15],[-14,17]],[[16379,27215],[124,58],[154,1],[97,-30],[173,-21],[48,2],[77,-52],[40,-80],[97,-89],[56,-63],[25,-66],[56,-32],[-41,-31],[8,-28],[-39,-29],[-16,-57],[-43,-40],[-12,-32],[-5,-117],[-28,-70],[-53,-72],[-3,-77],[12,-35],[134,-59],[-18,-57],[33,-29],[62,-37],[30,2],[30,23],[71,-57],[-13,-76],[-55,-57],[-12,-48],[55,1],[85,54],[96,6],[39,-9],[42,-37],[41,32],[61,30],[57,112],[44,17],[51,-12],[52,18],[17,29],[-3,51],[37,71],[65,61],[10,76],[17,36],[66,64],[32,3],[34,29],[-37,50],[13,69],[21,39],[52,29],[29,38],[5,64],[26,39]],[[18685,25812],[-4,-24],[-32,-27],[-5,-43],[19,-26],[-31,-74],[9,-32],[-81,-115],[1,-70],[-33,-38],[32,-57]],[[16379,27215],[-11,102],[-33,52],[36,20],[16,35],[-4,36],[-38,7],[20,48],[18,91],[49,6],[-24,90],[-32,46],[51,71],[-4,37],[-35,12],[-30,43],[-10,51],[30,27],[79,49],[9,67],[-5,41],[-39,56],[-32,-2],[-44,33],[6,50],[-12,28],[4,41],[-21,19],[64,36],[64,-66],[2,36],[62,90],[90,46],[39,82],[38,17],[6,39],[38,43],[53,9],[306,16],[61,12],[56,20],[122,86],[33,7],[49,46],[40,58],[11,40],[35,26]],[[17492,29014],[94,0],[72,-18],[66,-34],[66,-43],[6,-77],[73,-51],[125,-115],[77,-28],[110,-26],[41,-17],[33,-48],[24,-76],[43,-37],[64,-9],[69,32],[30,46],[32,-13]],[[17492,29014],[-48,-7],[-629,5],[-104,18],[-112,75],[-81,79],[-73,94],[-27,177],[-39,85],[-71,48],[-73,39],[-54,43],[-42,73],[-17,76],[5,55],[-20,110],[-24,47],[-82,78],[-79,32],[-125,104],[-67,95],[-123,221],[-26,24]],[[15581,30585],[71,13],[133,61],[88,22],[57,45],[30,5],[87,-38],[7,-45],[32,-18],[43,-1],[59,-88],[0,-13],[83,12],[22,-6],[23,-45],[39,-40],[204,-19],[45,-16],[27,8],[34,-22],[58,-4],[71,5],[48,41],[69,29],[20,42],[49,46],[77,-44],[30,-51],[20,-3],[51,41],[34,12],[34,-8],[92,-51],[45,11],[45,-27],[47,42],[88,-18],[19,-28],[65,-60],[57,7],[39,53],[52,2],[5,36],[38,2],[94,23],[38,25],[66,-29],[41,39],[48,17],[44,1],[7,18],[44,3],[51,-33],[33,9],[36,48],[69,-91],[53,-18],[86,-6],[19,-33],[53,-24],[16,-90],[14,-20],[43,14],[12,60],[53,11],[80,-55],[120,48],[61,129],[-12,79],[23,57],[6,45],[-18,43],[16,56],[3,47],[32,31],[25,53],[56,30],[76,23],[52,73],[32,82]],[[19290,31140],[57,-53]],[[19347,31087],[-9,-31],[-4,-87],[13,-55],[41,-95],[-20,-42],[-62,-24],[-40,-43],[-14,-39],[-7,-72],[18,-65],[48,-28],[33,-62],[-33,-30],[3,-26],[-59,1],[-53,-35],[-47,-9],[-31,-21],[-58,-146]],[[16446,27213],[-34,-25],[-165,-58],[-75,-54],[-23,-41],[-71,-22],[-71,-1],[-133,-97],[-26,-7],[-50,10],[-70,45],[-8,38],[-31,13],[-42,-13],[-163,-131],[-38,-70],[-58,-1],[-69,-16],[-59,-28],[-54,5],[-86,44],[-38,44]],[[15082,26848],[-37,42],[-46,29],[-14,36],[-1,87],[33,90],[6,37],[-29,39],[9,53],[-31,69],[-77,97],[-63,26],[-29,30],[-3,41],[30,76],[-3,25],[59,125],[29,19],[-1,42],[20,88],[-13,59],[-28,47],[-43,49],[-33,132],[-42,36],[-15,29],[-39,14],[-45,-35],[-34,33],[-29,-12],[-79,29],[-38,32],[-49,57],[-43,90],[-31,48],[-25,8],[-82,-46],[-55,17],[-30,-6],[-56,-78],[-13,-7],[-87,3],[-47,15],[-89,55],[-58,83],[-1,96],[-42,114],[1,108],[-74,4],[-36,-6]],[[13679,28867],[128,59],[389,131],[-27,59],[33,48],[-60,24],[-6,13],[-97,31],[-31,32],[-6,42],[86,21],[28,18],[124,41],[73,14],[9,87],[-71,90],[-43,18],[-58,67],[-108,83],[-106,22],[-115,5],[-20,26],[6,122],[-8,78],[4,58]],[[13803,30056],[37,-45],[60,-35],[68,-4],[121,13],[90,33],[101,-2],[91,-37],[26,3],[89,-11],[47,9],[24,17],[19,68],[117,189],[-22,62],[81,31],[84,21],[137,-8],[77,7],[6,46],[-25,123],[30,90],[-7,156],[-12,35],[17,42],[97,31],[45,62],[82,20],[71,-3],[71,27],[42,53],[33,18],[31,-81],[2,-64],[-17,-58],[-15,-86],[17,-107],[26,-46],[37,-40]],[[15082,26848],[-104,-66],[-41,-5],[-168,3],[-93,-20],[-34,-1],[-143,50],[-55,-2],[-100,-34],[-12,-48],[-85,-81],[-58,-19]],[[14189,26625],[7,29],[-10,73],[-47,76],[-41,19],[-71,-24],[-48,40],[-39,86],[-48,43],[-14,29],[-44,13],[-42,28],[-67,85],[7,44],[-27,51],[18,20],[-27,42],[4,37],[31,83],[53,26],[0,85],[-32,115],[-46,84],[-44,43],[-53,16],[-32,59],[-19,58],[-2,52],[12,47],[46,46],[-61,107],[-64,131],[-46,48],[-34,11],[-48,-14],[-56,-46],[-76,-1],[-50,-13],[-50,30],[-34,129],[-27,45],[-6,100],[30,29],[32,3],[-30,234]],[[13094,28823],[60,-11],[71,-33],[82,-25],[60,16],[22,65],[18,2],[62,-53],[58,-5],[88,58],[64,30]],[[11832,24738],[-21,20],[36,87],[-16,35],[-38,-18],[-43,7],[-36,76],[-34,37],[-81,64],[-98,179],[-52,46],[-34,16],[-101,6],[-28,-6],[-47,-75],[-56,-51],[-45,-53],[-37,-17],[-166,168],[-7,21],[-61,7],[-51,-8],[-61,48],[-162,91],[-51,17],[-44,0],[-122,43],[-48,48],[-26,63],[-23,25],[-41,16],[-40,-2],[-68,-18],[-25,14],[-25,37],[-41,23],[-7,52],[5,64],[35,53],[67,30],[49,48],[35,47],[25,13],[47,-4],[70,41],[18,40],[5,56],[37,67],[-32,47],[12,50],[70,35],[43,115],[-8,135],[22,77],[50,19],[30,60],[20,64],[4,44],[36,47],[91,48],[-57,53],[-23,7],[-69,111],[-69,74],[-21,74],[-72,-33],[-42,-45],[-79,2],[-53,-29],[-86,-84],[-67,-26],[-62,19],[-37,-17],[-58,-49],[-36,-14],[-83,-4],[-43,-15],[-63,-3],[-35,-12],[-48,-34],[-13,-55],[27,-36],[32,-121],[-53,-77],[-34,-13],[11,-62],[-36,-29],[-54,36],[-40,37],[-13,74],[-28,63],[-38,-30]],[[9421,26694],[-16,49],[-28,34],[-51,35],[-50,14],[-128,-1],[-15,12],[-17,94],[0,96],[-21,47],[11,81],[-30,62],[-15,86],[29,171],[-14,83],[26,14],[174,9],[103,52],[69,78],[109,13],[22,22],[47,17],[104,-1],[71,26],[63,4],[56,53],[94,25],[52,63],[45,5],[2,41],[30,37],[-10,28],[-31,6],[-42,28],[-12,44],[40,32],[-60,52],[-68,-2],[-38,13],[-8,57],[-47,22],[-21,24],[24,85],[-12,45],[33,50],[-17,24],[12,61],[-18,88],[19,46],[50,21],[22,102],[43,59],[5,94],[-12,40],[-65,69]],[[9930,29103],[32,5],[113,-14],[108,-44],[45,-2],[45,35],[39,81],[-1,70],[75,52],[117,-9],[102,-48],[54,-6],[148,101],[69,33],[45,0],[55,-22],[32,19],[39,51],[45,23],[54,1],[122,-29],[47,13],[35,52],[18,55],[29,39]],[[11397,29559],[75,-27],[70,-43],[72,-68],[73,-94],[45,1],[69,-18],[63,-56],[54,-7],[74,-35],[11,33],[65,3],[67,16],[40,-31],[35,-12],[91,39],[21,-7],[60,-134],[18,-15],[63,10],[37,-6],[183,-114],[116,-80],[142,-72],[58,-15],[99,15],[-4,-19]],[[14189,26625],[-31,-47],[-2,-26],[16,-83],[-61,-69],[-23,-97],[-23,-46],[-44,-28]],[[18166,33632],[7,-59],[28,-60],[1,-34],[56,-92],[92,-94],[46,-24],[82,-16],[68,-104],[-1,-54],[20,-42],[52,-52],[70,-23],[26,-65],[31,-32],[1,-50],[-12,-98],[12,-50],[68,-38],[35,-43],[-1,-148],[21,-56],[-9,-96],[21,-52],[-7,-63],[21,-81],[42,-62],[17,-40],[74,-104],[16,-98],[-9,-19],[8,-55],[-4,-53],[22,-125],[25,-24],[130,-156],[60,-52],[25,-49],[7,-72],[-17,-57]],[[13803,30056],[-14,70],[-28,17],[-120,6],[-52,13],[-36,31],[-107,-53],[-101,-34],[-67,-7],[-71,13],[-51,24],[-41,7],[-58,-23],[-21,4],[-48,58],[-77,13],[-69,-21],[-42,6],[-61,-38],[-96,30],[-55,49],[-103,16],[-48,-33],[-36,-64],[-32,6],[-22,74],[-120,69],[-55,-17],[-241,69],[-11,-33],[7,-33],[-34,-52],[-21,-4],[-25,37],[-39,4],[8,-41],[-6,-67],[-33,-20],[39,-89],[-44,-39],[-30,-59],[-130,-56],[-28,-27],[-33,16],[-107,-61],[8,-49],[-46,-7],[-46,-90],[-1,-94],[38,-18]],[[9930,29103],[-68,-5],[-47,34],[-58,-4],[-48,41],[-62,-1],[-45,50],[-31,67],[-34,43],[-3,83],[-29,30],[-18,63],[-111,98],[-126,136],[-29,86],[-23,107],[-70,58],[-34,82],[-42,69],[-19,75],[-36,36],[-49,18],[-93,-9],[-43,45],[-5,51],[23,56],[41,55],[138,135],[-10,55],[-23,31],[-80,80],[-60,92],[7,49],[93,97],[101,132],[25,54],[34,131],[19,145],[2,56],[-41,61],[-50,52],[-46,22],[20,62],[-8,79],[21,31],[63,18],[42,-35],[32,5],[1,38],[-64,32],[-20,22],[2,69],[20,35],[45,47],[-6,35],[-58,23],[-16,43],[23,48],[54,48],[-14,41],[-46,-29],[-108,15],[-27,25],[-27,65],[-24,-12],[0,-58],[-49,-17],[-21,42],[-29,-5],[-56,34],[-61,8],[-3,55],[-44,17],[-120,91],[-38,9],[-35,-21],[-52,9],[-26,-6],[-54,-59],[-70,-14],[-110,76],[-19,27],[-35,107],[-29,33],[-62,4],[-65,30],[-40,65],[-42,14]],[[7825,32805],[81,-7],[149,-5],[107,23],[81,38],[160,31],[95,95],[76,11],[62,-23],[116,0],[101,23],[186,-26],[112,3],[70,50],[92,29],[77,0],[154,27],[77,-19],[103,23],[63,54],[35,21],[66,-11],[26,-36],[63,-30],[104,-1],[18,-20],[-2,-83],[22,-29],[160,10],[56,12],[34,19],[116,85],[60,36],[59,46],[57,21],[75,79],[59,35],[36,36],[94,37],[81,7],[29,11],[42,68],[24,126],[24,63],[28,36],[58,46],[27,104],[6,72],[25,73],[16,104],[23,39],[56,40],[70,-17],[86,16],[52,18],[43,-19],[47,7],[44,20],[64,6],[60,-41],[51,11],[26,63],[43,10],[26,26],[-3,78],[40,106],[58,59],[81,41],[107,43],[33,27],[13,29],[-6,35],[-24,33],[-99,62],[-44,18],[-106,-3],[-65,-21],[-107,17],[-60,15],[-10,21],[11,57],[31,26],[48,-11],[38,9],[48,54],[27,43],[34,97],[53,51],[100,44],[49,15],[59,-13],[59,6],[55,20],[68,-49],[33,9],[-13,81],[20,50],[41,18],[91,-13],[34,3],[33,29],[7,50],[-36,68],[1,23],[36,36],[29,5],[101,-12],[49,-41],[19,-39],[39,-26],[49,-13],[46,1]],[[13043,35386],[30,-22],[-5,-70],[32,-22],[71,29],[56,-8],[57,27],[32,-7],[51,-43],[102,-2],[54,-14],[105,44],[59,45],[68,89],[33,5],[4,-115],[26,-36],[-34,-42],[-53,-8],[-11,-23],[19,-76],[54,-8],[31,24],[23,-10],[17,-49],[42,-56],[23,-5],[51,-63],[24,10],[8,50],[31,-16],[77,-9],[45,-37],[15,-43],[-10,-29],[61,-25],[11,-20],[56,-7],[-15,-55],[32,-22],[15,47],[27,17],[29,-55],[79,20],[23,-30],[82,18],[60,-6],[59,-20],[46,31],[88,8],[26,-29],[40,72],[29,-24],[31,19],[37,-21],[29,3],[73,-29],[-13,47],[18,21],[31,-2],[7,35],[-29,8],[14,41],[-13,25],[62,47],[43,14],[-2,-41],[47,1],[38,-18],[36,12],[56,-33],[33,18],[2,-58],[56,28],[6,-47],[42,28],[9,-44],[90,-11],[-10,-28],[51,-17],[63,-8],[23,-20],[18,-55]],[[7825,32805],[11,33],[53,25],[32,64],[17,77],[-6,106],[-14,61],[-28,40],[26,30],[-44,71],[-65,57],[-18,51],[-34,23],[-41,-28],[-53,2],[30,63],[-48,5],[-13,86],[9,36],[-12,30],[-8,62],[20,27],[-18,41],[12,48],[48,25],[49,6],[17,19],[-8,46],[17,45],[5,49],[44,28],[7,30],[-38,21],[3,36],[-29,16],[-53,7],[-3,32],[22,27],[67,12],[8,53],[29,29],[-19,44],[-46,2],[-44,50],[21,27],[-26,21],[6,39],[102,48],[24,24],[2,36],[-30,56],[42,35],[16,34],[-31,108],[-37,35],[-53,30],[14,62],[-16,36],[-81,3],[-41,31],[-14,71],[0,86],[-48,70],[-18,65],[15,85],[34,47],[141,97],[39,34],[14,32],[12,118],[18,39],[39,5],[77,-47],[42,-2],[151,52],[33,36],[37,99],[-1,45],[-26,96],[-53,99],[-49,24],[-82,-8],[-38,13],[-36,40],[-33,55],[-34,27],[-31,0],[-74,-20],[-19,6],[-7,64],[-23,31],[21,53],[7,73],[-49,85],[-19,84],[2,43],[18,39],[0,45],[-16,55],[-66,154],[-51,72],[-10,55],[59,36],[71,64],[78,25],[33,25],[55,59],[70,6],[79,41],[70,81],[52,20],[78,-10],[56,18],[139,5],[95,51],[86,38],[125,-62],[51,-4],[20,17],[-10,54],[68,56],[1,27],[-22,50],[49,64],[58,18],[34,23],[88,20],[36,28],[93,2],[40,60],[28,2],[25,-28],[100,5],[46,59],[60,-1],[27,-15],[31,-41],[55,-1],[-7,94],[44,82],[-24,60],[46,51],[74,19],[99,62],[40,-43],[59,-45],[17,-41],[65,-16],[-1,59],[35,-1],[48,-41],[55,-30],[45,20],[21,56],[62,-16],[54,-5],[74,-25],[60,26],[43,45],[45,26],[45,58],[40,20],[31,38],[78,34],[50,-42],[53,-8],[31,15],[5,50],[14,23],[45,29],[77,29],[22,52],[25,10],[69,-6],[36,25],[67,30],[80,54],[26,31],[34,-11],[29,-75],[37,-59],[97,-81],[52,3],[-6,44],[24,35],[49,0],[52,24],[12,30],[64,-5],[40,35],[54,-26],[53,18],[23,33],[57,10],[38,-40],[-10,-46],[46,-21],[66,23],[1,39],[37,18],[42,-21],[18,19],[-13,47],[28,58],[50,-6],[21,9],[31,57],[30,-3],[37,33],[-18,23],[32,22],[46,-84],[7,-48],[42,-35],[36,75],[22,12]],[[12556,38811],[0,-1214],[9,-90],[-15,-56],[-42,-55],[-48,-76],[-25,-80],[12,-84],[18,-47],[80,-122],[43,-51],[24,-66],[43,-32],[67,-34],[22,-43],[-27,-101],[26,-67],[39,-15],[52,72],[88,68],[67,24],[17,50],[-6,84],[14,71],[31,51],[42,25],[51,8],[98,1],[87,-40],[100,1],[158,31],[30,15],[51,54],[113,81],[76,26],[39,-9],[48,-49],[34,-78],[120,-40],[63,-14],[34,-29],[28,-42],[57,-19],[32,-43],[3,-49],[-33,-62],[-10,-46],[34,-41],[-14,-75],[23,-59],[0,-39],[-35,-29],[-88,-23],[-17,-22],[-8,-59],[-30,-30],[-51,-28],[-30,0],[-29,43],[-55,21],[-56,-26],[-42,-111],[-49,-52],[-31,-19],[-66,-17],[-103,-95],[-60,-17],[-61,-37],[-72,-56],[-129,0],[-38,8],[-161,14],[-89,-108],[-44,-14],[-36,3],[-40,-29],[9,-76],[42,-129],[26,-39],[41,-39],[24,-38],[2,-54],[17,-34],[-7,-28]],[[20388,31434],[-100,-11],[-29,11],[-7,45],[-56,11],[-29,-17],[-1,-28],[-41,-59],[-100,-18],[-75,24],[-24,37],[-101,95],[-69,30],[-52,55],[-108,-65],[-85,-13],[-12,-71],[-19,-38],[12,-119],[-24,-81],[-7,-56],[-80,-30],[-34,-49]],[[18168,34748],[45,-1],[4,-23],[92,10],[-11,25],[20,35],[33,5],[91,40],[110,-40],[90,16],[40,58],[39,-7],[62,-39],[89,6],[41,16],[-13,28],[12,28],[41,24],[42,47],[31,-10],[109,26],[-22,35],[-37,9],[5,33],[124,-26],[40,-76],[59,-54],[34,-46],[1,-61],[-74,-35],[-18,-30],[62,-73],[22,37],[35,4],[16,-28],[31,-13],[35,8],[-8,35],[-29,24],[69,39],[25,28],[45,3],[31,34],[54,-12],[38,-91],[-11,-34],[49,-13],[67,13],[19,-32],[28,14],[-6,-62],[30,-27],[14,35],[54,-51],[40,-17],[33,45],[22,9],[80,-2],[29,35],[-15,47]],[[12556,38811],[38,43],[2,55],[30,24],[21,40],[-4,33],[63,64],[38,-16],[21,10],[0,66],[24,57],[44,33],[17,73],[40,55],[125,6],[83,38],[49,31],[42,40],[51,30],[38,45],[51,10],[33,-13],[75,-74],[33,-44],[46,-5],[37,82],[19,17],[63,23],[67,-13],[54,-25],[49,18],[71,0],[62,26],[53,-38],[45,35],[37,-27],[64,10],[33,15],[42,45],[57,-9],[20,9],[13,77],[28,46],[22,8],[86,-2],[45,35],[35,8],[41,46],[11,51],[29,37],[86,32],[29,24],[46,4],[80,33],[29,39],[10,51],[36,19],[85,97],[4,39],[-7,93],[51,72],[-17,38],[10,29],[67,46],[150,55],[49,-22],[40,-45],[39,-27],[44,-13],[43,14],[16,41],[-38,63],[-10,45],[11,57],[71,140],[12,33],[79,56],[79,16],[75,-16],[38,7],[34,48],[6,69],[21,71],[38,40],[27,-1],[66,-79],[33,-9],[41,11],[52,42],[48,20],[63,-32],[-20,-61],[8,-50],[33,-35],[105,-32],[59,-31],[59,-15],[94,-12],[58,-40],[70,0],[51,-16],[76,11],[49,-1],[190,104],[43,-7],[54,-53],[139,-167],[55,-33]],[[17358,40648],[4,-61],[-6,-59],[-37,-42],[-28,-65],[-75,-96],[-52,-53],[10,-61],[-7,-64],[9,-61],[27,-71],[7,-85],[25,-56],[64,-60],[80,-44],[75,-57],[41,-56],[-18,-68],[39,-31],[26,-35],[47,-27],[24,-34],[67,4],[49,25],[94,3],[49,-30],[43,-15],[39,-42],[46,-30],[59,0],[18,-28],[37,-6],[38,-27],[9,-41],[-7,-51],[-27,-57],[-22,-22],[-53,-20],[-20,-19],[-22,-71],[-39,-51],[0,-36],[57,-45],[-9,-62],[-33,-54]],[[18088,38407],[38,-15],[52,-60],[28,-106],[80,-116],[38,-24],[91,7],[95,-35],[66,9],[49,39],[65,30],[49,-2],[36,-29],[65,-73],[50,-24],[111,-3],[27,-21],[30,-51],[74,-36],[49,-46],[25,-115],[33,-31],[38,-4],[42,16],[96,-14],[39,-20],[25,-40],[37,-18],[33,2],[47,31],[53,81],[25,19],[103,-7],[44,-37],[10,-67],[22,-24],[50,-5],[42,-32],[40,-70],[53,-39],[81,-4],[35,-26],[21,-46],[33,-18],[59,6],[57,48],[38,-16],[48,0],[72,20],[84,110],[38,76],[-8,58],[21,38],[15,85]],[[17358,40648],[47,28],[68,13],[38,38],[25,51],[-6,122],[-19,95],[13,41],[28,28],[64,9],[45,28],[36,0],[62,-19],[112,-23],[219,9],[78,-12],[92,-25],[100,-80],[43,-11],[59,21],[42,40],[22,58],[-5,52],[-39,65],[8,41],[71,56],[69,20],[96,68],[34,3],[71,-19],[70,-1],[23,38],[-43,62],[13,31],[74,46],[46,39],[12,59],[-21,89],[18,46],[30,46],[0,78],[-32,69],[1,42],[19,114],[12,35],[-4,67],[33,17],[60,5],[61,-18],[100,-58],[144,-63],[58,-31],[26,-30],[30,-77],[5,-32],[-2,-133],[19,-28],[43,1],[101,32],[47,4],[44,52],[30,16]],[[19848,41862],[80,3],[92,-42],[35,-30],[41,-71],[24,-75],[32,-62],[46,-32],[26,-121],[24,-60],[9,-98],[27,-47],[117,-119],[69,-92],[40,-42],[114,-41],[40,-22],[40,-44],[26,-79]],[[24840,41000],[-37,27],[-75,-2],[-56,16],[-35,39],[-3,74],[-12,50],[32,30],[53,6],[33,-17],[24,30],[54,-47],[54,17],[52,-9],[49,54],[-6,21],[25,29],[39,17],[-9,29],[27,30],[16,67],[53,-18],[28,50],[52,-13],[18,29],[32,-23],[90,25],[-23,33],[11,32],[27,13],[47,-4],[68,25],[52,45],[64,13],[92,40],[73,-3],[40,35],[32,57],[31,18],[51,3],[90,-34],[89,1],[83,18],[112,-1],[73,19],[38,21],[19,33],[80,67],[26,44],[45,40],[69,24],[54,32],[78,25],[41,21],[68,20],[76,56],[44,65],[11,73]],[[26999,42342],[65,-20]],[[19848,41862],[64,18],[42,28],[19,51],[-25,65],[25,77],[102,97],[54,31],[51,64],[37,20],[56,-8],[43,-40],[18,-39],[67,-29],[40,-9],[112,-51],[40,-3],[76,36],[101,-14],[39,20],[81,70],[66,18],[53,-18]],[[22410,42514],[82,8],[65,26],[68,50],[39,38],[25,57],[33,46],[49,33],[105,-11],[31,-17],[97,-97],[87,-54],[11,-50],[21,-17],[125,-17],[112,6],[124,23],[73,-8],[52,23],[59,45],[92,23],[52,-28],[62,27],[42,-7],[137,-48],[66,-43],[38,-55],[-4,-26],[-81,-47],[20,-55],[58,10],[78,-15],[22,-43],[53,-60],[36,-1],[46,31],[58,77],[34,10],[34,-11],[138,-83],[44,-3],[24,24],[22,62],[41,9],[44,-13],[83,-79],[164,-108],[24,-12],[123,-14],[54,114],[26,69],[73,107],[123,-9],[54,-40],[34,-67],[21,-17],[71,-15],[57,19],[50,1],[107,-30],[133,-11],[115,-25],[186,3],[73,36],[65,74],[44,29],[115,35],[89,82],[38,23],[32,3],[76,-39],[145,-120]],[[28742,43564],[39,23],[116,-57],[110,-18],[144,-43],[125,7],[62,-11],[29,55],[38,39],[40,18],[96,15],[47,29],[47,45],[35,9],[106,0],[88,14],[52,-7],[124,6],[90,-14],[37,-22],[84,-3],[130,-19],[27,-18],[42,-88],[48,-16],[48,4],[62,-27],[28,1],[51,36],[134,34],[80,-4],[89,-32],[88,-9],[78,-42],[24,-44],[11,-74],[10,-10],[123,-40],[84,-50],[84,-8],[102,32],[57,26],[121,29],[80,-8],[56,-12],[86,-9],[65,2],[65,-7],[68,-22],[40,-24],[52,-8],[32,8],[37,35],[45,59],[53,45],[117,46],[132,26],[102,-24],[77,-30],[62,53],[-7,-84],[15,-68],[30,-59],[1,-32],[-28,-73],[-5,-32],[44,-96],[44,-64],[-4,-67],[-28,-74],[13,-14],[41,17],[64,-17],[42,4],[111,44],[98,14],[109,24],[21,24],[40,14],[18,-27],[7,-54],[22,-63],[61,-27],[55,-84],[122,-29],[94,-6],[1,-41],[49,-31],[74,3],[61,-31],[32,-53],[18,-65],[39,-14],[73,-51],[28,-98],[52,-62],[113,-86],[72,-84],[6,-28],[-15,-56],[39,-12],[65,-44],[80,-33],[57,-66],[18,-62],[63,-76],[3,-104],[63,-53],[59,-13],[39,-20],[22,-35],[-9,-27],[13,-63],[3,-80],[27,-70],[48,-48],[56,-9],[51,69],[67,39],[91,8],[132,33],[21,63],[23,22],[56,15],[-1,44],[16,38],[-3,54],[-71,133],[16,57],[99,79],[43,-7],[89,-97],[61,-31],[68,-7],[81,27],[38,55],[52,38],[100,41],[43,-8],[10,-48],[31,-22],[105,4],[69,-18],[49,-40],[83,-22],[45,-37],[16,-41],[32,-33],[75,-54],[54,-87],[73,-99],[-28,-28],[-35,-58],[-83,-103],[0,-57],[175,-105],[59,-52],[78,-40],[69,-47],[44,-46],[59,-73],[11,-36],[-21,-126],[15,-31],[67,-50],[22,-33],[10,-47],[-17,-92],[2,-46],[-10,-67],[77,-122],[22,-66],[49,-63],[62,-56],[43,-119],[3,-44],[26,-87],[36,-27],[30,-41],[27,-85],[-5,-49]],[[37671,39391],[-27,-5],[-122,48],[-42,-13],[-43,-37],[-19,-54],[37,-72],[-6,-38],[-58,-42],[-8,-54],[-48,-106],[-24,-14],[-44,20],[-37,-12],[-55,-63],[1,-18],[-45,-105],[-12,-48],[-42,-72],[-117,-54],[-24,-34],[-1,-35],[58,-129],[48,-53]],[[36418,37191],[-11,-28],[-59,15],[-82,41],[-67,-15],[-143,-20],[-44,25],[-38,9],[-19,29],[-76,10],[-36,-5],[-63,18],[-52,-11],[-150,-45],[-85,5],[-58,19],[-61,-10],[-50,4],[-41,33],[-59,-32],[-22,-54],[-81,-23],[-25,-45],[-83,-108],[-51,-24],[-36,-4],[-74,42],[-45,2],[-82,-52],[-46,3],[-60,71],[-24,39],[-46,15],[-32,28],[-85,25],[-37,30],[-21,88],[0,66],[14,50],[-4,48],[-26,129],[-57,50],[-66,-1],[-46,29],[-46,-3],[-45,31],[-48,-10],[-26,25],[-83,7],[-83,-102],[-54,-42],[-53,-28],[-83,-25],[-57,-8],[-86,3],[-68,-17],[-64,-37],[-33,-65],[-38,-39],[-52,-21],[-50,-9],[-45,7],[-127,44],[-65,15],[-78,-6],[-37,-15],[-111,4],[-64,-72],[-154,-127],[-58,-36],[-118,-46],[-93,-72],[-56,-22],[-88,-16],[-53,-57],[-32,-18]],[[37671,39391],[31,20],[31,44],[42,95],[37,61],[77,106],[17,94],[30,38],[93,60],[21,36],[8,77],[-17,28],[-70,54],[-7,41],[32,30],[111,46],[64,11],[106,-37],[74,26],[71,76],[5,38],[-13,47],[-27,46],[7,33],[71,-2],[50,26],[12,46],[-3,105],[-10,56],[22,126],[33,35],[64,42],[88,96],[69,-2],[141,-60],[85,-21],[46,4],[67,17],[42,23],[20,70],[17,28],[67,42],[17,30],[-1,50],[13,60],[81,113],[58,62],[70,-28],[60,-5],[82,10],[58,17],[197,135],[115,35],[105,-7],[69,66],[53,5],[23,-13]],[[40275,41622],[20,-34],[67,-65],[18,-57],[-31,-67],[22,-138],[22,-93],[45,-62],[83,-58],[28,-51],[99,-100],[20,-74],[-15,-27],[-64,-51],[-18,-61],[12,-79],[50,-121],[52,-46],[23,-53],[-7,-52],[-23,-44],[0,-81],[-9,-72],[-26,-39],[-60,-46],[-32,-64],[21,-47],[-6,-37],[20,-40],[82,-49],[51,-70],[-20,-129],[-3,-97],[-26,-38],[-43,-29],[-40,-70],[4,-54],[23,-54],[37,-125],[18,-32],[102,-114],[11,-20],[9,-84],[33,-40],[47,-16],[49,-32],[46,-50],[55,-13],[59,11],[130,-15],[71,18],[76,6],[47,12],[115,1],[106,-19],[39,-37],[4,-40],[-12,-32],[9,-94],[-8,-62],[-17,-30]],[[41640,38466],[-86,-2],[-80,-28],[-26,-97],[-39,-51],[9,-57],[-40,-55],[19,-28],[-7,-25],[-40,-24],[-68,-5],[-5,-32],[39,-23],[-18,-31],[-54,-24],[-9,-29],[29,-12],[-12,-30],[-50,-28],[-26,-31],[-12,-41],[-33,-44],[-64,-22],[-52,-62],[-59,-9],[-35,-18],[-5,-49],[9,-36],[-70,-27],[-14,9],[-70,-13],[-55,-53],[-13,-29],[-39,-27],[-40,-50],[15,-26],[-2,-74],[-104,-108],[-84,-33],[-70,21],[-20,-34],[17,-37],[-24,-39],[-57,-58],[-73,-55],[-58,-8],[-67,-44],[-58,-21],[-30,-48],[0,-31],[-29,-29],[-40,-14],[-18,-86],[7,-54],[53,-118],[30,-38],[8,-42],[25,-47],[-3,-61],[-14,-57]],[[41640,38466],[69,-3],[21,15],[-18,67],[31,83],[50,11],[46,24],[20,54],[40,-21],[43,10],[36,-30],[14,40],[25,22],[42,14],[19,29],[-17,30],[13,22],[35,6],[31,-26],[25,20],[50,11],[55,-28],[18,12],[1,57],[43,21],[46,-1],[21,28],[44,-24],[44,38],[9,56],[53,4],[16,27],[58,5],[44,43],[35,3],[51,38],[48,19],[16,-20],[-39,-51],[9,-57],[42,-33],[10,37],[64,31],[5,29],[34,-2],[6,44],[86,3],[31,24],[62,-5],[18,30],[69,-23],[17,-54],[-25,-85],[33,0],[38,55],[48,3],[35,-37],[43,7],[39,-43],[-13,-38],[25,-43],[20,-62],[50,-41],[46,-53],[-27,-16],[-31,-41],[-12,-40],[56,-37],[-6,-70],[26,-8],[95,1],[41,-50],[88,-49],[69,-55],[16,-40],[-31,-26],[-90,-32],[-45,-28],[-8,-46],[10,-115],[42,-61],[7,-65],[27,-38],[14,-44],[-15,-46],[1,-43]],[[44647,35691],[88,-13],[21,-11],[28,-67],[24,-30],[66,-53],[75,-102],[89,-90],[39,-33],[59,-26],[111,-88],[72,-69],[51,-24],[76,5],[21,-106],[47,-87],[13,-57],[28,-73],[70,49],[51,27],[42,7],[61,-65],[70,27],[84,12],[34,-21]],[[45967,34803],[-48,-60],[-35,-21],[-11,-39],[-28,-15],[-26,-55],[6,-33],[54,-57],[8,-30],[12,-149],[-23,-36],[-47,-7],[-31,-45],[-52,-14],[-21,-16],[-145,-48],[-4,-70],[10,-36],[-32,-36],[-75,-2],[26,-75],[-118,-38],[-12,-15],[11,-57],[-5,-54],[-22,-60],[-31,-28],[-164,-50],[-56,-66],[-29,-19],[-53,-9],[-40,-42],[-83,18],[-34,-2]],[[40275,41622],[59,31],[56,11],[89,0],[93,14],[55,31],[-11,21],[-73,23],[-39,36],[-7,39],[5,87],[-18,38],[34,40],[13,34],[41,40],[98,36],[59,-9],[38,6],[8,37],[-16,33],[4,51],[22,40],[82,67],[16,32],[68,106],[39,114],[52,66],[-6,95],[34,29],[52,-9],[68,14],[50,33],[138,18],[64,-8],[139,47],[25,32],[158,156],[75,14],[54,19],[36,0],[11,81],[14,32],[43,55],[50,90],[49,52],[55,20],[91,77],[48,76],[95,72],[122,110],[72,94],[62,139],[34,38],[104,44],[28,35],[24,127],[53,36],[38,55],[-17,66],[4,79],[20,43],[58,61],[21,34],[12,84],[51,109],[10,43],[-9,84],[-15,26],[-67,28],[-56,64],[-13,27],[-8,82],[-14,43],[-36,63],[11,26],[57,24],[42,47],[4,39],[-33,69],[-34,41],[-1,38],[58,79],[41,25],[59,14],[90,2],[41,-9],[64,-41],[42,22],[69,60],[36,17],[44,-2],[26,-26],[25,8],[42,56],[69,49],[56,16],[38,35],[75,21],[62,29],[115,77],[73,41],[27,61],[27,127],[41,149],[42,35],[42,9],[98,-14],[76,-51],[119,-12],[63,-52],[38,-51],[67,-37],[64,2],[21,-26],[20,-58],[47,-54],[56,-15],[62,15],[57,34],[48,63],[74,24],[29,40],[14,45],[37,-7],[89,9],[50,33],[41,-1],[105,-48],[96,-22],[28,-18],[38,-46],[30,-19],[59,-11],[54,55],[68,38],[53,12],[62,47],[37,12],[61,-9],[101,-53],[91,5],[24,-24],[27,3],[74,39],[37,5],[56,-10],[41,-22],[25,-32],[18,-53],[33,-41],[27,0],[67,31],[58,8],[50,-6],[50,-39],[39,-124],[71,-182],[37,-39],[152,-32],[66,-2],[58,-12],[26,-28],[27,-86],[26,-23],[92,-10],[37,-13],[32,-37],[71,-52],[42,-53],[69,-51],[82,-29],[25,-32],[-6,-49],[22,-38],[102,-99],[22,-34],[19,43],[38,39],[78,12],[99,-21],[64,4],[32,-16],[45,-71],[56,-21],[11,-18],[-25,-181],[-6,-90],[5,-117],[8,-39],[24,-20],[66,-10],[46,-19],[81,-56],[52,-29],[54,-133],[48,-35],[35,-13],[77,10],[67,30],[43,0],[34,-20],[45,-84],[56,-34],[88,-6],[28,-14],[82,-102],[41,-39],[81,-55],[28,-8],[48,15],[48,46],[43,8],[51,-15],[56,-32],[115,-91],[83,-136],[41,5],[59,25],[39,-3],[105,-51],[101,-12],[132,30],[48,4],[47,-23],[12,-22],[-6,-58],[-49,-128],[-24,-48],[-24,-20],[-62,-5],[-47,-41],[-6,-42],[6,-89],[-22,-50],[-13,-66],[56,-71],[34,-63],[16,-68],[2,-45],[-47,-127],[-1,-53],[29,-34],[63,-10],[102,-66],[41,-20],[63,0],[110,26],[76,-5],[60,5],[-41,-42],[-33,-75],[-61,-27],[-40,-87],[-45,-7],[-16,-31],[10,-96],[-20,-37],[-119,-60],[-6,-33],[75,-65],[7,-90],[-8,-163],[52,-103],[41,-26],[61,5],[123,65],[41,4],[16,-16],[32,-117],[33,-40],[92,-28],[110,-115],[41,-77],[-29,-64],[-2,-34],[13,-110],[81,-97],[32,-28],[98,-23],[81,-1],[105,20],[198,14],[49,-31],[52,-92],[59,-27],[33,7],[44,47],[53,89],[58,50],[24,57],[178,17],[76,-19],[47,-74],[14,-86],[-45,-56],[23,-80],[-7,-41],[-79,-105],[-7,-64],[2,-72],[17,-63],[26,-25],[22,-56],[39,-25],[66,-10],[38,-26],[25,-57],[26,-11],[51,10],[39,-35],[51,-13],[35,5],[53,-11],[105,-7],[111,-140],[-38,-87],[0,-72]],[[48102,36705],[-41,-29],[-24,-76],[-99,-62],[-43,-16],[-39,-30],[-57,-24],[-50,3],[-49,-38],[10,-50],[-31,-41],[16,-48],[-9,-45],[-48,34],[-32,-2],[-71,17],[-58,-50],[-31,-121],[-16,-22],[-43,-21],[-23,-102],[-35,-55],[-11,-82],[-44,-13],[-116,73],[-51,15],[-26,42],[-74,25],[-51,-23],[8,-80],[-54,-26],[-10,-55],[-35,8],[-26,-51],[-55,-41],[-41,-76],[-16,-50],[-63,-36],[-41,16],[-31,-3],[-40,-26],[-56,5],[-33,27],[-23,-5],[-3,-39],[-26,-22],[-67,-3],[-58,-13],[-24,-47],[31,-49],[-18,-59],[11,-37],[38,-41],[2,-21],[-54,-111],[32,-42],[-26,-44],[-39,-16],[-24,-37],[-61,-20],[-22,-34],[48,-54],[51,-17],[0,-28],[-25,-30],[-59,-43],[-8,-29],[-42,-35],[-59,-9],[-34,75],[-37,37]],[[40869,25828],[17,-59],[-29,-58],[-28,-78],[16,-57],[-55,-22],[-64,8],[-71,-11],[-59,-38],[-61,-25],[-37,-52],[-29,-63],[20,-55],[1,-67],[-30,-48],[-50,-43],[-51,-76],[-25,-83],[-27,-60],[-6,-108],[-36,-31],[-11,-42],[-39,-76],[-38,-124],[-14,-67],[-59,-173],[-38,-39],[-15,-55],[-36,-87],[-33,-40],[-58,-30],[-102,-29],[-30,-21],[-37,-104],[-81,-31],[-39,-27],[-26,-79],[-53,-81],[-40,-28]],[[39516,23669],[-25,-6]],[[39491,23663],[-22,20],[-19,54],[0,55],[-50,31],[-66,21],[-102,54],[-34,45],[-55,4],[-61,-21],[-57,7],[-76,0]],[[42239,17912],[45,16],[25,22],[-33,104],[2,25],[58,53],[2,28],[-27,47],[-2,79],[22,63],[-20,48],[20,68],[-16,83],[-20,59],[-25,44],[54,57],[7,28],[-25,66],[26,52],[56,21],[11,36],[-6,58],[-1,105],[21,53],[26,29],[-2,26],[-59,69],[-85,26],[-62,0],[-23,-13],[-10,-47],[17,-99],[2,-52],[-16,-58],[-40,-49],[-58,-29]],[[42103,18930],[-12,148],[-14,39],[-51,71],[3,129],[17,56],[12,103],[-11,97],[-55,82],[-31,76],[-104,88],[-12,61],[-33,36],[-10,48],[-29,67],[21,73],[-23,65],[11,40],[-15,74],[30,36],[3,25],[-87,201],[-46,57],[-62,48],[-46,23],[-68,61],[-66,26],[-43,63],[-71,73],[-41,19],[-29,59],[-37,24],[-6,62],[-31,43],[-47,34],[-107,54],[-95,61],[-78,43],[-14,77],[-77,72],[15,52],[43,47],[-5,126],[15,62],[40,91],[54,98],[4,23],[-25,32],[-2,37],[81,38],[23,33],[-15,57],[-53,85],[0,43],[43,58],[0,64],[-47,90],[-53,69],[-60,44],[-20,-6],[-66,-58],[-47,-4],[-57,-20],[-30,-53],[-34,-26],[-51,-23],[-113,-15],[-53,-50],[-82,-34],[-176,-15],[-48,26],[-74,71],[-59,88],[-9,66],[-60,76],[-55,94],[-23,117],[2,110],[-46,120],[-17,79],[-59,108],[-17,48],[-67,131],[-2,93],[-30,118],[2,35]],[[39491,23663],[-33,-12],[-15,-66],[-26,-42],[-54,-19],[-98,-115],[-28,-75],[-34,-22],[-31,-44],[-54,-27],[-35,-79],[-6,-97],[-26,-59],[-41,-26],[-6,-92],[18,-31],[-18,-58],[-23,-33],[12,-46],[-27,-72],[-30,-54],[-68,-73],[-46,-94],[-46,-71],[-42,-104],[-7,-76],[20,-80],[18,-30],[-4,-41],[47,-24],[-2,-64],[-23,-41],[-6,-54],[18,-99],[21,-34],[47,-46],[11,-49],[2,-74],[47,-103],[36,-95],[17,-72],[46,-79],[64,-65],[0,-119],[5,-47],[-100,-51],[-56,-14],[-90,-73],[-39,-94],[-131,-51],[-71,-61],[-64,-13],[-62,-31],[-31,-50],[-25,-66],[-77,-61]],[[42103,18930],[-3,-35],[-47,16],[-22,82],[-56,125],[-39,39],[-49,-47],[-66,-110],[16,-58],[1,-103],[27,-62],[-14,-44],[-37,-20],[-116,-23],[-42,-39],[20,-51],[-18,-47],[-109,44],[-28,-19],[-2,-53],[-59,-15],[-116,64],[-54,7],[-65,-30],[-36,-50],[-42,-12],[-51,19],[-89,7],[-31,-36],[-40,-10],[-34,13],[-53,43],[-25,48],[-24,21],[-13,61],[-59,27],[-64,-29],[-42,-4],[-26,35],[-1,101],[-9,30],[-117,142],[-68,-4],[-26,-25],[-43,-74],[-31,-10],[-82,42],[-59,13],[-90,-47],[-55,12],[-43,-7]],[[8553,11360],[25,6],[42,36],[20,86],[57,-12],[12,59],[41,52],[-17,26],[86,32],[27,30],[-25,20],[3,66],[12,66],[36,23],[14,44],[46,29],[55,4],[60,-50],[74,17],[42,60],[47,-36],[20,21],[-27,109],[2,48],[20,39],[2,33],[94,11],[-8,40],[-70,83],[-6,42],[26,28],[8,67],[19,40],[-38,21],[-30,38],[-41,75],[-103,49],[3,21],[49,9],[27,31],[-27,77],[-41,33],[-7,27],[47,79],[41,38],[18,49],[48,15],[56,-18],[33,-27],[102,22],[35,-5],[95,-43],[42,18],[30,36],[69,21],[158,83],[67,-25],[52,5],[98,64],[102,16],[56,36],[44,74],[29,19],[72,-3],[31,21],[49,1],[37,19],[71,8],[6,22],[-6,75],[33,69],[9,41],[71,69],[-38,57],[-15,51],[-45,28],[-106,-27],[-33,10]],[[10440,13758],[13,64],[64,76],[32,27],[90,20],[55,-14],[123,125],[13,31],[-5,153],[38,51],[-1,48],[-62,52],[-49,79],[-11,31],[1,65],[11,75],[51,51],[114,80],[55,67],[58,57],[47,20],[48,3],[72,-15],[35,15],[12,74],[83,81],[97,59],[39,13],[25,-15],[19,-73],[63,-100],[63,-82],[-2,-35],[-26,-53],[-75,-85],[7,-55],[138,-75],[83,-62],[69,-70],[43,-75],[24,-89],[4,-44],[35,-14],[88,14],[43,37],[64,-9],[36,-15],[50,-39],[57,1],[57,41],[35,45],[45,141],[-6,52],[69,54],[111,-26],[90,5],[62,24],[43,31],[37,69],[-10,90],[-27,60],[21,101],[19,37],[12,55],[44,41],[11,27]],[[10440,13758],[-174,-133],[-47,-5],[-78,75],[-45,-37],[-24,-5],[-44,25],[-66,56],[-26,3],[-45,-33],[-19,8],[-35,88],[-33,47],[-37,12],[-47,-1],[-77,70],[-27,63],[-19,70],[-30,64],[-81,88],[-65,27],[-62,-27],[-94,-29],[-45,7],[-39,26],[-45,88],[-24,12]],[[8390,25198],[83,19],[44,18],[44,55],[0,43],[-17,51],[5,83],[-47,19],[-14,55],[-55,20],[-8,53],[-46,30],[-66,64],[-13,60],[4,59],[-25,26],[27,50],[60,7],[46,-25],[41,3],[71,62],[72,12],[51,-6],[88,-27],[31,27],[4,50],[19,46],[33,39],[35,14],[157,29],[23,11],[-3,47],[-51,84],[3,31],[72,19],[72,81],[55,28],[215,155],[29,31],[6,36],[-14,37]]],"transform":{"scale":[2.11519012801017,2.120158139814147],"translate":[275282.7099277298,7337239.215128332]},"objects":{"amc146_s":{"type":"GeometryCollection","geometries":[{"arcs":[[0,1,2,3,4,5,6,7,8,9,10,11,12,13,14,15,16,17,18,19,20],[21]],"type":"Polygon","properties":{"codigo":"1","nome":"AMC 1"},"id":"1"},{"arcs":[[-22]],"type":"Polygon","properties":{"codigo":"2","nome":"AMC 2"},"id":"2"},{"arcs":[[-2,22,23,24,25,26,27]],"type":"Polygon","properties":{"codigo":"3","nome":"AMC 3"},"id":"3"},{"arcs":[[-3,-28,28,29]],"type":"Polygon","properties":{"codigo":"4","nome":"AMC 4"},"id":"4"},{"arcs":[[-4,-30,30,31,32,33,34,-5]],"type":"Polygon","properties":{"codigo":"5","nome":"AMC 5"},"id":"5"},{"arcs":[[-6,-35,35]],"type":"Polygon","properties":{"codigo":"6","nome":"AMC 6"},"id":"6"},{"arcs":[[-21,36,37,38,39,40,41,42,43,44,45]],"type":"Polygon","properties":{"codigo":"7","nome":"AMC 7"},"id":"7"},{"arcs":[[-1,46,-23]],"type":"Polygon","properties":{"codigo":"8","nome":"AMC 8"},"id":"8"},{"arcs":[[-47,-46,47,48,-24]],"type":"Polygon","properties":{"codigo":"9","nome":"AMC 9"},"id":"9"},{"arcs":[[-27,49,50,-31,-29]],"type":"Polygon","properties":{"codigo":"10","nome":"AMC 10"},"id":"10"},{"arcs":[[-26,51,52,53,54,55,-50]],"type":"Polygon","properties":{"codigo":"11","nome":"AMC 11"},"id":"11"},{"arcs":[[-32,-51,-56,56,57,58,59,60,61,62,63]],"type":"Polygon","properties":{"codigo":"12","nome":"AMC 12"},"id":"12"},{"arcs":[[-64,64,65,66]],"type":"Polygon","properties":{"codigo":"13","nome":"AMC 13"},"id":"13"},{"arcs":[[67,68,69,70,71,72,73,74,75,76,77,78,79,80,81,82,83,84,85]],"type":"Polygon","properties":{"codigo":"14","nome":"AMC 14"},"id":"14"},{"arcs":[[-7,-36,-34,86,-86,87,88,89]],"type":"Polygon","properties":{"codigo":"15","nome":"AMC 15"},"id":"15"},{"arcs":[[-8,-90,90,91]],"type":"Polygon","properties":{"codigo":"16","nome":"AMC 16"},"id":"16"},{"arcs":[[-43,92,93,94,-48,-45,95]],"type":"Polygon","properties":{"codigo":"17","nome":"AMC 17"},"id":"17"},{"arcs":[[-25,-49,-95,96,97,-52]],"type":"Polygon","properties":{"codigo":"18","nome":"AMC 18"},"id":"18"},{"arcs":[[-53,-98,98,99,100]],"type":"Polygon","properties":{"codigo":"19","nome":"AMC 19"},"id":"19"},{"arcs":[[-54,-101,101,102,-58,103]],"type":"Polygon","properties":{"codigo":"20","nome":"AMC 20"},"id":"20"},{"arcs":[[-55,-104,-57]],"type":"Polygon","properties":{"codigo":"21","nome":"AMC 21"},"id":"21"},{"arcs":[[-62,104,105,106]],"type":"Polygon","properties":{"codigo":"22","nome":"AMC 22"},"id":"22"},{"arcs":[[-63,-107,107,108,-65]],"type":"Polygon","properties":{"codigo":"23","nome":"AMC 23"},"id":"23"},{"arcs":[[-66,-109,109,-69,110]],"type":"Polygon","properties":{"codigo":"24","nome":"AMC 24"},"id":"24"},{"arcs":[[-85,111,112,113,114,-88]],"type":"Polygon","properties":{"codigo":"25","nome":"AMC 25"},"id":"25"},{"arcs":[[-89,-115,115,-91]],"type":"Polygon","properties":{"codigo":"26","nome":"AMC 26"},"id":"26"},{"arcs":[[-9,-92,-116,-114,116,117,118]],"type":"Polygon","properties":{"codigo":"27","nome":"AMC 27"},"id":"27"},{"arcs":[[-10,-119,119,120,121]],"type":"Polygon","properties":{"codigo":"28","nome":"AMC 28"},"id":"28"},{"arcs":[[-122,122,123,124,125,126,127,128,129,130,131,132,133,134,-13,135,-11]],"type":"Polygon","properties":{"codigo":"29","nome":"AMC 29"},"id":"29"},{"arcs":[[-12,-136]],"type":"Polygon","properties":{"codigo":"30","nome":"AMC 30"},"id":"30"},{"arcs":[[-19,136,137,138,139]],"type":"Polygon","properties":{"codigo":"31","nome":"AMC 31"},"id":"31"},{"arcs":[[-20,-140,140,-39,141,-37]],"type":"Polygon","properties":{"codigo":"32","nome":"AMC 32"},"id":"32"},{"arcs":[[-94,142,143,-99,-97]],"type":"Polygon","properties":{"codigo":"33","nome":"AMC 33"},"id":"33"},{"arcs":[[-100,-144,144,145,146,147,-102]],"type":"Polygon","properties":{"codigo":"34","nome":"AMC 34"},"id":"34"},{"arcs":[[-59,-103,-148,148,149,150]],"type":"Polygon","properties":{"codigo":"35","nome":"AMC 35"},"id":"35"},{"arcs":[[-60,-151,151,152,-75,153]],"type":"Polygon","properties":{"codigo":"36","nome":"AMC 36"},"id":"36"},{"arcs":[[-61,-154,-74,154,-105]],"type":"Polygon","properties":{"codigo":"37","nome":"AMC 37"},"id":"37"},{"arcs":[[-70,-110,-108,-106,-155,-73,155,156]],"type":"Polygon","properties":{"codigo":"38","nome":"AMC 38"},"id":"38"},{"arcs":[[-72,157,-156]],"type":"Polygon","properties":{"codigo":"39","nome":"AMC 39"},"id":"39"},{"arcs":[[-71,-157,-158]],"type":"Polygon","properties":{"codigo":"40","nome":"AMC 40"},"id":"40"},{"arcs":[[-118,158,-126,159,160,-120]],"type":"Polygon","properties":{"codigo":"41","nome":"AMC 41"},"id":"41"},{"arcs":[[-121,-161,161,162,-123]],"type":"Polygon","properties":{"codigo":"42","nome":"AMC 42"},"id":"42"},{"arcs":[[-125,163,-162,-160]],"type":"Polygon","properties":{"codigo":"43","nome":"AMC 43"},"id":"43"},{"arcs":[[-124,-163,-164]],"type":"Polygon","properties":{"codigo":"44","nome":"AMC 44"},"id":"44"},{"arcs":[[-128,164,165,166,167]],"type":"Polygon","properties":{"codigo":"45","nome":"AMC 45"},"id":"45"},{"arcs":[[-129,-168,168]],"type":"Polygon","properties":{"codigo":"46","nome":"AMC 46"},"id":"46"},{"arcs":[[-130,-169,-167,169,170]],"type":"Polygon","properties":{"codigo":"47","nome":"AMC 47"},"id":"47"},{"arcs":[[-40,-141,-139,171,172,173,174,175,176,177,178,179,180,181]],"type":"Polygon","properties":{"codigo":"48","nome":"AMC 48"},"id":"48"},{"arcs":[[-41,-182,182,183,184,185,186,187,188]],"type":"Polygon","properties":{"codigo":"49","nome":"AMC 49"},"id":"49"},{"arcs":[[-180,189]],"type":"Polygon","properties":{"codigo":"50","nome":"AMC 50"},"id":"50"},{"arcs":[[-179,190,191,-183,-181,-190]],"type":"Polygon","properties":{"codigo":"51","nome":"AMC 51"},"id":"51"},{"arcs":[[-42,-189,192,193,-145,-143,-93]],"type":"Polygon","properties":{"codigo":"52","nome":"AMC 52"},"id":"52"},{"arcs":[[-147,194,195,196,197,-149]],"type":"Polygon","properties":{"codigo":"53","nome":"AMC 53"},"id":"53"},{"arcs":[[-188,198,199,-196,200,-193]],"type":"Polygon","properties":{"codigo":"54","nome":"AMC 54"},"id":"54"},{"arcs":[[-187,201,202,203,204,-199]],"type":"Polygon","properties":{"codigo":"55","nome":"AMC 55"},"id":"55"},{"arcs":[[205,206,207,208,209]],"type":"Polygon","properties":{"codigo":"56","nome":"AMC 56"},"id":"56"},{"arcs":[[-79,210,211,212,213]],"type":"Polygon","properties":{"codigo":"57","nome":"AMC 57"},"id":"57"},{"arcs":[[-213,214,215,216,217,218,219]],"type":"Polygon","properties":{"codigo":"58","nome":"AMC 58"},"id":"58"},{"arcs":[[-217,220,221,222,223]],"type":"Polygon","properties":{"codigo":"59","nome":"AMC 59"},"id":"59"},{"arcs":[[-81,224,-219,225,226,227]],"type":"Polygon","properties":{"codigo":"60","nome":"AMC 60"},"id":"60"},{"arcs":[[-84,228,229,230,231,-112]],"type":"Polygon","properties":{"codigo":"61","nome":"AMC 61"},"id":"61"},{"arcs":[[-113,-232,232,233,234,235,236,237,-165,-127,-159,-117]],"type":"Polygon","properties":{"codigo":"62","nome":"AMC 62"},"id":"62"},{"arcs":[[-230,238,239,240,241,-234,242]],"type":"Polygon","properties":{"codigo":"63","nome":"AMC 63"},"id":"63"},{"arcs":[[-236,243,244,245,246]],"type":"Polygon","properties":{"codigo":"64","nome":"AMC 64"},"id":"64"},{"arcs":[[247,248,249]],"type":"Polygon","properties":{"codigo":"65","nome":"AMC 65"},"id":"65"},{"arcs":[[-237,-247,250,251]],"type":"Polygon","properties":{"codigo":"66","nome":"AMC 66"},"id":"66"},{"arcs":[[-166,-238,-252,252,253,254,255,256,-170]],"type":"Polygon","properties":{"codigo":"67","nome":"AMC 67"},"id":"67"},{"arcs":[[-131,-171,-257,257,258,259,260]],"type":"Polygon","properties":{"codigo":"68","nome":"AMC 68"},"id":"68"},{"arcs":[[-256,261,262,-258]],"type":"Polygon","properties":{"codigo":"69","nome":"AMC 69"},"id":"69"},{"arcs":[[-255,263,264,265,-260,266,-262]],"type":"Polygon","properties":{"codigo":"70","nome":"AMC 70"},"id":"70"},{"arcs":[[-265,267,268,269,270]],"type":"Polygon","properties":{"codigo":"71","nome":"AMC 71"},"id":"71"},{"arcs":[[-269,271,272,273]],"type":"Polygon","properties":{"codigo":"72","nome":"AMC 72"},"id":"72"},{"arcs":[[-273,274,275,276]],"type":"Polygon","properties":{"codigo":"73","nome":"AMC 73"},"id":"73"},{"arcs":[[277,-270,-274,-277,278,279,280,281]],"type":"Polygon","properties":{"codigo":"74","nome":"AMC 74"},"id":"74"},{"arcs":[[-276,282,283,284,-279]],"type":"Polygon","properties":{"codigo":"75","nome":"AMC 75"},"id":"75"},{"arcs":[[-284,285,286,287]],"type":"Polygon","properties":{"codigo":"76","nome":"AMC 76"},"id":"76"},{"arcs":[[288,-248,289,290,291,292,-287]],"type":"Polygon","properties":{"codigo":"77","nome":"AMC 77"},"id":"77"},{"arcs":[[-280,-285,-288,-293,293,294]],"type":"Polygon","properties":{"codigo":"78","nome":"AMC 78"},"id":"78"},{"arcs":[[-292,295,-294]],"type":"Polygon","properties":{"codigo":"79","nome":"AMC 79"},"id":"79"},{"arcs":[[-134,296,297,298,299]],"type":"Polygon","properties":{"codigo":"80","nome":"AMC 80"},"id":"80"},{"arcs":[[-299,300,301,302,303]],"type":"Polygon","properties":{"codigo":"81","nome":"AMC 81"},"id":"81"},{"arcs":[[-303,304,305]],"type":"Polygon","properties":{"codigo":"82","nome":"AMC 82"},"id":"82"},{"arcs":[[-14,-135,-300,-304,-306,306,307,-282,308,309,310,311,312]],"type":"Polygon","properties":{"codigo":"83","nome":"AMC 83"},"id":"83"},{"arcs":[[-15,-313,313]],"type":"Polygon","properties":{"codigo":"84","nome":"AMC 84"},"id":"84"},{"arcs":[[-16,-314,-312,314]],"type":"Polygon","properties":{"codigo":"85","nome":"AMC 85"},"id":"85"},{"arcs":[[-17,-315,-311,315,316]],"type":"Polygon","properties":{"codigo":"86","nome":"AMC 86"},"id":"86"},{"arcs":[[-174,317,318,-316,-310,319]],"type":"Polygon","properties":{"codigo":"87","nome":"AMC 87"},"id":"87"},{"arcs":[[-138,320,-317,-319,321,-172]],"type":"Polygon","properties":{"codigo":"88","nome":"AMC 88"},"id":"88"},{"arcs":[[-173,-322,-318]],"type":"Polygon","properties":{"codigo":"89","nome":"AMC 89"},"id":"89"},{"arcs":[[-177,322,323,324,325,326]],"type":"Polygon","properties":{"codigo":"90","nome":"AMC 90"},"id":"90"},{"arcs":[[-186,327,328,-202]],"type":"Polygon","properties":{"codigo":"91","nome":"AMC 91"},"id":"91"},{"arcs":[[-185,329,330,331,-328]],"type":"Polygon","properties":{"codigo":"92","nome":"AMC 92"},"id":"92"},{"arcs":[[-184,-192,332,-326,333,-330]],"type":"Polygon","properties":{"codigo":"93","nome":"AMC 93"},"id":"93"},{"arcs":[[-325,334,335,336,337,-334]],"type":"Polygon","properties":{"codigo":"94","nome":"AMC 94"},"id":"94"},{"arcs":[[-176,338,339,-323]],"type":"Polygon","properties":{"codigo":"95","nome":"AMC 95"},"id":"95"},{"arcs":[[-329,-332,340,341,342,343,344,345,346,347,348]],"type":"Polygon","properties":{"codigo":"96","nome":"AMC 96"},"id":"96"},{"arcs":[[-337,349,-342,350]],"type":"Polygon","properties":{"codigo":"97","nome":"AMC 97"},"id":"97"},{"arcs":[[351,352,353]],"type":"Polygon","properties":{"codigo":"98","nome":"AMC 98"},"id":"98"},{"arcs":[[-344,354,-352,355,356]],"type":"Polygon","properties":{"codigo":"99","nome":"AMC 99"},"id":"99"},{"arcs":[[-197,-200,-205,357,358]],"type":"Polygon","properties":{"codigo":"100","nome":"AMC 100"},"id":"100"},{"arcs":[[-150,-198,-359,359,360,361,362,-152]],"type":"Polygon","properties":{"codigo":"101","nome":"AMC 101"},"id":"101"},{"arcs":[[-204,363,364,365,-360,-358]],"type":"Polygon","properties":{"codigo":"102","nome":"AMC 102"},"id":"102"},{"arcs":[[-348,366,367,368,-365,369]],"type":"Polygon","properties":{"codigo":"103","nome":"AMC 103"},"id":"103"},{"arcs":[[-361,-366,-369,370,371]],"type":"Polygon","properties":{"codigo":"104","nome":"AMC 104"},"id":"104"},{"arcs":[[-362,-372,372,373,374,375]],"type":"Polygon","properties":{"codigo":"105","nome":"AMC 105"},"id":"105"},{"arcs":[[-368,376,377,378,379,-373,-371]],"type":"Polygon","properties":{"codigo":"106","nome":"AMC 106"},"id":"106"},{"arcs":[[-378,380,381,382]],"type":"Polygon","properties":{"codigo":"107","nome":"AMC 107"},"id":"107"},{"arcs":[[-346,383,384,385,386,-382,387]],"type":"Polygon","properties":{"codigo":"108","nome":"AMC 108"},"id":"108"},{"arcs":[[-209,388,-374,-380,389,-386,390,391,392]],"type":"Polygon","properties":{"codigo":"109","nome":"AMC 109"},"id":"109"},{"arcs":[[-392,393,394]],"type":"Polygon","properties":{"codigo":"110","nome":"AMC 110"},"id":"110"},{"arcs":[[-44,-96]],"type":"Polygon","properties":{"codigo":"111","nome":"AMC 111"},"id":"111"},{"arcs":[[-33,-67,-111,-68,-87]],"type":"Polygon","properties":{"codigo":"112","nome":"AMC 112"},"id":"112"},{"arcs":[[-18,-321,-137]],"type":"Polygon","properties":{"codigo":"113","nome":"AMC 113"},"id":"113"},{"arcs":[[-38,-142]],"type":"Polygon","properties":{"codigo":"114","nome":"AMC 114"},"id":"114"},{"arcs":[[-146,-194,-201,-195]],"type":"Polygon","properties":{"codigo":"115","nome":"AMC 115"},"id":"115"},{"arcs":[[-231,-243,-233]],"type":"Polygon","properties":{"codigo":"116","nome":"AMC 116"},"id":"116"},{"arcs":[[-77,395,-375,-389,-208,396]],"type":"Polygon","properties":{"codigo":"117","nome":"AMC 117"},"id":"117"},{"arcs":[[-178,-327,-333,-191]],"type":"Polygon","properties":{"codigo":"118","nome":"AMC 118"},"id":"118"},{"arcs":[[-393,-395,397,398,-210]],"type":"Polygon","properties":{"codigo":"119","nome":"AMC 119"},"id":"119"},{"arcs":[[-78,-397,-207,399,-211]],"type":"Polygon","properties":{"codigo":"120","nome":"AMC 120"},"id":"120"},{"arcs":[[-80,-214,-220,-225]],"type":"Polygon","properties":{"codigo":"121","nome":"AMC 121"},"id":"121"},{"arcs":[[-206,-399,400,401,-215,-212,-400]],"type":"Polygon","properties":{"codigo":"122","nome":"AMC 122"},"id":"122"},{"arcs":[[-218,-224,402,403,-226]],"type":"Polygon","properties":{"codigo":"123","nome":"AMC 123"},"id":"123"},{"arcs":[[-216,-402,404,-221]],"type":"Polygon","properties":{"codigo":"124","nome":"AMC 124"},"id":"124"},{"arcs":[[-223,405,-403]],"type":"Polygon","properties":{"codigo":"125","nome":"AMC 125"},"id":"125"},{"arcs":[[-82,-228,406,407,-240,408]],"type":"Polygon","properties":{"codigo":"126","nome":"AMC 126"},"id":"126"},{"arcs":[[-83,-409,-239,-229]],"type":"Polygon","properties":{"codigo":"127","nome":"AMC 127"},"id":"127"},{"arcs":[[-241,-408,409,410,411]],"type":"Polygon","properties":{"codigo":"128","nome":"AMC 128"},"id":"128"},{"arcs":[[-235,-242,-412,412,-244]],"type":"Polygon","properties":{"codigo":"129","nome":"AMC 129"},"id":"129"},{"arcs":[[-246,413,414,-253,-251]],"type":"Polygon","properties":{"codigo":"130","nome":"AMC 130"},"id":"130"},{"arcs":[[-411,415,-290,-250,416,-414,-245,-413]],"type":"Polygon","properties":{"codigo":"131","nome":"AMC 131"},"id":"131"},{"arcs":[[-132,-261,417,418,419]],"type":"Polygon","properties":{"codigo":"132","nome":"AMC 132"},"id":"132"},{"arcs":[[-259,-263,-267]],"type":"Polygon","properties":{"codigo":"133","nome":"AMC 133"},"id":"133"},{"arcs":[[-266,-271,-278,-308,420,421,-418]],"type":"Polygon","properties":{"codigo":"134","nome":"AMC 134"},"id":"134"},{"arcs":[[-249,-289,-286,-283,-275,-272,-268,-264,-254,-415,-417]],"type":"Polygon","properties":{"codigo":"135","nome":"AMC 135"},"id":"135"},{"arcs":[[-133,-420,422,-297]],"type":"Polygon","properties":{"codigo":"136","nome":"AMC 136"},"id":"136"},{"arcs":[[-298,-423,-419,-422,423,-301]],"type":"Polygon","properties":{"codigo":"137","nome":"AMC 137"},"id":"137"},{"arcs":[[-302,-424,-421,-307,-305]],"type":"Polygon","properties":{"codigo":"138","nome":"AMC 138"},"id":"138"},{"arcs":[[-331,-338,-351,-341]],"type":"Polygon","properties":{"codigo":"139","nome":"AMC 139"},"id":"139"},{"arcs":[[-324,-340,424,425,-335]],"type":"Polygon","properties":{"codigo":"140","nome":"AMC 140"},"id":"140"},{"arcs":[[-336,-426,426,-353,-355,-343,-350]],"type":"Polygon","properties":{"codigo":"141","nome":"AMC 141"},"id":"141"},{"arcs":[[-203,-349,-370,-364]],"type":"Polygon","properties":{"codigo":"142","nome":"AMC 142"},"id":"142"},{"arcs":[[-76,-153,-363,-376,-396]],"type":"Polygon","properties":{"codigo":"143","nome":"AMC 143"},"id":"143"},{"arcs":[[-379,-383,-387,-390]],"type":"Polygon","properties":{"codigo":"144","nome":"AMC 144"},"id":"144"},{"arcs":[[-347,-388,-381,-377,-367]],"type":"Polygon","properties":{"codigo":"145","nome":"AMC 145"},"id":"145"},{"arcs":[[-345,-357,427,-384]],"type":"Polygon","properties":{"codigo":"146","nome":"AMC 146"},"id":"146"}]}}}