{"type":"Topology","arcs":[[[26990,25951],[66,113],[-72,66],[8,173],[5,30],[-33,5],[-17,215],[-21,14],[-39,-3],[-56,138]],[[26831,26702],[93,54],[122,42],[30,-9],[41,40],[-40,105],[-32,63],[7,307]],[[27052,27304],[53,40],[21,101],[65,47],[211,160],[61,4]],[[27463,27656],[95,-6],[10,7],[191,-49],[312,-87]],[[28071,27521],[59,140],[6,37]],[[28136,27698],[139,-42],[93,-12],[209,-17],[129,139],[40,-37],[328,351],[-22,23],[-42,181]],[[29010,28284],[112,14],[74,-15],[80,-46],[223,-195]],[[29499,28042],[81,-67],[36,-22],[79,-21],[78,-4]],[[29773,27928],[53,9],[248,68]],[[30074,28005],[43,-104],[17,-59],[77,-333],[40,-72],[26,-88]],[[30277,27349],[18,-75],[71,-344],[6,-21]],[[30372,26909],[-87,-34],[24,-40],[-173,-177],[-278,-564],[51,-60],[129,-121],[157,-13],[57,-50],[4,-103],[-27,-37],[23,-38],[51,-46],[23,-3],[40,-37],[62,6],[3,102],[166,28],[166,-47],[67,-5],[26,29],[-32,66],[-6,284],[36,61],[77,84],[88,70]],[[31019,26264],[23,-19],[410,-225],[116,-115],[-126,-298],[-22,-61],[400,-104],[409,-104],[16,-20],[132,-102],[62,-26],[19,-19],[84,-114],[65,-130],[12,-41],[-196,-454],[32,-32],[49,-29],[257,-88],[57,-31],[108,-76],[-40,-84],[26,-9],[57,-45],[55,15],[24,-17],[71,-106],[-43,-54],[-37,-72],[-39,-44],[-24,-68],[10,-33],[26,-15],[58,-80],[6,-27]],[[33076,23537],[-36,-11],[-172,10],[-107,3],[-87,-45],[-49,30],[-113,-14],[-172,108],[-87,68],[-240,159],[-38,63],[-51,57],[-66,-23]],[[31858,23942],[-47,25],[-35,2],[-45,-29],[-124,-149],[-23,-56],[-27,-34],[-111,-70],[-68,11],[-355,237],[-144,116],[-312,209],[-42,18],[-88,21],[-72,42],[10,-53],[-29,-74],[5,-133],[-77,-460],[-53,-335],[-11,-55],[-41,-272],[14,-51],[54,-58],[12,-39],[-22,-124],[-17,-53]],[[30210,22578],[-7,-13],[-73,-48],[-35,-37],[-17,-67],[75,-297]],[[30153,22116],[-51,-162],[-21,-38],[14,-17],[-140,-101],[-121,-95],[-150,-95],[-117,-50],[-13,-29],[-39,-32],[-85,-12],[-27,6],[-42,-25],[-115,-45],[-18,-47],[-62,-45],[-74,7],[-70,-18],[-49,-31],[-52,-53],[-34,-10],[-25,-26],[-38,-5],[-56,-24],[-98,-56],[-31,6],[-28,62],[-48,49]],[[28563,21230],[39,24],[88,140],[-2,40],[-34,137],[50,149],[-19,112],[11,35],[53,109],[3,41],[-60,86],[-8,35],[19,49],[8,64],[-39,54],[-50,2],[-70,40],[-51,-15],[-22,-18],[-35,39],[-61,23],[-226,-49],[-26,-10],[-98,-76],[-2,-124],[28,-67],[6,-56],[39,-112],[43,-58],[28,-58],[42,-39],[-72,-13],[-29,-68],[-91,28],[-142,-1],[-8,-246],[-83,34],[-17,-80],[-66,13]],[[27709,21394],[2,102],[11,55],[-56,23],[-39,-71],[-96,53],[-66,30]],[[27465,21586],[35,61],[-95,40],[20,64],[-4,40],[-38,77],[-14,45],[-13,181],[10,214],[-12,162],[-71,6],[-161,106],[-11,13]],[[27111,22595],[53,60],[47,-3],[42,23],[27,42],[36,26],[10,38],[-8,66],[-49,125],[35,11],[7,39],[-8,141],[-12,83],[-21,58],[-28,185],[-47,144],[-35,75],[-89,137],[-101,133],[-25,114],[-28,43],[-36,26],[15,174],[20,270],[24,26],[120,-53],[40,38],[114,-45],[101,3],[129,23],[53,4],[79,48],[62,74],[36,75],[12,80],[-25,85],[-59,96],[-200,341],[-28,88],[-27,63],[18,39],[5,63],[-41,18],[-339,280]],[[28071,27521],[-80,-197],[66,-72],[27,-102],[-7,-121],[8,-58],[37,-66],[29,-100],[-16,-104],[340,-26],[383,-42],[-70,107],[-154,252],[-6,-7],[-136,216],[-47,86],[-72,86],[-82,68],[-125,56],[-95,24]],[[26831,26702],[-166,-94],[-156,-217]],[[26509,26391],[-193,184],[-49,-31],[-34,-9]],[[26233,26535],[-57,9],[-203,100],[-279,124]],[[25694,26768],[85,191],[54,7],[48,24],[80,66],[107,55],[91,32],[101,251],[12,102],[19,54]],[[26291,27550],[95,-93],[150,-96],[128,-46]],[[26664,27315],[388,-11]],[[26664,27315],[81,279],[36,136],[21,35],[280,195],[45,33]],[[27127,27993],[78,-8],[59,-32],[43,-45],[42,-68],[13,-39],[101,-145]],[[27127,27993],[-92,-9],[-6,46]],[[27029,28030],[-10,52],[-164,309],[-60,109],[-50,47],[4,63]],[[26749,28610],[189,-29],[350,-48],[272,-15],[341,-25]],[[27901,28493],[234,-16]],[[28135,28477],[-18,-681],[21,-53],[-2,-45]],[[28135,28477],[76,-5],[55,4],[99,24],[74,4],[47,-6],[93,-41],[140,-119],[74,-45],[63,-21],[57,-4],[97,16]],[[27111,22595],[-33,65],[-24,21]],[[27054,22681],[-27,2],[-116,38],[-46,71],[-60,149],[-88,168],[-24,66],[-84,56],[-234,120],[-18,-65],[22,-268],[8,-157],[-7,-38],[-42,-39],[-154,-44],[-65,-14]],[[26119,22726],[-45,-21],[-40,-58],[-11,-57],[-4,-150],[-17,-33],[-194,-222],[-10,-42],[49,-95],[12,-42],[-9,-52]],[[25850,21954],[-79,100],[-80,65],[-29,46],[-30,128],[-23,59],[-58,87],[-32,39],[-72,65],[-53,38],[-112,114],[-67,134],[-28,29],[-97,54],[-29,4],[-112,-5],[-79,29],[-145,79],[-20,17],[-106,134],[-139,41]],[[24460,23211],[29,86],[107,536],[19,72],[103,325],[50,148]],[[24768,24378],[163,515],[7,62]],[[24938,24955],[54,1],[42,25],[289,301],[164,-5],[74,12],[247,161],[98,12],[12,-11],[48,-304],[-2,-58]],[[25964,25089],[-54,-140],[-54,-192],[-20,-126],[-7,-106],[332,-44],[84,30],[-22,83],[6,72],[69,556],[-36,53]],[[26262,25275],[157,102],[216,209]],[[26635,25586],[307,306],[48,59]],[[26990,25951],[-363,327],[-118,113]],[[26635,25586],[-136,138],[-24,-27],[-62,66],[-60,52],[47,53],[-52,49],[-102,-106],[-320,281],[-99,75],[-68,35],[-23,30]],[[25736,26232],[143,95],[158,94],[73,56],[88,49],[35,9]],[[26291,27550],[120,258],[2,215],[23,105]],[[26436,28128],[41,-9],[296,-92],[86,-11],[170,14]],[[25694,26768],[-80,52]],[[25614,26820],[-49,34],[-70,27],[-79,10],[-100,4],[-36,13],[-74,67],[-73,26],[-49,-2],[-63,24],[-186,142],[-56,63],[-72,51],[-45,83]],[[24662,27362],[-19,155],[7,80],[-21,100],[35,-30],[66,-4],[83,71],[23,75],[66,-32],[129,195]],[[25031,27972],[100,152],[102,-3],[4,129],[-123,115]],[[25114,28365],[118,-9],[93,-35],[152,-84],[130,-36],[495,-46],[334,-27]],[[25114,28365],[-3,5],[-282,-5],[-64,9],[-54,18],[-328,153],[-9,-17],[-103,49],[-73,-5],[-69,-39],[-157,-105]],[[23972,28428],[-105,0],[-93,24],[-75,39],[-65,16],[-191,-9],[-86,0]],[[23357,28498],[-35,28],[-31,53],[-38,139]],[[23253,28718],[114,70],[48,36],[39,48],[61,100],[26,30]],[[23541,29002],[47,31],[75,27],[39,4],[476,-38],[77,3]],[[24255,29029],[221,24],[228,17],[100,-8],[224,-49]],[[25028,29013],[232,-47],[74,-24],[56,-33],[122,-101],[46,-25],[80,-26],[288,-39]],[[25926,28718],[823,-108]],[[25926,28718],[7,57],[20,329],[24,38],[56,47],[48,89],[128,164],[43,60],[24,64]],[[26276,29566],[42,72],[77,85],[21,-88],[32,-9],[228,-224],[-31,-31],[80,-71],[48,-22],[19,-84],[58,-91],[4,-51],[46,24],[84,20]],[[26984,29096],[10,-44],[-60,-30],[33,-44],[-52,-5],[36,-307],[-125,-30],[-73,8],[-4,-34]],[[27951,28881],[50,348],[-14,43],[-118,9],[6,76],[-117,-39],[-142,-10],[-26,-11],[-169,-159],[-42,-36],[-75,-5],[-37,62]],[[27267,29159],[96,77],[-104,174],[-32,98],[62,9],[-23,55],[59,29],[17,-20],[56,-21],[94,42],[54,67],[25,8],[39,48],[58,27],[42,58],[18,39],[33,23],[51,14],[-29,42],[14,112],[33,-52],[64,-56],[203,-6],[24,-14],[24,60],[33,41],[2,25],[-96,15],[-3,74],[-72,78],[-135,111],[-56,68],[66,-5],[57,35],[48,43],[58,28],[31,25],[88,-4],[40,-24],[26,-33],[52,-41],[14,56],[-4,93],[59,104],[50,62],[51,123],[-145,42],[-298,62],[19,38],[5,46],[-35,46],[-117,4],[-18,123],[-43,24],[-25,83],[-39,7],[-94,-20],[-126,-40],[-42,-20],[-138,-24],[-82,-42],[-63,-69],[-79,-20]],[[27134,31086],[-130,282],[20,25],[37,84],[11,62],[-24,62],[-43,76],[0,62],[-26,19],[-21,39],[-70,55],[-53,32]],[[26835,31884],[21,140],[-19,55],[-63,121],[-45,10],[-7,37],[-62,-21],[-52,58],[-6,58],[-25,28],[-22,-21],[2,-53],[-12,-26],[-56,-51],[-50,25],[-37,-3],[17,-34],[-33,-30],[-59,25],[-22,-29],[6,-29],[-32,-69],[-3,-49],[-55,-22],[-62,5],[-74,39],[14,42],[30,23],[-10,24],[-57,13],[-6,40],[35,45],[-23,26],[36,53],[33,70],[37,47],[-18,62],[-25,9],[-1,38],[-32,61],[1,28],[-36,6],[-79,43],[-62,5]],[[25922,32683],[-22,2],[-63,-20],[8,-26],[-41,-73],[-36,-42],[-21,8],[-5,56],[-59,26],[-5,-39],[-19,-22],[-26,23],[-30,-18],[-56,-5],[-62,63],[-37,-9],[-21,-41],[-36,-19],[-31,24],[-51,7],[-42,-16],[9,-58],[-45,-34],[-16,-85],[-53,29],[-36,52],[-37,-27],[-60,-16],[-65,-2],[-9,36],[-49,31],[-25,30],[-22,-10],[-61,17],[-57,82],[-51,5],[-116,-73],[-65,51],[-129,-33],[-21,15],[-35,116],[-58,70],[-48,9],[-40,-20],[-61,-65]],[[24117,32682],[-96,-26],[-40,-32],[-23,-38],[2,-45],[21,-48],[41,-47],[84,-53],[77,-34],[43,-60],[-11,-25],[14,-58],[-27,-56],[-1,-46],[-23,-39],[11,-49],[-110,-67],[-57,-11],[-58,-80],[-19,-6]],[[23945,31862],[10,36],[-101,141],[-34,21],[-58,9],[-8,-50],[-63,-28],[-20,-22],[-45,-15],[-12,-44],[-53,-39],[-23,-121],[9,-17],[50,-14],[16,-49],[-831,-231],[-428,-341],[-26,48],[-11,77],[10,50],[-53,11],[-49,-6],[-136,-42],[16,-44],[-51,-61],[-24,-42],[-38,0],[-27,16],[-12,-195],[7,-24]],[[21960,30886],[-56,-29],[-109,30],[-88,10],[-93,4],[-64,-46],[-32,-6],[-86,-62],[-61,-91],[-23,9],[-23,46],[-82,-15],[-85,103],[-54,31],[-33,-11]],[[21071,30859],[-29,-2],[-44,19],[-11,31],[-41,34],[-43,19],[6,62],[-39,106],[4,69],[19,30],[24,117],[19,22],[79,49],[36,49],[-3,45],[32,41],[30,58],[45,12],[31,27],[-29,34],[-26,-23],[-80,-17],[-74,-98],[-7,-46],[-91,-119],[-54,-62],[-56,-1]],[[20769,31315],[26,40],[72,46],[7,56],[17,29],[12,57],[-1,322],[69,34],[90,56],[21,5],[35,-32],[30,-2],[27,45],[10,96],[-5,90],[9,15],[67,29],[96,86],[38,111],[-6,37],[18,20],[11,80],[-21,63],[7,74],[28,49],[-1,58],[-28,48],[50,45],[29,72],[79,36],[-1,97],[19,26],[-28,37],[12,49],[-23,41],[36,9],[11,40],[-11,46],[-44,33],[-16,37],[13,41],[36,50],[-17,47],[-37,47],[-25,59],[-54,46],[-41,6],[-22,37],[-33,-25],[-42,9],[-68,-26],[-23,17],[-82,12],[-30,17],[-26,92],[-30,1],[-12,38],[16,83],[-48,43],[-47,19],[29,66],[-47,33],[-9,43],[-24,32],[-79,45],[-64,114],[-35,22],[-13,42],[6,40],[-31,4],[-71,67],[-24,36],[-48,29]],[[20528,34581],[-2,34],[-35,44],[-22,65],[12,36],[24,19],[68,-8],[23,29],[30,10],[33,-16],[141,-25],[45,20],[-44,26],[85,63],[66,-17],[80,10],[66,-29],[14,17],[-7,96],[19,40],[16,61],[-35,26],[42,34],[-21,44],[3,103],[10,38],[50,22],[33,-43],[34,-7],[7,34],[-21,50],[42,49],[47,-2],[29,19],[38,57],[38,20],[6,-32],[24,-32],[105,-50],[38,55],[39,-30],[48,16],[84,-13],[91,-36]],[[21871,35378],[47,-23],[-5,-16],[33,-67],[32,-5],[85,-41],[49,44],[57,-16],[29,20],[37,-23],[16,18],[42,-16],[43,13],[57,-6],[67,11],[52,-14],[54,20],[55,-2],[114,19],[81,38],[37,-42],[55,-103],[76,-90],[50,-29],[22,-36],[70,-31],[32,1],[65,-24],[93,5],[50,-34],[40,-8],[18,-41],[58,2],[18,-36],[45,-25],[36,-96],[-28,-75],[-3,-62]],[[23550,34608],[17,-88],[23,-37],[74,-90],[57,-46],[50,-20],[79,3],[105,39],[58,2],[30,-48],[11,-86],[26,-79],[-3,-197],[9,-53],[32,-59],[56,1],[127,-23],[113,-31],[84,15],[24,-6],[9,-74],[-24,-195],[15,-33],[55,-39],[109,-24],[73,8],[44,21],[64,49],[29,6],[37,-19],[147,-154],[43,-33],[51,-16],[41,34],[16,44],[1,102],[25,100],[-5,79],[12,41],[118,86],[113,40],[102,69],[41,7],[48,-22],[92,-102],[76,-71],[29,-5],[103,36]],[[25986,33740],[38,-17],[108,-111],[68,-94],[52,-60],[46,-30],[60,-16],[58,-28],[47,-43],[52,-79],[20,-50],[61,-94],[33,-24],[54,0],[36,20],[96,32],[63,37],[101,7],[73,-12],[35,5],[68,53],[66,2],[72,31],[104,-1],[93,17],[81,-15],[57,-1],[29,-26],[20,-53],[22,-8],[134,48],[15,33],[2,52],[17,20],[64,35],[98,121],[62,22],[132,-4],[74,15],[23,23],[8,69],[-18,83],[-80,122],[42,22],[77,-18],[48,-64],[21,-8],[157,23],[142,11],[31,24],[1,29],[-54,99],[-33,108],[0,52],[41,46],[58,11],[38,23],[0,34],[-40,110],[24,72],[51,69],[51,90],[26,61],[78,91],[38,59],[42,49],[55,38],[251,115],[26,20],[19,40],[0,57],[-37,60],[-57,45],[-20,92],[34,49],[133,70],[34,36],[70,35],[120,29],[76,52],[81,67],[47,69],[30,16],[85,15],[34,22],[69,72],[39,77],[110,26],[11,46],[5,76],[11,22],[42,24],[183,-9],[52,-23],[70,-58],[149,-35],[36,2],[43,18],[29,71],[45,45],[46,104],[31,38],[75,46],[56,24],[111,36],[114,174],[46,38],[91,48],[25,64],[61,72],[54,107],[23,77],[46,24],[56,44],[48,-22]],[[31827,36969],[79,-47],[39,-11],[47,7],[32,26],[56,-13],[81,-55],[21,-57],[40,-45],[53,-12],[28,-49],[66,-30],[57,-38],[40,-16]],[[32466,36629],[-49,-29],[-47,-85],[-14,-67],[31,-124],[-21,-37],[-65,-38],[-150,-173],[-38,-33],[-76,-39],[-34,-39],[-8,-43],[4,-141],[20,-67],[8,-100],[0,-74],[-15,-38],[-40,-37],[2,-75],[-81,-47],[-80,-108],[-54,-56],[-81,-57],[-70,-80],[-29,-65],[-112,-129],[-10,-63],[28,-50],[39,-108],[-6,-38],[-38,-39],[-31,-107],[0,-100],[19,-50],[-15,-83],[-46,-22],[-8,-31],[-27,-23],[-47,20],[-35,-9],[-48,-68],[-31,-3],[-19,-54],[-48,3]],[[31144,34023],[-85,-61],[-64,-18],[-34,-39],[-10,-52],[71,-89],[-35,-36],[-15,-122],[-16,-39],[13,-37],[4,-60],[30,-24],[-24,-60],[27,-43],[-1,-65],[-35,-72],[-24,-23],[-9,-58],[-21,-50],[-43,-57],[3,-16],[47,-24],[30,-55],[12,-41],[79,-37],[-19,-162],[10,-64],[-10,-77],[-54,-24],[-16,-22],[-9,-97],[10,-35],[-12,-91],[-51,-67],[-28,-78],[17,-64],[-10,-48],[-57,-78],[-28,-22],[-7,-37],[5,-82],[-19,-60],[9,-97],[22,-53],[38,-51],[13,-63],[57,-142],[57,-50],[46,-98],[18,-64],[90,-93],[74,-102],[12,-64]],[[31202,30860],[-78,73],[-164,99],[-231,-118],[-90,-7],[-16,-20],[-62,-9],[-37,7],[-94,-35],[-68,-2],[-118,-95],[-20,-35],[-61,-79],[-295,-191],[-45,-11],[-14,-26],[-41,-28],[-96,-165],[-46,-123],[-37,-61],[-36,-25],[-117,-64],[-29,-39]],[[29407,29906],[-20,12],[-112,-21],[-177,-46],[-70,-9],[-189,35],[-32,-4],[-20,-97],[-12,-100],[-15,-44],[-138,-206],[-51,-44],[-91,-33],[-66,-9],[-60,-60],[-39,-53],[-162,-119],[-6,-223],[-196,-4]],[[27901,28493],[25,188],[54,29],[3,34],[-43,43],[11,94]],[[29407,29906],[62,-40],[-28,-172],[60,-39],[4,-74],[63,-4],[45,-43],[67,-45]],[[29680,29489],[-9,-34],[1,-62],[-12,-31],[-115,-85],[-40,-100],[10,-26]],[[29515,29151],[43,-86],[17,-2],[24,-71],[-2,-33],[-10,-523],[-37,-68],[-9,-49],[15,-77],[22,-29],[11,-48],[-90,-123]],[[29515,29151],[61,-27],[33,-45],[47,-22],[40,24],[39,-37],[38,-8],[48,12],[-14,-52],[42,-16],[396,-285],[15,-57],[-63,-71],[83,5]],[[30280,28572],[-164,-187],[-127,-163],[-191,-268],[-25,-26]],[[24938,24955],[-26,106],[-218,417],[-12,21]],[[24682,25499],[16,17],[308,177],[13,4],[-43,75],[17,11],[516,295],[83,52]],[[25592,26130],[72,42],[72,60]],[[26262,25275],[-298,-186]],[[25592,26130],[-172,265],[-29,65]],[[25391,26460],[-32,61],[7,30],[97,74],[52,55],[54,69],[45,71]],[[25391,26460],[-365,-237],[-124,182],[-9,-2],[-40,-93],[-1,-27],[-71,57],[-204,87]],[[24577,26427],[45,74],[-90,79],[-10,37],[-32,28],[-92,49],[-40,55],[-8,50],[-256,172],[26,44],[1,72],[38,1],[1,31],[72,108],[-30,20],[50,94],[7,72]],[[24259,27413],[47,-23],[140,-33],[143,-15],[73,20]],[[24259,27413],[-43,42],[-54,7],[-38,25],[-46,58],[0,38],[-55,36],[-92,19],[-90,4],[-211,-34],[-65,-63],[-38,-10],[-138,18],[-48,-2],[-75,-37],[-81,-87],[-11,-41],[1,-54]],[[23175,27332],[-54,60],[-148,181],[-194,253],[171,146],[120,-140],[188,142],[49,28],[-27,24],[-104,57],[-15,33],[-31,2],[-105,72],[-44,56],[-14,50],[4,74],[90,6],[-1,27],[91,5],[1,-26],[161,4],[15,67],[56,8],[-27,37]],[[23972,28428],[-32,-15],[35,-53],[11,-117],[-31,-27],[-76,-31],[4,-45],[202,41],[18,-92],[19,-2],[118,-54],[62,-1],[110,-27],[85,12],[248,-1],[0,27],[57,-1],[0,-27],[166,-1],[63,-42]],[[24255,29029],[-7,83],[-16,96],[-10,168],[-24,200],[-11,49],[-27,58],[-71,110],[-29,56],[-18,127]],[[24042,29976],[63,35],[54,-3],[2,28],[60,47],[61,-22],[88,29],[50,-31],[30,14],[42,-21],[31,5],[59,-58],[64,119],[17,-21],[33,3],[131,-20],[50,52],[8,54],[53,90],[150,-86],[36,-11],[61,9],[-38,-130],[77,-15],[60,11]],[[25284,30054],[-20,-30],[-27,-80],[-2,-30],[42,-230],[-5,-55],[-17,-40],[-59,-97],[-37,-75],[-82,-186],[-11,-36],[-38,-182]],[[25284,30054],[228,262],[38,38],[206,110],[68,62],[8,-113],[270,35],[89,-32],[59,-44],[74,-14]],[[26324,30358],[-57,-44],[-44,-94],[7,-77],[-49,-91],[10,-45],[-55,-79],[-33,-7],[50,-261],[49,-29],[74,-65]],[[26324,30358],[46,64],[39,-10],[86,-77],[154,100],[30,6],[64,49],[-1,25],[156,69],[26,90],[-7,53],[33,84],[-2,57],[-28,61],[-41,35],[-13,26],[51,15],[98,58],[119,23]],[[27267,29159],[-283,-63]],[[31202,30860],[3,-58],[27,-43],[11,-47],[2,-63],[-27,-83],[9,-55]],[[31227,30511],[5,-63],[-13,-42],[3,-56],[-10,-36],[12,-146],[13,-62],[37,-41],[10,-41],[-5,-224],[-22,-125],[-75,-147],[0,-47]],[[31182,29481],[-216,-162],[-48,-38],[-35,-5]],[[30883,29276],[-49,17],[-68,65],[1,47],[-35,34],[-131,146],[-140,135],[-24,10],[-94,16],[-93,4],[-75,11],[-90,-21],[-137,-140],[-41,-51],[-65,-13],[-113,-69],[-49,22]],[[30883,29276],[18,-11],[-76,-75],[-545,-618]],[[31182,29481],[26,-37],[104,-190],[-6,-95],[19,-45],[51,-52],[124,-104]],[[31500,28958],[-23,-61],[-16,-74],[-6,-85],[4,-61],[31,-146],[-2,-84],[-18,-57],[-49,-66],[-54,-37]],[[31367,28287],[-81,-26],[-168,2],[-111,-31],[-147,-85],[-115,-37],[-68,-4],[-111,13],[-82,-4],[-139,-35],[-271,-75]],[[31367,28287],[60,-103],[69,-97],[151,-245],[34,-36],[81,-36],[49,-32],[31,-54]],[[31842,27684],[6,-22]],[[31848,27662],[-345,-77],[-134,-28],[-5,22],[-506,-108],[-120,-22],[-204,-52],[-257,-48]],[[31848,27662],[35,-116],[50,-52],[101,-50],[238,-102],[43,-9],[118,0],[50,-20],[74,-60],[171,-85],[47,-40],[77,-87],[105,-88],[42,-63],[38,-33],[212,-129],[36,-30],[64,-93]],[[33349,26605],[68,-98],[202,-217],[98,-75],[45,-45],[36,-62],[35,-81],[28,-37],[51,-46],[45,-56],[20,-63],[4,-156],[38,-83],[44,-65],[2,-64],[24,-117],[6,-52],[48,2],[107,-53],[88,-73],[35,-20],[116,-40],[43,-5],[31,-20],[42,-105],[75,-104],[168,-190],[127,-124],[14,18],[50,-6],[0,-22],[85,-1],[64,19],[120,-72],[175,-138],[44,-3],[19,14],[54,0],[36,-24],[59,-14],[48,7],[57,-8],[119,11],[109,19],[-5,36],[12,39],[37,-58],[71,8],[0,30],[116,125],[36,25],[37,-13],[50,33],[50,7],[52,20],[96,7],[57,-8],[35,14],[76,-4],[106,24],[16,44],[57,91],[17,89],[-20,89],[7,81],[31,68],[9,81],[-51,209],[-13,37],[-74,136],[-85,207],[-22,97],[20,94],[23,150],[11,118],[17,102],[10,183],[-46,15],[-244,11],[-405,254],[-9,-15],[-105,66],[-64,87],[-54,-27],[-55,-16],[-293,-35],[-58,52],[0,27],[-215,2]],[[35259,26938],[8,74],[43,91],[40,55],[70,72],[43,127],[-8,42]],[[35455,27399],[-29,25],[-43,70],[-9,28],[21,61],[30,45],[26,98],[3,81],[-75,436],[-61,367],[-29,229],[-53,285],[173,85],[35,24],[106,93],[27,63],[67,76],[93,66],[-28,174],[-28,39],[-57,32],[-13,36],[28,125],[2,110],[78,20],[14,25],[-64,172],[-58,54],[44,157]],[[35655,30475],[44,-20],[122,-43],[127,-29],[135,-11],[95,27],[64,-12],[284,49],[114,32],[105,19],[230,73],[63,-4],[23,-16]],[[37061,30540],[-4,-41],[-32,-68],[17,-21],[147,-59],[38,-32],[52,-69],[17,-41],[6,-108],[-36,-68],[5,-87]],[[37271,29946],[35,-53],[119,-13],[73,-33],[39,-5],[29,-28],[64,-174],[15,-82],[-1,-121],[-55,-169],[-17,-40],[-76,-121],[-46,-86],[-8,-53],[30,-76],[31,-55],[3,-26],[30,-56],[4,-82],[26,-60],[-3,-29],[-37,-62],[18,-46],[-20,-75],[7,-33],[-15,-43],[10,-104],[-40,-2],[-28,-84],[-21,-26],[84,-180],[27,-67],[40,-136],[31,-48],[152,-112],[82,-105],[58,-54],[59,-37],[128,-60],[96,-21],[-7,50],[64,61],[-28,90],[-45,18],[30,70],[-17,13],[-7,62],[14,83],[49,52],[12,101],[-19,46],[-90,67],[-32,183],[2,67],[198,-37],[59,-17],[54,-41],[90,-78],[70,-35],[108,-77],[61,7],[18,18],[48,1],[53,20],[71,55],[37,-1],[33,27],[49,14],[27,21],[34,-22],[14,57]],[[39144,28164],[3,27],[40,12],[-22,85],[9,40],[61,31],[189,-5],[58,19],[36,38],[47,-39],[75,13],[9,-30]],[[39649,28355],[27,-69],[66,-17],[18,-20],[-68,-63],[-48,-59],[-77,-40],[-75,-58],[-46,-79],[-74,-59],[-88,47],[-49,-6],[-21,-61],[14,-33],[39,-24],[31,-97],[6,-174],[21,-65],[63,-99],[74,-55],[83,-109],[48,-115],[-6,-56],[-16,-23],[-183,-113],[-122,6],[-27,13],[-1,-99],[17,-21],[72,-48],[15,-84],[23,-28],[-16,-77],[23,-53],[-8,-26],[37,-33],[8,-35],[33,-58],[44,-21],[49,-48],[62,-19],[35,-22],[99,-24],[26,-23],[33,4],[57,-19],[126,27]],[[39973,26220],[-1,-61],[-27,-65],[-78,-58],[-29,-32],[9,-82],[-50,-33],[-3,-101],[11,-39],[30,-39],[63,-16],[15,-56],[23,-15],[78,-11],[48,-19],[8,-23],[-27,-49],[-56,-44],[-40,-15],[-62,-3],[-89,-40],[-11,-73],[13,-59],[21,3],[51,-24],[103,-158],[3,-77],[55,-72],[39,-33],[11,-28],[-10,-75],[-41,24],[-65,21],[-45,-36],[-9,-37],[-52,-61],[-26,-60],[-10,-120],[-59,-85],[3,-55],[49,-51],[-1,-78],[-65,-61],[-23,2],[-56,-23],[-52,12],[-83,-20],[-61,-39],[-30,-65],[-58,12],[-33,57],[-42,10],[-66,-11],[-23,-16],[-55,-73],[-47,-51],[-90,-62],[-4,-24],[29,-25],[10,-64],[97,-44],[27,-26],[19,-55],[41,-88],[-15,-25]],[[39235,23606],[-15,-26],[-15,-81],[-23,-33],[-78,-56],[11,-122],[-19,-20],[-77,-44],[-25,-22],[-29,-66],[-32,-30],[-91,-67],[-93,27],[-75,-5],[-40,-120],[-9,-73],[50,-110],[9,-93],[-13,-62],[-28,-30],[-39,-13],[-35,-33],[-83,-20],[-56,-73],[-37,-15],[-48,6],[-37,-20],[20,-39],[-5,-57],[-48,-67],[-29,-59],[-58,-24],[-26,-22],[-62,-14],[-78,-4],[-31,-41]],[[37991,22078],[-21,-75],[13,-24],[-109,-34],[-48,43],[-6,26],[7,120],[-13,31],[-55,42],[-31,48],[-75,70],[-62,13],[-46,32],[-74,-66],[-9,-86],[25,-70],[-7,-36],[-66,-36],[-86,1],[-63,23],[-112,-32],[-72,5],[-56,-16],[-40,-29],[-41,-50],[-23,-14],[-102,13],[-62,-19],[-45,22],[-95,30],[-62,13],[-28,18],[-58,1],[-76,79],[-88,-8],[-115,-41],[-115,89],[-118,70],[-119,19],[-25,-19],[-29,21],[-19,-23],[-38,5],[-78,-5],[-84,17],[-55,-15],[-33,32],[-31,50],[4,40],[-29,55],[-41,46],[-25,95],[6,99],[-45,49],[-34,92],[-9,113],[-47,23],[-40,5],[-150,89],[-31,8],[-45,-16],[-34,7],[-11,41],[-37,0]],[[34878,23059],[-64,5],[-47,-56],[-72,-8],[-23,-25],[-40,-3],[-82,20],[-41,-58],[-41,3],[-35,34],[-58,17],[-66,-27],[-38,12],[-33,45],[-69,-3],[-43,-35],[-81,-49],[-170,-18],[-51,22],[-70,54],[-52,30],[-37,59],[-47,41],[-23,56],[-53,90],[-30,22],[-51,16],[-52,3],[-90,48],[-27,63],[-68,38],[-45,9],[-36,65],[-67,8]],[[31019,26264],[-49,82],[-55,70],[-49,31],[-52,62],[-2,15],[39,148],[-40,54],[-58,10],[-11,24],[-71,-16],[-98,-8],[-132,31],[-57,109],[-12,33]],[[27709,21394],[26,-260],[52,-14],[10,-62],[48,-63],[58,-128],[-17,-18],[-117,-64],[9,-84],[20,-91],[37,-87],[31,-47]],[[27866,20476],[-14,-23],[1,-77],[13,-54],[-13,-72],[28,-21],[7,-79],[-13,-67],[-66,-29],[-65,-56],[-14,-42],[10,-62],[19,-50],[-8,-73],[-20,-41],[-13,-69],[-55,-41],[-32,-60],[8,-54],[18,-19]],[[27657,19487],[-17,-41],[-64,-38],[-97,9],[-70,-45],[-78,-8],[-95,-48],[-1,47],[-35,74],[19,18],[-28,43],[-2,40],[16,127],[-42,53],[-19,50],[-50,45],[-97,18],[-25,19],[-550,462],[66,63],[-32,34],[50,55],[89,128],[2,27],[55,116],[-50,23],[-21,25],[16,35],[33,-16],[47,87],[-128,69],[-60,10],[-17,-77],[-65,58],[-103,150],[-1,43]],[[26303,21142],[36,79],[196,43],[50,26],[72,-81],[82,70],[85,-93],[8,-76],[33,26],[12,58],[92,128],[42,-32],[26,34],[-20,194],[39,-32],[77,-44],[31,-6],[21,-29],[7,-86],[29,-16],[69,16],[36,-20],[59,87],[26,65],[-43,5],[9,41],[30,-10],[58,97]],[[26303,21142],[-8,44],[-24,33],[-121,136],[-38,51],[-72,67],[-17,30],[-87,300],[-54,104],[-32,47]],[[26119,22726],[334,-175],[7,-10],[104,28],[69,-1],[43,-36],[12,-75],[-15,-58],[117,-44],[68,25],[18,-33],[59,44],[50,12],[-22,37],[26,24],[-34,56],[4,75],[11,19],[87,56],[-3,11]],[[24682,25499],[-30,39],[-143,143],[-38,44],[-56,96],[-41,104],[-39,133],[-40,107]],[[24295,26165],[259,234],[23,28]],[[24295,26165],[-37,70],[-31,41],[-67,55],[-188,104]],[[23972,26435],[-232,121],[-623,331],[-46,27],[-66,51]],[[23005,26965],[-145,132]],[[22860,27097],[218,222],[37,11],[60,2]],[[22860,27097],[-384,367],[-235,228],[-37,44],[-23,53],[-10,62],[-10,154],[-11,41],[-32,50],[-62,24],[-34,38]],[[22022,28158],[86,18],[60,43],[20,30],[69,172]],[[22257,28421],[55,68],[77,53],[60,21],[64,6],[361,-15],[75,4],[80,25],[224,135]],[[22257,28421],[-100,-8],[-82,-13],[-43,8],[-68,48],[8,121],[-10,17],[-72,27],[-91,9],[-60,30],[-3,53],[18,40],[-27,16],[4,28],[-81,35],[-32,83],[-41,26],[-37,7],[4,63],[-51,47],[-52,93],[6,42],[83,131],[29,75],[53,29],[30,60],[40,10],[73,0],[4,90],[55,71],[36,26],[-27,62],[-60,28],[-54,2],[-20,40],[-51,20],[-82,-4],[-34,11],[-35,29],[-33,-4],[-37,19]],[[21417,29888],[-53,19],[-37,34],[-42,150],[-31,83],[-27,46],[-74,106],[-13,50],[9,81],[-21,84],[20,72],[11,84],[-11,56],[-26,53],[-51,53]],[[21960,30886],[19,-37],[21,-82],[-10,-58],[7,-43],[-23,-90],[-34,-24],[-6,-56],[-44,-44],[-38,-22],[0,-28],[32,-44],[28,14],[31,-43],[47,9],[50,-9],[70,-43],[92,-28],[30,20],[90,-29],[41,34],[55,29],[48,5],[47,-13],[106,-83],[54,-26],[59,-18],[10,-42],[39,-84],[43,-64],[169,-203],[58,-86],[123,-197],[43,-57],[155,-185],[136,-171],[23,-41],[10,-45]],[[23945,31862],[-37,-51],[-35,-28],[-69,-120],[-21,-75],[4,-41],[50,-89],[37,-115],[27,-17],[45,-108],[11,-45],[-1,-56],[11,-39],[47,-21],[-18,-85],[35,-51],[9,-37],[-26,-65],[14,-78],[154,-117],[-19,-34],[-31,-116],[1,-83],[-64,-111],[-50,-62],[-9,-30],[32,-212]],[[24117,32682],[27,-124],[113,-107],[16,-41],[3,-71],[26,-40],[70,-50],[44,-77],[66,-40],[26,-42],[17,-83],[28,-72],[30,-23],[29,-1],[54,24],[18,-41],[36,-39],[50,-26],[68,-16],[79,-33],[29,-26],[90,-146],[46,-15],[72,33],[110,-49],[28,-32],[16,-68],[23,-37],[157,-76],[24,-45],[55,74],[-32,70],[0,54],[25,21],[144,33],[57,30],[44,-10]],[[25805,31591],[17,-12],[16,-57],[10,-90],[14,-49],[79,-117],[26,-73],[2,-35],[70,-24],[36,5],[24,23],[35,115],[14,17],[70,26],[33,66],[21,21],[76,14],[56,41],[30,0],[159,-97],[10,-33],[27,-24],[79,24],[66,55],[6,35],[52,42],[-11,85],[-39,-4],[-22,138],[46,72],[28,129]],[[25922,32683],[43,-129],[-32,-47],[-54,-15],[-1,-42],[-17,-30],[-5,-132],[-32,-21],[-59,-93],[-9,-34],[-43,-64],[70,-114],[-1,-16],[-51,-147],[0,-104],[13,-33],[61,-71]],[[31500,28958],[20,38],[41,48],[44,33],[59,28],[55,15],[137,18],[54,12],[51,30],[112,112],[89,116],[16,56],[18,25],[72,67],[154,116],[29,25],[51,65],[40,67],[103,55],[154,61],[118,111],[133,189],[38,39],[38,20],[72,8],[33,29],[40,60],[41,28],[71,35],[182,81],[76,49],[81,6],[78,13],[165,47],[67,14],[198,17],[140,32],[104,17],[108,-39],[142,-46],[28,1],[123,29],[110,7],[156,0],[76,-36],[113,-20],[59,-20],[171,-98],[95,-43]],[[35455,27399],[-100,-102],[-32,-21],[-64,-8],[-258,58],[-34,23],[-67,67],[-44,66],[-28,87],[-22,35],[-50,27],[-124,-8],[-191,22],[-77,33],[-54,50],[-62,46],[-355,249],[-94,36],[-82,-2],[-202,-33],[-65,-22],[-245,-127]],[[33205,27875],[-65,-17],[-320,-40],[-78,6],[-128,17],[-83,-10],[-689,-147]],[[33205,27875],[18,-22],[19,-145],[23,-59],[72,-79],[-25,-22],[156,-138],[266,-210],[263,-160],[100,-32],[-30,-106]],[[34067,26902],[-130,30],[-39,1],[-46,-13],[-80,-57],[-102,-4],[-47,-21],[-75,-77],[-33,-68],[-29,-31],[-137,-57]],[[35259,26938],[-42,-93],[-51,-137],[-88,-47],[-53,17],[-42,-25],[-19,-27],[-46,-2],[-107,33],[-239,29],[-72,28],[-203,142],[-68,23],[-96,1],[-66,22]],[[37061,30540],[31,-14],[93,14],[117,63],[-3,48],[-50,41],[-9,27],[25,36],[41,-5],[77,-29],[12,-46],[89,-34],[28,25],[-36,31],[15,33],[30,-9],[43,27],[-19,82],[14,43],[114,67],[47,9],[85,-39],[149,-19],[31,-25],[52,-14],[48,-28],[29,16],[0,55],[47,32],[51,-19],[32,-68],[44,-14],[29,19],[-6,43],[-44,30],[82,71],[66,40],[74,3],[23,-63],[113,-29],[6,-37],[-28,-27],[-71,-36],[-21,-41],[18,-16],[62,-16],[17,-74],[45,-37],[38,5],[25,61],[30,-6],[-3,-42],[43,-46],[-10,-21],[-47,-18],[3,-27],[77,-73],[-35,-34],[-45,9],[-27,-17],[-1,-43],[-17,-49],[0,-89],[41,-53],[56,7],[56,49],[60,-53],[19,-35],[33,-6],[9,65],[55,126],[37,11],[62,-62],[52,-2],[66,75],[95,78],[66,35],[31,-10],[27,-31],[99,-51],[43,19],[42,82],[26,36],[-3,40],[-24,58],[-7,54],[34,50],[-15,61]],[[39644,30809],[35,7],[34,-41],[37,-14],[40,3],[21,22],[-9,26],[-43,25],[59,74],[54,33],[13,-87],[29,-109],[39,-48],[21,-67],[55,-41],[9,-24],[-4,-91],[9,-35]],[[40043,30442],[-115,-41],[-403,-222],[-57,-42],[-228,-259],[-40,-35],[-70,-24],[-396,-27]],[[38734,29792],[-59,1],[-633,70],[-217,22],[-554,61]],[[38734,29792],[-35,-113],[-32,-34],[-23,-94],[-6,-53],[6,-38],[35,-58],[3,-40],[37,-44],[40,-103],[17,-73],[37,-98],[-4,-32],[28,-69],[92,-69],[-3,-58],[12,-25],[-30,-35],[-12,-104],[42,-54],[39,-35],[59,-72],[15,-33],[13,-101],[25,-40],[26,-115],[29,-38]],[[40043,30442],[71,-164],[86,-141],[26,-34],[42,-85],[102,-135],[15,-53],[65,-84],[31,-131],[101,-131],[29,-80],[47,-54],[26,-65],[-4,-78],[-38,-175],[7,-69],[-24,-112]],[[40625,28851],[-153,32],[-59,17],[-118,-10],[-104,-91],[42,-37],[10,-47],[-8,-30],[-51,-29],[-63,-14],[-139,-5],[-56,-29],[-55,-48],[-30,-46],[-24,-94],[-67,-19],[-22,-28],[-79,-18]],[[27657,19487],[97,-4],[24,-13],[5,-80],[42,-37],[-4,-131],[74,-53],[60,-27],[2,-65],[29,-69],[47,-25],[48,-97],[69,41],[37,5],[11,-90],[-12,-51]],[[28186,18791],[-10,-29],[39,-36],[33,24],[46,-43],[28,-43],[144,-15],[63,-53],[32,-86],[1,-25],[-53,-58],[-7,-30],[-89,-77],[-130,-70],[-67,-43],[-75,-27],[-92,6],[-34,-23],[-25,-36],[-83,-88],[-109,-98],[-100,-106],[-92,-106],[-54,-36],[-72,-35],[-72,-49],[-142,-45],[-157,-41],[-129,-41],[-46,-20],[-57,-48]],[[26877,17414],[-37,11],[68,-263],[52,-139],[27,-117],[78,-508],[21,-168],[33,-117],[37,-69],[91,-111],[432,-561],[244,-319],[220,-283],[50,-76],[26,-52],[30,-114],[-12,-825],[0,-78],[-9,-314],[2,-95],[-5,-112],[-12,-89],[-36,-187],[-20,-39],[-141,-132],[-70,-78],[-160,-194],[-51,-81],[-15,-38],[-17,-111],[5,-131],[-44,-98],[-7,-129],[48,-273],[76,-387],[34,-80],[54,-51],[61,-46],[102,-48],[129,-68],[96,-86],[92,-51],[103,-70],[82,-68],[20,-58],[1,-105],[-12,-88],[-12,-142],[14,-32],[20,-126],[11,-107],[23,-92],[-48,-102],[-23,-27],[19,-54],[-7,-69],[-38,-170],[-20,-42],[7,-66],[12,-23],[-4,-98],[30,-102],[29,-70],[-2,-40],[28,-99],[29,-55],[-18,-72],[11,-33],[3,-85],[8,-30],[51,-57],[-1,-46],[25,-59],[-7,-58],[31,-38],[-2,-28],[193,46],[-10,-31],[-64,-69],[-44,-70],[-40,-19],[-12,-23],[14,-50],[43,-56],[-15,-30],[0,-43],[17,-27],[-19,-73],[10,-20],[70,-4],[74,-27],[3,-47],[-34,-44],[-27,-66],[-5,-57],[45,-61],[2,-137],[-15,-36],[-60,-41],[-2,-35],[48,-61],[16,-80],[-68,7],[-41,-24],[-1,-66],[-12,-25],[-60,-22],[-15,-46],[-48,-18],[-95,43],[-15,-13],[5,-58],[-13,-84],[33,-70],[-12,-19],[49,-81],[77,-5],[17,-46],[23,-15],[80,9],[73,49],[75,-13],[28,-21],[28,-54],[-3,-33],[-26,-23],[-7,-45],[-44,-38],[17,-64],[63,-117],[-34,-55],[17,-54],[-18,-58],[4,-25],[-69,-18],[-44,-59],[-51,-13],[3,-47],[102,-80],[52,-48],[31,-7],[9,-80],[-15,-41],[7,-26],[35,-25],[-4,-20],[-61,-58],[-47,-27],[25,-49],[-56,5],[-8,-24],[27,-51],[39,-12],[-15,-45],[19,-68],[-58,-51],[-68,-19],[-13,-27],[31,-20],[-55,-33],[-18,-66]],[[28775,5042],[-13,-36],[4,-61],[-53,-9],[-2,69],[-122,62],[-42,-43],[-63,17],[-58,-57],[6,-35],[-46,-4],[-23,-58],[-117,-29],[-63,7],[-33,-24],[-5,-37],[-73,-8],[-27,12],[-30,-15],[-7,-41],[-34,-11],[-28,17],[-14,-30],[-49,-23],[-36,-42],[-134,-66],[-84,-54],[23,-52],[23,-147],[57,-87],[14,-51],[-3,-130],[19,-43],[-9,-47],[52,-25],[33,-40],[49,-36],[55,-12],[5,-32],[-20,-26],[-61,-46],[-28,-11],[-77,-4],[-36,-17],[-30,-76],[-38,-33],[-33,4],[-62,30],[-39,-9],[-49,-53],[-30,-97],[-40,-32],[-36,-7],[-37,13],[-34,-8],[-54,-45],[-187,-61],[-84,-54],[-28,-35],[-50,32],[-35,96],[-64,126],[-77,64],[-99,120],[-29,22],[-91,40],[-34,32],[-14,59],[-80,108],[-15,9],[-58,-12],[-97,11],[-123,-9],[-42,-14],[-83,-13],[-61,-19],[-84,31],[-60,-40],[-33,-7],[-158,75],[-66,39],[-27,27],[-47,70],[-42,112],[-44,45],[-104,-2],[-15,-11],[-37,-67],[-47,-39],[-39,-5],[-66,20],[-59,6],[-54,-5],[-52,-44],[-48,-81],[-123,-80],[-86,-82],[-41,-23],[-96,-30],[-77,-37],[-26,-2],[-53,32],[-86,16],[-55,-4],[-32,-13],[-49,-76],[-53,-49],[-77,-27],[-47,1],[-22,-31],[-14,-45],[-27,-30],[-33,-12],[-132,19],[-96,40],[-25,21],[-22,68],[-26,17],[-118,-53],[-43,-13],[-90,-3],[-77,-28],[-120,-32],[-37,-1],[-56,15],[-102,42],[-77,48],[-77,83],[-39,4],[-43,-28],[-54,-4],[-113,29],[-38,-13],[-21,-57],[-58,-38],[-111,-15],[-85,-3],[-20,-13],[13,-47],[-81,-55],[-57,37],[-68,-21],[-69,-31],[-57,-77],[-17,-39],[-70,-118],[-39,-53],[-40,-33],[-75,-17],[-41,-59],[-31,-86],[-30,-17],[-75,5],[-73,43],[-33,-1],[-43,-47],[-27,-73],[-43,-34],[-85,10],[-39,25],[-15,69],[-23,26],[-36,12],[-30,32],[-27,59],[-1,48],[40,45],[145,72],[131,102],[7,24],[-16,69],[8,51],[57,55],[30,97],[-1,77],[80,82],[3,63],[13,18],[74,12],[28,16],[8,78],[40,28],[46,64],[5,73],[35,68],[37,33],[28,44],[-43,34],[2,67],[25,20],[58,-1],[28,27],[41,97],[47,26],[6,116],[-29,37],[-101,-5],[-38,6],[-47,87],[-87,91],[-75,41],[-27,33],[-23,75],[3,22],[36,23],[16,34],[-10,38],[-27,38],[-78,79],[-69,27],[-96,-39],[-36,13],[-34,44],[-47,-29],[-39,21],[-22,62],[-87,116],[-42,19],[-22,46],[29,55],[17,82],[-34,45],[3,30],[30,52],[2,51],[-72,24],[-98,-5],[-101,54],[-54,6],[-73,72],[-54,29],[7,85],[-19,46],[-53,34],[-36,74],[-26,24],[-70,35],[-61,20],[-46,-6],[-28,-49],[-37,-37],[-76,-28],[-83,28],[-39,46],[-34,77],[-35,31],[-164,85],[-56,8],[-68,-11],[-91,-29],[-69,-5],[-43,29]],[[19370,6589],[-22,88],[19,96],[-52,105],[-13,42],[-2,54],[16,80],[-7,40],[-32,70],[-63,215],[-8,65],[-19,70]],[[19187,7514],[-3,97],[42,37],[-56,40],[-35,0],[32,100],[-14,68],[-18,33],[1,54],[31,37],[-38,44],[28,53],[-21,28],[15,45],[-7,29],[34,83],[60,59],[66,103],[-3,24],[59,66],[19,3],[-10,76],[64,70],[2,26],[31,41],[1,56],[-13,29],[25,19],[8,34],[-15,22],[-5,56],[39,18],[-61,69],[-41,-20],[-8,47],[-41,33],[22,20],[-22,91],[33,5],[-9,35],[-28,4],[-4,39],[95,-52],[63,1],[51,-9],[43,-26],[34,-41],[27,-77],[-3,-122],[39,-42],[53,-9],[91,33],[38,0],[63,-35],[353,-51],[84,24],[442,57],[14,31],[24,1942],[-30,46],[-29,17],[-63,102],[-43,46],[-4,27],[20,53],[1,42],[-24,24],[36,114],[-22,119],[-29,33],[2,71],[31,28],[39,2],[50,-26],[43,-6],[63,-53],[81,-31],[44,15],[91,-1],[67,10],[94,-14],[34,27],[92,17],[23,11],[6,46],[47,67],[10,35],[-18,60],[36,85],[3,54],[-33,72],[-60,8],[-47,-19],[-5,70],[69,45],[24,27],[29,73],[-1,56],[23,90],[-28,64],[-84,66],[-83,57]],[[21313,12540],[32,22],[14,46],[56,26],[60,56],[6,55],[21,33],[-14,37],[-70,21],[-58,93],[-15,39],[-1,108],[11,28],[-2,121],[-13,49],[24,41],[-6,45],[68,81],[77,103],[5,47],[50,147],[18,39],[53,27],[7,33],[-25,83],[-7,53],[-84,115],[-42,75],[-41,157],[-50,58],[-25,51],[28,30],[74,34],[108,3],[90,51],[51,50],[22,52],[66,59],[49,-20],[-39,68],[18,13],[35,-38],[33,-11],[74,10],[24,24],[60,19],[55,-7],[46,-24],[9,-78],[25,-46],[39,-37],[59,36],[57,57],[102,13],[52,-22],[93,18],[13,-21],[48,-24],[52,17],[15,17],[-10,56],[62,94],[52,17],[82,9],[35,-46],[40,-1],[74,71],[68,24],[96,-29],[9,-22],[52,-31],[44,3],[11,76],[31,43],[35,23],[19,39],[-1,75],[14,24],[83,75],[-69,37],[-59,7],[-13,25],[-120,26],[-13,44],[12,26],[78,108],[64,69],[46,18],[57,-2],[78,24],[44,4],[80,-9],[8,44],[-62,11],[-45,-15],[-132,1],[-67,-15],[-33,15],[-51,-12],[-44,53],[14,27],[55,29],[-33,58],[7,79],[-21,25],[32,65],[-11,72],[-31,51],[-84,78],[-5,31],[33,78],[-6,77],[-20,82],[-8,151],[-14,90],[-89,313]],[[23094,16937],[37,42],[29,91],[3,94],[-12,334],[35,490],[28,103],[32,66],[52,83],[103,141],[52,83],[18,63],[5,80],[-4,90],[-34,106],[-180,402],[-41,83],[-9,42],[8,63],[56,165],[14,63],[14,161],[-2,119],[-28,183],[-36,309],[-35,116],[-3,43],[26,29]],[[23222,20581],[5,-43],[125,-42],[470,-164],[10,23],[81,-29],[42,-41],[15,-44],[24,-32],[40,-18],[16,25],[52,8],[15,-34],[57,19],[51,-127],[22,-33],[163,120],[-79,129],[-227,412],[-70,133],[-75,122],[-75,95],[-80,69],[-173,123],[-55,51]],[[23576,21303],[-236,300],[-47,74],[-27,83],[-11,64],[2,105]],[[23257,21929],[25,109],[26,63],[52,81],[107,129],[490,565],[39,38],[74,50],[51,25],[129,43],[97,46],[57,51],[56,82]],[[23257,21929],[-69,8],[-95,-12],[-6,-40],[-30,-63],[-77,-114],[-64,-83],[-37,-132],[-49,-48],[-23,-48],[-222,-99],[-38,-36],[-33,-11],[-66,-68],[-106,-54],[-73,-25],[-54,-36],[-89,-27],[-127,-16],[-78,41],[-67,-43],[-68,12],[-51,54],[-16,-56],[-32,-32],[-35,-53],[-59,-44],[-45,-92],[12,-109],[-28,-64],[-1,-50],[-22,-83],[-3,-45],[-28,-34],[-34,-70],[-14,-2],[-163,-238],[-36,-75],[-5,-29],[-42,-6],[-7,36],[-34,20],[-20,54],[-98,59],[-45,35],[-18,32],[-1,55],[-73,-32],[-31,-40],[-28,-59],[16,-41],[-12,-43],[-113,-221],[-105,-216],[-30,9],[-114,-24],[-36,4],[4,39],[-95,56],[-96,46],[-21,23],[-29,-28],[-36,51],[-23,-52],[33,-132],[43,-72],[-3,-29],[-80,-128],[24,-61],[-88,-16],[-56,28],[-22,-43],[-30,9],[-13,-49],[-53,-5],[-60,-66],[-36,2]],[[19798,19208],[47,44],[1,22],[-47,87],[-39,134],[-6,48],[-124,194],[-1,57]],[[19629,19794],[0,39],[52,116],[39,67],[-9,28],[-10,106],[9,31],[53,68],[12,89],[56,55],[27,48],[62,147],[5,70],[18,37],[1,72],[-13,9],[-11,72],[18,16],[31,63],[9,66],[-11,36],[28,81],[-21,21],[8,36],[41,52],[-1,71],[15,17],[1,50],[55,178],[-16,89],[-14,42],[10,23],[-19,105]],[[20054,21794],[22,13],[129,104],[42,105],[-1,35],[44,75],[59,51],[56,8],[17,55],[111,54],[73,0],[17,22],[162,103],[-8,58],[38,93],[22,72],[62,47],[112,47],[35,41],[43,11],[105,56],[19,58],[64,117],[96,92],[12,36],[49,47],[53,82],[67,44],[30,30],[8,51],[24,82],[33,14],[13,25],[60,64],[88,43],[44,42],[71,-14],[71,54],[39,101],[6,46],[-10,46],[12,20],[46,11],[26,19],[11,47],[27,27],[-59,18],[-20,69],[-38,47],[-41,0],[-77,44],[-45,15],[-78,53],[-29,-3],[-41,16],[-52,63],[6,55],[-49,71],[-24,47]],[[21606,24523],[21,53],[72,46],[65,29],[158,62],[18,16],[-35,46],[-51,35],[-35,68],[35,87]],[[21854,24965],[262,-1],[87,18],[90,45],[98,17],[208,-10],[96,23],[118,-270],[121,54],[29,29],[20,59],[32,42],[83,40],[73,50],[71,62]],[[23242,25123],[62,54],[59,-69],[3,-18],[-15,-92],[7,-47],[106,-182],[37,-154],[34,-52],[26,-167],[28,3],[65,105],[30,19],[38,3],[110,-39],[19,-13],[164,-229],[53,1],[49,54],[-6,71],[12,74],[31,60],[27,30],[59,32],[24,-32],[-21,-104],[8,-43],[29,12],[37,-19],[43,5],[-7,-77],[27,-7],[73,15],[18,18],[16,118],[90,36],[8,-22],[-27,-69],[104,-14],[106,-6]],[[23222,20581],[67,49],[40,50],[135,531],[27,49],[85,43]],[[23094,16937],[-52,-27],[-81,-21],[-175,-39],[-142,-55],[-169,-70],[-50,-8],[-42,5],[-56,22],[-125,121],[-108,80],[-87,34],[-80,15],[-130,15],[-90,5],[-67,-10],[-68,-19],[-82,-46],[-46,-52],[-32,-56],[-22,-75],[-12,-152],[1,-235],[-28,-94],[-55,-75],[-105,-51]],[[21191,16149],[-19,99],[-19,21],[-93,49],[-43,3],[-69,-41],[-73,-15],[-42,33],[1,37],[-21,55],[-54,1],[-31,30],[-35,8],[-27,25],[-36,-59],[-36,-8],[-11,37],[-32,0],[-36,62],[-80,47],[-47,15],[6,24],[-64,20],[-17,-11],[-29,59],[-42,30],[-71,67],[-13,51],[30,77],[-7,17],[-81,25],[-58,40],[-149,43],[-1,21],[22,147],[-6,29],[-59,72],[-48,109],[-26,40],[-2,106],[42,60],[105,63],[34,31],[24,77],[91,176],[-16,45],[39,70],[5,40],[-31,2],[-5,108],[10,28],[-4,73],[-38,51],[15,40],[17,87],[-21,42],[22,59],[3,56],[18,48],[-1,33],[39,71],[-7,79],[-11,13],[10,77],[-30,47],[-29,20],[-93,20],[-24,26],[-27,-4],[-71,21],[-48,27],[-88,14],[-35,27],[8,26],[40,28],[82,13]],[[23242,25123],[-48,29],[-11,25],[9,46],[-10,32],[-42,34],[16,49],[-8,36],[-38,86],[29,110],[88,41]],[[23227,25611],[225,102],[130,62],[218,97],[169,-58],[-19,513],[0,64],[22,44]],[[23005,26965],[-48,-83],[-2,-114],[-46,-78],[-265,-162],[-37,-16],[-88,-3],[-29,-14],[-42,-44],[-64,-21]],[[22384,26430],[-100,13],[-54,-22],[-32,41],[-99,71],[-47,81],[-33,8],[-145,-51],[-24,1],[-30,34],[-121,328],[-26,27]],[[21673,26961],[-66,104],[-8,60],[8,123],[41,203],[-6,65],[-32,54],[-7,47],[32,161],[-10,34],[-10,118]],[[21615,27930],[16,30],[142,142],[24,43],[11,54],[84,-29],[78,-12],[52,0]],[[21854,24965],[-90,1],[-61,8],[-125,31],[-246,35],[-60,22],[-126,73],[-115,13],[-95,-7],[-66,40],[-25,44],[-68,63],[-26,37],[-6,52],[-75,72],[-74,20],[7,26],[-46,85]],[[20557,25580],[26,4],[29,75],[55,60],[19,69],[50,-14],[63,8],[96,27],[53,1],[54,13],[0,42],[26,32],[29,189],[67,15],[18,14],[59,84],[35,22],[42,-13],[27,-52],[31,-4],[43,21],[14,25],[10,68],[14,22],[34,3],[16,97],[21,10],[28,48],[3,63],[102,102],[18,66],[18,27],[8,69],[-32,98],[18,33],[39,22],[-17,35]],[[22384,26430],[107,-161],[31,-56],[-40,-9],[-45,-32],[84,-113],[-43,-33],[100,-131],[-46,-35],[106,-141],[25,-22],[91,-49],[42,50],[66,34],[-9,17],[77,45],[48,-25],[20,24],[-2,39],[140,85],[7,-12],[80,-14],[41,-51],[32,8],[19,-146],[-116,-56],[28,-35]],[[21606,24523],[-129,-159],[-44,-28],[-124,-24],[-92,-62],[-69,-5],[-79,27],[-60,-5],[-53,-36],[-59,-120],[-35,-11],[-55,9],[-91,37],[-20,-10],[-30,-59],[-32,-28],[-27,-2],[-93,24],[-52,-2],[-66,-40],[-91,-24],[-71,-78],[-43,5],[-34,43],[-40,10],[-52,-10],[-68,-49],[-27,-5],[-69,66],[-28,14],[-95,6],[-20,-29],[-23,-91],[-26,-30],[-97,-3],[-133,-57],[-86,-16],[-66,5]],[[19327,23786],[17,37],[-32,114],[28,59],[-13,43],[-67,76],[39,28],[12,64],[-39,58],[-1,77],[27,43],[48,123],[-4,50],[38,29],[-4,68],[23,73],[34,59],[23,64],[-29,76],[-75,66],[-6,17],[47,88],[71,-7],[103,25],[47,60],[38,-39]],[[19652,25137],[44,-10],[55,19],[47,-33],[64,56],[71,5],[23,18],[8,49],[53,36],[42,17],[17,53],[46,76],[58,20],[51,-12],[36,6],[48,39],[32,79]],[[20347,25555],[29,36],[64,19],[117,-30]],[[18463,38700],[2,-51],[51,-62],[25,-52],[1,-71],[18,-62],[0,-84]],[[18560,38318],[34,-3661]],[[18594,34657],[-7,-33],[-41,-44],[9,-31],[-53,-19],[-32,-46],[24,-52],[39,-43],[-13,-61],[-52,-37],[-29,-45],[38,-41],[38,-71],[72,-39],[24,5],[19,-29],[6,-56],[19,-35],[40,-35],[24,-34],[-1,-51],[35,-84],[-29,-110],[-99,-26],[-16,-72],[-31,-27]],[[18578,33541],[-46,28],[-29,-37],[-84,-26],[-51,-51],[-87,-21],[-9,-86],[-37,-101],[9,-60],[-7,-27],[-68,-32],[-76,37],[-27,26],[-37,92],[-33,51],[-32,27],[-100,4],[-80,74],[-41,73],[-47,9],[-28,36],[-6,48],[-30,7],[-69,-15],[-60,4],[-43,-9],[-82,16],[-34,-25],[-36,19],[-1,48],[-46,-20],[-34,-30],[-87,-17],[-39,24],[-43,53],[-75,51],[-72,20],[-50,-19],[-18,20],[-66,-24],[-105,-16],[-67,50],[-21,57],[-38,48],[-131,53],[-33,-9],[-23,36],[17,33],[44,30],[-6,48],[15,60],[-64,-8],[-25,40],[9,57],[27,41],[-9,60],[32,101],[58,53],[-41,53],[-44,5],[-7,26],[-32,18],[4,56],[-34,14],[-4,50],[-103,7]],[[16196,34671],[57,44],[48,3],[46,37],[68,154],[103,74],[-24,40],[10,69],[-8,66],[15,45],[39,58],[25,89],[5,171],[21,47],[56,45],[-47,3],[0,49],[36,21],[-26,31],[28,38],[24,6],[3,48],[-52,9],[-30,-18],[-41,16],[-48,-4],[8,-97],[-20,-75],[-47,5],[-271,559],[220,28],[16,79],[-80,-2],[-674,12],[-58,-21],[-5,170],[-129,126],[-24,224],[-10,285],[3,117],[204,3],[104,17],[59,-27],[78,-71],[76,-97],[21,46],[-1,66],[33,73],[-6,59],[14,31],[25,10],[173,4],[160,69],[83,23],[155,132],[81,33],[59,0],[130,-34],[12,79],[75,143],[7,97],[62,-2],[19,15],[41,-39],[58,-40],[37,-50],[37,-120],[80,-57],[60,50],[25,39],[57,29],[27,29],[27,86],[8,54],[-13,80],[-2,85],[-60,-24],[-50,95],[-13,93],[10,35],[26,16],[69,16],[67,-1],[12,-132],[13,-76],[31,8],[-11,45],[14,53],[43,32],[64,16],[50,42],[40,18],[73,17],[-32,108],[-23,49],[-69,69],[-151,89],[244,272],[221,-275],[92,96],[53,38],[96,-39],[54,-6],[102,9]],[[21871,35378],[7,62],[-29,111],[-4,38],[2,158],[10,146],[-5,76],[-25,113],[-2,49],[9,59],[25,75],[41,70],[70,79],[96,90],[-34,76],[-4,38],[22,35],[42,18],[32,35],[37,64],[36,129],[38,40],[91,25],[-156,60],[-247,84],[-234,65],[-155,41],[-308,-12],[-135,486]],[[21091,37688],[-3,72],[8,78],[15,34],[49,70],[-1,59],[56,82],[32,9]],[[21247,38092],[43,22],[50,12],[271,123],[197,220],[188,71],[119,-97],[63,-120],[77,-37],[129,-282],[95,-190],[21,-79],[-10,-142],[11,-59],[4,-135],[25,-23],[39,4],[2,-34],[-37,-20],[23,-58],[-24,-46],[-32,-2],[1,-40],[-18,-17],[-61,15],[-27,-70],[31,-37],[107,13],[91,-46],[31,-9],[184,-21],[136,-7],[68,-8],[158,-37],[119,-13],[47,10],[107,4],[39,49],[21,7]],[[23535,37013],[19,-85],[5,-63],[-8,-74],[-20,-59],[119,-4],[30,-77],[50,-62],[76,-50],[77,-30],[125,-114],[129,-14],[97,-28],[90,-17],[107,-7],[24,16],[88,6],[38,-8],[1,-53],[68,-47],[43,-156],[-44,-46],[-77,-21],[-11,-15],[-35,-103],[-7,-42],[23,-73],[22,-25],[8,-56],[-5,-72],[-40,-77],[-62,-44],[-57,-3],[-28,-29],[-10,-104],[-93,-121],[-63,3],[-75,-131],[-43,-63],[-49,-137],[-217,-272],[-280,-48]],[[21247,38092],[-568,300],[-81,-84],[-397,319],[73,28],[65,99],[10,61],[-3,70],[23,29],[50,12],[164,11],[82,15],[-144,939],[-67,-3],[-20,136],[3,32],[788,611]],[[21225,40667],[39,1],[63,42],[53,0]],[[21380,40710],[37,-173],[-19,-75],[34,-33],[53,-33],[11,-31],[37,-34],[61,20],[36,39],[18,-38],[58,-21],[92,-113],[18,-59],[-6,-28],[22,-60],[17,-12],[108,28],[51,-4],[40,-17],[11,-41],[-34,-36],[36,-16],[25,-31],[7,-40],[-56,-63],[347,-3],[298,0],[348,-4],[363,-5],[279,-2],[12,98],[44,17],[16,38],[59,21],[23,30],[34,96],[42,17],[14,46],[39,40],[55,7],[42,-33],[71,1],[96,-39],[68,-2],[18,39],[50,-12],[36,15],[6,75],[46,31],[48,15]],[[24491,40325],[357,-517],[96,-141],[25,-54],[368,-442],[8,-42],[29,-45],[-24,-43],[-49,-12],[-46,-48],[-61,-49],[-93,-50],[-22,-69],[23,-84],[-1,-32],[-20,-40],[8,-26],[39,3],[66,-17],[50,10],[97,61],[82,61],[36,-6],[35,-24],[14,-64],[25,-68],[-1,-174],[53,19],[23,-10],[19,-45],[37,-1],[64,-33],[70,8],[31,23],[28,-30],[39,-6],[14,20],[127,-20],[58,55],[30,-30],[72,-42],[73,-15],[32,15],[41,-7],[44,29],[28,-7],[60,31],[15,-33],[-62,-64],[75,-23]],[[26503,38247],[-48,-58],[-38,-72],[-28,-108],[-20,-127],[-31,-96],[-36,-182],[-63,-122],[-15,-48],[-18,-149],[-13,-52],[-58,-102],[-50,-110],[-35,-107],[-20,-114],[-65,-160]],[[25965,36640],[-66,-81],[-27,-20],[-56,-19],[-59,-4],[-63,-44],[-71,-26],[-151,-34],[-71,-35],[-44,19],[-65,53],[-33,53],[-44,40],[-44,1],[-122,-95],[-39,-39],[-58,4],[-28,40],[-89,92],[-48,35],[-62,31],[-122,85],[-27,0],[-62,-55],[-39,-7],[-66,9],[-86,-22],[-86,7],[-39,32],[-54,99],[-39,46],[-121,76],[-105,45],[-99,90],[-79,21],[-166,-24]],[[21380,40710],[-9,53],[21,67],[59,82],[15,33],[8,74],[-17,63],[-62,94],[14,80],[36,90],[-9,40],[-7,125],[31,46],[8,73],[49,-8],[62,-22],[7,-24],[52,-51],[-9,-38],[43,-29],[93,-19],[46,-1],[59,25],[50,100],[23,21],[104,46],[3,169],[-26,71],[-70,55],[-63,22],[-72,-3],[-56,-30],[-46,-14],[-62,3],[-74,40],[-39,60],[-22,86],[1,34]],[[21521,42123],[70,-12],[32,16],[-1,71],[26,48],[63,30],[33,43],[15,41],[26,11],[46,-18],[113,-80],[59,15],[36,22],[-16,57],[74,62],[27,43],[67,15],[49,47],[176,1],[90,-31],[61,-56],[85,-39],[82,-13],[74,30],[34,2],[80,-54]],[[22922,42374],[-13,-72],[28,-4],[47,-30],[79,-37],[48,48],[19,-34],[-55,-60],[50,-16],[-12,-34],[58,-25],[-11,-41],[-101,-2],[32,-26],[-43,-63],[-18,-49],[-27,11],[-21,53],[-22,-11],[9,-53],[-9,-55],[-4,-89],[95,-4],[63,-25],[-4,-73],[34,-51],[53,-3],[12,-62],[48,-36],[94,-27],[81,5],[74,22],[3,82],[47,18],[-11,-84],[28,-5],[6,67],[99,9],[-17,-40],[15,-69],[-25,-23],[2,-35],[-16,-25],[9,-41],[-29,-40],[78,-5],[13,21],[74,-14],[39,40],[65,16],[15,23],[51,20],[12,-23],[99,-19],[74,-24],[127,-77],[40,-115],[-56,-164],[-16,-68],[-11,-85],[19,-39],[70,0],[60,-10],[119,-52],[44,-9],[98,34],[54,1],[55,-27],[58,-44],[97,-21],[3,-39],[42,6],[387,159]],[[25327,40830],[11,-24],[-73,-118],[-54,-46],[-14,-53],[-28,-15],[-33,33],[-17,-10],[-27,-91],[-26,-64],[-54,-34],[-74,8],[-80,45],[-84,-17],[-82,26],[-55,3],[-42,-50],[5,-54],[-72,-37],[-37,-7]],[[25986,33740],[2,85],[25,86],[68,71],[59,53],[60,170],[41,67],[8,80],[55,77],[105,107],[21,61],[62,93],[40,104],[87,94],[47,19],[34,38],[-3,42],[-20,21],[-73,11],[-28,71],[43,41],[20,35],[-25,24],[-57,11],[-46,24],[-16,44],[52,89],[91,28],[27,33],[-5,38],[-26,66],[-47,23],[-59,-6],[-28,19],[-25,46],[-36,16],[-5,29],[45,46],[-10,71],[6,101],[-29,45],[8,76],[-19,39],[-23,-21],[-38,-1],[-110,-38],[-42,23],[-76,28],[-47,38],[-14,30],[12,190],[-70,154],[-14,99],[-21,97],[-27,13]],[[26503,38247],[48,53],[8,51],[-12,35],[-39,35],[-79,19],[-43,25],[-70,57],[-23,73],[37,63],[38,21],[127,34],[96,40],[143,50],[32,5],[95,-3],[36,12],[84,63],[98,36],[85,49],[12,26],[-4,72],[-24,143],[13,108],[34,18],[49,-9],[49,24],[-3,64],[15,27],[73,64],[179,95],[56,42],[9,21],[-15,74],[-80,129],[-43,57],[-51,42],[-97,43],[-59,49],[-137,85],[-38,45],[-10,35],[-2,69],[20,104],[-6,64],[-23,86],[-19,42],[-32,14],[-48,-8],[-64,-36],[-45,12],[-19,22],[-35,102],[-32,61],[-45,17],[-180,43],[-59,-6],[-44,24],[-26,32],[-14,64],[53,129],[24,38],[63,11],[65,-34],[24,-2],[58,57],[41,22],[61,-10],[76,30],[89,18],[63,23],[21,22],[-19,101],[11,40],[104,104],[32,67],[5,65],[84,137],[56,33],[29,0],[46,-25],[49,-14],[36,5],[39,53],[9,44],[-8,78],[4,75],[32,96],[-5,40]],[[27561,42128],[58,0],[59,32],[36,-8],[31,-32],[104,-14],[50,-29],[42,10],[31,42],[105,96],[33,-1],[84,-43],[39,-2],[20,19],[24,71],[5,56],[-23,59],[-7,63],[17,74],[-8,84],[-8,169],[10,57],[38,127],[70,9],[66,22],[50,43],[18,34],[-11,41],[-27,44],[25,76],[15,95],[24,100],[21,27],[72,52],[26,55],[0,34],[-50,117],[24,29],[257,78],[97,-26],[36,-22],[57,-52],[26,-39],[20,-59],[-1,-121],[27,-156],[34,-15],[70,28]],[[29247,43352],[57,-72],[72,-68],[38,-70],[57,-191],[34,-78],[175,-194],[14,-29],[-9,-77],[-80,-102],[-10,-46],[3,-62],[44,-72],[35,-36],[134,-154],[278,-307],[34,-76],[3,-58],[-8,-72],[-27,-135],[-57,-324],[-41,-196],[-28,-51],[-135,-158],[-17,-66],[11,-35],[75,-63],[53,-55],[25,-55],[35,-39],[56,2],[22,15],[56,81],[34,17],[71,-9],[52,-43],[32,-84],[63,-37],[116,9],[84,-28],[36,-19],[67,-124],[10,-50],[29,1],[34,-34],[135,-57],[37,4],[6,71],[-67,26],[1,16],[58,63],[34,55],[28,63],[34,46],[107,21],[110,-49],[42,-7],[-23,-45],[-7,-57],[27,-11],[41,-54],[234,-257],[64,-45],[74,-36],[58,-2],[30,-14],[30,-90],[-110,-172],[82,-58],[39,-3],[154,25],[45,-17],[35,42],[48,22],[61,42],[60,58],[-26,50],[-28,25],[-38,75],[31,56],[119,90],[4,-39],[65,-59],[25,-55],[15,-70],[105,53],[81,50],[-33,43],[-16,75],[-26,52],[-6,56],[374,58],[90,8],[69,32],[235,-139],[29,-260],[-151,-8],[-1,109],[-210,0],[-84,56],[-37,-40],[55,-41],[-5,-76],[-120,-38],[-10,-40],[35,-35],[59,-36],[11,-44],[42,35],[32,-43],[44,-30],[-106,-82],[34,-47],[-33,-69],[-103,-127],[-8,-87],[-18,-37],[-48,-36],[93,-49],[-20,-121],[74,-156],[-31,-46],[-44,-114],[-2,-32],[-29,-51],[-44,-7],[-104,-71],[-141,-153],[-183,-130],[-117,-133],[-66,-40],[59,-30],[27,-30],[24,-82],[-16,-124],[-46,-65],[-36,-19],[-79,-75],[-8,-144],[-28,-48],[-12,-110],[-14,-42],[-70,19],[-17,-7],[-63,11],[-28,-8],[-71,19],[-17,-24],[14,-80],[21,-25],[51,-33],[30,-36],[32,-68]],[[31144,34023],[86,-58],[19,-43],[-6,-85],[-45,-42],[13,-16],[50,9],[37,-9],[153,-64],[42,41],[52,29],[24,61],[18,4],[75,-30],[45,1],[60,35],[35,32],[-1,59],[25,49],[44,13],[27,57],[63,34],[85,66],[30,9],[15,126],[24,38],[19,58],[73,59],[37,38],[67,-15],[33,-23],[32,-4],[36,22],[27,39],[42,-28],[51,-15],[33,14],[56,51],[7,40],[-19,63],[34,53],[3,26],[77,50],[24,34],[-8,75],[13,34],[43,18],[196,327],[208,8],[243,-77],[128,17],[166,-62],[127,-55],[84,-57],[82,-19],[99,17],[212,12],[14,93],[38,45],[27,0],[53,-33],[15,10],[16,109],[-18,27],[-105,6],[-22,18],[-10,111],[17,31],[71,61],[70,88],[22,16],[100,9],[38,16],[46,85],[12,36],[39,63],[-4,68],[17,44],[20,14],[66,12],[63,24],[28,20],[81,-21],[175,21],[67,-6],[35,13],[38,-27],[-17,-55],[50,-61],[79,-51],[47,-15],[26,-89],[31,-54],[36,-15],[47,11],[18,24],[53,-6]],[[35718,35681],[5,-39],[-117,-331],[-103,-60],[-44,-9],[-71,-26],[-48,-37],[-85,-38],[-68,16],[-38,-27],[-116,32],[-72,-45],[0,-61],[-22,-43],[14,-28],[2,-127],[58,-86],[16,-37],[-30,-36],[9,-50],[-41,-51],[17,-34],[-38,-5],[-21,-26],[0,-35],[229,33],[-21,-141],[-32,-118],[-66,3],[-52,-11],[-51,3],[-32,-41],[5,-112],[-29,-24],[3,-34],[-85,-84],[-23,-68],[3,-83],[-33,-79],[-24,-30],[49,-90]],[[34766,33622],[-37,-15],[-59,-45],[-120,-111],[-47,-97],[-16,-108],[-11,-144],[-53,-367],[-14,-36],[-8,-74],[-17,-48],[0,-127],[23,-107],[64,-169],[82,-206],[35,-30],[21,-75],[8,-89],[-21,-110]],[[34596,31664],[-11,-82],[40,-103],[-291,-112],[-54,145],[60,80],[60,34],[-40,72],[-29,33],[-24,63],[-58,-11],[-43,-28],[-114,-35],[-143,-30],[-12,-63],[15,-57],[-29,-32],[-20,-45],[36,-22],[-41,-50],[-25,19],[-94,-33],[38,-62],[-88,-35],[-82,-18],[-92,33],[-37,-23],[-35,-41],[-26,131],[-39,-42],[-51,-10],[42,-203],[-90,-33],[-150,-27],[-79,-9],[-17,-115],[-50,8],[9,69],[-51,5],[-10,-66],[-41,3],[3,32],[-56,4],[9,65],[-94,-18],[11,-73],[81,-48],[43,-13],[24,-55],[-63,-32],[-111,31],[-4,9],[-251,-132],[11,33],[-36,9],[-104,0],[28,-30],[-20,-73],[45,-16],[-36,-47],[24,-8],[-34,-122],[-88,-53],[-27,52],[37,24],[-20,36],[-114,-84],[-48,-95],[-27,-82],[-52,-18],[-58,15],[-30,31],[-32,71],[-63,121],[-32,-53],[-33,-134],[-61,13],[-24,-36],[-14,-62],[-108,25],[46,227],[-132,26],[7,37],[-63,-24],[-2,-23],[-30,-33],[-29,-1],[-121,63],[-55,-20]],[[34596,31664],[78,5],[77,33],[59,45],[35,61],[7,96],[11,23],[41,28],[106,59],[45,17],[72,11],[160,65],[238,102],[35,51],[-1,36],[16,38],[71,123],[47,137],[32,124],[30,48],[87,51],[97,34],[79,36],[104,-14],[27,13],[29,57],[38,28],[97,6],[73,28],[34,-7],[93,15],[67,-15],[63,27],[58,-14],[14,55],[80,50],[293,158],[66,39],[-91,160],[-138,251],[-26,53],[-220,-113],[-49,82]],[[36630,33746],[66,32],[34,5],[53,31],[104,31],[86,9],[101,-19],[21,34],[55,-11],[49,15],[77,35],[142,58],[61,15],[136,-19],[70,-19],[39,-32],[74,-102],[74,-122],[8,0],[454,-137],[300,-104],[-19,183],[-24,123],[-3,44],[1,192],[-20,146],[21,170],[146,292],[-16,50],[40,26],[94,34],[54,-22],[60,-43],[28,23],[55,-38],[38,-41],[92,-34],[35,14],[104,-26],[51,5],[55,17],[5,21],[63,25],[51,35],[14,48],[103,-10],[41,22],[56,89],[19,20],[23,96],[6,69],[15,2],[109,-30],[33,-26],[89,-27],[113,-4]],[[40166,34891],[-45,-28],[-19,-35],[11,-33],[-7,-61],[-25,-102],[26,-89],[43,-56],[45,-39],[-21,-100],[3,-47],[25,-18],[110,-164],[37,-45],[16,-67],[14,-123]],[[40379,33884],[21,-105],[36,-11],[58,-93],[2,-37],[51,-59],[36,-62],[-25,-27],[17,-55],[-7,-58],[13,-29],[-18,-99],[5,-38],[35,-75],[26,-28],[53,-25],[52,-66],[36,-24],[38,-49],[74,-77],[37,-53],[41,-33],[46,-18]],[[41006,32763],[-25,-56],[-31,-5],[-67,65],[-31,54],[-68,49],[-46,3],[-45,-22],[-45,-50],[-21,-52],[-63,6],[-47,28],[-47,59],[-29,93],[-66,11],[-14,45],[-24,9],[-44,-21],[-36,8],[-90,43],[-17,-36],[-91,-6],[-81,-57],[-145,49],[-25,-59],[-64,-52],[-118,-41],[-43,-50],[-10,-42],[32,-58],[46,-27],[49,2],[37,-13],[38,-46],[-14,-19],[34,-157],[-3,-34],[-63,-51],[-61,-5],[-88,24],[-35,1],[-23,-53],[9,-71],[-23,-46],[-68,-25],[-140,12],[-18,26],[-2,49],[-52,42],[-69,16],[-28,-24],[1,-65],[39,-54],[69,-169],[99,-82],[25,-47],[-9,-70],[-29,-69],[15,-53],[48,-39],[-19,-38],[0,-69],[38,-67],[16,-60],[50,-77],[31,-35],[21,-85]],[[39526,31200],[28,-131],[-1,-42],[-17,-34],[118,-99],[-33,-57],[23,-28]],[[35718,35681],[46,9],[147,58],[27,42],[64,53],[85,33],[-28,38],[76,77],[17,35],[47,-2],[-8,-99],[164,86],[-37,53],[176,216],[7,52],[2,100],[28,86],[39,53],[81,9],[36,24],[13,45],[85,82],[45,58],[11,69],[-3,37]],[[36838,36895],[24,58],[1,60],[-18,31],[-12,51],[-35,39],[-35,61],[-94,96],[-7,48],[53,71],[38,73],[76,74],[25,85],[29,27],[5,40],[-29,72],[24,36],[57,-7],[56,-59],[61,-16],[55,7],[-14,69],[29,54],[53,40],[35,10],[82,68],[62,22],[114,81],[-1,14]],[[37472,38100],[205,-58],[275,-128],[132,-135],[194,-108],[51,-13],[241,-133],[233,-77],[107,-41],[32,-176],[66,-27],[0,-56],[43,-45],[5,-71],[15,-16],[32,-78],[53,-38],[52,-24],[20,-40],[84,-86],[19,5],[66,-194],[3,-72],[-6,-113],[7,-83],[33,-76],[34,-170],[57,-164],[56,-128],[21,-21],[119,-10],[41,7],[68,-6],[41,5],[27,27],[60,32],[119,39],[80,2],[62,19],[59,42],[39,6],[77,-4],[38,18]],[[40432,35911],[18,-55],[-2,-34],[-53,-110],[-7,-41],[42,-25],[-1,-58],[-25,-49],[-34,-35],[-42,-22],[-18,-40],[45,-20],[15,-26],[36,-10],[19,-27],[-7,-69],[7,-28],[31,-24],[23,-37],[27,-77],[1,-74],[9,-37],[-153,-41],[-197,-81]],[[36630,33746],[-160,-116],[-139,-126],[-55,-21],[-33,6],[-34,34],[-32,53],[-57,51],[-59,34],[-45,1],[-98,-33],[-102,24],[-114,12],[-88,18],[-31,44],[-104,61],[-73,13],[-103,-20],[-253,-72],[-237,-75],[-47,-12]],[[40379,33884],[11,6],[205,63],[86,50],[41,35],[24,61],[13,84],[67,86],[89,86],[129,117],[125,69],[29,9],[105,-4],[94,-15],[65,-23],[45,10],[-23,103],[667,241],[23,16],[-23,68],[-14,107],[-116,205],[-126,264],[43,-18],[72,-8],[61,-30],[107,14],[-20,17],[-4,109],[-19,167],[-39,91],[56,7],[-6,59],[97,7],[41,14],[77,-9],[84,6],[4,-63],[144,-7],[5,46],[125,3],[70,67],[19,53],[60,16],[36,-38],[29,7],[9,-47],[32,-52],[32,-27],[6,-31],[69,-8],[35,-21],[19,71],[32,40],[62,53],[8,68],[97,7],[-8,95],[-36,101],[20,140],[49,80],[160,186],[-7,99],[-30,96],[-4,47],[-27,81],[114,-20],[57,29],[64,57],[12,64],[49,62],[67,3],[33,58],[75,89],[7,38],[49,17],[34,45],[52,39],[33,-7],[22,-25],[32,6],[54,-21]],[[44209,37444],[-5,-56],[-16,-54],[1,-57],[31,-58],[-57,-113],[-6,-33],[15,-108],[-12,-61],[-2,-70],[-48,-73],[9,-119],[-9,-50],[20,-55],[-23,-59],[-9,-168],[9,-23],[53,-62],[133,-136],[46,-39],[18,-28],[682,-705]],[[45039,35317],[-529,-250],[-76,-42],[-252,-159],[-52,-27],[-77,-17],[-112,-11],[-52,-18],[-128,-62],[-108,-34],[-433,-87],[-128,-22],[-110,-12],[35,-34],[37,-54],[55,-116],[4,-49],[-25,-30],[-149,-92],[-50,-76],[79,-67],[0,-33],[90,-139],[62,-78]],[[43120,33808],[-35,-91],[-60,-48],[-17,-88],[1,-66],[-28,-51],[-116,-20],[-117,-66],[1,41],[-26,3],[-42,-20],[-56,13],[-23,-13],[-17,64],[-61,19],[-6,-38],[-51,-28],[-108,18],[-97,25],[-42,-4],[-67,30],[-65,1],[-43,25],[-110,-13],[-45,-22],[-40,60],[-35,20],[-88,22],[-33,21],[-43,8],[-38,24],[-57,-2],[-39,29],[-56,7],[-54,-22],[-77,-13],[-37,-14],[-95,-92],[-24,-107],[8,-60],[-24,-55],[-103,-105],[-22,-48],[17,-90],[-4,-61],[8,-106],[-30,-62],[-18,-70]],[[50694,37717],[7,-17]],[[50701,37700],[-8,-13],[-124,-65],[-129,-85],[-19,-53],[69,-98],[-58,-148],[-40,-15],[-20,-28],[-37,-19],[2,-30],[-27,-11],[5,-45],[-38,-2],[2,-33],[-32,-11],[-3,-95],[-23,-34],[-82,-19],[-27,28],[-56,0],[-103,-38],[-137,3],[-74,19],[-124,75],[-45,5],[-69,-51],[-72,-10],[-176,-118],[-31,-43],[8,-19],[-36,-99],[-29,-36],[-76,-18],[-38,35],[-28,8],[-62,-13],[-39,-22],[-60,-51],[-105,-31],[-44,-29],[-38,-8],[-32,-28],[-106,-63],[-31,-4],[14,-66],[-26,-19]],[[48497,36303],[-145,270],[-11,49],[-28,29],[-3,30],[46,43],[-2,63],[24,80],[-53,47],[-49,32],[-159,-35],[-112,-20],[22,359],[-152,181],[-10,20],[-61,42],[1,84],[-495,4],[-33,23],[-131,34],[-54,-7],[2,45],[16,59],[-30,11],[-31,32],[-49,-4],[-28,47],[-25,2],[-98,-33],[-47,53],[-58,-12],[-250,-15],[-7,22],[-58,63],[-10,47],[5,102],[-48,6],[-8,27],[37,51],[73,37],[22,27],[159,40],[64,-1],[58,21],[136,86],[49,61],[5,51],[-17,67],[-175,26],[-8,43],[-34,6],[-36,-18],[-26,6],[-26,53],[-58,15],[-36,-7],[-26,41],[73,-13],[86,5],[57,14],[-5,48],[-31,90],[39,108],[29,45],[-19,24],[-15,53],[9,62],[-26,40],[6,61],[-21,116],[-28,31],[33,58],[-9,34],[47,147],[29,22],[9,71],[16,40],[122,-118],[81,-142],[28,-74],[43,26],[48,89],[2,49],[38,89],[-16,89],[0,87],[71,166],[55,89],[51,52],[160,98],[47,23],[6,30],[-19,168],[21,37],[-6,44],[10,55],[-19,33],[50,49],[26,-4],[26,-100],[56,-14],[41,18],[94,229],[38,25],[49,12],[97,46],[-4,-73],[18,-56],[-5,-46],[31,-59],[-6,-49],[19,-25],[13,-119],[17,-59],[46,-27],[23,-47],[52,10],[12,-77],[-10,-40],[4,-77],[-31,-108],[2,-191],[-34,-27],[30,-116],[28,-61],[9,-89],[-7,-59],[14,-6],[53,-81],[47,-87],[34,-57],[25,-64],[138,-36],[81,1],[35,-13],[58,-63],[10,-30],[77,-7],[54,37],[60,66],[63,109],[71,95],[70,163],[95,110],[100,12],[36,49],[50,42],[73,31],[61,17],[67,-32],[41,7],[6,-104],[20,-81],[56,-68],[25,-64],[-19,-60],[59,-47],[184,-292],[68,50],[28,-36],[8,-55],[-11,-107],[3,-73],[28,-148],[35,-58],[-21,-86],[-57,-101],[-57,-18],[-179,-115],[-45,-106],[12,-74],[-48,-69],[-19,-92],[39,-23],[49,-64],[2,-91],[31,-48],[-14,-33],[26,-76],[-14,-64],[19,-19],[71,-2],[39,-61],[46,-106],[243,92],[266,155],[187,98]],[[43120,33808],[45,54],[36,6],[49,-35],[17,-37],[6,-49],[-16,-50],[7,-33],[17,-163],[59,-42],[67,13],[274,-45],[17,-66],[39,-34],[58,-14],[67,-30],[26,-26],[31,-63],[16,-84],[18,-10]],[[43953,33100],[3,-115],[-90,-76],[-52,-63],[-41,-155],[-86,-92],[-47,-70],[-14,-45],[-811,-182],[-218,-53],[-147,-64],[-78,-52],[-55,-46],[-643,-590],[-66,-63],[-123,-99],[-85,-55],[-163,-71],[-123,-28],[-144,-15],[-82,4],[-113,17],[-322,74],[-172,28],[-160,9],[-99,-1],[-98,-8],[-129,-17],[-109,-22],[-160,-50]],[[43953,33100],[74,-13],[71,35],[36,32],[37,-31],[12,-64],[75,-30],[66,-80],[9,-30],[43,-11],[35,24],[31,-4],[9,-33],[125,-20],[40,22],[101,29],[83,2],[36,42],[43,6],[50,-23],[48,9],[38,60],[34,-36],[40,21],[-3,49],[17,88],[25,56],[23,-2],[47,-34],[44,-4]],[[45242,33160],[4,-75],[-44,-148],[7,-61],[-11,-37],[-68,-77],[3,-48],[18,-48],[-36,-32],[19,-35],[2,-108],[-34,-92],[-9,-54],[-78,-48],[61,-94],[-33,-50],[21,-36],[-14,-40],[-31,-14],[-33,-41],[-64,-43],[-49,-64],[-16,-68],[-34,-30],[2,-62],[-14,-16],[-76,-41],[-84,-9],[-22,-39],[-24,-14],[-75,4],[-74,-56],[40,-87],[-9,-141],[12,-28],[-5,-74],[64,-164],[61,-35],[5,-48],[31,-46],[26,-82],[-1,-66],[38,-69],[5,-54],[-12,-64],[22,-159],[-7,-20],[-60,-16],[-124,21],[-58,-20],[-54,-87],[-97,-73],[-23,-64],[12,-70],[27,-59],[49,-53]],[[44398,30026],[-46,-26],[-12,-24],[-46,-14],[-17,-30],[-32,-7],[-16,-28],[-130,-99],[-64,-2],[-61,-15],[-4,-31],[-54,-62],[-23,-9],[-41,32],[-46,-26],[-58,15],[-31,42],[-47,-7],[-30,-27],[-32,17],[-53,57],[-26,78],[-34,25],[-56,-9],[-19,25],[-45,20],[-43,-36],[-53,-14],[-30,9],[-47,-13],[-35,36],[-38,-24],[-44,20],[-56,-5],[-14,27],[-51,-13],[-106,9],[-81,30],[-42,29],[-85,8],[-61,36],[-43,10],[-98,51],[-79,-2],[-45,-16],[-9,-27],[-49,-88],[-36,-29],[-4,-30],[30,-66],[-30,-24],[-25,37],[-48,-26],[32,-53],[-12,-20],[-50,-3],[-12,-20],[59,-93],[-45,-65],[-22,-19],[-18,-44],[13,-41],[26,-6],[23,30],[25,-38],[31,10],[6,54],[42,6],[15,-57],[25,-13],[44,43],[27,-11],[4,-32],[-13,-76],[44,-56],[-16,-56],[3,-63]],[[42384,29187],[-81,-4],[-145,-17],[-105,-7],[-39,-25],[-106,-27],[-151,-18],[-189,-16],[-78,-1],[-32,11],[-83,5],[-54,53],[-11,27],[-46,26],[-27,40],[-146,-117],[-139,-66],[-94,-56],[-167,-114],[-55,-31]],[[40636,28850],[-11,1]],[[40636,28850],[-35,-78],[11,-31],[-6,-51],[5,-69],[-16,-76],[-49,-63],[-33,-110],[0,-102],[41,-117],[58,-92],[57,-14],[58,5],[62,-20],[48,-65],[54,-87],[43,-42],[105,-25],[64,-46],[8,-38],[54,-117],[23,-89],[-8,-18],[12,-95],[20,-199],[-16,-32],[-48,-50],[-30,-60]],[[41118,27069],[-35,-119],[-12,-21],[37,-39],[-21,-53],[4,-78],[39,-37],[45,-74],[14,-53],[82,-82],[-21,-33],[-19,-63],[-40,-52],[-31,-62],[-52,-70],[-12,-48],[-33,-60],[-37,-41],[14,-44],[49,-2],[85,16],[37,-2],[31,-26],[26,-61],[-12,-67],[20,-56],[87,-85],[59,-115]],[[41422,25642],[-52,-19],[-98,0],[-25,-28],[-20,-53],[-53,-58]],[[41174,25484],[-30,50],[-31,107],[-79,12],[-50,-6],[-51,13],[-28,19],[-40,-17],[-46,-43],[-93,25],[-35,-1],[-119,-40],[-43,-24],[-18,-33],[-28,56],[11,46],[-25,7],[-28,39],[6,85],[-47,59],[-31,9],[-35,35],[-56,29],[-95,89],[-23,34],[-46,31],[-69,81],[-32,64],[-40,10]],[[42384,29187],[-10,-38],[33,-52],[2,-24],[44,-29],[25,-114],[24,-1],[28,54],[44,3],[3,-23],[-27,-44],[15,-20],[70,-18],[12,-27],[-44,-17],[-19,-21],[-47,-103],[29,-33],[44,-23],[-71,-29],[-42,-5],[-59,-59],[-18,-37],[1,-46],[-40,-53],[7,-21],[59,-77],[-6,-71],[-55,-166],[0,-34],[30,-58],[7,-34],[-16,-40],[-49,-42],[-40,-74],[2,-66],[-27,-80],[6,-118],[9,-48],[-21,-53],[-72,-45],[-28,-39],[-34,-12],[-33,-52],[-41,-39]],[[42079,27259],[-129,33],[-6,17],[-254,-72],[-35,25],[-85,80],[-38,55],[-141,-77],[-29,-47],[-136,-250],[-108,46]],[[44398,30026],[22,34],[51,10],[75,-12],[45,20],[54,61],[45,13],[77,-1],[80,30],[106,-1],[60,46],[79,30],[102,17],[56,-9],[59,-33],[52,17],[41,-26],[16,-41],[55,-68],[29,-24],[7,-51],[-8,-52],[2,-109],[13,-41],[33,-61],[5,-101],[-21,-114],[-40,-96],[-26,-47],[-34,-36],[-59,-37],[-45,-55],[-18,-58],[21,-107],[32,-131],[1,-49],[-12,-64],[-21,-39],[-35,-24],[101,-56],[11,-63],[48,-144],[3,-97],[14,-25],[67,-67],[57,-46],[37,-56],[15,-45],[-122,-401]],[[45528,27817],[0,-34],[40,-18],[-27,-23],[38,-19],[-30,-32],[9,-50],[-20,-23],[-30,8],[-26,-34],[-41,53],[-46,-80],[-46,27],[-37,-88],[3,-47],[30,-12],[-46,-38],[-56,-3],[-5,-48],[-17,-24],[2,-112],[-6,-60],[-47,-29],[-119,-6],[-111,0],[-46,-22],[-21,30],[-57,9],[-59,-39],[-16,-26],[8,-45],[-19,-74],[2,-84],[7,-35],[-20,-29],[27,-24],[-7,-48],[34,-48],[62,-2],[3,-87],[-47,-44],[-28,-1],[-17,-47],[-29,-36],[49,-40],[4,-37],[-45,-37],[-2,-36],[-20,-38],[-25,-4],[-21,-49],[-51,-82],[-7,-39],[-55,-72]],[[44544,26039],[-42,-59],[-30,-29],[-181,-108],[-9,-35],[51,-61],[6,-46],[-18,-44],[23,-57],[2,-28],[-36,-30],[-6,-48],[22,-28],[8,-65],[-19,-76],[1,-48],[32,-105],[12,-111],[20,-63],[-3,-33],[-44,-124],[-38,-135],[-6,-42],[10,-42],[-5,-38],[-48,-90],[-8,-52],[-26,-53],[0,-34],[-72,-93],[-18,-62],[1,-33],[-20,-28],[-31,-91],[-27,-32],[9,-58],[-31,-30],[28,-34],[-35,-79],[-12,-61],[-47,-62],[-30,-18],[-68,34],[-21,26],[11,35],[42,41],[11,52],[-38,110],[-89,38],[-99,18],[-72,49],[-39,45],[-64,88],[-23,51],[-2,142],[9,186],[15,70],[-3,87],[3,122],[-51,40],[-36,44],[-5,43],[-57,3],[-32,-82],[-29,-32],[-91,-24],[-33,43],[13,45],[-11,128],[-101,231],[-57,92],[-39,29],[38,123],[8,59],[-37,-11],[-102,-6],[-67,-49],[-66,-24],[-110,-55],[-57,-1],[-107,21],[-136,13],[-105,39],[-100,8],[-150,113],[1,32],[-28,58],[-41,134],[-48,-56],[-74,-104],[-86,-69],[-114,-36],[-104,-62],[-97,-85],[-40,-62],[-117,44],[-58,32]],[[41422,25642],[-6,26],[32,41],[32,23],[27,66],[3,42],[25,17],[-2,32],[65,47],[23,62],[48,58],[17,37],[-1,40],[19,31],[52,19],[28,130],[-13,53],[13,106],[-21,52],[-10,89],[8,37],[28,19],[17,84],[25,28],[5,76],[21,28],[-21,40],[-3,81],[35,57],[47,34],[70,7],[9,51],[33,40],[3,42],[49,22]],[[45528,27817],[30,0],[1,48],[31,27],[51,15],[34,-6],[38,-26],[49,-2],[29,-43],[53,-22],[30,19],[22,63],[41,-24],[4,-51],[49,29],[20,-16],[-8,-35],[27,-9],[38,46],[37,-12],[3,-24],[-35,-46],[-63,-18],[64,-39],[-37,-34],[1,-24],[30,-31],[29,-7],[68,13],[58,25]],[[46222,27633],[-41,-30],[-44,-55],[2,-63],[49,-110],[44,-24],[42,16],[35,-18],[39,2],[33,-18],[9,36],[35,-14],[61,-57],[17,-56],[74,-81],[47,-28],[77,-101],[14,-43],[-11,-100],[9,-21],[77,-66],[28,-68],[86,-65],[31,-58],[80,-18],[15,-46],[61,-45],[27,7],[63,-57],[38,8],[52,-26],[30,-70],[42,-24],[18,-73],[27,-12],[25,-53],[-51,-113],[22,-17],[0,-76],[-25,-33],[11,-17],[-43,-50],[-55,-31],[1,-30],[-23,-18],[1,-84],[-28,-3],[-3,-49],[13,-49],[45,-54],[-8,-19],[68,-117],[56,-28],[25,-76],[-8,-38],[61,-35]],[[47472,25265],[-2,-8],[-214,-222],[3,-105],[-58,-117],[-52,-55],[-44,-18],[-84,-9],[-33,-97],[-50,-125],[-15,-62],[-30,49],[-89,104],[-79,151],[-126,114],[-67,22],[-82,47],[-79,35],[-148,47],[-43,60],[-65,58],[-53,57],[-71,31],[2,165],[-294,94],[-603,262],[-381,38]],[[44715,25781],[-36,40],[-80,72],[-1,92],[-54,54]],[[46222,27633],[71,26],[60,29],[41,44],[-19,38],[24,39],[30,4],[28,33],[-19,85],[47,6],[17,18],[-18,61],[38,-20],[26,8],[-2,34],[25,14],[48,-17],[31,42],[2,47],[80,0],[21,-42],[-43,-18],[8,-49],[38,17],[29,31],[23,-30],[47,3],[30,48],[33,9],[38,72],[50,43],[37,-11],[32,22],[30,-28],[-46,-62],[51,-5],[37,-27],[47,23],[23,26],[28,-3],[28,56],[19,-71],[24,-16],[50,10],[39,-64],[22,0],[17,51],[-24,66],[43,16],[-8,-50],[8,-25],[52,28],[33,0],[29,26],[-27,38],[-6,60],[58,-3]],[[47602,28265],[73,-88],[46,-44],[40,-74],[51,-134],[-4,-98],[36,-64],[-46,-90],[12,-50],[31,-43],[40,-23],[97,-3],[70,-22],[60,-32],[127,28],[96,-67],[77,-101],[109,-54],[74,-23],[30,-76],[5,-101],[-20,-24],[41,-38],[54,-108],[77,-89],[-20,-54],[36,-39],[65,-90],[155,-193],[42,-217],[-81,-359]],[[48975,25895],[-9,-217],[-62,-324],[-271,177],[-125,-9],[-16,-10],[-4,-64],[-55,12],[-33,43],[-290,-33],[-3,-99],[-94,-1],[0,104],[-120,-12],[-150,-342],[-24,0],[-36,74],[24,18],[-18,33],[-57,12],[-53,0],[-2,28],[-56,4],[-49,-24]],[[47602,28265],[28,47],[-29,84],[-5,85],[-19,44],[19,77],[-13,45],[64,45],[40,112],[24,32],[49,126],[10,46],[60,129],[-3,63],[49,4],[72,-20],[89,-38],[45,-54],[60,-18],[95,8],[59,-21],[32,-43],[33,-87],[42,-52],[32,64],[65,46],[89,11],[38,30],[24,57],[48,58],[35,117],[44,52],[33,22],[66,-8],[104,18],[79,3],[28,10],[66,83],[30,58],[35,9],[59,-8],[20,22],[15,65],[25,57],[14,98],[0,103],[11,34],[92,11],[142,-66],[67,-64],[92,-78],[251,-175]],[[50007,29508],[-141,-119],[-10,-78],[-20,-29],[-47,-31],[-20,-29],[15,-108],[76,-62],[15,-29],[-9,-55],[6,-54],[26,-49],[76,-57],[59,-15],[52,-2],[10,17],[-9,50],[24,11],[30,-25],[51,24],[0,97],[67,-17],[4,-32],[-16,-34],[-32,-29],[1,-24]],[[50215,28829],[-123,-68],[-91,-31],[-76,6],[-143,27],[-77,-3],[-134,-37],[-82,-17],[-113,-38],[-150,-77],[11,-109],[10,-38],[78,11],[6,-199],[-2,-72],[104,-23],[106,-141],[5,14],[126,-34],[-18,-62],[62,-18],[-21,-78],[57,-22],[83,-59],[82,-39],[25,-34],[81,-43],[49,2],[76,-38],[42,-53],[70,-66],[6,-56],[2,-120],[10,-40],[77,-74],[99,-70],[-93,-73],[-13,-31],[-67,-22],[-22,-60],[-113,-27],[-83,-45],[-25,-22],[-37,-68],[-57,-55],[-45,-31],[9,-74],[-71,-44],[-69,46],[-33,-16],[21,-44],[-32,-40],[-23,7],[-67,-21],[-22,-58],[-61,4],[-9,-30],[-46,-19],[-75,-55],[-30,-13],[-69,-11],[-15,-86],[-65,-97],[-85,-92],[-180,-158]],[[42767,16713],[39,-8],[62,5],[104,52],[52,66],[35,28],[53,24],[61,13],[38,20],[48,60],[42,34],[45,85],[25,30],[67,35],[55,124],[3,83],[48,45],[65,33],[64,63],[36,12],[25,30],[2,82],[38,43],[42,12],[47,28],[92,102],[16,40],[-3,51],[19,58],[45,45],[25,47],[-4,93],[-24,42],[-32,21],[-14,28],[21,79],[42,86],[11,60],[-31,71],[-17,76],[-17,45],[-34,54],[-30,70],[38,71],[92,58],[41,54],[72,45],[31,8],[66,68],[37,24],[133,56],[58,32],[101,119],[110,31],[40,46],[75,52],[36,15],[36,50],[61,30],[30,-1],[25,20],[51,-4],[28,31],[32,0],[39,30],[70,1],[38,52],[54,12],[44,51],[61,49],[0,33],[29,8],[10,28],[-60,43],[-10,31],[43,83],[11,48],[27,18],[9,78],[50,50],[-4,41],[42,57],[33,13],[9,37],[29,16],[-3,33],[35,0],[36,32],[6,47],[-10,21],[27,65],[-10,39],[50,10],[72,1],[38,103],[-24,37],[-47,10],[-11,70],[32,13],[-1,100],[16,43],[-1,49],[-27,38],[21,50],[46,7],[20,22],[15,62],[-13,39],[-48,37],[-4,21],[44,46],[-11,30],[31,12],[-1,49],[33,34],[44,3],[10,38],[4,79],[-11,47],[-32,49],[4,43],[-31,56],[-61,53],[8,58],[-30,36],[-11,38],[-12,90],[35,17],[-19,134],[-29,11],[-46,61],[19,62],[-36,7],[26,37],[-17,62],[-41,28],[-33,7],[-18,43],[-50,20],[9,24],[-42,12],[-52,2],[-2,52],[30,-5],[-6,46],[-39,59],[-3,31],[35,38],[23,67],[-16,32],[11,74],[23,15],[57,98],[2,59],[14,28],[-26,22],[18,37],[-19,23],[9,30],[-4,101],[14,67],[22,0],[58,54],[10,32],[39,51],[1,27],[-68,37],[-100,92],[-45,14],[-14,94],[-61,51],[-1,33],[-33,43],[-17,77],[49,99],[7,42],[-21,87],[-127,357],[-204,284],[-150,178],[-109,135],[-64,106],[-35,85],[-37,164],[-10,78],[-40,86]],[[50215,28829],[36,-15],[-9,-53],[55,-48],[14,-47],[41,-52],[-1,-52],[31,-130],[34,-17],[40,14],[69,-43],[39,-75],[-24,-35],[-10,-56],[-19,-42],[37,-11],[28,-55],[-6,-31],[33,-50],[-13,-40],[27,-32],[-24,-29],[48,-54],[89,-24],[13,21],[38,0],[28,-37],[27,36],[23,-45],[-52,-25],[38,-31],[11,-54],[25,-3],[61,29],[36,0],[61,-29],[45,16],[21,-37],[26,-7],[48,-78],[33,9],[6,-78],[-72,-67],[-1,-19],[43,-30],[2,-20],[-56,-29],[-30,-67],[13,-104],[27,-46],[53,-44],[39,-48],[25,27],[36,-1],[48,22],[10,41],[30,-1],[24,-52],[47,17],[-6,38],[27,6],[10,-38],[68,-12],[-17,-56],[77,-17],[86,26],[22,14],[28,-34],[23,31],[59,0],[105,-55],[24,40],[18,-36],[41,-8],[-14,-48],[82,-17],[-5,33],[42,45],[44,-36],[41,-3],[24,-48],[31,7],[102,-25],[39,-50],[8,-33],[34,15],[13,-23],[39,6],[29,-53],[68,42],[50,-8],[13,-36],[54,29],[-2,-36],[30,-66],[34,19],[72,-8],[32,31],[36,-31],[18,8]],[[52935,26731],[37,-11],[20,-32],[60,11],[11,-37],[32,-19],[-2,-27],[66,-25],[43,17],[72,8],[16,-30],[36,11],[35,-17],[55,-82],[10,-68],[54,-30],[4,-63],[36,-30],[24,5],[43,-48],[32,8],[62,-9],[59,-34],[0,-42],[45,-42],[18,-30],[-5,-30],[35,-74],[54,-68],[41,-30],[40,-59],[4,-55],[26,-13],[-8,-53],[19,-121],[44,-68],[-14,-34],[16,-35],[1,-43],[-17,-103],[-19,-16],[1,-44],[-86,-80],[-8,-43],[16,-12],[-11,-57],[17,-32],[-20,-24],[23,-29],[-15,-69],[4,-67],[30,-46],[-21,-39],[-40,-9],[15,-48],[-30,-87],[14,-42],[51,-12],[-27,-70],[22,-23],[1,-34],[22,-20],[-2,-48],[33,-25],[-7,-59],[18,-27],[-12,-50],[9,-52],[53,-41],[1,-40],[-28,-92],[-3,-65],[23,-48],[-25,-20],[-6,-41],[-30,-12],[5,-49],[26,-79],[-7,-82],[12,-25],[-44,-70],[-28,-66],[-25,-21],[-15,-37],[-2,-47],[-75,-103],[-64,-31],[7,-25],[-28,-48],[-29,-9],[-1,-34],[39,-47],[-30,-46],[-8,-34],[53,-84],[19,-67],[33,-34],[-13,-48],[58,-127],[45,-33],[1,-72],[51,-53],[-10,-31],[37,-50],[-1,-49],[25,-64],[-26,-59],[2,-59],[-70,-30],[-23,-52],[18,-23],[-16,-35],[4,-43],[-32,-20],[-20,-50],[5,-77],[-23,-53],[-62,-28],[-35,-35],[-67,-93],[-52,-16],[-35,-30],[-27,-4],[-9,-50],[-21,-19],[-1,-45],[35,-26],[-9,-48],[22,-134],[-33,-37],[39,-65],[-15,-33],[-56,-23],[-37,-28],[-42,-9],[-48,-109],[-62,-60],[-11,-35],[42,-10],[32,-22],[13,-40],[47,-16],[29,33],[130,-26],[62,14],[59,51],[128,29],[29,28],[43,3],[27,-25],[53,-15],[40,30],[83,15],[29,24],[45,16],[92,-26],[15,-57],[32,-63],[-12,-33],[20,-42],[-19,-74],[14,-31],[-15,-42],[-3,-69],[22,-40],[-5,-37],[-45,-68],[13,-21],[-10,-41],[26,-11],[-13,-32],[-2,-67],[19,-11],[-11,-56],[-28,-13],[-25,-79],[25,-69],[-47,-28],[-19,-100],[-36,-28],[1,-27],[-34,-19],[-54,-92],[6,-35],[-20,-25],[-9,-46],[-50,-84],[-11,-57],[-20,-33],[-38,-26],[-12,-27],[-1,-106],[-56,-78],[-26,-59],[-26,-15],[-3,-42],[-19,-25],[-32,-190],[-63,-79],[-80,-109],[-86,-129],[-52,-94],[-12,-40],[14,-78],[-13,-86],[-33,-53],[-45,-40]],[[53431,18070],[-17,35],[-79,80],[-38,27],[-14,43],[41,108],[-17,42],[-30,30],[-48,16],[-44,-7],[-30,-22],[-56,-85],[-27,-78],[-33,-31],[-26,-1],[-53,28],[-49,-9],[-37,-80],[-61,-56],[-54,-10],[-48,13],[-29,31],[-29,55],[-56,11],[-55,-18],[-75,-80],[-67,-53],[-33,1],[-28,54],[1,37],[52,87],[-10,29],[-76,-18],[-30,27],[-27,67],[-25,17],[-25,-15],[-14,-42],[-21,-117],[-14,-37],[-61,-84],[-32,-102],[-78,-51],[-11,-31],[8,-41],[-22,-92],[-46,-27],[-175,23],[-19,-6],[-25,-54],[-29,-26],[-36,-4],[-72,29],[-104,-32],[-151,-34],[-105,-58],[-33,-11],[-17,-30],[-18,-67],[-32,-38],[-24,-54],[-36,-41],[-110,-62],[-83,-74],[-53,-38],[-26,3],[-36,38],[-19,47],[6,60],[-42,51],[-100,26],[-39,-3],[-84,-36],[-67,-12],[-60,-74],[-45,-3],[-134,107],[-66,-6],[-45,-43],[-58,-73],[-82,-66],[-22,-2],[-64,24],[-37,-24],[22,-105],[-20,-33],[-52,-41],[-12,-112],[-7,-199],[-6,-20],[-42,-14],[-104,34],[-73,40],[-94,10],[-72,-19],[-122,-101],[-52,-68],[11,-43],[-24,-98],[-48,-57],[-73,-100],[-63,-31],[-41,3],[-30,20],[-38,45],[-26,9],[-94,-23],[-35,16],[-58,78],[-78,5],[-68,18],[-47,-22],[-88,-16],[-44,4],[-39,27],[-7,108],[21,91],[5,67],[-35,135],[-24,44],[-54,44],[-54,16],[-74,-29],[-123,-66],[-34,-33],[-75,-13],[-58,29],[-58,42],[-44,21],[-40,36],[-23,48],[-28,20],[-93,-11],[-21,44],[-20,79],[-19,36],[-44,29],[-83,9],[-127,-31],[-61,2],[-31,11],[-79,-3],[-29,14],[-33,41],[-76,44],[-48,-2],[-42,-27],[-52,-96],[-43,-69],[-12,-91],[-23,-28],[-51,-8],[-29,-18],[-61,-62],[-11,-28],[-4,-82],[-44,-43],[-63,-13],[-8,-54],[22,-174],[36,-65],[-11,-72],[-32,-47],[-6,-35],[-33,-46],[-20,-68],[-21,-23],[-78,-49],[-132,-62],[-86,-18],[-21,-53],[31,-67],[-20,-78],[-50,-53],[-27,-45],[-37,-37],[-111,-91],[-94,37],[-37,-6],[-43,-24],[-51,6],[-28,30],[-219,68],[-82,-24],[-63,14],[-38,-15],[-29,-83],[-154,-92],[-35,-36]],[[44868,15360],[-46,41],[-135,80],[-47,37],[-27,37],[-7,33],[18,66],[-17,24],[-62,36],[-21,51],[11,103],[-15,114],[-73,130],[-57,71],[-47,16],[-44,39],[-50,75],[-68,41],[-38,40],[-24,67],[-27,24],[-47,15],[-61,-12],[-57,-56],[-22,-58],[-22,-6],[-73,11],[-68,-25],[-48,14],[-45,74],[-24,24],[-117,70],[-83,-29],[-104,49],[-84,6],[-56,95],[-63,19],[-45,35],[-55,-22],[-74,-3],[-82,-23],[-51,14],[-44,36]],[[50007,29508],[45,44],[6,66],[21,9],[22,58],[46,28],[60,25],[36,82],[68,25],[49,9],[56,69],[-8,44],[53,41],[15,26],[46,3],[25,63],[42,38],[25,3],[70,61],[347,-463]],[[51031,29739],[104,-114],[83,-78],[127,-129],[454,-340],[92,-71],[93,75],[159,57],[120,33],[100,34],[97,47],[243,68],[72,-132],[118,-64],[132,-92],[54,-100],[11,-35]],[[53090,28898],[37,-72],[101,-105],[22,-54],[43,-53],[26,-75],[27,-45],[128,-129],[18,-140],[-17,-48],[-51,-44],[-41,-61],[-69,-27],[-34,-38],[-114,-88],[-78,-47],[-32,-41],[-9,-53],[-28,-49],[-48,-51],[-28,-73],[-32,-162],[-22,-89],[129,-211],[29,2],[19,-134],[-72,-50],[54,-141],[-113,-89]],[[51031,29739],[22,24],[20,72],[48,23],[46,35],[27,76],[-25,69],[83,210],[1,31],[40,45],[40,25],[113,20],[6,34],[59,63],[36,90],[17,19],[323,244],[47,29],[-20,66],[74,16],[36,41],[60,22],[57,52],[38,61],[-46,37],[105,15],[577,152],[72,71],[60,114],[102,29],[89,33],[80,-26],[110,-47],[123,-31],[118,3],[140,25],[144,41],[267,225],[58,110],[23,125]],[[54201,31982],[51,-22],[57,5],[76,32],[143,48],[27,-7],[37,-52],[20,-11],[119,-2],[715,-660],[26,-63],[106,-159],[5,-47],[42,-65],[35,-36],[44,-73],[-2,-33],[-24,-60],[14,-63],[-16,-156],[19,-50],[24,-33],[55,-25],[18,-24],[-2,-51],[-38,-47],[-21,-50],[6,-21],[80,-129],[16,-55],[-22,-22],[-107,-11],[-89,-53],[-55,-23],[-143,-43],[-102,-72],[-77,11],[-25,-13],[-8,-37],[18,-69],[4,-57],[-14,-73],[-48,-76],[-9,-52],[7,-30],[-13,-68],[-38,-74],[9,-59],[-9,-125],[-30,-42],[-69,-19],[-94,-59],[-45,-110],[-48,-48],[-40,6],[-62,40],[-37,83],[-51,8],[-31,-20],[-66,-76],[-19,-49],[8,-52],[54,-70]],[[54582,28719],[-102,54],[-49,6],[-114,-1],[-110,18],[-33,17],[-16,43],[-7,108],[-52,69],[-53,33],[-85,-1],[-42,-18],[-70,-46],[-47,-46],[-50,-26],[-34,39],[-38,9],[-72,-22],[-27,26],[-6,125],[-41,20],[-57,-51],[-68,27],[-85,7],[-22,-24],[18,-108],[-22,-50],[19,-49],[-31,-44],[-46,2],[-57,22],[-74,40],[-19,0]],[[54201,31982],[-49,7],[-87,-19],[-102,32],[-51,-49],[-55,-34],[-34,-8],[-92,11],[-100,-53],[-153,-64],[-56,10],[-33,51],[-27,20],[-52,3],[-71,-59],[-35,-13],[-34,56],[1,31],[23,64],[-26,74],[-3,114],[-12,42],[-50,37],[-106,41],[-51,14],[-40,26],[-74,149],[17,95],[-16,80],[-15,33],[-32,31],[-100,20],[-61,50],[-85,48],[-96,35],[-97,-4],[-78,-25],[-66,-9],[-60,19],[-116,-87],[-53,-27],[-38,1],[-49,23],[-36,29],[-23,0],[-44,-61],[-42,-34],[-128,-64],[-54,-18],[-299,348],[-60,28],[-62,47],[-92,103],[-54,9],[-21,15],[-77,98],[-77,73],[24,46],[8,72],[29,40],[39,18],[48,6],[38,60],[92,40],[29,48],[56,42],[16,45],[56,39],[120,45],[68,57],[-5,79],[-40,78],[21,60],[-14,49],[-41,6],[-137,116],[-45,30],[-18,75],[40,50],[8,34],[-36,50],[-8,66],[-14,40],[-75,70],[-18,43],[-170,185],[-41,56],[-30,71],[-38,24],[-32,39],[-48,35],[-61,-3],[7,42],[-28,14],[0,29],[-30,24],[12,37],[-45,46],[6,37],[45,76],[-11,52],[37,33],[18,52],[35,59],[-12,54],[-29,45],[-4,33],[27,47],[25,16],[24,55],[0,29],[23,50],[-15,60],[14,66],[29,37],[-11,53],[11,39],[21,13],[61,97],[51,30],[20,54],[-9,41],[-138,206],[52,145],[-19,94],[-13,29],[-17,103],[-45,131],[2,245],[5,179],[-21,87],[-16,29]],[[50694,37717],[1,16],[46,65],[21,57],[83,10],[45,45],[73,13],[47,58],[-33,7],[-10,23],[38,37],[14,-20],[68,26],[28,56],[44,-13],[27,40],[51,19],[37,48],[24,10],[22,64],[38,18],[65,9],[69,75],[1,36],[22,12],[48,-20],[23,41],[36,6],[44,42],[44,-2],[72,62],[40,-3],[16,18],[8,93],[22,29],[41,18],[45,42],[48,-29],[17,24],[61,19],[33,-11],[57,51],[38,-4],[94,103],[103,74],[297,229],[60,22],[35,64],[13,45],[34,30],[-4,36],[21,22],[56,-10],[41,-28],[68,10],[64,-19],[56,5],[63,-24],[70,33],[14,19],[42,6],[52,33],[16,34]],[[53403,39488],[36,-14],[41,9],[42,-12],[10,-42],[4,-163],[18,-102],[8,-136],[15,-109],[-10,-76],[-59,-114],[-12,-61],[27,-90],[67,-32],[48,-65],[39,-33],[181,-115],[16,-23],[4,-53],[52,-74],[56,-48],[37,-42],[59,-16],[106,-55],[46,-49],[51,-73],[24,-20],[79,-26],[53,-86],[150,30],[106,-34],[46,-30],[62,-93],[46,-55],[10,-48],[30,-40],[62,-35],[52,-50],[35,-91],[7,-104],[20,-44],[-42,-80],[1,-30],[77,-64],[56,-23],[41,-42],[12,-52],[46,-20],[54,20],[46,37],[18,-3],[0,-53],[37,-41],[17,-43],[84,-37],[21,-44],[-8,-40],[38,-37],[24,-61],[-2,-43],[12,-43],[55,-25],[22,-61],[28,-12],[85,4],[35,-42],[19,-61],[4,-46],[35,-30],[-5,-28],[56,-125],[55,-93],[102,-121],[63,-109],[52,-43],[53,-68],[49,-86],[47,-31],[77,-81],[17,-27],[79,-59],[48,5],[29,42],[23,5],[72,-49],[57,-87],[34,-33],[38,-14],[46,-58],[43,-11],[41,14],[57,-21],[41,11],[29,25],[38,78],[96,114],[32,1],[41,-24],[67,-5],[51,11],[55,-70],[29,-76],[26,-17],[38,16],[35,105],[29,51],[34,28],[95,5],[20,11],[-2,103],[21,42],[92,-9],[66,14],[39,26],[35,-26],[85,-29],[71,-32],[52,-40],[24,-43],[48,-46],[30,-87],[47,-99],[1,-32],[-30,-50],[-2,-53],[47,-102],[14,-50],[30,-273],[14,-31],[64,-78],[41,-85],[59,-203],[29,-198],[47,-149],[31,-62],[67,-65],[137,-62],[66,23],[61,-45],[40,0],[41,25],[7,34],[47,-8],[33,34],[55,17],[20,-37],[7,-47],[-10,-87],[44,-31],[6,-20],[-32,-44],[28,-68],[2,-70],[62,-101],[26,-21],[71,-9],[45,13],[96,55],[79,38],[36,6],[88,-18],[75,-59],[51,-84],[10,-78],[-25,-70],[16,-52],[113,-108],[32,-49],[62,-136],[10,-72],[37,-48],[21,-64],[85,-109],[124,-86],[66,-61],[55,-73],[25,-47],[18,-84],[-10,-85],[-37,-188],[-31,-51],[-69,-197],[-10,-44],[-31,-49],[-67,-75],[-15,-34],[-1,-61],[36,-74],[-8,-44],[-31,-18],[-35,2],[-55,34],[-31,1],[-25,-25],[-26,-76],[-3,-52],[-61,-62],[-115,-80],[-30,-16],[-97,-27],[-43,-39],[10,-51],[75,-30],[92,-54],[38,-48],[92,-99],[18,-31],[38,-107],[53,-32],[34,-61],[16,-67],[70,-78],[12,-41],[0,-82],[9,-48],[49,-93],[-11,-55],[-25,-18],[-103,-28],[-73,-40],[-71,-28],[-13,-37]],[[60136,29640],[-32,-17],[-55,-51],[-80,-54],[-124,-54],[-221,-134],[-82,-5],[-47,-20],[-54,-87],[-64,-78],[-7,-27],[10,-76],[-14,-53],[-93,-79],[-43,-98],[-28,-37],[-76,-64],[-36,-89],[-3,-35],[-22,-38],[-66,38],[-42,-9],[-64,-43],[-51,-25],[-131,-50],[-58,-10]],[[58653,28445],[-68,-18],[-44,-36],[-24,8],[-29,37],[-68,50],[-31,3],[-38,-26],[-57,-99],[-80,-53],[-80,-82],[-74,-37],[-30,-28],[-30,-46],[-9,-85],[-24,-14],[-64,1],[-103,-28],[-53,-4],[-40,34],[-19,-1],[-37,-72],[-75,-19],[-73,11],[-61,35],[-33,-7],[-31,-36],[-45,-22],[-57,-56],[-81,-3],[-44,60],[-46,21],[-50,-33],[-30,11],[-18,65],[-42,30],[-16,61],[-27,23],[-60,14],[-52,40],[-98,2],[-29,12],[-45,-5],[-80,-148],[-1,-37],[23,-85],[5,-53],[-8,-29],[-41,-58],[-81,-86],[-29,-40],[-64,-38],[-35,-83],[-64,-30],[-65,9],[-89,-12],[-58,2],[-52,-12],[-113,2],[-73,-16],[-41,-42],[-21,-57],[-44,-20],[-77,-7],[-64,-31],[-31,7],[-20,27],[-63,10],[-42,18],[-61,48],[-48,11],[-52,-4],[-66,16],[-56,30],[-70,19],[-90,64],[-79,1],[-39,15],[-74,81],[-56,20],[-53,31],[-38,43],[-9,60],[27,31],[15,61],[-18,89],[7,72],[50,26],[27,33],[18,63],[61,19],[29,24],[19,78],[-26,41],[-60,18],[-64,31],[-29,49],[-1,90],[-14,36],[-84,45],[-28,31],[0,25],[32,56],[2,22]],[[58653,28445],[32,-30],[46,-22],[21,-29],[17,-52],[29,-16],[138,-46],[53,-39],[17,-40],[-23,-128],[22,-37],[36,-26],[99,-30],[64,2],[-23,-35],[-12,-52],[24,-99],[-16,-17],[-59,-23],[-56,-82],[-60,-43],[-77,-82],[-87,0],[97,-70],[172,-88],[69,-21],[66,-33],[111,11],[65,37],[41,36],[57,25],[96,19],[61,-2],[82,22],[46,-33],[40,-56],[-32,-74],[-5,-35],[28,-17],[71,7],[68,-43],[4,-44],[-31,-36],[-102,-31],[-36,-51],[-7,-47],[34,-89],[78,-111],[39,-47],[34,-63],[-8,-1209],[-1,-213],[75,-21],[66,21],[111,11],[160,5],[150,-8],[183,-20],[110,1],[122,-30],[222,-93],[75,-48],[79,-61],[71,-41],[92,-108],[108,-164],[58,-133],[55,-235],[19,-174],[-3,-94],[-26,-137],[-39,-150],[-68,-114],[-112,-113],[-114,-86],[-93,-80],[-34,-22],[-323,-285],[-65,-83],[-66,-71],[-60,-43],[-83,-101],[-80,-43],[-55,-67],[-64,-48],[-68,-37],[-84,-70],[-60,20],[-15,-29],[27,-28],[149,-34],[76,-9],[131,38],[89,0],[96,10],[34,-20],[-9,-33],[27,-41],[89,43],[50,42],[43,-7],[39,27],[69,28],[53,44],[41,-1],[61,-75],[15,-60],[59,-13],[13,-20],[53,8],[24,18],[85,115],[38,4],[8,-44],[-40,-84],[2,-26],[109,-69],[103,-22],[-12,-53],[9,-29],[-18,-33],[-94,-36],[-91,-51],[22,-52],[47,-18],[-3,-20],[-41,-15],[-79,-3],[-83,26],[-41,-54],[-31,-118],[16,-33],[40,-24],[95,-23],[-16,-48],[10,-35],[36,-13],[-6,-45],[52,-14],[10,-40],[-17,-26],[-42,-17],[-36,6],[-90,47],[-121,11],[-20,-15],[-19,-45],[3,-28],[47,-46],[71,-11],[23,-19],[-6,-72],[-24,-34],[-63,-67],[-5,-39],[26,-12],[107,9],[46,-47],[-1,-46],[19,-19],[97,43],[24,-11],[22,-44],[20,35],[44,4],[21,89],[39,34],[70,34],[70,-7],[62,8],[27,14],[-11,31],[18,28],[58,-17],[42,-1],[10,-24],[-45,-52],[0,-37],[48,-10],[37,15],[17,-39],[-33,-34],[-6,-34],[12,-57],[8,-98],[-14,-49],[14,-20],[54,6],[48,-27],[31,-32],[56,-8],[11,-55],[21,-23]],[[62345,20764],[5,-58],[-59,-33],[-12,-28],[1,-59],[23,-60],[6,-41],[-8,-44],[-45,-73],[-6,-145],[-34,-53],[-75,-37],[-45,-35],[-84,-35],[-53,-31],[-13,-22],[11,-64],[44,-62],[12,-64],[46,-53],[94,-45],[25,-48],[-8,-35],[-75,-46],[-68,7],[-40,-12],[-34,-28],[-45,-116],[-37,-80],[-54,-55],[-41,-26],[-64,-14],[-19,-18],[-41,-79],[-37,-41],[-174,-123],[-59,-37],[-78,30],[-32,-38],[-48,-8],[-55,13],[-33,61],[-40,4],[-68,-44],[-36,-7],[-50,8],[-63,-11],[-67,-29],[-123,-35],[-43,30],[19,57],[-6,34],[-65,18],[-113,-52],[-57,-6],[-32,9],[-13,42],[23,50],[8,80],[16,26],[72,44],[15,19],[-13,48],[-22,24],[-58,2],[-37,-28],[-39,-12],[-91,6],[-27,-6],[-118,-51],[-153,-52],[-103,8],[-82,-11],[-31,6],[-23,25],[-32,84],[-52,16],[-123,24],[-77,-1],[-37,-20],[-53,-67],[-149,-52],[-82,-46],[-59,-10],[-50,-27],[-106,-87],[-24,-41],[-48,-51],[-76,-52],[-22,-67],[-43,-79],[-46,-15],[-46,22],[-25,32],[-49,13],[-67,-4],[-93,-34],[-98,-58],[-61,-45],[-103,-50],[-90,-19],[-104,-7],[-41,-21],[-66,-76],[-144,-81],[-81,-66],[-45,-61],[-29,-21],[-164,-45],[-50,2],[-64,20],[-140,-9],[-37,-17],[-22,-94],[-75,-66],[-135,-66],[-134,-37],[-63,-7],[-108,-1],[-81,14],[-77,26],[-54,9],[-80,-2],[-83,16],[-84,34],[-148,50],[-208,96],[-117,17],[-53,-20],[-64,-109],[-29,-26],[-88,-39],[-96,-64],[-85,-73],[-45,-67],[29,-43],[8,-35],[-9,-40],[-45,-58],[-31,-71],[-32,-36],[-41,-19],[-90,-25],[-64,-27],[-66,-40],[-88,2],[-86,-64],[-32,-15],[-88,-8],[-85,-25],[-174,-29],[-74,-3],[-47,6],[-131,31],[-222,-24],[-57,-8],[-40,-21],[-38,-56],[-62,-28],[-187,-28],[-42,22],[-11,29],[3,46],[-12,28],[-37,33],[-115,56],[-20,25],[10,47],[110,70],[83,22],[117,-16],[41,17],[60,46],[61,73],[12,25],[-6,38],[-32,18],[-59,-2],[-24,13],[-82,84],[-20,37],[3,27],[29,54],[36,35],[0,33],[-33,74]],[[60136,29640],[33,-84],[37,-12],[50,19],[51,-5],[82,-25],[115,-46],[74,-9],[79,-18],[68,-1],[56,92],[30,62],[43,62],[54,35],[62,4],[173,37],[81,29],[71,-39],[49,-53],[160,-62],[93,0],[42,6],[40,-26],[21,-53],[34,-25],[34,-4],[126,13],[76,-52],[115,-27],[112,-111],[35,-71],[20,-68],[29,-25],[74,-1],[74,33],[39,-7],[73,-73],[35,-7],[144,47],[53,27],[154,6],[70,25],[46,65],[19,65],[11,91],[34,42],[66,60],[92,57],[96,29],[86,12],[96,-9],[56,29],[39,33],[36,50],[29,72],[8,41],[19,9],[81,-43],[52,-63],[63,-48],[31,1],[40,71],[47,56],[68,57],[47,63],[45,37],[86,20],[76,-17],[52,-32],[43,11],[50,46],[40,91],[38,68],[115,92],[69,67],[59,24],[47,1],[90,-17],[46,0],[49,23],[85,63],[69,12],[93,2],[86,13],[93,41],[39,29],[57,63],[48,97],[41,111],[53,36],[66,-16],[73,-8],[36,32],[49,16],[35,52],[36,3],[13,-38],[53,-17],[35,-22],[28,-48],[33,-31],[6,-46],[-43,-98],[-1,-67],[85,-171],[32,-36],[105,-66],[89,-7],[39,-18],[27,-58],[36,-39],[48,-15],[104,-19],[62,-63],[39,-17],[198,-2],[54,-28],[37,-39],[30,-57],[25,-81],[71,-152],[29,-95],[23,-32],[11,-50],[32,-22],[63,90],[55,44],[73,21],[108,63],[61,28],[62,38],[79,-10],[70,4],[51,-13],[33,29],[-1,51],[22,30],[65,48],[56,22],[59,1],[62,-42],[79,-31],[59,-5],[67,6],[43,-16],[37,-36],[-3,-49],[26,-40],[-3,-27],[-46,-35],[-53,-7],[-14,-33],[35,-91],[-6,-79],[34,-72],[-19,-27],[-37,-10],[-19,-27],[-4,-66],[-25,-76],[-17,-27],[47,-50],[50,-15],[34,-83],[44,16],[29,-19],[168,-39],[52,2],[74,21],[116,7],[63,24],[35,-1],[59,22],[62,6],[76,63],[32,-9],[36,-52],[66,-32],[93,-20],[114,-34],[79,-62],[77,-6],[44,8],[75,-16],[170,16],[-5,-52],[-44,-4],[-90,-24],[-24,-31],[-2,-38],[-58,-51],[-23,-55],[-7,-47],[-33,-80],[67,-51],[42,-56],[15,-103],[-11,-28],[-45,-51],[60,2],[38,-38],[100,-24],[87,-31],[27,-42],[11,-74],[-20,-22],[-1,-113],[14,-74],[43,-48],[38,-68],[111,-98],[93,-68],[77,-79],[19,-50],[14,-89],[1,-45],[-30,-80],[-9,-125],[21,-79],[-4,-51],[-32,-84],[15,-111],[-24,-84],[3,-41],[36,-64],[50,-8],[32,-20],[40,-52],[40,-32],[1,-40],[77,-104],[-1,-37],[-44,-57],[-43,-34],[-138,-67],[-11,-40],[22,-61],[84,-104],[45,-92],[37,-25],[38,-63],[67,-9],[55,26],[132,4],[140,-18],[42,-22],[49,-51],[26,-52],[0,-54],[-13,-47],[-22,-29],[-47,-35],[-105,-17],[-40,-17],[-37,-44],[-46,-94],[-56,-58],[-52,-64],[-38,-93],[5,-42],[53,-41],[73,-16],[109,25],[72,-13],[8,-49],[0,-73],[-10,-124],[5,-49],[-32,-61],[-87,-35],[-33,-47],[-41,-22],[-40,-5],[-29,-21],[-9,-88],[-25,-57],[-51,-46],[-49,-22],[-68,-59],[-13,-45],[91,-77],[73,-20],[140,23],[86,-3],[108,21],[268,140],[40,29],[69,76],[82,15],[76,-40],[32,-26],[18,-72],[-14,-73],[-32,-64],[5,-94],[55,-76],[194,-76],[43,-28],[59,-2],[44,53],[54,10],[-19,57],[54,25],[120,96],[78,72],[78,51],[29,4],[33,-47],[79,-56],[22,-29],[-2,-95],[37,-70],[22,-75],[-6,-45],[-57,-18],[-22,-27],[3,-34],[85,-123],[6,-70],[62,-62],[16,-75],[45,-62],[55,-46],[21,-33],[33,-105],[-6,-29],[-37,-64],[-1,-55],[47,-113],[71,-88],[4,-54],[20,-48],[-23,-38],[-92,-53],[-89,-36],[-49,-30],[-78,-86],[-42,-72],[-49,-45],[-11,-73],[-50,-64],[-42,-36],[-40,-54],[-26,-65],[-21,-77],[-52,-27],[-83,0],[-29,32],[-17,38],[0,81],[-23,12],[-101,-45],[-109,-92],[-109,-109],[-50,-73],[-12,-33],[-66,-77],[-69,-37],[-66,-22],[-58,-34],[-79,-68],[-39,-95],[-40,-37],[-40,-11],[-79,2],[-88,-14],[-53,1],[-33,-77],[-49,-91],[-51,-64],[-34,-56],[-37,-26],[-19,-45],[3,-48],[-16,-35],[-52,-45],[-37,-56],[-63,-71],[-35,-12],[-132,6],[-39,-17],[-115,-69],[-31,-7],[-43,-36],[-55,18],[-88,-41],[-31,-7],[-200,2],[-88,11],[-78,-2],[-75,20],[-41,-17],[-11,-55],[-54,-110],[-27,-19],[-59,-8],[-60,-33],[-64,-150],[-46,-40],[-58,6],[-35,-39],[-36,-16],[-62,-47],[-43,3],[-30,-16],[-38,-57],[-43,-37],[-43,-9],[-35,25],[-106,28],[-57,2],[-48,16],[-39,-3],[-46,33],[-7,71],[-31,51],[-41,16],[-106,-95],[-35,-62],[-43,-23],[-43,-63],[-115,13],[-50,-13],[-61,8],[70,74],[28,44],[-5,37],[-26,22],[-112,139],[-29,66],[-28,14],[-64,-19],[-38,-21],[-71,2],[-105,-25],[-69,-7],[-84,22],[-36,35],[-49,7],[-44,-12],[-48,-46],[-34,2],[-112,-17],[-126,5],[-47,20],[-48,52],[-107,27],[-51,-1],[-79,-66],[-23,13],[-44,56],[-32,16],[-58,7],[-84,-17],[-93,1],[-14,25],[37,51],[17,47],[-96,28],[-26,34],[-12,41],[-37,31],[-51,-14],[-164,9],[-29,41],[59,81],[18,67],[56,75],[64,29],[54,-12],[66,48],[21,55],[-37,74],[1,203],[-10,18],[-48,16],[-7,36],[17,40],[49,74],[33,101],[-13,20],[-68,9],[-17,45],[0,56],[-14,35],[-54,18],[-90,-35],[-48,46],[-66,1],[-118,-26],[-50,13],[-45,60],[-27,79],[-55,99],[-27,13],[-37,-20],[-4,-51],[-32,-31],[-53,11],[-21,65],[-35,13],[-59,-23],[-10,-32],[11,-130],[-33,-22],[-39,15],[-99,57],[-38,-15],[4,-90],[-4,-51],[-14,-18],[-53,-18],[-21,-29],[8,-58],[41,-53],[-6,-43],[-84,-81],[-64,-11],[-50,23],[-111,134],[-50,11],[-85,-34],[-32,-50],[-63,-39],[-71,-10],[-30,-17],[-57,-11],[-70,8],[-28,13],[-24,53],[-1,36],[-20,21],[-31,-5],[-54,-62],[-37,-15],[-45,7],[-55,29],[-84,-10],[-66,2],[-83,19],[-58,-11],[-77,-81],[-54,-90],[-39,-24],[-84,15],[-53,-8],[-71,25],[-21,41],[-49,19],[-81,10],[-37,-9],[-107,-44],[-44,-2],[-46,27],[-23,-17],[-16,-128],[-59,-41],[-166,-50],[-28,-25],[32,-118],[-8,-35],[-30,-28],[-73,-19],[-79,-5],[-90,20],[-58,0],[-56,-43],[-72,-4],[-26,-14],[-52,-70]],[[37991,22078],[37,12],[109,-66],[40,-5],[8,32],[28,32],[69,0],[36,-51],[38,37],[71,-13],[-17,-92],[-27,-46],[-44,-42],[-9,-28],[-79,-23],[-84,2],[-46,-12],[-34,13],[-3,-79],[-30,-52],[-50,8],[-5,-40],[23,-25],[-39,-59],[56,-27],[-20,-35],[-13,-76],[7,-48],[42,-61],[12,-32],[-4,-82],[-25,-56],[38,-13],[-30,-69],[-66,-24],[-4,-27],[35,-49],[38,-87],[120,9],[45,14],[77,-30],[-10,62],[11,15],[59,-5],[17,-58],[-45,-42],[4,-57],[50,-47],[20,-38],[-10,-104],[-27,-44],[-16,-113],[-18,-32],[71,-64],[-18,-75],[63,-87],[155,-126]],[[38597,20073],[-135,-50],[-47,-51],[5,-112],[-7,-18]],[[38413,19842],[-38,-7],[-113,51],[-33,30],[-6,54],[-47,24],[-47,-12],[-80,18],[-26,53],[3,38],[-116,73],[-88,-16],[-40,7],[-83,60],[-42,-29],[-50,-84],[-76,-19],[-16,-88],[10,-105],[13,-22],[-35,-62],[-19,6],[-61,-14],[-97,17],[-27,-4],[-30,-63],[-12,-62],[-22,-35],[-111,-75],[-28,-35],[-77,-49],[-30,-2],[-21,-64],[-33,-60],[3,-72],[10,-43],[-33,-50],[-45,21],[-50,-65],[-20,-61],[-97,-51],[-83,-76],[-63,-82],[-56,-47],[-58,-29],[-109,-40],[-142,-62],[-33,-26],[-38,0],[-38,20],[-53,-28],[-17,-42],[-1,-63],[-45,-47],[-144,-40],[-62,-34],[-53,-57],[-25,-13],[-9,-36],[29,-50],[-40,-72],[-55,-43],[-28,-1],[-82,30],[-82,-2],[-43,-36],[-6,-87]],[[35367,18082],[-24,-47],[-34,-19],[-77,-5],[-42,9],[-53,42],[-62,23],[-35,45],[-60,58],[-10,35],[13,64],[8,98],[-12,52],[-19,10],[-194,5],[-86,-13],[-19,5],[-69,87],[-18,35],[26,60],[102,51],[0,11],[-78,52],[-17,84],[6,66],[32,116],[-1,41],[-40,68],[16,51],[64,117],[52,38],[90,18],[36,49],[-8,55],[11,108],[20,56],[41,41],[68,47],[5,17],[-34,51],[18,60],[64,72],[35,50],[46,109],[-19,104],[1,85],[-12,60],[-6,103],[-30,101],[-45,57],[-51,30],[-30,0],[-44,39],[-12,91],[-70,129],[-117,62],[-20,102],[-14,17],[-125,41],[-3,39],[-38,12],[-184,-57],[-8,58],[-76,121],[8,35],[49,1],[96,43],[65,101],[32,64],[75,99],[40,20],[130,39],[96,60],[92,-35],[74,14],[44,-15],[43,63],[-41,56],[-34,32],[-39,77],[-17,74],[-33,44],[-25,80],[-45,65],[87,302],[23,111],[50,77],[11,35],[-3,106],[-38,118],[-47,52],[-11,67],[-29,26]],[[38413,19842],[-21,-20],[-3,-58],[-63,-120],[-2,-48],[41,-98],[-9,-86],[8,-15],[96,-4],[61,-22],[21,-40],[-38,-81],[30,-30],[97,14],[23,10],[40,46],[120,83],[37,18],[54,4],[61,-11],[34,4],[66,-16],[33,-18],[73,-19],[-7,-59],[-29,-86],[9,-69],[-17,-104],[-53,-126],[38,9],[64,-22],[54,11],[6,37],[55,5],[25,20],[24,59],[26,25],[41,14],[40,-42],[21,-5],[108,9],[118,-6],[149,-77],[47,-2],[80,-46],[112,91],[22,-9],[19,-86],[32,-59],[56,-49],[141,-54],[-13,-31],[-35,-3],[-37,-24],[-37,-60],[-21,-78]],[[40210,18518],[-13,-55],[-77,-52],[-78,46],[-41,39],[-54,79],[-46,34],[-105,4],[-46,-6],[-21,-31],[-3,-60],[-41,-103],[6,-51],[62,-58],[81,-126],[15,-54],[-31,-90],[-47,-64],[7,-66],[-6,-38],[-81,-94],[-24,-9],[-96,56],[-51,-16],[-51,-53],[-58,-11],[-37,23],[-23,47],[-34,25],[-30,4],[-72,-12],[-68,18],[-78,6],[7,-45],[-17,-127],[-21,-41],[-68,-38],[13,-44],[-9,-50],[-21,-48],[-82,-14],[-6,19],[-64,3]],[[38801,17465],[-52,12],[-89,-31],[-60,-68],[-69,-5],[-83,-56],[-37,-47],[-4,-22],[17,-78],[-37,-27],[-20,4],[-99,64],[-48,-4],[-16,-18],[1,-54],[62,-137],[19,-59],[-3,-57],[-89,-121],[-26,-85],[-23,-51],[-49,-58],[-48,-144],[-53,-48],[31,-72],[33,-39],[18,-45],[44,-156],[3,-50],[-24,-84],[-54,-52],[-37,-14],[-60,49],[-27,-8],[-34,-53],[-43,10],[-68,-10],[-50,-31],[-64,-6],[-36,-35],[51,-129],[-29,-42],[-42,-6]],[[37607,15602],[-44,20],[-42,-10],[-27,-41],[-53,-8],[-41,-44],[-49,1],[-98,-24],[-49,-3],[-69,28],[-50,58],[-49,-7],[-44,-61],[-13,-73],[-12,-22],[-100,28],[-21,-20],[6,-53],[-25,-12],[-127,42],[-32,-7],[-85,-56],[-45,9],[-28,47],[-31,26],[-45,13],[-49,27],[-54,49],[-72,-11],[-19,12],[10,40],[0,64],[-9,35],[-37,53],[28,37],[60,40],[87,93],[55,38],[15,39],[-22,64],[-53,54],[-138,30],[-29,28],[-3,47],[50,96],[-5,64],[-38,55],[-183,134],[-92,83],[-48,64],[-40,67],[-120,166],[-42,33],[-115,46],[-25,34],[10,36],[74,70],[-15,59],[43,56],[7,87],[19,31],[-4,33],[-23,37],[-18,61],[12,55],[-15,48],[5,53],[36,30],[-17,66],[-50,76],[-130,99],[-43,44],[-70,127]],[[38801,17465],[-3,-60],[8,-43],[35,-109],[1,-60],[29,-116],[35,-54],[40,-43],[66,-43],[73,-31],[205,-69],[85,-52],[52,-64],[33,-84],[32,-135],[54,128],[67,106],[151,232],[66,-30],[43,80],[37,20],[28,47],[44,44],[55,-2],[38,16],[19,33],[82,17],[11,60],[45,6],[26,48],[36,42],[-14,61],[45,-28],[48,-15],[59,-45],[9,-38],[50,-40],[62,-28],[24,-73],[36,-36],[22,-40],[51,1],[44,-40],[87,-48],[124,-16]],[[40941,16964],[-48,-29],[-26,-52],[-21,-89],[21,-25],[80,2],[39,-39],[7,-53],[-10,-37],[10,-55],[-22,-61],[-24,-36],[-47,-44],[-33,-56],[-90,-35],[-83,-88],[-62,-16],[-43,1],[-62,32],[-33,-20],[-41,-64],[-32,6],[-35,72],[-39,18],[-35,-4],[-16,-20],[-5,-63],[-17,-27],[-10,-68],[-34,-37],[-46,-81],[-40,-36],[-91,25],[-41,-15],[-47,10],[-49,-4],[-51,-28],[-69,-61],[-30,-38],[-26,-54],[-50,2],[-51,-19],[-13,-72],[-19,-18],[-68,6],[-101,-2],[-66,-39],[-181,-141],[-45,-15],[-38,9],[-73,57],[-40,-20],[-6,-43],[-30,-10],[-155,-13],[-156,-89],[-36,-10],[-87,9],[-83,-12],[-43,3],[-107,40],[-36,-4],[-6,-30],[11,-99],[-13,-64],[-83,49],[-69,-47],[-32,-1],[-29,28],[-26,48],[-48,-2],[-35,-59],[-41,-18],[-37,41],[-20,-1],[-46,-81],[-39,-12],[-46,97],[4,41],[54,52],[23,42],[-17,37],[-33,29],[-74,32],[-22,70],[-25,36]],[[40941,16964],[63,9],[42,-21],[34,6],[77,47],[38,84],[70,41],[70,8],[70,37],[51,-38],[121,-13],[39,-11],[43,-28],[29,-46],[44,16],[2,71],[-9,65],[70,27],[26,20],[9,70],[45,49],[82,17],[16,19],[23,87],[3,100],[31,30],[19,68],[28,19],[34,1],[50,-50],[51,-36],[67,8],[36,29],[39,-11],[67,-74],[49,-13]],[[42470,17551],[51,-51],[84,-61],[20,-24],[25,-117],[76,-74],[25,-42],[95,-40],[75,10],[33,-15],[36,-35],[22,-58],[4,-60],[-79,-120],[-81,-79],[-61,-26],[-28,-46]],[[44868,15360],[-15,-25],[-116,-135],[-98,-83],[-69,-93],[-32,-26],[-95,-41],[-81,-87],[-119,-79],[-61,-71],[-60,-60],[-84,-119],[-22,-64],[-52,-41],[-49,-5],[-44,61],[-32,0],[-98,-31],[-42,-21],[-67,-53],[-47,-60],[-161,-154],[-29,-32],[15,-41],[-111,-123],[-44,-16],[-38,-48],[-83,-68],[-75,-82],[-31,-59],[-136,-18],[-46,-39],[3,920],[-29,22],[-72,-16],[-58,2],[-69,33],[-19,25],[-70,10],[-32,33],[-45,-4],[-24,12],[-31,48],[-57,3],[-36,16],[-15,37],[-97,6],[-85,-5],[-74,-20],[-74,-2],[-99,-58],[-81,-55],[-54,-48],[-62,-117],[-20,-25],[-52,-15],[-104,-5],[-34,36],[-142,-37],[-83,-42],[10,-97],[-43,-50],[-68,9],[-33,33],[-24,-31],[-82,-47],[-70,5],[-46,-19],[-46,60],[-62,-20],[-76,-4],[-79,-36],[-52,-1],[-45,20],[-10,29],[-79,22],[-72,68],[-27,-3],[-20,-51],[-58,-34],[-40,-55],[-71,-49],[-25,3],[-15,-73],[19,-12],[47,19],[65,3],[42,-15],[16,-29],[-33,-74],[-32,-45],[-27,-70],[-10,-55],[-67,-92],[-28,-73],[-9,-44],[-21,-25],[-58,-29],[-32,-33],[-37,-17],[-7,-36],[-33,-38],[-39,1],[-17,-82],[-47,-33],[-69,-3],[-59,26],[-129,-26],[-29,-12],[-153,-108],[-49,-62],[-21,-55],[-73,89],[-23,44],[-81,-14],[-34,9],[-123,4],[-36,-10],[-26,11],[-24,-23],[-53,16],[-24,-18],[-66,-7],[-102,-43],[-24,-81],[-40,-27],[-48,-6]],[[38504,13005],[-49,29],[-55,-46],[-71,-9],[-46,8],[-35,26],[-49,9],[-21,17],[-23,76],[-23,7],[-59,-33],[-47,7],[-9,38],[-30,19],[-48,-9],[-41,-21],[-64,32],[-101,-21],[-88,59],[-52,2],[-82,43],[-39,43],[-48,104],[6,55],[42,94],[50,61],[20,86],[1,41],[-17,20],[-167,3],[-160,57],[-77,-17],[-94,6],[-46,19],[-239,138],[-129,82],[-158,138],[-129,136],[-70,128],[-19,79],[14,79],[-40,38],[-54,6],[-57,-32],[-60,57],[-21,50],[-33,29],[-51,24],[-25,26],[-18,107],[-57,55],[-68,31],[-37,2],[-24,20],[-28,61],[-55,30],[-55,75],[-54,26],[-65,18],[-42,31],[-25,56],[-18,100],[-12,36],[-57,100],[-35,39],[-54,41],[-152,80],[-127,89],[-56,63],[-55,82],[-115,136],[-300,339],[-23,76],[-35,54],[-137,94],[-36,5],[-41,-17],[-44,22],[-30,46],[-73,8],[-73,34],[-46,43],[-26,-21],[-19,-65],[-53,-39],[-39,-48],[-44,-12],[-72,-43],[-22,5],[-54,43],[-29,-9],[-32,-36],[-184,-26],[-34,-54],[-22,-10],[-81,14],[-52,-45],[-42,-7],[-100,19],[-49,42],[-59,9],[-22,19],[18,68],[53,62],[43,14],[121,-24],[93,14],[30,16],[63,58],[29,60],[51,55],[-11,49],[-34,65],[38,110],[-84,110],[-43,25],[16,75],[45,77],[58,66],[20,63],[27,112],[0,44],[-26,59],[-16,74],[-28,16],[0,27],[37,64],[9,93],[-13,67],[-38,66],[-91,80],[-12,37],[-63,59],[51,110],[20,56],[81,61],[70,31],[-24,71],[4,68],[39,25],[5,65],[-47,64],[-38,-2],[-38,27],[-36,159],[-20,-8],[-26,-49],[-48,-44],[-31,-10],[-53,73],[-103,-39],[-20,2],[-70,-46],[-63,-27],[-24,25],[-28,70],[-99,33],[-37,24],[-54,69],[-11,49],[6,25],[-47,35],[-68,26],[-14,17],[-2,114],[-37,191],[-39,59],[-35,22],[3,27],[-18,48],[-93,92],[-57,44],[-95,54],[-25,3],[-132,-36],[-97,-13],[-72,16],[-88,38],[-34,42],[-33,103],[-4,79],[48,54],[24,115],[-4,90],[-29,75],[-9,47],[9,68],[32,90]],[[31611,20649],[3,77],[-26,66],[-189,284],[-110,168],[-70,133],[-78,71],[-36,84],[-51,58],[-40,25],[-81,24]],[[30933,21639],[54,94],[62,81],[82,41],[63,21],[40,58],[18,42],[42,-30],[94,-84],[36,-96],[24,-40],[28,-19],[31,30],[27,215],[144,83],[-8,46],[16,98],[2,47],[40,41],[23,157],[4,80],[45,229],[38,87],[34,44],[74,69],[59,43],[-164,293],[-54,62]],[[31787,23331],[-79,58],[40,33],[110,-19],[127,29],[-20,101],[-15,140],[22,15],[50,5],[-114,179],[-50,70]],[[31787,23331],[-308,-203],[-49,-70],[-17,-40],[-4,-105],[-56,16],[-37,-8],[-47,-47],[-46,-27],[-89,85],[-45,22],[-81,0],[2,-164],[-52,0],[-13,-45],[52,-122],[25,-40],[-80,-27],[1,-33],[-35,-1],[0,104],[-72,0],[1,-68],[-195,76],[-23,24],[-24,-32],[-147,96],[-1,-16],[-56,-74],[-43,-37],[92,-92],[-88,-11],[-16,-11],[-72,66],[-54,31]],[[30933,21639],[-160,45],[-37,0],[-60,-55],[-29,-12],[-69,30],[-71,100],[-216,246],[-105,83],[-33,40]],[[31611,20649],[-293,-48],[-413,-78],[-59,-94],[-12,-101],[-24,-30],[-58,191],[-320,-9]],[[30432,20480],[-80,-22],[-100,16],[-82,-2],[-124,-56],[-46,-37],[-63,-95],[-49,-26],[-63,-8],[-55,-31],[-421,343],[39,77],[5,48],[55,81],[46,118],[35,59],[-86,4],[-44,10],[-29,27],[-27,4],[-79,-14],[-30,-40],[-120,-104],[-28,-72],[-17,-22],[-61,-32],[-96,-78],[-67,49],[9,16],[-134,101],[-10,41],[11,60],[-3,54],[-82,59],[-75,152],[2,70]],[[26877,17414],[227,-54],[136,11],[57,-16],[81,44],[41,0],[27,-22],[11,-47],[43,-76],[79,20],[31,-13],[24,-42],[46,-31],[29,-37],[37,2],[100,48],[47,-27],[68,12],[28,-49],[42,-32],[45,4],[21,-27],[45,61],[43,-8],[44,-48],[71,-25],[32,-28],[74,-44],[24,5],[78,63],[43,-10],[60,7],[50,-8],[98,13],[50,25],[15,69],[61,90],[93,40],[79,68],[72,121],[-33,23],[-35,94],[-9,69],[-1,124],[9,51],[22,38],[8,70],[18,35],[-3,37]],[[29105,18014],[11,55],[34,34],[48,-3],[58,26],[68,56],[4,46],[65,141],[48,22],[53,75],[77,42],[29,29],[67,23],[67,67],[45,30],[28,34],[11,34],[-26,50],[52,142],[-11,44],[12,32],[64,73],[-16,40],[39,68],[52,18],[85,96],[41,71],[94,46],[53,15],[43,54],[35,20],[40,61],[5,43],[-20,91],[-19,33],[-13,62],[-20,34],[10,89],[22,62],[42,88],[-24,83],[-24,34],[-49,45],[10,35],[57,42],[34,65],[-2,32],[38,53],[10,34]],[[38504,13005],[-65,-67],[-86,-46],[-67,-24],[-16,51],[-61,-47],[-134,-65],[-69,-51],[-102,-128],[-81,-77],[-62,-27],[-30,-30],[-153,-38],[-85,-8],[-58,19],[-64,10],[6,61],[-37,10],[-118,-65],[-46,-49],[-18,-36],[-2,-46],[46,-33],[-1,-39],[-43,-21],[-18,10],[-15,44],[-40,4],[-11,-51],[-43,34],[-183,-23],[33,-73],[56,31],[57,14],[22,-10],[52,-58],[51,-4],[-2,-31],[-49,-50],[30,-32],[-37,-48],[-47,-32],[0,-51],[-38,-72],[0,-80],[-35,-68],[-54,-41],[58,-43],[42,54],[91,50],[41,-6],[10,-82],[40,-44],[-12,-34],[-39,-23],[-36,-55],[-24,-62],[-49,-102],[-49,-41],[-27,-69],[-33,-28],[-166,-35],[-57,-33],[-39,-9],[-84,16],[-58,-23],[-11,-43],[-36,-28],[-49,-14],[-54,-60],[-38,-79],[-14,-59],[-50,-44],[2,-47],[-27,-67],[-45,-12],[-15,-38],[-3,-67],[-37,-46],[0,-68],[55,-27],[11,-37],[-34,-21],[-40,9],[-29,40],[-60,31],[-68,74],[-52,43],[-57,80],[-20,-3],[-49,-86],[-21,-73],[-36,-27],[7,-39],[47,10],[24,-23],[-35,-91],[-8,-102],[-20,-74],[-52,-37],[-28,-80],[-28,-24],[-44,4],[-44,-49],[-58,-28],[-21,-62],[-45,-33],[-4,-62],[-21,-38],[-49,-32],[-64,-13],[-42,8],[-5,-28],[-53,-84],[-43,-41],[-55,-107],[-35,-52],[-40,-34],[-44,-6],[-32,15],[-7,31],[48,37],[-4,22],[-76,26],[-28,-3],[-75,-43],[-51,-57],[-49,-98],[-36,-49],[-100,-92],[-24,-41],[-11,-60],[7,-64],[-6,-128],[-14,-32],[-64,-84],[-75,-69],[-3,-22],[-39,-78],[-52,-46],[-60,-26],[-60,7],[-32,-21],[-88,-93],[-64,-16],[-58,18],[-38,-22],[-51,11],[-34,21],[-44,5],[-42,-13],[-118,3],[-67,-24],[-53,-54],[-28,-1],[-56,37],[-38,11],[-102,-11],[-29,-17],[-29,-61],[-28,-33],[-50,-21],[26,-50],[4,-36],[-37,-29],[-11,-68],[59,17],[34,-13],[-7,-37],[-34,-36],[-76,-42],[-60,-7],[-48,-96],[-30,-26],[-52,-17],[-44,-4],[-33,-25],[-57,1],[-51,-28],[-44,-9],[-66,-71],[-16,-58],[-52,-17],[27,-66],[-39,-74],[-42,-34],[-39,0],[-45,-30],[-42,20],[-102,6],[-45,-48],[-99,-79],[-41,-42],[-9,-35],[36,-38],[-26,-42],[-42,-30],[-17,-27],[-62,-9],[-43,21],[-28,-5],[14,-84],[-11,-72],[-39,-60],[-61,-33],[-1,-53],[-19,-34],[-61,-7],[-14,-41],[19,-105],[-12,-54],[-15,-15],[-62,0],[-115,-39],[-23,-19],[-15,-94],[-63,-99],[-14,-32],[-50,-51],[-54,-15],[-15,41],[-122,-109],[-14,-65],[-25,-36],[1,-102],[-8,-25],[-65,-46],[-46,-19],[-44,23],[-3,38],[14,44],[-11,55],[69,62],[-6,22],[-45,-3],[-5,92],[-17,16],[-83,36],[-16,-10],[8,-50],[-14,-56],[-30,-85],[-20,-32],[-19,-63],[-42,-37],[-27,-10],[-72,-4],[-63,-41],[-24,-46],[-35,-34],[-9,-40],[-43,-26],[-75,37],[-37,29],[-55,-41],[-40,-85],[-25,-25],[-92,-38],[-13,-56],[-21,-19],[-72,-19],[-68,-7],[-37,-59],[-84,-20],[-74,-5],[-80,-81],[-66,-45],[-37,11],[-16,52],[-45,37],[-36,7],[-108,-13],[-207,-74],[-35,-25],[-68,-5],[-29,-12],[-54,-73],[-45,-24],[-95,-15],[-30,8]],[[27866,20476],[60,52],[50,28],[16,56],[53,66],[14,134],[-2,147],[22,134],[-2,51],[21,20],[44,-3],[45,-51],[66,-54],[19,41],[39,13],[28,26],[50,25],[11,45],[120,58],[43,-34]],[[29105,18014],[-39,-9],[105,523],[-94,49],[-3,34],[-34,23],[-84,-123],[-43,0],[-21,17],[-84,31],[-96,71],[-27,30],[-22,63],[-136,55],[-185,-23],[-66,-2],[-90,38]],[[19187,7514],[-40,38],[-66,7],[-140,-98],[-33,-34],[-25,-47],[-76,-69],[-30,-38],[-24,-96],[-22,-30],[-51,-42],[-81,-45],[-29,-3],[-63,66],[-45,-65],[-42,-35],[-57,-89],[-39,-26],[-85,-9],[-28,-56],[-92,-49],[-62,15],[-113,-8],[-57,-72],[-47,-7],[-45,51],[-54,-20],[-23,-95],[-33,-38],[-49,-13],[-35,96],[-7,45],[-45,5],[-84,-61],[-34,-5],[-83,9],[-20,-13],[8,-64],[-42,-48],[-109,6],[-72,26],[-20,-13],[-6,-68],[-36,0],[-50,65],[-26,0],[-14,-36],[-57,-5],[-37,33],[-21,97],[-26,50],[-26,6],[-36,-34],[-50,0],[-32,26],[-8,57],[-20,42],[-47,13],[-134,-32],[-92,-78],[-43,-22],[-67,16],[-46,49],[-18,55],[-12,123],[-36,68],[-66,51],[-36,11],[-63,3],[-50,20],[-77,4],[-124,-88],[-95,-34],[-30,-27],[-50,-108],[-41,-35],[-36,-2],[-65,40],[-32,7],[-47,-22],[-31,-71],[-76,-59],[-16,-33],[-10,-68],[-39,-23],[-60,-5],[-68,-22],[-83,5],[-31,-30],[-16,-69],[-177,40],[-24,-21],[-4,-71],[-38,-12],[-29,33],[-54,112],[-43,119],[-29,40],[-20,6],[-57,-31],[-30,-1],[-81,49],[-35,63]],[[14290,6786],[73,-50],[71,32],[53,-22],[20,8],[42,57],[17,85],[-1,44],[53,40],[29,97],[65,39],[49,50],[58,-1],[53,-43],[47,0],[53,33],[7,31],[-6,103],[16,65],[32,43],[10,61],[19,40],[65,59],[118,74],[103,58],[8,25],[-9,106],[13,52],[71,73],[9,113],[-4,120],[-29,74],[49,82],[11,43],[-34,89],[0,50],[162,149],[18,75],[84,26],[37,35],[21,90],[36,40],[34,2],[73,-43],[50,-3],[78,30],[54,-9],[66,-57],[39,-3],[67,17],[48,-16],[35,2],[11,27],[-18,138],[90,61],[33,41],[45,120],[27,35],[47,15],[111,-41],[37,6],[52,41],[36,120],[43,95],[45,154],[12,62],[33,68],[61,15],[16,14],[28,81],[1,95],[60,48],[11,66],[46,48],[16,59],[51,66],[68,159],[5,76],[29,24],[6,60],[-25,18],[34,60],[-1,38],[-22,23],[15,39],[-12,55],[51,27],[-73,79],[-41,55],[-43,-8],[-96,-38],[-33,3],[-49,57],[-41,-15],[-33,-46],[-37,-10],[-46,34],[-77,41],[-46,73],[-16,-4],[-40,-68],[-62,2],[-32,-25],[-78,-3],[-39,34],[-74,22],[-63,1],[-33,36],[-43,-25],[-24,-32],[-33,9],[-27,52],[-40,8],[-43,41],[-60,41],[-16,77],[-38,5],[-32,30],[-20,62],[-104,1],[-44,27],[-25,70],[-47,59],[-76,68],[-23,49],[-65,18],[-169,-9],[-100,16],[-21,32],[-8,76],[-13,25],[-60,33],[-75,6],[-18,17],[8,59],[87,9],[26,52],[71,25],[65,6],[133,111],[27,49],[16,68],[32,54],[21,12],[96,25],[25,30],[1,77],[-52,161],[-61,68],[-14,58],[44,172],[11,12],[188,29],[26,23],[16,37],[12,145],[43,67],[13,44],[-24,107],[-33,55],[-84,88],[-27,129],[34,78],[55,96],[34,83],[34,34],[73,23],[176,2],[67,28]],[[16228,13956],[-12,-83],[5,-36],[31,-7],[62,26],[65,-11],[92,-58],[40,-60],[24,-59],[8,-99],[82,-5],[22,18],[35,123],[30,18],[128,40],[67,36],[25,26],[16,50],[-9,51],[-1,71],[36,64],[36,28],[43,8],[33,-12],[71,-55],[106,-15],[29,-16],[27,28],[14,145],[15,24],[37,6],[62,52],[123,213],[0,38],[-17,31],[1,38],[32,47],[69,49],[94,3],[26,22],[23,87],[-30,71],[10,70],[34,38],[20,-3]],[[17832,14958],[109,-100],[34,-14],[104,-7],[38,8],[92,48],[31,29],[62,111],[58,149],[75,73],[44,64],[69,47],[16,30],[-5,42],[33,36],[56,10],[59,37],[98,-5],[53,9],[25,-9],[94,-69],[29,1],[31,49],[34,-3],[16,-27],[57,38],[22,43],[30,7],[48,-12],[70,16],[67,-14],[43,-28],[17,-36],[124,-41],[43,-54],[49,-38],[58,-17],[51,32],[52,18],[67,39],[65,60],[84,97],[84,8],[43,-27],[117,76],[16,2],[51,-58],[36,-1],[34,47],[69,32],[123,-14],[60,-21],[125,-97]],[[20792,15524],[-32,-37],[-81,-124],[-55,-69],[-29,-25],[-57,-23],[-172,-34],[-89,-34],[-45,-39],[-51,-80],[-32,-86],[-13,-120],[45,-148],[41,-19],[-26,-31],[17,-48],[-20,-25],[9,-50],[70,-9],[13,-31],[-38,-36],[-44,-4],[-24,-34],[47,-80],[-39,-48],[-39,-21],[-33,18],[-28,-25],[16,-28],[-31,-55],[-68,-44],[-27,-2],[-3,-38],[-37,-46],[-37,-75],[-27,-35],[28,-54],[-9,-36],[-114,-54],[-41,-60],[-54,-5],[-17,-82],[24,-20],[-26,-41],[4,-25],[-27,-52],[-22,-18],[5,-61],[-15,-33],[10,-48],[21,-15],[7,-36],[55,-1],[17,-15],[83,-22],[82,-34],[53,31],[162,-38],[99,-7],[44,-9],[123,-57],[41,2],[27,-20],[118,-12],[38,-38],[54,-12],[71,-58],[89,-59],[19,-22],[33,3],[56,-50],[33,12],[41,-30],[45,-56],[34,-11],[8,-32],[60,-25],[41,-40],[32,-10],[83,-130],[25,-19]],[[20054,21794],[0,6],[-572,242],[-98,37],[-725,307],[43,-5],[30,17],[52,-35],[33,6],[18,34],[68,24],[25,130],[27,45],[49,34],[41,15],[25,33],[22,0],[-8,59],[22,20],[14,46],[43,40],[22,49],[40,-17],[23,23],[-32,35],[-96,66],[27,83],[39,27],[32,56],[0,59],[17,61],[-28,80],[-45,45],[-18,49],[-54,87],[4,28],[36,53],[53,53],[28,46]],[[19211,23732],[48,50],[68,4]],[[19629,19794],[-23,-10],[-30,28],[-32,5],[-67,-45],[-112,-25],[-89,-41],[-82,-15],[-63,8],[-41,-10],[-54,-31],[-45,-6],[-44,38],[-45,25],[-60,-22],[-27,18],[-45,1],[-27,-14],[-22,37],[-2,42],[-37,-1],[-51,63],[-30,101],[20,35],[-31,56],[7,34],[-19,83],[20,40],[-25,28],[-39,9],[-20,25],[-52,4],[-53,46],[-137,-41],[-114,-59],[-43,-43],[-64,-6],[-162,-26],[-97,-31],[-123,-62],[-48,-12],[-124,17],[-39,-20],[-47,-60],[-48,-130],[-39,-23],[-54,23],[-57,48],[-129,61],[-81,-12],[-57,1],[-95,-22]],[[16851,19903],[23,210],[73,184],[17,92],[23,188],[11,65],[29,95],[65,165],[41,90],[-4,57],[54,131],[6,66],[-84,3],[-30,28],[-65,100],[-33,29],[-41,14],[-34,-98],[-15,-104],[-31,-46],[-39,-20],[-5,-29],[22,-59],[4,-38],[-34,-7],[-30,-40],[-110,-25],[-13,49],[1,37],[-18,43],[21,112],[-17,55],[86,59],[-23,32],[-47,17],[29,111],[41,49],[-27,29],[-96,4],[-14,37],[5,85],[-16,14],[-12,54],[65,-17],[105,-13],[51,-49],[43,22],[53,-22],[6,-27],[51,-6],[41,92],[84,-14],[38,4],[26,49],[-55,69],[-37,28],[-7,43],[-72,34],[-68,57],[-107,130],[-21,56],[124,-90],[76,-26],[40,63],[32,33],[13,-38],[36,28],[7,28],[-10,41],[19,40],[52,-6],[42,23],[12,48],[94,18],[82,27],[41,-12],[60,90],[56,11],[55,51],[-24,34],[16,83],[47,69],[82,-11],[85,43],[53,-9],[9,29],[-11,52],[42,21],[31,-10],[18,23],[29,92]],[[17968,22922],[99,93],[41,23],[67,0],[95,31],[152,111],[73,36],[119,48],[44,49],[55,105],[23,63],[32,49],[30,28],[102,22],[48,21],[57,71],[62,21],[85,18],[59,21]],[[21191,16149],[-5,-135],[-16,-97],[-23,-88],[-53,-119],[-26,-36],[-73,-63],[-68,-24],[-33,1],[-60,-29],[-42,-35]],[[17832,14958],[12,54],[62,134],[-16,50],[5,58],[-35,93],[7,52],[26,93],[-6,124],[-10,65],[-28,98],[-46,64],[-34,23],[-54,18],[-14,36],[-8,81],[15,24],[113,38],[33,26],[-15,52],[-149,136],[-6,47],[-51,46],[-82,16],[-45,41],[-41,10],[-30,31],[-22,58],[-58,-3],[-62,59],[-39,-43],[-35,-63],[-35,-91],[0,-43],[-43,-50],[-24,-82],[-20,-23],[-81,51],[-43,3],[-72,50],[-33,15],[-115,16],[-68,3],[-38,10],[-50,56],[-38,18],[-36,112],[-80,162],[52,131],[26,1],[16,58],[-39,20],[-42,-22],[-34,0],[-35,-38],[-57,-26],[-35,-46],[-32,-14],[-56,-4],[-19,-50],[-46,49],[7,80],[-14,33],[-4,54],[-70,-50],[-26,1],[-58,-41],[-35,0],[-33,36],[-13,62],[-3,91],[-14,63],[17,67],[-6,81],[32,69],[59,56],[-65,130],[-3,55],[27,28],[26,80],[-8,55],[-32,23],[-129,33],[-28,19],[-10,81],[-21,20],[-13,59],[-31,59],[-2,62],[53,47],[60,81],[210,349],[46,83],[44,66],[81,137],[49,70],[58,57],[109,75],[45,42],[43,58],[101,189],[47,149],[39,104],[127,214],[47,134]],[[16228,13956],[-69,41],[-97,84],[-75,36],[-82,-1],[-37,26],[-26,51],[-3,50],[-48,74],[-24,21],[-32,-37],[-62,-51],[-62,15],[-30,-21],[-7,-43],[-57,-20],[-79,-3],[-120,-90],[-60,3],[-80,-45],[-75,14],[-84,-50],[-66,21],[-11,42],[9,33],[-20,30],[-32,77],[-45,37],[-103,19],[-57,69],[-16,40],[-37,48],[-36,25],[-87,37],[-48,61],[-44,133],[-24,30],[-49,-15],[-20,-96],[13,-65],[88,-264],[-11,-30],[-30,-4],[-31,23],[-112,148],[-49,47],[-41,59],[-14,44],[-7,136],[-5,9],[-139,25],[-68,16],[-97,37],[-75,21],[-190,73],[-43,10],[-106,3],[-58,21],[-37,55],[-1,40],[-138,8],[-47,17],[-45,-11],[-37,11]],[[13053,15030],[19,88],[19,42],[65,7],[50,48],[25,80],[-12,99],[-41,75],[-27,88],[0,34],[39,29],[56,21],[53,81],[17,40],[77,79],[63,118],[2,40],[-23,26],[-49,28],[-7,49],[-27,38],[4,53],[36,65],[32,40],[-10,41],[16,22],[108,37],[13,36],[-145,157],[-15,38],[11,69],[-6,41],[-50,71],[-20,76],[-65,55],[-23,69],[2,56],[25,72],[60,120],[69,90],[75,32],[52,58],[64,25],[40,-10],[77,-54],[35,-34],[26,-2],[12,78]],[[13775,17441],[8,78],[-4,91],[64,62],[181,7],[106,42],[42,57],[85,76],[39,49],[44,33],[32,38],[36,18],[64,84],[86,138],[39,54],[12,51],[33,53],[55,53],[38,112],[-6,49],[52,206],[17,86],[-15,44],[61,71],[22,41],[2,36],[-38,140],[38,53],[3,115],[29,110],[-20,32],[9,39],[41,-11],[18,48],[62,57],[-9,23],[-53,19],[0,57],[15,85],[-13,32],[28,55],[3,37],[33,11],[0,26],[77,65],[5,21],[-25,51],[-47,4],[-20,31],[-5,44],[55,43],[7,29],[44,52],[13,87],[26,48],[32,25],[24,48],[65,-5],[21,21],[0,34],[43,34],[40,49],[80,33],[34,3]],[[15483,20715],[25,-19],[68,-111],[51,-62],[49,8],[46,-27],[29,-41],[60,-133],[33,-37],[91,-39],[78,-60],[91,-9],[38,-29],[61,-71],[34,-165],[30,-13],[71,16],[69,31],[52,-16],[38,0],[149,29],[38,31],[71,-18],[17,-60],[26,-20],[53,3]],[[19370,6589],[8,-63],[-45,-32],[-50,-6],[-234,13],[-97,-46],[-81,-147],[-72,27],[-71,41],[-52,-71],[-50,-45],[-231,-106],[-64,-5],[-72,-38],[-4,-63],[48,-37],[19,-66],[53,-48],[73,-1],[47,-81],[61,-44],[35,-70],[-36,-57],[-89,-21],[-30,-84],[-47,63],[-150,-5],[-73,16],[-53,25],[-89,5],[-134,-76],[-52,-46],[-16,-86],[-29,-92],[-64,-27],[-206,-8],[-108,-94],[-55,-31],[-19,-65],[-111,-194],[-65,-23],[-63,-52],[-24,-62],[-44,-45],[-63,45],[-57,-65],[-141,6],[-76,-22],[-28,-92],[-118,-91],[-46,-70],[-65,-58],[-58,8],[-71,23],[-107,15],[-53,34],[-74,-34],[-228,-203],[-80,0],[-47,-42],[-28,-67],[13,-97],[-11,-129],[49,-48],[23,-64],[6,-87],[117,-76],[18,-83],[50,-53],[21,-74],[50,-58],[49,-97],[58,-7],[41,64],[23,83],[75,29],[57,-47],[32,-65],[-74,-95],[39,-132],[-8,-102],[19,-85],[58,-52],[-28,-78],[-145,-96],[-65,-56],[5,-108],[69,-23],[121,2],[52,-76],[30,-63],[-30,-86],[-73,-4],[-53,-57],[-47,-99],[-71,51],[-67,10],[-59,-76],[-72,19],[-123,-5],[-54,29],[-72,2],[-130,-57],[2,-73],[31,-68],[-40,-78],[-233,-135],[-48,-50],[-84,-111],[-16,-95],[86,-31],[111,38],[50,-42],[-52,-97],[-62,2],[-78,-61],[-33,-71],[-55,-33],[-105,28],[-83,-21],[-40,-47],[-52,-95],[-24,-97],[-98,26],[-54,26],[-76,5],[-89,-31],[-73,33],[-16,81],[-50,83],[-74,18],[-83,-35],[-86,-52],[-86,-29],[-57,22],[-54,54],[-81,40],[-100,-23],[-49,-55],[-65,-28],[-78,-21],[-76,-55],[-100,26],[-64,57],[-50,64],[-61,180],[14,68],[-27,92],[-58,43],[-40,78],[-86,-19],[-108,-61],[-80,-76],[105,-125],[-40,-66],[-156,-29],[-100,0],[-21,-75],[7,-83],[-129,57],[-80,2],[-49,-94],[-75,-48],[-48,71],[-56,-16],[-77,-40],[-95,0],[-99,-55],[-110,10],[-37,66],[-55,64],[-79,-26],[-56,-50],[-18,-75],[33,-64],[122,-55],[-104,-123],[-11,-125],[29,-75],[76,11],[64,-37],[12,-62],[-52,-109],[-59,-28],[-125,-19],[-30,-66],[-76,-55],[-57,-7],[-74,34],[-162,-76],[-89,-89],[-22,25],[-64,14],[-41,63],[-16,85],[-24,59],[-75,73],[-60,18],[-72,-3],[-51,-25],[-110,-24],[-81,14],[-121,103],[-54,102],[-40,96],[-36,35],[-58,2],[-43,-25],[-36,-57],[-58,-65],[-77,-73],[-31,-43],[-31,-64],[-25,-75],[-56,-101],[-57,-118],[-48,1],[-92,53],[-57,76],[-57,49],[-48,26],[-86,30],[-25,28],[-44,79],[-60,35],[-48,-32],[-41,-61],[-38,8],[-24,28],[-33,92],[-17,29],[-86,70],[-31,-10],[-122,78],[-49,64],[-9,68],[15,80],[47,91],[-1,60],[-26,81],[-2,69],[-33,45],[-101,-13],[-21,13],[-53,144],[-47,239],[-113,210],[-110,28],[-56,39],[-13,58],[-61,6],[-12,15],[-13,85],[-17,36],[-1,48],[-23,27],[-37,-1],[-42,-21],[-29,2],[-114,-59],[-43,9],[-9,43],[-3,82],[23,64],[3,127],[-22,74],[-63,63],[-56,105],[-85,75],[-73,33],[-42,41],[-48,66],[-66,49],[-34,15],[-43,-7],[-27,-25],[-53,-111],[-152,-229],[-51,-35],[-79,-29],[-22,-48],[50,-72],[-16,-97],[-11,-31],[-37,-19],[-28,-40],[-76,-44],[-15,-26],[-37,-10],[-48,16],[-99,56],[-63,10],[-76,-4],[-66,35],[-78,52],[-76,12],[-73,29],[-36,32],[-121,74],[-71,16],[-61,24],[-112,72],[-134,-20],[-20,5],[-20,59],[10,123],[-14,203],[-9,19],[-76,-11],[-33,40],[0,73],[-22,51],[-65,35],[-71,-4],[-58,26],[-2,39],[18,64],[-12,37],[-33,37],[0,33],[18,37],[-10,47],[46,48],[18,51],[-60,30],[-37,28],[-48,10],[-59,-14],[-74,20],[-18,56],[-28,41],[-61,12],[-34,50],[-79,-42],[-61,-22],[-209,-92],[-63,32],[-40,-9],[-92,-81],[-87,16],[-52,26],[-28,30],[-74,-15],[-59,-41],[-3,-19],[33,-51],[61,-63],[15,-86],[6,-208],[-7,-113],[-35,-27],[-149,0],[-145,-49],[-65,9],[-50,-59],[-138,-67],[-31,-36],[-25,-5],[-68,-65],[-36,-21],[-95,-3],[-32,45],[-67,25],[-5,53],[-25,21],[-76,8],[-37,-13],[-39,3],[-56,-14],[-93,64],[-39,16],[-35,-27],[-20,6],[-78,100],[-9,29],[-28,26],[8,54],[-21,18],[-76,4],[-125,-16],[-24,18],[-57,91],[-81,6],[-42,48],[-35,5],[-31,-26],[-38,-1],[-51,41],[-83,-13],[-47,38],[-78,18],[-69,-36],[-51,-42],[-57,5],[-69,-5],[-69,24],[-73,-17],[-41,2],[-86,51],[-63,52],[-64,36],[-30,1],[-48,-52],[-51,12],[-54,-39],[-71,-12],[-37,45],[-15,72],[-66,59],[-65,0],[-31,37],[-60,20],[3,-52],[-47,-36],[-66,-30],[-52,-50],[-35,-13],[-116,47],[-2,33],[-29,47],[3,37],[52,43],[114,63],[22,47],[-1,34],[59,84],[22,48],[104,49],[94,-27],[41,-4],[39,16],[24,28],[-1,33],[-67,70],[2,78],[-57,74],[-31,87],[-20,34],[-101,80],[-6,30],[34,27],[20,51],[-6,81],[-11,37],[-39,38],[-4,52],[49,51],[-15,32],[-67,-5],[-30,-25],[-19,-36],[-34,14],[0,104],[-35,45],[-69,32],[-41,-16],[-16,-46],[-33,3],[-6,35],[32,93],[36,47],[-10,35],[-40,23],[-49,-13],[-28,-57],[-38,-43],[-42,-22],[-28,5],[-30,31],[-41,71],[36,92],[-1,29],[-39,68],[-97,40],[-7,29],[91,121],[50,74],[107,74],[93,33],[60,-9],[154,11],[64,27],[10,29],[-10,66],[36,57],[26,67],[2,37],[-63,0],[-51,-10],[-43,23],[-22,141],[-15,58],[-39,29],[-29,-53],[-36,3],[-22,28],[-28,67],[-13,56],[-2,79],[8,69],[21,52],[-7,60],[55,55],[10,43],[-24,38],[16,22],[82,-11],[70,-82],[130,-75],[75,53],[42,18],[72,16],[66,36],[9,71],[-31,134],[-3,60],[-90,38],[-22,48],[-12,140],[-2,80],[37,30],[36,-5],[43,-32],[31,-74],[50,-45],[76,-5],[104,64],[47,0],[28,-19],[13,-37],[30,-145],[61,-64],[12,-79],[18,-34],[25,-8],[51,17],[17,36],[-9,40],[-41,66],[20,63],[109,41],[31,26],[52,-19],[78,-82],[55,-32],[53,-15],[266,1],[103,28],[46,-9],[17,-50],[28,-28],[62,9],[40,52],[37,124],[5,56],[-4,109],[24,155],[19,36],[83,90],[9,54],[-28,53],[29,43],[103,4],[135,122],[47,51],[20,70],[39,85],[51,33],[53,54],[71,-3],[55,16],[46,39],[15,28],[2,61],[-24,45],[7,27],[121,134],[68,35],[37,116],[-22,7],[-52,-13],[-59,33],[3,42],[-47,16],[-103,-5],[-17,24],[72,56],[76,-8],[53,23],[44,2],[55,65],[27,60],[61,66],[19,46],[40,51],[-3,53],[-19,44],[14,53],[-45,25],[-47,-7],[-1,32],[20,23],[-12,24],[-32,4],[-13,-30],[-39,-1],[-35,-29],[-18,41],[67,52],[58,17],[-6,46],[8,33],[-12,49],[22,23],[102,25],[35,75],[39,8],[8,-47],[26,5],[-37,95],[-33,34],[-37,8],[24,78],[48,57],[65,45],[62,6],[12,-23],[38,-6],[61,52],[48,64],[8,45],[25,47],[-36,28],[-73,-41],[-43,9],[-36,51],[-41,-2],[-69,17],[-13,27],[49,19],[6,26],[-19,26],[22,31],[0,32],[-25,43],[58,2],[13,63],[26,12],[21,45],[-17,27],[26,53],[-20,21],[42,80],[-7,44],[-17,18],[31,111],[41,2],[39,24],[27,-19],[42,19],[33,-26],[33,41],[-23,47],[28,32],[-26,21],[90,45],[17,22],[-2,60],[-46,85],[21,41],[32,6],[19,52],[47,29],[34,-11],[35,38],[87,53],[28,63],[-5,20],[-43,7],[51,77],[-15,23],[16,70],[32,86],[-45,33],[4,27],[27,25],[-5,27],[43,38],[70,11],[43,-54],[-6,-69],[9,-18],[59,-25],[76,60],[40,-10],[20,-44],[10,-54],[32,-32],[4,-27],[56,-32],[4,-97],[29,-30],[142,-5],[58,-15],[25,34],[8,36],[21,14],[43,-14],[59,-5],[54,23],[97,59],[47,10],[35,-26],[33,-42],[46,6],[52,-20],[67,41],[59,-22],[26,3],[50,46],[51,6],[46,33],[36,-2],[78,39],[54,3],[112,29],[55,46],[63,-30],[109,4],[55,16],[36,46],[46,33],[46,-2],[71,-42],[32,4],[30,-39],[81,-15],[66,8],[10,27],[-18,25],[13,30],[-25,15],[5,36],[-24,76],[14,67],[44,9],[65,-43],[15,-24],[-3,-44],[23,-24],[85,-19],[39,-56],[40,-12],[22,-36],[59,-20],[33,18],[15,52],[37,16],[37,-94],[27,-24],[113,-19],[88,8],[72,31],[46,98],[60,43],[98,32],[38,27],[69,1],[-40,55],[10,51],[-35,20],[82,15],[42,-20],[37,-33],[23,17],[-84,74],[11,17],[53,-3],[28,11],[35,-13],[43,4],[-3,33],[59,-3],[7,-46],[54,-59],[49,0],[13,-22],[-23,-65],[-9,-55],[8,-25],[57,-18],[45,-47],[54,-99],[107,-41],[21,-20],[-28,-30],[14,-21],[63,-14]],[[8664,11395],[3,-68],[17,-30],[31,-15],[77,10],[50,-38],[19,-50],[34,-33],[16,-32],[77,-47],[34,-50],[52,-35],[69,-89],[34,-24],[64,-18],[42,-65],[39,-44],[67,-33],[50,-11],[54,46],[10,-7],[-9,-67],[20,-87],[34,-48],[27,-13],[44,-61],[90,-107],[54,-72],[56,-39],[35,-2],[48,25],[45,10],[18,-44],[-15,-92],[26,-40],[35,-20],[47,-51],[110,-12],[44,-49],[2,-17],[-31,-51],[58,-78],[-8,-57],[40,-51],[-21,-44],[54,-72],[-8,-58],[51,-21],[8,-23],[-26,-23],[-4,-53],[44,-59],[36,2],[80,-16],[-7,-42],[43,-33],[0,-22],[46,-25],[23,-38],[21,-67],[-2,-48],[-35,-42],[-71,-18],[-38,-20],[16,-36],[-10,-28],[-51,-31],[15,-24],[53,-7],[86,23],[35,30],[22,0],[10,-70],[25,-21],[42,43],[27,10],[41,-55],[46,-16],[49,12],[-10,37],[10,36],[59,-32],[43,55],[-31,49],[11,39],[99,85],[67,49],[64,13],[56,-5],[30,36],[1,39],[38,8],[53,-37],[29,-7],[17,-30],[34,-97],[49,-37],[55,-16],[51,-66],[64,-15],[47,-31],[85,12],[18,-15],[-17,-37],[32,-71],[46,-46],[4,-92],[15,-30],[-2,-66],[46,-19],[37,37],[44,-7],[37,15],[50,-25],[42,-3],[21,-28],[3,-42],[17,-31],[32,-93],[31,-47],[-4,-63],[18,-47],[-3,-25],[-57,-52],[38,-86],[142,-29],[27,-30],[-1,-56],[-19,-39],[-6,-60],[33,-163],[40,-31],[-3,-21],[-49,-93],[22,-28],[-16,-55],[23,-35],[37,4],[24,-37],[0,-74],[66,-105],[6,-51],[55,-7],[10,-19],[-3,-57],[33,-37],[46,-23],[37,-49],[27,-7],[81,23],[28,45],[80,48],[67,-27],[47,2],[21,-18],[18,-50],[67,-8],[16,-12],[9,-78],[37,-42],[43,-2],[58,-32],[24,-45],[54,-17],[60,-3],[73,-16],[71,-28],[40,-29],[45,-14],[74,14],[46,-9],[25,17],[10,79],[50,74],[63,-6],[43,-34],[29,-38],[36,-81],[27,-91],[48,20],[83,50],[1,79],[20,41],[23,17]],[[17968,22922],[-43,-42],[-136,-47],[-18,9],[-25,99],[-45,42],[-126,69],[-84,28],[-17,29],[-10,58],[-116,75],[-79,10],[-68,-6],[-88,-25],[-20,6],[-40,93],[-47,228],[-24,51],[-28,14],[-57,-1],[-46,-30],[-79,-78],[-105,-54],[-41,-28],[-45,-47],[-20,-35],[-38,-30],[-42,-66],[-59,-43],[-36,-78],[-35,-114],[-24,-10],[-81,96],[-42,25],[-65,11],[-108,-5],[-83,14],[-43,31],[-23,53],[-28,27],[-61,7],[-50,-17],[-69,-11],[-103,-8],[-7,-76],[-12,-40],[-69,-73],[-16,-51],[-83,-46],[-108,-18],[-80,-33],[-32,-24],[-79,-89],[-53,-18],[-91,17],[-67,28],[-23,-8],[-25,-72],[-48,-41],[-69,-13],[-43,-19],[-63,-1],[-99,11],[-9,-18],[47,-91],[-26,-77],[-27,-108],[-42,-71],[-16,-96],[33,-103],[-5,-48],[-51,-96],[-48,-36],[-61,-22],[-66,-68],[-44,-83],[-56,-59],[-11,-28],[29,-79],[-4,-63],[-88,-88],[-32,-72]],[[14027,21350],[-24,-4],[-64,-57],[-8,-85],[-18,-14],[-115,23],[-41,-24],[-25,-91],[-36,-45],[-45,-33]],[[13651,21020],[-177,214],[-69,-180],[-177,55],[-76,-3],[-87,-75],[-138,-195],[-383,5],[-113,79],[-35,-2],[-74,-52],[-96,14],[-192,172],[0,11],[-60,110],[-58,80],[-13,29],[2,48],[20,61],[35,33],[-79,227],[-11,6],[-266,-248],[-161,-5],[-596,20],[-108,6]],[[10739,21430],[-28,56],[-87,71],[-143,171],[-16,27],[-16,88],[-15,34],[13,84],[75,133],[22,9],[8,50],[-2,136],[11,94],[26,76],[24,27],[50,31],[4,42],[-20,23],[-32,78],[-2,108],[49,48],[-18,82],[-45,16],[28,117],[0,75],[-25,65],[-2,58],[-29,83],[-1,29],[50,76],[13,33],[-10,53],[6,96],[-13,39],[-37,44],[-73,68],[25,38],[76,25],[68,0],[82,65],[87,86],[-11,59],[20,50],[43,49],[54,25]],[[10948,24147],[101,6],[59,27],[49,-8],[49,-50],[88,-56],[51,0],[25,15],[50,62],[54,21],[138,13],[53,20],[72,-7],[133,-60],[33,-1],[82,80],[59,75],[61,133],[8,54],[-8,89],[-12,35],[22,89],[18,45]],[[12133,24729],[11,25],[46,51],[62,41],[58,22],[53,35],[58,65],[51,-5],[53,18],[32,59],[13,78],[24,37],[22,113],[-12,31],[44,16],[49,48],[98,70],[58,57],[47,22],[40,39],[-21,43],[-6,48],[11,96],[33,40],[111,40],[96,51],[77,18],[67,71],[157,99],[9,19],[2,98],[47,-26],[87,-26],[47,-5],[165,25],[64,-22],[48,-41],[44,-10],[96,58],[173,31],[94,33]],[[14341,26191],[22,-54],[74,-106],[36,-36],[60,-34],[130,-42],[94,-18],[152,-3],[72,10],[152,4],[142,32],[30,12],[42,-11],[36,7],[72,-30],[28,-33],[48,-29],[108,14],[84,61],[57,20],[39,38],[219,81]],[[16038,26074],[-39,-49],[1,-25],[41,-83],[5,-47],[38,-69],[22,41],[36,14],[39,-19],[57,-97],[5,-32],[59,-35],[35,27],[52,1],[58,-36],[6,-70],[-19,-77],[21,-27],[62,14],[56,-84],[136,-1],[16,20],[56,13],[-5,-74],[74,-75],[92,-19],[23,-15],[24,-50],[33,-16],[51,5],[32,-45],[41,0],[35,31],[44,22],[79,-11],[36,9],[28,-52],[26,-4],[116,30],[73,-23],[25,20],[14,36],[-6,76],[-26,90],[27,62],[70,3],[34,-9],[92,-6],[84,5],[85,14],[50,19],[66,-48],[78,-67],[37,-55],[18,-47],[71,-36],[117,-21],[36,-20],[-1,-20],[43,-36],[8,-22],[68,-7],[68,4],[25,-21],[50,17],[102,51],[24,18],[24,42]],[[18866,25208],[37,-74],[-15,-49],[28,-51],[-2,-94],[-18,-41],[22,-24],[65,-18],[59,1],[25,-40],[-17,-90],[10,-130],[-63,-102],[-57,-60],[-42,-67],[-47,-53],[-19,-37],[4,-31],[73,-132],[59,-42],[117,-61],[50,-8],[51,5],[33,-29],[9,-32],[38,-74],[61,-89]],[[13775,17441],[-69,95],[-361,484],[-37,61],[-4,31],[-37,1],[-83,36],[41,78],[-26,94],[-15,6],[-92,-2],[-43,12],[-24,50],[6,102],[-50,38],[6,52],[-17,44],[3,49],[-22,98],[25,52],[-21,59],[-87,29],[-12,23],[-9,76],[37,70],[79,64],[10,45],[-36,70],[35,85],[-11,52],[28,78],[120,-7],[55,-16],[46,37],[9,39],[36,32],[75,-1],[52,15],[43,-12],[57,2],[47,-65],[26,-9],[66,50],[47,56],[21,58],[-9,90],[-34,85],[-54,57],[-52,34],[-25,45],[-68,2],[-3,58],[38,44],[43,34],[23,37],[-17,92],[1,108],[7,44],[46,60],[3,47],[37,37],[45,-4],[28,14],[20,43],[-11,67],[-46,28],[-10,19],[24,103],[-8,40],[-46,76],[-5,38],[35,70]],[[14027,21350],[-32,-59],[2,-55],[27,-109],[95,-16],[17,-58],[40,-41],[71,15],[40,-45],[37,-26],[114,-26],[95,-44],[95,8],[88,-21],[35,-49],[3,-92],[25,-58],[23,-34],[37,-9],[75,33],[42,3],[144,-25],[44,-17],[59,2],[22,16],[33,56],[72,35],[47,14],[106,-33]],[[7205,22779],[153,-3],[95,-48],[43,-6],[28,-26],[-4,-38],[26,-7],[56,18],[51,-23],[52,-9],[62,11],[35,-17],[73,-15],[50,-70],[-4,-63],[32,-133],[73,-59],[93,-21],[52,-29],[46,-38],[74,-44],[29,-54],[12,-58],[96,-61],[95,-10],[22,-10],[105,-14],[61,18],[23,-4],[24,29],[55,3],[21,-20],[62,-12],[56,-51],[8,-58],[32,-39],[17,-45],[-7,-60],[8,-47],[19,-29],[13,-63],[36,-65],[20,-80],[63,-18],[16,-19],[3,-55],[32,-40],[89,-26],[28,4],[47,60],[38,7],[61,-8],[39,-41],[29,-10],[66,-44],[24,-53],[47,-24],[96,-79],[34,-53],[36,-23],[86,14],[106,44],[62,-35],[95,23],[38,-19],[10,-45],[-1,-61],[-19,-146],[-2,-91],[9,-43],[33,-63],[30,-23]],[[10293,20562],[-7,-35],[45,-64],[-28,-29],[-31,-52],[-45,-120],[-17,-103],[13,-54],[-6,-66],[30,-93],[-47,-80],[-26,-87],[-3,-34],[17,-29],[81,-82],[34,-86],[-1,-70],[-19,-23],[-21,-69],[-36,-57],[-68,-35],[-101,-131],[-14,-47],[-35,-40],[22,-75],[24,-16],[64,-75],[26,-59],[1,-88],[10,-129],[-29,-45],[4,-56],[-52,-32],[-38,-63],[-19,-67],[-98,-111],[-61,-57],[17,-93],[31,-54],[19,-57],[-15,-191],[6,-45],[30,-38],[69,-128],[17,-82],[-6,-36],[-48,-102],[-45,-60],[-106,-179],[-17,-98],[3,-112],[54,-141],[-138,-236],[70,-64],[-11,-203],[-75,-103],[105,-197],[39,-112],[-180,-134],[59,-273],[96,-29],[-81,-199],[81,-94],[35,-96],[3,-89],[-133,-187],[-52,-44],[-23,-3],[-149,-72],[-49,-44],[-106,-113],[-94,-139],[-2,-12]],[[9266,14344],[-38,4],[-107,61],[19,55],[-72,50],[-28,52],[-28,88],[-13,74],[-19,24],[-9,49],[-18,33],[-38,36],[17,66],[-9,53],[24,78],[-19,54],[-61,11],[-32,17],[11,66],[-31,52],[-45,37],[-140,53],[-31,27],[-44,1],[-41,17],[-14,35],[2,54],[-51,9],[-12,27],[36,22],[17,53],[-22,43],[3,38],[114,55],[21,36],[57,40],[-39,90],[40,143],[-97,15],[-30,-11],[-58,37],[-30,-59],[-56,-24],[-17,12],[11,95],[-12,29],[-47,42],[-27,51],[-9,67],[64,89],[-4,64],[-37,30],[-4,20],[32,28],[44,2],[42,23],[-8,26],[42,47],[-5,102],[34,33],[-4,47],[13,33],[-6,45],[-64,57],[15,40],[-24,32],[23,28],[2,30],[-55,98],[-65,12],[-31,-16],[-75,25],[-75,5],[-14,-27],[-29,0],[-25,-62],[-36,-4],[-32,18],[-88,-14],[-33,39],[-47,10],[-67,42],[-94,135],[-35,70],[26,61],[-27,67],[7,28],[-40,5],[-26,20],[-11,56],[8,62],[-14,34],[6,32],[-18,29],[-28,2],[-1,38],[-43,81],[30,45],[-38,25],[-71,11],[-32,36],[-40,18],[5,76],[-54,61],[-31,78],[18,63],[-7,37],[-41,56],[-40,27],[-43,10],[1,56],[-69,25],[-26,19],[-10,45],[29,51],[16,149],[7,22],[86,52],[9,47],[-19,70],[-9,68],[-52,115],[-1,63],[-34,80],[10,27],[2,98],[-54,79],[-15,72],[20,45],[-11,22],[18,152],[19,62],[-6,66],[-59,55],[-53,-22],[-48,-4],[-60,24],[-73,10],[-46,24],[-23,27],[-64,-30],[-72,8],[-47,-22],[-43,27],[-60,-16],[-24,11],[-10,42],[14,18],[-22,56],[-60,76],[-14,38],[14,38],[26,-8],[31,36],[-20,43],[24,22],[-46,53],[-32,-2],[-37,19],[-3,28],[-28,22],[-35,-14],[-40,10],[-44,29],[-21,51],[-32,13],[-13,45],[-29,33],[20,16],[-60,53],[40,57],[24,4],[27,32],[24,6],[18,48],[-30,85],[-33,36],[19,34],[50,32],[-4,95],[-29,-19],[-35,58],[15,39],[54,87],[-5,53],[36,21],[-44,39],[31,14],[112,-39],[37,35],[16,32],[54,-52],[39,19],[22,47],[56,-6],[52,54],[-46,79],[75,154],[-23,33],[51,40],[96,-32],[56,-9],[124,18],[25,18],[63,12],[86,48],[79,80],[19,41],[31,27],[15,56],[-8,29],[53,19],[9,54],[-25,51],[44,51],[17,56],[-17,62],[-7,104],[-29,113],[-32,55],[38,49]],[[10739,21430],[-1,-25],[-41,-25],[-8,-52],[30,-76],[-16,-43],[-83,-13],[-23,-26],[-12,-44],[-7,-75],[52,-177],[-8,-29],[-123,-53],[-66,-17],[-29,-53],[-64,-138],[-47,-22]],[[7205,22779],[69,112],[31,115],[-6,37],[4,111],[26,58],[14,71],[28,36],[50,37],[84,4],[43,-17],[20,-41],[58,-28],[56,10],[2,39],[69,29],[32,48],[3,33],[-28,76],[9,20],[75,45],[44,34],[62,3],[51,19],[63,78],[-2,74],[20,96],[54,86],[26,67],[57,32],[61,97],[17,37],[-2,40],[-43,69],[19,36],[31,17],[29,38],[42,22],[-3,37],[65,90],[46,112],[9,85],[24,15],[10,41],[25,38],[-6,71],[-39,41],[-8,68],[14,56],[-6,41],[15,43],[49,35],[82,17],[49,27]],[[8699,25236],[268,-33],[19,-16],[21,-114],[27,-64],[45,-16],[92,46],[89,117],[41,76],[29,22],[102,17],[85,1],[63,28],[31,38],[26,54],[50,19],[96,-48],[43,-49],[27,-11],[73,23],[67,-45],[45,28],[57,-27],[65,50],[46,-1],[-4,-46],[16,-25],[-19,-46],[-56,-74],[-66,-109],[-33,-99],[28,-98],[-33,-65],[49,-67],[11,-75],[23,-33],[49,-32],[49,-4],[120,2],[28,-20],[66,-1],[-10,-73],[43,-37],[23,-39],[27,-15],[8,-35],[47,-65],[-9,-38],[-29,-51],[8,-47],[19,-17],[61,-15],[111,-1],[50,10],[73,71],[46,12],[46,-52]],[[20347,25555],[-87,20],[-70,37],[-41,-14],[12,76],[2,140],[85,65],[130,92],[5,21],[108,93],[31,-7],[33,113],[-40,16],[9,96],[22,85],[23,56],[-62,7],[-175,76],[-133,55],[-163,74],[205,527],[32,67],[-29,17],[-28,-23],[-15,29],[-52,13],[-27,59],[-136,63],[-38,-4],[5,-57],[-86,31],[-92,15],[-63,-12],[-20,188],[21,33],[-1,51],[13,51],[-47,5],[-15,122],[56,6],[35,298],[-87,18],[15,24]],[[19682,28177],[216,-32],[147,-16],[51,9],[59,27],[92,99],[42,14],[119,-26],[263,-88],[100,-52],[133,-104],[157,-140],[68,-40],[190,-75],[55,2],[79,20],[78,76],[68,76],[16,3]],[[19682,28177],[-83,25],[-105,64],[-78,29],[-74,5],[-101,-18],[-110,-32],[-273,17]],[[18858,28267],[13,84],[-8,52]],[[18863,28403],[-8,55],[16,63],[43,87],[100,111],[50,46],[116,53],[36,27],[46,93],[32,28],[17,119],[-10,60],[-64,99],[-26,17],[-42,104],[-45,27],[-18,61],[0,47],[25,91],[37,54],[38,40],[39,25],[31,67],[43,19],[49,51],[6,31],[40,94],[27,29],[-8,75]],[[19433,30076],[173,-71],[14,-23],[269,-112],[13,41],[67,-21],[107,-11],[185,87],[59,78],[20,81],[44,-68],[9,-56],[27,-48],[156,-24],[63,17],[14,-25],[-13,-41],[15,-43],[48,-8],[36,-20],[186,-1],[26,8],[236,6],[33,-61],[16,-58],[-31,-75],[12,-41],[22,4],[27,63],[23,28],[73,41],[21,22],[-44,76],[78,67]],[[19652,25137],[-18,122],[-142,-27],[-17,-9],[-49,42],[-22,89],[-16,98],[70,42],[-9,37],[135,25],[-33,202],[-87,38],[-118,-16],[-18,47],[-72,-24],[-106,69],[-75,-16],[-21,24],[-39,-43],[-13,-62],[36,-44],[-41,-18]],[[18997,25713],[-17,69],[26,75],[-76,48],[-23,22],[-79,126],[-3,22],[18,155],[-18,37],[-117,145],[-10,30],[38,61],[6,60],[-4,99],[-38,63]],[[18700,26725],[9,27],[-21,86],[-39,94],[3,21],[44,52],[13,48],[-34,71],[40,91],[52,30],[78,56],[19,79],[4,54],[-8,285],[6,180],[38,102],[3,180],[-49,86]],[[16038,26074],[18,72],[0,72],[-7,49],[18,31],[49,-2],[139,-24],[26,39],[-37,50],[-7,49],[-30,13],[6,50],[56,8],[5,32],[-51,31],[-16,34],[7,51],[19,41],[25,-16],[58,-11],[37,17],[53,-14],[18,-32],[51,-7],[11,50],[15,7],[69,-26],[30,7],[34,-17],[23,28],[24,88],[68,46],[20,66],[-14,125],[-44,6],[16,77],[48,54],[2,25]],[[16777,27143],[-52,-15],[-14,18]],[[16711,27146],[124,56],[154,-1],[96,-32],[174,-23],[47,1],[77,-52],[38,-81],[96,-90],[55,-64],[25,-66],[55,-33],[-41,-31],[7,-27],[-39,-29],[-17,-56],[-43,-40],[-13,-32],[-7,-117],[-29,-70],[-53,-71],[-4,-77],[11,-35],[133,-61],[-18,-57],[32,-29],[62,-38],[30,2],[31,23],[69,-58],[-13,-76],[-56,-57],[-13,-47],[55,0],[86,53],[96,4],[39,-9],[42,-37],[41,31],[62,30],[58,111],[44,16],[51,-13],[52,18],[17,28],[-3,52],[39,70],[65,60],[11,76],[18,36],[67,63],[32,3],[34,28],[-36,50],[14,69],[21,39],[52,29],[30,38],[6,64],[26,38]],[[18997,25713],[-4,-24],[-32,-26],[-6,-44],[19,-26],[-33,-74],[9,-32],[-82,-114],[0,-70],[-34,-37],[32,-58]],[[16711,27146],[-10,102],[-32,52],[36,20],[16,34],[-3,37],[-38,7],[20,48],[19,90],[50,6],[-23,90],[-32,46],[52,71],[-3,37],[-35,12],[-29,44],[-10,51],[30,27],[80,47],[10,67],[-5,42],[-38,56],[-32,-2],[-43,34],[7,50],[-12,28],[5,41],[-22,20],[65,35],[63,-67],[2,36],[63,89],[91,45],[40,81],[38,17],[6,39],[39,43],[54,8],[305,12],[61,11],[57,19],[122,85],[34,6],[49,46],[41,57],[11,40],[36,25]],[[17846,28930],[93,-1],[73,-18],[65,-35],[65,-45],[5,-76],[73,-53],[123,-116],[77,-29],[109,-27],[41,-18],[32,-48],[23,-76],[42,-38],[64,-9],[70,30],[31,46],[31,-14]],[[17846,28930],[-48,-5],[-628,12],[-104,20],[-112,76],[-80,80],[-71,95],[-25,178],[-37,85],[-71,49],[-73,40],[-52,44],[-41,73],[-17,76],[6,56],[-18,109],[-23,48],[-81,79],[-80,34],[-122,105],[-66,96],[-121,222],[-24,25]],[[15958,30527],[70,12],[134,59],[88,21],[57,44],[31,5],[86,-39],[7,-46],[31,-17],[43,-2],[58,-89],[0,-13],[83,11],[22,-7],[22,-45],[39,-41],[203,-21],[45,-17],[27,8],[34,-22],[57,-5],[71,4],[49,40],[69,29],[20,41],[50,46],[77,-45],[29,-51],[20,-4],[51,40],[34,12],[34,-9],[92,-52],[44,10],[45,-27],[47,41],[88,-19],[19,-28],[64,-60],[57,6],[40,52],[52,2],[5,35],[38,2],[94,21],[38,26],[66,-31],[41,39],[49,16],[43,1],[8,18],[44,2],[50,-34],[33,9],[37,47],[68,-91],[52,-19],[86,-8],[19,-32],[53,-25],[14,-90],[14,-21],[44,14],[12,60],[53,10],[79,-56],[121,46],[62,129],[-11,79],[24,57],[7,45],[-18,43],[17,56],[3,47],[33,30],[25,53],[56,30],[77,22],[53,72],[33,82]],[[19669,31035],[56,-54]],[[19725,30981],[-9,-31],[-5,-87],[11,-56],[41,-95],[-20,-42],[-63,-22],[-40,-44],[-16,-38],[-7,-72],[17,-65],[48,-29],[32,-62],[-33,-30],[2,-26],[-58,2],[-54,-35],[-47,-8],[-31,-21],[-60,-144]],[[16777,27143],[-34,-25],[-165,-55],[-76,-54],[-24,-40],[-71,-22],[-71,1],[-134,-96],[-26,-6],[-50,11],[-70,45],[-7,38],[-31,14],[-42,-13],[-164,-128],[-40,-70],[-57,0],[-70,-15],[-59,-28],[-54,6],[-85,45],[-38,44]],[[15409,26795],[-36,43],[-45,30],[-14,36],[0,87],[34,89],[7,38],[-29,39],[10,52],[-30,70],[-75,98],[-63,27],[-29,30],[-2,42],[31,75],[-3,25],[61,124],[29,19],[0,42],[20,87],[-12,60],[-27,47],[-42,49],[-32,134],[-41,36],[-15,29],[-39,15],[-45,-35],[-33,34],[-30,-12],[-78,29],[-38,33],[-48,58],[-42,91],[-30,49],[-25,7],[-82,-44],[-55,17],[-31,-5],[-56,-77],[-14,-7],[-86,4],[-47,16],[-88,56],[-57,83],[0,97],[-40,114],[3,108],[-75,5],[-36,-5]],[[14034,28834],[129,57],[390,126],[-26,59],[34,48],[-60,25],[-5,13],[-97,32],[-30,32],[-6,42],[86,20],[29,18],[124,39],[73,13],[10,87],[-70,91],[-43,19],[-56,67],[-108,85],[-105,23],[-115,7],[-19,26],[7,122],[-6,78],[4,58]],[[14174,30021],[37,-46],[59,-35],[68,-5],[120,11],[92,32],[101,-4],[89,-38],[27,4],[88,-13],[47,8],[25,17],[19,68],[120,187],[-21,63],[81,30],[85,19],[136,-9],[77,5],[6,46],[-23,124],[31,89],[-5,156],[-12,35],[18,43],[98,29],[46,62],[82,19],[70,-4],[72,26],[42,52],[34,18],[30,-81],[1,-65],[-18,-58],[-16,-85],[16,-108],[24,-45],[38,-41]],[[15409,26795],[-105,-64],[-40,-5],[-168,6],[-94,-20],[-33,1],[-143,51],[-54,-2],[-101,-32],[-12,-48],[-87,-79],[-58,-19]],[[14514,26584],[8,29],[-10,73],[-45,77],[-41,19],[-71,-23],[-48,41],[-37,87],[-48,43],[-14,30],[-44,13],[-41,29],[-66,86],[8,43],[-27,52],[19,20],[-27,42],[4,37],[33,82],[54,26],[0,84],[-30,117],[-45,84],[-44,43],[-52,17],[-31,60],[-18,58],[-2,52],[13,47],[47,45],[-60,108],[-63,132],[-45,49],[-34,11],[-48,-13],[-57,-46],[-75,0],[-50,-12],[-49,31],[-33,129],[-26,46],[-5,100],[30,28],[32,3],[-26,234]],[[13450,28797],[59,-11],[71,-34],[81,-27],[60,16],[23,64],[18,2],[62,-54],[57,-5],[89,57],[64,29]],[[12133,24729],[-21,20],[37,86],[-15,36],[-38,-18],[-44,8],[-34,76],[-34,38],[-79,64],[-96,181],[-52,47],[-34,17],[-100,7],[-29,-5],[-47,-75],[-58,-51],[-45,-52],[-37,-16],[-164,170],[-6,21],[-62,8],[-51,-7],[-60,48],[-160,94],[-51,17],[-44,1],[-121,44],[-47,49],[-26,63],[-23,26],[-40,16],[-40,-1],[-68,-17],[-25,14],[-25,38],[-40,23],[-7,53],[6,63],[36,53],[68,29],[49,47],[36,47],[25,13],[47,-5],[71,40],[17,40],[7,55],[38,67],[-31,48],[12,49],[70,35],[45,114],[-6,135],[23,77],[51,18],[30,60],[21,63],[5,44],[36,47],[92,47],[-57,54],[-23,7],[-67,112],[-68,75],[-19,74],[-73,-32],[-43,-44],[-79,2],[-54,-27],[-86,-83],[-68,-25],[-61,19],[-37,-16],[-59,-48],[-37,-14],[-82,-3],[-43,-15],[-63,-1],[-36,-11],[-48,-34],[-14,-55],[27,-37],[30,-121],[-54,-76],[-34,-12],[10,-63],[-36,-28],[-54,36],[-40,38],[-11,74],[-27,63],[-38,-29]],[[9751,26718],[-16,49],[-27,35],[-51,36],[-50,15],[-128,0],[-14,12],[-16,95],[1,95],[-20,48],[12,81],[-29,62],[-14,86],[32,171],[-13,83],[26,14],[174,6],[103,51],[71,77],[108,12],[23,22],[47,16],[104,-3],[71,25],[63,4],[57,51],[94,24],[53,62],[45,5],[3,41],[31,36],[-10,28],[-31,6],[-42,29],[-11,45],[40,31],[-59,53],[-68,-1],[-38,13],[-7,57],[-47,23],[-20,25],[25,84],[-12,45],[34,50],[-17,24],[13,61],[-16,88],[20,46],[50,20],[23,102],[44,58],[6,95],[-11,39],[-64,70]],[[10293,29120],[32,5],[112,-16],[107,-45],[46,-3],[45,34],[40,81],[0,70],[76,51],[116,-10],[101,-50],[55,-6],[149,98],[69,33],[45,-1],[54,-23],[33,18],[39,51],[45,23],[55,0],[121,-31],[48,12],[35,52],[19,55],[29,38]],[[11764,29556],[75,-27],[69,-44],[71,-70],[72,-94],[45,0],[69,-19],[62,-57],[53,-7],[74,-37],[11,34],[65,1],[68,15],[38,-31],[35,-12],[92,37],[21,-8],[58,-134],[18,-15],[63,9],[37,-6],[181,-117],[115,-82],[141,-74],[58,-16],[98,14],[-3,-19]],[[14514,26584],[-31,-46],[-3,-26],[15,-84],[-62,-68],[-24,-96],[-23,-47],[-45,-26]],[[18578,33541],[6,-59],[27,-60],[1,-34],[55,-93],[90,-95],[46,-24],[81,-18],[67,-105],[-2,-53],[20,-42],[51,-53],[70,-25],[24,-64],[31,-34],[1,-49],[-13,-98],[11,-50],[68,-39],[33,-44],[-2,-147],[20,-56],[-10,-97],[20,-52],[-8,-62],[21,-82],[41,-62],[16,-40],[73,-106],[14,-98],[-9,-19],[8,-55],[-5,-53],[20,-126],[25,-24],[127,-157],[60,-53],[24,-50],[7,-72],[-18,-56]],[[14174,30021],[-13,70],[-27,17],[-120,8],[-52,14],[-35,31],[-108,-51],[-101,-33],[-68,-6],[-71,14],[-50,25],[-41,7],[-58,-22],[-21,4],[-47,59],[-77,14],[-69,-20],[-42,7],[-61,-38],[-96,32],[-55,50],[-102,17],[-49,-33],[-36,-64],[-32,7],[-21,75],[-118,70],[-56,-16],[-240,72],[-11,-33],[6,-33],[-34,-51],[-21,-4],[-25,37],[-38,5],[7,-41],[-8,-67],[-32,-19],[37,-90],[-45,-39],[-30,-58],[-131,-54],[-27,-27],[-34,17],[-108,-61],[8,-48],[-46,-7],[-47,-90],[-2,-93],[37,-19]],[[10293,29120],[-68,-4],[-47,35],[-58,-3],[-48,41],[-61,1],[-45,50],[-30,67],[-33,44],[-2,83],[-29,30],[-16,64],[-110,99],[-124,138],[-27,87],[-22,106],[-69,60],[-33,83],[-41,69],[-18,75],[-36,37],[-48,18],[-93,-7],[-43,45],[-3,51],[23,56],[42,55],[140,132],[-10,55],[-23,32],[-78,81],[-59,93],[8,49],[94,96],[103,130],[26,54],[36,130],[20,146],[3,55],[-40,62],[-49,52],[-45,23],[20,62],[-6,79],[20,31],[64,17],[41,-36],[32,5],[2,38],[-63,32],[-20,23],[3,69],[20,35],[45,47],[-5,34],[-57,24],[-15,43],[23,47],[55,48],[-14,42],[-46,-29],[-108,16],[-26,26],[-26,65],[-25,-12],[0,-58],[-50,-16],[-20,42],[-29,-4],[-55,35],[-61,9],[-3,55],[-43,17],[-118,92],[-39,10],[-35,-20],[-51,10],[-27,-6],[-54,-58],[-70,-13],[-109,77],[-19,27],[-33,109],[-29,33],[-61,4],[-65,32],[-39,65],[-41,15]],[[8243,32853],[80,-8],[149,-8],[107,22],[81,37],[160,29],[96,93],[77,10],[61,-24],[116,-2],[101,22],[185,-29],[112,2],[71,49],[92,28],[77,-1],[155,25],[76,-21],[103,22],[63,53],[36,20],[66,-11],[25,-37],[62,-30],[104,-3],[18,-20],[-3,-84],[22,-29],[159,9],[57,10],[34,19],[116,84],[61,35],[59,45],[58,20],[76,78],[59,34],[36,35],[95,37],[81,5],[29,11],[43,68],[26,125],[25,63],[28,36],[59,45],[27,103],[8,72],[26,73],[17,104],[23,39],[57,39],[69,-18],[86,14],[53,18],[42,-19],[48,5],[44,20],[64,5],[59,-42],[51,11],[27,63],[43,9],[27,26],[-2,77],[40,106],[59,58],[81,41],[108,41],[34,27],[13,28],[-6,35],[-23,33],[-98,64],[-44,18],[-106,-1],[-65,-21],[-107,19],[-59,16],[-10,21],[12,57],[31,25],[48,-11],[38,8],[48,53],[28,44],[35,96],[54,50],[100,43],[50,14],[58,-13],[59,4],[56,20],[67,-50],[33,9],[-12,81],[21,49],[41,18],[90,-14],[34,2],[33,28],[8,50],[-35,70],[2,23],[36,35],[29,4],[100,-13],[49,-42],[19,-39],[38,-27],[48,-13],[47,1]],[[13487,35363],[30,-23],[-7,-70],[32,-22],[71,27],[56,-8],[57,26],[32,-7],[50,-44],[102,-3],[54,-15],[105,42],[59,44],[70,89],[33,4],[2,-114],[26,-37],[-34,-41],[-54,-8],[-11,-23],[18,-76],[53,-9],[32,24],[23,-10],[17,-50],[40,-56],[23,-6],[50,-64],[24,11],[9,50],[30,-17],[77,-10],[44,-38],[16,-43],[-11,-29],[60,-26],[11,-20],[56,-8],[-16,-54],[32,-23],[16,47],[27,17],[28,-56],[79,19],[23,-30],[82,17],[60,-7],[59,-20],[46,30],[88,7],[25,-30],[41,72],[29,-25],[31,19],[36,-21],[29,2],[73,-29],[-13,47],[19,20],[31,-2],[7,35],[-29,8],[14,41],[-12,26],[63,45],[43,14],[-2,-42],[47,1],[37,-18],[36,11],[56,-33],[32,17],[2,-58],[56,27],[5,-47],[42,28],[9,-44],[90,-13],[-11,-27],[51,-18],[63,-9],[22,-21],[18,-55]],[[8243,32853],[11,32],[53,25],[32,63],[19,77],[-4,106],[-14,62],[-27,39],[26,31],[-42,71],[-65,58],[-17,51],[-34,24],[-41,-28],[-53,3],[31,63],[-48,6],[-12,86],[10,35],[-12,30],[-6,62],[20,27],[-18,42],[13,47],[48,25],[49,5],[17,18],[-7,47],[17,45],[6,48],[45,28],[7,30],[-38,21],[4,36],[-29,17],[-53,7],[-2,33],[22,26],[67,12],[9,52],[30,28],[-19,45],[-45,2],[-44,51],[21,27],[-25,21],[7,40],[102,46],[24,24],[3,36],[-29,56],[42,35],[16,33],[-29,109],[-37,35],[-53,30],[16,63],[-16,36],[-80,4],[-41,32],[-13,71],[2,86],[-48,71],[-16,65],[15,85],[35,46],[142,95],[39,34],[15,32],[14,118],[18,38],[40,5],[75,-48],[42,-3],[151,50],[34,36],[39,97],[-1,46],[-24,96],[-52,100],[-49,25],[-82,-7],[-38,13],[-34,41],[-33,55],[-34,28],[-31,0],[-73,-19],[-19,6],[-6,64],[-23,32],[22,52],[8,73],[-48,86],[-18,85],[3,43],[18,38],[1,45],[-15,56],[-64,154],[-50,73],[-9,55],[59,36],[72,63],[78,23],[34,25],[56,59],[69,4],[80,40],[71,80],[52,20],[78,-11],[56,17],[139,3],[95,49],[86,37],[124,-64],[51,-5],[20,18],[-9,54],[68,54],[2,27],[-21,51],[49,63],[59,18],[34,22],[88,19],[36,27],[93,1],[40,59],[29,2],[24,-28],[100,3],[46,59],[61,-3],[26,-15],[31,-41],[54,-2],[-5,95],[45,81],[-23,60],[46,50],[75,18],[99,61],[40,-44],[57,-45],[17,-42],[65,-17],[0,59],[35,-1],[47,-42],[54,-31],[45,21],[22,55],[62,-17],[54,-5],[73,-27],[60,26],[44,44],[45,25],[46,58],[39,19],[32,38],[78,33],[50,-43],[53,-9],[31,15],[5,50],[15,22],[45,29],[77,28],[23,52],[25,10],[69,-8],[36,25],[68,29],[80,53],[26,30],[34,-11],[28,-76],[36,-58],[96,-83],[51,2],[-4,45],[24,34],[49,-1],[52,24],[12,30],[63,-7],[42,35],[53,-27],[52,18],[24,32],[57,10],[37,-41],[-10,-46],[46,-22],[66,23],[1,39],[37,17],[42,-21],[18,18],[-12,48],[28,58],[51,-8],[20,9],[32,57],[30,-4],[37,33],[-18,23],[33,21],[44,-84],[7,-48],[41,-35],[37,74],[23,12]],[[13047,38795],[-16,-1215],[7,-90],[-16,-56],[-42,-54],[-49,-75],[-26,-80],[11,-84],[17,-48],[78,-123],[42,-52],[23,-66],[43,-32],[66,-35],[22,-43],[-29,-101],[25,-67],[39,-16],[53,71],[89,67],[67,23],[18,50],[-6,85],[15,70],[32,51],[42,25],[51,6],[98,0],[87,-41],[99,-1],[158,30],[30,14],[52,54],[113,79],[77,25],[39,-9],[47,-50],[33,-79],[119,-42],[63,-14],[34,-30],[27,-42],[57,-20],[31,-43],[2,-49],[-34,-61],[-10,-46],[34,-42],[-15,-75],[21,-60],[0,-38],[-35,-28],[-89,-23],[-17,-22],[-9,-58],[-30,-30],[-51,-27],[-30,0],[-28,43],[-55,22],[-56,-25],[-44,-111],[-50,-51],[-31,-18],[-65,-17],[-104,-93],[-61,-16],[-61,-36],[-73,-56],[-128,2],[-38,9],[-160,15],[-91,-106],[-44,-14],[-36,4],[-41,-29],[9,-76],[40,-129],[25,-40],[41,-39],[23,-39],[2,-53],[16,-34],[-7,-28]],[[20769,31315],[-100,-10],[-29,12],[-6,45],[-56,11],[-29,-16],[-2,-28],[-41,-58],[-100,-18],[-75,25],[-23,37],[-100,97],[-68,31],[-52,55],[-109,-63],[-85,-12],[-12,-71],[-20,-37],[10,-119],[-25,-82],[-7,-56],[-80,-28],[-35,-49]],[[18594,34657],[45,-1],[4,-23],[92,9],[-11,25],[20,34],[33,6],[91,38],[110,-41],[90,15],[40,57],[40,-7],[61,-40],[89,5],[41,16],[-13,28],[12,27],[42,24],[42,46],[31,-10],[109,25],[-21,34],[-37,11],[5,32],[123,-27],[40,-77],[58,-54],[33,-47],[0,-61],[-74,-34],[-18,-30],[61,-74],[22,37],[36,4],[14,-29],[32,-13],[35,8],[-8,35],[-29,25],[69,37],[26,28],[45,2],[32,34],[54,-13],[36,-92],[-12,-33],[50,-13],[67,12],[19,-33],[27,14],[-6,-62],[29,-27],[14,34],[54,-51],[40,-17],[33,44],[22,9],[80,-4],[30,35],[-15,47]],[[13047,38795],[38,42],[3,55],[30,24],[21,40],[-4,32],[64,63],[38,-15],[21,9],[1,66],[25,57],[44,32],[18,73],[41,54],[124,4],[84,38],[49,30],[43,39],[51,30],[38,44],[51,10],[33,-14],[74,-75],[32,-45],[46,-5],[38,81],[19,17],[63,23],[67,-14],[53,-26],[50,17],[70,-1],[63,25],[53,-38],[44,34],[37,-27],[64,9],[33,14],[43,45],[57,-10],[19,9],[14,77],[29,45],[22,8],[86,-3],[45,34],[35,8],[41,45],[12,51],[30,37],[86,30],[29,25],[46,3],[80,31],[30,39],[10,51],[37,19],[86,96],[4,39],[-6,93],[52,71],[-17,39],[11,28],[67,46],[151,52],[49,-22],[39,-46],[39,-27],[42,-14],[44,14],[17,40],[-37,64],[-10,45],[12,57],[73,139],[12,33],[79,55],[79,15],[75,-17],[37,7],[35,47],[7,69],[22,71],[39,39],[26,-1],[66,-80],[32,-10],[41,11],[52,41],[48,20],[63,-33],[-21,-61],[8,-50],[32,-36],[104,-32],[59,-32],[58,-16],[94,-14],[58,-40],[69,-1],[51,-16],[76,10],[48,-2],[191,101],[43,-7],[53,-54],[137,-169],[55,-33]],[[17861,40570],[3,-61],[-8,-59],[-36,-42],[-29,-64],[-77,-95],[-51,-53],[8,-61],[-7,-64],[8,-62],[26,-71],[6,-85],[24,-56],[63,-61],[79,-45],[74,-58],[41,-56],[-20,-68],[39,-31],[26,-36],[46,-28],[24,-34],[66,3],[50,24],[94,3],[48,-32],[43,-15],[38,-42],[46,-31],[59,-1],[17,-28],[37,-6],[37,-28],[9,-41],[-8,-51],[-28,-56],[-21,-23],[-53,-19],[-21,-19],[-22,-71],[-40,-50],[-1,-36],[57,-45],[-10,-63],[-34,-53]],[[18560,38318],[38,-15],[51,-61],[27,-106],[78,-117],[37,-24],[91,6],[94,-37],[67,8],[49,38],[66,30],[48,-3],[36,-29],[64,-74],[50,-24],[110,-5],[27,-21],[29,-52],[74,-36],[48,-47],[23,-115],[33,-32],[37,-4],[43,15],[96,-15],[38,-21],[25,-40],[37,-19],[32,2],[48,30],[53,81],[25,19],[103,-9],[44,-37],[9,-68],[22,-24],[50,-6],[41,-32],[39,-71],[53,-39],[80,-5],[35,-27],[20,-45],[33,-19],[59,6],[57,46],[38,-16],[47,-1],[73,20],[85,109],[38,75],[-6,58],[21,38],[16,85]],[[17861,40570],[46,27],[68,12],[39,38],[25,51],[-4,121],[-17,96],[13,41],[28,28],[64,7],[46,28],[35,-1],[62,-20],[111,-23],[218,5],[78,-12],[92,-27],[99,-81],[42,-12],[60,21],[42,39],[22,58],[-4,52],[-38,65],[9,41],[71,56],[69,18],[96,68],[34,2],[72,-20],[69,-1],[24,37],[-42,62],[13,32],[74,45],[47,38],[12,58],[-19,90],[17,46],[31,46],[1,78],[-31,69],[1,42],[21,114],[13,35],[-4,67],[33,16],[61,5],[60,-20],[99,-58],[143,-65],[58,-32],[24,-31],[30,-77],[4,-32],[-3,-132],[19,-29],[43,1],[100,30],[47,4],[44,51],[31,16]],[[20359,41753],[80,1],[91,-42],[35,-31],[39,-71],[24,-75],[31,-63],[45,-32],[24,-122],[24,-61],[7,-97],[27,-48],[115,-121],[68,-92],[39,-43],[113,-42],[40,-23],[40,-44],[24,-80]],[[25327,40830],[-36,29],[-75,-2],[-56,17],[-34,40],[-3,74],[-11,49],[33,31],[53,4],[32,-17],[24,29],[54,-46],[54,16],[51,-10],[50,53],[-6,21],[26,29],[39,17],[-9,29],[27,29],[17,68],[53,-19],[28,50],[52,-14],[18,29],[32,-24],[90,25],[-22,33],[11,31],[27,13],[46,-4],[69,24],[52,45],[64,11],[92,40],[73,-4],[40,34],[33,57],[31,17],[51,3],[89,-35],[89,0],[83,17],[111,-2],[74,17],[38,22],[19,32],[81,67],[26,43],[45,40],[69,23],[55,31],[78,25],[41,20],[68,19],[77,55],[44,65],[12,73]],[[27496,42149],[65,-21]],[[20359,41753],[64,17],[42,28],[20,51],[-24,64],[25,77],[104,96],[53,30],[52,64],[38,19],[55,-8],[42,-40],[18,-40],[67,-30],[40,-9],[110,-52],[40,-4],[76,35],[101,-16],[39,20],[82,69],[66,17],[52,-18]],[[22922,42374],[81,7],[66,25],[68,50],[39,37],[26,57],[33,45],[49,32],[106,-12],[30,-17],[96,-98],[86,-55],[10,-50],[21,-17],[124,-19],[112,5],[124,21],[72,-8],[53,22],[59,44],[92,22],[51,-29],[63,27],[42,-8],[136,-49],[65,-44],[37,-55],[-4,-27],[-82,-45],[20,-56],[58,9],[77,-16],[22,-43],[52,-60],[36,-2],[47,30],[58,77],[34,9],[34,-10],[136,-85],[44,-4],[25,24],[22,61],[41,9],[44,-13],[82,-81],[162,-109],[23,-12],[124,-16],[54,113],[27,69],[74,106],[123,-11],[53,-40],[33,-68],[21,-16],[71,-16],[57,18],[49,1],[107,-32],[132,-12],[115,-27],[186,2],[72,34],[66,74],[44,28],[116,34],[89,81],[38,22],[33,3],[75,-39],[143,-122]],[[29247,43352],[40,22],[114,-58],[110,-19],[144,-44],[124,5],[62,-12],[29,55],[39,38],[40,18],[96,14],[47,28],[47,45],[35,9],[106,-2],[88,13],[52,-7],[123,5],[90,-15],[37,-23],[83,-3],[130,-21],[27,-18],[40,-89],[48,-16],[48,4],[61,-28],[28,0],[52,36],[133,33],[80,-5],[89,-33],[88,-10],[77,-43],[23,-45],[11,-74],[10,-10],[122,-41],[83,-51],[84,-9],[101,31],[58,25],[120,28],[80,-9],[56,-13],[86,-9],[65,1],[64,-8],[68,-23],[40,-24],[52,-8],[31,7],[37,35],[46,58],[53,44],[117,46],[132,24],[102,-25],[76,-31],[63,53],[-8,-84],[14,-68],[29,-60],[1,-32],[-29,-72],[-5,-32],[43,-97],[43,-64],[-5,-68],[-29,-73],[13,-14],[42,16],[63,-17],[42,3],[111,43],[98,13],[109,23],[21,23],[41,14],[17,-27],[7,-54],[21,-63],[60,-28],[54,-84],[122,-31],[93,-7],[1,-41],[49,-31],[73,2],[61,-32],[31,-53],[17,-65],[39,-14],[72,-53],[27,-98],[52,-62],[111,-88],[71,-84],[6,-28],[-15,-56],[38,-13],[65,-44],[80,-34],[56,-67],[16,-62],[63,-77],[2,-104],[62,-54],[59,-13],[38,-21],[22,-35],[-9,-27],[12,-63],[2,-80],[26,-70],[48,-48],[55,-10],[52,69],[68,38],[90,7],[132,31],[22,63],[23,22],[56,15],[0,43],[16,39],[-2,54],[-70,133],[16,57],[100,78],[43,-7],[88,-99],[60,-31],[68,-8],[81,26],[38,55],[53,37],[100,41],[43,-9],[9,-47],[31,-23],[105,3],[68,-19],[49,-40],[82,-23],[45,-37],[15,-42],[32,-33],[75,-55],[53,-88],[71,-99],[-28,-28],[-36,-57],[-83,-103],[-1,-57],[174,-106],[58,-53],[77,-41],[69,-48],[44,-46],[58,-74],[10,-36],[-22,-126],[14,-31],[67,-50],[22,-33],[9,-48],[-18,-92],[1,-46],[-10,-67],[76,-123],[21,-66],[48,-63],[62,-57],[41,-120],[3,-44],[25,-87],[36,-28],[29,-41],[26,-85],[-6,-49]],[[38110,39084],[-26,-5],[-122,49],[-42,-12],[-43,-36],[-20,-54],[37,-73],[-7,-37],[-58,-42],[-9,-54],[-48,-106],[-24,-13],[-45,19],[-36,-10],[-56,-63],[1,-18],[-46,-105],[-12,-48],[-43,-71],[-117,-53],[-25,-34],[-1,-35],[57,-129],[47,-54]],[[36838,36895],[-11,-28],[-59,16],[-81,41],[-67,-13],[-143,-19],[-44,26],[-37,9],[-19,29],[-76,11],[-36,-4],[-63,18],[-51,-10],[-151,-45],[-84,7],[-58,19],[-61,-9],[-50,5],[-40,33],[-60,-31],[-23,-55],[-81,-21],[-25,-45],[-84,-108],[-51,-23],[-36,-4],[-74,43],[-44,3],[-83,-52],[-46,4],[-59,72],[-23,38],[-46,16],[-32,28],[-84,27],[-37,30],[-20,88],[1,66],[14,50],[-3,48],[-25,130],[-56,50],[-66,-1],[-45,30],[-47,-2],[-44,31],[-48,-10],[-26,26],[-82,8],[-85,-102],[-54,-41],[-53,-27],[-84,-24],[-57,-8],[-85,4],[-68,-16],[-64,-37],[-34,-64],[-38,-39],[-52,-21],[-50,-7],[-45,6],[-127,46],[-65,16],[-77,-6],[-37,-14],[-111,5],[-65,-72],[-155,-125],[-58,-36],[-118,-44],[-94,-71],[-56,-22],[-88,-14],[-54,-57],[-32,-18]],[[38110,39084],[32,20],[31,44],[42,94],[39,61],[77,105],[18,94],[31,38],[93,58],[21,36],[9,77],[-17,29],[-69,55],[-6,41],[32,30],[111,45],[64,9],[105,-37],[74,25],[71,75],[6,38],[-12,48],[-27,46],[7,32],[71,-2],[51,25],[12,47],[-3,104],[-9,56],[24,126],[33,35],[64,41],[88,96],[70,-3],[139,-61],[85,-22],[46,3],[67,17],[43,22],[20,71],[18,27],[66,42],[17,29],[0,50],[14,60],[81,113],[59,61],[70,-29],[59,-6],[82,10],[58,16],[199,134],[115,34],[104,-9],[69,66],[53,4],[23,-13]],[[40730,41291],[20,-34],[66,-65],[18,-58],[-33,-67],[21,-138],[21,-93],[45,-63],[82,-58],[28,-52],[97,-100],[19,-75],[-14,-26],[-65,-51],[-19,-61],[11,-79],[49,-121],[52,-47],[23,-53],[-9,-52],[-23,-45],[0,-80],[-10,-72],[-27,-39],[-59,-46],[-33,-63],[20,-48],[-6,-36],[19,-41],[82,-49],[51,-71],[-22,-129],[-4,-97],[-26,-38],[-43,-29],[-41,-69],[4,-54],[22,-54],[36,-126],[18,-32],[100,-114],[11,-21],[8,-84],[32,-40],[47,-16],[49,-33],[45,-50],[56,-14],[59,10],[128,-16],[71,17],[77,6],[47,11],[115,0],[106,-20],[38,-37],[4,-40],[-12,-32],[7,-94],[-9,-62],[-17,-31]],[[42062,38120],[-86,0],[-80,-28],[-26,-96],[-40,-51],[9,-57],[-41,-55],[19,-28],[-7,-25],[-40,-24],[-68,-4],[-6,-32],[39,-24],[-18,-30],[-54,-24],[-10,-29],[29,-12],[-12,-30],[-51,-27],[-26,-31],[-11,-41],[-34,-44],[-64,-21],[-53,-62],[-58,-8],[-35,-18],[-6,-48],[8,-37],[-70,-26],[-14,9],[-70,-12],[-55,-53],[-13,-28],[-39,-27],[-41,-50],[15,-27],[-2,-73],[-105,-108],[-85,-32],[-69,22],[-21,-34],[17,-37],[-25,-39],[-56,-57],[-74,-54],[-58,-8],[-68,-43],[-58,-21],[-30,-47],[0,-31],[-29,-30],[-41,-13],[-18,-86],[6,-54],[52,-119],[30,-38],[7,-42],[24,-47],[-3,-61],[-15,-57]],[[42062,38120],[69,-2],[21,14],[-16,67],[31,83],[49,10],[47,24],[21,54],[39,-21],[43,9],[36,-30],[14,39],[26,23],[41,13],[20,29],[-17,31],[13,21],[35,6],[31,-26],[25,19],[49,11],[55,-29],[18,13],[2,57],[43,20],[46,-1],[22,27],[43,-24],[44,38],[10,55],[52,4],[16,27],[58,4],[45,43],[34,2],[52,38],[48,19],[16,-20],[-39,-51],[8,-58],[42,-33],[10,37],[64,31],[6,29],[33,-2],[7,43],[86,3],[30,23],[62,-6],[18,31],[69,-24],[17,-54],[-25,-85],[32,0],[39,55],[47,2],[35,-37],[43,6],[38,-43],[-13,-38],[25,-43],[19,-63],[50,-41],[45,-53],[-27,-16],[-31,-41],[-12,-39],[55,-39],[-7,-70],[26,-8],[95,1],[41,-51],[87,-50],[69,-56],[15,-39],[-32,-27],[-89,-31],[-46,-27],[-8,-46],[9,-115],[42,-62],[6,-65],[27,-38],[13,-44],[-15,-46],[0,-43]],[[45039,35317],[87,-14],[21,-11],[28,-67],[24,-30],[66,-54],[73,-102],[88,-91],[39,-34],[59,-26],[109,-89],[72,-70],[50,-25],[76,5],[20,-106],[47,-88],[12,-57],[28,-73],[69,48],[52,27],[42,7],[61,-66],[69,26],[84,11],[34,-21]],[[46349,34417],[-48,-60],[-36,-20],[-11,-39],[-28,-15],[-27,-55],[6,-33],[54,-57],[7,-30],[12,-150],[-24,-35],[-47,-6],[-32,-46],[-51,-13],[-21,-16],[-146,-46],[-4,-71],[9,-36],[-32,-36],[-75,-1],[26,-75],[-119,-37],[-12,-15],[11,-57],[-6,-54],[-22,-60],[-32,-28],[-164,-48],[-56,-65],[-29,-20],[-53,-9],[-40,-41],[-84,19],[-33,-2]],[[40730,41291],[59,31],[56,10],[89,-1],[93,13],[55,31],[-11,22],[-72,23],[-39,37],[-7,38],[6,87],[-18,38],[35,40],[13,34],[42,39],[97,36],[59,-10],[38,6],[9,37],[-16,33],[4,51],[22,39],[83,67],[16,32],[69,105],[40,114],[53,66],[-6,95],[34,29],[52,-10],[68,13],[50,33],[139,17],[63,-8],[140,45],[25,32],[158,154],[76,13],[54,19],[35,-1],[12,82],[14,31],[44,55],[50,90],[50,52],[55,19],[91,76],[49,76],[95,71],[123,109],[72,93],[64,139],[33,37],[105,43],[28,35],[25,127],[53,36],[38,54],[-15,67],[4,79],[21,42],[58,61],[21,34],[13,84],[52,109],[10,42],[-8,85],[-15,26],[-66,28],[-55,65],[-14,26],[-7,83],[-14,43],[-35,64],[11,25],[58,24],[42,47],[4,39],[-32,69],[-33,41],[-2,38],[60,79],[40,24],[60,14],[89,0],[40,-9],[65,-41],[41,21],[70,60],[36,17],[44,-3],[26,-26],[25,8],[42,56],[69,48],[56,15],[38,35],[75,21],[62,28],[116,76],[72,40],[28,61],[28,127],[43,149],[41,34],[42,9],[98,-15],[75,-51],[119,-13],[63,-53],[36,-51],[67,-38],[64,2],[20,-27],[20,-58],[46,-55],[56,-15],[62,15],[57,33],[48,63],[74,23],[30,39],[14,46],[37,-8],[89,9],[50,32],[41,-1],[104,-49],[96,-23],[27,-18],[37,-47],[31,-19],[58,-12],[54,55],[69,37],[53,12],[62,47],[36,11],[61,-9],[101,-54],[91,4],[23,-24],[27,3],[75,38],[36,5],[56,-10],[41,-23],[25,-32],[17,-53],[32,-42],[27,0],[67,31],[59,7],[49,-6],[50,-40],[38,-124],[68,-183],[37,-39],[151,-34],[67,-2],[56,-13],[27,-27],[26,-87],[26,-24],[91,-11],[37,-12],[32,-38],[70,-53],[41,-53],[69,-51],[81,-30],[25,-32],[-7,-49],[22,-38],[101,-101],[22,-34],[19,43],[38,39],[78,11],[98,-21],[64,3],[32,-16],[45,-72],[55,-21],[11,-18],[-27,-181],[-6,-90],[4,-117],[8,-40],[24,-20],[65,-11],[46,-18],[80,-58],[52,-29],[52,-133],[48,-36],[34,-13],[77,9],[68,30],[43,0],[34,-21],[44,-84],[55,-34],[88,-7],[28,-15],[81,-103],[40,-38],[80,-56],[29,-9],[47,15],[49,46],[43,8],[50,-16],[56,-32],[114,-92],[81,-137],[42,5],[59,24],[38,-3],[105,-52],[101,-13],[131,29],[48,3],[46,-22],[12,-23],[-6,-58],[-50,-127],[-24,-49],[-24,-19],[-62,-5],[-47,-41],[-7,-41],[6,-90],[-23,-49],[-14,-66],[57,-72],[33,-63],[15,-68],[1,-45],[-47,-127],[-2,-53],[29,-34],[63,-11],[101,-67],[41,-20],[62,-1],[110,26],[76,-6],[60,5],[-41,-42],[-33,-75],[-62,-26],[-40,-87],[-45,-6],[-17,-32],[10,-95],[-20,-38],[-120,-59],[-6,-33],[74,-66],[7,-89],[-9,-164],[51,-103],[40,-26],[61,4],[123,65],[41,3],[16,-16],[31,-118],[33,-40],[91,-28],[109,-117],[40,-76],[-29,-65],[-2,-33],[12,-111],[80,-98],[32,-28],[97,-24],[81,-1],[105,19],[197,13],[49,-32],[51,-92],[59,-28],[33,6],[45,48],[52,88],[59,50],[25,56],[177,16],[75,-20],[47,-74],[13,-86],[-45,-56],[22,-80],[-7,-40],[-79,-105],[-8,-64],[1,-72],[17,-63],[26,-25],[22,-56],[38,-26],[66,-10],[37,-27],[25,-57],[26,-12],[51,10],[38,-35],[51,-13],[35,4],[53,-11],[104,-8],[111,-141],[-39,-87],[-1,-71]],[[48497,36303],[-42,-30],[-24,-75],[-99,-61],[-43,-16],[-40,-30],[-57,-23],[-49,3],[-50,-38],[10,-49],[-31,-41],[16,-49],[-10,-45],[-48,35],[-32,-2],[-70,17],[-59,-49],[-32,-120],[-16,-22],[-43,-21],[-24,-102],[-36,-55],[-11,-82],[-44,-13],[-116,75],[-50,16],[-26,41],[-74,26],[-51,-23],[8,-79],[-54,-26],[-11,-55],[-35,9],[-26,-51],[-55,-41],[-42,-76],[-16,-49],[-63,-36],[-41,16],[-32,-3],[-39,-25],[-56,6],[-33,27],[-23,-6],[-3,-38],[-26,-23],[-67,-1],[-59,-13],[-24,-47],[31,-49],[-19,-60],[11,-36],[38,-42],[2,-20],[-55,-112],[31,-41],[-27,-44],[-39,-15],[-23,-37],[-62,-20],[-22,-34],[48,-54],[51,-18],[-1,-28],[-25,-30],[-59,-42],[-9,-29],[-42,-35],[-58,-8],[-34,75],[-37,37]],[[41174,25484],[16,-59],[-29,-58],[-29,-78],[15,-57],[-55,-22],[-64,9],[-71,-10],[-59,-38],[-61,-24],[-38,-52],[-29,-63],[19,-55],[1,-67],[-31,-48],[-50,-42],[-52,-76],[-25,-82],[-29,-61],[-7,-108],[-35,-30],[-12,-42],[-40,-75],[-39,-124],[-14,-67],[-62,-173],[-37,-38],[-16,-56],[-37,-86],[-33,-39],[-59,-31],[-102,-27],[-31,-21],[-37,-104],[-81,-30],[-40,-27],[-27,-78],[-54,-81],[-39,-27]],[[39801,23337],[-26,-6]],[[39775,23331],[-22,20],[-18,54],[1,55],[-50,32],[-66,21],[-102,55],[-33,46],[-55,4],[-62,-20],[-56,8],[-77,0]],[[42470,17551],[45,15],[25,22],[-32,105],[3,24],[58,54],[2,28],[-26,46],[-2,79],[23,64],[-19,47],[20,68],[-15,84],[-19,59],[-26,44],[56,57],[6,27],[-24,67],[27,52],[56,20],[11,36],[-5,58],[0,105],[21,53],[27,29],[-2,26],[-59,69],[-84,28],[-62,-1],[-23,-12],[-11,-47],[16,-99],[2,-52],[-17,-58],[-41,-49],[-58,-28]],[[42343,18571],[-11,148],[-13,39],[-50,72],[3,128],[18,57],[13,103],[-9,96],[-55,83],[-30,77],[-104,89],[-11,60],[-33,37],[-9,49],[-29,67],[22,73],[-22,65],[11,39],[-15,75],[31,36],[3,25],[-85,201],[-45,57],[-61,50],[-47,23],[-67,62],[-66,26],[-42,63],[-70,74],[-41,19],[-28,60],[-37,24],[-7,62],[-29,43],[-47,35],[-107,55],[-94,62],[-78,44],[-13,77],[-77,73],[16,52],[44,46],[-5,126],[16,62],[41,91],[55,98],[4,22],[-24,33],[-2,37],[81,37],[23,33],[-14,57],[-52,85],[0,44],[44,57],[1,64],[-46,91],[-54,69],[-58,45],[-21,-6],[-67,-57],[-47,-3],[-57,-21],[-30,-52],[-34,-26],[-51,-22],[-114,-14],[-53,-50],[-83,-33],[-176,-14],[-48,27],[-73,72],[-58,89],[-9,66],[-59,76],[-54,94],[-21,118],[2,110],[-45,120],[-15,80],[-58,108],[-17,48],[-66,132],[-1,94],[-29,117],[3,36]],[[39775,23331],[-32,-12],[-17,-66],[-26,-41],[-54,-19],[-99,-114],[-29,-75],[-34,-21],[-32,-44],[-53,-27],[-36,-78],[-8,-97],[-26,-60],[-41,-25],[-7,-91],[17,-31],[-19,-59],[-23,-33],[12,-45],[-27,-72],[-31,-54],[-69,-72],[-47,-94],[-47,-71],[-43,-104],[-8,-75],[20,-80],[18,-31],[-5,-41],[47,-24],[-3,-64],[-23,-41],[-7,-54],[18,-99],[20,-34],[47,-47],[11,-49],[0,-74],[47,-104],[35,-95],[16,-73],[45,-79],[64,-66],[-2,-118],[5,-47],[-101,-50],[-56,-14],[-90,-72],[-41,-94],[-131,-50],[-72,-60],[-64,-12],[-62,-31],[-32,-49],[-25,-66],[-78,-60]],[[42343,18571],[-3,-35],[-47,17],[-21,82],[-55,126],[-39,39],[-49,-47],[-68,-109],[16,-59],[1,-102],[26,-63],[-15,-43],[-37,-21],[-116,-22],[-42,-38],[19,-52],[-19,-46],[-108,45],[-29,-19],[-2,-53],[-59,-14],[-116,65],[-54,8],[-65,-30],[-37,-50],[-41,-12],[-52,20],[-89,8],[-31,-36],[-40,-9],[-34,13],[-52,44],[-25,48],[-24,21],[-12,61],[-59,28],[-65,-29],[-41,-3],[-26,35],[0,101],[-9,30],[-115,143],[-69,-3],[-26,-24],[-43,-74],[-32,-10],[-81,43],[-59,13],[-91,-46],[-55,13],[-43,-7]],[[8664,11395],[26,6],[42,35],[21,85],[57,-12],[13,59],[42,50],[-17,27],[86,31],[28,30],[-25,20],[4,66],[14,65],[36,23],[15,44],[45,28],[56,3],[59,-50],[75,15],[42,60],[48,-37],[20,21],[-25,109],[2,48],[20,39],[3,33],[94,9],[-7,41],[-69,84],[-5,42],[25,27],[10,67],[19,40],[-37,22],[-30,38],[-40,76],[-103,50],[4,21],[49,8],[28,31],[-26,77],[-41,34],[-7,27],[48,79],[42,37],[19,49],[48,14],[56,-19],[32,-27],[103,21],[35,-7],[95,-44],[42,17],[31,37],[69,19],[159,81],[67,-26],[52,4],[100,63],[102,14],[57,36],[44,74],[30,18],[71,-4],[32,21],[49,0],[37,19],[71,6],[7,22],[-5,75],[34,69],[9,41],[72,68],[-37,58],[-14,51],[-45,28],[-106,-25],[-33,10]],[[10588,13766],[14,64],[65,75],[33,27],[90,19],[54,-15],[126,123],[13,31],[-3,153],[39,51],[0,47],[-62,53],[-48,80],[-10,31],[2,65],[11,75],[52,51],[115,78],[57,66],[58,56],[48,19],[48,2],[72,-15],[35,15],[13,73],[85,80],[97,58],[39,13],[25,-16],[18,-74],[62,-100],[62,-83],[-3,-35],[-27,-53],[-76,-84],[7,-55],[137,-77],[82,-63],[68,-71],[42,-76],[22,-89],[4,-44],[35,-14],[88,12],[44,37],[64,-10],[36,-15],[49,-41],[57,1],[58,41],[36,43],[47,141],[-6,52],[71,53],[110,-27],[90,3],[62,23],[44,31],[37,69],[-7,89],[-27,61],[22,101],[20,36],[13,55],[44,41],[12,27]],[[10588,13766],[-176,-131],[-48,-3],[-77,75],[-45,-36],[-24,-4],[-44,25],[-65,57],[-26,3],[-45,-32],[-19,8],[-35,88],[-31,48],[-37,13],[-47,-1],[-77,72],[-26,63],[-18,70],[-29,64],[-80,90],[-65,27],[-62,-26],[-94,-27],[-45,7],[-39,27],[-44,88],[-24,13]],[[8699,25236],[83,18],[44,18],[45,54],[1,43],[-16,52],[5,82],[-46,20],[-13,55],[-55,21],[-7,53],[-46,31],[-65,65],[-12,60],[5,59],[-25,26],[28,50],[60,6],[46,-26],[41,2],[72,61],[71,11],[52,-6],[87,-28],[32,26],[4,50],[20,46],[33,39],[35,13],[158,27],[23,10],[-2,48],[-50,84],[4,32],[72,18],[73,79],[55,28],[217,152],[30,30],[6,36],[-13,37]]],"transform":{"scale":[0.00002072723810217924,0.00001913632713047983],"translate":[-47.20839437170217,-24.064227029320833]},"objects":{"amc146_s":{"type":"GeometryCollection","geometries":[{"arcs":[[0,1,2,3,4,5,6,7,8,9,10,11,12,13,14,15,16,17,18,19,20],[21]],"type":"Polygon","properties":{"codigo":"1","nome":"AMC 1"},"id":"1"},{"arcs":[[-22]],"type":"Polygon","properties":{"codigo":"2","nome":"AMC 2"},"id":"2"},{"arcs":[[-2,22,23,24,25,26,27]],"type":"Polygon","properties":{"codigo":"3","nome":"AMC 3"},"id":"3"},{"arcs":[[-3,-28,28,29]],"type":"Polygon","properties":{"codigo":"4","nome":"AMC 4"},"id":"4"},{"arcs":[[-4,-30,30,31,32,33,34,-5]],"type":"Polygon","properties":{"codigo":"5","nome":"AMC 5"},"id":"5"},{"arcs":[[-6,-35,35]],"type":"Polygon","properties":{"codigo":"6","nome":"AMC 6"},"id":"6"},{"arcs":[[-21,36,37,38,39,40,41,42,43,44,45]],"type":"Polygon","properties":{"codigo":"7","nome":"AMC 7"},"id":"7"},{"arcs":[[-1,46,-23]],"type":"Polygon","properties":{"codigo":"8","nome":"AMC 8"},"id":"8"},{"arcs":[[-47,-46,47,48,-24]],"type":"Polygon","properties":{"codigo":"9","nome":"AMC 9"},"id":"9"},{"arcs":[[-27,49,50,-31,-29]],"type":"Polygon","properties":{"codigo":"10","nome":"AMC 10"},"id":"10"},{"arcs":[[-26,51,52,53,54,55,-50]],"type":"Polygon","properties":{"codigo":"11","nome":"AMC 11"},"id":"11"},{"arcs":[[-32,-51,-56,56,57,58,59,60,61,62,63]],"type":"Polygon","properties":{"codigo":"12","nome":"AMC 12"},"id":"12"},{"arcs":[[-64,64,65,66]],"type":"Polygon","properties":{"codigo":"13","nome":"AMC 13"},"id":"13"},{"arcs":[[67,68,69,70,71,72,73,74,75,76,77,78,79,80,81,82,83,84,85]],"type":"Polygon","properties":{"codigo":"14","nome":"AMC 14"},"id":"14"},{"arcs":[[-7,-36,-34,86,-86,87,88,89]],"type":"Polygon","properties":{"codigo":"15","nome":"AMC 15"},"id":"15"},{"arcs":[[-8,-90,90,91]],"type":"Polygon","properties":{"codigo":"16","nome":"AMC 16"},"id":"16"},{"arcs":[[-43,92,93,94,-48,-45,95]],"type":"Polygon","properties":{"codigo":"17","nome":"AMC 17"},"id":"17"},{"arcs":[[-25,-49,-95,96,97,-52]],"type":"Polygon","properties":{"codigo":"18","nome":"AMC 18"},"id":"18"},{"arcs":[[-53,-98,98,99,100]],"type":"Polygon","properties":{"codigo":"19","nome":"AMC 19"},"id":"19"},{"arcs":[[-54,-101,101,102,-58,103]],"type":"Polygon","properties":{"codigo":"20","nome":"AMC 20"},"id":"20"},{"arcs":[[-55,-104,-57]],"type":"Polygon","properties":{"codigo":"21","nome":"AMC 21"},"id":"21"},{"arcs":[[-62,104,105,106]],"type":"Polygon","properties":{"codigo":"22","nome":"AMC 22"},"id":"22"},{"arcs":[[-63,-107,107,108,-65]],"type":"Polygon","properties":{"codigo":"23","nome":"AMC 23"},"id":"23"},{"arcs":[[-66,-109,109,-69,110]],"type":"Polygon","properties":{"codigo":"24","nome":"AMC 24"},"id":"24"},{"arcs":[[-85,111,112,113,114,-88]],"type":"Polygon","properties":{"codigo":"25","nome":"AMC 25"},"id":"25"},{"arcs":[[-89,-115,115,-91]],"type":"Polygon","properties":{"codigo":"26","nome":"AMC 26"},"id":"26"},{"arcs":[[-9,-92,-116,-114,116,117,118]],"type":"Polygon","properties":{"codigo":"27","nome":"AMC 27"},"id":"27"},{"arcs":[[-10,-119,119,120,121]],"type":"Polygon","properties":{"codigo":"28","nome":"AMC 28"},"id":"28"},{"arcs":[[-122,122,123,124,125,126,127,128,129,130,131,132,133,134,-13,135,-11]],"type":"Polygon","properties":{"codigo":"29","nome":"AMC 29"},"id":"29"},{"arcs":[[-12,-136]],"type":"Polygon","properties":{"codigo":"30","nome":"AMC 30"},"id":"30"},{"arcs":[[-19,136,137,138,139]],"type":"Polygon","properties":{"codigo":"31","nome":"AMC 31"},"id":"31"},{"arcs":[[-20,-140,140,-39,141,-37]],"type":"Polygon","properties":{"codigo":"32","nome":"AMC 32"},"id":"32"},{"arcs":[[-94,142,143,-99,-97]],"type":"Polygon","properties":{"codigo":"33","nome":"AMC 33"},"id":"33"},{"arcs":[[-100,-144,144,145,146,147,-102]],"type":"Polygon","properties":{"codigo":"34","nome":"AMC 34"},"id":"34"},{"arcs":[[-59,-103,-148,148,149,150]],"type":"Polygon","properties":{"codigo":"35","nome":"AMC 35"},"id":"35"},{"arcs":[[-60,-151,151,152,-75,153]],"type":"Polygon","properties":{"codigo":"36","nome":"AMC 36"},"id":"36"},{"arcs":[[-61,-154,-74,154,-105]],"type":"Polygon","properties":{"codigo":"37","nome":"AMC 37"},"id":"37"},{"arcs":[[-70,-110,-108,-106,-155,-73,155,156]],"type":"Polygon","properties":{"codigo":"38","nome":"AMC 38"},"id":"38"},{"arcs":[[-72,157,-156]],"type":"Polygon","properties":{"codigo":"39","nome":"AMC 39"},"id":"39"},{"arcs":[[-71,-157,-158]],"type":"Polygon","properties":{"codigo":"40","nome":"AMC 40"},"id":"40"},{"arcs":[[-118,158,-126,159,160,-120]],"type":"Polygon","properties":{"codigo":"41","nome":"AMC 41"},"id":"41"},{"arcs":[[-121,-161,161,162,-123]],"type":"Polygon","properties":{"codigo":"42","nome":"AMC 42"},"id":"42"},{"arcs":[[-125,163,-162,-160]],"type":"Polygon","properties":{"codigo":"43","nome":"AMC 43"},"id":"43"},{"arcs":[[-124,-163,-164]],"type":"Polygon","properties":{"codigo":"44","nome":"AMC 44"},"id":"44"},{"arcs":[[-128,164,165,166,167]],"type":"Polygon","properties":{"codigo":"45","nome":"AMC 45"},"id":"45"},{"arcs":[[-129,-168,168]],"type":"Polygon","properties":{"codigo":"46","nome":"AMC 46"},"id":"46"},{"arcs":[[-130,-169,-167,169,170]],"type":"Polygon","properties":{"codigo":"47","nome":"AMC 47"},"id":"47"},{"arcs":[[-40,-141,-139,171,172,173,174,175,176,177,178,179,180,181]],"type":"Polygon","properties":{"codigo":"48","nome":"AMC 48"},"id":"48"},{"arcs":[[-41,-182,182,183,184,185,186,187,188]],"type":"Polygon","properties":{"codigo":"49","nome":"AMC 49"},"id":"49"},{"arcs":[[-180,189]],"type":"Polygon","properties":{"codigo":"50","nome":"AMC 50"},"id":"50"},{"arcs":[[-179,190,191,-183,-181,-190]],"type":"Polygon","properties":{"codigo":"51","nome":"AMC 51"},"id":"51"},{"arcs":[[-42,-189,192,193,-145,-143,-93]],"type":"Polygon","properties":{"codigo":"52","nome":"AMC 52"},"id":"52"},{"arcs":[[-147,194,195,196,197,-149]],"type":"Polygon","properties":{"codigo":"53","nome":"AMC 53"},"id":"53"},{"arcs":[[-188,198,199,-196,200,-193]],"type":"Polygon","properties":{"codigo":"54","nome":"AMC 54"},"id":"54"},{"arcs":[[-187,201,202,203,204,-199]],"type":"Polygon","properties":{"codigo":"55","nome":"AMC 55"},"id":"55"},{"arcs":[[205,206,207,208,209]],"type":"Polygon","properties":{"codigo":"56","nome":"AMC 56"},"id":"56"},{"arcs":[[-79,210,211,212,213]],"type":"Polygon","properties":{"codigo":"57","nome":"AMC 57"},"id":"57"},{"arcs":[[-213,214,215,216,217,218,219]],"type":"Polygon","properties":{"codigo":"58","nome":"AMC 58"},"id":"58"},{"arcs":[[-217,220,221,222,223]],"type":"Polygon","properties":{"codigo":"59","nome":"AMC 59"},"id":"59"},{"arcs":[[-81,224,-219,225,226,227]],"type":"Polygon","properties":{"codigo":"60","nome":"AMC 60"},"id":"60"},{"arcs":[[-84,228,229,230,231,-112]],"type":"Polygon","properties":{"codigo":"61","nome":"AMC 61"},"id":"61"},{"arcs":[[-113,-232,232,233,234,235,236,237,-165,-127,-159,-117]],"type":"Polygon","properties":{"codigo":"62","nome":"AMC 62"},"id":"62"},{"arcs":[[-230,238,239,240,241,-234,242]],"type":"Polygon","properties":{"codigo":"63","nome":"AMC 63"},"id":"63"},{"arcs":[[-236,243,244,245,246]],"type":"Polygon","properties":{"codigo":"64","nome":"AMC 64"},"id":"64"},{"arcs":[[247,248,249]],"type":"Polygon","properties":{"codigo":"65","nome":"AMC 65"},"id":"65"},{"arcs":[[-237,-247,250,251]],"type":"Polygon","properties":{"codigo":"66","nome":"AMC 66"},"id":"66"},{"arcs":[[-166,-238,-252,252,253,254,255,256,-170]],"type":"Polygon","properties":{"codigo":"67","nome":"AMC 67"},"id":"67"},{"arcs":[[-131,-171,-257,257,258,259,260]],"type":"Polygon","properties":{"codigo":"68","nome":"AMC 68"},"id":"68"},{"arcs":[[-256,261,262,-258]],"type":"Polygon","properties":{"codigo":"69","nome":"AMC 69"},"id":"69"},{"arcs":[[-255,263,264,265,-260,266,-262]],"type":"Polygon","properties":{"codigo":"70","nome":"AMC 70"},"id":"70"},{"arcs":[[-265,267,268,269,270]],"type":"Polygon","properties":{"codigo":"71","nome":"AMC 71"},"id":"71"},{"arcs":[[-269,271,272,273]],"type":"Polygon","properties":{"codigo":"72","nome":"AMC 72"},"id":"72"},{"arcs":[[-273,274,275,276]],"type":"Polygon","properties":{"codigo":"73","nome":"AMC 73"},"id":"73"},{"arcs":[[277,-270,-274,-277,278,279,280,281]],"type":"Polygon","properties":{"codigo":"74","nome":"AMC 74"},"id":"74"},{"arcs":[[-276,282,283,284,-279]],"type":"Polygon","properties":{"codigo":"75","nome":"AMC 75"},"id":"75"},{"arcs":[[-284,285,286,287]],"type":"Polygon","properties":{"codigo":"76","nome":"AMC 76"},"id":"76"},{"arcs":[[288,-248,289,290,291,292,-287]],"type":"Polygon","properties":{"codigo":"77","nome":"AMC 77"},"id":"77"},{"arcs":[[-280,-285,-288,-293,293,294]],"type":"Polygon","properties":{"codigo":"78","nome":"AMC 78"},"id":"78"},{"arcs":[[-292,295,-294]],"type":"Polygon","properties":{"codigo":"79","nome":"AMC 79"},"id":"79"},{"arcs":[[-134,296,297,298,299]],"type":"Polygon","properties":{"codigo":"80","nome":"AMC 80"},"id":"80"},{"arcs":[[-299,300,301,302,303]],"type":"Polygon","properties":{"codigo":"81","nome":"AMC 81"},"id":"81"},{"arcs":[[-303,304,305]],"type":"Polygon","properties":{"codigo":"82","nome":"AMC 82"},"id":"82"},{"arcs":[[-14,-135,-300,-304,-306,306,307,-282,308,309,310,311,312]],"type":"Polygon","properties":{"codigo":"83","nome":"AMC 83"},"id":"83"},{"arcs":[[-15,-313,313]],"type":"Polygon","properties":{"codigo":"84","nome":"AMC 84"},"id":"84"},{"arcs":[[-16,-314,-312,314]],"type":"Polygon","properties":{"codigo":"85","nome":"AMC 85"},"id":"85"},{"arcs":[[-17,-315,-311,315,316]],"type":"Polygon","properties":{"codigo":"86","nome":"AMC 86"},"id":"86"},{"arcs":[[-174,317,318,-316,-310,319]],"type":"Polygon","properties":{"codigo":"87","nome":"AMC 87"},"id":"87"},{"arcs":[[-138,320,-317,-319,321,-172]],"type":"Polygon","properties":{"codigo":"88","nome":"AMC 88"},"id":"88"},{"arcs":[[-173,-322,-318]],"type":"Polygon","properties":{"codigo":"89","nome":"AMC 89"},"id":"89"},{"arcs":[[-177,322,323,324,325,326]],"type":"Polygon","properties":{"codigo":"90","nome":"AMC 90"},"id":"90"},{"arcs":[[-186,327,328,-202]],"type":"Polygon","properties":{"codigo":"91","nome":"AMC 91"},"id":"91"},{"arcs":[[-185,329,330,331,-328]],"type":"Polygon","properties":{"codigo":"92","nome":"AMC 92"},"id":"92"},{"arcs":[[-184,-192,332,-326,333,-330]],"type":"Polygon","properties":{"codigo":"93","nome":"AMC 93"},"id":"93"},{"arcs":[[-325,334,335,336,337,-334]],"type":"Polygon","properties":{"codigo":"94","nome":"AMC 94"},"id":"94"},{"arcs":[[-176,338,339,-323]],"type":"Polygon","properties":{"codigo":"95","nome":"AMC 95"},"id":"95"},{"arcs":[[-329,-332,340,341,342,343,344,345,346,347,348]],"type":"Polygon","properties":{"codigo":"96","nome":"AMC 96"},"id":"96"},{"arcs":[[-337,349,-342,350]],"type":"Polygon","properties":{"codigo":"97","nome":"AMC 97"},"id":"97"},{"arcs":[[351,352,353]],"type":"Polygon","properties":{"codigo":"98","nome":"AMC 98"},"id":"98"},{"arcs":[[-344,354,-352,355,356]],"type":"Polygon","properties":{"codigo":"99","nome":"AMC 99"},"id":"99"},{"arcs":[[-197,-200,-205,357,358]],"type":"Polygon","properties":{"codigo":"100","nome":"AMC 100"},"id":"100"},{"arcs":[[-150,-198,-359,359,360,361,362,-152]],"type":"Polygon","properties":{"codigo":"101","nome":"AMC 101"},"id":"101"},{"arcs":[[-204,363,364,365,-360,-358]],"type":"Polygon","properties":{"codigo":"102","nome":"AMC 102"},"id":"102"},{"arcs":[[-348,366,367,368,-365,369]],"type":"Polygon","properties":{"codigo":"103","nome":"AMC 103"},"id":"103"},{"arcs":[[-361,-366,-369,370,371]],"type":"Polygon","properties":{"codigo":"104","nome":"AMC 104"},"id":"104"},{"arcs":[[-362,-372,372,373,374,375]],"type":"Polygon","properties":{"codigo":"105","nome":"AMC 105"},"id":"105"},{"arcs":[[-368,376,377,378,379,-373,-371]],"type":"Polygon","properties":{"codigo":"106","nome":"AMC 106"},"id":"106"},{"arcs":[[-378,380,381,382]],"type":"Polygon","properties":{"codigo":"107","nome":"AMC 107"},"id":"107"},{"arcs":[[-346,383,384,385,386,-382,387]],"type":"Polygon","properties":{"codigo":"108","nome":"AMC 108"},"id":"108"},{"arcs":[[-209,388,-374,-380,389,-386,390,391,392]],"type":"Polygon","properties":{"codigo":"109","nome":"AMC 109"},"id":"109"},{"arcs":[[-392,393,394]],"type":"Polygon","properties":{"codigo":"110","nome":"AMC 110"},"id":"110"},{"arcs":[[-44,-96]],"type":"Polygon","properties":{"codigo":"111","nome":"AMC 111"},"id":"111"},{"arcs":[[-33,-67,-111,-68,-87]],"type":"Polygon","properties":{"codigo":"112","nome":"AMC 112"},"id":"112"},{"arcs":[[-18,-321,-137]],"type":"Polygon","properties":{"codigo":"113","nome":"AMC 113"},"id":"113"},{"arcs":[[-38,-142]],"type":"Polygon","properties":{"codigo":"114","nome":"AMC 114"},"id":"114"},{"arcs":[[-146,-194,-201,-195]],"type":"Polygon","properties":{"codigo":"115","nome":"AMC 115"},"id":"115"},{"arcs":[[-231,-243,-233]],"type":"Polygon","properties":{"codigo":"116","nome":"AMC 116"},"id":"116"},{"arcs":[[-77,395,-375,-389,-208,396]],"type":"Polygon","properties":{"codigo":"117","nome":"AMC 117"},"id":"117"},{"arcs":[[-178,-327,-333,-191]],"type":"Polygon","properties":{"codigo":"118","nome":"AMC 118"},"id":"118"},{"arcs":[[-393,-395,397,398,-210]],"type":"Polygon","properties":{"codigo":"119","nome":"AMC 119"},"id":"119"},{"arcs":[[-78,-397,-207,399,-211]],"type":"Polygon","properties":{"codigo":"120","nome":"AMC 120"},"id":"120"},{"arcs":[[-80,-214,-220,-225]],"type":"Polygon","properties":{"codigo":"121","nome":"AMC 121"},"id":"121"},{"arcs":[[-206,-399,400,401,-215,-212,-400]],"type":"Polygon","properties":{"codigo":"122","nome":"AMC 122"},"id":"122"},{"arcs":[[-218,-224,402,403,-226]],"type":"Polygon","properties":{"codigo":"123","nome":"AMC 123"},"id":"123"},{"arcs":[[-216,-402,404,-221]],"type":"Polygon","properties":{"codigo":"124","nome":"AMC 124"},"id":"124"},{"arcs":[[-223,405,-403]],"type":"Polygon","properties":{"codigo":"125","nome":"AMC 125"},"id":"125"},{"arcs":[[-82,-228,406,407,-240,408]],"type":"Polygon","properties":{"codigo":"126","nome":"AMC 126"},"id":"126"},{"arcs":[[-83,-409,-239,-229]],"type":"Polygon","properties":{"codigo":"127","nome":"AMC 127"},"id":"127"},{"arcs":[[-241,-408,409,410,411]],"type":"Polygon","properties":{"codigo":"128","nome":"AMC 128"},"id":"128"},{"arcs":[[-235,-242,-412,412,-244]],"type":"Polygon","properties":{"codigo":"129","nome":"AMC 129"},"id":"129"},{"arcs":[[-246,413,414,-253,-251]],"type":"Polygon","properties":{"codigo":"130","nome":"AMC 130"},"id":"130"},{"arcs":[[-411,415,-290,-250,416,-414,-245,-413]],"type":"Polygon","properties":{"codigo":"131","nome":"AMC 131"},"id":"131"},{"arcs":[[-132,-261,417,418,419]],"type":"Polygon","properties":{"codigo":"132","nome":"AMC 132"},"id":"132"},{"arcs":[[-259,-263,-267]],"type":"Polygon","properties":{"codigo":"133","nome":"AMC 133"},"id":"133"},{"arcs":[[-266,-271,-278,-308,420,421,-418]],"type":"Polygon","properties":{"codigo":"134","nome":"AMC 134"},"id":"134"},{"arcs":[[-249,-289,-286,-283,-275,-272,-268,-264,-254,-415,-417]],"type":"Polygon","properties":{"codigo":"135","nome":"AMC 135"},"id":"135"},{"arcs":[[-133,-420,422,-297]],"type":"Polygon","properties":{"codigo":"136","nome":"AMC 136"},"id":"136"},{"arcs":[[-298,-423,-419,-422,423,-301]],"type":"Polygon","properties":{"codigo":"137","nome":"AMC 137"},"id":"137"},{"arcs":[[-302,-424,-421,-307,-305]],"type":"Polygon","properties":{"codigo":"138","nome":"AMC 138"},"id":"138"},{"arcs":[[-331,-338,-351,-341]],"type":"Polygon","properties":{"codigo":"139","nome":"AMC 139"},"id":"139"},{"arcs":[[-324,-340,424,425,-335]],"type":"Polygon","properties":{"codigo":"140","nome":"AMC 140"},"id":"140"},{"arcs":[[-336,-426,426,-353,-355,-343,-350]],"type":"Polygon","properties":{"codigo":"141","nome":"AMC 141"},"id":"141"},{"arcs":[[-203,-349,-370,-364]],"type":"Polygon","properties":{"codigo":"142","nome":"AMC 142"},"id":"142"},{"arcs":[[-76,-153,-363,-376,-396]],"type":"Polygon","properties":{"codigo":"143","nome":"AMC 143"},"id":"143"},{"arcs":[[-379,-383,-387,-390]],"type":"Polygon","properties":{"codigo":"144","nome":"AMC 144"},"id":"144"},{"arcs":[[-347,-388,-381,-377,-367]],"type":"Polygon","properties":{"codigo":"145","nome":"AMC 145"},"id":"145"},{"arcs":[[-345,-357,427,-384]],"type":"Polygon","properties":{"codigo":"146","nome":"AMC 146"},"id":"146"}]}}}