{"type":"Topology","arcs":[[[19312,23491],[68,115],[-75,68],[8,176],[6,31],[-34,4],[-18,220],[-22,15],[-40,-4],[-58,141],[-171,-96],[-161,-221]],[[18815,23940],[-199,188],[-51,-33],[-35,-9]],[[18530,24086],[-59,9],[-210,102],[-288,127]],[[17973,24324],[89,195],[55,7],[50,25],[83,67],[110,56],[94,33],[104,256],[13,104],[19,55]],[[18590,25122],[98,-95],[155,-98],[129,-47],[403,-11],[55,41],[22,103],[67,47],[218,164],[62,4]],[[19799,25230],[99,-6],[11,7],[196,-51],[322,-88]],[[20427,25092],[61,143],[7,38]],[[20495,25273],[143,-44],[96,-12],[216,-17],[133,142],[42,-38],[338,358],[-22,23],[-44,185]],[[21397,25870],[116,15],[76,-16],[82,-47],[231,-199]],[[21902,25623],[83,-68],[38,-22],[81,-22],[80,-4]],[[22184,25507],[56,10],[256,69]],[[22496,25586],[44,-107],[18,-59],[79,-340],[41,-73],[27,-91]],[[22705,24916],[19,-76],[73,-351],[19,-55],[59,-110],[136,-32],[101,7],[73,17],[11,-24],[60,-11],[41,-54],[-39,-152],[2,-15],[53,-63],[50,-32],[58,-71],[46,-80],[28,-23],[422,-230],[121,-117],[-130,-304],[-23,-62],[413,-106],[422,-107],[17,-19],[135,-105],[64,-26],[21,-20],[87,-116],[66,-132],[12,-42],[-201,-463],[33,-33],[50,-30],[265,-89],[59,-32],[111,-78],[-41,-84],[27,-10],[59,-46],[56,15],[25,-17],[74,-108],[-45,-55],[-38,-74],[-40,-44],[-25,-70],[11,-34],[26,-15],[60,-82],[7,-27]],[[25595,21029],[-38,-11],[-177,10],[-111,3],[-90,-46],[-51,31],[-116,-15],[-178,110],[-90,70],[-247,163],[-39,63],[-53,58],[-68,-23]],[[24337,21442],[-48,26],[-36,1],[-47,-29],[-129,-152],[-22,-57],[-29,-35],[-114,-72],[-71,12],[-366,242],[-47,33],[-102,85],[-322,214],[-43,18],[-91,21],[-75,43],[11,-54],[-30,-75],[6,-136],[-80,-470],[-55,-341],[-11,-57],[-43,-277],[15,-51],[56,-59],[12,-40],[-5,-45],[-26,-113],[-21,-41],[-71,-44],[-37,-38],[-16,-68],[27,-114],[50,-189]],[[22577,19580],[-53,-165],[-22,-39],[15,-17],[-145,-103],[-125,-98],[-155,-96],[-52,-20],[-37,-26],[-31,-5],[-13,-30],[-41,-32],[-88,-12],[-27,6],[-43,-26],[-63,-19],[-57,-27],[-18,-47],[-64,-46],[-76,7],[-72,-19],[-51,-31],[-54,-55],[-35,-9],[-26,-28],[-39,-5],[-58,-24],[-101,-57],[-32,6],[-30,63],[-49,51]],[[20935,18677],[40,24],[91,143],[-2,40],[-33,118],[-1,22],[51,152],[-19,114],[10,36],[55,111],[3,42],[-62,88],[-8,35],[20,50],[8,65],[-40,56],[-51,1],[-73,41],[-52,-15],[-24,-19],[-35,40],[-63,24],[-234,-50],[-26,-10],[-102,-78],[-2,-127],[29,-67],[7,-58],[40,-114],[43,-59],[30,-59],[44,-39],[-75,-14],[-30,-69],[-93,28],[-148,-1],[-8,-250],[-86,34],[-17,-82],[-68,13],[2,105],[11,56],[-58,24],[-40,-73],[-70,32],[-29,22],[-68,30]],[[19802,19039],[36,63],[-98,41],[20,65],[-3,40],[-40,79],[-14,46],[-14,184],[11,219],[-13,165],[-72,6],[-168,108],[-11,14]],[[19436,20069],[55,61],[48,-4],[44,24],[28,43],[37,26],[10,39],[-8,67],[-50,128],[35,12],[8,39],[-8,143],[-12,85],[-23,60],[-28,188],[-49,148],[-36,76],[-92,139],[-104,136],[-26,116],[-29,44],[-37,26],[16,178],[20,275],[25,27],[124,-54],[42,39],[117,-47],[104,3],[133,24],[55,4],[82,49],[63,76],[37,76],[13,82],[-26,86],[-60,98],[-207,348],[-23,50],[-6,40],[-28,64],[18,40],[6,64],[-42,18],[-350,286]],[[20427,25092],[-82,-201],[68,-73],[28,-104],[-7,-124],[8,-59],[38,-67],[31,-102],[-17,-107],[351,-26],[395,-42],[-72,109],[-160,256],[-6,-7],[-140,221],[-48,88],[-75,87],[-84,69],[-129,58],[-99,24]],[[19312,23491],[-375,333],[-122,116]],[[18590,25122],[124,263],[2,219],[23,107]],[[18739,25711],[43,-9],[306,-94],[89,-11],[175,15]],[[19352,25612],[6,-48],[102,10],[50,-3],[84,-38],[45,-46],[43,-70],[13,-39],[104,-148]],[[19352,25612],[-10,52],[-170,315],[-62,111],[-51,49],[3,63]],[[19062,26202],[196,-29],[361,-49],[281,-16],[352,-25]],[[20252,26083],[242,-16]],[[20494,26067],[-19,-694],[21,-55],[-1,-45]],[[20494,26067],[78,-5],[57,4],[102,24],[76,5],[49,-7],[96,-41],[29,-20],[116,-101],[76,-47],[64,-20],[60,-5],[100,16]],[[19436,20069],[-48,82],[-38,8],[-120,38],[-48,72],[-24,51],[-37,101],[-92,172],[-24,67],[-87,57],[-241,122],[-19,-66],[23,-273],[8,-160],[-8,-39],[-43,-39],[-158,-46],[-83,-18],[-31,-18],[-42,-59],[-10,-57],[-5,-153],[-17,-34],[-201,-227],[-10,-42],[51,-98],[12,-42],[-9,-53]],[[18135,19415],[-82,102],[-82,66],[-30,47],[-31,131],[-24,59],[-60,90],[-33,39],[-75,66],[-54,39],[-115,117],[-70,136],[-29,30],[-100,55],[-30,4],[-116,-5],[-81,29],[-150,81],[-21,17],[-109,137],[-143,41]],[[16700,20696],[30,88],[110,547],[19,74],[107,331],[51,151]],[[17017,21887],[169,525],[5,77],[-24,94],[-225,426],[-14,21]],[[16928,23030],[18,17],[317,181],[14,4],[-45,76],[17,12],[534,301],[86,53]],[[17869,23674],[73,42],[89,73],[134,86],[163,96],[75,57],[91,49],[36,9]],[[19062,26202],[5,36],[76,-9],[128,31],[-37,313],[54,5],[-34,45],[62,30],[-11,46],[-86,-21],[-48,-25],[-4,52],[-60,93],[-19,86],[-50,22],[-83,73],[33,31],[-236,228],[-33,10],[-22,90],[-80,-87],[-42,-73]],[[18575,27178],[-77,66],[-51,30],[-51,266],[34,7],[56,80],[-10,46],[51,93],[-8,79],[46,96],[59,45]],[[18624,27986],[48,64],[40,-9],[89,-79],[159,101],[30,7],[67,50],[-1,26],[161,70],[27,91],[-8,54],[34,86],[-2,59],[-29,62],[-42,36],[-13,26],[52,16],[101,58],[123,24],[-134,287],[20,26],[39,86],[11,63],[-24,63],[-45,77],[0,64],[-27,19],[-22,40],[-71,56],[-58,24],[-12,-81],[-14,-42],[-48,-73],[23,-141],[41,4],[11,-87],[-54,-43],[-6,-36],[-68,-55],[-82,-25],[-28,24],[-10,34],[-165,99],[-30,1],[-58,-42],[-79,-15],[-21,-21],[-34,-68],[-72,-26],[-16,-18],[-36,-116],[-24,-24],[-37,-5],[-72,24],[-3,36],[-27,75],[-81,118],[-14,51],[-11,91],[-16,58],[-63,23],[-59,-30],[-149,-34],[-26,-22],[1,-55],[33,-71],[-57,-75],[-25,46],[-107,47],[-55,30],[-24,38],[-16,69],[-29,33],[-114,50],[-74,-34],[-48,15],[-92,149],[-30,26],[-83,35],[-70,16],[-51,26],[-37,40],[-18,42],[-56,-25],[-30,1],[-31,24],[-30,73],[-16,85],[-28,42],[-68,41],[-45,79],[-72,51],[-27,41],[-3,72],[-17,42],[-117,109],[-13,40],[-14,86],[-99,-26],[-42,-32],[-23,-40],[2,-45],[22,-49],[42,-48],[86,-54],[80,-35],[44,-61],[-11,-26],[14,-59],[-28,-57],[-1,-46],[-24,-40],[11,-50],[-112,-69],[-60,-11],[-59,-81],[-20,-6],[-39,-53],[-35,-28],[-71,-123],[-4,-39],[-18,-37],[3,-42],[19,-44],[34,-46],[38,-118],[27,-17],[48,-111],[10,-45],[0,-57],[11,-40],[48,-21],[-18,-87],[36,-52],[9,-38],[-27,-67],[15,-79],[158,-119],[-18,-35],[-33,-118],[1,-85],[-66,-113],[-52,-63],[-9,-31],[33,-216]],[[16268,27596],[19,-130],[29,-56],[73,-113],[29,-59],[12,-50],[24,-204],[11,-171],[16,-99],[7,-83]],[[16488,26631],[-79,-4],[-491,39],[-91,-19],[-61,-33],[-42,-42],[-63,-102],[-40,-49],[-49,-37],[-350,-209],[-82,-25],[-77,-4],[-374,15],[-65,-6],[-62,-22],[-80,-53],[-56,-70]],[[14426,26010],[-104,-8],[-85,-13],[-44,8],[-70,49],[8,123],[-10,18],[-75,27],[-93,10],[-62,29],[-4,55],[19,41],[-28,16],[5,28],[-84,36],[-33,85],[-42,27],[-39,6],[4,65],[-52,48],[-54,94],[7,43],[85,134],[30,76],[54,30],[31,61],[42,11],[34,-8],[41,8],[4,92],[57,72],[37,26],[-27,64],[-62,28],[-56,2],[-21,41],[-52,21],[-85,-5],[-35,12],[-36,29],[-34,-4],[-93,39],[-39,34],[-43,153],[-32,85],[-28,47],[-77,108],[-13,50],[9,84],[-22,85],[21,73],[12,86],[-11,58],[-28,53],[-56,59],[-26,-7],[-45,20],[-12,31],[-42,35],[-45,19],[7,63],[-41,108],[5,71],[20,30],[24,120],[19,23],[83,50],[36,50],[-3,46],[33,41],[31,59],[47,12],[32,28],[-30,35],[-27,-23],[-82,-18],[-29,-30],[-48,-70],[-8,-47],[-134,-170],[-26,-19],[-77,8],[-17,-14],[-56,-1],[-30,12],[-7,47],[-57,11],[-30,-17],[-2,-29],[-42,-59],[-33,-11],[-70,-6],[-78,25],[-24,38],[-103,98],[-70,32],[-54,56],[-112,-65],[-88,-12],[-13,-72],[-20,-38],[11,-121],[-26,-83],[-8,-57],[-82,-30],[-36,-49]],[[11812,28621],[-35,42],[-23,13],[18,57],[-7,74],[-25,50],[-61,54],[-132,161],[-26,25],[-21,127],[6,54],[-8,56],[9,20],[-15,100],[-75,108],[-17,41],[-42,63],[-21,83],[8,64],[-21,53],[11,99],[-21,57],[2,150],[-35,45],[-70,40],[-11,50],[14,101],[-1,50],[-32,34],[-25,66],[-72,25],[-53,54],[-21,43],[2,54],[-68,107],[-84,18],[-48,25],[-93,96],[-57,95],[0,35],[-28,62],[-6,59]],[[10628,31231],[31,28],[17,73],[102,27],[30,112],[-36,86],[1,52],[-24,35],[-42,35],[-20,36],[-6,57],[-19,29],[-25,-5],[-75,41],[-38,71],[-41,42],[30,46],[54,38],[14,63],[-40,44],[-25,52],[32,47],[56,20],[-10,31],[43,45],[7,34]],[[10644,32370],[46,-1],[4,-23],[95,8],[-11,26],[21,35],[34,5],[60,32],[34,7],[114,-41],[32,-1],[60,16],[42,59],[40,-8],[64,-41],[92,5],[42,16],[-13,29],[12,28],[43,24],[44,47],[32,-10],[112,25],[-21,35],[-39,11],[5,33],[128,-28],[41,-78],[59,-56],[35,-48],[0,-61],[-77,-35],[-18,-30],[62,-76],[23,37],[37,5],[16,-30],[32,-13],[36,8],[-8,35],[-30,26],[43,30],[29,8],[26,29],[47,2],[32,34],[56,-13],[38,-94],[-13,-33],[51,-14],[70,12],[19,-33],[28,14],[-6,-63],[30,-28],[15,35],[55,-52],[41,-18],[35,46],[22,9],[82,-4],[32,35],[-28,101],[-26,27],[-22,66],[12,37],[25,19],[32,-12],[38,4],[24,30],[30,10],[35,-17],[145,-25],[40,2],[7,18],[-46,27],[89,64],[67,-18],[83,11],[68,-30],[15,18],[-8,97],[20,41],[16,63],[-36,26],[44,35],[-22,44],[3,106],[10,39],[51,21],[35,-43],[35,-7],[8,35],[-22,50],[43,50],[48,-2],[31,20],[38,58],[39,21],[7,-34],[-11,-39],[36,7],[108,-51],[40,56],[40,-31],[49,17],[87,-14],[47,-15],[96,-44],[-6,-17],[35,-68],[33,-5],[87,-42],[51,45],[58,-16],[30,20],[39,-24],[16,19],[43,-16],[45,13],[59,-6],[69,11],[54,-15],[55,21],[57,-2],[118,19],[84,39],[38,-43],[21,-49],[20,-15],[16,-41],[78,-91],[52,-30],[22,-37],[72,-32],[33,1],[68,-24],[96,5],[51,-34],[42,-8],[18,-43],[60,3],[18,-37],[47,-26],[17,-47],[21,-18],[-1,-33],[-29,-76],[-6,-39],[21,-114],[24,-38],[76,-92],[59,-46],[52,-21],[81,4],[108,39],[60,2],[31,-49],[11,-87],[27,-81],[2,-78],[-5,-123],[10,-54],[33,-60],[57,1],[131,-24],[117,-31],[87,15],[25,-6],[9,-76],[-25,-198],[16,-34],[56,-40],[113,-25],[75,9],[46,21],[66,50],[30,6],[38,-19],[152,-157],[44,-34],[53,-16],[42,35],[17,45],[1,103],[26,102],[-6,81],[12,42],[50,31],[73,57],[116,40],[105,71],[43,7],[49,-23],[96,-103],[78,-73],[30,-5],[106,36],[40,-17],[111,-113],[70,-96],[54,-61],[47,-31],[62,-16],[60,-28],[49,-45],[53,-80],[21,-51],[63,-96],[34,-24],[56,0],[36,20],[100,32],[65,39],[104,6],[76,-11],[35,5],[70,54],[69,1],[74,32],[107,0],[96,16],[84,-15],[59,-1],[30,-26],[21,-55],[22,-8],[138,49],[16,34],[3,53],[17,20],[66,37],[101,123],[64,22],[137,-4],[76,16],[23,23],[9,70],[-19,85],[-82,125],[3,22],[40,0],[80,-19],[49,-65],[22,-8],[161,23],[147,12],[32,23],[1,30],[-19,46],[-36,56],[-34,109],[0,54],[42,47],[60,11],[39,23],[0,35],[-41,112],[3,32],[22,41],[52,71],[53,92],[26,62],[81,92],[40,61],[43,50],[57,39],[258,117],[28,21],[19,40],[1,58],[-39,62],[-59,45],[-21,94],[36,50],[137,72],[35,36],[72,36],[124,30],[78,53],[84,68],[49,70],[31,17],[87,15],[36,22],[70,74],[41,78],[38,14],[57,2],[18,11],[12,47],[5,77],[11,23],[43,24],[189,-9],[54,-23],[33,-35],[39,-25],[154,-36],[38,2],[44,19],[30,72],[46,46],[48,107],[31,38],[78,47],[58,24],[115,37],[117,177],[48,40],[94,48],[26,65],[63,74],[56,109],[9,55],[14,24],[47,24],[58,45],[22,3],[28,-25]],[[24305,34728],[81,-48],[41,-12],[49,8],[32,26],[59,-14],[82,-55],[23,-58],[40,-47],[55,-11],[29,-51],[68,-30],[59,-38],[42,-17],[33,18],[55,58],[91,15],[58,22],[97,73],[46,21],[76,24],[60,36],[160,128],[67,73],[115,-6],[38,15],[80,6],[66,-16],[131,-47],[46,-7],[52,8],[54,21],[39,40],[35,66],[67,37],[69,16],[89,-4],[59,9],[86,24],[55,28],[56,42],[87,103],[85,-8],[26,-26],[50,10],[46,-32],[48,3],[47,-31],[68,0],[58,-51],[25,-131],[4,-49],[-15,-52],[-1,-67],[21,-89],[38,-32],[87,-26],[33,-29],[47,-16],[24,-40],[61,-73],[48,-4],[85,53],[46,-3],[76,-44],[37,4],[53,24],[86,110],[27,45],[83,22],[23,56],[26,23],[36,9],[41,-34],[52,-5],[63,9],[60,-20],[88,-6],[155,45],[53,11],[64,-19],[38,4],[78,-11],[19,-29],[39,-10],[45,-26],[148,19],[69,14],[84,-42],[60,-16],[12,28]],[[29478,34652],[3,-37],[-11,-71],[-47,-59],[-88,-84],[-12,-46],[-38,-24],[-84,-9],[-40,-55],[-28,-87],[-2,-102],[-8,-53],[-182,-221],[38,-54],[-168,-87],[8,101],[-49,1],[-17,-35],[-80,-78],[29,-39],[-87,-33],[-66,-55],[-28,-43],[-151,-59],[-48,-9]],[[28322,33414],[-55,6],[-18,-24],[-48,-11],[-38,15],[-33,55],[-26,91],[-49,15],[-81,52],[-52,63],[18,55],[-40,28],[-36,-13],[-69,6],[-76,-7],[-67,-15],[-38,0],[-82,22],[-30,-21],[-65,-24],[-68,-13],[-21,-14],[-17,-45],[4,-69],[-13,-36],[-27,-29],[-13,-36],[-47,-87],[-39,-16],[-104,-9],[-22,-16],[-72,-90],[-74,-62],[-17,-32],[10,-113],[23,-18],[108,-7],[18,-27],[-16,-111],[-15,-11],[-55,34],[-28,0],[-39,-46],[-15,-94],[-219,-13],[-102,-17],[-84,19],[-87,58],[-131,56],[-172,63],[-131,-17],[-252,79],[-214,-8],[-202,-333],[-45,-19],[-14,-35],[9,-77],[-25,-34],[-79,-51],[-4,-27],[-34,-54],[19,-64],[-8,-41],[-58,-52],[-33,-13],[-53,15],[-43,28],[-28,-39],[-37,-24],[-34,5],[-34,23],[-69,16],[-38,-39],[-75,-61],[-20,-58],[-24,-39],[-16,-129],[-30,-9],[-64,-42],[-25,-25],[-41,-14],[-24,-21],[-28,-58],[-45,-13],[-25,-50],[0,-60],[-36,-33],[-62,-36],[-46,-1],[-78,31],[-18,-4],[-26,-62],[-53,-30],[-44,-42],[-157,66],[-38,9],[-52,-10],[-14,17],[47,42],[6,87],[-20,44],[-89,60],[-87,-63],[-66,-19],[-35,-39],[-11,-54],[74,-90],[-36,-37],[-16,-124],[-16,-40],[13,-38],[4,-61],[31,-24],[-25,-62],[28,-44],[0,-65],[-36,-74],[-26,-24],[-8,-58],[-22,-52],[-45,-58],[3,-17],[48,-24],[32,-55],[12,-43],[82,-37],[-20,-165],[10,-66],[-10,-78],[-55,-25],[-17,-22],[-9,-99],[10,-36],[-13,-93],[-52,-67],[-29,-80],[18,-65],[-11,-50],[-59,-79],[-28,-23],[-8,-37],[6,-84],[-20,-61],[9,-99],[23,-54],[38,-53],[14,-63],[44,-99],[15,-46],[59,-51],[48,-100],[18,-65],[93,-96],[77,-103],[11,-65]],[[23659,28498],[-79,74],[-170,101],[-238,-120],[-93,-7],[-17,-21],[-64,-9],[-38,7],[-97,-36],[-70,-2],[-55,-39],[-31,-34],[-36,-23],[-21,-37],[-63,-80],[-304,-195],[-47,-11],[-15,-26],[-41,-29],[-100,-169],[-16,-55],[-31,-70],[-39,-62],[-36,-26],[-121,-65],[-31,-39]],[[21806,27525],[-20,12],[-116,-22],[-182,-46],[-72,-10],[-196,36],[-33,-5],[-21,-98],[-12,-102],[-15,-45],[-143,-210],[-52,-45],[-94,-33],[-68,-10],[-62,-61],[-41,-54],[-136,-102],[-31,-20],[-6,-226],[-202,-5],[-12,-96],[44,-43],[-3,-35],[-30,-27],[-25,-3],[-26,-192]],[[21806,27525],[64,-41],[-28,-176],[62,-40],[4,-75],[65,-4],[47,-44],[68,-46]],[[22088,27099],[-9,-35],[1,-62],[-13,-33],[-118,-86],[-41,-102],[11,-27]],[[21919,26754],[43,-87],[18,-3],[25,-72],[-2,-33],[-10,-534],[-38,-69],[-10,-50],[16,-78],[22,-30],[11,-49],[-92,-126]],[[21919,26754],[62,-27],[34,-46],[48,-22],[42,24],[40,-37],[39,-8],[50,11],[-14,-53],[43,-16],[409,-291],[17,-25],[-2,-33],[-64,-72],[85,5]],[[22708,26164],[-170,-191],[-131,-166],[-197,-273],[-26,-27]],[[22708,26164],[563,630],[78,77],[-19,11]],[[23330,26882],[37,5],[49,39],[224,165]],[[23640,27091],[25,-38],[108,-193],[-5,-97],[19,-46],[52,-53],[128,-106]],[[23967,26558],[-23,-63],[-17,-75],[-6,-86],[4,-63],[32,-149],[-2,-85],[-18,-58],[-51,-68],[-56,-37]],[[23830,25874],[-83,-27],[-174,2],[-78,-17],[-36,-15],[-152,-86],[-119,-38],[-70,-4],[-114,13],[-86,-4],[-143,-36],[-279,-76]],[[23830,25874],[62,-106],[72,-99],[155,-250],[35,-37],[84,-36],[50,-33],[32,-54]],[[24320,25259],[7,-23]],[[24327,25236],[-356,-78],[-139,-29],[-5,22],[-522,-110],[-124,-22],[-211,-53],[-139,-28],[-126,-22]],[[24327,25236],[36,-118],[51,-54],[105,-51],[245,-104],[45,-8],[63,4],[59,-4],[51,-21],[77,-61],[176,-87],[49,-41],[79,-89],[68,-51],[40,-38],[44,-64],[39,-34],[219,-132],[37,-30],[66,-95],[142,58],[30,31],[33,70],[78,79],[48,21],[106,4],[83,58],[47,14],[40,-2],[135,-31]],[[26618,24460],[68,-22],[99,-1],[69,-23],[210,-144],[75,-29],[42,-7],[205,-23],[110,-34],[47,3],[20,27],[44,26],[54,-18],[72,32],[19,17],[52,139],[40,83],[12,87],[45,93],[41,56],[72,74],[45,129],[-8,43]],[[28051,24968],[-31,26],[-44,71],[-9,29],[21,62],[32,45],[27,100],[2,82],[-77,445],[-63,374],[-30,235],[-55,290],[179,87],[36,24],[109,95],[28,64],[69,78],[97,67],[-29,178],[-30,39],[-58,33],[-14,37],[29,127],[2,112],[80,21],[16,25],[-67,176],[-60,55],[46,160]],[[28257,28105],[45,-21],[126,-43],[131,-30],[140,-11],[97,27],[67,-12],[293,50],[118,33],[108,18],[238,75],[64,-3],[24,-17]],[[29708,28171],[-4,-42],[-33,-69],[18,-22],[152,-60],[39,-32],[54,-70],[17,-42],[6,-111],[-37,-69],[5,-89]],[[29925,27565],[36,-53],[123,-14],[76,-34],[40,-5],[30,-28],[66,-178],[16,-83],[-2,-124],[-56,-172],[-18,-41],[-79,-123],[-47,-88],[-9,-54],[31,-77],[33,-56],[2,-27],[31,-57],[5,-84],[27,-61],[-3,-30],[-38,-63],[18,-47],[-21,-76],[7,-34],[-15,-44],[11,-106],[-42,-2],[-29,-85],[-22,-27],[87,-184],[28,-68],[41,-139],[33,-49],[106,-74],[50,-40],[85,-107],[59,-55],[61,-38],[133,-61],[99,-21],[-7,50],[66,63],[-29,91],[-47,19],[31,71],[-17,14],[-8,63],[15,84],[51,53],[10,43],[2,61],[-20,46],[-92,69],[-33,187],[1,67],[205,-38],[61,-16],[56,-42],[92,-80],[73,-36],[111,-78],[63,7],[19,18],[50,2],[55,20],[72,56],[39,-1],[33,27],[51,14],[28,22],[35,-22],[15,58]],[[31859,25748],[3,27],[41,13],[-22,87],[9,40],[62,31],[195,-4],[61,19],[36,38],[49,-39],[78,14],[9,-31]],[[32380,25943],[28,-71],[68,-17],[18,-21],[-70,-63],[-49,-61],[-80,-41],[-77,-59],[-48,-81],[-76,-60],[-90,49],[-51,-7],[-22,-62],[14,-33],[41,-26],[18,-73],[13,-25],[7,-177],[21,-67],[66,-101],[76,-55],[86,-112],[49,-117],[-6,-58],[-16,-23],[-189,-115],[-127,6],[-27,14],[-1,-101],[17,-22],[75,-49],[15,-85],[23,-29],[-15,-78],[23,-55],[-9,-26],[39,-33],[8,-37],[34,-59],[45,-21],[52,-50],[63,-18],[37,-22],[101,-25],[28,-24],[33,4],[60,-19],[68,10],[60,18],[0,-63],[-27,-66],[-81,-59],[-30,-33],[9,-83],[-51,-35],[-11,-23],[13,-31],[-5,-48],[11,-40],[31,-39],[65,-17],[16,-57],[24,-15],[80,-11],[50,-20],[8,-24],[-28,-49],[-58,-45],[-42,-16],[-64,-2],[-91,-41],[-12,-75],[13,-60],[22,3],[54,-24],[32,-45],[74,-117],[3,-78],[57,-74],[40,-33],[11,-28],[-11,-77],[-42,25],[-67,20],[-46,-36],[-10,-37],[-54,-63],[-26,-62],[-11,-121],[-61,-87],[3,-57],[52,-52],[-2,-79],[-67,-62],[-24,1],[-57,-23],[-54,13],[-86,-21],[-62,-39],[-25,-33],[-7,-34],[-60,13],[-34,57],[-43,11],[-68,-12],[-24,-16],[-56,-75],[-49,-52],[-93,-63],[-4,-24],[30,-26],[11,-65],[99,-45],[28,-26],[19,-56],[44,-90],[-16,-26]],[[31953,21099],[-16,-26],[-15,-83],[-24,-34],[-81,-57],[12,-124],[-20,-20],[-80,-45],[-25,-23],[-30,-66],[-33,-32],[-94,-68],[-96,28],[-77,-5],[-42,-123],[-9,-74],[52,-112],[9,-95],[-14,-63],[-29,-31],[-40,-13],[-36,-34],[-86,-20],[-57,-75],[-39,-15],[-49,6],[-39,-20],[22,-40],[-6,-58],[-49,-68],[-31,-60],[-59,-25],[-27,-23],[-64,-14],[-80,-4],[-29,-29],[-21,-45],[-4,-45],[13,-24],[-112,-35],[-50,45],[-6,25],[7,124],[-13,31],[-57,43],[-32,49],[-78,71],[-64,13],[-47,33],[-77,-67],[-9,-88],[26,-72],[-7,-36],[-69,-36],[-88,0],[-65,24],[-116,-33],[-74,5],[-58,-16],[-42,-30],[-41,-51],[-24,-14],[-106,13],[-64,-19],[-46,22],[-98,31],[-64,13],[-29,18],[-60,1],[-78,81],[-91,-8],[-118,-42],[-119,91],[-122,71],[-123,19],[-26,-19],[-30,21],[-19,-23],[-39,6],[-81,-6],[-87,18],[-56,-15],[-35,32],[-32,51],[4,40],[-29,57],[-43,47],[-16,38],[-10,59],[6,101],[-46,50],[-35,94],[-10,114],[-48,24],[-42,5],[-154,91],[-32,8],[-46,-16],[-36,7],[-11,41],[-39,1]],[[27454,20542],[-65,5],[-49,-58],[-74,-8],[-24,-25],[-41,-3],[-85,20],[-42,-59],[-42,3],[-36,35],[-61,17],[-68,-28],[-39,13],[-34,46],[-71,-3],[-45,-36],[-83,-49],[-175,-20],[-53,24],[-73,54],[-54,31],[-38,60],[-48,42],[-23,57],[-55,92],[-31,22],[-53,17],[-54,3],[-39,14],[-53,35],[-29,64],[-70,38],[-46,9],[-38,67],[-68,8]],[[17869,23674],[-178,270],[-30,66]],[[17661,24010],[-33,62],[7,31],[100,75],[54,56],[56,70],[46,73]],[[17891,24377],[82,-53]],[[17891,24377],[-51,35],[-72,27],[-81,11],[-104,3],[-37,14],[-77,68],[-74,27],[-51,-2],[-66,24],[-191,145],[-58,64],[-74,53],[-47,84]],[[16908,24930],[-19,158],[6,81],[-21,103],[36,-31],[68,-4],[86,73],[19,34],[5,42],[68,-33],[133,199]],[[17289,25552],[103,155],[106,-3],[4,131],[-128,118]],[[17374,25953],[123,-9],[96,-36],[156,-85],[135,-38],[511,-46],[344,-28]],[[17374,25953],[-3,5],[-290,-5],[-67,9],[-55,18],[-339,156],[-9,-17],[-106,50],[-27,6],[-49,-11],[-71,-40],[-162,-107],[-33,-15],[36,-54],[12,-119],[-32,-28],[-79,-31],[4,-46],[209,41],[18,-94],[19,-2],[123,-54],[63,-2],[114,-27],[88,12],[256,-2],[0,28],[59,0],[0,-28],[171,-1],[65,-43]],[[16908,24930],[-76,-21],[-147,16],[-145,33],[-47,24]],[[16493,24982],[-45,43],[-56,7],[-39,25],[-48,60],[0,38],[-57,37],[-95,20],[-93,3],[-217,-34],[-67,-64],[-39,-11],[-143,19],[-49,-2],[-78,-38],[-83,-89],[-12,-41],[4,-53],[-65,-5],[-38,-11],[-225,-227]],[[15048,24659],[-396,375],[-243,233],[-38,44],[-24,54],[-11,63],[-10,158],[-11,42],[-33,50],[-64,25],[-35,38]],[[14183,25741],[42,3],[47,17],[62,43],[20,31],[72,175]],[[16488,26631],[229,23],[234,18],[104,-9],[231,-49]],[[17286,26614],[239,-48],[77,-25],[58,-33],[125,-103],[48,-26],[83,-26],[297,-40]],[[18213,26313],[849,-111]],[[18213,26313],[7,58],[21,335],[25,39],[58,48],[49,91],[133,167],[43,61],[26,66]],[[22088,27099],[51,-22],[117,70],[67,13],[43,52],[141,143],[93,21],[77,-11],[96,-4],[97,-16],[24,-11],[145,-137],[135,-149],[37,-34],[-1,-49],[69,-66],[51,-17]],[[27454,20542],[30,-27],[12,-68],[49,-53],[39,-120],[3,-108],[-12,-37],[-51,-78],[-23,-113],[-91,-309],[47,-66],[25,-81],[35,-45],[17,-75],[41,-79],[35,-32],[42,-57],[-44,-65],[-46,15],[-76,-14],[-55,27],[-40,9],[-100,-61],[-134,-40],[-41,-21],[-78,-101],[-32,-65],[-68,-103],[-99,-44],[-51,-1],[-7,-35],[78,-124],[8,-59],[191,58],[38,-12],[4,-40],[128,-41],[15,-18],[21,-104],[121,-63],[72,-131],[12,-93],[46,-41],[31,1],[52,-31],[47,-58],[31,-103],[6,-105],[12,-61],[-1,-87],[20,-106],[-48,-111],[-36,-51],[-66,-73],[-19,-62],[36,-52],[-6,-17],[-70,-48],[-42,-42],[-21,-57],[-11,-111],[9,-55],[-38,-50],[-93,-19],[-53,-39],[-67,-119],[-16,-52],[42,-69],[0,-42],[-33,-118],[-6,-68],[17,-85],[81,-53],[0,-12],[-105,-51],[-23,-29],[-4,-33],[18,-35],[72,-89],[19,-5],[89,13],[200,-4],[19,-11],[13,-53],[-7,-100],[-15,-65],[11,-36],[61,-59],[37,-46],[64,-23],[55,-43],[43,-10],[80,6],[35,19],[25,48]],[[27960,15466],[72,-130],[44,-44],[95,-68],[40,-34],[51,-77],[18,-67],[-38,-31],[-4,-54],[14,-49],[-12,-56],[19,-62],[24,-38],[3,-34],[-19,-31],[-7,-89],[-44,-57],[15,-61],[-76,-71],[-11,-36],[26,-35],[42,-12],[77,-35],[43,-33],[124,-169],[42,-69],[49,-65],[95,-85],[188,-137],[40,-56],[6,-65],[-52,-98],[2,-48],[30,-28],[69,-11],[74,-20],[55,-56],[22,-65],[-15,-39],[-57,-39],[-89,-95],[-62,-41],[-30,-37],[39,-54],[9,-37],[0,-64],[-11,-42],[21,-11],[74,10],[28,-15],[27,-34],[51,-28],[46,-13],[32,-27],[29,-47],[46,-10],[89,58],[33,7],[131,-43],[25,12],[-6,54],[22,21],[103,-29],[13,22],[13,75],[45,62],[51,7],[51,-59],[71,-28],[52,3],[101,24],[50,-1],[42,45],[55,8],[29,42],[43,10],[45,-20]],[[30272,12937],[26,-37],[23,-71],[76,-33],[34,-29],[17,-38],[-23,-43],[-56,-53],[-4,-42],[47,-99],[41,12],[48,83],[19,0],[39,-41],[42,18],[37,60],[49,2],[27,-48],[30,-29],[33,1],[71,48],[40,-23],[14,-23],[32,-4],[14,65],[-13,101],[7,31],[38,4],[110,-41],[44,-3],[85,12],[90,-9],[38,11],[160,91],[161,12],[30,11],[7,43],[41,21],[75,-58],[40,-10],[46,16],[187,143],[68,41],[105,2],[69,-7],[20,19],[14,73],[53,19],[51,-1],[27,55],[31,38],[71,63],[53,28],[50,4],[49,-10],[42,15],[94,-25],[41,37],[47,82],[35,38],[11,69],[18,27],[5,65],[17,21],[36,3],[40,-18],[36,-73],[33,-6],[42,65],[35,21],[64,-33],[44,-1],[64,16],[41,36],[45,54],[92,35],[34,57],[49,45],[25,37],[22,62],[-10,57],[10,38],[-7,53],[-39,40],[-83,-2],[-22,26],[21,91],[27,52],[31,24],[69,17],[58,-24],[36,7],[79,48],[39,86],[73,41],[72,8],[72,38],[52,-39],[126,-13],[40,-12],[44,-28],[30,-46],[46,16],[2,72],[-9,67],[21,16],[51,10],[26,21],[9,71],[12,25],[35,25],[84,18],[17,20],[24,88],[3,102],[32,31],[20,69],[28,20],[36,1],[51,-51],[53,-38],[24,-5],[45,14],[37,29],[41,-11],[68,-76],[51,-13]],[[35292,14924],[53,-52],[86,-62],[21,-25],[26,-118],[79,-76],[26,-43],[97,-41],[78,10],[34,-15],[37,-35],[23,-60],[4,-61],[-81,-122],[-47,-52],[-37,-29],[-63,-26],[-29,-48]],[[35599,14069],[45,-36],[53,-14],[85,23],[76,3],[57,22],[46,-35],[65,-20],[58,-96],[86,-6],[108,-50],[86,29],[121,-71],[24,-25],[47,-75],[49,-14],[71,26],[75,-12],[22,6],[24,60],[59,57],[62,11],[49,-15],[28,-24],[25,-69],[39,-41],[70,-41],[51,-76],[46,-41],[48,-16],[59,-73],[59,-96],[16,-36],[17,-116],[-12,-105],[21,-52],[64,-36],[18,-25],[-18,-68],[7,-33],[28,-38],[48,-37],[139,-82],[48,-42]],[[37768,12690],[-16,-25],[-120,-138],[-101,-85],[-71,-94],[-33,-27],[-98,-42],[-84,-89],[-122,-81],[-63,-72],[-62,-61],[-87,-122],[-23,-65],[-53,-42],[-51,-4],[-46,61],[-32,1],[-101,-31],[-44,-22],[-69,-55],[-48,-61],[-167,-157],[-30,-32],[16,-42],[-115,-125],[-45,-17],[-40,-49],[-85,-69],[-77,-84],[-33,-60],[-140,-19],[-47,-39],[2,939],[-29,21],[-75,-15],[-60,1],[-71,34],[-19,26],[-73,10],[-32,33],[-47,-4],[-25,12],[-32,49],[-59,4],[-37,16],[-16,38],[-100,5],[-88,-5],[-76,-19],[-38,6],[-38,-9],[-102,-59],[-84,-56],[-55,-49],[-23,-33],[-42,-87],[-21,-25],[-53,-15],[-108,-5],[-35,36],[-146,-37],[-86,-43],[10,-99],[-43,-51],[-71,9],[-34,34],[-25,-32],[-85,-48],[-72,5],[-48,-19],[-47,61],[-23,3],[-41,-23],[-78,-4],[-82,-37],[-54,-2],[-46,22],[-10,29],[-81,22],[-75,70],[-28,-3],[-21,-52],[-59,-35],[-42,-56],[-73,-50],[-26,3],[-15,-74],[19,-13],[48,20],[68,3],[43,-15],[17,-30],[-34,-76],[-33,-46],[-29,-71],[-10,-56],[-68,-93],[-9,-41],[-21,-34],[-9,-46],[-22,-25],[-60,-30],[-33,-33],[-38,-17],[-7,-37],[-34,-39],[-40,1],[-18,-83],[-48,-34],[-72,-3],[-60,26],[-133,-26],[-30,-12],[-159,-111],[-50,-63],[-22,-56],[-14,-1],[-27,50],[-35,42],[-23,45],[-83,-15],[-36,10],[-126,4],[-38,-10],[-27,11],[-24,-23],[-55,16],[-25,-19],[-68,-6],[-106,-44],[-25,-83],[-40,-28],[-50,-6]],[[31198,10288],[-50,30],[-58,-47],[-72,-9],[-48,8],[-37,26],[-50,10],[-21,16],[-25,78],[-23,7],[-61,-33],[-48,7],[-10,38],[-31,20],[-50,-9],[-42,-22],[-65,33],[-105,-21],[-90,60],[-55,2],[-84,44],[-40,44],[-49,106],[5,56],[43,96],[52,61],[21,88],[1,43],[-17,20],[-173,3],[-165,58],[-80,-17],[-96,6],[-48,19],[-247,141],[-133,83],[-164,141],[-132,139],[-26,39],[-47,92],[-19,80],[14,81],[-41,39],[-56,5],[-59,-33],[-62,59],[-22,51],[-33,29],[-53,25],[-26,27],[-19,109],[-58,56],[-71,31],[-38,3],[-24,20],[-30,62],[-56,30],[-57,77],[-55,27],[-68,18],[-43,32],[-26,57],[-18,102],[-13,36],[-59,103],[-36,39],[-55,42],[-157,82],[-131,90],[-58,65],[-57,83],[-119,139],[-195,218],[-82,86],[-33,42],[-24,78],[-36,55],[-141,95],[-37,5],[-43,-18],[-45,24],[-31,47],[-76,8],[-74,34],[-48,44],[-27,-22],[-19,-65],[-55,-40],[-41,-50],[-45,-11],[-74,-44],[-23,4],[-55,44],[-31,-9],[-33,-36],[-189,-27],[-36,-55],[-22,-10],[-84,14],[-54,-46],[-43,-7],[-104,19],[-50,43],[-61,10],[-23,18],[19,70],[55,64],[44,14],[125,-25],[96,14],[31,17],[65,58],[30,62],[53,56],[-12,50],[-35,66],[40,113],[-88,112],[-44,25],[17,77],[46,78],[61,68],[20,64],[27,114],[1,45],[-27,60],[-16,75],[-29,16],[0,28],[38,65],[9,95],[-14,69],[-39,67],[-93,81],[-13,39],[-65,60],[53,112],[20,57],[83,62],[73,32],[-25,72],[5,70],[40,25],[5,66],[-49,66],[-39,-2],[-15,30],[-24,-3],[-38,163],[-20,-10],[-26,-49],[-50,-45],[-33,-10],[-54,74],[-106,-39],[-21,1],[-72,-46],[-66,-28],[-24,26],[-29,71],[-102,33],[-38,25],[-56,70],[-12,50],[7,26],[-49,35],[-70,28],[-15,16],[-1,117],[-38,195],[-41,60],[-36,22],[3,28],[-18,49],[-96,94],[-59,44],[-99,55],[-26,4],[-135,-37],[-100,-14],[-75,17],[-91,39],[-35,42],[-34,105],[-4,82],[50,54],[18,67],[6,50],[-4,92],[-30,77],[-9,48],[9,69],[34,77],[-1,15]],[[24082,18084],[3,79],[-27,67],[-195,290],[-113,171],[-72,135],[-81,73],[-37,85],[-53,60],[-41,25],[-83,24]],[[23383,19093],[55,96],[64,83],[85,42],[64,21],[42,59],[19,43],[43,-30],[97,-86],[37,-98],[24,-41],[30,-20],[31,32],[28,219],[149,84],[-8,48],[17,99],[1,48],[42,42],[24,160],[4,82],[46,233],[34,62],[5,27],[35,45],[77,70],[61,44],[-170,299],[-72,79],[-65,43],[42,34],[113,-19],[131,29],[-20,103],[-16,142],[22,16],[52,6],[-117,182],[-52,71]],[[23383,19093],[-166,47],[-38,-1],[-62,-55],[-30,-13],[-47,13],[-24,18],[-74,101],[-223,252],[-108,84],[-34,41]],[[16928,23030],[-30,40],[-148,146],[-39,44],[-57,98],[-43,107],[-40,135],[-41,109]],[[16530,23709],[266,239],[25,28]],[[16821,23976],[210,-88],[73,-58],[1,27],[42,95],[9,2],[128,-186],[377,242]],[[16821,23976],[45,76],[-92,81],[-11,37],[-32,28],[-95,50],[-42,56],[-8,52],[-264,176],[26,45],[2,73],[39,0],[1,32],[74,110],[-30,21],[51,95],[8,74]],[[17286,26614],[39,186],[11,36],[86,190],[38,76],[60,99],[18,41],[5,56],[-43,235],[2,30],[28,82],[20,30]],[[17550,27675],[235,267],[40,39],[213,113],[70,63],[8,-116],[279,36],[36,-19],[56,-13],[60,-46],[77,-13]],[[23659,28498],[4,-60],[28,-43],[11,-49],[2,-64],[-28,-84],[9,-57]],[[23685,28141],[6,-64],[-13,-42],[3,-58],[-11,-36],[12,-149],[14,-64],[38,-41],[10,-42],[-4,-228],[-24,-128],[-76,-150],[0,-48]],[[23685,28141],[57,21],[125,-64],[30,1],[31,33],[3,24],[65,24],[-8,-38],[136,-26],[-47,-232],[111,-25],[15,63],[25,37],[63,-14],[34,137],[33,55],[65,-124],[32,-73],[32,-31],[60,-15],[53,18],[28,84],[50,96],[117,87],[21,-38],[-38,-24],[27,-53],[92,54],[34,124],[-24,9],[37,48],[-46,16],[20,75],[-29,29],[108,1],[37,-10],[-11,-33],[258,135],[4,-9],[115,-32],[65,33],[-24,55],[-45,14],[-84,49],[-11,74],[97,19],[-9,-67],[58,-4],[-3,-33],[42,-2],[11,67],[52,-6],[-9,-70],[51,-8],[18,118],[81,9],[156,27],[93,33],[-44,208],[52,10],[41,43],[27,-134],[36,42],[38,24],[95,-34],[85,18],[90,36],[-39,64],[97,33],[26,-20],[42,51],[-37,22],[21,47],[29,33],[-15,57],[13,65],[147,30],[117,36],[46,29],[59,11],[25,-64],[30,-34],[41,-73],[-61,-35],[-63,-82],[56,-148],[301,115],[-41,104],[11,84]],[[27164,29317],[80,5],[80,34],[60,46],[37,62],[7,99],[11,22],[42,29],[110,60],[46,17],[75,12],[165,66],[246,104],[36,52],[-1,37],[16,39],[73,125],[49,140],[33,126],[31,49],[90,52],[100,34],[81,38],[107,-14],[29,13],[30,58],[39,28],[100,7],[75,28],[36,-7],[96,15],[68,-15],[66,27],[59,-14],[15,56],[83,51],[302,162],[69,39],[-94,164],[-143,255],[-27,54],[-227,-115],[-51,84],[69,33],[34,5],[56,31],[107,32],[88,9],[105,-20],[22,35],[56,-11],[50,15],[80,36],[147,59],[63,15],[140,-19],[72,-19],[41,-33],[76,-104],[77,-125],[7,1],[470,-141],[310,-105],[-8,95],[-13,92],[-24,125],[-3,45],[1,195],[-21,149],[22,174],[151,297],[-17,52],[41,26],[98,35],[56,-22],[61,-45],[29,23],[57,-38],[39,-41],[95,-35],[36,14],[107,-26],[53,4],[56,18],[6,21],[65,26],[53,36],[14,48],[107,-10],[41,23],[59,91],[19,19],[24,99],[6,70],[16,2],[112,-31],[35,-26],[92,-28],[116,-3]],[[32914,32609],[-47,-29],[-19,-36],[11,-34],[-7,-61],[-26,-105],[26,-91],[45,-56],[47,-41],[-22,-102],[3,-47],[26,-19],[114,-167],[38,-46],[16,-68],[17,-149],[19,-84],[38,-11],[41,-75],[18,-20],[2,-38],[53,-60],[38,-63],[-27,-27],[18,-57],[-7,-59],[13,-30],[-18,-100],[4,-39],[36,-76],[27,-29],[55,-26],[54,-67],[38,-24],[38,-50],[77,-79],[39,-53],[41,-34],[48,-19]],[[33781,30438],[-26,-57],[-32,-5],[-69,66],[-32,56],[-71,49],[-47,3],[-47,-22],[-46,-51],[-22,-53],[-64,6],[-49,29],[-49,60],[-29,95],[-69,11],[-14,45],[-24,10],[-46,-22],[-37,9],[-93,43],[-18,-37],[-93,-6],[-85,-57],[-149,49],[-26,-60],[-66,-53],[-122,-42],[-44,-51],[-10,-42],[32,-59],[48,-28],[50,2],[39,-14],[39,-46],[-15,-19],[18,-64],[18,-96],[-4,-35],[-64,-52],[-64,-5],[-90,24],[-36,1],[-25,-54],[10,-72],[-24,-48],[-70,-25],[-144,12],[-19,27],[-2,50],[-53,43],[-71,16],[-30,-24],[1,-67],[41,-55],[71,-173],[102,-83],[26,-48],[-10,-71],[-30,-71],[16,-53],[49,-41],[-19,-38],[0,-71],[39,-68],[16,-61],[52,-78],[32,-37],[31,-111],[7,-64],[13,-45],[-1,-42],[-17,-35],[60,-45],[62,-56],[-34,-58],[23,-29]],[[32375,28445],[15,-61],[-34,-52],[7,-55],[24,-59],[3,-41],[-26,-36],[-44,-84],[-45,-19],[-101,51],[-29,32],[-31,11],[-68,-37],[-98,-79],[-69,-76],[-53,1],[-64,64],[-38,-12],[-57,-128],[-10,-66],[-33,6],[-20,35],[-62,55],[-35,-20],[-23,-30],[-58,-8],[-42,54],[0,92],[18,49],[1,44],[27,17],[47,-8],[35,34],[-78,74],[-4,28],[49,18],[10,22],[-44,46],[3,44],[-31,5],[-26,-61],[-40,-5],[-46,37],[-18,76],[-64,16],[-17,17],[21,41],[73,37],[29,27],[-6,38],[-117,30],[-23,64],[-77,-3],[-68,-41],[-85,-72],[2,-19],[43,-12],[7,-44],[-30,-19],[-45,14],[-33,69],[-54,19],[-48,-32],[0,-56],[-30,-16],[-49,29],[-53,13],[-33,26],[-154,20],[-88,39],[-47,-9],[-118,-68],[-15,-44],[20,-84],[-44,-28],[-31,10],[-16,-34],[37,-31],[-29,-26],[-92,34],[-13,48],[-79,29],[-42,5],[-26,-36],[9,-28],[52,-42],[17,-29],[-14,-20],[-121,-64],[-96,-14],[-32,14]],[[28257,28105],[-98,44],[-177,99],[-61,21],[-116,20],[-79,37],[-161,0],[-114,-7],[-126,-30],[-29,-1],[-147,47],[-76,32],[-36,8],[-107,-17],[-145,-33],[-204,-18],[-68,-13],[-171,-48],[-81,-14],[-84,-6],[-77,-50],[-189,-82],[-73,-36],[-42,-29],[-41,-61],[-35,-29],[-74,-8],[-39,-21],[-40,-40],[-137,-193],[-121,-112],[-160,-63],[-106,-56],[-41,-68],[-53,-67],[-29,-26],[-160,-118],[-74,-68],[-19,-25],[-16,-58],[-92,-118],[-44,-48],[-71,-66],[-54,-31],[-55,-12],[-142,-18],[-56,-15],[-61,-29],[-45,-34],[-43,-48],[-21,-39]],[[28051,24968],[-104,-104],[-33,-21],[-66,-9],[-114,27],[-103,18],[-50,14],[-34,24],[-70,68],[-45,68],[-29,88],[-23,36],[-51,28],[-128,-9],[-50,3],[-147,19],[-80,34],[-56,52],[-63,46],[-367,254],[-97,36],[-85,-2],[-208,-33],[-68,-22],[-253,-130]],[[25727,25453],[-66,-17],[-331,-41],[-80,6],[-132,17],[-86,-10],[-529,-112],[-183,-37]],[[20935,18677],[-44,34],[-124,-59],[-12,-46],[-51,-25],[-29,-28],[-40,-12],[-20,-42],[-68,55],[-46,52],[-46,4],[-22,-22],[3,-51],[-23,-137],[2,-150],[-15,-137],[-54,-67],[-16,-57],[-53,-29],[-61,-53],[-15,-23],[2,-79],[13,-54],[-13,-74],[28,-21],[8,-82],[-13,-68],[-69,-29],[-67,-57],[-14,-43],[10,-63],[19,-51],[-8,-75],[-20,-42],[-14,-70],[-57,-42],[-33,-61],[9,-55],[18,-19],[100,-5],[25,-13],[5,-81],[43,-37],[-4,-134],[77,-55],[52,-12],[10,-15],[2,-66],[12,-50],[18,-21],[49,-25],[49,-99],[71,42],[38,5],[9,-23],[2,-69],[-22,-81],[40,-38],[34,25],[48,-44],[28,-44],[149,-14],[65,-55],[34,-87],[1,-26],[-56,-59],[-6,-31],[-92,-79],[-134,-71],[-70,-44],[-77,-27],[-95,6],[-36,-23],[-25,-37],[-86,-90],[-112,-100],[-104,-108],[-94,-108],[-57,-36],[-74,-36],[-73,-50],[-147,-47],[-163,-41],[-132,-42],[-48,-21],[-59,-49]],[[19195,14784],[-38,12],[70,-268],[53,-142],[29,-119],[80,-519],[22,-171],[34,-119],[38,-70],[94,-114],[445,-571],[253,-326],[226,-288],[52,-79],[27,-52],[32,-117],[-13,-841],[0,-79],[-9,-321],[-5,-36],[7,-61],[-6,-114],[-12,-90],[-38,-191],[-20,-40],[-69,-60],[-76,-75],[-73,-79],[-164,-198],[-53,-83],[-15,-38],[-18,-114],[5,-133],[-46,-101],[-6,-131],[48,-278],[79,-395],[35,-81],[56,-53],[63,-46],[105,-49],[133,-70],[99,-87],[95,-53],[107,-70],[85,-71],[20,-58],[1,-107],[-13,-90],[-12,-145],[15,-33],[20,-128],[12,-109],[24,-94],[-50,-104],[-24,-27],[20,-55],[-7,-71],[-39,-173],[-21,-43],[7,-68],[12,-23],[-3,-100],[30,-103],[31,-72],[-3,-41],[29,-101],[30,-56],[-19,-73],[12,-34],[2,-87],[9,-30],[53,-59],[-2,-47],[26,-59],[-7,-60],[32,-38],[-2,-30],[200,48],[-10,-32],[-67,-70],[-45,-72],[-42,-19],[-12,-24],[14,-50],[44,-58],[-14,-30],[-1,-44],[18,-27],[-20,-75],[11,-21],[72,-3],[76,-28],[3,-48],[-35,-44],[-28,-68],[-5,-58],[47,-63],[1,-139],[-15,-37],[-62,-42],[-2,-36],[50,-62],[16,-81],[-70,7],[-42,-25],[-2,-67],[-12,-26],[-61,-22],[-16,-47],[-22,-23],[-27,4],[-98,45],[-16,-14],[5,-59],[-13,-85],[8,-36],[26,-36],[-13,-19],[32,-39],[19,-44],[79,-4],[17,-47],[25,-16],[82,10],[75,49],[78,-13],[29,-21],[28,-56],[-2,-33],[-27,-23],[-7,-47],[-46,-38],[18,-65],[65,-120],[-35,-56],[17,-56],[-19,-58],[5,-26],[-72,-18],[-45,-60],[-52,-14],[2,-48],[106,-81],[53,-49],[32,-7],[10,-82],[-15,-42],[7,-26],[35,-25],[-3,-21],[-40,-29],[-23,-30],[-49,-28],[25,-50],[-56,6],[-9,-25],[28,-52],[40,-13],[-16,-45],[20,-70],[-60,-52],[-70,-19],[-13,-28],[31,-19],[-21,-24],[-35,-11],[-18,-67]],[[21155,2167],[-14,-36],[4,-63],[-37,-20],[-17,11],[-3,70],[-126,64],[-43,-44],[-65,18],[-60,-59],[6,-36],[-48,-4],[-19,-20],[-4,-39],[-87,-16],[-34,-13],[-65,7],[-34,-25],[-5,-37],[-76,-8],[-28,11],[-30,-15],[-7,-41],[-35,-11],[-29,16],[-15,-30],[-51,-23],[-36,-43],[-140,-68],[-44,-35],[-42,-20],[24,-53],[10,-85],[14,-65],[58,-88],[15,-52],[-3,-133],[20,-44],[-10,-47],[54,-26],[34,-41],[51,-37],[57,-12],[4,-32],[-20,-27],[-63,-47],[-29,-11],[-79,-4],[-38,-17],[-31,-78],[-39,-33],[-34,3],[-64,31],[-40,-9],[-51,-55],[-30,-98],[-42,-33],[-37,-7],[-39,13],[-35,-8],[-55,-46],[-193,-62],[-87,-55],[-29,-36],[-51,33],[-36,97],[-66,130],[-80,64],[-103,123],[-30,22],[-93,41],[-35,32],[-15,61],[-83,110],[-15,9],[-60,-12],[-100,11],[-127,-9],[-43,-15],[-86,-13],[-63,-19],[-87,32],[-61,-41],[-34,-7],[-164,76],[-68,40],[-27,27],[-49,72],[-44,115],[-46,45],[-107,-2],[-15,-11],[-38,-69],[-49,-39],[-39,-6],[-69,21],[-61,6],[-56,-5],[-53,-45],[-50,-83],[-127,-81],[-89,-84],[-42,-23],[-99,-31],[-80,-37],[-26,-3],[-55,33],[-89,16],[-57,-3],[-33,-14],[-51,-77],[-55,-50],[-79,-28],[-48,2],[-23,-33],[-14,-46],[-28,-30],[-34,-12],[-137,19],[-99,41],[-25,22],[-23,69],[-27,17],[-122,-53],[-44,-14],[-93,-4],[-79,-27],[-124,-33],[-39,-2],[-57,16],[-105,42],[-81,50],[-79,84],[-40,4],[-45,-28],[-56,-4],[-116,29],[-40,-13],[-21,-59],[-21,-23],[-38,-14],[-115,-16],[-88,-3],[-21,-14],[13,-47],[-82,-57],[-36,33],[-23,5],[-71,-21],[-71,-32],[-59,-79],[-18,-39],[-72,-121],[-40,-53],[-41,-35],[-77,-16],[-43,-61],[-32,-88],[-31,-17],[-77,5],[-76,45],[-33,-2],[-45,-47],[-28,-76],[-44,-34],[-30,-3],[-58,13],[-41,26],[-14,26],[-1,44],[-24,27],[-37,12],[-31,33],[-28,59],[0,50],[41,46],[149,73],[136,104],[6,25],[-16,70],[8,52],[59,56],[31,99],[-1,79],[83,83],[3,64],[13,19],[76,12],[30,16],[8,80],[41,29],[47,65],[6,74],[36,70],[39,33],[28,45],[-45,35],[3,68],[26,20],[59,-1],[29,28],[43,99],[48,26],[6,118],[-30,38],[-104,-5],[-39,6],[-48,89],[-90,93],[-77,42],[-29,34],[-24,76],[4,23],[37,23],[16,35],[-10,38],[-28,39],[-80,81],[-71,27],[-99,-40],[-38,14],[-16,38],[-19,6],[-49,-29],[-40,21],[-22,63],[-90,119],[-44,19],[-22,47],[30,56],[20,61],[-3,22],[-35,47],[3,30],[31,54],[2,52],[-74,24],[-50,-9],[-51,3],[-52,34],[-52,21],[-56,7],[-76,73],[-56,30],[8,87],[-20,47],[-54,34],[-38,76],[-26,24],[-73,36],[-63,20],[-48,-6],[-28,-50],[-38,-38],[-79,-29],[-53,11],[-32,18],[-41,47],[-35,79],[-36,31],[-170,87],[-57,9],[-70,-12],[-94,-30],[-72,-5],[-44,30],[-23,89],[20,99],[-11,34],[-42,73],[-14,43],[-2,55],[17,81],[-8,41],[-33,72],[-65,219],[-8,66],[-20,71]],[[11256,4688],[-3,99],[43,38],[-58,41],[-36,-1],[34,102],[-15,70],[-19,34],[1,54],[33,39],[-7,24],[-33,20],[29,54],[-21,29],[15,46],[-7,29],[34,85],[62,60],[19,28],[30,1],[-5,36],[24,40],[-2,25],[61,67],[20,3],[-11,77],[66,73],[2,25],[33,42],[-11,23],[11,35],[-13,30],[25,19],[9,34],[-16,22],[-5,58],[40,18],[-62,70],[-43,-20],[-9,48],[-41,33],[22,21],[-23,93],[34,4],[-9,37],[-29,4],[-4,40],[99,-54],[65,2],[52,-9],[44,-28],[36,-41],[27,-79],[-2,-124],[39,-42],[55,-10],[94,33],[39,1],[65,-36],[365,-52],[86,25],[457,58],[14,31],[25,1981],[-31,47],[-30,16],[-64,105],[-45,47],[-5,28],[21,53],[1,43],[-24,25],[37,116],[-23,122],[-30,33],[2,72],[32,29],[41,2],[51,-27],[45,-5],[65,-55],[83,-31],[46,15],[94,-1],[68,10],[97,-14],[36,27],[95,18],[24,11],[6,47],[48,69],[10,35],[-18,61],[37,87],[3,55],[-34,73],[-15,12],[-46,-4],[-50,-19],[-5,72],[72,46],[24,27],[31,75],[-2,57],[24,91],[-29,65],[-86,68],[-39,23],[-22,28],[-51,26],[-85,133],[-34,10],[-41,41],[-63,26],[-8,32],[-35,11],[-47,58],[-42,30],[-34,-12],[-58,51],[-34,-4],[-20,23],[-92,60],[-73,59],[-55,13],[-40,38],[-121,12],[-29,21],[-41,-2],[-128,58],[-45,10],[-103,7],[-167,39],[-54,-32],[-30,5],[-55,29],[-86,22],[-17,16],[-57,1],[-7,37],[-22,15],[-10,49],[15,34],[-5,62],[23,19],[27,52],[-4,26],[27,42],[-24,20],[18,84],[28,-9],[27,14],[42,61],[62,27],[27,3],[28,25],[10,37],[-29,54],[29,36],[37,77],[38,46],[4,40],[28,2],[70,44],[32,56],[-16,29],[28,25],[34,-18],[40,22],[41,49],[-49,81],[25,35],[46,4],[39,37],[-14,31],[-72,10],[-9,50],[20,26],[-17,49],[26,31],[-41,20],[-47,151],[2,63],[11,59],[33,88],[53,82],[46,39],[92,35],[178,35],[59,23],[30,26],[57,70],[83,127],[33,37]],[[12913,12857],[43,36],[62,30],[35,-2],[70,25],[75,64],[27,36],[55,122],[23,90],[17,99],[5,138]],[[13325,13495],[109,52],[56,76],[22,52],[7,44],[1,91],[-2,148],[13,155],[22,77],[33,57],[47,53],[86,47],[70,20],[69,10],[92,-5],[135,-16],[83,-15],[89,-35],[112,-81],[129,-124],[57,-22],[44,-5],[51,8],[175,71],[147,56],[180,40],[84,22],[54,27],[38,43],[30,93],[3,96],[-13,340],[36,500],[30,106],[33,66],[54,85],[105,144],[54,84],[19,64],[5,82],[-5,93],[-34,108],[-186,409],[-42,84],[-10,44],[9,64],[58,168],[14,64],[14,164],[-2,122],[-29,187],[-37,314],[-36,120],[-3,43],[32,-15],[129,-42],[485,-168],[11,24],[83,-29],[43,-43],[16,-44],[25,-33],[41,-18],[17,25],[53,9],[16,-35],[58,20],[53,-131],[23,-33],[168,123],[-82,130],[-233,421],[-73,136],[-77,124],[-78,97],[-82,71],[-179,125],[-57,52],[-243,306],[-49,76],[-28,83],[-11,66],[2,107]],[[15458,19389],[25,111],[27,65],[54,82],[110,131],[506,577],[41,38],[76,52],[53,26],[133,43],[100,47],[58,52],[59,83]],[[18135,19415],[33,-48],[55,-107],[90,-305],[18,-31],[74,-68],[40,-53],[124,-138],[39,-70],[31,73],[203,43],[51,27],[74,-84],[86,72],[87,-95],[9,-77],[33,27],[13,59],[95,130],[43,-32],[27,35],[-21,197],[40,-32],[81,-45],[32,-7],[20,-29],[8,-88],[30,-16],[71,16],[38,-20],[61,89],[26,66],[-44,5],[9,42],[31,-10],[60,98]],[[15458,19389],[-71,9],[-99,-13],[-6,-40],[-31,-65],[-56,-75],[-23,-41],[-66,-84],[-39,-136],[-50,-48],[-24,-49],[-229,-101],[-39,-37],[-34,-11],[-68,-70],[-110,-55],[-75,-25],[-56,-37],[-91,-27],[-132,-17],[-81,42],[-24,-7],[-45,-36],[-36,-3],[-34,14],[-52,56],[-17,-58],[-33,-32],[-36,-54],[-61,-45],[-26,-42],[-21,-52],[13,-111],[-29,-65],[-1,-51],[-23,-85],[-3,-46],[-29,-34],[-35,-72],[-15,-2],[-168,-243],[-36,-77],[-6,-29],[-43,-6],[-8,37],[-34,20],[-22,55],[-101,61],[-46,35],[-19,33],[0,55],[-76,-31],[-32,-42],[-28,-59],[16,-43],[-13,-43],[-116,-226],[-108,-220],[-32,9],[-118,-25],[-37,5],[5,40],[-98,56],[-100,48],[-21,23],[-31,-28],[-36,51],[-24,-52],[32,-108],[2,-27],[45,-74],[-4,-29],[-82,-131],[25,-62],[-33,-12],[-59,-5],[-57,29],[-23,-44],[-31,9],[-13,-49],[-55,-5],[-62,-68],[-37,3]],[[11887,16615],[48,44],[2,22],[-50,89],[-40,137],[-5,49],[-129,197],[0,59]],[[11713,17212],[-1,40],[54,118],[41,69],[-10,28],[-11,108],[10,31],[54,70],[13,90],[58,57],[28,49],[64,150],[5,71],[18,38],[1,73],[-13,9],[-11,74],[18,16],[32,65],[10,67],[-12,36],[29,83],[-22,21],[9,37],[42,53],[-1,73],[15,17],[1,51],[58,181],[-17,91],[-15,43],[11,24],[-14,41],[-6,66]],[[12151,19252],[22,12],[134,107],[43,107],[-1,36],[45,76],[62,52],[57,8],[18,56],[114,55],[76,0],[17,23],[168,105],[-8,59],[39,95],[22,73],[65,49],[115,47],[36,42],[45,11],[109,58],[19,59],[66,119],[99,94],[12,37],[51,47],[55,84],[68,45],[31,30],[8,53],[26,83],[34,14],[13,26],[63,65],[90,44],[46,42],[72,-14],[74,55],[41,103],[5,48],[-10,46],[12,21],[48,11],[27,20],[11,47],[28,28],[-60,19],[-22,70],[-39,47],[-42,1],[-79,44],[-47,16],[-80,54],[-31,-3],[-42,16],[-53,64],[6,56],[-51,73],[-25,48]],[[13753,22035],[22,54],[75,46],[66,30],[163,63],[19,16],[-36,47],[-53,36],[-36,70],[31,61],[5,28]],[[14009,22486],[271,-2],[90,19],[92,45],[102,18],[214,-10],[100,23],[122,-275],[125,55],[29,30],[21,60],[33,42],[85,42],[76,50],[73,64]],[[15442,22647],[64,55],[61,-71],[4,-18],[-16,-94],[7,-48],[110,-186],[37,-157],[35,-52],[12,-49],[15,-122],[29,3],[68,108],[31,19],[39,2],[113,-39],[20,-14],[169,-233],[32,-11],[23,12],[51,56],[-7,72],[13,76],[31,60],[28,31],[62,32],[45,44],[-21,-76],[-21,-106],[8,-44],[29,12],[39,-19],[44,5],[-7,-79],[28,-7],[75,16],[19,18],[16,120],[94,37],[8,-22],[-28,-71],[107,-14],[109,-6]],[[15442,22647],[-49,29],[-11,25],[9,47],[-11,33],[-43,34],[17,51],[-9,37],[-39,87],[30,113],[90,41]],[[15426,23144],[233,105],[134,63],[226,98],[174,-59],[-20,523],[0,66],[23,44]],[[16196,23984],[194,-106],[69,-55],[32,-42],[39,-72]],[[15426,23144],[-29,36],[121,57],[-20,149],[-33,-8],[-42,52],[-83,14],[-7,12],[-145,-87],[2,-39],[-20,-25],[-50,26],[-79,-46],[9,-18],[-68,-34],[-43,-51],[-95,50],[-25,23],[-109,143],[47,35],[-103,135],[44,34],[-87,114],[46,33],[42,9],[-32,58],[-110,163]],[[14557,23979],[65,22],[44,45],[30,14],[90,3],[38,16],[275,165],[25,31],[22,50],[2,116],[49,84]],[[15197,24525],[68,-52],[49,-28],[642,-337],[240,-124]],[[15197,24525],[-149,134]],[[16268,27596],[66,36],[55,-4],[2,29],[62,48],[29,-19],[34,-3],[45,20],[46,9],[51,-32],[31,15],[44,-21],[31,5],[62,-60],[65,122],[18,-21],[34,2],[136,-20],[52,53],[7,55],[55,92],[155,-88],[37,-11],[63,9],[-39,-133],[80,-15],[61,11]],[[28322,33414],[5,-40],[-121,-338],[-106,-61],[-46,-8],[-73,-27],[-49,-38],[-88,-38],[-70,16],[-40,-28],[-31,4],[-88,28],[-75,-46],[0,-62],[-22,-43],[15,-29],[1,-130],[60,-87],[17,-38],[-32,-37],[9,-51],[-41,-52],[17,-34],[-39,-5],[-21,-27],[-1,-36],[237,34],[-22,-143],[-33,-121],[-68,3],[-53,-12],[-54,4],[-32,-42],[4,-114],[-29,-24],[3,-35],[-88,-86],[-24,-69],[3,-84],[-33,-82],[-26,-30],[51,-91],[-38,-17],[-61,-45],[-124,-114],[-48,-98],[-17,-111],[-12,-146],[-54,-375],[-14,-37],[-9,-74],[-18,-50],[1,-129],[23,-109],[66,-172],[85,-211],[36,-30],[22,-76],[8,-91],[-21,-113]],[[26618,24460],[30,109],[-102,33],[-230,135],[-43,28],[-273,214],[-162,141],[26,23],[-74,79],[-24,61],[-20,148],[-19,22]],[[24082,18084],[-302,-49],[-427,-80],[-61,-95],[-12,-103],[-25,-31],[-59,195],[-331,-9]],[[22865,17912],[-82,-23],[-104,16],[-85,-1],[-127,-58],[-48,-37],[-65,-98],[-51,-26],[-65,-8],[-56,-32],[-436,350],[41,79],[5,49],[57,82],[47,121],[36,60],[-88,4],[-46,10],[-30,28],[-27,4],[-82,-15],[-31,-40],[-123,-106],[-29,-74],[-18,-23],[-64,-32],[-98,-80],[-70,50],[10,17],[-93,65],[-46,38],[-10,41],[12,62],[-3,55],[-85,60],[-77,155],[1,72]],[[22865,17912],[-11,-35],[-39,-54],[2,-32],[-35,-67],[-59,-43],[-10,-35],[51,-47],[24,-34],[25,-85],[-43,-90],[-23,-62],[-10,-92],[21,-35],[13,-63],[19,-33],[21,-93],[-5,-44],[-41,-62],[-36,-20],[-44,-56],[-55,-15],[-98,-47],[-42,-72],[-87,-98],[-54,-19],[-41,-68],[17,-41],[-66,-75],[-12,-32],[11,-45],[-54,-146],[27,-50],[-11,-36],[-29,-33],[-47,-32],[-69,-67],[-69,-25],[-30,-28],[-79,-44],[-55,-76],[-50,-23],[-67,-143],[-4,-47],[-70,-57],[-60,-27],[-49,3],[-36,-34],[-11,-56],[3,-38],[-19,-36],[-8,-71],[-22,-39],[-10,-52],[1,-126],[9,-71],[18,-63],[19,-32],[33,-24],[-73,-124],[-82,-69],[-96,-41],[-63,-91],[-16,-71],[-51,-25],[-101,-14],[-52,9],[-62,-8],[-44,11],[-81,-65],[-25,-5],[-76,45],[-33,29],[-74,25],[-45,49],[-44,8],[-47,-62],[-22,28],[-46,-4],[-43,32],[-29,50],[-70,-12],[-49,27],[-103,-48],[-38,-3],[-30,38],[-47,32],[-25,42],[-32,14],[-82,-20],[-45,77],[-10,48],[-29,23],[-42,-1],[-48,-32],[-36,-13],[-59,17],[-140,-11],[-144,31],[-90,23]],[[14009,22486],[-93,1],[-62,8],[-129,31],[-254,36],[-62,22],[-131,75],[-118,13],[-99,-7],[-67,41],[-26,45],[-70,64],[-27,37],[-6,54],[-78,73],[-77,21],[8,26],[-48,87]],[[12670,23113],[27,3],[30,77],[57,61],[20,70],[51,-13],[65,8],[100,27],[54,1],[56,13],[0,44],[27,32],[29,193],[10,11],[60,4],[18,14],[61,86],[36,22],[44,-13],[27,-53],[32,-4],[45,21],[15,26],[9,69],[15,22],[36,4],[11,33],[5,66],[22,10],[29,49],[3,64],[105,104],[18,68],[19,27],[8,70],[-33,100],[18,34],[42,22],[-18,36]],[[13823,24521],[27,-28],[125,-334],[30,-35],[25,0],[150,52],[34,-9],[48,-83],[103,-72],[33,-42],[55,23],[104,-14]],[[13823,24521],[-69,106],[-8,61],[8,126],[43,207],[-6,66],[-34,55],[-7,48],[33,165],[-10,34],[-11,121]],[[13762,25510],[17,29],[147,146],[25,43],[11,56],[87,-30],[80,-12],[54,-1]],[[29478,34652],[25,60],[1,61],[-19,31],[-12,52],[-36,40],[-36,62],[-98,98],[-6,49],[54,72],[39,75],[78,75],[27,87],[30,27],[4,41],[-29,73],[24,37],[59,-6],[59,-60],[62,-17],[57,7],[-14,71],[29,55],[55,40],[37,11],[84,69],[64,22],[117,82],[0,15],[-49,55],[-58,132],[1,35],[25,35],[121,54],[44,73],[13,49],[47,106],[-1,19],[58,64],[38,11],[46,-20],[24,14],[50,107],[9,55],[60,43],[7,38],[-38,74],[21,55],[44,38],[44,12],[125,-51],[60,26],[32,45],[44,95],[40,62],[65,81],[15,27],[18,96],[32,38],[96,60],[22,37],[9,78],[-18,30],[-71,56],[-6,41],[33,31],[115,45],[66,10],[108,-38],[51,9],[25,16],[74,77],[6,39],[-13,49],[-27,47],[7,33],[74,-3],[52,26],[12,48],[-2,106],[-10,57],[20,81],[4,48],[34,35],[67,42],[91,98],[72,-3],[144,-62],[87,-22],[48,3],[69,17],[44,23],[21,71],[18,28],[69,42],[17,31],[0,51],[14,61],[84,115],[61,62],[72,-30],[61,-5],[85,10],[60,16],[90,57],[115,79],[73,17],[45,18],[52,-9],[56,1],[71,67],[55,4],[112,-115],[19,-59],[-33,-68],[21,-141],[22,-94],[46,-65],[59,-34],[26,-25],[28,-53],[101,-103],[20,-76],[-15,-26],[-68,-52],[-18,-63],[11,-80],[50,-124],[53,-47],[24,-54],[-8,-54],[-24,-45],[-1,-82],[-10,-74],[-27,-39],[-62,-47],[-33,-65],[20,-48],[-6,-37],[20,-41],[59,-29],[25,-22],[52,-72],[-22,-132],[-4,-98],[-27,-39],[-45,-29],[-42,-71],[4,-56],[23,-54],[37,-129],[19,-32],[104,-117],[11,-21],[8,-86],[33,-41],[49,-16],[50,-34],[47,-51],[57,-14],[61,10],[133,-16],[73,18],[79,5],[49,12],[118,-1],[109,-20],[40,-37],[4,-41],[-13,-33],[8,-96],[-9,-63],[-18,-31]],[[34871,35902],[-88,-1],[-83,-28],[-27,-99],[-41,-51],[9,-58],[-43,-56],[20,-29],[-7,-25],[-41,-25],[-71,-4],[-5,-33],[39,-24],[-18,-31],[-56,-24],[-10,-29],[30,-13],[-13,-31],[-52,-27],[-27,-31],[-12,-42],[-35,-45],[-65,-22],[-55,-63],[-60,-8],[-37,-18],[-6,-50],[9,-37],[-73,-27],[-13,9],[-73,-12],[-57,-54],[-13,-29],[-41,-27],[-42,-51],[16,-27],[-3,-75],[-108,-110],[-61,-16],[-27,-17],[-71,23],[-21,-35],[17,-38],[-26,-39],[-58,-59],[-77,-55],[-59,-8],[-70,-44],[-60,-21],[-31,-48],[0,-32],[-30,-30],[-42,-14],[-19,-87],[6,-55],[54,-121],[31,-40],[7,-43],[25,-47],[-3,-63],[-15,-58],[18,-55],[-2,-35],[-55,-112],[-7,-42],[43,-25],[0,-60],[-27,-50],[-35,-36],[-43,-22],[-18,-41],[45,-20],[17,-27],[36,-10],[20,-28],[-7,-70],[7,-29],[32,-24],[24,-38],[27,-78],[2,-75],[9,-38],[-158,-42],[-203,-82]],[[32375,28445],[36,8],[35,-43],[38,-13],[41,3],[23,22],[-10,27],[-45,25],[62,75],[55,34],[11,-24],[3,-64],[16,-79],[14,-33],[40,-48],[22,-69],[57,-42],[9,-25],[-4,-92],[9,-36]],[[32787,28071],[-118,-42],[-417,-226],[-58,-43],[-236,-264],[-42,-35],[-71,-26],[-409,-27]],[[31436,27408],[-61,1],[-654,72],[-224,22],[-572,62]],[[31953,21099],[79,0],[58,-8],[64,21],[57,-4],[34,-47],[105,-56],[68,-22],[51,-32],[0,-56],[18,-55],[23,-21]],[[32510,20819],[-33,-12],[-17,-67],[-27,-42],[-57,-20],[-102,-116],[-29,-77],[-35,-21],[-33,-45],[-55,-27],[-13,-44],[-24,-36],[-8,-99],[-27,-61],[-43,-25],[-7,-94],[18,-31],[-20,-60],[-24,-34],[13,-46],[-28,-73],[-32,-55],[-71,-74],[-49,-95],[-48,-73],[-45,-106],[-8,-77],[21,-81],[18,-32],[-5,-41],[49,-25],[-4,-65],[-23,-42],[-7,-55],[18,-101],[21,-35],[48,-47],[11,-51],[1,-75],[48,-106],[36,-97],[17,-74],[47,-80],[65,-68],[-2,-121],[6,-48],[-105,-51],[-58,-13],[-93,-74],[-17,-26],[-25,-70],[-135,-51],[-74,-61],[-67,-13],[-63,-31],[-33,-50],[-27,-67],[-80,-62],[-140,-51],[-48,-52],[5,-113],[-6,-20],[-40,-6],[-62,33],[-54,19],[-35,31],[-6,54],[-49,25],[-48,-13],[-53,20],[-30,-1],[-26,54],[2,39],[-119,74],[-91,-16],[-41,7],[-86,61],[-43,-29],[-32,-64],[-20,-22],[-78,-20],[-1,-38],[-16,-51],[10,-107],[14,-22],[-36,-64],[-20,7],[-63,-15],[-100,17],[-28,-4],[-31,-65],[-12,-62],[-23,-36],[-114,-76],[-30,-36],[-79,-51],[-31,-1],[-21,-66],[-35,-60],[3,-74],[10,-44],[-33,-51],[-46,21],[-52,-66],[-21,-62],[-100,-52],[-86,-77],[-65,-84],[-58,-48],[-60,-29],[-112,-41],[-147,-64],[-34,-26],[-39,-1],[-39,21],[-55,-28],[-18,-44],[0,-63],[-47,-49],[-149,-40],[-63,-35],[-56,-58],[-25,-13],[-9,-37],[29,-51],[-41,-74],[-57,-43],[-29,-1],[-85,31],[-83,-3],[-45,-36],[-6,-89]],[[31198,10288],[-67,-68],[-89,-47],[-69,-25],[-16,53],[-63,-48],[-139,-67],[-71,-52],[-105,-130],[-38,-28],[-46,-51],[-64,-27],[-31,-31],[-158,-39],[-88,-8],[-59,20],[-67,10],[7,62],[-38,10],[-123,-66],[-46,-50],[-19,-37],[-3,-47],[47,-33],[0,-40],[-44,-22],[-19,11],[-15,44],[-42,4],[-11,-51],[-45,34],[-188,-23],[33,-74],[59,31],[58,15],[23,-11],[53,-59],[53,-4],[-2,-32],[-50,-51],[30,-33],[-37,-49],[-49,-32],[0,-52],[-40,-73],[1,-82],[-36,-69],[-56,-42],[60,-44],[43,55],[94,51],[42,-6],[11,-83],[41,-46],[-12,-34],[-41,-24],[-37,-56],[-25,-64],[-50,-103],[-51,-42],[-28,-70],[-34,-29],[-171,-36],[-59,-33],[-41,-10],[-86,17],[-60,-24],[-11,-43],[-37,-29],[-51,-15],[-55,-61],[-17,-47],[-23,-33],[-15,-60],[-51,-45],[2,-48],[-28,-68],[-46,-13],[-16,-38],[-3,-69],[-38,-47],[0,-69],[57,-27],[11,-38],[-35,-22],[-42,10],[-29,40],[-62,32],[-71,75],[-53,45],[-59,81],[-21,-3],[-50,-87],[-22,-76],[-37,-27],[7,-40],[49,11],[24,-24],[-4,-26],[-32,-67],[-8,-104],[-21,-75],[-53,-38],[-30,-82],[-28,-24],[-45,4],[-45,-50],[-61,-28],[-22,-64],[-46,-33],[-4,-63],[-21,-39],[-52,-33],[-65,-13],[-44,8],[-5,-29],[-55,-85],[-44,-42],[-57,-109],[-36,-53],[-42,-35],[-45,-6],[-33,15],[-7,32],[49,38],[-4,23],[-78,25],[-29,-2],[-78,-44],[-52,-59],[-50,-99],[-37,-50],[-104,-94],[-25,-42],[-11,-61],[7,-66],[-6,-130],[-14,-32],[-67,-86],[-77,-70],[-3,-23],[-40,-80],[-54,-47],[-62,-26],[-62,7],[-33,-21],[-90,-95],[-67,-17],[-59,19],[-40,-23],[-53,12],[-35,21],[-45,5],[-44,-13],[-121,3],[-69,-24],[-56,-55],[-28,-1],[-58,37],[-40,12],[-105,-12],[-29,-17],[-30,-62],[-30,-34],[-51,-22],[27,-50],[4,-37],[-38,-30],[-11,-69],[15,-7],[46,24],[34,-13],[-6,-38],[-36,-37],[-79,-42],[-61,-7],[-50,-99],[-30,-25],[-54,-18],[-46,-4],[-34,-25],[-59,0],[-53,-28],[-45,-10],[-68,-72],[-17,-59],[-53,-17],[28,-68],[-40,-76],[-44,-34],[-41,0],[-46,-31],[-42,21],[-106,6],[-47,-49],[-102,-80],[-42,-44],[-10,-35],[38,-39],[-27,-42],[-44,-31],[-17,-27],[-64,-10],[-45,22],[-29,-6],[13,-37],[2,-48],[-11,-73],[-41,-61],[-63,-34],[-1,-54],[-19,-35],[-63,-7],[-15,-43],[20,-106],[-12,-56],[-15,-15],[-65,1],[-38,-18],[-81,-23],[-23,-19],[-16,-95],[-65,-101],[-14,-33],[-52,-52],[-56,-15],[-15,42],[-126,-112],[-15,-66],[-26,-37],[2,-104],[-9,-25],[-66,-48],[-48,-19],[-46,24],[-3,38],[15,45],[-12,57],[71,63],[-6,22],[-46,-3],[-5,94],[-17,17],[-86,36],[-17,-10],[8,-51],[-14,-57],[-18,-32],[-14,-55],[-20,-33],[-19,-64],[-43,-38],[-28,-10],[-74,-4],[-29,-9],[-37,-33],[-24,-47],[-37,-34],[-9,-41],[-45,-26],[-77,37],[-38,29],[-57,-41],[-41,-87],[-26,-25],[-95,-39],[-13,-57],[-22,-20],[-75,-19],[-70,-7],[-38,-60],[-87,-20],[-76,-6],[-82,-83],[-69,-45],[-38,11],[-16,53],[-47,37],[-37,8],[-112,-14],[-213,-75],[-36,-26],[-70,-5],[-31,-12],[-55,-74],[-47,-25],[-98,-15],[-30,8]],[[13325,13495],[-20,100],[-19,22],[-96,50],[-45,3],[-71,-42],[-75,-15],[-43,34],[1,37],[-23,57],[-55,1],[-32,30],[-37,8],[-27,26],[-38,-61],[-37,-8],[-11,38],[-33,0],[-37,63],[-83,48],[-48,16],[6,24],[-66,21],[-18,-12],[-29,60],[-44,31],[-73,68],[-14,52],[32,78],[-8,18],[-84,26],[-59,41],[-154,43],[-1,22],[23,149],[-7,30],[-60,73],[-50,111],[-26,42],[-3,108],[43,61],[109,65],[35,31],[25,78],[94,180],[-17,46],[40,71],[6,41],[-32,2],[-6,110],[10,29],[-4,74],[-39,52],[16,40],[2,45],[16,45],[-23,42],[23,60],[3,58],[19,48],[-1,34],[40,73],[-7,80],[-12,13],[11,79],[-31,48],[-30,20],[-96,21],[-25,26],[-28,-4],[-72,22],[-50,27],[-92,14],[-35,28],[8,26],[42,29],[64,18],[20,-4]],[[12151,19252],[0,6],[-591,246],[-101,38],[-748,314],[44,-6],[31,17],[54,-35],[34,6],[18,35],[70,24],[27,133],[27,46],[52,34],[42,16],[26,34],[22,-1],[-8,60],[23,21],[14,47],[45,40],[22,50],[41,-17],[24,24],[-33,35],[-99,68],[28,85],[40,27],[33,57],[0,60],[18,62],[-30,82],[-46,46],[-18,50],[-40,52],[-16,36],[4,29],[38,54],[54,55],[29,46]],[[11281,21228],[50,51],[70,4]],[[11401,21283],[68,-5],[89,17],[137,57],[100,3],[26,31],[25,93],[20,30],[32,4],[67,-11],[28,-14],[71,-67],[29,4],[70,50],[53,11],[42,-10],[35,-45],[44,-4],[73,79],[94,25],[68,41],[54,2],[96,-24],[28,1],[33,29],[31,60],[21,10],[93,-37],[57,-9],[36,11],[61,122],[55,37],[62,4],[82,-26],[71,4],[66,50],[29,13],[128,25],[45,28],[133,163]],[[11401,21283],[17,38],[-33,116],[29,60],[-13,44],[-70,77],[41,29],[15,35],[-3,30],[-40,60],[-2,78],[29,44],[34,76],[15,50],[-4,51],[40,29],[-5,69],[24,74],[35,61],[24,66],[-30,77],[-78,67],[-5,17],[48,90],[73,-7],[106,25],[49,61],[43,-42],[42,-8],[57,20],[24,-4],[24,-30],[66,58],[74,5],[23,18],[8,50],[55,37],[43,17],[18,54],[47,77],[61,21],[52,-12],[37,6],[49,40],[33,80]],[[12453,23087],[31,37],[65,19],[121,-30]],[[11401,21283],[-63,91],[-39,75],[-10,33],[-34,29],[-52,-5],[-52,9],[-121,61],[-61,43],[-75,135],[-5,32],[20,38],[49,54],[44,68],[58,61],[65,104],[-7,67],[8,32],[-11,34],[17,92],[-26,41],[-61,-2],[-18,15],[-49,4],[-22,24],[18,42],[2,96],[-28,51],[15,51],[-38,75]],[[10925,22733],[-33,59],[34,38],[1,72],[55,68],[30,48],[-9,33],[33,75],[-20,26],[7,45],[28,21],[10,59],[-19,41],[26,51],[1,26],[-79,49],[-23,23],[-81,128],[-3,22],[18,159],[-18,38],[-122,147],[-9,30],[38,62],[6,62],[-3,101],[-40,64],[10,28],[-22,87],[-40,96],[3,22],[45,53],[13,49],[-34,72],[40,93],[54,30],[81,58],[19,80],[4,55],[-7,291],[6,183],[34,75],[5,29],[3,184],[-51,88]],[[10916,25853],[283,-17],[113,33],[104,18],[77,-6],[80,-29],[109,-66],[85,-25]],[[11767,25761],[-15,-25],[89,-18],[-35,-304],[-58,-5],[15,-125],[48,-5],[-13,-52],[2,-52],[-22,-34],[20,-192],[65,13],[95,-15],[89,-32],[-5,57],[39,5],[141,-64],[27,-60],[53,-14],[16,-30],[29,24],[30,-18],[-33,-68],[-211,-537],[167,-76],[138,-55],[181,-78],[63,-7],[-23,-58],[-23,-86],[-9,-98],[42,-16],[-23,-60],[-12,-56],[-31,7],[-112,-94],[-5,-22],[-135,-93],[-87,-66],[-5,-20],[3,-123],[-12,-78],[42,14],[71,-37],[90,-21]],[[11767,25761],[224,-32],[150,-17],[54,9],[60,28],[95,101],[44,14],[48,-5],[75,-21],[271,-90],[103,-53],[138,-106],[161,-143],[71,-41],[196,-76],[57,2],[81,20],[81,77],[70,78],[16,4]],[[10916,25853],[14,85],[-8,54]],[[10922,25992],[-8,56],[16,64],[45,89],[103,113],[51,47],[120,54],[37,28],[47,94],[34,29],[17,122],[-10,61],[-66,100],[-27,17],[-43,107],[-47,27],[-18,62],[-1,48],[27,93],[38,56],[37,22],[2,18],[40,25],[32,69],[44,19],[51,52],[7,32],[41,96],[27,29],[-8,76],[62,148],[32,21],[49,8],[55,35],[60,-1],[-2,27],[34,30],[-33,63],[-49,30],[-18,66],[8,74],[16,39],[41,44],[65,23],[20,43],[-41,97],[-12,56],[5,89],[10,32]],[[10644,32370],[-15,1586],[-20,2148],[0,85],[-19,64],[-1,72],[-26,52],[-52,64],[1,72],[32,34],[10,64],[-15,22],[-44,24],[1,37],[41,51],[23,72],[22,20],[54,19],[23,23],[28,57],[8,53],[-9,41],[-38,29],[-38,6],[-18,29],[-61,0],[-47,32],[-39,43],[-45,16],[-49,31],[-98,-2],[-51,-25],[-69,-2],[-24,34],[-48,29],[-26,36],[-40,32],[20,69],[-42,58],[-76,58],[-82,47],[-66,62],[-24,57],[-6,87],[-27,72],[-8,63],[7,65],[-9,63],[54,53],[54,75],[24,22],[31,66],[38,42],[7,60],[-8,57],[31,25],[92,21],[41,38],[25,52],[-7,82],[3,42],[-18,98],[13,41],[30,29],[66,7],[47,29],[36,-1],[64,-20],[61,-8],[54,-16],[225,5],[80,-12],[96,-28],[102,-82],[43,-12],[62,21],[43,39],[24,60],[-5,53],[-39,66],[9,42],[73,57],[71,19],[100,68],[35,3],[74,-20],[71,-2],[29,13],[-4,25],[-44,64],[14,32],[77,46],[48,39],[13,59],[-21,92],[19,47],[32,46],[1,80],[-33,70],[2,43],[21,116],[13,36],[-3,68],[34,17],[62,5],[62,-20],[102,-60],[148,-66],[60,-32],[25,-32],[31,-78],[4,-34],[-4,-134],[20,-29],[44,0],[104,31],[49,4],[45,52],[32,17],[82,1],[95,-44],[35,-31],[41,-72],[24,-77],[33,-64],[46,-33],[17,-60],[8,-64],[24,-62],[8,-99],[28,-49],[119,-123],[70,-95],[40,-43],[117,-43],[41,-23],[41,-46],[25,-81]],[[13360,38499],[-814,-623],[-3,-33],[16,-76],[5,-62],[70,2],[148,-957],[-84,-15],[-170,-12],[-52,-12],[-23,-30],[2,-70],[-9,-63],[-46,-76],[-22,-25],[-75,-28],[410,-326],[83,86],[586,-306],[45,23],[51,12],[281,125],[203,224],[194,73],[123,-99],[64,-122],[80,-38],[134,-288],[5,-4],[93,-189],[22,-81],[-11,-145],[11,-60],[5,-138],[25,-24],[40,4],[3,-34],[-38,-21],[23,-59],[-25,-46],[-33,-2],[1,-41],[-18,-17],[-44,-1],[-19,15],[-29,-71],[33,-38],[111,14],[94,-47],[32,-9],[189,-22],[141,-7],[70,-8],[163,-38],[122,-13],[50,10],[109,5],[42,50],[21,7],[171,24],[82,-22],[102,-91],[108,-47],[125,-77],[41,-46],[55,-101],[40,-33],[89,-7],[89,22],[69,-9],[40,7],[63,56],[29,1],[126,-88],[63,-31],[50,-35],[92,-95],[28,-41],[60,-3],[41,40],[125,96],[46,-1],[45,-41],[35,-53],[66,-55],[46,-19],[73,35],[156,35],[74,27],[64,44],[61,5],[59,19],[27,21],[68,82],[68,163],[21,116],[35,109],[52,113],[59,104],[14,53],[18,151],[16,50],[65,124],[37,185],[33,99],[20,129],[29,110],[39,73],[50,60]],[[18809,36031],[50,54],[8,52],[-13,35],[-40,37],[-82,19],[-44,25],[-72,59],[-24,73],[38,66],[39,21],[131,35],[100,40],[148,51],[32,5],[99,-3],[36,12],[88,65],[101,36],[87,50],[12,27],[-3,74],[-26,145],[14,110],[35,18],[51,-9],[51,25],[-4,66],[16,26],[75,66],[185,97],[57,42],[10,22],[-15,76],[-83,131],[-45,59],[-52,42],[-100,44],[-61,49],[-141,88],[-40,45],[-10,36],[-2,71],[21,105],[-6,66],[-24,88],[-20,42],[-33,15],[-49,-9],[-67,-36],[-46,12],[-20,22],[-36,104],[-33,63],[-47,16],[-185,45],[-61,-7],[-46,26],[-26,32],[-15,65],[15,45],[40,86],[25,39],[64,11],[68,-34],[24,-2],[60,58],[42,22],[64,-9],[78,30],[92,18],[65,24],[22,22],[-20,103],[11,41],[108,106],[33,68],[5,66],[87,140],[57,34],[31,0],[47,-26],[50,-14],[38,5],[40,54],[9,45],[-8,80],[4,76],[34,98],[-6,40],[60,1],[61,32],[37,-7],[32,-33],[108,-14],[51,-30],[44,10],[31,43],[109,98],[34,-1],[86,-44],[41,-2],[20,19],[26,73],[4,57],[-24,60],[-7,64],[18,75],[-8,86],[-9,173],[10,58],[40,130],[72,9],[69,22],[51,44],[19,35],[-12,42],[-28,44],[26,78],[16,96],[24,103],[22,27],[74,54],[27,55],[0,35],[-52,119],[26,30],[265,79],[100,-26],[37,-22],[58,-54],[28,-39],[20,-60],[-1,-124],[28,-159],[36,-15],[72,28],[59,-73],[73,-70],[40,-71],[58,-195],[36,-79],[181,-198],[14,-30],[-9,-79],[-83,-103],[-11,-47],[3,-63],[47,-74],[35,-36],[139,-157],[287,-314],[35,-77],[3,-59],[-8,-73],[-28,-139],[-59,-330],[-42,-199],[-29,-53],[-140,-161],[-17,-67],[11,-36],[78,-65],[54,-55],[26,-57],[37,-40],[57,3],[23,15],[57,82],[35,18],[74,-9],[54,-43],[33,-86],[65,-38],[120,8],[86,-28],[37,-19],[69,-127],[11,-51],[30,1],[35,-34],[139,-59],[39,5],[5,72],[-68,26],[1,17],[60,64],[35,57],[28,63],[36,47],[110,22],[113,-50],[44,-8],[-24,-45],[-7,-58],[27,-11],[43,-56],[242,-261],[66,-47],[77,-36],[59,-2],[31,-14],[31,-92],[-114,-176],[85,-59],[40,-2],[160,25],[46,-18],[36,43],[50,23],[62,43],[62,58],[-26,52],[-29,25],[-39,76],[32,58],[122,92],[5,-40],[67,-61],[25,-55],[16,-72],[15,0],[60,41],[34,13],[49,37],[34,14],[-34,44],[-17,77],[-26,52],[-7,57],[386,59],[94,8],[71,33],[242,-141],[30,-266],[-156,-8],[-1,111],[-216,1],[-87,57],[-39,-41],[57,-42],[-5,-77],[-124,-39],[-10,-41],[36,-36],[60,-37],[12,-44],[44,36],[32,-44],[46,-31],[-109,-83],[34,-48],[-34,-71],[-106,-129],[-8,-89],[-19,-38],[-49,-36],[96,-50],[-21,-124],[77,-159],[-33,-47],[-44,-116],[-3,-33],[-30,-52],[-45,-7],[-107,-72],[-146,-156],[-189,-133],[-121,-136],[-68,-41],[61,-30],[28,-31],[24,-84],[-16,-126],[-8,-23],[-40,-43],[-37,-20],[-81,-76],[-8,-146],[-30,-50],[-11,-112],[-15,-43],[-73,20],[-17,-8],[-65,12],[-29,-8],[-73,19],[-17,-24],[14,-82],[21,-26],[53,-33],[31,-37],[33,-69]],[[34871,35902],[72,-3],[21,15],[0,34],[-17,34],[33,85],[51,10],[47,25],[22,55],[41,-22],[44,10],[37,-31],[15,40],[26,23],[43,13],[20,30],[-17,31],[13,22],[37,5],[31,-26],[26,20],[51,10],[57,-29],[18,13],[-9,37],[11,21],[45,21],[47,-1],[22,28],[45,-25],[46,39],[-5,34],[15,22],[54,4],[17,27],[59,5],[47,43],[35,3],[53,39],[50,18],[16,-20],[-40,-52],[8,-59],[43,-33],[11,37],[66,32],[6,29],[35,-2],[6,44],[89,3],[32,24],[63,-6],[19,31],[71,-25],[17,-55],[-26,-86],[34,0],[40,56],[49,2],[36,-38],[45,6],[39,-43],[-14,-39],[26,-44],[20,-64],[51,-42],[46,-55],[-27,-16],[-33,-41],[-12,-41],[57,-38],[-7,-72],[27,-8],[97,0],[43,-51],[90,-51],[71,-57],[16,-40],[-33,-27],[-93,-32],[-47,-28],[-8,-47],[10,-117],[42,-63],[7,-66],[27,-39],[14,-45],[-16,-47],[-5,-101],[-16,-55],[1,-58],[31,-60],[-58,-115],[-6,-33],[15,-111],[-12,-62],[-2,-71],[-49,-74],[-3,-27],[11,-94],[-9,-52],[21,-56],[-24,-60],[-9,-171],[9,-24],[55,-63],[137,-139],[48,-39],[18,-29],[704,-719],[9,-8],[82,-6],[21,-12],[29,-68],[24,-31],[68,-55],[76,-104],[91,-93],[40,-34],[61,-26],[113,-91],[74,-72],[52,-25],[78,4],[21,-108],[48,-89],[12,-58],[29,-75],[72,49],[53,28],[43,7],[63,-67],[72,27],[87,11],[35,-22]],[[39297,32125],[-50,-61],[-37,-20],[-11,-40],[-29,-15],[-28,-57],[6,-33],[56,-59],[7,-31],[12,-152],[-24,-36],[-49,-6],[-33,-47],[-53,-13],[-22,-17],[-69,-18],[-81,-29],[6,-39],[-10,-33],[10,-36],[-34,-37],[-77,-1],[26,-76],[-122,-38],[-13,-16],[12,-58],[-6,-55],[-24,-62],[-32,-28],[-169,-49],[-58,-66],[-30,-20],[-55,-9],[-42,-42],[-86,19],[-34,-2]],[[38154,30843],[-45,4],[-49,35],[-24,2],[-26,-58],[-17,-89],[3,-50],[-42,-21],[-34,36],[-40,-61],[-50,-9],[-51,23],[-44,-5],[-38,-44],[-85,-2],[-41,-17],[-63,-12],[-42,-23],[-66,7],[-62,14],[-10,34],[-32,3],[-36,-24],[-45,11],[-9,30],[-68,82],[-77,31],[-14,23],[1,43],[-37,31],[-38,-33],[-73,-36],[-95,24],[-17,86],[-32,64],[-26,26],[-70,31],[-59,15],[-41,34],[-18,67],[-283,46],[-69,-13],[-61,43],[-17,166],[-8,34],[17,50],[-6,51],[-17,37],[-51,36],[-57,-21],[-43,-68],[-20,-64],[-62,-50],[-17,-90],[1,-67],[-29,-52],[-120,-20],[-65,-32],[-56,-36],[2,42],[-27,4],[-44,-21],[-57,13],[-25,-13],[-17,65],[-63,19],[-6,-38],[-52,-29],[-112,19],[-100,25],[-44,-4],[-69,30],[-67,1],[-44,26],[-114,-13],[-47,-23],[-40,61],[-37,21],[-91,22],[-34,21],[-44,9],[-40,24],[-58,-2],[-40,29],[-58,8],[-56,-22],[-80,-14],[-37,-14],[-99,-94],[-24,-109],[7,-61],[-24,-56],[-28,-23],[-79,-84],[-23,-49],[18,-92],[-3,-62],[8,-108],[-31,-64],[-19,-71]],[[38154,30843],[4,-77],[-46,-150],[8,-63],[-12,-37],[-69,-78],[2,-50],[19,-48],[-37,-34],[19,-35],[3,-110],[-35,-94],[-10,-55],[-52,-25],[-28,-24],[62,-96],[-34,-51],[22,-37],[-14,-41],[-33,-14],[-33,-42],[-66,-43],[-51,-65],[-16,-70],[-36,-31],[3,-63],[-15,-17],[-79,-41],[-60,0],[-26,-9],[-23,-40],[-25,-15],[-77,5],[-77,-57],[36,-62],[6,-27],[-10,-144],[13,-28],[-5,-76],[39,-91],[27,-76],[63,-35],[5,-49],[32,-48],[27,-83],[-1,-68],[39,-69],[5,-56],[-12,-65],[22,-162],[-7,-21],[-61,-16],[-128,21],[-60,-20],[-30,-58],[-26,-30],[-100,-75],[-24,-65],[12,-72],[28,-60],[50,-54]],[[37282,27647],[-47,-26],[-12,-25],[-48,-15],[-17,-30],[-34,-8],[-16,-27],[-134,-101],[-66,-2],[-63,-16],[-4,-32],[-56,-63],[-23,-9],[-43,32],[-47,-26],[-61,15],[-31,44],[-49,-8],[-31,-28],[-33,18],[-55,58],[-26,80],[-35,26],[-58,-10],[-20,25],[-47,21],[-44,-37],[-54,-14],[-31,9],[-49,-14],[-36,37],[-39,-24],[-46,20],[-58,-5],[-14,27],[-53,-13],[-109,10],[-83,30],[-44,29],[-87,9],[-64,37],[-44,10],[-101,51],[-82,-2],[-47,-15],[-8,-28],[-51,-89],[-38,-31],[-4,-30],[31,-68],[-30,-24],[-27,39],[-36,-8],[-13,-20],[33,-54],[-12,-20],[-52,-3],[-12,-20],[60,-95],[-45,-67],[-23,-19],[-19,-45],[13,-41],[27,-6],[24,30],[23,-1],[3,-38],[32,11],[5,54],[44,6],[15,-57],[26,-14],[46,44],[28,-11],[4,-33],[-13,-78],[39,-34],[6,-22],[-17,-58],[4,-63]],[[35204,26792],[-84,-5],[-149,-17],[-110,-8],[-1,-22],[-38,-3],[-110,-27],[-156,-18],[-195,-17],[-80,-1],[-33,11],[-86,5],[-56,54],[-11,28],[-48,26],[-27,41],[-152,-120],[-143,-66],[-97,-58],[-172,-115],[-58,-33]],[[33398,26447],[-10,2]],[[33388,26449],[25,114],[-8,70],[40,178],[4,80],[-27,66],[-48,55],[-31,82],[-104,134],[-32,133],[-67,86],[-15,54],[-106,138],[-43,86],[-27,35],[-89,144],[-73,167]],[[31859,25748],[-30,39],[-27,117],[-26,40],[-13,104],[-16,33],[-61,73],[-40,37],[-44,55],[13,106],[31,35],[-12,26],[3,59],[-95,71],[-29,70],[4,32],[-38,101],[-18,74],[-41,105],[-39,45],[-2,41],[-37,58],[-6,39],[7,54],[24,97],[32,34],[37,115]],[[33388,26449],[-158,32],[-62,17],[-121,-9],[-108,-93],[44,-38],[10,-48],[-8,-31],[-52,-29],[-66,-14],[-105,-8],[-38,3],[-58,-30],[-57,-50],[-31,-46],[-25,-96],[-69,-19],[-23,-29],[-81,-18]],[[33398,26447],[-36,-79],[13,-32],[-7,-52],[5,-71],[-16,-77],[-51,-63],[-34,-113],[0,-104],[42,-119],[61,-94],[58,-15],[60,6],[64,-21],[50,-66],[55,-89],[45,-42],[108,-26],[66,-47],[8,-39],[56,-119],[24,-91],[-9,-18],[13,-97],[20,-203],[-16,-32],[-49,-52],[-30,-55],[-38,-128],[-12,-20],[38,-40],[-21,-54],[4,-80],[40,-38],[47,-75],[14,-54],[84,-84],[-21,-33],[-19,-65],[-42,-53],[-32,-63],[-54,-71],[-12,-50],[-34,-60],[-39,-42],[15,-45],[51,-2],[88,16],[38,-2],[32,-27],[27,-62],[-13,-68],[18,-20],[3,-37],[90,-87],[60,-117]],[[34210,23176],[-53,-20],[-101,1],[-26,-30],[-21,-53],[-51,-54],[-5,-25],[18,-40],[-30,-59],[-9,-43],[-21,-37],[16,-58],[-57,-23],[-66,10],[-73,-11],[-61,-38],[-64,-25],[-39,-53],[-3,-28],[-27,-36],[20,-56],[1,-69],[-32,-48],[-52,-44],[-53,-77],[-26,-84],[-30,-61],[-7,-110],[-37,-32],[-12,-42],[-41,-77],[-40,-127],[-15,-68],[-63,-176],[-40,-39],[-16,-57],[-38,-87],[-34,-41],[-61,-31],[-105,-27],[-32,-22],[-38,-106],[-84,-30],[-41,-28],[-28,-80],[-56,-82],[-41,-28]],[[32536,20825],[-26,-6]],[[35204,26792],[-10,-40],[33,-53],[2,-24],[46,-30],[26,-116],[24,-1],[30,55],[44,3],[4,-24],[-28,-44],[15,-20],[73,-18],[12,-29],[-45,-17],[-20,-21],[-48,-105],[30,-34],[47,-3],[-2,-20],[-74,-30],[-43,-5],[-61,-60],[-18,-38],[1,-47],[-42,-54],[8,-21],[61,-79],[-7,-72],[-57,-169],[0,-35],[32,-59],[7,-35],[-17,-41],[-51,-42],[-41,-76],[2,-68],[-27,-81],[6,-120],[9,-49],[-22,-54],[-74,-46],[-28,-40],[-36,-12],[-34,-54],[-58,-53],[-35,-8],[-3,-43],[-34,-42],[-9,-51],[-73,-7],[-48,-35],[-36,-58],[3,-83],[22,-41],[-22,-28],[-5,-78],[-26,-28],[-1,-38],[-17,-48],[-29,-20],[-8,-37],[11,-91],[21,-52],[-13,-109],[14,-54],[-30,-132],[-53,-20],[-20,-32],[1,-40],[-18,-38],[-49,-59],[-24,-63],[-67,-48],[2,-33],[-26,-17],[-3,-43],[-27,-68],[-34,-23],[-33,-42],[6,-26]],[[32536,20825],[-3,-36],[31,-120],[1,-96],[68,-134],[17,-49],[60,-110],[16,-82],[46,-123],[-2,-112],[22,-119],[56,-97],[61,-78],[9,-67],[60,-91],[75,-73],[50,-27],[181,14],[86,34],[55,51],[117,14],[53,22],[35,27],[32,53],[58,21],[49,3],[68,59],[22,5],[61,-45],[55,-71],[47,-92],[0,-65],[-46,-59],[0,-44],[54,-87],[14,-58],[-23,-34],[-84,-38],[1,-38],[25,-33],[-4,-23],[-56,-100],[-43,-93],[-16,-63],[5,-128],[-45,-47],[-16,-54],[79,-74],[13,-79],[38,-27],[42,-17],[98,-63],[110,-56],[48,-36],[31,-44],[6,-63],[38,-25],[29,-60],[43,-20],[72,-76],[44,-63],[68,-28],[69,-63],[48,-23],[63,-51],[47,-58],[88,-206],[-3,-25],[-32,-37],[15,-76],[-11,-40],[22,-66],[-22,-75],[29,-68],[10,-50],[34,-37],[12,-62],[107,-91],[20,-31],[11,-47],[56,-84],[10,-99],[-13,-105],[-19,-57],[-3,-131],[51,-73],[14,-41],[11,-151]],[[35161,15964],[-3,-35],[-48,17],[-22,83],[-57,129],[-40,40],[-17,-5],[-34,-43],[-70,-111],[17,-60],[0,-104],[27,-64],[-15,-45],[-38,-20],[-120,-23],[-44,-39],[20,-52],[-19,-48],[-112,46],[-29,-20],[-3,-54],[-31,-16],[-30,3],[-119,66],[-56,8],[-67,-31],[-38,-51],[-43,-12],[-53,21],[-92,8],[-32,-37],[-42,-10],[-35,14],[-54,45],[-25,49],[-25,21],[-12,62],[-61,29],[-67,-29],[-43,-4],[-26,36],[-1,103],[-9,31],[-68,85],[-21,36],[-30,25],[-71,-4],[-26,-24],[-45,-76],[-33,-10],[-84,44],[-61,14],[-94,-48],[-88,14],[-21,-20],[-6,-43],[-79,-54],[-80,48],[-43,40],[-56,80],[-47,34],[-109,5],[-47,-7],[-21,-31],[-3,-61],[-43,-106],[7,-52],[64,-59],[50,-70],[33,-59],[16,-55],[-32,-91],[-49,-66],[7,-67],[-6,-38],[-84,-97],[-24,-8],[-38,16],[-38,36],[-23,5],[-53,-17],[-53,-54],[-60,-11],[-38,24],[-23,48],[-35,25],[-32,4],[-74,-12],[-70,18],[-80,6],[7,-46],[-18,-129],[-22,-42],[-70,-39],[14,-44],[-9,-52],[-22,-49],[-85,-13],[-6,19],[-66,3],[-54,12],[-92,-31],[-61,-70],[-72,-5],[-86,-57],[-38,-48],[-4,-23],[18,-79],[-38,-27],[-22,3],[-101,66],[-50,-4],[-16,-19],[0,-55],[65,-139],[19,-60],[-3,-59],[-92,-123],[-27,-87],[-24,-52],[-51,-59],[-31,-82],[-18,-65],[-54,-49],[32,-74],[34,-39],[18,-46],[46,-159],[3,-51],[-25,-85],[-17,-6],[-39,-48],[-38,-15],[-62,51],[-28,-9],[-34,-53],[-46,10],[-70,-10],[-51,-32],[-66,-6],[-37,-36],[52,-132],[-29,-42],[-44,-6]],[[11256,4688],[-42,39],[-67,7],[-145,-100],[-34,-34],[-26,-48],[-78,-71],[-31,-39],[-24,-97],[-23,-31],[-53,-43],[-84,-45],[-30,-4],[-64,67],[-47,-66],[-43,-36],[-60,-90],[-39,-27],[-88,-9],[-30,-57],[-94,-50],[-65,16],[-117,-9],[-18,-14],[-39,-59],[-49,-8],[-47,52],[-40,-3],[-16,-16],[-23,-98],[-34,-39],[-51,-13],[-36,98],[-7,46],[-47,5],[-86,-62],[-35,-5],[-86,9],[-21,-13],[8,-66],[-43,-49],[-113,7],[-74,26],[-20,-13],[-7,-69],[-37,0],[-52,66],[-26,0],[-15,-37],[-58,-5],[-39,34],[-22,99],[-26,51],[-27,6],[-38,-35],[-51,0],[-33,26],[-8,58],[-21,44],[-49,13],[-138,-33],[-95,-79],[-44,-23],[-69,17],[-48,50],[-19,56],[-12,125],[-37,69],[-68,52],[-37,12],[-65,3],[-52,20],[-80,4],[-127,-90],[-99,-34],[-30,-28],[-52,-110],[-42,-35],[-38,-3],[-67,41],[-33,8],[-48,-23],[-32,-72],[-79,-61],[-16,-33],[-11,-70],[-40,-24],[-62,-4],[-70,-23],[-85,5],[-32,-30],[-5,-54],[-12,-17],[-183,41],[-25,-22],[-4,-72],[-39,-12],[-31,34],[-55,114],[-44,121],[-30,41],[-21,6],[-59,-31],[-31,-1],[-84,49],[113,46],[55,-22],[21,9],[43,58],[18,86],[-1,45],[54,41],[31,99],[66,39],[51,51],[60,0],[54,-44],[49,0],[55,34],[7,31],[-7,105],[17,66],[33,44],[11,62],[19,41],[68,60],[121,76],[107,59],[8,25],[-9,109],[12,52],[74,75],[10,115],[-5,122],[-26,46],[-4,30],[51,83],[11,44],[-34,91],[-1,51],[167,152],[19,77],[87,26],[38,36],[22,92],[37,40],[35,2],[75,-44],[52,-3],[80,31],[57,-9],[68,-58],[39,-3],[70,17],[49,-17],[36,3],[12,27],[-19,142],[33,27],[60,35],[34,42],[46,121],[29,36],[48,16],[115,-43],[38,7],[54,42],[37,122],[45,97],[45,157],[13,64],[34,68],[63,15],[16,15],[29,83],[1,96],[62,49],[12,68],[48,49],[15,60],[54,67],[69,162],[6,77],[30,25],[5,61],[-25,19],[35,61],[-1,39],[-22,23],[15,40],[-12,56],[52,28],[-76,80],[-41,56],[-45,-8],[-99,-38],[-34,2],[-50,59],[-43,-15],[-34,-48],[-38,-9],[-47,34],[-81,42],[-47,75],[-16,-5],[-41,-69],[-65,2],[-33,-26],[-80,-3],[-40,35],[-77,22],[-65,2],[-34,36],[-44,-26],[-25,-32],[-34,9],[-28,54],[-41,7],[-45,42],[-62,42],[3,24],[-20,55],[-38,5],[-33,30],[-21,63],[-107,1],[-46,28],[-26,71],[-49,61],[-78,69],[-24,50],[-66,18],[-175,-9],[-103,16],[-22,33],[-8,78],[-14,25],[-62,33],[-77,6],[-18,18],[8,60],[90,9],[27,53],[73,26],[67,6],[137,113],[28,50],[17,70],[32,55],[22,12],[100,25],[25,31],[1,79],[-54,163],[-62,70],[-14,59],[45,175],[11,13],[194,30],[27,23],[16,38],[13,148],[44,68],[14,45],[-10,64],[-15,45],[-35,56],[-86,89],[-27,132],[34,79],[57,99],[35,85],[35,34],[75,23],[182,2],[69,29]],[[8201,11258],[4,-21],[-16,-64],[5,-36],[32,-7],[64,26],[67,-11],[96,-59],[40,-61],[26,-61],[8,-101],[84,-5],[23,19],[36,125],[31,19],[133,40],[69,37],[25,27],[17,51],[-10,52],[0,72],[36,66],[37,27],[45,8],[34,-11],[43,-41],[30,-16],[110,-15],[30,-16],[28,28],[14,148],[15,25],[39,6],[64,53],[127,217],[0,39],[-18,32],[1,39],[33,47],[72,50],[97,3],[27,23],[20,52],[3,36],[-30,73],[9,72],[35,38],[21,-3],[113,-102],[35,-14],[107,-8],[39,8],[96,49],[32,30],[64,113],[60,152],[76,75],[46,65],[72,48],[16,30],[-5,44],[34,36],[57,11],[62,38],[100,-6],[56,9],[25,-9],[97,-71],[30,1],[32,50],[35,-3],[17,-27],[59,38],[23,45],[31,7],[49,-13],[73,17],[69,-15],[44,-28],[17,-37],[128,-41],[45,-55],[51,-39],[59,-17],[53,31],[54,19],[29,25],[40,16],[67,60],[68,85],[18,14],[87,8],[44,-27],[121,77],[17,2],[53,-59],[37,-1],[34,48],[72,33],[52,-1],[75,-14],[62,-21],[129,-99]],[[8201,11258],[-71,42],[-22,25],[-77,61],[-79,37],[-84,-2],[-38,27],[-27,52],[-4,50],[-48,77],[-26,20],[-32,-37],[-64,-52],[-30,-2],[-34,17],[-32,-22],[-7,-43],[-58,-21],[-83,-3],[-123,-92],[-62,4],[-83,-47],[-77,15],[-87,-50],[-68,21],[-11,43],[9,33],[-21,31],[-33,78],[-46,38],[-106,19],[-59,71],[-16,41],[-39,48],[-37,26],[-90,37],[-50,63],[-45,136],[-25,30],[-50,-15],[-16,-50],[-5,-48],[13,-67],[91,-269],[-11,-31],[-31,-3],[-32,23],[-115,151],[-51,48],[-42,60],[-15,45],[-8,139],[-5,9],[-143,25],[-70,17],[-100,37],[-78,22],[-196,74],[-44,10],[-109,4],[-60,21],[-39,56],[0,41],[-143,8],[-49,17],[-46,-11],[-39,11],[21,90],[19,43],[35,13],[32,-5],[52,48],[26,82],[-12,100],[-43,77],[-28,90],[0,34],[40,30],[35,2],[23,19],[54,83],[18,41],[80,81],[39,81],[25,39],[3,41],[-24,26],[-50,29],[-8,50],[-28,38],[5,54],[37,67],[32,41],[-10,42],[17,22],[112,37],[13,37],[-150,161],[-15,38],[11,70],[-6,42],[-52,73],[-20,77],[-68,56],[-23,70],[2,57],[26,74],[61,123],[72,92],[78,32],[53,59],[66,26],[42,-10],[79,-56],[36,-34],[27,-2],[8,34],[12,125],[-3,92],[65,64],[187,6],[110,43],[43,59],[88,77],[40,51],[45,33],[34,39],[36,18],[66,86],[89,141],[41,54],[12,52],[34,55],[57,53],[25,58],[14,57],[-6,50],[53,210],[18,88],[-15,45],[63,72],[22,41],[3,38],[-40,142],[39,54],[4,117],[30,113],[-21,32],[9,40],[42,-11],[19,49],[64,58],[-9,23],[-55,20],[0,58],[16,86],[-14,33],[29,57],[3,37],[34,11],[0,27],[80,66],[5,21],[-26,53],[-48,4],[-21,31],[-5,45],[56,44],[7,30],[46,52],[0,39],[13,51],[28,48],[33,26],[24,49],[67,-5],[21,21],[1,35],[20,30],[24,4],[42,50],[82,34],[35,3]],[[7432,18151],[26,-19],[71,-113],[16,-9],[36,-55],[51,8],[47,-27],[30,-42],[20,-54],[41,-81],[35,-38],[93,-40],[82,-61],[94,-9],[39,-30],[62,-73],[35,-168],[32,-13],[73,16],[71,33],[54,-17],[39,0],[154,29],[39,32],[74,-19],[17,-60],[52,-22],[128,26],[58,0],[84,12],[133,-63],[59,-48],[56,-24],[41,24],[49,133],[48,60],[40,21],[129,-18],[49,12],[127,64],[100,32],[167,26],[67,6],[44,44],[118,61],[141,41],[55,-47],[53,-4],[21,-25],[41,-10],[25,-28],[8,-40],[-29,-1],[20,-84],[-7,-35],[32,-57],[-21,-36],[10,-49],[19,-18],[2,-36],[52,-65],[39,1],[2,-42],[23,-38],[28,14],[46,-1],[28,-18],[62,22],[46,-26],[46,-38],[46,6],[56,32],[42,10],[65,-9],[85,17],[92,41],[115,26],[70,45],[33,-5],[31,-28],[24,10]],[[7432,18151],[-109,34],[-49,-14],[-74,-36],[-34,-57],[-23,-17],[-60,-2],[-47,18],[-148,25],[-43,-2],[-78,-35],[-37,10],[-25,34],[-25,60],[-3,93],[-37,50],[-91,22],[-97,-8],[-99,44],[-118,27],[-38,26],[-41,46],[-73,-15],[-41,41],[-18,60],[-98,17],[-28,110],[-2,57],[33,60]],[[5929,18799],[11,42],[22,31],[91,90],[11,23],[-6,41],[-31,80],[12,30],[58,60],[45,84],[68,69],[63,23],[50,37],[53,97],[5,49],[-35,105],[17,98],[43,73],[28,110],[27,79],[-48,92],[9,19],[102,-12],[65,1],[44,20],[71,13],[50,42],[25,73],[24,9],[70,-29],[94,-17],[55,18],[81,91],[33,24],[82,33],[112,19],[38,14],[48,33],[17,52],[70,75],[13,40],[7,78],[107,8],[70,12],[52,17],[63,-7],[29,-28],[24,-54],[44,-32],[86,-14],[112,5],[66,-11],[44,-25],[84,-98],[24,9],[20,49],[16,68],[37,79],[61,44],[44,67],[39,31],[20,36],[47,48],[42,29],[41,8],[10,19],[58,27],[81,80],[48,31],[59,1],[29,-15],[24,-52],[49,-233],[42,-94],[20,-6],[91,25],[70,7],[82,-10],[120,-77],[9,-59],[18,-30],[87,-28],[130,-70],[46,-44],[26,-101],[18,-9],[142,48],[146,138],[42,23],[69,0],[98,32],[96,73],[61,40],[76,37],[122,49],[46,50],[57,107],[24,64],[33,50],[31,28],[105,23],[49,22],[59,72],[64,21],[88,19],[61,21]],[[5929,18799],[-25,-5],[-65,-57],[-8,-87],[-20,-14],[-118,23],[-43,-24],[-25,-94],[-37,-45],[-47,-34],[-182,219],[-72,-184],[-182,56],[-79,-3],[-89,-77],[-143,-198],[-395,5],[-53,41],[-65,39],[-35,-1],[-77,-53],[-62,2],[-37,11],[-199,176],[0,11],[-61,112],[-60,81],[-13,30],[2,49],[20,63],[36,33],[-81,231],[-11,6],[-275,-252],[-166,-5],[-616,20],[-99,8],[-41,55],[-90,72],[-147,175],[-17,27],[-17,91],[-15,34],[13,86],[78,135],[22,10],[9,51],[-3,138],[13,96],[25,78],[26,28],[52,31],[3,43],[-20,23],[-33,80],[-2,110],[50,49],[-18,84],[-47,16],[29,119],[0,76],[-25,67],[-3,59],[-29,85],[-2,30],[52,77],[13,34],[-10,53],[6,98],[-13,40],[-38,45],[-76,70],[26,38],[79,25],[70,0],[84,67],[91,88],[-12,60],[21,51],[44,50],[55,26],[-26,42],[-21,10],[-47,-12],[-76,-72],[-51,-10],[-115,0],[-63,16],[-20,17],[-8,48],[30,52],[9,39],[-49,66],[-7,36],[-28,16],[-24,39],[-44,37],[10,75],[-68,1],[-29,20],[-124,-2],[-50,5],[-51,32],[-24,33],[-11,77],[-50,68],[33,67],[-11,58],[-17,42],[34,101],[67,111],[59,76],[18,47],[-15,25],[4,47],[-48,1],[-67,-51],[-59,27],[-46,-28],[-25,8],[-45,38],[-75,-24],[-28,11],[-44,51],[-99,48],[-30,2],[-22,-21],[-26,-55],[-32,-39],[-66,-29],[-87,0],[-106,-18],[-30,-22],[-42,-78],[-92,-119],[-95,-47],[-46,17],[-29,65],[-21,116],[-19,16],[-278,34],[86,18],[46,18],[47,55],[0,45],[-16,52],[10,49],[-5,35],[-48,20],[-13,57],[-43,5],[-13,16],[-8,54],[-47,32],[-67,65],[-13,62],[5,60],[-26,27],[30,51],[61,6],[48,-26],[42,2],[74,62],[74,11],[53,-6],[90,-29],[33,27],[5,51],[20,47],[34,39],[37,14],[163,27],[23,11],[-2,48],[-52,86],[4,32],[75,19],[75,80],[57,29],[224,155],[31,31],[6,36],[-13,39]],[[1515,24274],[16,32],[23,-3],[28,-64],[12,-76],[41,-38],[55,-37],[37,28],[-10,64],[35,13],[56,78],[-31,123],[-28,37],[15,56],[49,35],[38,11],[64,2],[45,14],[85,4],[38,14],[60,49],[39,16],[63,-19],[70,25],[89,84],[55,29],[82,-3],[44,45],[75,33],[20,-76],[71,-76],[69,-114],[24,-8],[58,-55],[-95,-47],[-37,-48],[-5,-45],[-22,-65],[-31,-60],[-52,-19],[-24,-78],[6,-138],[-29,-62],[-17,-55],[-73,-35],[-12,-50],[32,-49],[-39,-68],[-7,-57],[-18,-40],[-73,-42],[-49,6],[-26,-13],[-37,-48],[-51,-48],[-69,-30],[-37,-54],[-7,-64],[7,-54],[42,-24],[25,-38],[26,-15],[70,18],[42,1],[42,-16],[23,-27],[26,-64],[49,-50],[125,-45],[45,-1],[53,-18],[166,-95],[62,-50],[52,8],[64,-8],[6,-22],[170,-174],[38,18],[47,53],[59,51],[49,76],[29,6],[104,-8],[35,-17],[53,-48],[99,-184],[82,-66],[35,-38],[36,-78],[45,-8],[38,19],[17,-37],[-39,-88],[33,5],[48,52],[64,42],[60,22],[55,36],[59,66],[53,-4],[55,18],[33,60],[13,80],[24,38],[23,114],[-12,32],[46,17],[50,48],[102,72],[60,58],[48,22],[41,40],[-22,44],[-6,49],[14,69],[-2,29],[34,41],[114,40],[100,52],[79,18],[69,74],[162,100],[9,20],[2,100],[48,-27],[91,-27],[49,-5],[170,26],[65,-22],[51,-42],[44,-11],[100,60],[178,32],[98,32]],[[6254,23735],[22,-55],[77,-107],[37,-37],[62,-35],[134,-42],[97,-19],[156,-3],[75,10],[157,4],[147,33],[30,12],[44,-12],[37,8],[32,-21],[42,-10],[30,-33],[49,-29],[112,14],[86,62],[59,20],[40,39],[136,47],[90,36]],[[8005,23617],[-40,-51],[2,-25],[42,-85],[5,-48],[16,-35],[-16,-38],[39,3],[22,42],[38,14],[40,-19],[59,-100],[5,-32],[60,-36],[37,28],[54,1],[60,-36],[5,-73],[-19,-78],[22,-27],[64,14],[24,-26],[34,-59],[139,-2],[18,21],[57,13],[-5,-76],[77,-76],[94,-20],[24,-15],[25,-51],[34,-16],[53,5],[32,-46],[43,0],[36,32],[46,22],[81,-10],[37,9],[29,-54],[27,-4],[41,15],[79,16],[75,-23],[27,20],[14,37],[-6,77],[-27,92],[27,63],[73,3],[35,-9],[94,-6],[88,5],[87,14],[52,20],[68,-49],[80,-69],[39,-56],[18,-47],[26,-21],[48,-16],[120,-22],[37,-21],[-1,-20],[45,-36],[8,-23],[70,-7],[70,4],[26,-21],[52,17],[105,52],[25,18],[25,43]],[[8005,23617],[18,73],[1,73],[-8,50],[19,32],[51,-2],[143,-25],[27,40],[-38,52],[-7,49],[-32,13],[-8,33],[15,18],[58,9],[5,32],[-53,32],[-17,35],[8,52],[20,41],[25,-16],[60,-11],[38,17],[55,-15],[19,-32],[53,-7],[11,51],[16,8],[70,-27],[31,6],[36,-17],[23,29],[25,90],[70,46],[2,32],[19,36],[-14,128],[-46,6],[17,78],[50,55],[1,25]],[[8768,24706],[-54,-14],[-14,18],[-10,103],[-34,54],[38,20],[16,35],[-3,38],[-39,7],[21,48],[20,93],[50,6],[-23,91],[-33,48],[54,72],[-3,37],[-37,13],[-30,44],[-10,52],[32,28],[82,48],[10,69],[-5,42],[-39,57],[-33,-1],[-45,34],[-10,25],[17,26],[-12,29],[5,41],[-22,21],[67,35],[65,-68],[2,37],[65,91],[94,45],[41,83],[39,17],[7,40],[40,44],[55,8],[316,13],[63,10],[58,20],[126,86],[35,7],[51,47],[42,58],[12,41],[36,26],[97,-2],[75,-19],[67,-35],[68,-45],[4,-79],[76,-53],[127,-119],[79,-29],[113,-28],[42,-18],[33,-49],[24,-78],[44,-39],[66,-9],[71,31],[32,47],[33,-14]],[[8768,24706],[-35,-25],[-171,-56],[-78,-55],[-24,-41],[-74,-22],[-73,0],[-139,-98],[-27,-6],[-51,12],[-72,46],[-8,39],[-31,13],[-44,-13],[-169,-130],[-41,-71],[-59,-1],[-72,-15],[-61,-28],[-56,6],[-88,46],[-76,89],[-47,30],[-14,37],[0,88],[35,92],[7,38],[-30,40],[11,53],[-31,72],[-78,99],[-65,27],[-30,31],[-2,43],[32,77],[-3,25],[63,127],[30,19],[-1,43],[22,89],[-13,61],[-28,48],[-43,50],[-33,136],[-42,37],[-15,29],[-41,16],[-46,-36],[-35,35],[-31,-12],[-80,30],[-40,33],[-49,59],[-43,93],[-31,49],[-26,8],[-85,-45],[-27,-2],[-30,19],[-31,-5],[-59,-78],[-13,-8],[-89,4],[-49,17],[-91,57],[-59,85],[0,99],[-41,116],[3,110],[-77,5],[-37,-5],[-67,-30],[-91,-58],[-60,6],[-64,54],[-17,-1],[-25,-66],[-61,-16],[-85,27],[-72,35],[-62,11]],[[5333,26393],[4,20],[-102,-14],[-59,16],[-146,76],[-119,82],[-187,120],[-38,7],[-64,-10],[-19,16],[-60,137],[-22,7],[-95,-38],[-36,12],[-40,33],[-69,-16],[-67,-1],[-12,-34],[-76,37],[-55,8],[-64,57],[-71,19],[-47,1],[-74,96],[-74,71],[-71,45],[-77,28],[-30,-40],[-19,-55],[-37,-53],[-49,-12],[-126,31],[-56,0],[-46,-23],[-41,-52],[-33,-19],[-57,24],[-46,0],[-71,-33],[-83,-53],[-40,-35],[-31,-12],[-56,6],[-105,51],[-120,10],[-79,-52],[1,-71],[-41,-82],[-47,-35],[-47,3],[-110,46],[-117,16],[-33,-5]],[[2074,26723],[-70,-4],[-48,36],[-60,-4],[-49,42],[-64,1],[-46,52],[-31,68],[-34,45],[-2,84],[-30,31],[-17,65],[-113,101],[-128,140],[-28,89],[-23,109],[-71,60],[-34,85],[-43,71],[-18,76],[-37,38],[-50,18],[-96,-7],[-44,46],[-4,52],[25,57],[43,56],[144,135],[-10,56],[-23,32],[-82,83],[-60,95],[8,50],[97,98],[106,133],[27,55],[37,132],[21,149],[3,57],[-41,62],[-51,54],[-46,23],[20,63],[4,42],[-10,39],[21,31],[66,18],[43,-37],[32,5],[2,39],[-18,18],[-47,15],[-20,23],[3,70],[20,36],[47,47],[-5,36],[-59,24],[-16,44],[24,48],[57,49],[-15,42],[-47,-29],[-111,16],[-28,27],[-26,66],[-26,-12],[0,-59],[-51,-17],[-22,44],[-29,-5],[-57,36],[-63,9],[-3,56],[-44,17],[-123,95],[-39,10],[-37,-21],[-53,10],[-27,-6],[-56,-59],[-73,-13],[-112,78],[-19,28],[-35,111],[-29,33],[-64,5],[-67,32],[-40,66],[237,5],[68,17],[84,38],[165,29],[99,96],[79,10],[64,-25],[119,-2],[105,23],[191,-30],[86,-4],[29,6],[73,49],[95,29],[80,-1],[159,26],[35,-3],[44,-19],[107,23],[65,54],[37,21],[68,-12],[26,-38],[64,-31],[107,-3],[19,-20],[-3,-85],[22,-30],[165,9],[58,10],[35,19],[120,86],[63,36],[61,46],[60,20],[78,80],[61,35],[38,36],[97,37],[84,5],[30,11],[45,69],[26,128],[26,65],[29,36],[60,46],[29,105],[8,74],[27,74],[17,106],[25,40],[58,39],[25,2],[47,-20],[88,15],[54,18],[45,-20],[48,6],[46,20],[66,5],[34,-34],[27,-9],[52,11],[29,64],[43,10],[28,26],[-2,79],[42,108],[61,59],[84,42],[111,41],[35,28],[13,29],[-5,36],[-24,33],[-102,66],[-45,18],[-109,-1],[-68,-21],[-110,19],[-61,17],[-10,21],[12,57],[32,27],[50,-12],[39,8],[50,55],[29,44],[36,98],[56,51],[103,44],[51,15],[61,-15],[60,5],[58,21],[68,-52],[35,9],[2,38],[-14,45],[21,50],[42,18],[94,-14],[35,2],[34,29],[8,51],[-36,71],[2,23],[37,36],[30,4],[104,-13],[50,-42],[19,-40],[40,-28],[50,-13],[47,0],[31,-23],[-6,-71],[32,-23],[74,28],[58,-9],[58,27],[33,-7],[52,-44],[105,-4],[56,-15],[108,43],[62,45],[72,90],[34,5],[2,-117],[27,-38],[-36,-42],[-55,-8],[-12,-23],[7,-57],[12,-20],[55,-9],[33,23],[23,-10],[18,-50],[42,-58],[23,-5],[52,-65],[25,10],[9,51],[31,-17],[79,-10],[46,-39],[16,-43],[-11,-30],[62,-26],[11,-21],[58,-8],[-16,-55],[32,-24],[17,48],[28,17],[42,-1],[-23,-36],[10,-19],[82,19],[23,-31],[84,18],[63,-8],[60,-20],[48,30],[90,7],[27,-30],[42,73],[30,-25],[32,19],[38,-21],[29,2],[75,-30],[13,17],[-25,31],[18,21],[33,-2],[7,35],[-30,8],[15,42],[-13,26],[65,47],[45,14],[-3,-42],[48,0],[39,-18],[38,11],[57,-34],[33,18],[2,-60],[58,28],[5,-48],[44,29],[9,-45],[62,-3],[30,-10],[-10,-28],[52,-19],[65,-8],[23,-22],[1,-39],[38,-47],[36,23],[49,0],[4,-51],[36,-14],[-4,-57],[33,-19],[7,-26],[46,-5],[42,-54],[-60,-55],[-33,-102],[9,-62],[-28,-41],[-9,-59],[25,-40],[66,7],[-14,-61],[16,-17],[-10,-31],[-46,-31],[-17,-34],[24,-36],[34,9],[85,-38],[49,-16],[39,-49],[22,-58],[69,-52],[109,17],[69,24],[18,-21],[52,20],[74,-20],[77,-52],[45,-54],[40,-24],[90,16],[35,32],[48,19],[1,-49],[36,-18],[35,25],[86,-17],[44,10],[62,-4],[70,15],[31,-7],[7,-49],[29,-37],[49,-9],[41,-75],[83,-74],[104,-5],[33,-27],[34,-52],[37,-94],[29,-27],[79,-37],[69,32],[7,28],[-8,61],[38,103],[9,87],[90,22],[53,52],[86,27],[30,37],[48,-29]],[[6254,23735],[45,28],[24,47],[25,98],[44,39],[20,31],[-15,85],[3,27],[34,51],[6,25],[-10,75],[-18,42],[-29,36],[-42,20],[-73,-24],[-50,42],[-38,89],[-50,44],[-14,30],[-45,13],[-43,30],[-68,87],[8,45],[-27,53],[19,19],[-28,44],[5,37],[33,84],[56,26],[0,87],[-31,118],[-46,86],[-45,44],[-54,17],[-33,61],[-18,59],[-2,54],[13,48],[49,46],[-62,110],[-65,134],[-46,50],[-35,11],[-50,-13],[-59,-47],[-77,0],[-52,-12],[-51,32],[-34,131],[-27,47],[-8,40],[3,62],[31,29],[34,3],[-28,238]],[[1515,24274],[-17,49],[-28,36],[-52,36],[-52,15],[-131,1],[-15,12],[-17,97],[2,97],[-22,49],[13,82],[-30,64],[-14,88],[32,174],[-13,84],[27,14],[179,7],[107,52],[73,79],[112,11],[23,23],[49,16],[70,-7],[37,5],[74,25],[64,3],[59,53],[97,24],[55,64],[47,5],[3,42],[31,37],[-9,28],[-33,6],[-43,30],[-11,45],[41,32],[-61,54],[-70,-1],[-39,13],[-8,59],[-48,23],[-21,25],[26,86],[-12,46],[35,51],[-17,25],[13,61],[-17,90],[20,48],[52,20],[24,103],[45,60],[6,96],[-11,41],[-48,60],[-18,11]],[[13360,38499],[40,1],[42,19],[24,24],[42,6],[3,48],[21,68],[61,84],[16,33],[8,76],[-18,64],[-64,96],[15,81],[37,92],[-9,42],[-7,127],[31,46],[8,75],[51,-8],[65,-23],[7,-24],[53,-52],[-9,-39],[44,-29],[96,-20],[48,-1],[61,25],[9,30],[42,72],[24,22],[107,47],[4,172],[-27,73],[-73,56],[-65,23],[-73,-3],[-59,-32],[-47,-14],[-64,4],[-77,40],[-40,61],[-23,88],[2,34],[72,-11],[33,16],[-1,73],[27,48],[64,31],[35,43],[16,42],[26,12],[47,-18],[117,-82],[61,15],[38,22],[-17,58],[76,64],[28,44],[70,15],[50,48],[181,1],[93,-32],[63,-57],[88,-39],[85,-14],[76,31],[35,2],[83,-55],[-14,-74],[30,-3],[48,-32],[82,-37],[23,24],[-68,34],[61,5],[33,-14],[20,-35],[-57,-61],[51,-17],[-12,-34],[60,-26],[-12,-41],[-103,-2],[33,-27],[-45,-64],[-32,22],[13,-72],[-28,11],[-21,54],[-23,-11],[9,-54],[-9,-56],[-4,-91],[98,-4],[65,-25],[-4,-75],[35,-52],[55,-3],[13,-63],[49,-37],[34,-4],[62,-24],[85,5],[76,23],[3,84],[48,18],[-11,-86],[29,-5],[7,68],[102,10],[-19,-41],[16,-70],[-26,-24],[2,-36],[-16,-25],[9,-42],[-30,-41],[81,-5],[13,21],[77,-14],[40,42],[67,16],[16,23],[52,20],[13,-23],[102,-20],[76,-24],[34,-30],[26,-5],[71,-43],[41,-118],[-57,-167],[-17,-69],[-12,-87],[21,-40],[72,0],[62,-10],[122,-53],[46,-10],[101,36],[56,1],[57,-29],[59,-43],[100,-22],[3,-40],[44,6],[400,163],[11,-25],[-75,-120],[-56,-47],[-15,-55],[-28,-15],[-34,34],[-18,-11],[-28,-92],[-27,-65],[-56,-35],[-76,8],[-82,46],[-87,-17],[-85,26],[-57,3],[-43,-51],[6,-55],[-75,-37],[-39,-8],[369,-527],[99,-144],[26,-55],[380,-451],[8,-43],[30,-46],[-25,-43],[-50,-13],[-48,-48],[-63,-51],[-95,-51],[-23,-69],[23,-86],[0,-33],[-21,-41],[8,-27],[41,4],[67,-18],[52,11],[100,62],[85,62],[37,-6],[36,-25],[14,-65],[27,-69],[-1,-178],[54,19],[24,-10],[19,-45],[39,-1],[28,-25],[38,-10],[72,9],[32,24],[38,7],[-10,-38],[41,-6],[15,20],[131,-20],[59,56],[31,-31],[75,-43],[75,-15],[33,15],[42,-7],[46,29],[29,-6],[62,31],[16,-33],[-65,-66],[78,-23]],[[35599,14069],[41,-8],[64,6],[107,53],[53,67],[36,28],[55,25],[63,14],[39,20],[50,61],[43,35],[46,86],[27,30],[69,36],[56,127],[-4,54],[8,30],[50,46],[66,35],[66,63],[37,13],[27,30],[2,84],[39,44],[43,12],[49,28],[94,105],[17,40],[-3,53],[19,59],[47,45],[26,49],[-4,95],[-25,42],[-34,21],[-14,29],[22,81],[44,88],[11,61],[-33,72],[-16,77],[-18,46],[-36,56],[-31,71],[40,72],[95,59],[42,55],[74,46],[32,8],[68,69],[39,25],[137,58],[60,32],[104,122],[113,31],[42,47],[78,53],[37,16],[37,51],[62,30],[32,-1],[26,20],[52,-3],[30,31],[32,-1],[40,32],[73,1],[39,52],[56,12],[45,52],[63,50],[-1,35],[30,8],[11,28],[-61,44],[-11,31],[44,85],[12,49],[27,18],[10,80],[52,51],[-4,41],[15,24],[36,8],[-8,26],[34,14],[9,38],[30,16],[-3,34],[36,0],[37,32],[6,49],[-10,20],[28,67],[-10,40],[51,10],[74,1],[20,60],[-6,21],[26,25],[1,44],[-26,-7],[-48,10],[-11,72],[33,13],[-2,102],[17,44],[-1,50],[-29,39],[23,50],[47,7],[20,23],[16,63],[-14,40],[-49,38],[-4,21],[45,46],[-11,32],[33,12],[-2,50],[34,34],[46,4],[10,38],[4,81],[-11,48],[-34,49],[4,45],[-32,57],[-62,54],[8,59],[-31,37],[-11,38],[-2,53],[-11,39],[36,18],[-12,53],[-7,83],[-30,12],[-47,61],[19,63],[-37,8],[26,38],[-16,63],[-43,28],[-34,8],[-19,43],[-52,21],[10,24],[-44,13],[-54,1],[-2,54],[32,-6],[-6,47],[-41,60],[-3,33],[36,38],[24,69],[-16,32],[11,76],[24,15],[58,100],[2,60],[14,29],[-25,22],[18,37],[-20,24],[9,31],[-36,27],[30,16],[2,59],[15,69],[22,0],[60,55],[10,33],[41,52],[0,27],[-69,38],[-67,62],[-29,6],[-7,26],[-47,14],[-14,95],[-64,52],[0,35],[-34,44],[-19,78],[52,100],[7,44],[-22,89],[-30,71],[-27,84],[-74,209],[-210,289],[-156,182],[-112,137],[-66,108],[-36,87],[-38,167],[-11,80],[-41,87]],[[37610,23317],[394,-39],[622,-267],[304,-95],[-2,-168],[72,-32],[55,-58],[67,-59],[44,-61],[90,-32],[64,-17],[81,-35],[85,-48],[69,-22],[130,-116],[82,-154],[91,-107],[31,-50],[15,64],[53,127],[34,98],[86,10],[46,18],[53,56],[60,120],[-3,107],[221,227],[2,7]],[[40456,22791],[50,25],[59,-5],[1,-28],[55,0],[60,-12],[17,-33],[-24,-19],[37,-75],[25,-1],[155,349],[124,13],[-1,-106],[98,1],[3,100],[299,35],[34,-45],[57,-12],[4,65],[16,10],[130,9],[279,-180],[64,330],[10,221],[84,367],[-45,221],[-159,197],[-67,92],[-37,40],[21,55],[-80,91],[-56,110],[-42,39],[21,24],[-5,103],[-32,78],[-76,23],[-112,55],[-39,56],[-41,47],[-99,68],[-132,-28],[-62,32],[-72,23],[-99,2],[-42,24],[-32,44],[-13,51],[48,91],[-37,66],[4,100],[-52,137],[-42,76],[-47,44],[-76,90],[-60,3],[-8,-18],[14,-43],[29,-39],[-31,-26],[-34,-1],[-53,-28],[-9,26],[8,51],[-44,-17],[26,-67],[-18,-52],[-24,0],[-40,65],[-51,-10],[-25,16],[-19,73],[-29,-57],[-29,3],[-24,-27],[-49,-23],[-38,27],[-52,5],[48,63],[-31,29],[-34,-22],[-38,10],[-51,-43],[-40,-73],[-33,-10],[-32,-48],[-48,-4],[-24,31],[-30,-31],[-3,-29],[-37,11],[-8,50],[45,18],[-22,43],[-82,0],[-2,-48],[-32,-42],[-50,17],[-26,-14],[2,-36],[-27,-8],[-39,21],[19,-62],[-17,-18],[-49,-6],[20,-88],[-30,-33],[-31,-4],[-25,-40],[21,-38],[-43,-45],[-62,-31],[-74,-25]],[[39165,25207],[-59,-26],[-71,-14],[-29,8],[-31,31],[-1,24],[38,35],[-31,19],[-34,-21],[-29,20],[28,23],[65,18],[36,47],[-3,24],[-38,12],[-40,-47],[-27,10],[8,36],[-21,16],[-50,-30],[-5,52],[-42,25],[-22,-65],[-31,-19],[-55,23],[-30,43],[-50,2],[-40,27],[-35,6],[-52,-15],[-33,-28],[-1,-49],[-31,0]],[[38449,25394],[126,409],[-15,46],[-38,57],[-60,47],[-69,68],[-14,26],[-3,98],[-49,148],[-12,64],[-104,57],[36,24],[21,40],[13,65],[-1,51],[-33,133],[-22,109],[19,59],[46,56],[61,38],[35,36],[27,48],[42,98],[22,117],[-6,103],[-34,62],[-13,42],[-2,111],[7,53],[-7,52],[-30,24],[-56,70],[-17,42],[-43,26],[-53,-17],[-61,34],[-58,9],[-105,-18],[-81,-30],[-62,-47],[-110,1],[-83,-30],[-79,0],[-46,-13],[-56,-62],[-46,-20],[-78,12],[-52,-11],[-24,-34]],[[39297,32125],[38,-38],[35,-76],[60,8],[43,35],[9,30],[34,33],[28,10],[25,31],[1,28],[-52,18],[-50,55],[23,35],[64,20],[24,38],[40,15],[28,45],[-32,43],[56,113],[-2,21],[-39,43],[-11,37],[20,60],[-32,51],[25,48],[60,13],[69,1],[27,23],[4,39],[23,6],[34,-28],[58,-5],[41,25],[32,3],[42,-17],[66,37],[17,50],[42,78],[58,42],[26,51],[36,-9],[11,56],[56,27],[-8,81],[53,23],[76,-26],[27,-42],[52,-16],[120,-77],[44,14],[12,83],[38,56],[24,104],[44,21],[17,23],[33,123],[13,19],[48,31],[72,-18],[33,2],[30,-34],[20,-2],[10,46],[-16,50],[31,42],[-10,50],[52,39],[50,-3],[60,23],[41,31],[44,16],[102,62],[25,77],[70,49],[-14,68],[31,4],[110,64],[34,29],[38,8],[45,30],[109,31],[62,53],[40,21],[64,14],[29,-8],[40,-36],[78,18],[4,30],[26,7],[37,102],[-8,18],[32,44],[182,121],[74,10],[71,52],[47,-6],[128,-76],[76,-19],[92,-6],[49,3],[106,38],[59,0],[27,-28],[59,20],[26,-1],[24,35],[3,97],[33,11],[-2,34],[39,2],[-5,46],[28,11],[-3,30],[39,20],[21,29],[41,15],[60,151],[-6,24],[-34,30],[-32,46],[20,54],[133,86],[116,60],[26,18],[32,-116],[-4,-183],[-2,-249],[46,-135],[18,-105],[13,-29],[19,-96],[-53,-147],[10,-29],[32,-31],[101,-151],[9,-41],[-21,-56],[-52,-30],[-63,-99],[-22,-13],[-12,-40],[12,-54],[-30,-38],[-15,-67],[15,-61],[-23,-51],[0,-30],[-25,-56],[-26,-17],[-28,-47],[4,-34],[31,-46],[12,-55],[-36,-60],[-18,-53],[-39,-33],[12,-54],[-10,-29],[-37,-48],[-6,-38],[47,-47],[-13,-38],[31,-25],[0,-29],[29,-14],[-7,-43],[63,3],[49,-36],[33,-40],[39,-24],[31,-73],[43,-57],[176,-188],[17,-44],[78,-71],[14,-41],[9,-68],[37,-50],[-8,-35],[-42,-51],[19,-77],[46,-30],[142,-119],[42,-6],[15,-49],[-25,-41],[3,-21],[42,-80],[4,-80],[-70,-58],[-124,-46],[-57,-39],[-17,-47],[-58,-43],[-30,-48],[-25,-17],[-70,-24],[-39,-61],[-50,-6],[-40,-19],[-30,-40],[-8,-74],[-27,-23],[3,-24],[79,-75],[80,-99],[21,-15],[56,-10],[95,-105],[64,-48],[61,-28],[310,-355],[55,18],[133,66],[43,34],[45,63],[24,0],[37,-30],[51,-24],[38,-1],[55,27],[70,52],[25,30],[25,7],[62,-19],[69,10],[80,25],[100,4],[99,-36],[88,-49],[62,-50],[104,-21],[33,-31],[16,-34],[16,-82],[-18,-97],[29,-49],[48,-102],[42,-28],[52,-13],[109,-42],[52,-38],[12,-43],[3,-117],[27,-74],[-23,-66],[-2,-31],[35,-57],[36,12],[74,61],[53,-3],[28,-21],[34,-52],[58,-10],[159,66],[102,54],[96,-12],[35,8],[56,35],[53,50],[106,-33],[89,19],[51,-7]],[[47403,29641],[-24,-126],[-60,-113],[-275,-230],[-149,-42],[-144,-24],[-123,-4],[-126,31],[-114,49],[-82,26],[-92,-34],[-106,-29],[-62,-116],[-75,-73],[-595,-155],[-108,-15],[47,-37],[-39,-63],[-59,-53],[-61,-23],[-12,-28],[-26,-13],[-76,-16],[21,-68],[-49,-29],[-334,-250],[-17,-19],[-37,-92],[-62,-64],[-5,-35],[-117,-20],[-41,-25],[-41,-47],[-2,-31],[-86,-214],[15,-18],[12,-53],[-28,-77],[-48,-36],[-49,-22],[-16,-31],[-5,-43],[-23,-25],[-358,472],[-72,-62],[-26,-3],[-44,-39],[-25,-64],[-47,-3],[-16,-27],[-55,-41],[8,-45],[-57,-71],[-51,-8],[-71,-26],[-12,-42],[-25,-42],[-61,-25],[-48,-29],[-23,-59],[-22,-9],[-5,-67],[-13,-21],[-56,-39],[-124,-107],[-10,-79],[-21,-30],[-48,-32],[-21,-29],[16,-110],[78,-64],[16,-29],[-10,-56],[7,-55],[27,-50],[78,-58],[61,-16],[54,-2],[10,18],[-9,51],[25,10],[30,-25],[30,3],[23,22],[0,99],[69,-17],[5,-33],[-18,-35],[-32,-30],[1,-24],[37,-16],[-10,-53],[58,-49],[14,-48],[43,-53],[-2,-53],[32,-133],[35,-17],[41,14],[71,-44],[41,-76],[-24,-36],[-11,-57],[-20,-43],[38,-11],[29,-56],[-6,-32],[34,-50],[-13,-42],[27,-32],[-24,-30],[50,-54],[91,-26],[14,22],[39,0],[29,-38],[28,37],[23,-45],[-53,-26],[-4,-21],[44,-11],[10,-54],[27,-4],[62,29],[37,0],[64,-29],[46,16],[22,-37],[27,-8],[49,-79],[34,9],[7,-80],[-75,-68],[-2,-19],[46,-31],[2,-20],[-58,-30],[-32,-68],[14,-106],[28,-47],[55,-45],[40,-49],[25,28],[38,-1],[50,22],[9,42],[32,-2],[25,-52],[48,17],[-6,39],[28,6],[10,-38],[70,-13],[-17,-57],[79,-18],[89,27],[22,14],[29,-34],[24,31],[61,1],[59,-27],[13,-20],[37,-9],[24,40],[39,-2],[-20,-35],[43,-8],[-15,-49],[84,-17],[-5,33],[44,47],[45,-37],[43,-3],[24,-49],[32,7],[106,-25],[39,-51],[9,-34],[35,15],[14,-24],[40,7],[30,-55],[70,44],[52,-8],[13,-38],[56,30],[-2,-36],[30,-68],[36,20],[75,-9],[5,33],[27,-1],[54,-37],[10,23],[108,81],[-55,144],[74,51],[-19,136],[-30,-1],[-134,215],[23,91],[33,164],[29,75],[50,52],[28,51],[10,53],[33,42],[80,48],[118,90],[35,38],[71,28],[43,63],[52,44],[18,49],[-19,143],[-132,131],[-28,46],[-26,77],[-44,54],[-24,55],[-104,107],[-42,65],[24,8],[76,-41],[59,-22],[48,-2],[31,45],[-20,50],[24,51],[-19,110],[22,24],[88,-6],[70,-28],[59,52],[43,-20],[-1,-82],[7,-46],[28,-26],[74,22],[40,-9],[34,-40],[52,26],[48,47],[73,48],[43,18],[88,1],[55,-34],[53,-70],[8,-37],[0,-73],[16,-44],[34,-18],[114,-18],[117,1],[51,-6],[105,-55]],[[47796,26314],[-2,-23],[-33,-57],[0,-26],[29,-31],[87,-46],[14,-37],[1,-91],[30,-50],[66,-32],[62,-18],[27,-42],[-20,-80],[-30,-24],[-31,0],[-31,-19],[-19,-64],[-28,-34],[-52,-27],[-7,-73],[19,-90],[-15,-63],[-29,-32],[10,-60],[39,-44],[55,-33],[57,-20],[77,-82],[40,-16],[82,0],[92,-65],[73,-21],[57,-30],[68,-16],[55,4],[49,-11],[63,-50],[44,-18],[64,-10],[21,-27],[32,-8],[66,32],[79,7],[46,21],[21,58],[43,42],[75,17],[117,-3],[54,13],[60,-2],[91,12],[68,-9],[37,8],[29,23],[36,85],[66,38],[29,41],[85,88],[41,59],[9,29],[-5,54],[-24,87],[1,38],[82,150],[47,6],[30,-12],[101,-3],[54,-41],[61,-14],[29,-23],[17,-62],[43,-31],[18,-67],[31,-10],[52,33],[47,-21],[45,-61],[84,3],[59,57],[46,23],[32,36],[34,7],[64,-36],[75,-11],[77,20],[38,73],[21,1],[40,-34],[55,4],[107,28],[66,-1],[24,14],[10,87],[30,47],[31,28],[77,38],[83,84],[82,54],[59,101],[40,27],[31,-4],[70,-51],[30,-37],[25,-8],[46,37],[69,17],[34,-30],[47,-23],[22,-29],[18,-54],[30,-16],[142,-46],[55,-40],[17,-41],[-24,-130],[23,-39],[38,-26],[101,-31],[67,2],[-24,-35],[-12,-53],[10,-64],[15,-37],[-17,-17],[-61,-24],[-58,-83],[-62,-44],[-79,-84],[-90,0],[100,-71],[178,-90],[71,-22],[68,-33],[114,11],[67,38],[43,37],[59,25],[99,20],[63,-3],[84,23],[48,-34],[42,-57],[-4,-25],[-30,-51],[-5,-35],[29,-17],[73,7],[71,-44],[4,-45],[-33,-37],[-84,-20],[-20,-12],[-38,-51],[-8,-49],[36,-90],[80,-113],[41,-48],[35,-65],[-8,-1233],[-1,-216],[77,-22],[68,21],[115,11],[165,6],[155,-9],[188,-20],[114,1],[126,-31],[229,-95],[78,-48],[81,-63],[74,-42],[95,-110],[111,-167],[60,-136],[57,-238],[19,-179],[-3,-95],[-26,-140],[-41,-153],[-27,-52],[-43,-65],[-116,-115],[-117,-87],[-97,-82],[-34,-22],[-333,-291],[-68,-85],[-69,-72],[-61,-44],[-29,-42],[-56,-60],[-84,-45],[-56,-68],[-66,-49],[-70,-38],[-87,-71],[-62,20],[-16,-29],[28,-29],[154,-35],[79,-9],[135,39],[92,1],[99,10],[35,-21],[-9,-34],[27,-42],[92,44],[52,43],[45,-7],[40,27],[71,29],[55,45],[42,-1],[63,-76],[15,-62],[61,-13],[13,-20],[55,7],[25,19],[40,61],[29,21],[19,36],[39,3],[9,-44],[-42,-86],[2,-26],[112,-71],[107,-23],[-13,-53],[10,-29],[-19,-35],[-96,-36],[-95,-52],[-3,-20],[26,-33],[48,-18],[-2,-21],[-43,-15],[-82,-4],[-85,27],[-42,-55],[-7,-43],[-25,-77],[16,-34],[41,-24],[98,-24],[8,-20],[-24,-29],[10,-36],[37,-13],[-6,-46],[55,-14],[9,-41],[-18,-27],[-42,-17],[-38,7],[-93,48],[-124,11],[-21,-15],[-20,-47],[3,-28],[49,-47],[73,-12],[24,-19],[-6,-73],[-25,-35],[-65,-69],[-6,-39],[27,-12],[111,9],[48,-48],[-1,-47],[19,-19],[100,44],[25,-11],[23,-45],[20,35],[46,5],[21,90],[41,34],[72,35],[72,-7],[64,9],[28,14],[-12,32],[19,28],[61,-17],[43,-2],[10,-24],[-47,-53],[1,-37],[49,-11],[38,15],[17,-39],[-33,-35],[-6,-35],[12,-58],[8,-100],[-15,-50],[15,-20],[56,6],[50,-28],[31,-33],[58,-8],[12,-56],[21,-23],[5,-59],[-60,-34],[-13,-28],[1,-60],[24,-62],[6,-41],[-8,-45],[-47,-74],[-6,-149],[-35,-53],[-78,-38],[-46,-36],[-87,-35],[-55,-33],[-13,-22],[11,-65],[47,-63],[11,-65],[48,-55],[97,-46],[26,-49],[-8,-35],[-78,-47],[-70,7],[-41,-12],[-35,-29],[-47,-118],[-38,-82],[-55,-56],[-44,-27],[-65,-13],[-20,-19],[-42,-80],[-38,-42],[-180,-126],[-61,-37],[-36,7],[-44,23],[-33,-38],[-50,-8],[-56,13],[-35,61],[-41,5],[-70,-45],[-38,-8],[-51,9],[-65,-12],[-69,-29],[-127,-36],[-44,31],[19,58],[-6,35],[-39,20],[-28,-2],[-117,-53],[-59,-6],[-33,9],[-14,43],[24,51],[9,82],[16,27],[74,45],[16,18],[-14,50],[-22,23],[-60,2],[-39,-28],[-40,-12],[-94,6],[-27,-6],[-122,-52],[-158,-52],[-106,7],[-85,-11],[-33,7],[-23,25],[-33,85],[-53,16],[-127,25],[-80,-1],[-38,-21],[-55,-68],[-154,-52],[-84,-47],[-62,-10],[-51,-28],[-34,-33],[-76,-56],[-25,-42],[-49,-52],[-78,-52],[-22,-70],[-45,-80],[-48,-15],[-47,22],[-26,33],[-50,13],[-70,-4],[-96,-35],[-101,-58],[-63,-46],[-107,-52],[-92,-19],[-108,-7],[-42,-21],[-68,-78],[-149,-82],[-83,-68],[-47,-62],[-29,-21],[-170,-46],[-51,2],[-67,20],[-144,-10],[-38,-17],[-23,-96],[-78,-67],[-139,-67],[-139,-38],[-64,-7],[-112,-1],[-83,15],[-80,25],[-55,10],[-83,-2],[-86,16],[-87,35],[-152,51],[-215,98],[-120,17],[-56,-21],[-66,-111],[-30,-26],[-90,-40],[-99,-65],[-88,-74],[-47,-68],[30,-44],[8,-37],[-8,-40],[-47,-59],[-32,-73],[-34,-36],[-42,-19],[-93,-26],[-66,-27],[-68,-41],[-59,7],[-32,-6],[-89,-65],[-33,-15],[-91,-8],[-87,-26],[-180,-29],[-76,-3],[-48,6],[-135,32],[-230,-25],[-59,-9],[-42,-21],[-38,-57],[-64,-28],[-194,-29],[-42,23],[-13,29],[4,47],[-12,28],[-39,34],[-118,57],[-21,26],[11,47],[113,72],[86,22],[120,-16],[43,17],[62,48],[62,74],[13,25],[-6,39],[-33,19],[-61,-2],[-25,12],[-85,87],[-20,37],[2,28],[31,54],[37,37],[0,33],[-51,111],[-83,82],[-39,27],[-14,45],[37,80],[6,29],[-18,43],[-31,31],[-50,16],[-45,-7],[-31,-22],[-58,-87],[-28,-80],[-34,-31],[-27,-1],[-55,28],[-50,-8],[-38,-83],[-63,-57],[-56,-10],[-50,14],[-29,31],[-30,56],[-58,12],[-57,-19],[-77,-81],[-70,-55],[-34,1],[-29,55],[1,38],[54,89],[-10,30],[-79,-19],[-30,28],[-28,68],[-26,18],[-26,-16],[-14,-43],[-22,-119],[-15,-37],[-63,-87],[-32,-103],[-81,-52],[-11,-32],[8,-42],[-23,-94],[-48,-28],[-180,24],[-19,-6],[-27,-55],[-29,-26],[-38,-4],[-74,29],[-107,-33],[-156,-34],[-108,-59],[-35,-12],[-17,-30],[-19,-68],[-33,-40],[-25,-55],[-37,-41],[-113,-63],[-86,-76],[-54,-38],[-28,2],[-37,40],[-19,47],[6,61],[-9,25],[-35,27],[-102,27],[-41,-3],[-86,-37],[-70,-12],[-62,-76],[-47,-3],[-53,38],[-85,72],[-67,-7],[-47,-44],[-60,-74],[-84,-67],[-24,-3],[-65,25],[-39,-24],[23,-107],[-21,-34],[-53,-42],[-13,-114],[-7,-203],[-6,-21],[-44,-14],[-107,35],[-76,41],[-97,10],[-74,-19],[-58,-43],[-67,-60],[-54,-70],[11,-44],[-15,-40],[-10,-60],[-49,-57],[-75,-103],[-66,-32],[-42,4],[-31,20],[-39,46],[-27,9],[-97,-23],[-36,16],[-60,79],[-80,5],[-71,19],[-48,-23],[-91,-16],[-46,5],[-39,27],[-11,24],[12,30],[-9,56],[4,41],[18,52],[5,68],[-36,138],[-26,45],[-54,45],[-57,16],[-75,-30],[-128,-67],[-35,-34],[-31,-12],[-47,-1],[-60,30],[-59,43],[-45,21],[-42,37],[-23,49],[-29,20],[-97,-12],[-22,14],[0,32],[-20,80],[-20,37],[-45,30],[-85,9],[-132,-32],[-62,2],[-33,11],[-81,-3],[-30,14],[-34,42],[-79,45],[-50,-2],[-43,-28],[-53,-97],[-45,-71],[-12,-93],[-24,-28],[-52,-9],[-31,-18],[-62,-62],[-11,-29],[-5,-84],[-45,-44],[-65,-13],[-8,-55],[22,-177],[38,-67],[-12,-73],[-33,-48],[-6,-35],[-35,-48],[-21,-69],[-21,-24],[-81,-50],[-136,-63],[-89,-18],[-18,-18],[-3,-36],[32,-68],[-20,-81],[-52,-54],[-28,-45],[-38,-38],[-62,-45],[-52,-47],[-98,37],[-38,-6],[-44,-25],[-53,7],[-29,31],[-227,69],[-84,-25],[-65,15],[-40,-16],[-29,-85],[-159,-93],[-36,-37]],[[47403,29641],[53,-22],[59,6],[78,32],[44,11],[104,38],[27,-7],[38,-53],[21,-12],[122,-2],[739,-673],[27,-64],[20,-22],[45,-77],[45,-63],[4,-48],[43,-66],[36,-37],[47,-74],[-2,-34],[-25,-61],[14,-65],[-14,-41],[5,-31],[-7,-86],[19,-51],[25,-34],[57,-26],[18,-24],[-2,-52],[-39,-48],[-21,-51],[5,-22],[83,-131],[17,-56],[-23,-23],[-111,-11],[-91,-54],[-57,-23],[-148,-44],[-105,-73],[-80,11],[-25,-14],[-8,-38],[18,-70],[4,-58],[-15,-74],[-49,-78],[-9,-53],[7,-31],[-14,-69],[-39,-75],[9,-61],[-9,-127],[-31,-43],[-71,-19],[-80,-43],[-17,-17],[-47,-113],[-49,-48],[-42,6],[-64,41],[-37,84],[-53,8],[-32,-20],[-68,-78],[-20,-49],[8,-54],[56,-71]],[[40456,22791],[-63,36],[8,39],[-25,77],[-58,29],[-70,119],[8,20],[-47,54],[-13,51],[3,49],[29,4],[-1,86],[23,18],[0,31],[56,31],[45,51],[-11,18],[26,32],[-1,79],[-23,16],[53,116],[-26,54],[-27,13],[-19,43],[0,31],[-43,25],[-31,71],[-54,26],[-39,-8],[-65,58],[-28,-7],[-64,46],[15,15],[-29,32],[-84,18],[-32,59],[-88,67],[-29,69],[-20,24],[-59,43],[-10,21],[11,103],[-14,44],[-79,102],[-49,30],[-76,82],[-18,57],[-63,58],[-35,14],[-11,-36],[-33,18],[-40,-2],[-37,18],[-32,-55],[-11,39],[-46,25],[-50,112],[-2,64],[46,55],[41,32]],[[37610,23317],[-37,42],[-82,73],[-1,93],[-35,24],[-22,32],[57,73],[8,39],[52,85],[21,50],[26,3],[21,39],[2,37],[47,38],[-4,37],[-22,29],[-29,12],[30,37],[18,48],[29,1],[48,45],[-3,89],[-64,1],[-35,50],[7,49],[-28,24],[21,29],[-8,36],[-2,86],[20,75],[-8,46],[17,26],[61,41],[58,-10],[21,-30],[48,22],[115,0],[122,6],[49,30],[7,61],[-7,60],[4,54],[18,24],[6,50],[57,2],[48,40],[-31,12],[-4,48],[38,89],[48,-27],[48,82],[14,-4],[28,-51],[26,36],[32,-9],[20,23],[-10,51],[46,6],[-14,27],[-39,20],[28,23],[-42,19],[0,34]],[[35292,14924],[47,16],[26,22],[-33,107],[2,25],[60,54],[3,29],[-27,47],[-2,81],[23,65],[-20,48],[21,70],[-11,25],[-4,60],[-20,60],[-26,45],[57,58],[7,28],[-25,68],[27,53],[58,20],[12,38],[-6,58],[1,108],[21,54],[28,29],[-2,26],[-61,71],[-87,28],[-64,0],[-24,-13],[-11,-47],[17,-102],[2,-52],[-17,-60],[-43,-50],[-60,-29]]],"transform":{"scale":[0.00002007773913972956,0.000018764114638978376],"translate":[-47.03669804148561,-24.008408163019347]},"objects":{"amc75_s":{"type":"GeometryCollection","geometries":[{"arcs":[[0,1,2,3,4,5,6,7,8,9,10,11,12,13,14,15,16,17,18],[19]],"type":"Polygon","properties":{"codigo":"1","nome":"AMC 1"},"id":"1"},{"arcs":[[-20]],"type":"Polygon","properties":{"codigo":"2","nome":"AMC 2"},"id":"2"},{"arcs":[[-1,20]],"type":"Polygon","properties":{"codigo":"3","nome":"AMC 3"},"id":"3"},{"arcs":[[-5,21,22,23]],"type":"Polygon","properties":{"codigo":"4","nome":"AMC 4"},"id":"4"},{"arcs":[[-6,-24,24,25,26,27,-7]],"type":"Polygon","properties":{"codigo":"5","nome":"AMC 5"},"id":"5"},{"arcs":[[-8,-28,28]],"type":"Polygon","properties":{"codigo":"6","nome":"AMC 6"},"id":"6"},{"arcs":[[-19,29,30,31,32,33,34,-2,-21]],"type":"Polygon","properties":{"codigo":"7","nome":"AMC 7"},"id":"7"},{"arcs":[[-26,35,36,37,38,39,40,41,42,43,44,45,46,47,48]],"type":"Polygon","properties":{"codigo":"8","nome":"AMC 8"},"id":"8"},{"arcs":[[-9,-29,-27,-49,49,50,51]],"type":"Polygon","properties":{"codigo":"9","nome":"AMC 9"},"id":"9"},{"arcs":[[-10,-52,52,53]],"type":"Polygon","properties":{"codigo":"10","nome":"AMC 10"},"id":"10"},{"arcs":[[-11,-54,54,55,56,57,58]],"type":"Polygon","properties":{"codigo":"11","nome":"AMC 11"},"id":"11"},{"arcs":[[-12,-59,59,60,61]],"type":"Polygon","properties":{"codigo":"12","nome":"AMC 12"},"id":"12"},{"arcs":[[-62,62,63,64,65,66,67,68,69,70,71,-13]],"type":"Polygon","properties":{"codigo":"13","nome":"AMC 13"},"id":"13"},{"arcs":[[-3,-35,72,73,74]],"type":"Polygon","properties":{"codigo":"14","nome":"AMC 14"},"id":"14"},{"arcs":[[-4,-75,75,76,77,78,-22]],"type":"Polygon","properties":{"codigo":"15","nome":"AMC 15"},"id":"15"},{"arcs":[[-23,-79,79,-77,80,81,82,83,-40,84,85,86,-25]],"type":"Polygon","properties":{"codigo":"16","nome":"AMC 16"},"id":"16"},{"arcs":[[-36,-87,87]],"type":"Polygon","properties":{"codigo":"17","nome":"AMC 17"},"id":"17"},{"arcs":[[-51,88,-55,-53]],"type":"Polygon","properties":{"codigo":"18","nome":"AMC 18"},"id":"18"},{"arcs":[[-14,-72,89,90,91,92,93,94,95,96,97]],"type":"Polygon","properties":{"codigo":"19","nome":"AMC 19"},"id":"19"},{"arcs":[[-15,-98,98]],"type":"Polygon","properties":{"codigo":"20","nome":"AMC 20"},"id":"20"},{"arcs":[[-34,99,100,101,-73]],"type":"Polygon","properties":{"codigo":"21","nome":"AMC 21"},"id":"21"},{"arcs":[[-74,-102,102,-81,-76]],"type":"Polygon","properties":{"codigo":"22","nome":"AMC 22"},"id":"22"},{"arcs":[[-78,-80]],"type":"Polygon","properties":{"codigo":"23","nome":"AMC 23"},"id":"23"},{"arcs":[[-37,-88,-86,103,104]],"type":"Polygon","properties":{"codigo":"24","nome":"AMC 24"},"id":"24"},{"arcs":[[-48,105,106,-56,-89,-50]],"type":"Polygon","properties":{"codigo":"25","nome":"AMC 25"},"id":"25"},{"arcs":[[-57,-107,107,108,109,110,111,-66,112]],"type":"Polygon","properties":{"codigo":"26","nome":"AMC 26"},"id":"26"},{"arcs":[[-58,-113,-65,113,114,-60]],"type":"Polygon","properties":{"codigo":"27","nome":"AMC 27"},"id":"27"},{"arcs":[[-17,115,116,117,118,119,120,121,-31,122]],"type":"Polygon","properties":{"codigo":"28","nome":"AMC 28"},"id":"28"},{"arcs":[[-18,-123,-30]],"type":"Polygon","properties":{"codigo":"29","nome":"AMC 29"},"id":"29"},{"arcs":[[-32,-122,123,124,125,126,127,128,129]],"type":"Polygon","properties":{"codigo":"30","nome":"AMC 30"},"id":"30"},{"arcs":[[-33,-130,130,131,132,-100]],"type":"Polygon","properties":{"codigo":"31","nome":"AMC 31"},"id":"31"},{"arcs":[[-132,133,134,135]],"type":"Polygon","properties":{"codigo":"32","nome":"AMC 32"},"id":"32"},{"arcs":[[-82,-103,-101,-133,-136,136]],"type":"Polygon","properties":{"codigo":"33","nome":"AMC 33"},"id":"33"},{"arcs":[[-39,137,-104,-85]],"type":"Polygon","properties":{"codigo":"34","nome":"AMC 34"},"id":"34"},{"arcs":[[-47,138,-108,-106]],"type":"Polygon","properties":{"codigo":"35","nome":"AMC 35"},"id":"35"},{"arcs":[[-64,139,-114]],"type":"Polygon","properties":{"codigo":"36","nome":"AMC 36"},"id":"36"},{"arcs":[[-61,-115,-140,-63]],"type":"Polygon","properties":{"codigo":"37","nome":"AMC 37"},"id":"37"},{"arcs":[[-16,-99,-97,140,141]],"type":"Polygon","properties":{"codigo":"38","nome":"AMC 38"},"id":"38"},{"arcs":[[-116,-142,142]],"type":"Polygon","properties":{"codigo":"39","nome":"AMC 39"},"id":"39"},{"arcs":[[-129,143,144,145,-134,-131]],"type":"Polygon","properties":{"codigo":"40","nome":"AMC 40"},"id":"40"},{"arcs":[[-83,-137,-135,-146,146,147]],"type":"Polygon","properties":{"codigo":"41","nome":"AMC 41"},"id":"41"},{"arcs":[[-38,-105,-138]],"type":"Polygon","properties":{"codigo":"42","nome":"AMC 42"},"id":"42"},{"arcs":[[-46,148,149,-109,-139]],"type":"Polygon","properties":{"codigo":"43","nome":"AMC 43"},"id":"43"},{"arcs":[[-67,-112,150,151,152]],"type":"Polygon","properties":{"codigo":"44","nome":"AMC 44"},"id":"44"},{"arcs":[[-71,153,154,-90]],"type":"Polygon","properties":{"codigo":"45","nome":"AMC 45"},"id":"45"},{"arcs":[[-96,155,-117,-143,-141]],"type":"Polygon","properties":{"codigo":"46","nome":"AMC 46"},"id":"46"},{"arcs":[[-121,156,-124]],"type":"Polygon","properties":{"codigo":"47","nome":"AMC 47"},"id":"47"},{"arcs":[[-127,157,158,159]],"type":"Polygon","properties":{"codigo":"48","nome":"AMC 48"},"id":"48"},{"arcs":[[-128,-160,160,161,-144]],"type":"Polygon","properties":{"codigo":"49","nome":"AMC 49"},"id":"49"},{"arcs":[[-161,162,163,164,165]],"type":"Polygon","properties":{"codigo":"50","nome":"AMC 50"},"id":"50"},{"arcs":[[-145,-162,-166,166,-147]],"type":"Polygon","properties":{"codigo":"51","nome":"AMC 51"},"id":"51"},{"arcs":[[-41,-84,-148,-167,-165,167,168]],"type":"Polygon","properties":{"codigo":"52","nome":"AMC 52"},"id":"52"},{"arcs":[[169,170,171,-44]],"type":"Polygon","properties":{"codigo":"53","nome":"AMC 53"},"id":"53"},{"arcs":[[-110,-150,172,173,174]],"type":"Polygon","properties":{"codigo":"54","nome":"AMC 54"},"id":"54"},{"arcs":[[-111,-175,175,176,177,178,179,-151]],"type":"Polygon","properties":{"codigo":"55","nome":"AMC 55"},"id":"55"},{"arcs":[[-69,180,-152,-180,181]],"type":"Polygon","properties":{"codigo":"56","nome":"AMC 56"},"id":"56"},{"arcs":[[-68,-153,-181]],"type":"Polygon","properties":{"codigo":"57","nome":"AMC 57"},"id":"57"},{"arcs":[[-70,-182,-179,182,183,184,-154]],"type":"Polygon","properties":{"codigo":"58","nome":"AMC 58"},"id":"58"},{"arcs":[[-178,185,-183]],"type":"Polygon","properties":{"codigo":"59","nome":"AMC 59"},"id":"59"},{"arcs":[[-91,-155,-185,186,187]],"type":"Polygon","properties":{"codigo":"60","nome":"AMC 60"},"id":"60"},{"arcs":[[-119,188,189]],"type":"Polygon","properties":{"codigo":"61","nome":"AMC 61"},"id":"61"},{"arcs":[[-120,-190,190,191,-125,-157]],"type":"Polygon","properties":{"codigo":"62","nome":"AMC 62"},"id":"62"},{"arcs":[[-126,-192,192,193,-158]],"type":"Polygon","properties":{"codigo":"63","nome":"AMC 63"},"id":"63"},{"arcs":[[-159,-194,194,195,196,197,-163]],"type":"Polygon","properties":{"codigo":"64","nome":"AMC 64"},"id":"64"},{"arcs":[[-164,-198,198,199,-168]],"type":"Polygon","properties":{"codigo":"65","nome":"AMC 65"},"id":"65"},{"arcs":[[-42,-169,-200,200,201,202]],"type":"Polygon","properties":{"codigo":"66","nome":"AMC 66"},"id":"66"},{"arcs":[[-197,203,-201,-199]],"type":"Polygon","properties":{"codigo":"67","nome":"AMC 67"},"id":"67"},{"arcs":[[-196,204,-202,-204]],"type":"Polygon","properties":{"codigo":"68","nome":"AMC 68"},"id":"68"},{"arcs":[[-171,205]],"type":"Polygon","properties":{"codigo":"69","nome":"AMC 69"},"id":"69"},{"arcs":[[-94,206,207,208,209,210,-176,-174,211,212,213]],"type":"Polygon","properties":{"codigo":"70","nome":"AMC 70"},"id":"70"},{"arcs":[[-213,214]],"type":"Polygon","properties":{"codigo":"71","nome":"AMC 71"},"id":"71"},{"arcs":[[-209,215]],"type":"Polygon","properties":{"codigo":"72","nome":"AMC 72"},"id":"72"},{"arcs":[[-208,216,-210,-216]],"type":"Polygon","properties":{"codigo":"73","nome":"AMC 73"},"id":"73"},{"arcs":[[-93,217,-187,-184,-186,-177,-211,-217,-207]],"type":"Polygon","properties":{"codigo":"74","nome":"AMC 74"},"id":"74"},{"arcs":[[-92,-188,-218]],"type":"Polygon","properties":{"codigo":"75","nome":"AMC 75"},"id":"75"}]}}}