{"type":"Topology","arcs":[[[19422,23551],[67,116],[-76,67],[6,176],[6,31],[-35,4],[-20,220],[-22,14],[-40,-4],[-60,140],[-170,-98],[-158,-223]],[[18920,23994],[-201,186],[-51,-33],[-35,-10]],[[18633,24137],[-59,9],[-211,99],[-290,123]],[[18073,24368],[86,196],[55,8],[50,26],[82,68],[110,56],[94,35],[100,256],[12,105],[19,55]],[[18681,25173],[99,-94],[156,-96],[129,-45],[404,-7],[55,42],[21,103],[66,48],[216,166],[63,4]],[[19890,25294],[98,-4],[11,7],[197,-48],[324,-85]],[[20520,25164],[59,143],[6,39]],[[20585,25346],[144,-42],[96,-11],[216,-15],[132,143],[42,-37],[335,362],[-23,22],[-46,184]],[[21481,25952],[116,16],[76,-14],[83,-46],[233,-197]],[[21989,25711],[84,-67],[38,-22],[82,-21],[80,-2]],[[22273,25599],[55,9],[256,72]],[[22584,25680],[45,-106],[19,-59],[83,-338],[42,-74],[27,-89]],[[22800,25014],[20,-77],[77,-350],[20,-54],[60,-110],[136,-30],[102,8],[73,17],[11,-24],[60,-9],[42,-54],[-38,-152],[2,-15],[54,-63],[51,-31],[58,-71],[47,-79],[29,-23],[425,-225],[122,-115],[-127,-306],[-22,-62],[414,-101],[423,-103],[17,-19],[137,-103],[64,-26],[21,-19],[88,-115],[68,-131],[13,-42],[-197,-465],[33,-33],[51,-29],[266,-87],[59,-31],[112,-76],[-39,-86],[27,-9],[58,-46],[57,17],[25,-17],[75,-108],[-44,-55],[-37,-74],[-40,-45],[-25,-70],[12,-33],[26,-16],[61,-80],[7,-28]],[[25734,21159],[-37,-12],[-178,9],[-111,2],[-89,-47],[-51,30],[-117,-16],[-178,108],[-91,69],[-250,160],[-39,63],[-54,58],[-67,-25]],[[24472,21558],[-49,26],[-36,1],[-46,-30],[-127,-153],[-22,-57],[-29,-35],[-113,-73],[-71,11],[-369,237],[-47,33],[-103,84],[-324,210],[-43,17],[-92,21],[-75,42],[11,-54],[-29,-75],[7,-136],[-74,-470],[-51,-342],[-11,-57],[-39,-277],[15,-52],[56,-58],[13,-40],[-4,-44],[-25,-114],[-20,-41],[-71,-45],[-36,-38],[-16,-68],[28,-114],[52,-189]],[[22732,19678],[-51,-165],[-21,-39],[15,-17],[-143,-105],[-125,-98],[-153,-98],[-52,-20],[-37,-27],[-31,-6],[-13,-29],[-40,-33],[-88,-14],[-27,7],[-43,-27],[-62,-20],[-57,-27],[-18,-48],[-63,-46],[-76,6],[-72,-19],[-51,-32],[-53,-55],[-35,-11],[-26,-27],[-38,-6],[-58,-24],[-101,-59],[-32,6],[-30,63],[-50,50]],[[21101,18758],[40,24],[89,144],[-2,41],[-35,117],[-1,22],[50,153],[-21,113],[10,36],[53,112],[3,41],[-63,88],[-9,35],[20,50],[7,65],[-40,56],[-52,0],[-73,40],[-52,-15],[-23,-19],[-36,39],[-64,23],[-232,-52],[-27,-10],[-100,-80],[-1,-126],[30,-67],[7,-58],[41,-114],[45,-58],[30,-59],[44,-39],[-75,-14],[-29,-69],[-93,26],[-147,-2],[-6,-250],[-86,33],[-17,-82],[-68,12],[1,105],[11,56],[-58,23],[-40,-73],[-70,31],[-29,22],[-69,29]],[[19964,19107],[36,63],[-99,40],[20,66],[-4,40],[-41,78],[-15,46],[-16,184],[8,219],[-14,164],[-73,5],[-168,107],[-12,13]],[[19586,20132],[54,62],[49,-3],[43,24],[28,44],[37,26],[10,39],[-10,67],[-51,127],[35,12],[7,39],[-10,144],[-13,85],[-23,59],[-30,188],[-51,146],[-37,76],[-94,138],[-106,135],[-26,115],[-30,44],[-37,26],[13,178],[17,276],[25,26],[125,-53],[41,40],[118,-45],[104,4],[133,26],[54,4],[82,50],[62,76],[36,77],[12,81],[-27,87],[-61,97],[-211,346],[-24,50],[-7,39],[-28,64],[18,40],[5,64],[-42,17],[-354,282]],[[20520,25164],[-80,-202],[69,-72],[29,-104],[-6,-124],[9,-58],[38,-68],[32,-101],[-15,-106],[351,-23],[396,-38],[-73,109],[-163,254],[-6,-7],[-142,219],[-50,87],[-76,87],[-85,68],[-129,56],[-99,23]],[[19422,23551],[-379,329],[-123,114]],[[18681,25173],[121,265],[-1,218],[22,108]],[[18823,25764],[43,-9],[307,-90],[89,-10],[176,16]],[[19438,25671],[6,-47],[102,11],[50,-2],[85,-38],[45,-45],[45,-69],[13,-40],[106,-147]],[[19438,25671],[-11,52],[-174,313],[-63,111],[-52,48],[3,63]],[[19141,26258],[196,-26],[362,-45],[281,-13],[353,-21]],[[20333,26153],[242,-14]],[[20575,26139],[-11,-694],[22,-54],[-1,-45]],[[20575,26139],[78,-4],[57,5],[102,25],[76,6],[49,-7],[97,-40],[29,-20],[117,-99],[76,-46],[66,-20],[59,-4],[100,17]],[[19586,20132],[-48,82],[-39,7],[-121,37],[-48,72],[-25,51],[-38,100],[-93,170],[-26,67],[-87,57],[-243,119],[-18,-67],[26,-272],[10,-160],[-7,-39],[-43,-40],[-158,-47],[-82,-20],[-31,-17],[-41,-60],[-10,-58],[-3,-153],[-17,-34],[-198,-228],[-9,-43],[52,-97],[12,-42],[-8,-54]],[[18293,19463],[-83,102],[-83,65],[-30,46],[-33,131],[-25,59],[-60,89],[-34,39],[-76,65],[-54,39],[-117,114],[-72,136],[-29,29],[-100,54],[-31,4],[-115,-6],[-82,28],[-151,78],[-20,18],[-112,135],[-143,40]],[[16843,20728],[29,88],[103,548],[19,74],[102,332],[50,151]],[[17146,21921],[163,527],[4,77],[-26,94],[-230,423],[-14,21]],[[17043,23063],[17,17],[316,185],[13,4],[-45,76],[17,12],[530,307],[85,53]],[[17976,23717],[73,44],[88,73],[133,88],[162,97],[75,58],[90,51],[36,9]],[[19141,26258],[4,36],[76,-8],[128,32],[-41,313],[54,5],[-35,45],[62,31],[-11,45],[-86,-21],[-47,-26],[-5,52],[-61,92],[-21,85],[-49,23],[-84,72],[32,31],[-239,225],[-33,10],[-23,89],[-79,-87],[-42,-74]],[[18641,27228],[-77,65],[-52,29],[-54,266],[34,7],[56,81],[-11,46],[49,93],[-8,79],[45,96],[58,46]],[[18681,28036],[47,65],[40,-9],[90,-77],[158,102],[31,7],[66,51],[-2,26],[161,72],[26,91],[-8,54],[32,87],[-2,58],[-30,62],[-42,35],[-14,26],[52,16],[101,60],[122,25],[-137,286],[20,26],[37,86],[11,63],[-25,63],[-45,77],[-2,64],[-27,18],[-22,40],[-72,55],[-58,23],[-12,-80],[-13,-43],[-47,-74],[25,-140],[40,4],[12,-86],[-53,-44],[-6,-36],[-67,-56],[-82,-25],[-28,23],[-11,34],[-166,97],[-30,0],[-57,-43],[-79,-15],[-21,-21],[-34,-68],[-72,-28],[-15,-17],[-34,-117],[-24,-25],[-37,-5],[-73,23],[-3,37],[-28,74],[-82,118],[-16,50],[-11,91],[-17,58],[-63,22],[-59,-31],[-149,-36],[-25,-21],[0,-56],[34,-71],[-56,-75],[-25,45],[-108,47],[-55,29],[-24,37],[-18,69],[-29,32],[-114,49],[-74,-34],[-48,14],[-95,148],[-30,26],[-83,33],[-70,16],[-52,26],[-37,38],[-19,42],[-56,-25],[-30,1],[-31,23],[-31,73],[-17,84],[-28,43],[-69,40],[-46,78],[-73,50],[-27,40],[-4,73],[-17,41],[-119,108],[-14,40],[-15,86],[-99,-28],[-41,-33],[-23,-39],[2,-45],[23,-49],[43,-48],[87,-52],[80,-34],[45,-61],[-11,-26],[15,-59],[-27,-57],[0,-47],[-24,-40],[12,-50],[-112,-70],[-60,-12],[-58,-81],[-20,-7],[-38,-53],[-35,-28],[-70,-124],[-3,-39],[-18,-37],[4,-42],[20,-43],[33,-47],[40,-117],[28,-16],[49,-110],[11,-46],[0,-57],[12,-40],[48,-20],[-17,-87],[37,-52],[9,-38],[-26,-67],[16,-78],[160,-118],[-18,-35],[-32,-118],[2,-85],[-64,-114],[-52,-63],[-8,-31],[35,-216]],[[16327,27619],[21,-129],[30,-57],[75,-111],[29,-59],[12,-50],[27,-204],[13,-170],[17,-99],[8,-83]],[[16559,26657],[-79,-4],[-492,32],[-91,-19],[-60,-34],[-42,-43],[-61,-102],[-40,-50],[-49,-38],[-347,-212],[-82,-27],[-78,-5],[-373,11],[-66,-7],[-62,-22],[-78,-55],[-56,-70]],[[14503,26012],[-104,-9],[-85,-15],[-44,8],[-71,48],[7,123],[-11,18],[-75,26],[-93,9],[-63,29],[-4,54],[19,41],[-29,16],[5,28],[-84,35],[-35,85],[-42,26],[-39,6],[3,64],[-53,48],[-55,94],[6,43],[84,134],[29,77],[54,31],[30,61],[42,11],[34,-7],[41,8],[3,92],[56,73],[37,26],[-28,64],[-63,27],[-55,1],[-22,41],[-53,20],[-85,-5],[-35,11],[-36,29],[-34,-5],[-94,38],[-39,34],[-45,152],[-33,84],[-28,47],[-79,107],[-14,50],[8,84],[-22,85],[19,73],[11,86],[-12,58],[-28,53],[-58,58],[-25,-8],[-45,20],[-13,31],[-42,34],[-45,19],[6,63],[-43,108],[4,70],[20,31],[23,120],[19,23],[82,51],[36,50],[-4,46],[32,42],[31,59],[46,13],[32,28],[-30,35],[-27,-24],[-82,-19],[-28,-30],[-48,-71],[-7,-47],[-132,-171],[-27,-20],[-76,7],[-18,-14],[-55,-1],[-30,11],[-8,47],[-57,10],[-30,-17],[-1,-29],[-42,-59],[-33,-12],[-70,-7],[-78,24],[-25,38],[-104,97],[-71,31],[-54,56],[-112,-67],[-88,-13],[-12,-72],[-20,-38],[13,-122],[-25,-83],[-7,-57],[-82,-30],[-36,-50]],[[11853,28590],[-35,42],[-23,12],[17,57],[-7,74],[-26,50],[-62,53],[-135,159],[-25,25],[-23,127],[5,54],[-9,56],[10,20],[-17,99],[-77,107],[-17,41],[-43,63],[-22,83],[7,63],[-22,54],[10,98],[-22,57],[1,150],[-36,44],[-70,40],[-12,50],[12,100],[-2,50],[-32,34],[-26,66],[-73,23],[-53,54],[-21,43],[1,54],[-70,106],[-84,17],[-48,25],[-95,95],[-58,94],[-1,34],[-29,62],[-6,59]],[[10635,31184],[31,28],[16,74],[102,28],[28,112],[-37,85],[0,52],[-25,35],[-42,35],[-20,36],[-7,57],[-20,28],[-25,-5],[-75,39],[-39,72],[-41,41],[29,46],[54,38],[12,63],[-40,44],[-26,52],[32,47],[55,21],[-10,31],[42,45],[7,35]],[[10636,32323],[47,-1],[4,-23],[95,10],[-11,25],[20,36],[34,5],[59,32],[35,8],[114,-40],[32,-1],[61,17],[40,60],[41,-8],[64,-39],[92,6],[42,16],[-13,29],[12,28],[43,25],[43,47],[32,-10],[112,27],[-22,35],[-38,10],[4,33],[128,-26],[42,-78],[61,-55],[35,-47],[1,-62],[-77,-35],[-18,-31],[64,-75],[22,38],[37,4],[16,-29],[33,-12],[36,8],[-9,35],[-30,25],[42,31],[29,8],[26,29],[47,3],[32,34],[56,-12],[39,-93],[-12,-34],[51,-13],[70,13],[19,-33],[28,14],[-5,-63],[31,-27],[14,35],[56,-51],[41,-17],[35,45],[22,10],[82,-3],[31,36],[-29,100],[-26,26],[-23,67],[11,36],[25,20],[32,-12],[38,5],[24,30],[30,11],[35,-17],[146,-23],[40,2],[6,18],[-46,27],[88,65],[68,-17],[83,12],[68,-30],[15,19],[-9,97],[19,41],[16,62],[-36,26],[43,36],[-23,44],[2,105],[10,39],[51,23],[35,-44],[35,-6],[7,35],[-22,50],[42,51],[49,-2],[30,20],[38,58],[39,22],[7,-33],[-10,-39],[36,6],[109,-49],[39,56],[40,-30],[49,17],[87,-12],[48,-15],[96,-43],[-5,-17],[35,-67],[33,-5],[88,-41],[51,46],[58,-16],[30,21],[39,-24],[16,19],[44,-15],[44,13],[60,-5],[69,12],[54,-14],[55,21],[57,-2],[117,22],[84,40],[39,-43],[22,-49],[20,-15],[16,-41],[80,-90],[52,-29],[23,-37],[72,-31],[33,2],[69,-23],[95,6],[52,-34],[42,-8],[19,-42],[60,3],[19,-36],[47,-25],[18,-48],[20,-17],[0,-33],[-28,-76],[-6,-39],[23,-114],[24,-38],[78,-91],[59,-46],[52,-19],[82,4],[107,41],[61,2],[31,-48],[12,-88],[28,-80],[3,-78],[-3,-123],[10,-54],[34,-59],[57,2],[132,-23],[117,-30],[87,17],[25,-7],[10,-75],[-23,-199],[17,-33],[57,-40],[113,-23],[75,9],[45,22],[66,51],[30,6],[39,-18],[154,-156],[44,-33],[53,-15],[42,35],[16,45],[0,103],[25,103],[-7,81],[12,42],[50,32],[71,57],[116,42],[105,71],[42,8],[51,-22],[96,-103],[80,-71],[30,-5],[105,38],[40,-17],[113,-112],[71,-95],[55,-61],[47,-30],[63,-15],[60,-28],[50,-44],[54,-79],[21,-51],[65,-96],[34,-23],[56,1],[36,20],[100,34],[64,39],[104,7],[77,-10],[35,5],[69,55],[69,2],[74,33],[107,1],[96,18],[84,-15],[59,0],[31,-26],[21,-54],[23,-8],[137,50],[16,34],[2,53],[17,21],[65,37],[100,124],[65,23],[136,-2],[77,16],[23,24],[7,69],[-20,85],[-83,124],[3,23],[40,-1],[80,-18],[50,-64],[22,-8],[161,25],[147,13],[32,25],[1,30],[-20,45],[-37,55],[-36,109],[0,54],[41,47],[61,12],[39,24],[-1,34],[-42,112],[2,32],[22,42],[51,70],[52,93],[26,63],[80,93],[39,61],[43,50],[56,40],[258,120],[27,21],[19,40],[0,58],[-39,62],[-60,44],[-22,94],[35,50],[137,73],[34,37],[73,37],[123,31],[78,54],[83,69],[48,70],[31,17],[87,16],[36,23],[70,75],[40,78],[37,14],[58,3],[17,11],[12,47],[4,78],[11,22],[43,25],[189,-7],[54,-23],[34,-34],[39,-24],[155,-35],[38,3],[44,19],[29,72],[46,46],[47,108],[31,38],[77,48],[58,25],[114,38],[116,178],[48,40],[93,50],[25,65],[63,75],[54,109],[9,55],[13,24],[48,25],[57,45],[22,4],[29,-26]],[[24295,34836],[82,-46],[40,-12],[49,9],[32,26],[59,-13],[84,-55],[22,-58],[42,-45],[55,-12],[29,-50],[69,-30],[59,-37],[42,-16],[34,18],[54,59],[91,15],[58,23],[96,74],[46,22],[76,24],[60,38],[159,129],[66,73],[115,-4],[38,15],[80,7],[67,-15],[131,-46],[47,-6],[52,8],[54,22],[39,40],[34,66],[66,38],[70,17],[88,-3],[59,9],[87,25],[54,28],[56,43],[86,104],[85,-7],[27,-26],[50,10],[46,-31],[48,3],[47,-30],[68,1],[59,-50],[27,-132],[4,-49],[-15,-51],[0,-67],[22,-90],[39,-30],[87,-26],[34,-29],[47,-15],[24,-40],[62,-72],[48,-3],[85,53],[46,-2],[77,-43],[37,4],[52,24],[85,111],[27,46],[83,23],[23,55],[25,24],[36,9],[42,-34],[52,-4],[63,10],[60,-19],[88,-6],[155,47],[53,11],[65,-18],[38,4],[78,-10],[20,-29],[39,-9],[45,-26],[147,21],[70,14],[85,-41],[60,-15],[12,28]],[[29479,34814],[3,-38],[-11,-70],[-46,-60],[-87,-85],[-12,-46],[-37,-24],[-84,-10],[-40,-55],[-28,-87],[-1,-103],[-7,-53],[-180,-222],[39,-53],[-168,-89],[7,101],[-48,1],[-18,-36],[-78,-79],[29,-38],[-87,-35],[-66,-55],[-27,-43],[-151,-60],[-48,-10]],[[28333,33565],[-56,5],[-17,-24],[-48,-12],[-39,15],[-32,55],[-28,91],[-49,14],[-82,51],[-52,62],[17,56],[-40,27],[-36,-13],[-70,5],[-76,-8],[-66,-15],[-38,-1],[-83,22],[-30,-21],[-64,-25],[-68,-14],[-21,-14],[-17,-45],[4,-69],[-12,-36],[-27,-29],[-12,-37],[-47,-87],[-39,-16],[-103,-10],[-23,-17],[-71,-91],[-73,-62],[-17,-32],[12,-113],[22,-18],[109,-5],[18,-28],[-15,-111],[-15,-11],[-55,34],[-28,0],[-39,-47],[-13,-94],[-220,-15],[-102,-19],[-84,18],[-88,58],[-132,54],[-172,62],[-132,-18],[-253,76],[-214,-11],[-199,-335],[-45,-19],[-14,-35],[10,-76],[-25,-36],[-78,-51],[-4,-27],[-34,-54],[20,-64],[-7,-41],[-57,-53],[-34,-14],[-53,15],[-43,28],[-28,-40],[-37,-23],[-33,4],[-35,23],[-69,14],[-38,-39],[-75,-61],[-19,-59],[-24,-39],[-14,-129],[-30,-9],[-64,-43],[-24,-25],[-41,-14],[-24,-22],[-27,-58],[-46,-14],[-24,-50],[1,-60],[-36,-33],[-62,-36],[-46,-2],[-78,30],[-18,-5],[-25,-62],[-53,-30],[-43,-42],[-159,63],[-38,9],[-52,-10],[-14,16],[47,43],[4,87],[-20,44],[-89,59],[-87,-64],[-66,-19],[-35,-40],[-10,-54],[75,-89],[-36,-37],[-14,-125],[-16,-40],[13,-37],[6,-61],[31,-25],[-25,-61],[29,-44],[0,-65],[-35,-75],[-26,-23],[-7,-59],[-22,-52],[-44,-59],[3,-16],[49,-23],[32,-56],[12,-42],[83,-36],[-18,-166],[11,-65],[-9,-79],[-56,-25],[-16,-22],[-8,-99],[11,-36],[-12,-93],[-52,-68],[-28,-80],[18,-65],[-9,-50],[-58,-79],[-29,-23],[-7,-38],[6,-84],[-19,-61],[11,-99],[23,-54],[39,-52],[15,-63],[45,-98],[16,-47],[58,-50],[50,-99],[19,-65],[94,-94],[78,-103],[12,-65]],[[23716,28603],[-80,73],[-171,99],[-237,-122],[-93,-8],[-18,-21],[-63,-10],[-38,7],[-97,-37],[-70,-3],[-54,-39],[-31,-35],[-37,-23],[-20,-37],[-62,-81],[-302,-198],[-47,-12],[-14,-26],[-42,-29],[-97,-170],[-16,-55],[-31,-70],[-37,-63],[-37,-26],[-120,-66],[-30,-40]],[[21872,27611],[-21,12],[-115,-24],[-182,-48],[-72,-10],[-196,34],[-33,-5],[-20,-99],[-11,-102],[-15,-45],[-140,-212],[-52,-45],[-94,-34],[-68,-11],[-61,-62],[-40,-54],[-135,-104],[-31,-20],[-4,-226],[-202,-7],[-10,-96],[44,-43],[-2,-35],[-30,-27],[-25,-3],[-24,-192]],[[21872,27611],[65,-41],[-27,-175],[63,-39],[4,-76],[66,-3],[47,-44],[69,-45]],[[22159,27188],[-9,-35],[2,-62],[-12,-32],[-118,-88],[-40,-102],[11,-27]],[[21993,26842],[45,-87],[17,-2],[27,-72],[-3,-34],[-3,-533],[-38,-69],[-9,-50],[17,-79],[22,-29],[12,-49],[-91,-127]],[[21993,26842],[63,-26],[34,-46],[49,-22],[41,25],[41,-37],[39,-8],[50,12],[-14,-53],[44,-15],[412,-286],[18,-26],[-2,-33],[-64,-73],[86,7]],[[22790,26261],[-168,-193],[-129,-167],[-195,-276],[-25,-26]],[[22790,26261],[556,636],[77,77],[-19,11]],[[23404,26985],[37,5],[49,40],[222,167]],[[23712,27197],[26,-37],[110,-192],[-4,-98],[19,-45],[53,-52],[130,-105]],[[24046,26668],[-23,-63],[-16,-75],[-5,-87],[4,-62],[34,-149],[-1,-85],[-18,-58],[-50,-69],[-55,-38]],[[23916,25982],[-83,-28],[-174,1],[-78,-18],[-36,-15],[-151,-88],[-119,-39],[-70,-5],[-114,12],[-86,-5],[-143,-38],[-278,-79]],[[23916,25982],[63,-105],[73,-97],[158,-248],[36,-37],[84,-36],[51,-32],[32,-54]],[[24413,25373],[7,-23]],[[24420,25350],[-356,-82],[-138,-30],[-6,22],[-520,-115],[-124,-24],[-211,-55],[-138,-29],[-127,-23]],[[24420,25350],[37,-117],[52,-53],[106,-50],[246,-101],[45,-9],[63,6],[59,-4],[51,-21],[78,-59],[178,-86],[48,-40],[80,-88],[69,-50],[41,-38],[44,-64],[40,-33],[220,-129],[38,-31],[66,-94],[142,60],[29,31],[33,71],[77,79],[48,22],[106,4],[82,59],[47,15],[40,-1],[136,-30]],[[26721,24599],[68,-21],[99,0],[70,-23],[212,-142],[74,-28],[42,-6],[206,-21],[110,-33],[47,3],[20,27],[44,27],[54,-17],[71,32],[19,17],[51,140],[40,84],[11,86],[43,94],[40,56],[72,75],[43,130],[-8,42]],[[28149,25121],[-31,25],[-45,71],[-9,29],[21,62],[31,46],[25,100],[2,82],[-82,444],[-67,373],[-32,234],[-58,290],[178,88],[36,25],[108,96],[28,64],[68,79],[95,68],[-30,177],[-30,39],[-59,32],[-14,37],[27,128],[2,112],[80,21],[15,26],[-69,175],[-60,54],[44,161]],[[28323,28259],[45,-21],[126,-42],[132,-29],[140,-9],[97,28],[68,-11],[292,52],[117,35],[109,19],[237,77],[65,-3],[24,-16]],[[29775,28339],[-4,-42],[-32,-69],[18,-22],[152,-58],[40,-32],[55,-70],[17,-42],[7,-110],[-36,-69],[6,-90]],[[29998,27735],[37,-52],[123,-13],[76,-33],[40,-5],[30,-28],[68,-177],[17,-83],[-1,-123],[-54,-173],[-18,-41],[-77,-124],[-46,-88],[-9,-54],[32,-77],[33,-56],[3,-26],[32,-57],[5,-84],[28,-60],[-3,-30],[-37,-65],[18,-46],[-20,-76],[7,-34],[-15,-44],[13,-106],[-42,-2],[-28,-86],[-22,-26],[89,-184],[28,-67],[43,-139],[33,-49],[108,-72],[50,-40],[86,-107],[60,-53],[61,-38],[133,-59],[100,-21],[-8,51],[66,62],[-30,92],[-47,18],[30,72],[-17,13],[-8,63],[13,84],[51,54],[9,43],[2,61],[-20,46],[-94,68],[-34,186],[0,68],[205,-36],[61,-17],[57,-41],[93,-79],[73,-35],[112,-77],[63,7],[19,19],[50,2],[54,21],[73,57],[38,-1],[34,28],[50,14],[28,22],[35,-22],[14,58]],[[31951,25938],[3,28],[41,13],[-23,86],[9,41],[62,32],[195,-3],[60,20],[37,38],[49,-38],[78,14],[9,-31]],[[32471,26138],[28,-70],[69,-17],[18,-21],[-69,-63],[-49,-62],[-79,-42],[-76,-59],[-48,-81],[-76,-61],[-90,48],[-51,-8],[-21,-62],[14,-33],[41,-25],[19,-73],[14,-25],[8,-177],[22,-66],[67,-100],[76,-55],[88,-111],[50,-117],[-6,-57],[-16,-23],[-188,-118],[-127,5],[-27,14],[0,-101],[17,-22],[75,-48],[17,-85],[23,-29],[-15,-78],[25,-54],[-9,-26],[39,-33],[8,-37],[35,-58],[45,-21],[52,-49],[64,-18],[37,-22],[102,-24],[27,-24],[34,5],[59,-18],[68,10],[61,19],[1,-63],[-27,-66],[-81,-60],[-29,-34],[9,-83],[-50,-34],[-11,-24],[13,-31],[-4,-48],[11,-40],[32,-39],[65,-16],[16,-57],[24,-14],[80,-11],[51,-19],[8,-24],[-27,-49],[-58,-46],[-42,-16],[-64,-3],[-91,-42],[-11,-75],[14,-59],[22,3],[53,-24],[34,-44],[74,-116],[4,-78],[58,-74],[40,-33],[12,-28],[-10,-77],[-43,25],[-67,20],[-46,-37],[-9,-37],[-53,-63],[-26,-62],[-10,-122],[-60,-87],[4,-57],[52,-51],[-1,-79],[-67,-63],[-23,1],[-58,-24],[-54,12],[-85,-21],[-62,-40],[-24,-33],[-7,-34],[-60,12],[-35,57],[-43,11],[-68,-13],[-24,-16],[-55,-75],[-49,-53],[-92,-64],[-4,-24],[31,-26],[11,-65],[100,-44],[28,-25],[20,-56],[44,-90],[-15,-26]],[[32092,21293],[-16,-26],[-15,-83],[-23,-34],[-80,-58],[13,-124],[-20,-20],[-79,-46],[-25,-23],[-30,-67],[-32,-31],[-94,-69],[-96,26],[-77,-5],[-41,-124],[-8,-74],[53,-111],[10,-95],[-13,-63],[-29,-32],[-39,-13],[-36,-34],[-86,-21],[-57,-75],[-38,-15],[-50,5],[-38,-21],[22,-39],[-5,-59],[-48,-68],[-31,-60],[-58,-25],[-28,-23],[-64,-15],[-79,-5],[-29,-30],[-20,-45],[-4,-44],[14,-25],[-112,-35],[-51,43],[-6,26],[6,123],[-13,32],[-58,42],[-33,49],[-78,70],[-64,12],[-48,33],[-76,-68],[-8,-88],[27,-71],[-7,-37],[-68,-37],[-88,0],[-65,23],[-116,-34],[-75,5],[-57,-17],[-42,-31],[-41,-51],[-24,-14],[-105,12],[-64,-20],[-46,22],[-99,30],[-64,12],[-29,18],[-60,0],[-79,81],[-91,-9],[-118,-44],[-119,90],[-123,70],[-123,18],[-26,-20],[-30,21],[-19,-23],[-39,5],[-81,-7],[-87,17],[-56,-15],[-35,31],[-32,51],[3,41],[-30,56],[-44,46],[-16,38],[-10,59],[5,101],[-47,50],[-36,93],[-10,114],[-49,24],[-42,4],[-155,90],[-32,7],[-46,-16],[-36,6],[-11,41],[-39,1]],[[27599,20692],[-66,4],[-48,-58],[-74,-9],[-23,-25],[-42,-4],[-85,19],[-41,-59],[-42,2],[-37,35],[-60,17],[-68,-29],[-40,13],[-34,45],[-71,-4],[-44,-36],[-83,-50],[-175,-21],[-54,22],[-73,54],[-54,30],[-39,60],[-48,41],[-24,57],[-56,92],[-31,21],[-53,16],[-54,2],[-39,14],[-54,35],[-29,63],[-71,38],[-46,9],[-39,66],[-68,7]],[[17976,23717],[-181,268],[-31,66]],[[17764,24051],[-34,62],[7,31],[100,76],[53,57],[55,70],[46,73]],[[17991,24420],[82,-52]],[[17991,24420],[-52,35],[-73,26],[-81,10],[-104,2],[-37,13],[-77,68],[-76,25],[-50,-2],[-66,24],[-194,142],[-59,63],[-74,52],[-48,84]],[[17000,24962],[-21,157],[5,82],[-22,102],[37,-30],[68,-3],[85,73],[18,34],[5,42],[68,-32],[131,201]],[[17374,25588],[101,156],[106,-1],[2,131],[-128,115]],[[17455,25989],[122,-7],[97,-35],[157,-83],[135,-36],[512,-41],[345,-23]],[[17455,25989],[-4,6],[-290,-9],[-67,9],[-56,17],[-341,152],[-9,-17],[-107,49],[-26,5],[-49,-12],[-70,-40],[-161,-109],[-34,-16],[37,-53],[13,-119],[-31,-28],[-79,-32],[5,-46],[208,43],[20,-93],[19,-2],[123,-53],[64,-1],[114,-26],[88,13],[256,2],[0,28],[59,0],[0,-28],[171,1],[66,-42]],[[17000,24962],[-75,-22],[-148,14],[-145,32],[-48,23]],[[16584,25009],[-45,43],[-56,6],[-40,24],[-48,60],[-1,38],[-57,36],[-96,19],[-93,2],[-217,-37],[-66,-65],[-39,-11],[-143,17],[-49,-2],[-78,-39],[-82,-90],[-11,-41],[5,-53],[-66,-6],[-38,-11],[-222,-229]],[[15142,24670],[-401,369],[-246,230],[-39,44],[-24,54],[-12,63],[-12,157],[-11,42],[-34,50],[-64,23],[-36,38]],[[14263,25740],[42,4],[47,17],[61,44],[20,31],[70,176]],[[16559,26657],[229,26],[234,21],[104,-8],[232,-46]],[[17358,26650],[240,-46],[77,-24],[58,-32],[127,-102],[48,-25],[84,-25],[298,-37]],[[18290,26359],[851,-101]],[[18290,26359],[6,58],[17,336],[25,39],[57,48],[48,92],[131,168],[43,62],[24,66]],[[22159,27188],[51,-21],[116,71],[67,14],[42,52],[140,145],[93,22],[77,-10],[96,-3],[98,-15],[24,-11],[146,-135],[138,-148],[36,-34],[0,-48],[71,-65],[50,-17]],[[27599,20692],[30,-27],[12,-68],[50,-52],[40,-120],[5,-108],[-12,-37],[-50,-78],[-23,-114],[-87,-309],[48,-65],[26,-81],[35,-45],[18,-75],[41,-78],[36,-32],[42,-57],[-43,-65],[-46,15],[-76,-15],[-55,26],[-40,9],[-99,-62],[-134,-42],[-40,-21],[-77,-101],[-32,-66],[-66,-104],[-99,-44],[-51,-2],[-7,-35],[80,-123],[8,-59],[190,60],[39,-12],[4,-40],[129,-39],[14,-18],[22,-104],[122,-62],[73,-130],[14,-93],[46,-40],[31,1],[52,-31],[48,-57],[32,-102],[7,-105],[13,-61],[0,-87],[20,-106],[-46,-112],[-36,-50],[-65,-75],[-18,-61],[36,-52],[-5,-17],[-70,-49],[-41,-42],[-20,-57],[-11,-111],[9,-55],[-36,-51],[-94,-19],[-52,-40],[-65,-120],[-16,-51],[42,-70],[1,-41],[-32,-118],[-5,-68],[18,-85],[81,-53],[1,-11],[-105,-53],[-22,-29],[-4,-33],[19,-35],[72,-88],[20,-4],[88,14],[200,-3],[20,-11],[13,-52],[-7,-101],[-13,-65],[11,-35],[62,-59],[36,-45],[65,-23],[56,-42],[43,-9],[79,6],[35,19],[24,49]],[[28157,15624],[74,-129],[44,-44],[96,-67],[40,-33],[52,-77],[19,-67],[-38,-31],[-4,-54],[15,-49],[-11,-56],[19,-62],[25,-37],[4,-34],[-19,-32],[-7,-89],[-43,-57],[15,-61],[-75,-71],[-10,-37],[27,-35],[41,-11],[77,-34],[44,-33],[125,-168],[43,-68],[50,-64],[96,-84],[189,-135],[40,-56],[7,-65],[-51,-98],[3,-48],[30,-28],[69,-10],[74,-20],[56,-54],[22,-65],[-14,-40],[-57,-39],[-88,-96],[-61,-42],[-29,-37],[39,-54],[10,-36],[0,-64],[-11,-42],[21,-12],[74,12],[28,-15],[28,-34],[51,-27],[46,-13],[32,-26],[30,-48],[46,-8],[88,58],[32,7],[132,-41],[25,12],[-6,54],[21,21],[104,-27],[12,21],[13,75],[44,63],[51,7],[51,-58],[72,-28],[51,4],[101,25],[50,0],[42,45],[54,8],[28,43],[43,10],[46,-19]],[[30494,13120],[26,-37],[23,-71],[77,-32],[34,-29],[18,-38],[-23,-43],[-56,-54],[-3,-42],[48,-97],[40,12],[47,83],[20,1],[39,-42],[42,19],[36,61],[49,2],[28,-48],[30,-28],[33,1],[70,49],[41,-23],[14,-23],[32,-4],[13,66],[-13,100],[6,31],[37,5],[111,-40],[43,-2],[86,12],[90,-8],[38,11],[159,92],[160,15],[30,10],[6,44],[41,21],[76,-58],[40,-9],[46,16],[185,146],[67,41],[105,3],[70,-6],[19,19],[13,73],[53,20],[51,-2],[27,56],[30,39],[70,63],[53,28],[50,5],[49,-10],[42,16],[94,-24],[41,37],[46,82],[35,39],[10,69],[17,27],[4,65],[17,21],[36,4],[41,-18],[36,-73],[33,-5],[41,65],[35,21],[64,-32],[44,-1],[64,17],[41,36],[44,54],[92,37],[34,57],[48,46],[24,37],[22,62],[-11,56],[10,38],[-7,54],[-41,39],[-82,-3],[-22,26],[20,91],[26,53],[31,24],[69,17],[58,-23],[36,7],[79,49],[38,86],[72,42],[71,9],[72,39],[53,-39],[125,-12],[41,-11],[45,-29],[30,-45],[45,16],[2,73],[-10,66],[21,17],[50,10],[26,21],[9,71],[11,25],[35,26],[84,18],[17,20],[23,89],[2,101],[32,32],[18,69],[29,20],[36,1],[51,-50],[53,-37],[25,-5],[44,14],[37,30],[41,-11],[69,-75],[51,-13]],[[35489,15153],[53,-51],[87,-61],[21,-25],[27,-118],[80,-75],[26,-43],[98,-40],[77,11],[35,-15],[37,-35],[23,-59],[4,-61],[-79,-123],[-46,-52],[-37,-30],[-63,-26],[-28,-48]],[[35804,14302],[45,-36],[53,-14],[85,25],[76,3],[56,23],[46,-35],[66,-19],[58,-96],[87,-5],[108,-49],[86,30],[121,-71],[24,-24],[48,-75],[49,-13],[71,26],[75,-10],[22,6],[23,59],[58,58],[63,12],[48,-15],[28,-24],[26,-68],[39,-41],[71,-41],[51,-75],[47,-40],[48,-16],[60,-72],[59,-96],[17,-35],[17,-117],[-10,-105],[21,-52],[64,-35],[18,-25],[-17,-67],[7,-34],[29,-37],[48,-37],[140,-80],[47,-42]],[[37982,12943],[-15,-26],[-118,-138],[-100,-86],[-71,-95],[-32,-27],[-98,-43],[-82,-89],[-122,-82],[-62,-73],[-62,-61],[-85,-123],[-22,-65],[-53,-43],[-51,-5],[-46,62],[-33,0],[-101,-32],[-43,-22],[-68,-55],[-48,-62],[-165,-158],[-30,-33],[17,-42],[-114,-126],[-45,-17],[-39,-49],[-84,-70],[-77,-85],[-32,-60],[-139,-20],[-47,-40],[-7,938],[-29,22],[-74,-17],[-60,1],[-72,33],[-19,26],[-73,10],[-33,32],[-47,-4],[-25,12],[-32,48],[-59,4],[-37,15],[-16,38],[-100,4],[-88,-5],[-76,-21],[-38,6],[-37,-9],[-102,-60],[-83,-57],[-55,-49],[-22,-33],[-42,-87],[-20,-26],[-53,-15],[-108,-6],[-35,36],[-146,-39],[-85,-44],[11,-98],[-43,-52],[-71,9],[-34,33],[-24,-33],[-85,-48],[-71,4],[-48,-19],[-48,60],[-23,3],[-41,-23],[-78,-5],[-81,-38],[-54,-2],[-46,21],[-11,29],[-81,22],[-76,69],[-27,-4],[-20,-52],[-60,-35],[-40,-56],[-73,-52],[-26,3],[-14,-74],[19,-13],[48,21],[67,3],[44,-14],[17,-30],[-33,-76],[-33,-46],[-28,-72],[-10,-56],[-67,-94],[-8,-40],[-21,-35],[-8,-45],[-22,-25],[-59,-31],[-33,-33],[-38,-18],[-7,-37],[-33,-39],[-40,0],[-17,-83],[-48,-35],[-71,-2],[-61,25],[-133,-28],[-30,-12],[-157,-112],[-49,-64],[-21,-56],[-15,-1],[-27,50],[-35,41],[-24,45],[-83,-16],[-36,9],[-126,3],[-38,-10],[-26,11],[-24,-23],[-56,15],[-24,-19],[-68,-7],[-105,-45],[-24,-83],[-40,-28],[-50,-7]],[[31445,10481],[-50,30],[-57,-48],[-73,-10],[-47,8],[-37,26],[-51,8],[-21,17],[-25,78],[-23,7],[-61,-34],[-48,6],[-10,38],[-31,20],[-50,-10],[-42,-22],[-66,33],[-104,-23],[-91,59],[-54,2],[-85,43],[-40,43],[-51,106],[5,56],[43,96],[51,62],[20,88],[0,43],[-17,20],[-173,1],[-165,57],[-80,-19],[-96,5],[-48,19],[-248,138],[-134,83],[-165,138],[-133,138],[-26,38],[-48,92],[-20,80],[13,81],[-42,38],[-55,5],[-59,-33],[-63,58],[-22,50],[-33,29],[-54,24],[-26,27],[-19,109],[-59,55],[-71,31],[-39,2],[-24,20],[-30,62],[-57,29],[-58,77],[-55,26],[-68,18],[-43,31],[-27,57],[-19,101],[-13,37],[-60,101],[-36,39],[-56,41],[-158,81],[-132,89],[-58,64],[-58,83],[-120,137],[-197,216],[-83,85],[-33,41],[-25,78],[-37,54],[-142,95],[-37,4],[-42,-18],[-45,23],[-32,46],[-76,8],[-75,34],[-48,43],[-26,-23],[-19,-65],[-55,-41],[-40,-50],[-45,-12],[-73,-44],[-23,4],[-56,43],[-31,-9],[-32,-37],[-189,-29],[-34,-55],[-23,-10],[-84,13],[-53,-46],[-43,-8],[-104,18],[-50,42],[-61,9],[-23,19],[17,69],[55,65],[44,14],[125,-23],[96,15],[30,17],[64,59],[30,62],[52,57],[-12,50],[-36,65],[38,113],[-88,112],[-45,24],[16,77],[45,79],[60,68],[20,64],[26,115],[0,45],[-27,60],[-17,74],[-30,16],[0,28],[38,65],[7,95],[-14,69],[-40,67],[-94,80],[-13,38],[-66,59],[52,113],[19,57],[83,63],[72,33],[-25,71],[4,71],[40,25],[4,66],[-50,65],[-38,-2],[-16,30],[-24,-3],[-39,162],[-20,-10],[-27,-49],[-49,-45],[-32,-11],[-55,73],[-106,-40],[-21,1],[-71,-47],[-65,-28],[-25,25],[-30,71],[-102,32],[-39,25],[-56,69],[-13,50],[7,26],[-49,35],[-71,26],[-15,17],[-2,116],[-41,194],[-41,60],[-36,22],[3,28],[-19,49],[-97,92],[-60,44],[-99,54],[-26,4],[-135,-39],[-100,-15],[-74,16],[-91,38],[-36,42],[-35,105],[-6,81],[50,55],[18,67],[5,50],[-5,92],[-31,77],[-9,48],[8,68],[33,78],[-1,15]],[[24254,18200],[2,78],[-28,67],[-198,288],[-115,170],[-74,134],[-81,72],[-38,85],[-53,59],[-42,25],[-84,23]],[[23543,19201],[54,96],[64,84],[84,43],[64,22],[41,59],[19,43],[43,-30],[98,-85],[38,-97],[25,-41],[30,-19],[31,32],[25,219],[148,86],[-8,47],[15,100],[1,48],[41,42],[22,160],[3,82],[44,234],[34,62],[4,27],[35,46],[76,71],[61,44],[-173,297],[-73,78],[-66,43],[41,34],[114,-18],[131,30],[-22,103],[-18,142],[23,16],[52,6],[-120,181],[-52,70]],[[23543,19201],[-166,45],[-38,-1],[-61,-57],[-30,-12],[-47,12],[-24,18],[-75,100],[-226,249],[-109,83],[-35,40]],[[17043,23063],[-31,39],[-150,144],[-39,45],[-59,97],[-43,106],[-42,134],[-43,109]],[[16636,23737],[264,242],[24,29]],[[16924,24008],[212,-86],[74,-57],[0,27],[41,95],[9,2],[130,-184],[374,246]],[[16924,24008],[45,76],[-94,79],[-11,37],[-32,28],[-96,49],[-42,56],[-9,51],[-267,173],[26,45],[1,73],[39,1],[0,32],[74,111],[-31,20],[50,96],[7,74]],[[17358,26650],[37,185],[11,36],[83,192],[37,76],[60,100],[17,41],[4,56],[-46,234],[2,31],[27,82],[20,30]],[[17610,27713],[232,270],[39,39],[212,115],[69,64],[10,-116],[279,39],[36,-18],[56,-13],[61,-45],[77,-12]],[[23716,28603],[5,-59],[28,-43],[12,-49],[2,-64],[-27,-84],[10,-57]],[[23746,28247],[6,-64],[-12,-42],[3,-58],[-10,-36],[14,-149],[15,-64],[38,-40],[10,-42],[-2,-228],[-22,-128],[-75,-151],[1,-48]],[[23746,28247],[57,22],[125,-63],[31,1],[30,34],[2,23],[65,25],[-7,-37],[137,-25],[-45,-233],[111,-24],[14,63],[25,38],[63,-13],[33,137],[32,55],[67,-123],[33,-72],[32,-32],[60,-14],[53,19],[28,84],[48,97],[117,87],[21,-37],[-38,-24],[28,-53],[91,55],[33,125],[-24,8],[36,48],[-46,15],[20,75],[-30,30],[108,2],[37,-10],[-11,-33],[258,137],[4,-8],[115,-31],[65,33],[-25,56],[-45,12],[-85,49],[-12,74],[98,20],[-9,-67],[58,-3],[-3,-33],[42,-2],[11,67],[52,-5],[-9,-71],[52,-7],[16,118],[81,10],[156,28],[93,35],[-46,207],[52,11],[40,42],[28,-133],[36,43],[38,23],[95,-32],[86,19],[90,37],[-40,63],[96,34],[27,-19],[41,51],[-37,22],[21,47],[28,33],[-15,57],[11,65],[147,31],[118,37],[45,30],[60,12],[25,-64],[31,-34],[41,-73],[-61,-35],[-62,-82],[58,-148],[299,118],[-42,104],[11,84]],[[27216,29459],[80,6],[79,35],[61,46],[35,62],[6,99],[12,23],[42,29],[108,61],[47,17],[75,13],[164,68],[245,106],[36,53],[-1,36],[16,39],[71,127],[47,140],[32,126],[31,49],[89,53],[100,36],[81,37],[108,-13],[28,14],[29,58],[39,29],[100,8],[75,28],[36,-6],[96,16],[69,-15],[65,29],[60,-15],[14,57],[83,52],[301,164],[68,40],[-96,163],[-146,254],[-27,54],[-227,-118],[-51,84],[68,33],[35,5],[55,32],[107,33],[88,10],[105,-18],[22,35],[56,-11],[51,16],[79,36],[146,60],[63,16],[141,-17],[73,-19],[40,-33],[78,-103],[78,-123],[8,0],[471,-136],[311,-102],[-8,94],[-14,92],[-26,126],[-3,44],[-1,195],[-23,149],[21,174],[148,299],[-17,51],[41,27],[97,35],[56,-21],[62,-44],[29,23],[57,-38],[40,-41],[95,-33],[37,14],[107,-25],[53,5],[56,18],[5,21],[66,26],[52,37],[14,48],[107,-8],[41,23],[58,91],[19,20],[23,98],[5,70],[16,3],[113,-30],[35,-26],[92,-27],[117,-2]],[[32941,32805],[-47,-29],[-19,-37],[12,-33],[-7,-62],[-25,-105],[28,-90],[45,-56],[47,-40],[-21,-102],[3,-48],[27,-18],[115,-166],[39,-45],[17,-69],[18,-148],[20,-84],[38,-10],[42,-76],[18,-18],[3,-39],[53,-59],[38,-63],[-26,-27],[18,-57],[-6,-59],[13,-30],[-17,-100],[5,-39],[37,-76],[27,-29],[56,-25],[54,-66],[38,-24],[39,-50],[78,-78],[39,-53],[42,-33],[48,-18]],[[33830,30644],[-26,-58],[-32,-5],[-69,65],[-33,56],[-71,49],[-47,2],[-47,-22],[-46,-52],[-21,-53],[-65,5],[-49,29],[-49,59],[-31,95],[-69,10],[-14,46],[-25,9],[-45,-22],[-38,8],[-93,42],[-17,-36],[-94,-7],[-84,-59],[-150,49],[-25,-61],[-66,-53],[-122,-44],[-43,-51],[-10,-42],[33,-59],[48,-28],[50,3],[39,-13],[40,-46],[-14,-20],[18,-63],[18,-96],[-3,-35],[-64,-53],[-63,-5],[-91,23],[-36,0],[-24,-54],[10,-72],[-23,-47],[-70,-26],[-145,11],[-19,26],[-2,50],[-54,43],[-71,15],[-30,-25],[2,-66],[42,-54],[73,-173],[102,-82],[26,-48],[-8,-71],[-30,-71],[16,-53],[50,-40],[-18,-38],[0,-71],[40,-68],[17,-60],[52,-79],[33,-36],[31,-110],[8,-65],[14,-44],[-1,-43],[-17,-35],[61,-44],[62,-55],[-33,-58],[24,-29]],[[32442,28639],[16,-62],[-35,-51],[8,-56],[25,-59],[4,-40],[-27,-36],[-43,-84],[-44,-20],[-102,50],[-29,32],[-32,10],[-67,-37],[-98,-80],[-68,-77],[-53,1],[-65,63],[-38,-12],[-56,-128],[-9,-67],[-33,6],[-20,35],[-63,54],[-35,-20],[-23,-31],[-58,-8],[-42,54],[-1,91],[17,50],[1,44],[27,17],[47,-8],[35,35],[-79,73],[-4,27],[49,19],[10,22],[-45,46],[2,44],[-31,5],[-25,-62],[-40,-5],[-47,36],[-18,76],[-64,16],[-18,16],[21,41],[73,38],[28,27],[-6,39],[-117,28],[-24,64],[-77,-4],[-68,-42],[-84,-72],[3,-19],[43,-12],[7,-44],[-30,-19],[-45,14],[-34,69],[-54,18],[-48,-33],[1,-56],[-30,-16],[-50,28],[-53,13],[-33,26],[-154,18],[-88,39],[-48,-10],[-118,-69],[-14,-44],[20,-84],[-43,-28],[-31,9],[-15,-34],[37,-31],[-29,-26],[-93,34],[-13,47],[-79,28],[-42,5],[-26,-36],[9,-28],[53,-41],[17,-29],[-14,-21],[-120,-65],[-96,-14],[-32,13]],[[28323,28259],[-99,42],[-178,98],[-61,20],[-117,19],[-79,36],[-161,-2],[-114,-8],[-126,-31],[-29,-1],[-148,45],[-76,32],[-36,7],[-107,-18],[-145,-35],[-204,-19],[-68,-15],[-171,-49],[-80,-15],[-84,-7],[-77,-50],[-188,-85],[-73,-36],[-42,-30],[-40,-61],[-35,-30],[-74,-8],[-39,-21],[-39,-41],[-136,-194],[-120,-114],[-159,-64],[-105,-57],[-41,-69],[-52,-67],[-29,-26],[-159,-120],[-73,-68],[-18,-26],[-16,-58],[-91,-119],[-43,-48],[-71,-67],[-53,-31],[-55,-13],[-142,-20],[-56,-16],[-61,-29],[-45,-34],[-42,-49],[-20,-39]],[[28149,25121],[-103,-105],[-33,-21],[-65,-10],[-115,26],[-103,17],[-50,13],[-35,24],[-70,68],[-46,67],[-30,88],[-23,35],[-52,27],[-128,-9],[-50,2],[-147,18],[-80,33],[-57,51],[-64,46],[-370,249],[-97,36],[-85,-3],[-208,-36],[-67,-22],[-252,-133]],[[25819,25582],[-67,-17],[-330,-45],[-80,5],[-133,16],[-85,-11],[-528,-117],[-183,-40]],[[21101,18758],[-44,33],[-123,-60],[-12,-46],[-51,-26],[-28,-27],[-40,-14],[-20,-42],[-69,54],[-46,53],[-45,2],[-22,-21],[3,-52],[-22,-136],[5,-150],[-14,-137],[-53,-68],[-16,-57],[-52,-30],[-60,-53],[-15,-24],[2,-79],[14,-54],[-12,-73],[28,-22],[9,-81],[-12,-68],[-68,-30],[-67,-58],[-14,-43],[12,-63],[19,-51],[-8,-74],[-19,-42],[-13,-71],[-56,-42],[-33,-62],[10,-55],[18,-19],[100,-3],[25,-13],[6,-81],[44,-37],[-2,-134],[77,-53],[52,-12],[10,-15],[2,-66],[14,-49],[18,-22],[48,-24],[51,-99],[71,43],[37,6],[10,-23],[3,-69],[-22,-82],[40,-36],[35,25],[48,-44],[29,-43],[148,-13],[67,-54],[34,-87],[1,-26],[-55,-59],[-6,-31],[-91,-80],[-133,-72],[-69,-45],[-77,-28],[-95,4],[-35,-23],[-25,-37],[-85,-90],[-111,-102],[-102,-109],[-93,-109],[-56,-37],[-74,-37],[-73,-51],[-146,-48],[-162,-43],[-132,-43],[-48,-22],[-58,-49]],[[19407,14848],[-38,11],[73,-267],[55,-142],[30,-118],[87,-517],[23,-171],[36,-119],[39,-70],[95,-113],[451,-566],[256,-322],[230,-286],[53,-77],[27,-52],[33,-117],[-3,-841],[1,-79],[-6,-320],[-4,-37],[8,-60],[-5,-115],[-11,-90],[-35,-191],[-20,-41],[-68,-60],[-75,-76],[-72,-80],[-162,-199],[-52,-84],[-14,-39],[-17,-113],[7,-133],[-45,-101],[-5,-132],[52,-277],[83,-394],[37,-80],[55,-53],[64,-45],[105,-48],[134,-68],[100,-86],[96,-51],[107,-70],[86,-69],[20,-58],[2,-108],[-11,-90],[-10,-144],[15,-33],[21,-129],[14,-108],[24,-93],[-49,-106],[-23,-27],[21,-54],[-7,-71],[-37,-174],[-20,-43],[8,-67],[12,-24],[-2,-99],[31,-103],[32,-72],[-2,-41],[29,-100],[31,-56],[-17,-73],[11,-34],[4,-87],[9,-30],[54,-58],[-2,-47],[27,-59],[-6,-59],[32,-39],[-2,-29],[199,49],[-10,-31],[-65,-71],[-44,-72],[-42,-20],[-12,-24],[14,-50],[46,-58],[-15,-30],[0,-43],[18,-28],[-19,-75],[11,-20],[72,-3],[76,-27],[4,-48],[-34,-45],[-27,-67],[-5,-59],[47,-62],[4,-139],[-15,-37],[-62,-42],[-1,-36],[50,-62],[17,-81],[-70,6],[-41,-25],[-1,-67],[-12,-26],[-61,-22],[-15,-48],[-22,-23],[-27,4],[-98,43],[-16,-13],[6,-59],[-12,-86],[9,-36],[25,-35],[-12,-20],[32,-38],[20,-44],[79,-3],[17,-47],[25,-16],[82,11],[74,50],[78,-12],[29,-21],[29,-55],[-2,-33],[-27,-24],[-6,-46],[-45,-39],[18,-65],[67,-119],[-35,-57],[18,-55],[-18,-59],[4,-25],[-70,-20],[-45,-60],[-52,-14],[3,-48],[107,-80],[53,-49],[32,-6],[11,-81],[-15,-43],[7,-26],[36,-25],[-3,-21],[-40,-28],[-22,-31],[-48,-28],[25,-50],[-56,5],[-9,-25],[29,-52],[40,-12],[-15,-46],[21,-69],[-60,-52],[-69,-20],[-13,-28],[31,-20],[-21,-23],[-35,-12],[-17,-67]],[[21511,2259],[-13,-36],[4,-63],[-36,-20],[-18,11],[-3,69],[-127,62],[-42,-44],[-65,17],[-59,-59],[7,-36],[-48,-5],[-19,-20],[-3,-39],[-88,-17],[-33,-13],[-64,6],[-34,-25],[-5,-38],[-76,-9],[-28,12],[-30,-16],[-6,-41],[-35,-12],[-29,16],[-14,-29],[-51,-25],[-36,-43],[-138,-69],[-44,-35],[-41,-21],[24,-53],[11,-85],[14,-64],[60,-88],[15,-52],[-1,-133],[20,-44],[-9,-47],[54,-25],[35,-40],[50,-37],[57,-11],[5,-32],[-20,-27],[-62,-48],[-29,-11],[-79,-5],[-37,-18],[-30,-78],[-38,-34],[-34,3],[-64,30],[-41,-9],[-50,-55],[-29,-99],[-41,-34],[-37,-7],[-39,13],[-34,-9],[-55,-46],[-192,-65],[-86,-56],[-28,-36],[-52,32],[-37,97],[-67,129],[-80,64],[-104,121],[-30,22],[-94,40],[-35,32],[-16,60],[-84,109],[-15,9],[-60,-13],[-99,10],[-127,-11],[-43,-14],[-85,-15],[-63,-20],[-87,31],[-61,-42],[-34,-7],[-164,74],[-68,40],[-28,27],[-49,70],[-45,115],[-46,44],[-107,-3],[-15,-11],[-38,-69],[-48,-40],[-39,-6],[-69,20],[-61,5],[-55,-6],[-53,-45],[-48,-83],[-126,-84],[-88,-84],[-41,-24],[-99,-32],[-79,-38],[-26,-3],[-55,32],[-89,16],[-57,-5],[-33,-14],[-49,-78],[-54,-50],[-79,-29],[-48,1],[-23,-33],[-13,-46],[-27,-31],[-34,-12],[-137,18],[-99,39],[-26,22],[-23,69],[-27,17],[-121,-56],[-44,-14],[-93,-4],[-79,-29],[-123,-34],[-38,-2],[-58,15],[-105,41],[-81,48],[-80,84],[-40,3],[-44,-28],[-56,-6],[-116,28],[-40,-13],[-20,-59],[-21,-24],[-38,-15],[-114,-16],[-88,-5],[-20,-14],[13,-47],[-81,-58],[-36,33],[-24,4],[-70,-21],[-70,-33],[-58,-79],[-17,-40],[-71,-122],[-39,-53],[-41,-35],[-76,-18],[-42,-61],[-31,-88],[-30,-18],[-78,5],[-76,43],[-33,-2],[-44,-48],[-27,-76],[-44,-35],[-29,-3],[-58,12],[-41,26],[-15,26],[-2,44],[-23,26],[-38,12],[-31,32],[-29,59],[-1,50],[41,46],[148,75],[134,105],[6,26],[-17,70],[7,51],[58,58],[30,99],[-2,79],[81,84],[2,64],[14,19],[75,13],[30,16],[7,80],[40,30],[47,65],[4,74],[35,71],[38,34],[28,45],[-45,34],[2,68],[26,21],[59,-1],[29,28],[41,100],[48,27],[4,118],[-30,37],[-104,-6],[-39,6],[-50,88],[-91,91],[-77,41],[-29,34],[-24,76],[3,23],[37,23],[15,36],[-11,38],[-28,38],[-81,80],[-71,26],[-98,-41],[-38,13],[-17,38],[-19,6],[-48,-29],[-40,20],[-23,63],[-91,118],[-45,18],[-22,46],[29,57],[19,61],[-3,22],[-36,46],[3,31],[30,54],[2,52],[-75,23],[-49,-9],[-51,2],[-52,33],[-53,21],[-56,6],[-76,72],[-56,29],[6,87],[-20,47],[-55,33],[-38,76],[-27,24],[-73,34],[-63,20],[-47,-7],[-28,-50],[-38,-39],[-78,-29],[-53,10],[-32,17],[-41,47],[-36,78],[-37,31],[-170,85],[-57,8],[-70,-12],[-94,-32],[-71,-6],[-45,30],[-23,88],[18,99],[-12,34],[-43,73],[-14,42],[-2,55],[15,82],[-9,41],[-33,71],[-68,218],[-8,66],[-21,71]],[[11606,4661],[-5,99],[43,38],[-58,40],[-37,-1],[33,103],[-16,70],[-19,33],[0,54],[32,39],[-7,24],[-33,20],[28,54],[-22,29],[15,46],[-7,29],[33,85],[61,61],[18,29],[30,1],[-5,35],[24,41],[-3,25],[60,67],[20,4],[-12,77],[65,73],[2,26],[31,42],[-11,23],[11,35],[-13,29],[25,19],[8,35],[-16,22],[-6,58],[40,19],[-64,69],[-42,-21],[-9,48],[-42,32],[22,21],[-24,93],[34,5],[-10,36],[-28,4],[-5,40],[99,-53],[65,3],[53,-9],[44,-26],[35,-41],[29,-79],[-1,-124],[40,-42],[55,-8],[93,34],[40,1],[65,-35],[364,-48],[86,26],[455,64],[14,31],[0,1981],[-32,46],[-30,16],[-66,104],[-45,47],[-5,27],[20,54],[0,43],[-24,24],[36,117],[-25,121],[-30,33],[1,72],[31,30],[41,2],[52,-26],[44,-5],[66,-54],[84,-30],[45,16],[94,0],[68,11],[97,-13],[35,27],[95,19],[23,12],[6,47],[47,69],[10,35],[-19,61],[36,88],[2,55],[-34,72],[-16,12],[-46,-4],[-49,-20],[-6,71],[71,47],[24,28],[29,75],[-2,57],[23,91],[-30,65],[-87,67],[-39,23],[-22,27],[-52,25],[-86,133],[-34,9],[-42,41],[-62,24],[-9,32],[-35,11],[-48,57],[-42,30],[-34,-12],[-58,50],[-35,-4],[-19,22],[-93,59],[-74,58],[-55,12],[-40,38],[-122,11],[-28,20],[-42,-3],[-128,57],[-45,9],[-103,6],[-168,37],[-54,-33],[-29,5],[-55,29],[-86,21],[-18,15],[-57,0],[-7,37],[-22,15],[-11,48],[15,35],[-6,61],[23,19],[26,53],[-4,26],[26,42],[-25,21],[17,83],[28,-8],[28,14],[41,62],[62,28],[26,3],[28,25],[9,37],[-29,54],[28,36],[36,77],[38,47],[3,40],[28,2],[69,45],[31,57],[-16,28],[28,26],[34,-17],[40,22],[40,49],[-50,81],[24,35],[46,4],[38,38],[-13,31],[-72,8],[-10,51],[20,26],[-19,49],[27,31],[-42,20],[-49,150],[1,62],[11,60],[32,88],[52,83],[45,39],[92,36],[176,37],[59,25],[30,26],[56,71],[82,127],[32,38]],[[13155,12847],[42,36],[62,31],[35,-1],[69,25],[75,65],[26,37],[53,122],[23,90],[15,100],[3,137]],[[13558,13489],[108,54],[56,77],[21,52],[6,44],[1,91],[-5,148],[11,155],[22,77],[32,58],[46,53],[85,48],[70,20],[69,12],[92,-4],[135,-14],[83,-15],[89,-33],[113,-80],[130,-122],[58,-21],[44,-5],[51,8],[174,74],[146,57],[180,42],[83,23],[53,28],[38,44],[28,93],[2,96],[-17,340],[30,500],[29,105],[32,67],[53,86],[103,145],[53,85],[18,64],[4,82],[-6,92],[-35,108],[-191,407],[-44,84],[-9,43],[8,64],[55,169],[14,64],[12,164],[-4,122],[-31,187],[-41,313],[-38,119],[-3,44],[32,-15],[129,-40],[488,-163],[10,24],[84,-28],[43,-42],[16,-44],[26,-32],[41,-18],[17,25],[53,10],[16,-35],[58,20],[54,-130],[24,-32],[166,124],[-83,130],[-238,417],[-75,136],[-78,123],[-80,96],[-82,69],[-181,123],[-57,52],[-247,302],[-50,76],[-29,83],[-12,66],[1,106]],[[15617,19406],[24,112],[26,65],[52,83],[109,132],[499,582],[41,40],[75,52],[52,26],[133,45],[99,48],[58,53],[58,84]],[[18293,19463],[34,-47],[56,-106],[94,-304],[17,-30],[76,-68],[40,-52],[126,-136],[40,-70],[30,73],[202,45],[51,28],[75,-83],[85,73],[88,-94],[10,-77],[33,27],[12,59],[94,131],[43,-31],[27,35],[-24,197],[41,-32],[81,-44],[32,-6],[21,-29],[9,-88],[30,-15],[71,17],[37,-20],[60,89],[26,67],[-44,4],[8,42],[32,-10],[58,99]],[[15617,19406],[-71,8],[-99,-14],[-5,-40],[-30,-65],[-56,-75],[-22,-42],[-66,-85],[-37,-136],[-49,-49],[-24,-49],[-227,-103],[-38,-38],[-34,-12],[-67,-70],[-110,-56],[-75,-26],[-55,-38],[-91,-28],[-131,-18],[-82,40],[-24,-6],[-44,-38],[-36,-3],[-34,14],[-54,55],[-15,-58],[-33,-33],[-35,-54],[-60,-46],[-26,-42],[-20,-52],[14,-111],[-28,-66],[-1,-50],[-22,-85],[-2,-46],[-29,-35],[-34,-72],[-14,-3],[-166,-244],[-35,-77],[-5,-30],[-43,-6],[-8,36],[-35,20],[-22,55],[-102,59],[-46,35],[-20,33],[-1,55],[-75,-33],[-32,-41],[-27,-60],[17,-43],[-13,-43],[-113,-227],[-105,-221],[-32,9],[-118,-27],[-37,4],[4,40],[-99,55],[-100,47],[-21,22],[-30,-28],[-38,51],[-23,-53],[33,-107],[3,-27],[46,-73],[-4,-29],[-80,-132],[26,-62],[-32,-13],[-60,-5],[-58,28],[-21,-44],[-31,9],[-13,-50],[-55,-6],[-61,-68],[-37,2]],[[12082,16590],[47,45],[2,22],[-51,89],[-42,136],[-6,48],[-131,196],[-1,59]],[[11900,17185],[-1,40],[52,118],[40,70],[-10,27],[-12,109],[9,31],[54,71],[11,90],[57,57],[28,49],[62,151],[4,71],[18,38],[0,74],[-14,8],[-12,74],[19,16],[31,65],[8,68],[-12,36],[28,83],[-22,21],[8,37],[42,54],[-2,72],[15,18],[0,50],[55,183],[-18,90],[-15,42],[10,25],[-14,41],[-7,65]],[[12312,19229],[22,13],[133,108],[41,108],[-1,36],[44,77],[61,53],[57,8],[17,56],[114,56],[75,1],[17,23],[167,108],[-9,59],[38,95],[21,73],[64,49],[115,49],[35,43],[45,12],[108,58],[19,59],[64,120],[98,95],[11,37],[51,49],[54,84],[68,46],[30,30],[8,53],[24,83],[34,15],[13,26],[62,66],[89,44],[46,44],[72,-14],[73,56],[40,104],[5,47],[-11,46],[12,21],[47,12],[28,20],[10,47],[28,29],[-61,18],[-22,70],[-40,46],[-42,1],[-80,43],[-48,15],[-80,53],[-30,-3],[-43,15],[-54,64],[6,56],[-52,72],[-26,47]],[[13879,22030],[21,55],[74,47],[67,31],[162,65],[19,16],[-37,47],[-53,35],[-37,69],[30,62],[5,28]],[[14130,22485],[271,1],[89,20],[92,47],[101,19],[215,-8],[99,24],[126,-274],[124,57],[29,30],[21,60],[32,43],[85,43],[75,51],[72,64]],[[15561,22662],[64,57],[61,-71],[4,-18],[-15,-94],[8,-48],[112,-184],[40,-157],[35,-52],[12,-48],[17,-122],[29,3],[67,109],[30,19],[39,3],[114,-38],[20,-13],[172,-231],[32,-11],[23,13],[50,55],[-7,73],[12,75],[30,61],[28,32],[61,33],[44,44],[-19,-77],[-20,-105],[8,-45],[30,13],[39,-19],[44,6],[-6,-79],[28,-7],[74,17],[19,18],[15,120],[93,38],[8,-22],[-27,-71],[108,-13],[109,-5]],[[15561,22662],[-49,30],[-12,24],[8,47],[-10,33],[-44,34],[16,50],[-9,37],[-40,87],[28,113],[90,43]],[[15539,23160],[232,107],[133,64],[225,101],[175,-56],[-27,522],[0,66],[22,44]],[[16299,24008],[196,-104],[69,-54],[33,-41],[39,-72]],[[15539,23160],[-29,35],[120,59],[-22,148],[-33,-8],[-43,51],[-83,13],[-7,12],[-144,-88],[3,-40],[-20,-24],[-50,24],[-79,-46],[9,-18],[-67,-35],[-43,-52],[-95,50],[-26,22],[-111,142],[47,36],[-105,133],[44,34],[-88,114],[45,33],[42,10],[-33,57],[-112,162]],[[14659,23984],[65,23],[44,44],[29,15],[91,4],[38,17],[272,168],[25,31],[21,50],[1,116],[48,85]],[[15293,24537],[69,-51],[49,-27],[647,-329],[241,-122]],[[15293,24537],[-151,133]],[[16327,27619],[66,37],[55,-3],[2,28],[61,49],[29,-19],[35,-2],[45,21],[45,9],[52,-31],[31,15],[44,-21],[31,6],[63,-59],[64,122],[17,-21],[35,3],[136,-19],[51,54],[7,55],[54,93],[156,-87],[37,-10],[63,9],[-38,-133],[81,-14],[61,12]],[[28333,33565],[5,-40],[-117,-338],[-106,-63],[-46,-9],[-73,-27],[-49,-39],[-87,-39],[-71,16],[-39,-29],[-32,4],[-88,28],[-74,-47],[0,-62],[-21,-44],[14,-28],[3,-130],[62,-87],[17,-38],[-31,-37],[9,-50],[-41,-53],[18,-34],[-40,-5],[-21,-27],[0,-36],[237,36],[-21,-143],[-31,-122],[-69,2],[-53,-11],[-53,2],[-32,-42],[5,-114],[-28,-24],[3,-35],[-87,-86],[-24,-70],[4,-84],[-32,-82],[-25,-30],[52,-91],[-39,-17],[-60,-45],[-123,-116],[-47,-98],[-16,-111],[-10,-147],[-51,-374],[-13,-37],[-9,-75],[-17,-50],[2,-129],[25,-109],[67,-171],[88,-210],[36,-29],[23,-77],[9,-90],[-20,-113]],[[26721,24599],[29,109],[-103,32],[-232,133],[-42,27],[-276,211],[-163,139],[25,23],[-75,79],[-25,60],[-21,148],[-19,22]],[[24254,18200],[-302,-52],[-425,-85],[-60,-96],[-11,-103],[-25,-31],[-62,194],[-330,-13]],[[23039,18014],[-82,-23],[-104,15],[-84,-3],[-127,-58],[-48,-38],[-63,-99],[-51,-26],[-65,-9],[-56,-32],[-439,344],[40,80],[4,48],[56,84],[46,121],[35,60],[-88,3],[-46,9],[-30,28],[-27,4],[-82,-16],[-30,-40],[-123,-107],[-28,-74],[-17,-24],[-63,-33],[-98,-81],[-70,49],[9,17],[-94,64],[-45,38],[-11,41],[11,62],[-4,55],[-85,59],[-79,154],[0,72]],[[23039,18014],[-10,-35],[-39,-54],[3,-32],[-34,-67],[-59,-44],[-10,-35],[52,-46],[24,-34],[26,-84],[-42,-91],[-22,-63],[-9,-91],[21,-35],[14,-62],[20,-34],[21,-92],[-4,-44],[-40,-63],[-36,-20],[-44,-57],[-55,-15],[-97,-48],[-41,-73],[-86,-98],[-54,-20],[-40,-69],[17,-41],[-65,-75],[-11,-33],[12,-44],[-53,-146],[28,-50],[-11,-36],[-28,-34],[-47,-32],[-68,-68],[-69,-25],[-29,-29],[-79,-44],[-54,-77],[-50,-23],[-65,-145],[-3,-47],[-70,-58],[-59,-27],[-50,2],[-35,-34],[-11,-56],[4,-38],[-18,-36],[-8,-72],[-22,-38],[-8,-52],[2,-126],[9,-71],[19,-63],[19,-32],[34,-24],[-72,-124],[-81,-70],[-95,-42],[-62,-92],[-15,-71],[-51,-25],[-101,-15],[-52,8],[-61,-8],[-45,9],[-80,-65],[-25,-5],[-76,44],[-34,28],[-73,25],[-46,48],[-45,7],[-46,-62],[-22,28],[-46,-5],[-43,32],[-30,49],[-70,-12],[-49,26],[-103,-50],[-38,-3],[-30,38],[-47,31],[-26,42],[-32,13],[-81,-21],[-46,78],[-11,47],[-29,22],[-41,0],[-49,-34],[-35,-12],[-59,15],[-140,-12],[-145,29],[-90,23]],[[14130,22485],[-93,-1],[-63,7],[-129,30],[-255,33],[-62,21],[-132,73],[-118,12],[-99,-8],[-68,40],[-26,45],[-71,63],[-28,37],[-7,53],[-78,72],[-77,20],[8,27],[-50,86]],[[12782,23095],[27,4],[29,76],[57,62],[18,71],[52,-13],[64,9],[100,28],[55,2],[55,14],[0,43],[26,33],[27,193],[10,11],[60,5],[18,14],[60,87],[35,22],[44,-12],[28,-53],[32,-3],[45,21],[14,26],[9,70],[15,22],[35,4],[11,33],[4,66],[22,11],[28,49],[3,64],[103,105],[18,68],[19,27],[6,71],[-33,99],[17,34],[41,23],[-18,36]],[[13918,24517],[27,-28],[129,-333],[31,-34],[25,0],[149,54],[35,-9],[49,-82],[103,-71],[34,-41],[55,23],[104,-12]],[[13918,24517],[-70,104],[-9,62],[7,126],[40,207],[-7,66],[-34,54],[-8,48],[31,165],[-11,34],[-12,121]],[[13845,25504],[16,30],[146,147],[24,44],[10,55],[88,-28],[80,-12],[54,0]],[[29479,34814],[24,60],[1,61],[-20,31],[-13,51],[-36,40],[-37,62],[-99,97],[-7,48],[54,73],[38,76],[78,75],[25,87],[31,28],[4,41],[-31,73],[24,37],[59,-6],[60,-60],[62,-16],[57,8],[-15,70],[29,56],[54,41],[37,11],[84,69],[64,23],[117,84],[-1,15],[-50,54],[-59,131],[0,35],[25,35],[121,56],[44,73],[12,49],[47,107],[-2,19],[57,64],[38,11],[46,-20],[25,15],[49,108],[8,54],[60,44],[6,39],[-38,73],[20,55],[44,38],[44,12],[126,-49],[60,26],[32,45],[42,96],[39,63],[65,82],[15,26],[17,96],[31,39],[96,61],[22,36],[8,79],[-18,29],[-72,55],[-7,42],[34,31],[114,47],[66,10],[109,-37],[51,9],[25,17],[74,77],[5,39],[-13,49],[-28,47],[7,33],[73,-2],[52,26],[13,48],[-4,106],[-10,57],[19,81],[4,48],[34,36],[66,42],[90,99],[72,-3],[145,-61],[88,-21],[48,4],[69,18],[44,23],[20,72],[18,27],[68,44],[18,30],[-1,51],[14,61],[83,116],[60,62],[73,-28],[61,-5],[85,10],[60,17],[89,58],[115,80],[73,18],[46,18],[51,-9],[57,2],[70,67],[55,5],[114,-114],[19,-58],[-33,-69],[23,-140],[23,-95],[46,-63],[60,-34],[26,-25],[29,-53],[102,-101],[21,-76],[-15,-27],[-67,-52],[-18,-63],[12,-80],[51,-123],[54,-47],[25,-54],[-8,-53],[-24,-46],[0,-82],[-9,-74],[-27,-39],[-62,-47],[-33,-66],[21,-48],[-5,-37],[20,-41],[60,-28],[25,-22],[53,-71],[-21,-132],[-3,-99],[-26,-39],[-45,-29],[-42,-72],[5,-55],[23,-54],[39,-128],[18,-33],[106,-116],[11,-20],[9,-86],[34,-41],[48,-16],[51,-33],[48,-50],[57,-14],[61,11],[133,-15],[73,18],[80,6],[48,12],[119,1],[109,-19],[40,-37],[5,-41],[-12,-32],[8,-97],[-8,-63],[-18,-31]],[[34870,36114],[-89,-1],[-82,-29],[-26,-99],[-41,-52],[10,-58],[-42,-56],[19,-29],[-6,-25],[-41,-25],[-71,-5],[-5,-33],[40,-23],[-18,-32],[-56,-24],[-10,-30],[30,-12],[-12,-31],[-52,-28],[-27,-31],[-12,-42],[-34,-46],[-66,-22],[-54,-63],[-60,-9],[-37,-18],[-5,-50],[9,-37],[-72,-28],[-14,10],[-73,-14],[-57,-54],[-12,-29],[-41,-28],[-42,-51],[16,-27],[-2,-74],[-107,-111],[-61,-17],[-26,-17],[-72,22],[-21,-35],[18,-38],[-26,-39],[-58,-59],[-76,-56],[-59,-9],[-70,-45],[-60,-21],[-30,-49],[0,-31],[-30,-31],[-42,-14],[-18,-87],[7,-55],[55,-121],[31,-39],[8,-43],[25,-47],[-3,-62],[-14,-59],[19,-55],[-2,-35],[-54,-112],[-6,-42],[43,-25],[0,-60],[-26,-50],[-35,-36],[-42,-23],[-19,-40],[46,-20],[17,-27],[37,-10],[19,-27],[-5,-71],[7,-28],[32,-24],[24,-38],[28,-78],[3,-75],[9,-38],[-158,-43],[-202,-84]],[[32442,28639],[35,8],[36,-42],[38,-14],[42,4],[21,22],[-10,27],[-44,24],[60,77],[55,34],[11,-24],[4,-64],[17,-79],[14,-32],[41,-49],[23,-68],[57,-41],[9,-25],[-3,-92],[9,-36]],[[32857,28269],[-118,-43],[-414,-230],[-58,-44],[-233,-266],[-42,-36],[-71,-25],[-409,-32]],[[31512,27593],[-61,1],[-656,65],[-224,20],[-573,56]],[[32092,21293],[78,1],[59,-7],[63,21],[57,-4],[35,-46],[105,-55],[69,-21],[51,-32],[0,-56],[20,-55],[22,-20]],[[32651,21019],[-33,-13],[-16,-67],[-27,-42],[-56,-20],[-101,-118],[-28,-76],[-35,-22],[-33,-45],[-55,-28],[-12,-44],[-24,-36],[-7,-99],[-26,-61],[-43,-26],[-6,-93],[18,-32],[-19,-60],[-23,-34],[12,-46],[-27,-73],[-31,-55],[-71,-75],[-47,-96],[-48,-73],[-43,-106],[-7,-77],[21,-81],[19,-31],[-5,-42],[49,-24],[-3,-65],[-23,-43],[-7,-55],[19,-101],[22,-34],[49,-47],[11,-50],[2,-76],[48,-105],[38,-96],[17,-74],[48,-80],[66,-67],[-1,-121],[6,-47],[-104,-53],[-58,-14],[-92,-75],[-17,-25],[-24,-70],[-135,-53],[-73,-62],[-67,-13],[-63,-32],[-32,-51],[-26,-67],[-80,-62],[-139,-53],[-47,-52],[6,-113],[-6,-20],[-40,-6],[-62,32],[-55,19],[-35,30],[-7,54],[-48,25],[-48,-13],[-53,18],[-30,-1],[-27,54],[2,39],[-120,73],[-91,-17],[-41,7],[-87,60],[-42,-30],[-31,-64],[-20,-22],[-78,-20],[-1,-39],[-15,-51],[11,-107],[14,-22],[-35,-64],[-20,6],[-63,-15],[-100,16],[-28,-4],[-30,-65],[-12,-63],[-22,-35],[-114,-78],[-29,-36],[-78,-51],[-32,-2],[-20,-66],[-34,-61],[4,-73],[10,-45],[-33,-50],[-46,20],[-51,-66],[-20,-62],[-100,-53],[-85,-79],[-64,-85],[-57,-48],[-60,-30],[-111,-42],[-146,-65],[-34,-26],[-40,-1],[-39,20],[-54,-29],[-18,-43],[0,-64],[-46,-49],[-148,-42],[-63,-35],[-55,-59],[-25,-14],[-9,-37],[30,-50],[-40,-74],[-56,-44],[-29,-1],[-86,30],[-83,-3],[-44,-37],[-6,-89]],[[31445,10481],[-66,-69],[-89,-48],[-68,-25],[-17,53],[-62,-49],[-138,-68],[-71,-53],[-103,-131],[-37,-28],[-47,-51],[-63,-29],[-31,-30],[-156,-41],[-88,-9],[-60,19],[-66,10],[6,62],[-38,10],[-122,-68],[-46,-50],[-18,-37],[-2,-47],[47,-33],[0,-39],[-44,-23],[-19,10],[-16,44],[-41,4],[-11,-51],[-45,34],[-188,-26],[35,-73],[57,31],[58,16],[24,-11],[53,-58],[53,-4],[-1,-32],[-50,-51],[30,-32],[-37,-50],[-48,-32],[1,-52],[-39,-74],[1,-82],[-35,-69],[-55,-43],[60,-43],[42,56],[94,51],[41,-5],[12,-83],[42,-45],[-12,-35],[-40,-24],[-37,-57],[-24,-63],[-49,-104],[-50,-43],[-27,-70],[-34,-29],[-171,-38],[-58,-34],[-41,-10],[-86,16],[-59,-24],[-11,-43],[-37,-30],[-51,-15],[-54,-62],[-16,-47],[-23,-33],[-14,-60],[-50,-46],[2,-48],[-27,-68],[-46,-13],[-15,-39],[-2,-68],[-38,-48],[0,-69],[57,-27],[12,-37],[-35,-22],[-41,9],[-30,40],[-63,31],[-71,74],[-53,44],[-60,81],[-21,-3],[-49,-88],[-21,-75],[-37,-28],[7,-40],[49,11],[25,-24],[-4,-26],[-31,-66],[-7,-105],[-20,-75],[-53,-39],[-29,-81],[-28,-25],[-45,4],[-45,-51],[-59,-28],[-22,-65],[-45,-33],[-4,-63],[-21,-39],[-51,-34],[-65,-13],[-44,7],[-4,-28],[-54,-86],[-44,-43],[-55,-110],[-36,-53],[-41,-35],[-45,-6],[-33,14],[-8,32],[49,38],[-4,23],[-79,25],[-28,-3],[-77,-45],[-52,-59],[-49,-100],[-37,-50],[-102,-95],[-24,-42],[-11,-61],[7,-66],[-4,-130],[-13,-33],[-66,-86],[-77,-71],[-2,-23],[-39,-80],[-53,-47],[-62,-28],[-63,8],[-32,-22],[-89,-97],[-66,-17],[-60,18],[-39,-22],[-53,11],[-35,21],[-45,4],[-44,-14],[-121,2],[-68,-25],[-55,-56],[-28,-1],[-59,37],[-39,11],[-105,-13],[-30,-17],[-28,-63],[-30,-34],[-51,-22],[27,-50],[5,-37],[-37,-30],[-11,-69],[16,-7],[45,25],[34,-13],[-6,-38],[-35,-37],[-78,-43],[-61,-8],[-49,-99],[-30,-26],[-53,-19],[-46,-4],[-34,-26],[-58,0],[-53,-28],[-45,-10],[-67,-74],[-16,-59],[-53,-18],[29,-67],[-40,-76],[-43,-35],[-40,0],[-46,-31],[-43,19],[-105,6],[-47,-50],[-101,-81],[-41,-44],[-9,-35],[38,-39],[-27,-42],[-43,-31],[-17,-28],[-63,-11],[-46,22],[-28,-6],[13,-37],[3,-48],[-11,-73],[-40,-62],[-62,-34],[0,-55],[-20,-35],[-62,-8],[-15,-42],[21,-106],[-11,-56],[-15,-15],[-64,0],[-38,-18],[-80,-24],[-24,-20],[-14,-95],[-64,-101],[-14,-33],[-51,-53],[-55,-16],[-17,42],[-123,-113],[-14,-66],[-26,-38],[2,-104],[-8,-25],[-65,-48],[-47,-19],[-47,23],[-3,38],[14,45],[-12,57],[70,64],[-6,21],[-46,-3],[-6,94],[-18,16],[-86,36],[-17,-11],[9,-50],[-13,-58],[-18,-31],[-13,-56],[-20,-33],[-18,-64],[-43,-39],[-28,-10],[-74,-5],[-28,-9],[-36,-33],[-24,-47],[-37,-35],[-8,-41],[-45,-27],[-77,37],[-38,29],[-56,-43],[-40,-86],[-26,-26],[-94,-40],[-13,-57],[-22,-20],[-74,-21],[-70,-7],[-36,-61],[-87,-21],[-76,-6],[-82,-84],[-67,-46],[-38,11],[-17,53],[-47,36],[-37,7],[-111,-14],[-212,-78],[-36,-26],[-70,-6],[-30,-13],[-55,-74],[-46,-26],[-98,-16],[-30,8]],[[13558,13489],[-20,101],[-21,21],[-96,49],[-44,2],[-71,-42],[-75,-17],[-43,34],[0,37],[-23,56],[-55,1],[-33,29],[-36,8],[-28,26],[-37,-61],[-37,-9],[-12,38],[-32,-1],[-38,63],[-83,47],[-49,15],[6,24],[-67,20],[-17,-12],[-30,60],[-44,30],[-75,67],[-14,52],[31,79],[-8,18],[-84,24],[-60,40],[-154,42],[-2,21],[21,150],[-7,30],[-61,72],[-51,111],[-27,40],[-4,109],[42,61],[108,66],[35,32],[24,79],[91,180],[-18,46],[40,72],[5,41],[-32,1],[-7,110],[10,29],[-5,74],[-40,51],[15,41],[2,45],[15,45],[-23,42],[22,60],[2,58],[19,49],[-2,33],[40,74],[-9,80],[-12,13],[10,78],[-32,48],[-30,20],[-96,20],[-25,26],[-28,-5],[-73,21],[-50,26],[-91,13],[-36,27],[8,27],[41,29],[64,19],[20,-4]],[[12312,19229],[0,6],[-594,239],[-101,37],[-752,304],[44,-5],[30,17],[55,-34],[33,6],[19,35],[69,25],[25,133],[27,46],[51,36],[42,16],[25,34],[22,0],[-9,60],[23,21],[14,47],[44,41],[22,50],[41,-17],[23,24],[-33,36],[-99,66],[26,85],[40,28],[32,57],[0,60],[16,63],[-30,81],[-47,45],[-19,50],[-40,52],[-17,35],[4,29],[37,54],[53,56],[29,46]],[[11417,21193],[49,52],[70,6]],[[11536,21251],[68,-5],[89,18],[136,59],[100,4],[26,31],[23,93],[20,31],[32,4],[67,-10],[28,-14],[73,-66],[28,5],[69,51],[53,11],[43,-9],[35,-44],[44,-5],[72,81],[95,25],[67,43],[54,2],[96,-23],[28,2],[33,29],[30,60],[21,11],[93,-37],[58,-8],[35,12],[60,122],[54,38],[62,6],[82,-26],[72,5],[65,51],[28,13],[128,27],[45,28],[131,164]],[[11536,21251],[16,37],[-34,116],[28,61],[-13,43],[-71,76],[40,30],[15,35],[-4,30],[-40,59],[-3,78],[28,44],[34,77],[14,50],[-5,51],[40,29],[-6,70],[23,74],[34,61],[23,66],[-31,77],[-78,66],[-6,17],[47,90],[73,-6],[106,27],[48,62],[43,-42],[43,-7],[56,20],[25,-4],[24,-29],[65,58],[74,6],[23,18],[7,51],[55,37],[43,17],[17,55],[46,78],[60,21],[53,-11],[37,6],[49,41],[32,81]],[[12566,23067],[30,37],[65,19],[121,-28]],[[11536,21251],[-64,89],[-40,75],[-10,33],[-35,29],[-52,-6],[-52,8],[-122,60],[-61,42],[-77,134],[-5,31],[19,39],[49,54],[42,69],[58,62],[63,104],[-7,68],[7,31],[-12,34],[17,92],[-26,41],[-62,-3],[-18,15],[-49,3],[-23,24],[18,43],[1,95],[-29,51],[15,51],[-40,75]],[[11041,22694],[-34,58],[34,39],[0,71],[54,69],[29,48],[-9,33],[32,76],[-19,26],[5,45],[29,21],[8,59],[-19,41],[25,52],[1,25],[-79,48],[-24,22],[-83,128],[-3,22],[16,159],[-19,37],[-123,146],[-10,30],[37,63],[6,62],[-5,100],[-41,64],[10,28],[-23,87],[-41,95],[2,22],[45,53],[12,50],[-35,72],[39,92],[54,32],[80,58],[18,81],[4,55],[-12,290],[4,184],[33,75],[5,29],[0,183],[-52,88]],[[10992,25812],[283,-14],[113,34],[104,20],[77,-4],[81,-29],[109,-64],[86,-24]],[[11845,25731],[-15,-25],[90,-17],[-32,-305],[-58,-6],[17,-125],[49,-4],[-13,-52],[2,-52],[-21,-34],[23,-191],[65,13],[95,-14],[89,-31],[-6,58],[39,5],[142,-63],[28,-59],[54,-13],[16,-30],[28,24],[30,-17],[-32,-69],[-204,-539],[169,-74],[138,-54],[182,-75],[63,-7],[-22,-57],[-22,-87],[-8,-98],[42,-15],[-22,-61],[-11,-55],[-32,6],[-110,-95],[-5,-22],[-134,-95],[-86,-68],[-4,-19],[4,-123],[-12,-78],[42,15],[73,-37],[90,-19]],[[11845,25731],[224,-30],[151,-14],[54,9],[60,29],[94,101],[43,16],[48,-5],[76,-20],[272,-87],[104,-52],[139,-104],[164,-141],[71,-40],[197,-73],[56,2],[82,22],[80,78],[69,78],[16,4]],[[10992,25812],[13,85],[-9,54]],[[10996,25951],[-8,56],[15,64],[43,89],[102,115],[51,47],[119,56],[37,28],[46,95],[33,29],[16,122],[-11,61],[-68,99],[-27,17],[-44,106],[-47,27],[-20,62],[0,48],[25,93],[38,56],[36,22],[2,19],[40,26],[31,69],[44,19],[50,53],[6,32],[40,96],[27,30],[-9,76],[61,148],[31,22],[49,9],[55,35],[60,0],[-2,26],[33,31],[-33,63],[-50,29],[-19,66],[7,74],[15,39],[41,44],[64,24],[21,43],[-43,97],[-13,56],[5,89],[8,32]],[[10636,32323],[-35,1584],[-48,2147],[-1,86],[-20,63],[-1,72],[-27,52],[-53,63],[0,72],[31,35],[10,64],[-16,21],[-44,24],[0,37],[41,51],[23,73],[20,19],[55,21],[22,23],[28,57],[7,53],[-9,41],[-39,28],[-38,6],[-18,28],[-61,0],[-48,31],[-40,43],[-45,15],[-50,31],[-97,-3],[-51,-26],[-69,-3],[-25,34],[-48,28],[-27,36],[-41,31],[20,69],[-43,57],[-78,58],[-82,46],[-67,61],[-25,56],[-7,87],[-28,72],[-9,62],[7,66],[-10,62],[53,55],[53,75],[24,23],[30,66],[37,43],[7,60],[-9,56],[31,26],[92,21],[40,39],[25,53],[-8,81],[2,42],[-19,98],[13,41],[29,29],[66,9],[47,29],[37,0],[64,-20],[60,-7],[55,-16],[226,9],[81,-12],[95,-26],[104,-81],[43,-12],[62,22],[43,40],[23,60],[-5,53],[-41,66],[9,42],[72,57],[72,20],[99,70],[35,3],[74,-20],[72,0],[29,13],[-5,25],[-45,63],[14,32],[76,47],[48,40],[12,59],[-21,92],[17,47],[32,47],[0,80],[-33,69],[0,43],[20,116],[13,36],[-4,69],[34,17],[62,5],[62,-19],[104,-59],[149,-64],[60,-31],[26,-31],[32,-79],[4,-33],[-2,-134],[21,-29],[44,1],[104,32],[48,4],[45,53],[32,17],[82,2],[96,-42],[36,-31],[41,-72],[26,-76],[33,-63],[47,-33],[17,-60],[10,-64],[25,-61],[9,-100],[28,-48],[121,-122],[71,-93],[41,-43],[118,-42],[41,-22],[42,-45],[26,-81]],[[13281,38482],[-808,-633],[-3,-33],[17,-75],[6,-63],[69,4],[161,-956],[-84,-16],[-170,-13],[-52,-13],[-23,-30],[4,-71],[-9,-62],[-45,-77],[-22,-25],[-75,-29],[415,-321],[83,87],[591,-299],[44,24],[52,12],[279,129],[201,226],[194,76],[124,-98],[66,-122],[80,-37],[138,-285],[5,-5],[95,-187],[23,-81],[-9,-145],[12,-60],[7,-138],[26,-23],[40,4],[3,-34],[-38,-21],[24,-59],[-25,-46],[-32,-3],[1,-41],[-18,-17],[-44,-1],[-19,15],[-28,-72],[33,-37],[111,14],[95,-45],[32,-9],[190,-19],[141,-6],[70,-7],[164,-36],[123,-11],[49,10],[110,6],[41,50],[21,8],[171,26],[82,-21],[104,-90],[109,-45],[125,-76],[42,-46],[56,-100],[41,-32],[89,-6],[89,23],[69,-9],[40,9],[63,56],[29,1],[127,-86],[64,-31],[50,-34],[93,-94],[29,-40],[60,-3],[41,40],[125,98],[45,-1],[46,-40],[35,-53],[68,-54],[45,-18],[73,36],[157,37],[73,27],[64,45],[61,5],[58,20],[28,21],[67,83],[65,164],[20,117],[34,109],[51,113],[58,105],[13,52],[17,152],[15,50],[64,125],[35,186],[31,98],[19,130],[28,110],[38,74],[49,60]],[[18772,36079],[50,54],[7,53],[-13,35],[-41,36],[-82,18],[-45,25],[-72,57],[-25,74],[38,65],[38,22],[131,36],[100,41],[147,53],[32,6],[100,-2],[36,12],[87,66],[101,37],[87,51],[11,27],[-4,74],[-27,144],[13,111],[34,18],[51,-8],[51,25],[-4,66],[15,27],[75,66],[184,99],[57,43],[10,22],[-17,75],[-84,131],[-46,58],[-52,42],[-102,43],[-61,48],[-143,86],[-40,45],[-11,35],[-2,71],[19,106],[-7,65],[-24,88],[-21,42],[-33,14],[-50,-9],[-66,-37],[-46,12],[-20,22],[-37,103],[-34,63],[-47,16],[-187,42],[-61,-7],[-46,24],[-27,33],[-16,64],[15,45],[39,87],[24,39],[65,12],[68,-34],[25,-1],[59,58],[42,23],[64,-9],[78,32],[92,19],[65,25],[21,22],[-21,103],[11,41],[107,107],[32,68],[4,66],[86,141],[57,35],[31,-1],[48,-24],[50,-14],[38,5],[39,55],[9,45],[-9,79],[3,77],[33,98],[-7,40],[60,1],[61,34],[38,-8],[32,-32],[108,-13],[52,-29],[44,11],[31,43],[108,99],[34,-1],[87,-43],[41,-1],[20,19],[24,73],[4,57],[-24,60],[-8,64],[17,75],[-9,86],[-11,173],[10,57],[38,131],[72,9],[69,23],[51,45],[18,35],[-12,42],[-28,44],[24,78],[16,96],[23,103],[21,28],[74,54],[27,56],[-1,35],[-54,118],[26,30],[265,82],[100,-25],[38,-22],[59,-53],[28,-39],[21,-60],[1,-123],[29,-159],[36,-14],[72,29],[60,-73],[75,-69],[40,-70],[61,-194],[37,-79],[183,-196],[15,-30],[-9,-79],[-81,-104],[-11,-47],[4,-63],[47,-74],[36,-35],[141,-156],[291,-310],[37,-77],[3,-59],[-7,-73],[-27,-139],[-56,-330],[-39,-200],[-29,-53],[-138,-163],[-16,-67],[11,-35],[78,-64],[56,-55],[26,-56],[38,-40],[57,3],[22,16],[57,83],[35,17],[74,-8],[54,-43],[35,-85],[65,-37],[121,10],[86,-27],[38,-19],[70,-126],[11,-51],[31,1],[35,-33],[140,-58],[39,5],[5,72],[-69,26],[1,16],[59,66],[35,56],[28,64],[34,47],[111,24],[114,-50],[44,-7],[-24,-46],[-6,-58],[27,-10],[43,-55],[246,-259],[67,-46],[77,-36],[60,-1],[31,-14],[32,-91],[-112,-177],[85,-58],[41,-2],[159,27],[47,-17],[36,43],[49,23],[62,44],[62,59],[-27,51],[-30,25],[-40,76],[32,58],[121,93],[5,-40],[68,-60],[26,-55],[17,-72],[15,0],[60,42],[33,14],[50,37],[34,14],[-35,44],[-18,77],[-27,52],[-7,57],[386,63],[94,9],[71,33],[244,-138],[33,-266],[-157,-10],[-1,112],[-217,-2],[-88,56],[-39,-41],[58,-41],[-4,-78],[-124,-40],[-9,-41],[36,-36],[61,-35],[12,-45],[44,36],[32,-43],[47,-31],[-109,-84],[35,-48],[-33,-70],[-105,-131],[-7,-88],[-19,-39],[-49,-37],[97,-49],[-19,-123],[78,-158],[-32,-48],[-44,-116],[-2,-34],[-29,-51],[-45,-8],[-107,-73],[-144,-157],[-189,-135],[-119,-138],[-68,-41],[61,-30],[29,-30],[25,-84],[-15,-126],[-8,-23],[-39,-43],[-37,-21],[-80,-76],[-7,-147],[-29,-50],[-10,-112],[-15,-43],[-73,19],[-17,-8],[-65,11],[-29,-8],[-74,18],[-17,-24],[15,-82],[22,-26],[53,-32],[32,-37],[34,-69]],[[34870,36114],[72,-2],[21,15],[0,34],[-18,34],[32,85],[51,11],[48,25],[21,55],[41,-22],[45,10],[37,-30],[14,40],[26,23],[43,14],[20,30],[-18,31],[13,22],[37,6],[32,-26],[26,20],[51,11],[57,-29],[18,13],[-10,36],[12,22],[44,21],[47,-1],[23,29],[45,-25],[45,39],[-5,34],[15,23],[54,4],[16,28],[60,5],[46,43],[36,3],[53,40],[49,19],[16,-20],[-39,-53],[8,-58],[44,-33],[11,37],[65,32],[6,30],[35,-2],[6,44],[89,4],[31,24],[64,-5],[19,31],[71,-24],[18,-55],[-25,-87],[33,1],[40,56],[49,3],[37,-38],[44,7],[40,-44],[-13,-38],[25,-44],[21,-64],[52,-41],[47,-55],[-28,-16],[-32,-41],[-12,-41],[58,-38],[-7,-72],[27,-8],[98,1],[43,-51],[91,-50],[71,-56],[17,-40],[-33,-28],[-92,-32],[-47,-29],[-8,-46],[11,-117],[43,-63],[7,-66],[28,-39],[14,-44],[-15,-48],[-5,-101],[-15,-55],[1,-57],[32,-60],[-57,-115],[-6,-34],[17,-110],[-12,-62],[-1,-72],[-49,-74],[-3,-27],[12,-94],[-9,-52],[22,-56],[-23,-60],[-8,-171],[10,-24],[55,-62],[138,-138],[49,-39],[19,-29],[711,-712],[9,-8],[82,-5],[22,-11],[29,-68],[24,-31],[69,-54],[77,-104],[92,-92],[40,-33],[61,-26],[115,-90],[74,-71],[53,-25],[78,5],[22,-107],[49,-89],[12,-59],[30,-74],[72,50],[53,28],[43,7],[63,-66],[72,27],[87,12],[35,-21]],[[39338,32379],[-49,-61],[-37,-21],[-11,-40],[-29,-16],[-27,-56],[6,-33],[56,-59],[8,-30],[13,-153],[-24,-36],[-49,-6],[-32,-47],[-53,-14],[-22,-17],[-68,-18],[-81,-30],[5,-39],[-9,-33],[10,-37],[-33,-36],[-78,-2],[27,-76],[-122,-39],[-12,-16],[12,-58],[-6,-55],[-23,-61],[-32,-29],[-169,-50],[-57,-68],[-30,-20],[-55,-9],[-42,-43],[-86,19],[-34,-2]],[[38205,31088],[-45,4],[-50,34],[-23,2],[-26,-58],[-16,-89],[4,-50],[-43,-22],[-34,36],[-39,-61],[-50,-10],[-52,23],[-44,-6],[-37,-44],[-86,-3],[-41,-17],[-63,-13],[-41,-23],[-66,6],[-63,13],[-10,34],[-32,3],[-36,-24],[-45,11],[-9,30],[-70,81],[-77,31],[-14,22],[1,43],[-38,30],[-37,-32],[-73,-37],[-96,23],[-17,86],[-32,64],[-28,25],[-70,30],[-59,15],[-41,34],[-19,66],[-283,44],[-70,-14],[-61,43],[-18,166],[-9,33],[17,51],[-7,50],[-18,38],[-51,35],[-56,-22],[-43,-68],[-19,-65],[-62,-50],[-16,-90],[1,-67],[-28,-52],[-120,-22],[-65,-32],[-55,-36],[1,41],[-27,4],[-44,-21],[-57,12],[-25,-13],[-18,65],[-63,19],[-5,-38],[-53,-30],[-112,18],[-100,24],[-44,-4],[-69,29],[-68,1],[-44,25],[-114,-14],[-47,-24],[-41,61],[-37,21],[-91,21],[-34,21],[-45,8],[-39,24],[-59,-2],[-41,28],[-58,7],[-55,-22],[-80,-14],[-37,-15],[-99,-95],[-23,-109],[9,-61],[-24,-56],[-28,-23],[-78,-86],[-23,-48],[19,-92],[-3,-62],[9,-108],[-30,-64],[-18,-71]],[[38205,31088],[4,-77],[-44,-151],[9,-62],[-12,-37],[-69,-79],[3,-50],[19,-48],[-36,-34],[19,-35],[3,-110],[-34,-94],[-9,-55],[-52,-25],[-28,-25],[64,-95],[-34,-52],[23,-36],[-15,-41],[-32,-14],[-33,-42],[-66,-45],[-50,-65],[-16,-70],[-35,-31],[3,-63],[-15,-17],[-78,-42],[-61,0],[-26,-10],[-22,-40],[-24,-15],[-78,5],[-76,-58],[35,-62],[7,-27],[-8,-144],[13,-28],[-5,-76],[40,-90],[28,-76],[64,-35],[5,-49],[32,-47],[28,-83],[0,-67],[40,-70],[5,-56],[-12,-64],[24,-162],[-7,-21],[-61,-16],[-128,20],[-60,-21],[-30,-58],[-26,-31],[-99,-75],[-23,-66],[13,-71],[28,-61],[51,-52]],[[37361,27887],[-47,-27],[-12,-25],[-48,-16],[-17,-30],[-33,-8],[-16,-28],[-133,-102],[-66,-2],[-63,-16],[-4,-32],[-55,-64],[-24,-10],[-43,33],[-47,-27],[-61,15],[-31,43],[-49,-9],[-31,-27],[-33,17],[-56,58],[-27,79],[-35,26],[-58,-10],[-20,24],[-47,21],[-44,-38],[-54,-14],[-31,9],[-48,-14],[-37,36],[-39,-24],[-46,20],[-58,-6],[-14,27],[-53,-14],[-110,9],[-83,30],[-44,28],[-88,9],[-63,35],[-45,10],[-102,51],[-81,-3],[-47,-16],[-9,-28],[-50,-90],[-37,-31],[-4,-30],[32,-67],[-31,-24],[-26,37],[-36,-7],[-13,-20],[33,-54],[-11,-20],[-53,-4],[-11,-20],[61,-94],[-45,-67],[-23,-20],[-18,-45],[13,-41],[28,-6],[23,31],[23,-1],[3,-38],[32,11],[5,54],[44,7],[16,-58],[25,-13],[46,44],[28,-10],[5,-33],[-13,-78],[39,-34],[7,-22],[-17,-58],[5,-63]],[[35289,27013],[-85,-6],[-148,-18],[-110,-9],[0,-22],[-39,-3],[-109,-29],[-157,-19],[-194,-18],[-81,-2],[-33,10],[-86,4],[-56,54],[-12,28],[-48,26],[-28,40],[-150,-121],[-143,-68],[-96,-58],[-171,-117],[-58,-33]],[[33485,26652],[-10,1]],[[33475,26653],[24,115],[-9,69],[38,179],[4,80],[-28,66],[-49,54],[-31,82],[-106,133],[-33,132],[-68,86],[-16,53],[-107,137],[-44,86],[-27,35],[-91,142],[-75,167]],[[31951,25938],[-30,39],[-28,117],[-26,40],[-15,103],[-16,34],[-62,72],[-40,36],[-44,54],[12,107],[30,35],[-12,26],[2,59],[-96,69],[-29,70],[4,33],[-40,100],[-19,73],[-41,105],[-40,45],[-3,41],[-36,58],[-7,39],[6,54],[23,96],[32,35],[36,115]],[[33475,26653],[-158,31],[-62,17],[-122,-11],[-107,-94],[44,-38],[11,-47],[-8,-31],[-52,-30],[-65,-15],[-106,-8],[-37,2],[-59,-30],[-55,-50],[-31,-47],[-24,-96],[-70,-20],[-22,-29],[-81,-19]],[[33485,26652],[-35,-79],[12,-33],[-5,-52],[5,-70],[-15,-78],[-50,-64],[-33,-112],[0,-104],[44,-119],[61,-93],[59,-14],[60,6],[64,-20],[50,-66],[57,-88],[45,-42],[108,-24],[67,-48],[8,-38],[58,-119],[24,-91],[-8,-18],[13,-96],[23,-203],[-16,-32],[-49,-52],[-30,-55],[-36,-128],[-12,-21],[38,-40],[-20,-54],[4,-79],[41,-38],[48,-75],[14,-54],[85,-83],[-20,-33],[-19,-65],[-42,-53],[-31,-64],[-53,-71],[-12,-50],[-33,-61],[-39,-42],[16,-45],[50,-1],[88,17],[38,-2],[33,-27],[27,-61],[-12,-69],[18,-19],[3,-37],[91,-87],[62,-116]],[[34329,23390],[-53,-20],[-101,0],[-26,-30],[-21,-54],[-50,-54],[-5,-25],[19,-40],[-30,-59],[-8,-43],[-20,-38],[15,-57],[-57,-23],[-66,8],[-72,-11],[-61,-39],[-63,-25],[-39,-53],[-3,-28],[-26,-37],[20,-56],[2,-69],[-31,-48],[-52,-44],[-53,-78],[-25,-83],[-29,-63],[-6,-110],[-37,-31],[-11,-43],[-41,-77],[-39,-127],[-14,-68],[-62,-176],[-38,-40],[-16,-57],[-37,-88],[-34,-41],[-60,-31],[-105,-29],[-32,-22],[-38,-106],[-83,-31],[-40,-28],[-28,-80],[-55,-83],[-40,-28]],[[32678,21025],[-27,-6]],[[35289,27013],[-10,-40],[34,-52],[2,-24],[46,-30],[27,-116],[24,0],[30,55],[44,3],[4,-24],[-28,-44],[16,-20],[73,-18],[12,-28],[-45,-18],[-19,-21],[-48,-105],[31,-34],[47,-2],[-2,-20],[-73,-31],[-43,-5],[-61,-61],[-18,-38],[2,-47],[-42,-55],[8,-20],[62,-79],[-6,-72],[-55,-170],[0,-34],[32,-59],[7,-34],[-16,-42],[-50,-43],[-41,-76],[3,-67],[-27,-82],[8,-120],[9,-49],[-21,-54],[-74,-47],[-28,-39],[-35,-13],[-34,-54],[-57,-54],[-35,-8],[-3,-43],[-34,-42],[-8,-51],[-73,-8],[-48,-35],[-36,-59],[4,-83],[23,-40],[-22,-28],[-5,-78],[-25,-29],[-1,-38],[-16,-48],[-29,-20],[-8,-37],[12,-91],[22,-52],[-12,-109],[14,-54],[-28,-132],[-54,-20],[-19,-32],[2,-41],[-18,-37],[-49,-60],[-23,-63],[-66,-49],[1,-33],[-25,-17],[-3,-44],[-27,-67],[-33,-23],[-33,-43],[7,-26]],[[32678,21025],[-3,-36],[32,-120],[2,-96],[69,-133],[18,-49],[61,-110],[17,-81],[47,-122],[-2,-112],[24,-120],[56,-95],[62,-78],[10,-67],[61,-90],[76,-72],[50,-27],[181,16],[86,34],[54,52],[117,15],[52,23],[35,27],[31,53],[59,21],[48,4],[68,60],[22,5],[61,-45],[55,-69],[49,-93],[0,-65],[-45,-59],[0,-44],[55,-86],[15,-58],[-23,-34],[-84,-39],[2,-38],[26,-33],[-4,-23],[-56,-100],[-41,-93],[-16,-63],[6,-129],[-45,-47],[-15,-54],[80,-73],[13,-79],[38,-27],[43,-16],[98,-62],[111,-55],[49,-36],[31,-43],[7,-63],[38,-25],[30,-60],[42,-19],[73,-75],[45,-64],[68,-26],[70,-63],[48,-23],[64,-49],[47,-58],[90,-205],[-4,-26],[-31,-36],[16,-76],[-11,-41],[23,-66],[-21,-74],[30,-68],[10,-50],[34,-37],[13,-62],[107,-89],[20,-31],[12,-47],[57,-84],[11,-98],[-13,-106],[-17,-57],[-3,-131],[53,-72],[14,-40],[12,-151]],[[35348,16192],[-3,-35],[-48,16],[-22,83],[-58,128],[-41,40],[-17,-5],[-33,-44],[-69,-111],[17,-60],[1,-105],[28,-63],[-15,-45],[-38,-21],[-120,-23],[-43,-40],[21,-52],[-19,-47],[-113,45],[-28,-21],[-2,-54],[-31,-16],[-30,2],[-120,65],[-56,7],[-67,-31],[-37,-51],[-43,-12],[-53,20],[-92,7],[-32,-37],[-41,-10],[-36,13],[-54,44],[-26,49],[-24,21],[-14,62],[-61,28],[-67,-30],[-42,-3],[-27,35],[-1,103],[-10,31],[-68,84],[-22,36],[-30,25],[-71,-5],[-26,-25],[-44,-75],[-33,-11],[-84,43],[-61,13],[-93,-48],[-89,12],[-21,-19],[-5,-43],[-79,-55],[-80,47],[-43,39],[-57,80],[-48,34],[-108,3],[-47,-7],[-21,-31],[-3,-61],[-41,-106],[7,-52],[64,-58],[51,-70],[34,-58],[16,-55],[-31,-92],[-48,-66],[8,-67],[-5,-39],[-84,-96],[-24,-9],[-37,16],[-40,35],[-22,5],[-53,-18],[-52,-54],[-60,-11],[-38,23],[-24,48],[-36,24],[-31,4],[-74,-12],[-70,17],[-81,5],[8,-46],[-16,-129],[-22,-42],[-69,-40],[14,-44],[-9,-52],[-21,-49],[-85,-14],[-6,19],[-66,2],[-54,11],[-92,-31],[-60,-70],[-72,-7],[-85,-57],[-38,-49],[-4,-22],[19,-80],[-38,-27],[-21,4],[-102,64],[-49,-5],[-17,-18],[1,-55],[66,-139],[20,-60],[-2,-58],[-91,-124],[-26,-87],[-23,-53],[-51,-59],[-30,-82],[-18,-66],[-53,-49],[33,-74],[34,-38],[18,-46],[48,-159],[4,-51],[-25,-85],[-16,-6],[-39,-48],[-38,-15],[-62,50],[-28,-9],[-34,-54],[-45,10],[-70,-11],[-51,-33],[-66,-6],[-36,-37],[53,-131],[-29,-42],[-43,-6]],[[11606,4661],[-42,38],[-68,6],[-143,-101],[-34,-35],[-25,-48],[-77,-72],[-30,-39],[-23,-98],[-23,-31],[-52,-44],[-83,-46],[-30,-4],[-65,66],[-46,-66],[-42,-37],[-58,-91],[-40,-27],[-87,-10],[-29,-58],[-94,-51],[-64,15],[-117,-10],[-18,-14],[-38,-60],[-49,-8],[-47,51],[-40,-4],[-16,-16],[-22,-98],[-33,-39],[-50,-14],[-38,98],[-7,45],[-48,4],[-85,-63],[-35,-5],[-85,8],[-21,-14],[9,-65],[-42,-50],[-113,6],[-74,25],[-20,-14],[-6,-69],[-37,0],[-53,66],[-26,-1],[-14,-37],[-58,-6],[-39,33],[-23,99],[-27,50],[-28,6],[-37,-35],[-50,-1],[-34,26],[-9,58],[-21,43],[-49,12],[-138,-34],[-93,-80],[-44,-23],[-69,15],[-48,50],[-20,55],[-14,125],[-38,69],[-68,51],[-38,11],[-65,2],[-52,20],[-79,3],[-126,-92],[-98,-35],[-30,-28],[-50,-111],[-41,-36],[-38,-3],[-68,40],[-33,7],[-48,-23],[-31,-73],[-77,-61],[-16,-34],[-10,-70],[-39,-24],[-62,-5],[-70,-24],[-85,4],[-31,-31],[-5,-54],[-11,-16],[-183,38],[-25,-22],[-2,-72],[-40,-13],[-30,33],[-57,114],[-46,120],[-30,41],[-22,5],[-58,-32],[-31,-1],[-84,48],[112,47],[55,-21],[21,9],[42,59],[17,86],[-2,45],[54,42],[29,99],[66,40],[50,52],[60,0],[54,-43],[49,1],[54,34],[7,32],[-8,105],[15,66],[33,44],[10,63],[18,41],[67,60],[120,78],[106,60],[8,26],[-11,108],[12,53],[72,75],[9,115],[-7,122],[-26,46],[-5,30],[50,84],[10,44],[-35,90],[-2,52],[165,153],[18,78],[87,26],[37,38],[20,91],[37,41],[35,3],[75,-43],[52,-3],[80,32],[56,-8],[69,-58],[40,-2],[69,18],[49,-16],[36,3],[11,27],[-20,142],[32,28],[60,35],[33,42],[45,123],[27,36],[48,16],[116,-41],[38,7],[53,43],[35,123],[43,97],[44,157],[12,64],[33,69],[63,16],[15,15],[28,83],[0,97],[61,50],[11,67],[47,50],[15,60],[52,68],[67,163],[5,77],[30,25],[4,61],[-26,19],[35,61],[-1,39],[-23,23],[15,40],[-13,56],[52,28],[-77,80],[-42,55],[-45,-9],[-98,-39],[-34,2],[-51,57],[-43,-15],[-33,-48],[-38,-10],[-48,33],[-80,42],[-49,74],[-16,-5],[-40,-69],[-64,0],[-33,-25],[-79,-5],[-41,34],[-78,22],[-64,0],[-35,36],[-44,-26],[-24,-32],[-34,8],[-29,53],[-41,7],[-45,41],[-62,42],[2,23],[-20,55],[-39,4],[-33,30],[-22,63],[-106,0],[-47,27],[-26,71],[-50,60],[-79,68],[-25,49],[-66,18],[-175,-12],[-103,15],[-22,33],[-9,78],[-14,24],[-63,33],[-77,5],[-18,18],[7,60],[90,10],[26,53],[73,27],[67,7],[134,115],[28,50],[16,70],[32,55],[21,13],[99,26],[25,31],[1,79],[-57,163],[-63,69],[-15,58],[43,176],[11,14],[193,31],[26,24],[16,38],[11,148],[43,69],[13,45],[-10,64],[-16,45],[-35,55],[-87,89],[-30,131],[34,80],[55,99],[34,85],[35,35],[74,24],[182,4],[68,30]],[[8469,11189],[4,-21],[-15,-64],[6,-36],[32,-7],[64,28],[66,-11],[97,-58],[41,-60],[26,-60],[10,-102],[85,-3],[22,18],[34,126],[30,19],[133,43],[68,37],[25,27],[16,51],[-10,52],[-2,72],[36,66],[37,29],[44,8],[34,-11],[44,-40],[30,-16],[110,-13],[30,-16],[28,29],[12,148],[15,25],[39,6],[62,54],[125,219],[-1,38],[-18,32],[0,39],[33,48],[71,51],[96,4],[27,23],[20,52],[2,37],[-31,72],[9,72],[34,38],[21,-2],[114,-101],[35,-13],[107,-7],[39,9],[95,50],[31,30],[63,114],[58,153],[75,76],[45,66],[71,48],[16,30],[-5,44],[33,37],[57,11],[61,39],[100,-4],[56,9],[25,-9],[98,-69],[30,1],[31,51],[35,-3],[18,-27],[58,39],[22,45],[31,7],[49,-12],[73,18],[69,-14],[44,-28],[18,-36],[129,-40],[45,-55],[51,-38],[60,-16],[52,32],[54,19],[28,26],[40,16],[66,61],[67,86],[18,14],[87,10],[44,-27],[120,78],[17,2],[54,-58],[36,0],[35,48],[71,34],[52,-1],[74,-12],[63,-21],[130,-97]],[[8469,11189],[-72,41],[-22,24],[-78,60],[-78,36],[-84,-3],[-39,27],[-28,51],[-4,51],[-49,75],[-26,21],[-32,-38],[-63,-52],[-30,-3],[-34,17],[-31,-23],[-7,-43],[-58,-21],[-82,-4],[-123,-94],[-61,2],[-82,-47],[-78,14],[-86,-52],[-68,20],[-12,43],[9,34],[-21,30],[-35,78],[-46,37],[-107,18],[-59,70],[-17,40],[-40,48],[-36,26],[-91,36],[-50,62],[-48,135],[-25,29],[-49,-15],[-16,-50],[-4,-48],[14,-67],[94,-267],[-11,-31],[-30,-4],[-32,22],[-118,149],[-51,48],[-43,60],[-16,45],[-9,138],[-5,10],[-144,22],[-70,17],[-100,35],[-78,21],[-197,71],[-45,10],[-109,2],[-60,20],[-39,56],[-1,41],[-143,6],[-49,17],[-46,-13],[-38,12],[19,89],[18,44],[35,13],[32,-5],[51,49],[25,82],[-14,101],[-43,76],[-29,89],[-1,34],[40,31],[35,2],[23,20],[52,83],[18,41],[78,82],[38,82],[25,39],[2,41],[-24,26],[-51,28],[-8,50],[-29,38],[4,54],[37,67],[31,41],[-10,42],[16,22],[111,40],[13,37],[-152,158],[-16,38],[11,70],[-7,43],[-53,71],[-22,78],[-68,54],[-24,70],[1,57],[25,74],[60,124],[70,93],[77,33],[53,60],[66,27],[41,-10],[80,-54],[36,-35],[27,-1],[8,35],[11,124],[-5,92],[65,65],[186,9],[109,44],[42,59],[87,79],[39,51],[45,34],[33,39],[37,19],[65,87],[86,142],[40,54],[11,52],[34,56],[56,54],[24,58],[14,57],[-7,50],[50,211],[17,88],[-16,44],[62,73],[22,42],[2,37],[-41,142],[38,55],[2,117],[28,113],[-21,31],[8,41],[43,-11],[18,49],[63,60],[-9,22],[-55,19],[-1,58],[15,87],[-15,32],[29,57],[2,38],[34,11],[0,27],[78,67],[5,21],[-27,53],[-48,3],[-21,31],[-6,44],[56,46],[7,29],[45,53],[-1,39],[13,51],[27,49],[32,26],[24,49],[67,-4],[21,22],[0,34],[19,31],[25,4],[41,51],[82,35],[35,3]],[[7609,18069],[26,-18],[72,-113],[16,-8],[37,-55],[50,9],[48,-27],[31,-41],[21,-54],[42,-80],[35,-38],[94,-39],[82,-60],[94,-7],[40,-30],[63,-72],[37,-167],[32,-13],[73,17],[70,33],[55,-16],[39,1],[154,31],[37,33],[75,-19],[18,-60],[52,-21],[127,28],[59,0],[84,13],[134,-60],[59,-48],[56,-23],[40,24],[48,134],[47,61],[40,21],[129,-16],[49,13],[126,65],[100,33],[167,28],[66,7],[44,44],[117,63],[140,42],[56,-46],[53,-3],[21,-25],[41,-9],[25,-28],[9,-39],[-29,-1],[21,-85],[-6,-35],[32,-56],[-20,-37],[10,-48],[20,-18],[2,-36],[53,-64],[39,1],[3,-42],[23,-37],[27,14],[47,-1],[28,-17],[62,22],[46,-24],[46,-38],[47,6],[55,33],[42,11],[65,-8],[85,17],[91,42],[115,28],[69,46],[33,-5],[31,-27],[24,10]],[[7609,18069],[-110,32],[-49,-14],[-73,-37],[-34,-58],[-22,-17],[-60,-2],[-47,17],[-148,23],[-44,-3],[-77,-36],[-38,9],[-25,34],[-26,60],[-4,93],[-37,50],[-91,20],[-98,-9],[-99,43],[-118,26],[-39,25],[-41,45],[-74,-16],[-41,41],[-19,60],[-98,15],[-29,110],[-3,56],[32,61]],[[6097,18697],[11,43],[21,31],[90,90],[10,24],[-7,41],[-31,79],[11,30],[57,61],[45,84],[66,71],[64,24],[48,37],[52,98],[4,49],[-35,104],[14,99],[43,73],[27,110],[25,79],[-49,92],[9,19],[102,-11],[65,2],[44,21],[71,14],[49,42],[24,73],[24,10],[70,-28],[94,-16],[55,18],[80,93],[33,24],[82,35],[111,20],[38,14],[47,34],[17,52],[69,76],[12,40],[7,78],[106,10],[70,12],[52,18],[63,-7],[29,-27],[24,-54],[45,-31],[87,-13],[111,7],[67,-10],[44,-25],[85,-97],[24,10],[19,49],[16,68],[36,80],[60,45],[43,67],[39,31],[20,37],[46,48],[41,29],[41,9],[10,19],[57,28],[81,81],[47,31],[59,2],[29,-14],[25,-52],[52,-232],[43,-94],[21,-5],[90,26],[70,8],[82,-10],[121,-75],[10,-59],[19,-29],[87,-27],[131,-69],[46,-43],[28,-100],[18,-9],[141,50],[144,139],[42,24],[69,1],[98,33],[95,74],[60,40],[75,39],[122,50],[46,51],[55,107],[23,65],[32,50],[31,29],[105,24],[48,22],[59,73],[63,22],[88,20],[61,21]],[[6097,18697],[-25,-5],[-64,-58],[-7,-87],[-20,-15],[-118,22],[-43,-25],[-23,-94],[-37,-45],[-46,-35],[-186,216],[-69,-184],[-183,53],[-79,-4],[-88,-78],[-140,-200],[-395,0],[-53,40],[-65,38],[-36,-2],[-76,-54],[-62,2],[-37,11],[-201,173],[0,10],[-63,112],[-62,80],[-13,30],[1,49],[20,63],[36,34],[-85,230],[-11,5],[-271,-256],[-166,-7],[-617,12],[-99,6],[-41,55],[-91,71],[-150,173],[-18,27],[-17,90],[-16,34],[12,85],[75,137],[23,10],[8,51],[-5,139],[11,95],[25,79],[25,28],[51,32],[3,43],[-21,23],[-33,79],[-4,110],[50,49],[-20,84],[-47,15],[27,120],[0,76],[-27,66],[-3,59],[-31,85],[-2,30],[50,78],[13,34],[-10,53],[5,98],[-14,40],[-40,44],[-76,69],[26,39],[78,26],[70,1],[83,67],[90,90],[-13,59],[20,51],[44,51],[55,27],[-28,42],[-21,9],[-46,-12],[-75,-73],[-52,-11],[-114,-1],[-64,15],[-19,16],[-9,49],[29,52],[9,39],[-50,65],[-8,36],[-28,15],[-25,39],[-45,37],[10,75],[-69,0],[-29,19],[-124,-3],[-50,4],[-52,31],[-24,33],[-12,77],[-51,67],[32,67],[-11,58],[-19,42],[33,101],[66,112],[57,77],[19,47],[-17,25],[4,47],[-48,0],[-67,-52],[-59,27],[-46,-29],[-24,8],[-46,37],[-75,-25],[-28,11],[-44,50],[-100,47],[-30,1],[-22,-21],[-26,-55],[-31,-40],[-65,-29],[-88,-2],[-105,-19],[-30,-23],[-41,-78],[-91,-120],[-93,-49],[-47,16],[-29,65],[-23,116],[-20,16],[-278,30],[86,19],[46,19],[45,55],[0,45],[-17,52],[10,49],[-6,35],[-48,19],[-14,57],[-44,4],[-13,16],[-9,54],[-47,31],[-68,65],[-13,62],[4,59],[-26,27],[28,51],[61,7],[48,-26],[43,3],[73,63],[74,13],[53,-6],[90,-28],[33,28],[4,51],[20,47],[33,40],[37,14],[162,29],[23,12],[-3,48],[-52,85],[3,32],[74,20],[75,81],[56,30],[223,158],[29,31],[6,36],[-14,39]],[[1605,24110],[16,32],[23,-2],[30,-64],[12,-76],[42,-38],[56,-36],[37,29],[-12,64],[35,13],[55,79],[-33,123],[-28,36],[14,56],[49,36],[37,12],[65,2],[44,16],[85,4],[38,15],[60,49],[38,17],[64,-18],[69,26],[88,86],[55,29],[82,-2],[44,46],[74,33],[21,-75],[72,-76],[70,-112],[24,-7],[60,-55],[-94,-49],[-37,-48],[-5,-45],[-20,-65],[-31,-61],[-52,-20],[-23,-78],[9,-137],[-29,-63],[-16,-55],[-73,-36],[-11,-50],[33,-48],[-39,-69],[-5,-57],[-18,-41],[-73,-42],[-49,5],[-25,-13],[-36,-49],[-51,-48],[-69,-32],[-36,-54],[-6,-64],[8,-54],[42,-23],[26,-38],[26,-14],[70,18],[41,2],[43,-16],[24,-26],[27,-64],[49,-49],[126,-43],[45,-1],[53,-17],[167,-93],[63,-48],[52,8],[64,-8],[7,-21],[172,-171],[38,17],[46,54],[58,53],[48,76],[29,6],[105,-6],[35,-17],[54,-47],[101,-183],[83,-64],[35,-38],[37,-78],[45,-7],[39,19],[17,-36],[-38,-89],[34,6],[47,52],[63,43],[59,23],[55,37],[58,67],[53,-4],[55,19],[32,60],[12,80],[24,38],[21,115],[-12,32],[45,17],[50,49],[100,73],[60,59],[47,23],[41,41],[-22,43],[-7,48],[13,70],[-3,29],[34,41],[113,42],[99,53],[80,20],[68,74],[160,102],[9,20],[1,100],[49,-26],[90,-25],[49,-5],[170,28],[66,-21],[51,-41],[45,-11],[99,62],[177,34],[98,34]],[[6355,23636],[23,-55],[78,-107],[38,-36],[62,-34],[135,-41],[97,-17],[157,-1],[75,11],[156,6],[147,34],[30,13],[44,-11],[37,9],[32,-21],[43,-9],[30,-33],[49,-29],[112,16],[85,63],[59,21],[40,39],[134,49],[90,37]],[[8108,23540],[-39,-51],[2,-25],[43,-85],[6,-48],[17,-35],[-16,-37],[39,3],[22,42],[37,14],[41,-18],[60,-99],[6,-32],[61,-35],[36,28],[53,2],[61,-36],[6,-72],[-17,-78],[21,-27],[64,15],[25,-26],[34,-59],[140,1],[17,21],[57,13],[-4,-75],[78,-76],[95,-18],[24,-15],[25,-51],[35,-15],[53,5],[33,-45],[42,1],[36,31],[46,23],[81,-9],[37,10],[29,-53],[28,-4],[41,15],[78,17],[76,-22],[26,20],[14,37],[-8,77],[-28,92],[27,63],[72,4],[36,-8],[94,-5],[88,6],[87,15],[51,21],[69,-48],[81,-68],[40,-56],[18,-47],[27,-21],[48,-15],[121,-20],[37,-20],[-1,-21],[45,-35],[9,-23],[70,-7],[70,5],[26,-20],[52,18],[104,53],[25,19],[24,43]],[[8108,23540],[18,73],[0,73],[-9,50],[19,32],[50,-1],[144,-23],[26,40],[-39,51],[-7,49],[-32,13],[-9,33],[15,19],[58,9],[4,32],[-53,31],[-17,35],[7,52],[19,42],[26,-16],[60,-11],[38,18],[55,-14],[19,-32],[53,-6],[11,50],[15,9],[71,-26],[31,7],[36,-17],[23,29],[24,90],[70,48],[0,31],[20,36],[-17,128],[-45,5],[16,79],[48,55],[2,26]],[[8858,24639],[-54,-16],[-15,18],[-11,104],[-34,53],[37,20],[16,35],[-4,38],[-39,7],[20,48],[19,93],[51,7],[-25,91],[-33,47],[52,73],[-3,37],[-37,12],[-30,45],[-11,51],[31,28],[82,50],[8,68],[-5,42],[-40,57],[-33,-2],[-45,34],[-10,25],[16,25],[-12,30],[4,41],[-22,20],[66,36],[67,-67],[1,37],[64,92],[94,46],[39,84],[39,17],[7,40],[39,44],[55,10],[316,16],[63,12],[58,20],[125,88],[35,7],[50,47],[42,59],[11,41],[36,26],[97,0],[75,-18],[68,-34],[68,-45],[6,-78],[76,-52],[128,-117],[80,-29],[113,-26],[43,-18],[34,-48],[24,-78],[45,-38],[66,-9],[71,32],[32,48],[32,-14]],[[8858,24639],[-35,-26],[-170,-58],[-78,-56],[-24,-42],[-73,-22],[-73,-1],[-138,-100],[-27,-6],[-51,10],[-72,45],[-9,39],[-31,14],[-44,-14],[-168,-133],[-40,-71],[-59,-1],[-72,-16],[-60,-29],[-57,5],[-88,45],[-77,87],[-48,30],[-14,37],[-1,88],[34,92],[6,38],[-30,40],[9,53],[-32,72],[-79,98],[-65,26],[-31,31],[-2,42],[31,78],[-3,25],[61,128],[30,19],[-1,42],[20,90],[-13,61],[-29,48],[-45,49],[-34,135],[-43,37],[-16,29],[-40,15],[-46,-36],[-35,34],[-31,-13],[-81,29],[-40,33],[-50,58],[-44,93],[-32,49],[-26,8],[-84,-47],[-28,-3],[-30,20],[-31,-6],[-57,-79],[-14,-8],[-89,3],[-49,16],[-92,56],[-60,84],[-1,99],[-43,116],[1,109],[-77,5],[-37,-6],[-66,-31],[-91,-59],[-60,5],[-64,54],[-18,-2],[-23,-66],[-62,-17],[-85,26],[-73,34],[-62,10]],[[5397,26280],[4,20],[-102,-15],[-59,15],[-147,73],[-121,82],[-188,117],[-38,6],[-65,-11],[-19,16],[-62,136],[-22,7],[-94,-39],[-36,12],[-41,31],[-69,-16],[-67,-3],[-11,-34],[-77,36],[-56,8],[-64,56],[-72,18],[-46,0],[-76,96],[-75,69],[-72,44],[-77,27],[-30,-40],[-18,-55],[-36,-54],[-49,-13],[-126,30],[-56,-1],[-47,-24],[-39,-52],[-34,-19],[-56,22],[-47,0],[-71,-34],[-82,-54],[-39,-35],[-32,-13],[-56,6],[-105,49],[-120,8],[-78,-53],[1,-71],[-40,-83],[-46,-35],[-47,2],[-112,45],[-116,14],[-33,-5]],[[2131,26566],[-70,-5],[-49,35],[-60,-5],[-50,42],[-63,0],[-47,51],[-33,68],[-34,44],[-4,84],[-30,31],[-18,64],[-114,100],[-131,138],[-29,89],[-25,108],[-72,60],[-35,84],[-43,70],[-20,76],[-37,37],[-51,18],[-96,-9],[-44,46],[-5,52],[24,57],[42,56],[143,137],[-11,57],[-24,31],[-83,82],[-61,94],[7,50],[96,99],[104,135],[26,55],[36,133],[19,148],[2,57],[-43,63],[-51,52],[-47,23],[20,63],[3,42],[-11,39],[21,31],[65,19],[44,-36],[33,5],[1,39],[-19,18],[-47,14],[-20,23],[1,70],[21,36],[46,48],[-6,36],[-59,23],[-17,44],[24,48],[56,50],[-15,42],[-47,-30],[-112,15],[-28,26],[-27,66],[-26,-13],[0,-59],[-50,-17],[-22,43],[-29,-5],[-58,35],[-64,8],[-3,56],[-45,17],[-124,93],[-39,9],[-37,-21],[-53,9],[-27,-6],[-55,-60],[-73,-14],[-113,77],[-21,27],[-35,110],[-30,33],[-64,4],[-68,31],[-41,66],[237,8],[68,18],[84,39],[165,31],[98,97],[79,11],[64,-23],[119,-1],[105,25],[191,-28],[87,-2],[29,6],[72,50],[95,30],[80,0],[159,28],[35,-2],[44,-18],[107,24],[64,55],[37,21],[68,-11],[27,-37],[65,-30],[107,-1],[19,-20],[-2,-86],[23,-29],[165,11],[58,11],[35,20],[119,87],[63,36],[60,47],[59,22],[78,80],[60,36],[38,36],[97,39],[83,6],[30,12],[44,69],[25,129],[25,64],[29,37],[59,47],[28,105],[7,74],[25,74],[16,107],[24,40],[58,40],[25,2],[47,-19],[89,16],[54,19],[44,-20],[49,7],[45,20],[66,6],[35,-33],[27,-9],[52,12],[28,65],[44,10],[27,26],[-3,79],[41,109],[60,60],[83,42],[111,43],[34,28],[14,30],[-6,35],[-25,34],[-102,63],[-46,19],[-110,-3],[-67,-22],[-110,17],[-62,16],[-10,21],[11,58],[32,27],[50,-11],[39,8],[49,55],[28,45],[35,98],[55,53],[103,44],[51,16],[61,-13],[60,5],[58,21],[70,-50],[34,9],[1,38],[-14,45],[20,50],[42,19],[94,-13],[36,3],[33,29],[7,51],[-37,70],[2,24],[37,36],[30,5],[104,-12],[51,-42],[20,-40],[40,-27],[50,-12],[48,1],[31,-23],[-6,-71],[33,-22],[74,28],[58,-7],[58,27],[33,-7],[53,-43],[105,-3],[56,-14],[108,44],[61,46],[71,91],[34,6],[4,-118],[27,-37],[-35,-42],[-55,-9],[-11,-23],[7,-57],[12,-20],[56,-9],[32,25],[24,-10],[18,-50],[42,-57],[24,-6],[53,-64],[25,11],[8,51],[32,-17],[79,-9],[47,-38],[16,-43],[-11,-30],[63,-26],[11,-20],[58,-8],[-15,-55],[33,-23],[15,48],[28,18],[42,-1],[-22,-36],[11,-20],[81,21],[24,-31],[84,19],[63,-7],[60,-19],[48,31],[90,8],[27,-30],[42,74],[30,-25],[31,19],[39,-21],[29,3],[76,-29],[13,17],[-26,31],[18,21],[33,-2],[7,36],[-30,8],[14,42],[-14,26],[65,47],[44,14],[-2,-42],[49,2],[39,-19],[37,12],[58,-33],[33,18],[3,-59],[57,28],[6,-48],[44,29],[9,-44],[62,-2],[31,-10],[-10,-28],[52,-18],[66,-7],[23,-22],[2,-39],[39,-47],[35,24],[49,1],[5,-51],[36,-14],[-3,-57],[33,-18],[7,-27],[46,-4],[43,-54],[-59,-55],[-32,-103],[10,-61],[-27,-42],[-9,-59],[26,-40],[66,9],[-14,-61],[17,-18],[-10,-31],[-45,-31],[-17,-34],[24,-36],[34,10],[86,-38],[50,-15],[40,-48],[22,-58],[70,-51],[109,18],[68,26],[19,-21],[51,20],[75,-19],[78,-51],[45,-53],[41,-24],[90,18],[34,31],[48,21],[2,-49],[37,-18],[34,26],[86,-16],[44,10],[62,-3],[71,15],[31,-6],[7,-49],[30,-37],[49,-8],[42,-74],[84,-74],[104,-3],[33,-27],[35,-51],[39,-94],[29,-27],[79,-35],[70,32],[6,28],[-9,61],[37,104],[7,87],[90,23],[53,53],[86,28],[29,38],[49,-29]],[[6355,23636],[45,28],[24,47],[23,98],[44,40],[19,31],[-16,85],[2,26],[34,52],[5,26],[-11,74],[-19,42],[-29,36],[-42,19],[-73,-25],[-50,42],[-40,87],[-50,44],[-15,30],[-45,12],[-43,30],[-70,86],[8,45],[-28,52],[19,20],[-29,43],[5,38],[32,84],[55,27],[-1,86],[-32,118],[-48,86],[-46,43],[-54,17],[-33,60],[-20,59],[-2,53],[13,48],[48,47],[-64,109],[-66,134],[-48,49],[-35,11],[-49,-14],[-58,-48],[-78,-1],[-52,-13],[-51,31],[-36,131],[-28,47],[-8,40],[2,62],[31,29],[33,3],[-31,238]],[[1605,24110],[-17,49],[-28,36],[-53,35],[-52,14],[-132,-1],[-15,12],[-18,97],[0,97],[-22,49],[12,82],[-32,63],[-15,88],[30,174],[-14,84],[26,15],[180,9],[106,53],[72,80],[112,13],[23,23],[48,17],[70,-6],[38,5],[73,26],[65,5],[58,53],[97,25],[53,65],[47,5],[3,42],[31,38],[-10,28],[-33,6],[-44,29],[-12,45],[41,32],[-61,53],[-71,-2],[-39,13],[-8,59],[-49,22],[-21,25],[24,86],[-12,46],[34,51],[-18,25],[13,62],[-18,89],[20,48],[51,21],[22,104],[45,60],[5,96],[-12,40],[-49,60],[-18,11]],[[13281,38482],[40,1],[42,19],[23,25],[42,7],[3,47],[21,69],[59,84],[16,34],[7,75],[-19,64],[-65,95],[14,82],[36,92],[-10,42],[-8,127],[30,47],[8,75],[51,-8],[65,-22],[7,-24],[54,-52],[-8,-38],[44,-29],[97,-19],[47,0],[61,26],[9,29],[42,73],[23,22],[107,49],[2,171],[-28,73],[-74,55],[-65,22],[-74,-4],[-58,-32],[-48,-15],[-63,3],[-78,40],[-41,60],[-24,88],[1,34],[73,-11],[32,17],[-1,73],[26,48],[64,32],[34,44],[16,42],[26,12],[48,-18],[118,-81],[61,16],[37,23],[-17,58],[76,65],[26,44],[71,16],[49,49],[182,3],[93,-31],[65,-56],[88,-39],[86,-12],[75,32],[36,2],[83,-54],[-12,-74],[29,-3],[49,-31],[82,-36],[23,24],[-68,33],[61,6],[33,-14],[20,-34],[-56,-63],[52,-15],[-12,-35],[61,-25],[-12,-42],[-104,-3],[33,-26],[-44,-64],[-31,21],[13,-72],[-28,11],[-22,54],[-23,-11],[10,-55],[-8,-55],[-3,-91],[98,-4],[65,-24],[-3,-74],[36,-52],[56,-3],[13,-63],[50,-36],[34,-3],[63,-23],[84,6],[76,23],[2,84],[49,19],[-10,-86],[29,-5],[5,69],[103,10],[-18,-41],[16,-70],[-25,-23],[2,-36],[-16,-26],[10,-42],[-30,-41],[81,-4],[13,21],[77,-13],[40,42],[67,17],[15,23],[53,21],[13,-24],[102,-17],[77,-24],[34,-29],[26,-5],[73,-43],[42,-117],[-55,-167],[-17,-69],[-10,-88],[21,-39],[72,0],[62,-8],[124,-52],[46,-9],[100,36],[56,2],[58,-28],[60,-43],[101,-21],[3,-39],[43,6],[400,167],[12,-24],[-75,-121],[-55,-48],[-14,-55],[-29,-15],[-34,33],[-18,-11],[-26,-92],[-27,-65],[-56,-36],[-76,7],[-83,45],[-87,-18],[-86,26],[-56,2],[-43,-52],[6,-55],[-74,-38],[-39,-8],[376,-523],[101,-142],[27,-55],[386,-446],[8,-43],[31,-46],[-24,-44],[-51,-13],[-47,-49],[-63,-51],[-95,-52],[-22,-70],[25,-85],[0,-33],[-21,-41],[8,-27],[41,4],[68,-17],[52,11],[99,64],[85,63],[37,-6],[37,-24],[15,-65],[27,-69],[1,-178],[55,20],[23,-9],[20,-46],[39,-1],[29,-23],[37,-10],[72,9],[32,25],[38,7],[-9,-38],[41,-5],[15,20],[131,-19],[59,57],[31,-31],[76,-42],[75,-14],[33,16],[43,-7],[45,30],[29,-7],[62,33],[16,-34],[-64,-66],[78,-22]],[[35804,14302],[40,-8],[64,7],[106,53],[54,68],[35,28],[55,25],[62,15],[40,21],[48,61],[43,35],[45,87],[27,30],[69,37],[54,127],[-4,54],[7,30],[50,47],[66,35],[65,64],[37,13],[26,30],[2,84],[38,44],[43,13],[48,28],[94,106],[16,40],[-3,53],[19,59],[46,46],[25,48],[-5,95],[-25,43],[-34,20],[-14,29],[21,81],[43,88],[10,61],[-33,72],[-17,77],[-18,46],[-36,55],[-32,71],[39,72],[95,60],[41,56],[73,47],[33,7],[67,71],[38,24],[137,59],[60,33],[102,123],[113,32],[41,47],[78,53],[37,17],[36,51],[62,31],[32,-1],[26,20],[52,-2],[29,31],[33,0],[39,32],[73,1],[39,53],[55,12],[45,53],[63,50],[-1,35],[30,8],[10,29],[-62,43],[-11,31],[44,85],[11,49],[27,19],[9,79],[51,52],[-4,41],[15,24],[36,8],[-8,27],[33,14],[9,38],[30,16],[-3,33],[35,1],[37,33],[6,48],[-11,21],[28,67],[-10,39],[51,11],[74,1],[20,60],[-7,21],[26,25],[0,45],[-26,-7],[-48,9],[-12,71],[33,14],[-3,102],[17,44],[-1,50],[-29,39],[22,50],[47,8],[20,23],[15,63],[-14,39],[-49,38],[-5,21],[45,47],[-11,31],[32,12],[-2,50],[33,35],[46,4],[10,39],[4,80],[-12,48],[-34,49],[4,44],[-33,57],[-63,53],[8,60],[-31,36],[-12,38],[-2,53],[-12,39],[36,18],[-12,53],[-8,84],[-30,11],[-48,61],[18,63],[-37,8],[26,37],[-17,63],[-43,28],[-34,8],[-19,43],[-52,20],[9,24],[-43,13],[-54,1],[-3,53],[32,-5],[-6,47],[-42,60],[-3,32],[35,39],[24,68],[-17,32],[11,76],[24,16],[57,100],[2,60],[14,29],[-27,22],[18,37],[-19,23],[8,32],[-36,26],[30,16],[1,60],[15,69],[22,0],[59,56],[10,32],[40,53],[0,27],[-69,38],[-68,61],[-28,5],[-8,27],[-47,13],[-15,95],[-64,52],[-1,34],[-35,44],[-19,78],[51,100],[7,44],[-23,89],[-30,70],[-28,85],[-76,207],[-213,287],[-158,181],[-113,136],[-67,108],[-37,86],[-39,167],[-12,79],[-42,87]],[[37728,23562],[394,-35],[625,-262],[305,-92],[-1,-168],[73,-31],[55,-58],[68,-59],[45,-60],[90,-32],[64,-15],[82,-35],[85,-48],[69,-21],[131,-115],[83,-153],[92,-106],[32,-50],[15,64],[51,128],[33,99],[87,10],[45,18],[52,57],[60,120],[-4,107],[219,228],[2,8]],[[40580,23061],[50,25],[58,-4],[2,-28],[55,1],[59,-12],[18,-34],[-24,-18],[38,-75],[25,-1],[152,350],[124,14],[0,-106],[98,2],[1,100],[300,37],[34,-44],[57,-11],[3,64],[17,11],[130,10],[280,-178],[61,331],[9,221],[80,367],[-46,221],[-161,195],[-68,91],[-38,39],[21,56],[-80,90],[-57,109],[-43,39],[20,24],[-5,103],[-32,78],[-77,23],[-113,53],[-39,56],[-42,46],[-99,68],[-131,-29],[-63,31],[-72,22],[-100,2],[-42,23],[-32,44],[-13,51],[47,92],[-38,65],[3,100],[-53,136],[-43,76],[-47,44],[-77,89],[-60,3],[-7,-19],[14,-43],[29,-38],[-31,-27],[-34,-1],[-53,-28],[-9,25],[8,51],[-44,-17],[26,-66],[-17,-52],[-24,-1],[-40,65],[-52,-10],[-25,15],[-19,73],[-29,-57],[-29,2],[-24,-26],[-48,-24],[-39,27],[-52,4],[47,64],[-31,29],[-34,-23],[-38,10],[-51,-44],[-39,-73],[-33,-10],[-32,-49],[-47,-4],[-24,31],[-30,-32],[-3,-29],[-37,11],[-9,50],[46,19],[-23,42],[-82,0],[-2,-49],[-31,-42],[-50,17],[-27,-15],[3,-35],[-27,-8],[-39,20],[19,-61],[-17,-19],[-49,-6],[21,-88],[-29,-33],[-32,-5],[-24,-40],[21,-38],[-43,-45],[-61,-31],[-74,-26]],[[39267,25464],[-59,-27],[-70,-14],[-30,8],[-31,31],[-1,24],[37,35],[-31,18],[-33,-21],[-30,20],[28,23],[65,19],[36,47],[-4,24],[-38,12],[-39,-48],[-28,10],[8,36],[-21,16],[-50,-30],[-5,51],[-43,25],[-21,-65],[-31,-19],[-55,22],[-30,43],[-51,2],[-40,26],[-35,6],[-52,-16],[-32,-28],[-1,-49],[-31,-1]],[[38549,25644],[123,411],[-16,46],[-39,56],[-60,46],[-70,68],[-14,25],[-4,99],[-50,147],[-13,64],[-105,56],[36,24],[22,41],[11,65],[-1,50],[-35,133],[-22,109],[18,60],[46,55],[60,39],[35,37],[27,48],[41,98],[21,117],[-7,103],[-35,61],[-13,43],[-3,110],[7,53],[-8,52],[-30,24],[-57,69],[-17,42],[-43,26],[-53,-18],[-62,34],[-57,8],[-105,-18],[-82,-32],[-61,-47],[-110,0],[-83,-31],[-79,0],[-46,-14],[-56,-63],[-46,-20],[-78,12],[-52,-12],[-23,-33]],[[39338,32379],[38,-38],[36,-76],[61,9],[42,35],[9,30],[34,34],[27,10],[25,31],[1,28],[-53,18],[-50,54],[23,35],[63,21],[25,38],[40,16],[27,45],[-33,42],[56,114],[-2,21],[-39,42],[-12,37],[19,61],[-32,50],[24,48],[60,13],[70,3],[27,23],[3,39],[23,5],[34,-27],[58,-5],[41,26],[33,3],[42,-16],[65,37],[17,50],[42,79],[57,41],[26,52],[36,-9],[11,57],[55,27],[-8,80],[53,24],[76,-26],[28,-41],[51,-16],[121,-75],[45,14],[11,83],[37,57],[23,104],[44,21],[17,22],[32,124],[12,19],[48,31],[73,-17],[33,3],[31,-35],[19,-1],[10,46],[-17,50],[32,42],[-11,50],[51,39],[51,-3],[59,24],[41,31],[44,17],[102,62],[25,78],[69,50],[-15,67],[32,5],[109,64],[34,30],[38,8],[45,30],[109,32],[61,53],[40,22],[64,15],[30,-8],[39,-36],[79,19],[3,30],[26,7],[37,102],[-8,18],[31,44],[182,123],[74,10],[71,53],[46,-6],[129,-75],[77,-19],[92,-4],[49,3],[106,39],[59,1],[27,-29],[59,21],[27,-1],[23,35],[2,97],[33,12],[-2,33],[39,3],[-6,45],[29,12],[-3,30],[38,20],[21,29],[41,16],[59,150],[-6,24],[-35,30],[-32,46],[20,54],[132,87],[116,61],[26,19],[33,-116],[-3,-183],[0,-249],[48,-134],[18,-105],[13,-29],[21,-96],[-53,-148],[11,-28],[32,-31],[102,-150],[9,-41],[-20,-56],[-52,-30],[-62,-100],[-22,-13],[-12,-40],[13,-54],[-30,-38],[-14,-67],[16,-61],[-23,-51],[-1,-30],[-24,-57],[-25,-16],[-28,-48],[4,-33],[31,-47],[12,-54],[-35,-60],[-18,-53],[-38,-34],[12,-53],[-10,-30],[-36,-48],[-6,-38],[47,-47],[-12,-38],[31,-24],[1,-29],[29,-14],[-8,-43],[64,3],[49,-35],[34,-40],[39,-24],[32,-72],[43,-57],[177,-186],[19,-44],[78,-71],[15,-40],[9,-68],[38,-50],[-8,-35],[-42,-52],[19,-76],[47,-30],[143,-117],[42,-6],[15,-50],[-24,-40],[3,-21],[43,-79],[5,-81],[-70,-59],[-124,-46],[-57,-40],[-17,-47],[-57,-43],[-30,-49],[-25,-17],[-69,-24],[-39,-61],[-50,-7],[-40,-19],[-30,-41],[-7,-74],[-27,-22],[3,-24],[80,-75],[80,-98],[22,-15],[56,-9],[96,-105],[64,-47],[62,-28],[313,-352],[55,19],[132,66],[43,34],[45,64],[24,0],[37,-29],[52,-24],[38,-1],[55,28],[69,52],[25,31],[25,7],[62,-19],[69,10],[80,26],[100,5],[100,-36],[88,-48],[63,-50],[104,-19],[33,-31],[16,-34],[17,-82],[-17,-97],[29,-48],[49,-102],[42,-27],[53,-14],[109,-40],[52,-38],[13,-43],[4,-116],[27,-75],[-23,-66],[-1,-31],[36,-57],[36,13],[73,61],[53,-2],[29,-21],[34,-52],[58,-9],[158,66],[102,55],[96,-11],[35,9],[56,35],[53,50],[106,-31],[89,19],[51,-6]],[[47475,29962],[-23,-127],[-59,-113],[-274,-232],[-148,-43],[-145,-26],[-122,-4],[-127,30],[-114,48],[-83,26],[-92,-35],[-105,-30],[-61,-117],[-75,-73],[-594,-159],[-108,-16],[47,-37],[-39,-64],[-58,-53],[-62,-23],[-11,-29],[-26,-13],[-76,-16],[22,-68],[-49,-29],[-332,-252],[-17,-19],[-37,-93],[-61,-64],[-5,-35],[-117,-21],[-41,-26],[-40,-46],[-2,-32],[-84,-215],[15,-17],[12,-53],[-27,-77],[-48,-36],[-49,-23],[-16,-31],[-4,-44],[-23,-24],[-362,469],[-72,-63],[-25,-4],[-44,-38],[-25,-65],[-47,-4],[-16,-26],[-54,-42],[8,-45],[-57,-71],[-50,-9],[-71,-26],[-11,-42],[-25,-42],[-62,-26],[-47,-29],[-23,-59],[-21,-9],[-5,-68],[-13,-20],[-56,-39],[-123,-108],[-9,-80],[-21,-29],[-48,-33],[-20,-29],[16,-110],[79,-63],[16,-30],[-9,-56],[7,-55],[28,-49],[78,-57],[61,-16],[54,-1],[10,17],[-10,52],[26,10],[30,-25],[30,3],[22,22],[0,99],[69,-16],[5,-33],[-17,-35],[-32,-30],[1,-25],[37,-15],[-9,-53],[58,-48],[14,-49],[44,-52],[-1,-53],[33,-132],[35,-17],[41,14],[71,-43],[42,-76],[-24,-37],[-10,-56],[-20,-44],[38,-10],[30,-56],[-6,-32],[34,-50],[-12,-42],[27,-32],[-24,-29],[50,-55],[92,-24],[14,22],[39,0],[29,-37],[27,36],[24,-45],[-53,-26],[-3,-21],[43,-11],[11,-54],[27,-4],[61,31],[38,0],[63,-29],[46,16],[23,-37],[27,-7],[50,-78],[34,9],[7,-80],[-75,-69],[0,-19],[45,-30],[2,-20],[-58,-31],[-30,-68],[14,-106],[29,-47],[55,-44],[40,-49],[25,28],[38,0],[50,22],[9,42],[32,-1],[25,-52],[48,17],[-7,39],[29,6],[10,-38],[70,-13],[-17,-57],[80,-16],[88,27],[23,15],[29,-35],[23,32],[61,1],[60,-26],[13,-20],[37,-9],[24,40],[39,-1],[-20,-36],[43,-8],[-15,-48],[85,-17],[-6,33],[44,47],[45,-36],[43,-3],[25,-49],[32,7],[105,-24],[41,-51],[9,-33],[35,15],[14,-24],[40,7],[30,-54],[70,44],[51,-8],[14,-37],[56,31],[-2,-37],[31,-67],[36,19],[74,-7],[5,33],[28,-2],[54,-36],[9,23],[108,82],[-57,143],[74,52],[-20,136],[-30,-2],[-135,214],[22,91],[32,165],[29,75],[49,52],[28,51],[9,53],[33,43],[80,48],[117,90],[34,39],[71,29],[42,63],[52,44],[18,50],[-20,142],[-133,130],[-28,46],[-27,77],[-45,53],[-24,55],[-104,106],[-43,65],[23,8],[77,-40],[59,-22],[48,-2],[31,46],[-20,50],[23,50],[-20,110],[22,25],[88,-6],[71,-27],[58,52],[43,-20],[0,-81],[7,-46],[28,-26],[74,22],[40,-8],[35,-40],[51,26],[48,48],[73,48],[43,18],[88,2],[55,-33],[54,-70],[8,-37],[0,-73],[17,-44],[35,-18],[113,-16],[117,2],[51,-7],[106,-54]],[[47894,26639],[-2,-22],[-33,-58],[1,-25],[29,-32],[87,-45],[15,-36],[2,-91],[30,-50],[66,-32],[62,-17],[27,-43],[-19,-79],[-30,-25],[-31,0],[-31,-19],[-18,-65],[-28,-33],[-52,-27],[-6,-73],[19,-91],[-14,-62],[-28,-32],[9,-61],[40,-43],[55,-33],[57,-19],[78,-82],[41,-15],[81,0],[93,-65],[73,-19],[58,-30],[68,-16],[54,5],[50,-11],[63,-49],[44,-18],[64,-10],[21,-26],[33,-8],[65,33],[79,7],[46,21],[21,58],[43,43],[75,17],[116,-2],[54,13],[60,-1],[91,13],[68,-9],[37,8],[29,23],[35,85],[66,39],[29,41],[84,89],[41,59],[9,29],[-5,54],[-25,86],[0,38],[82,152],[46,6],[31,-13],[101,-1],[54,-41],[62,-13],[28,-23],[17,-62],[44,-31],[19,-66],[31,-11],[51,34],[47,-21],[46,-60],[84,3],[59,57],[46,24],[31,36],[35,7],[63,-35],[75,-11],[78,20],[37,74],[21,1],[41,-34],[54,5],[107,29],[66,-1],[24,15],[10,86],[30,47],[30,29],[77,38],[82,84],[82,55],[58,102],[40,26],[31,-3],[71,-50],[30,-38],[25,-8],[46,38],[69,18],[33,-30],[48,-23],[23,-29],[17,-53],[31,-16],[143,-45],[54,-40],[18,-41],[-23,-130],[23,-38],[38,-27],[102,-29],[66,2],[-23,-35],[-12,-54],[10,-63],[15,-37],[-17,-18],[-60,-24],[-57,-83],[-62,-45],[-79,-83],[-90,-1],[101,-71],[178,-89],[72,-21],[68,-32],[114,11],[67,38],[42,38],[59,25],[99,21],[63,-3],[85,24],[48,-34],[41,-57],[-3,-25],[-30,-50],[-4,-35],[28,-18],[74,8],[71,-44],[4,-44],[-32,-38],[-84,-20],[-21,-12],[-37,-52],[-7,-48],[36,-90],[81,-113],[41,-48],[36,-64],[0,-1232],[1,-216],[77,-22],[68,22],[115,12],[165,7],[154,-8],[189,-19],[114,2],[126,-30],[230,-94],[78,-47],[81,-62],[74,-42],[96,-109],[113,-167],[60,-135],[59,-238],[21,-178],[-3,-95],[-26,-140],[-39,-153],[-27,-53],[-43,-64],[-115,-117],[-116,-88],[-96,-82],[-35,-22],[-331,-293],[-67,-85],[-68,-73],[-61,-44],[-29,-42],[-56,-61],[-83,-45],[-56,-68],[-65,-50],[-70,-38],[-86,-72],[-63,20],[-15,-30],[28,-28],[154,-34],[79,-9],[135,40],[92,1],[99,11],[35,-20],[-9,-34],[28,-42],[91,45],[52,43],[44,-7],[40,28],[71,29],[55,45],[42,-1],[64,-75],[15,-62],[61,-13],[13,-20],[55,8],[25,19],[40,61],[28,22],[19,35],[39,4],[9,-44],[-41,-87],[2,-26],[113,-69],[106,-23],[-12,-53],[11,-29],[-20,-35],[-96,-37],[-94,-52],[-3,-20],[26,-33],[49,-18],[-2,-20],[-44,-16],[-81,-4],[-85,26],[-42,-55],[-7,-43],[-25,-78],[17,-33],[41,-24],[98,-23],[8,-20],[-23,-30],[10,-35],[37,-13],[-5,-46],[54,-14],[10,-41],[-18,-26],[-42,-17],[-38,6],[-93,47],[-125,10],[-21,-15],[-19,-47],[3,-28],[49,-46],[74,-12],[24,-18],[-6,-73],[-24,-36],[-65,-69],[-6,-39],[28,-12],[110,10],[48,-48],[0,-47],[18,-19],[101,45],[25,-11],[23,-45],[20,35],[45,5],[21,91],[41,34],[71,35],[72,-6],[65,9],[27,14],[-12,32],[19,28],[60,-16],[44,-2],[10,-24],[-46,-53],[0,-38],[50,-10],[38,16],[17,-40],[-33,-35],[-6,-35],[13,-57],[8,-101],[-14,-49],[15,-21],[56,7],[50,-28],[32,-32],[57,-8],[12,-56],[22,-23],[5,-59],[-60,-34],[-13,-29],[2,-59],[24,-62],[7,-41],[-8,-45],[-47,-74],[-4,-149],[-35,-53],[-78,-39],[-46,-36],[-86,-36],[-55,-33],[-13,-22],[12,-65],[46,-62],[12,-66],[48,-54],[97,-45],[27,-49],[-8,-36],[-78,-47],[-69,7],[-42,-12],[-34,-30],[-46,-118],[-38,-82],[-55,-56],[-43,-27],[-65,-14],[-19,-19],[-42,-80],[-38,-43],[-179,-127],[-61,-37],[-36,6],[-44,24],[-33,-39],[-50,-8],[-56,12],[-34,62],[-42,4],[-69,-45],[-38,-8],[-52,8],[-64,-12],[-69,-30],[-127,-36],[-44,30],[18,58],[-5,35],[-40,20],[-28,-2],[-116,-54],[-59,-7],[-34,9],[-13,43],[23,52],[9,81],[15,27],[74,45],[16,19],[-14,49],[-23,24],[-59,2],[-39,-29],[-40,-12],[-94,5],[-27,-6],[-122,-52],[-157,-54],[-106,7],[-85,-12],[-33,6],[-23,25],[-33,85],[-54,16],[-127,24],[-80,-2],[-38,-20],[-54,-69],[-153,-53],[-85,-48],[-61,-10],[-51,-28],[-34,-34],[-75,-57],[-24,-41],[-49,-53],[-78,-52],[-22,-70],[-44,-80],[-48,-16],[-47,22],[-26,33],[-50,12],[-70,-4],[-95,-35],[-102,-60],[-62,-46],[-106,-52],[-92,-20],[-108,-8],[-42,-21],[-67,-78],[-149,-84],[-82,-68],[-46,-63],[-30,-21],[-169,-47],[-51,2],[-66,19],[-145,-10],[-38,-18],[-22,-96],[-77,-68],[-139,-67],[-138,-39],[-64,-8],[-112,-1],[-83,14],[-80,25],[-55,9],[-83,-2],[-86,15],[-87,34],[-153,50],[-215,96],[-121,17],[-54,-22],[-66,-111],[-29,-27],[-90,-40],[-99,-66],[-87,-75],[-47,-68],[31,-44],[8,-36],[-8,-41],[-46,-59],[-32,-73],[-33,-37],[-42,-19],[-93,-26],[-65,-28],[-68,-42],[-59,8],[-32,-7],[-88,-66],[-33,-14],[-91,-10],[-87,-26],[-179,-31],[-77,-4],[-48,7],[-135,30],[-229,-26],[-59,-9],[-41,-22],[-38,-57],[-64,-29],[-193,-30],[-43,23],[-12,29],[2,47],[-11,28],[-39,33],[-119,56],[-21,26],[10,47],[112,73],[86,23],[121,-15],[42,17],[62,48],[61,75],[13,25],[-7,39],[-32,18],[-62,-2],[-24,12],[-86,86],[-20,37],[2,28],[30,54],[37,37],[0,33],[-53,111],[-83,81],[-39,27],[-14,44],[36,81],[5,29],[-18,43],[-31,30],[-49,16],[-46,-8],[-31,-22],[-57,-87],[-27,-80],[-34,-32],[-27,-1],[-55,28],[-50,-9],[-38,-82],[-62,-58],[-55,-10],[-51,13],[-29,31],[-31,56],[-58,11],[-56,-20],[-76,-81],[-70,-55],[-34,1],[-29,55],[1,37],[53,90],[-10,29],[-79,-19],[-31,28],[-28,68],[-27,17],[-25,-16],[-14,-43],[-21,-119],[-15,-38],[-62,-86],[-31,-104],[-80,-53],[-12,-31],[9,-43],[-22,-93],[-47,-29],[-181,22],[-19,-6],[-26,-55],[-29,-26],[-38,-5],[-75,29],[-106,-33],[-155,-36],[-108,-60],[-35,-12],[-17,-30],[-18,-69],[-32,-39],[-25,-56],[-36,-41],[-113,-64],[-85,-77],[-54,-38],[-27,2],[-38,39],[-19,48],[5,61],[-9,24],[-35,27],[-103,26],[-40,-3],[-86,-38],[-70,-12],[-61,-76],[-47,-4],[-53,38],[-85,71],[-68,-8],[-46,-44],[-60,-75],[-84,-68],[-23,-2],[-66,24],[-38,-24],[24,-107],[-20,-34],[-53,-42],[-12,-115],[-6,-203],[-6,-21],[-43,-13],[-108,33],[-75,40],[-97,10],[-74,-20],[-58,-44],[-67,-60],[-53,-70],[12,-44],[-15,-41],[-9,-59],[-49,-58],[-74,-103],[-65,-33],[-43,3],[-31,20],[-39,47],[-28,8],[-96,-24],[-36,16],[-60,79],[-81,4],[-70,18],[-49,-23],[-90,-17],[-46,4],[-40,27],[-11,24],[12,30],[-9,56],[3,41],[18,52],[4,69],[-37,137],[-26,45],[-55,44],[-57,16],[-75,-31],[-127,-68],[-35,-34],[-30,-13],[-47,-1],[-60,30],[-60,42],[-45,21],[-42,36],[-24,49],[-29,20],[-96,-13],[-23,14],[1,32],[-22,79],[-20,37],[-45,29],[-85,9],[-131,-33],[-63,1],[-32,11],[-82,-4],[-30,15],[-34,41],[-79,44],[-50,-2],[-43,-28],[-52,-98],[-44,-71],[-11,-93],[-24,-28],[-52,-9],[-30,-19],[-62,-63],[-11,-29],[-4,-84],[-45,-44],[-65,-14],[-7,-55],[24,-177],[38,-66],[-11,-73],[-32,-49],[-6,-35],[-35,-48],[-20,-69],[-21,-23],[-80,-52],[-136,-63],[-88,-20],[-18,-17],[-3,-37],[33,-68],[-20,-80],[-52,-54],[-26,-46],[-38,-39],[-62,-45],[-52,-47],[-98,36],[-37,-7],[-44,-24],[-54,6],[-29,30],[-226,67],[-85,-25],[-65,14],[-39,-16],[-29,-85],[-158,-95],[-36,-37]],[[47475,29962],[53,-22],[59,6],[78,33],[44,11],[104,39],[27,-7],[39,-53],[21,-12],[122,0],[745,-668],[28,-63],[20,-23],[45,-76],[45,-63],[5,-48],[44,-65],[36,-37],[47,-74],[-2,-33],[-24,-62],[15,-64],[-14,-42],[5,-31],[-7,-86],[20,-51],[26,-33],[56,-26],[19,-24],[-2,-52],[-39,-48],[-21,-51],[7,-22],[83,-130],[17,-56],[-23,-23],[-110,-12],[-91,-54],[-57,-24],[-148,-46],[-105,-73],[-79,11],[-26,-15],[-7,-37],[19,-71],[4,-58],[-14,-73],[-49,-79],[-9,-53],[7,-30],[-13,-70],[-38,-75],[9,-60],[-8,-128],[-31,-43],[-70,-20],[-80,-43],[-18,-17],[-45,-113],[-49,-49],[-42,6],[-64,40],[-38,84],[-53,8],[-32,-21],[-68,-78],[-19,-49],[9,-54],[56,-71]],[[40580,23061],[-63,35],[7,39],[-26,77],[-58,28],[-71,119],[7,20],[-46,54],[-14,50],[3,50],[29,4],[-3,85],[24,19],[-1,30],[56,32],[45,51],[-12,18],[26,33],[-2,78],[-23,17],[52,116],[-26,53],[-27,13],[-20,43],[0,31],[-44,24],[-31,71],[-54,26],[-39,-8],[-66,57],[-28,-8],[-63,46],[14,15],[-30,31],[-83,18],[-33,59],[-89,66],[-30,69],[-19,23],[-60,43],[-10,21],[10,103],[-14,44],[-81,101],[-49,29],[-76,82],[-19,57],[-63,57],[-36,14],[-10,-36],[-34,17],[-40,-2],[-37,18],[-32,-55],[-11,38],[-45,25],[-52,111],[-2,64],[45,56],[41,32]],[[37728,23562],[-37,41],[-83,73],[-2,93],[-35,24],[-22,31],[56,73],[7,40],[52,85],[21,50],[26,4],[20,39],[2,36],[46,39],[-4,37],[-22,29],[-30,11],[31,37],[17,49],[29,1],[48,45],[-4,89],[-64,1],[-36,49],[7,49],[-28,24],[21,30],[-9,35],[-3,87],[20,75],[-9,45],[17,27],[60,41],[59,-9],[21,-31],[48,23],[115,1],[122,7],[49,31],[6,60],[-7,60],[3,55],[18,24],[5,49],[57,4],[48,39],[-31,13],[-4,47],[37,90],[48,-28],[47,83],[15,-4],[28,-50],[26,35],[31,-8],[21,23],[-11,51],[46,6],[-14,27],[-39,20],[27,23],[-42,19],[0,33]],[[35489,15153],[47,17],[25,22],[-34,107],[2,25],[60,54],[2,29],[-28,47],[-2,81],[23,64],[-21,49],[21,69],[-12,26],[-5,59],[-20,60],[-26,45],[56,58],[7,29],[-26,67],[27,53],[58,22],[11,37],[-6,58],[-1,108],[21,54],[27,29],[-2,27],[-61,70],[-87,27],[-64,-1],[-24,-13],[-11,-47],[18,-102],[2,-52],[-16,-59],[-42,-51],[-60,-29]]],"transform":{"scale":[2.0486396869498114,2.0790104816545805],"translate":[291922.04340979055,7343710.805974472]},"objects":{"amc75_s":{"type":"GeometryCollection","geometries":[{"arcs":[[0,1,2,3,4,5,6,7,8,9,10,11,12,13,14,15,16,17,18],[19]],"type":"Polygon","properties":{"codigo":"1","nome":"AMC 1"},"id":"1"},{"arcs":[[-20]],"type":"Polygon","properties":{"codigo":"2","nome":"AMC 2"},"id":"2"},{"arcs":[[-1,20]],"type":"Polygon","properties":{"codigo":"3","nome":"AMC 3"},"id":"3"},{"arcs":[[-5,21,22,23]],"type":"Polygon","properties":{"codigo":"4","nome":"AMC 4"},"id":"4"},{"arcs":[[-6,-24,24,25,26,27,-7]],"type":"Polygon","properties":{"codigo":"5","nome":"AMC 5"},"id":"5"},{"arcs":[[-8,-28,28]],"type":"Polygon","properties":{"codigo":"6","nome":"AMC 6"},"id":"6"},{"arcs":[[-19,29,30,31,32,33,34,-2,-21]],"type":"Polygon","properties":{"codigo":"7","nome":"AMC 7"},"id":"7"},{"arcs":[[-26,35,36,37,38,39,40,41,42,43,44,45,46,47,48]],"type":"Polygon","properties":{"codigo":"8","nome":"AMC 8"},"id":"8"},{"arcs":[[-9,-29,-27,-49,49,50,51]],"type":"Polygon","properties":{"codigo":"9","nome":"AMC 9"},"id":"9"},{"arcs":[[-10,-52,52,53]],"type":"Polygon","properties":{"codigo":"10","nome":"AMC 10"},"id":"10"},{"arcs":[[-11,-54,54,55,56,57,58]],"type":"Polygon","properties":{"codigo":"11","nome":"AMC 11"},"id":"11"},{"arcs":[[-12,-59,59,60,61]],"type":"Polygon","properties":{"codigo":"12","nome":"AMC 12"},"id":"12"},{"arcs":[[-62,62,63,64,65,66,67,68,69,70,71,-13]],"type":"Polygon","properties":{"codigo":"13","nome":"AMC 13"},"id":"13"},{"arcs":[[-3,-35,72,73,74]],"type":"Polygon","properties":{"codigo":"14","nome":"AMC 14"},"id":"14"},{"arcs":[[-4,-75,75,76,77,78,-22]],"type":"Polygon","properties":{"codigo":"15","nome":"AMC 15"},"id":"15"},{"arcs":[[-23,-79,79,-77,80,81,82,83,-40,84,85,86,-25]],"type":"Polygon","properties":{"codigo":"16","nome":"AMC 16"},"id":"16"},{"arcs":[[-36,-87,87]],"type":"Polygon","properties":{"codigo":"17","nome":"AMC 17"},"id":"17"},{"arcs":[[-51,88,-55,-53]],"type":"Polygon","properties":{"codigo":"18","nome":"AMC 18"},"id":"18"},{"arcs":[[-14,-72,89,90,91,92,93,94,95,96,97]],"type":"Polygon","properties":{"codigo":"19","nome":"AMC 19"},"id":"19"},{"arcs":[[-15,-98,98]],"type":"Polygon","properties":{"codigo":"20","nome":"AMC 20"},"id":"20"},{"arcs":[[-34,99,100,101,-73]],"type":"Polygon","properties":{"codigo":"21","nome":"AMC 21"},"id":"21"},{"arcs":[[-74,-102,102,-81,-76]],"type":"Polygon","properties":{"codigo":"22","nome":"AMC 22"},"id":"22"},{"arcs":[[-78,-80]],"type":"Polygon","properties":{"codigo":"23","nome":"AMC 23"},"id":"23"},{"arcs":[[-37,-88,-86,103,104]],"type":"Polygon","properties":{"codigo":"24","nome":"AMC 24"},"id":"24"},{"arcs":[[-48,105,106,-56,-89,-50]],"type":"Polygon","properties":{"codigo":"25","nome":"AMC 25"},"id":"25"},{"arcs":[[-57,-107,107,108,109,110,111,-66,112]],"type":"Polygon","properties":{"codigo":"26","nome":"AMC 26"},"id":"26"},{"arcs":[[-58,-113,-65,113,114,-60]],"type":"Polygon","properties":{"codigo":"27","nome":"AMC 27"},"id":"27"},{"arcs":[[-17,115,116,117,118,119,120,121,-31,122]],"type":"Polygon","properties":{"codigo":"28","nome":"AMC 28"},"id":"28"},{"arcs":[[-18,-123,-30]],"type":"Polygon","properties":{"codigo":"29","nome":"AMC 29"},"id":"29"},{"arcs":[[-32,-122,123,124,125,126,127,128,129]],"type":"Polygon","properties":{"codigo":"30","nome":"AMC 30"},"id":"30"},{"arcs":[[-33,-130,130,131,132,-100]],"type":"Polygon","properties":{"codigo":"31","nome":"AMC 31"},"id":"31"},{"arcs":[[-132,133,134,135]],"type":"Polygon","properties":{"codigo":"32","nome":"AMC 32"},"id":"32"},{"arcs":[[-82,-103,-101,-133,-136,136]],"type":"Polygon","properties":{"codigo":"33","nome":"AMC 33"},"id":"33"},{"arcs":[[-39,137,-104,-85]],"type":"Polygon","properties":{"codigo":"34","nome":"AMC 34"},"id":"34"},{"arcs":[[-47,138,-108,-106]],"type":"Polygon","properties":{"codigo":"35","nome":"AMC 35"},"id":"35"},{"arcs":[[-64,139,-114]],"type":"Polygon","properties":{"codigo":"36","nome":"AMC 36"},"id":"36"},{"arcs":[[-61,-115,-140,-63]],"type":"Polygon","properties":{"codigo":"37","nome":"AMC 37"},"id":"37"},{"arcs":[[-16,-99,-97,140,141]],"type":"Polygon","properties":{"codigo":"38","nome":"AMC 38"},"id":"38"},{"arcs":[[-116,-142,142]],"type":"Polygon","properties":{"codigo":"39","nome":"AMC 39"},"id":"39"},{"arcs":[[-129,143,144,145,-134,-131]],"type":"Polygon","properties":{"codigo":"40","nome":"AMC 40"},"id":"40"},{"arcs":[[-83,-137,-135,-146,146,147]],"type":"Polygon","properties":{"codigo":"41","nome":"AMC 41"},"id":"41"},{"arcs":[[-38,-105,-138]],"type":"Polygon","properties":{"codigo":"42","nome":"AMC 42"},"id":"42"},{"arcs":[[-46,148,149,-109,-139]],"type":"Polygon","properties":{"codigo":"43","nome":"AMC 43"},"id":"43"},{"arcs":[[-67,-112,150,151,152]],"type":"Polygon","properties":{"codigo":"44","nome":"AMC 44"},"id":"44"},{"arcs":[[-71,153,154,-90]],"type":"Polygon","properties":{"codigo":"45","nome":"AMC 45"},"id":"45"},{"arcs":[[-96,155,-117,-143,-141]],"type":"Polygon","properties":{"codigo":"46","nome":"AMC 46"},"id":"46"},{"arcs":[[-121,156,-124]],"type":"Polygon","properties":{"codigo":"47","nome":"AMC 47"},"id":"47"},{"arcs":[[-127,157,158,159]],"type":"Polygon","properties":{"codigo":"48","nome":"AMC 48"},"id":"48"},{"arcs":[[-128,-160,160,161,-144]],"type":"Polygon","properties":{"codigo":"49","nome":"AMC 49"},"id":"49"},{"arcs":[[-161,162,163,164,165]],"type":"Polygon","properties":{"codigo":"50","nome":"AMC 50"},"id":"50"},{"arcs":[[-145,-162,-166,166,-147]],"type":"Polygon","properties":{"codigo":"51","nome":"AMC 51"},"id":"51"},{"arcs":[[-41,-84,-148,-167,-165,167,168]],"type":"Polygon","properties":{"codigo":"52","nome":"AMC 52"},"id":"52"},{"arcs":[[169,170,171,-44]],"type":"Polygon","properties":{"codigo":"53","nome":"AMC 53"},"id":"53"},{"arcs":[[-110,-150,172,173,174]],"type":"Polygon","properties":{"codigo":"54","nome":"AMC 54"},"id":"54"},{"arcs":[[-111,-175,175,176,177,178,179,-151]],"type":"Polygon","properties":{"codigo":"55","nome":"AMC 55"},"id":"55"},{"arcs":[[-69,180,-152,-180,181]],"type":"Polygon","properties":{"codigo":"56","nome":"AMC 56"},"id":"56"},{"arcs":[[-68,-153,-181]],"type":"Polygon","properties":{"codigo":"57","nome":"AMC 57"},"id":"57"},{"arcs":[[-70,-182,-179,182,183,184,-154]],"type":"Polygon","properties":{"codigo":"58","nome":"AMC 58"},"id":"58"},{"arcs":[[-178,185,-183]],"type":"Polygon","properties":{"codigo":"59","nome":"AMC 59"},"id":"59"},{"arcs":[[-91,-155,-185,186,187]],"type":"Polygon","properties":{"codigo":"60","nome":"AMC 60"},"id":"60"},{"arcs":[[-119,188,189]],"type":"Polygon","properties":{"codigo":"61","nome":"AMC 61"},"id":"61"},{"arcs":[[-120,-190,190,191,-125,-157]],"type":"Polygon","properties":{"codigo":"62","nome":"AMC 62"},"id":"62"},{"arcs":[[-126,-192,192,193,-158]],"type":"Polygon","properties":{"codigo":"63","nome":"AMC 63"},"id":"63"},{"arcs":[[-159,-194,194,195,196,197,-163]],"type":"Polygon","properties":{"codigo":"64","nome":"AMC 64"},"id":"64"},{"arcs":[[-164,-198,198,199,-168]],"type":"Polygon","properties":{"codigo":"65","nome":"AMC 65"},"id":"65"},{"arcs":[[-42,-169,-200,200,201,202]],"type":"Polygon","properties":{"codigo":"66","nome":"AMC 66"},"id":"66"},{"arcs":[[-197,203,-201,-199]],"type":"Polygon","properties":{"codigo":"67","nome":"AMC 67"},"id":"67"},{"arcs":[[-196,204,-202,-204]],"type":"Polygon","properties":{"codigo":"68","nome":"AMC 68"},"id":"68"},{"arcs":[[-171,205]],"type":"Polygon","properties":{"codigo":"69","nome":"AMC 69"},"id":"69"},{"arcs":[[-94,206,207,208,209,210,-176,-174,211,212,213]],"type":"Polygon","properties":{"codigo":"70","nome":"AMC 70"},"id":"70"},{"arcs":[[-213,214]],"type":"Polygon","properties":{"codigo":"71","nome":"AMC 71"},"id":"71"},{"arcs":[[-209,215]],"type":"Polygon","properties":{"codigo":"72","nome":"AMC 72"},"id":"72"},{"arcs":[[-208,216,-210,-216]],"type":"Polygon","properties":{"codigo":"73","nome":"AMC 73"},"id":"73"},{"arcs":[[-93,217,-187,-184,-186,-177,-211,-217,-207]],"type":"Polygon","properties":{"codigo":"74","nome":"AMC 74"},"id":"74"},{"arcs":[[-92,-188,-218]],"type":"Polygon","properties":{"codigo":"75","nome":"AMC 75"},"id":"75"}]}}}