{"type":"Topology","arcs":[[[51089,54020],[-147,-218],[-67,-88],[-71,-72],[-48,-39],[-59,-56],[-56,-76],[-49,-90],[-103,-224],[-43,-95],[-33,-84],[-36,-96],[-25,-77],[-50,-161],[-44,-122],[-20,-65],[-19,-45],[-23,-42],[-31,-43],[-34,-41],[-49,-42],[-49,-32],[-93,-45],[-84,-23],[-57,0],[-47,0],[-46,-17],[-62,-49],[-148,-151],[-68,-62],[-689,-643],[-96,-93],[-76,-83],[-116,-122],[-83,-117],[-59,-101],[-45,-96],[-37,-101],[-19,-101],[-8,-81],[-7,-91],[-2,-68],[-46,-3940],[-1,-85],[-11,-65],[-20,-87],[-21,-53],[-55,-98],[-51,-55],[-51,-38],[-36,-22],[-154,-90],[-76,-52],[-32,-30],[-77,-88],[-40,-58],[-28,-51],[-20,-39],[-28,-67],[-104,-291],[-49,-155],[-194,-884],[-7,-77],[-24,-182]],[[47066,43661],[-1,-6]],[[47065,43655],[-3,-22]],[[47062,43633],[-1,-7]],[[47061,43626],[-8,-130],[-85,-1277],[0,-39],[6,-46],[31,-85],[14,-32],[13,-46],[35,-141],[49,-364],[17,-100],[38,-199],[12,-64],[8,-101],[-6,-58],[-20,-90],[-12,-35]],[[47153,40819],[-31,-89],[-64,-131],[-74,-102],[-57,-89],[-43,-98],[-34,-100],[-80,-227],[-24,-97],[-16,-102],[-16,-84],[-36,-115],[-93,-242],[-55,-123],[-64,-174],[-25,-98],[-15,-72],[-20,-148],[-15,-110],[-49,-301],[-49,-346],[-24,-197],[-8,-114],[-3,-152],[22,-338],[2,-112],[-11,-112],[-16,-124],[-97,-593],[-1,-118],[5,-119],[18,-107],[22,-73],[639,-1388],[68,-132],[61,-148],[26,-102],[10,-90],[1,-14]],[[47007,33938],[3,-74],[-7,-94],[-15,-86],[-32,-92],[-34,-113],[-41,-90],[-60,-94],[-48,-80],[-15,-51],[-10,-68],[-4,-89],[1,-971]],[[46745,32036],[1,-883],[-2,-101],[-8,-97],[-10,-87],[-18,-92],[-67,-279],[-24,-131],[-12,-120],[-3,-129],[3,-412],[-5,-174],[-10,-152],[-15,-135],[-359,-2387],[-25,-157],[-19,-158],[-33,-754],[9,-146],[39,-486],[4,-191],[-14,-785],[1,-95],[6,-101],[29,-472],[5,-72],[4,-59],[25,-214]],[[39373,41537],[91,-88],[116,-86],[39,-18],[89,-24],[58,2],[68,13],[134,-8],[180,-35],[129,-38],[125,-48],[354,-171],[134,-76],[26,-19],[77,-58],[292,-266],[64,-46],[60,-40],[91,-49],[851,-464],[62,-34],[47,-24],[50,-18],[111,-18],[49,1],[115,19],[160,17],[68,-3],[68,-26],[48,-37],[15,-15]],[[43144,39880],[49,-51],[912,-1087],[405,-450],[539,-596],[764,-799],[37,-62],[21,-42],[74,-195],[29,-58],[63,-96],[27,-78],[24,-83],[30,-240],[20,-127],[20,-78],[27,-70],[325,-674],[469,-1055],[28,-101]],[[47007,33938],[81,-294],[54,-104],[112,-145],[213,-174],[98,-98]],[[47565,33123],[38,-38],[86,-81],[31,-49],[48,-74],[30,-51],[42,-44],[49,-31],[89,-38],[326,-97],[69,-3],[70,22],[51,19],[61,6],[85,-5],[84,-28],[125,-71],[195,-114],[87,-67],[68,-82],[48,-71],[75,-90],[50,-81],[78,-150],[175,-313],[41,-55],[44,-42],[65,-44],[87,-26],[92,-20],[102,-11],[120,-1],[119,6],[643,71],[75,16],[66,22],[67,22],[95,27],[82,15],[358,44],[85,30],[70,44],[94,98],[166,182],[312,338],[210,221],[59,60],[53,64],[59,90],[67,98],[111,172],[75,106],[45,58]],[[53087,33177],[3,4]],[[53090,33181],[12,15]],[[53102,33196],[66,81],[151,183],[73,72],[69,71],[61,73],[77,102],[80,98],[45,60],[63,84],[49,83],[112,238],[46,149],[39,131]],[[54033,34621],[10,32],[43,113]],[[42476,45368],[115,-13],[121,-23],[107,-34],[197,-79],[90,-68],[93,-101],[87,-118],[323,-555],[51,-81],[55,-59],[61,-51],[171,-130],[90,-67],[63,-59],[105,-118],[64,-73],[106,-111],[478,-502],[33,-35],[27,-35],[29,-41],[26,-54],[126,-273],[37,-67],[46,-54],[65,-48],[165,-72],[77,-41],[90,-63],[66,-69],[208,-249]],[[45848,42025],[19,-24],[44,-54],[37,-51],[37,-61],[127,-234],[28,-38],[29,-34],[60,-63],[354,-274],[285,-244],[65,-41],[128,-53],[92,-35]],[[47153,40819],[27,-11],[70,-19],[66,-3],[73,12],[87,19],[104,49],[131,65],[79,36],[73,31],[74,21],[510,115],[70,19],[137,42],[187,64],[96,32],[147,47],[112,33],[71,15],[96,14],[182,30],[39,5]],[[49584,41435],[6,1]],[[49590,41436],[6,1]],[[49596,41437],[45,7],[74,6],[65,7],[90,16],[66,19],[68,19],[65,25],[56,25],[143,41],[163,51],[288,77],[226,69],[1832,525],[778,220],[76,20],[76,17],[67,12],[105,25],[120,34],[565,155],[431,124],[59,23],[39,19],[106,56],[77,34],[68,22],[521,142],[185,47],[436,117],[681,204],[409,127],[843,245],[988,271],[1024,293],[51,12],[55,12],[58,2],[57,-3],[69,-8],[294,-43],[75,-8],[70,1],[73,9],[315,56],[98,16],[90,10],[151,15],[111,17],[75,14],[60,15],[56,21],[50,20],[49,23],[57,35],[52,34],[69,46],[550,370],[61,31],[62,23],[50,15],[52,12],[403,89],[52,11],[56,9],[62,1],[49,-2],[51,-8],[59,-12],[65,-20],[53,-24],[40,-21],[50,-32],[58,-44],[123,-105],[117,-108],[80,-70],[61,-59],[405,-354],[120,-100],[76,-61],[61,-54],[54,-57],[67,-79],[65,-68],[61,-54],[55,-38],[62,-33],[93,-31],[43,-12],[45,-7],[299,-36],[78,-10],[50,-2],[51,2],[143,13],[45,-1],[52,-10],[41,-13],[43,-23],[45,-30],[42,-39],[39,-50],[30,-48],[27,-58],[29,-79],[32,-106],[18,-54],[25,-64],[28,-59],[33,-57],[44,-67],[164,-204],[62,-62],[57,-44],[71,-40],[65,-27],[558,-158],[108,-26],[84,-8],[112,1],[93,9],[84,12],[88,20],[95,24],[247,70]],[[46936,43545],[-60,-107],[-28,-68],[-27,-74],[-41,-106],[-25,-85],[-32,-88],[-33,-84],[-35,-51],[-44,-44],[-237,-221],[-69,-69],[-457,-523]],[[45848,42025],[-283,-325],[-40,-61],[-28,-43],[-26,-34],[-49,-41],[-55,-18],[-49,-8],[-64,-18],[-51,-29],[-568,-260],[-38,-23],[-43,-27],[-59,-42],[-675,-520],[-77,-61],[-42,-38],[-67,-65],[-156,-141],[-46,-47],[-79,-98],[-209,-246]],[[43144,39880],[-9,-10],[-53,-56],[-74,-51],[-65,-25],[-88,-34],[-82,-40],[-50,-33],[-56,-47],[-99,-94],[-72,-74],[-38,-30],[-54,-37],[-131,-89],[-527,-433],[-104,-83],[-61,-57],[-95,-100],[-131,-137],[-34,-32],[-34,-29],[-119,-72],[-46,-20],[-50,-17],[-58,-11],[-97,-4],[-60,-23],[-92,-59],[-781,-473],[-77,-41],[-77,-44],[-80,-40],[-58,-25],[-63,-16],[-65,-10],[-58,0],[-100,7],[-180,39],[-59,22],[-53,26],[-37,28],[-146,84],[-77,23],[-105,13],[-122,2],[-246,-9],[-230,-12],[-81,-20],[-209,-97],[-26,-17]],[[37835,37623],[-16,-10]],[[37819,37613],[-55,-36],[-91,-77],[-151,-154],[-88,-111],[-74,-102],[-103,-144],[-128,-142],[-44,-64],[-84,-154],[-47,-122],[-35,-138],[-145,-906],[-32,-120],[-55,-154],[-56,-132],[-37,-64],[-61,-70],[-84,-70],[-104,-70],[-201,-122],[-160,-86],[-95,-74],[-46,-40],[-63,-37],[-74,-25],[-54,-6],[-82,-17],[-59,-21],[-60,-24],[-124,-66],[-449,-244],[-83,-47],[-61,-43],[-61,-55],[-239,-181],[-94,-79],[-81,-95],[-58,-96],[-114,-196],[-78,-120],[-39,-55],[-36,-40],[-47,-36],[-327,-204]],[[47568,33128],[-3,-5]],[[47565,33123],[-34,-52],[-43,-51],[-153,-187],[-28,-40],[-21,-36],[-16,-34],[-18,-54],[-74,-289],[-33,-74],[-40,-68],[-63,-72],[-66,-53],[-83,-46],[-58,-16],[-70,-14],[-20,-1]],[[46745,32036],[-61,-2],[-516,-9],[-62,1],[-69,6],[-955,94],[-85,3],[-79,-11],[-69,-6],[-57,3],[-222,29],[-69,4],[-85,4],[-83,-8],[-86,-20],[-69,-25],[-68,-41],[-72,-52],[-58,-52],[-48,-55],[-61,-70],[-63,-75],[-55,-70],[-227,-338],[-29,-48],[-30,-57],[-18,-45],[-16,-44],[-20,-44],[-65,-93],[-47,-74],[-19,-22],[-21,-18],[-36,-26],[-21,-17],[-35,-39],[-308,-454],[-158,-234],[-50,-63],[-47,-48],[-59,-63],[-62,-67],[-77,-82],[-33,-27],[-49,-32],[-56,-33],[-73,-35],[-582,-209],[-119,-47],[-81,-47],[-76,-57],[-70,-59],[-80,-86],[-45,-65],[-49,-80],[-245,-477],[-88,-150],[-39,-58],[-42,-70],[-44,-76],[-44,-85],[-38,-92],[-24,-78],[-35,-97],[-399,-826],[-30,-56],[-36,-62],[-30,-44],[-38,-43],[-39,-48],[-63,-111],[-56,-121],[-27,-68],[-29,-93],[-17,-64],[-27,-64],[-95,-188],[-24,-47],[-28,-43],[-27,-44],[-153,-277],[-28,-44],[-129,-187],[-70,-99],[-12,-16],[-15,-15],[-65,-60],[-15,-21],[-174,-280],[-31,-54],[-35,-74],[-269,-612],[-14,-31],[-17,-25],[-51,-69],[-14,-16],[-14,-23],[-56,-110],[-76,-192],[-84,-200],[-39,-114],[-18,-67],[-11,-62],[-13,-93],[-19,-89],[-19,-62],[-24,-63],[-569,-1127],[-68,-136],[-32,-42],[-40,-33],[-64,-29],[-548,-103],[-242,-47],[-39,-3],[-62,2],[-130,-2],[-39,-8],[-213,-40],[-69,-17],[-61,-21],[-46,-19],[-42,-11],[-99,-13]],[[35703,21322],[-19,-3]],[[35684,21319],[-290,-40],[-61,-8],[-67,-7],[-59,2],[-44,8],[-42,10],[-46,18],[-59,33],[-51,35],[-47,43],[-40,40],[-33,46],[-31,48],[-46,102],[-20,49],[-12,46],[-14,62],[-8,48],[-5,104],[11,682],[-1,96],[-4,83],[-8,79],[-8,52],[-22,77],[-30,73],[-33,50],[-33,47],[-43,42],[-41,31],[-56,29],[-62,23],[-226,59],[-95,24],[-66,9],[-73,8],[-116,8],[-52,11],[-63,19],[-82,37],[-43,26],[-42,35],[-36,40],[-33,45],[-24,43],[-18,44],[-18,47],[-19,75],[-27,164],[-17,71],[-23,84],[-26,73],[-33,68],[-31,51],[-40,55],[-49,47],[-47,32],[-69,34],[-52,12],[-46,3],[-42,-3],[-49,-7],[-50,-17],[-398,-225],[-62,-44],[-55,-54],[-31,-40],[-34,-42],[-66,-101],[-27,-53],[-28,-67],[-47,-131],[-41,-120],[-30,-69],[-36,-56],[-42,-44],[-111,-104],[-93,-83],[-113,-91],[-74,-46],[-50,-22],[-81,-28],[-56,-15],[-61,-9],[-74,-2],[-120,1],[-70,-1],[-61,-5],[-42,-9],[-56,-22],[-62,-38],[-73,-60],[-43,-42],[-51,-59],[-44,-58],[-31,-58],[-25,-79],[-34,-114],[-13,-60],[-19,-51],[-21,-50],[-31,-60],[-63,-91],[-53,-57],[-52,-53],[-98,-99],[-73,-76],[-60,-68],[-74,-94],[-69,-94],[-82,-118],[-62,-91],[-68,-120],[-78,-133],[-78,-146],[-32,-65],[-27,-52],[-186,-407]],[[53828,34672],[38,-27],[31,-16],[35,-12],[43,-5],[38,4],[20,5]],[[54033,34621],[646,142],[51,13],[44,18],[292,183],[82,35],[86,19],[75,7],[514,-4],[83,7],[537,79],[159,22],[44,10],[381,114],[58,8],[38,2],[40,-2],[47,-8],[37,-9],[557,-147],[65,-15],[71,-23],[57,-20],[375,-210],[89,-75],[73,-75],[358,-410],[59,-68],[38,-52],[29,-45],[267,-486],[22,-40],[34,-45],[24,-28],[195,-163],[51,-40],[54,-44],[81,-91],[239,-315],[41,-56],[22,-33],[31,-40],[129,-182],[62,-75],[41,-43],[72,-62],[60,-32],[601,-253],[74,-30],[65,-30],[52,-28],[45,-33],[45,-38],[88,-82],[71,-69],[44,-42],[63,-50],[29,-20],[49,-22],[65,-20],[40,-9],[50,-7],[70,-13],[452,-90],[46,-5],[34,-2],[194,11],[47,2],[41,-3],[33,-3],[33,-6],[25,-6],[25,-8],[67,-19],[71,-16],[68,-14],[57,-4],[58,-6],[57,-9],[140,-40],[25,-8],[98,-23],[31,-13],[28,-18],[153,-141],[19,-17],[23,-12],[32,-10],[25,-3],[26,6],[27,11],[21,1],[19,-4],[15,-6],[15,-8],[10,-12],[150,-253],[55,-102],[27,-63],[66,-154],[39,-76],[22,-34],[27,-30],[205,-198],[25,-29],[26,-52],[15,-58],[1,-53],[-4,-42],[-9,-44],[-10,-54],[-7,-33],[-2,-51],[11,-68],[127,-305],[31,-42],[32,-42],[42,-42],[44,-22],[42,-5],[42,9],[411,107],[83,20],[68,3],[125,-8],[41,7],[35,23],[28,23],[25,27],[18,26],[39,79],[26,33],[38,26],[48,17],[46,5],[37,-6],[66,-23],[49,-15],[54,-2],[68,16],[69,14],[53,11],[50,4],[49,0],[96,-18],[35,-1],[48,8],[24,13],[19,15],[16,15],[21,24],[15,20],[212,272],[70,83],[27,25],[24,10],[34,14],[31,8],[45,-2],[39,-10],[36,-19],[38,-29],[30,-34],[24,-34],[20,-53],[15,-62],[26,-79],[26,-38],[44,-35],[38,-14],[42,-6],[70,0],[61,-6],[155,-26],[76,-1],[61,13],[53,16],[278,96],[56,27],[44,31],[42,62],[27,54],[36,68],[36,64],[54,66],[153,132],[34,47],[27,56],[44,248],[8,43],[19,50],[22,41],[63,105],[27,63],[19,85],[80,674],[18,122],[28,111],[56,127],[50,77],[50,67]],[[27722,44991],[66,-66],[64,-62],[52,-50],[20,-22],[63,-62],[56,-50],[52,-50],[89,-86],[78,-80],[41,-42],[45,-47],[115,-118],[36,-36],[23,-24],[34,-30],[17,-15],[32,-24],[17,-11],[27,-17],[27,-16],[90,-43],[302,-144],[139,-66],[23,-11],[26,-10],[30,-10],[33,-7],[34,-3],[33,1],[38,5],[35,11],[33,13],[18,10],[18,10],[17,12],[17,13],[20,17],[22,22],[20,23],[17,22],[57,75],[267,355],[33,46],[18,23],[24,29],[19,22],[25,23],[20,16],[17,12],[25,14],[97,54],[47,25],[34,14],[17,5],[29,7],[14,2],[30,2],[30,-1],[34,-4],[17,-5],[35,-12],[20,-9],[19,-10],[19,-11],[93,-60],[144,-94]],[[30825,44466],[100,-66],[44,-28],[38,-21],[22,-10],[21,-9],[42,-15],[38,-11],[47,-9],[23,-4],[513,-66],[45,-5],[18,-4],[35,-11],[34,-15],[29,-17],[30,-23],[29,-28],[14,-16],[26,-33],[22,-38],[11,-19],[17,-41],[14,-44],[50,-181],[46,-167],[32,-114],[11,-37],[12,-34],[12,-30],[16,-34],[16,-33],[17,-29],[27,-40],[27,-35],[115,-137],[65,-78],[123,-146],[39,-47],[62,-73],[209,-249],[289,-343],[74,-88],[61,-72],[77,-89],[119,-135],[38,-43],[77,-90],[156,-180],[16,-19],[28,-35],[36,-43],[45,-59],[47,-55],[47,-66],[35,-44],[13,-15],[20,-22],[28,-27],[30,-25],[22,-16],[24,-16],[146,-96],[151,-98],[228,-149],[239,-156],[141,-91],[165,-108],[500,-326],[162,-106],[164,-107],[47,-31],[69,-46],[47,-33],[92,-64],[41,-29],[285,-206],[40,-29],[25,-15],[23,-14],[48,-26],[97,-51],[48,-27],[47,-28],[24,-16],[40,-27],[37,-28],[22,-17],[46,-38],[40,-36],[39,-40],[41,-44],[38,-44],[36,-45],[18,-24],[35,-51],[16,-25],[33,-53],[32,-58],[15,-27],[28,-56],[26,-60],[24,-61],[22,-61],[40,-125],[19,-62],[16,-65],[17,-66],[9,-34],[61,-222],[42,-153]],[[37819,37613],[14,-47],[9,-32],[29,-93],[18,-62],[43,-158],[9,-31],[19,-63],[49,-155],[20,-61],[12,-30],[12,-30],[14,-28],[15,-28],[15,-25],[19,-29],[17,-22],[19,-23],[19,-21],[22,-21],[39,-37],[22,-18],[59,-48],[24,-21],[23,-23],[20,-21],[23,-26],[63,-77],[100,-122],[24,-31],[24,-31],[24,-36],[34,-57],[33,-58],[30,-60],[13,-25],[28,-61],[14,-34],[115,-268],[26,-61],[26,-60],[91,-212],[53,-122],[115,-267],[36,-87],[24,-61],[35,-90],[31,-83],[10,-29],[17,-52],[9,-35],[8,-31],[8,-35],[8,-47],[9,-61],[6,-55],[5,-55],[2,-29],[2,-53],[2,-62],[-1,-59],[-2,-36],[-2,-33],[-6,-51],[-4,-32],[-9,-49],[-10,-47],[-40,-177],[-17,-72],[-62,-243],[-12,-45],[-20,-80],[-4,-16],[-17,-68],[-9,-49],[-5,-33],[-4,-33],[-3,-33],[-4,-50],[-1,-33],[0,-34],[0,-50],[3,-70],[2,-83],[0,-51],[-3,-50],[-2,-34],[-3,-29],[-6,-41],[-4,-24],[-9,-44],[-7,-32],[-10,-36],[-10,-34],[-15,-47],[-9,-23],[-15,-38],[-16,-35],[-18,-38],[-17,-33],[-74,-142],[-28,-56],[-17,-35],[-25,-56],[-9,-25],[-19,-54],[-13,-43],[-11,-41],[-20,-78],[-9,-41],[-16,-62],[-16,-61],[-42,-154],[-19,-73],[-29,-119],[-47,-193],[-39,-158],[-16,-65],[-14,-63],[-17,-81],[-13,-68],[-11,-65],[-11,-68],[-64,-435],[-31,-210],[-52,-348],[-23,-159],[-49,-334],[-11,-65],[-7,-32],[-7,-29],[-18,-60],[-30,-97],[-9,-31],[-9,-33],[-7,-30],[-6,-34],[-5,-33],[-3,-33],[-10,-132],[-4,-33],[-5,-33],[-6,-32],[-5,-23],[-11,-41],[-10,-31],[-17,-45],[-19,-43],[-13,-29],[-15,-28],[-29,-53],[-17,-28],[-33,-51],[-36,-49],[-35,-45],[-41,-50],[-18,-20],[-28,-29],[-30,-28],[-27,-23],[-23,-18],[-24,-18],[-47,-33],[-26,-16],[-26,-14],[-27,-14],[-25,-12],[-53,-24],[-110,-50],[-174,-78],[-49,-23],[-49,-25],[-49,-30],[-25,-15],[-44,-31],[-27,-20],[-47,-37],[-36,-32],[-23,-21],[-38,-38],[-21,-22],[-38,-43],[-18,-21],[-37,-48],[-21,-28],[-36,-53],[-187,-280],[-91,-138],[-68,-105],[-104,-157],[-46,-69],[-44,-66],[-90,-135],[-127,-192],[-21,-32],[-21,-31],[-263,-397],[-136,-205],[-101,-151],[-112,-168],[-105,-159],[-34,-52],[-17,-27],[-20,-32],[-29,-52],[-18,-34],[-17,-33],[-29,-63],[-14,-34],[-18,-43],[-22,-61],[-13,-35],[-75,-226],[-12,-37],[-10,-33],[-9,-33],[-8,-36],[-6,-34],[-6,-38],[-4,-34],[-3,-36],[-1,-25],[-1,-35],[1,-39],[2,-42],[4,-38],[4,-35],[34,-233],[12,-75],[6,-36],[6,-33],[8,-35],[9,-33],[25,-87],[10,-31],[6,-13],[16,-40],[30,-66],[17,-32],[18,-33],[16,-27],[55,-86],[12,-18],[86,-136],[68,-110],[64,-96],[120,-189],[60,-94],[13,-21],[27,-45],[86,-148],[15,-24],[27,-42]],[[35684,21319],[29,-47],[30,-45],[31,-42],[35,-44],[38,-42],[23,-24],[22,-21],[45,-40],[45,-39],[88,-71],[68,-59],[168,-144],[19,-17],[44,-40],[45,-43],[44,-45],[22,-23],[44,-48],[41,-48],[40,-51],[21,-26],[37,-50],[38,-52],[21,-32],[36,-55],[15,-25],[16,-27],[15,-28],[13,-29],[13,-29],[12,-30],[22,-60],[63,-172],[33,-86],[13,-30],[14,-31],[14,-28],[21,-40],[18,-31],[71,-117],[34,-57],[31,-59],[15,-29],[30,-66],[85,-189],[123,-277],[60,-134],[14,-31],[142,-319],[26,-58],[28,-57],[60,-123],[47,-98],[41,-89],[23,-52]],[[37870,17770],[44,-99],[76,-171],[41,-91],[15,-30],[26,-48],[18,-30],[17,-27],[30,-45],[112,-159],[49,-71],[24,-32],[57,-81],[112,-159],[48,-71],[26,-43],[19,-30],[31,-55],[70,-138],[27,-59],[57,-132],[45,-102],[26,-60],[31,-71],[20,-50],[10,-25],[14,-43],[14,-44],[39,-146],[10,-36],[13,-38],[15,-41],[20,-43],[17,-30],[29,-45],[26,-36],[36,-47],[32,-38],[31,-35],[37,-39],[37,-37],[42,-38],[120,-93],[24,-16],[43,-27],[27,-15],[33,-18],[35,-17],[136,-63],[41,-19],[52,-25],[53,-30],[59,-39],[38,-30],[52,-47],[30,-30],[35,-40],[33,-41],[22,-31],[30,-46],[27,-47],[27,-51],[12,-28],[19,-45],[14,-35],[13,-38],[17,-54],[10,-42],[12,-59],[8,-46],[4,-32],[4,-40],[4,-53],[0,-27],[0,-45],[0,-38],[-2,-40],[-4,-37],[-10,-74],[-8,-48],[-10,-45],[-22,-104],[-47,-236],[-35,-148],[-14,-65],[-32,-148],[-26,-125],[-26,-136],[-11,-61],[-17,-89],[-14,-70],[-8,-37],[-20,-83],[-19,-74],[-77,-285],[-31,-112],[-10,-38],[-10,-40],[-14,-71],[-7,-37],[-16,-112],[-12,-74],[-11,-59],[-37,-179],[-81,-382],[-29,-133],[-21,-105],[-27,-140],[-26,-118],[-37,-169],[-11,-52],[-16,-80],[-6,-31],[-8,-58],[-5,-40],[-6,-53],[-3,-43],[-4,-67],[-1,-59],[2,-89],[6,-148],[6,-122],[3,-84],[6,-101],[24,-341],[6,-88],[4,-69],[5,-58],[10,-148],[8,-128],[4,-69],[1,-35],[1,-54],[0,-34],[-2,-50],[-2,-35],[-6,-68],[-4,-34],[-6,-40],[-7,-45],[-16,-80],[-20,-79],[-18,-61],[-48,-132],[-15,-34],[-18,-39],[-25,-49],[-24,-44],[-136,-238],[-44,-75],[-66,-114],[-148,-245],[-11,-18],[-33,-48],[-83,-132],[-53,-90],[-71,-123],[-145,-249],[-54,-92],[-73,-124],[-40,-70],[-11,-19],[-40,-75],[-45,-84],[-33,-60],[-51,-88],[-74,-127],[-63,-108],[-55,-92],[-95,-163],[-103,-176],[-93,-159],[-13,-23],[-27,-49],[-17,-34],[-19,-38],[-29,-63],[-13,-31],[-18,-43],[-18,-47],[-12,-33],[-13,-39],[-27,-83],[-55,-179],[-26,-82],[-43,-136],[-25,-76],[-22,-62],[-26,-71],[-20,-53],[-14,-42],[-29,-92],[-111,-350],[-230,-769],[-30,-164],[-14,-176],[0,-353],[3,-517],[4,-544],[4,-415]],[[27726,44995],[66,-61],[60,-58],[138,-139],[50,-49],[58,-53],[148,-148],[27,-26],[35,-34],[150,-154],[44,-45],[23,-23],[34,-31],[33,-27],[32,-23],[36,-22],[39,-21],[24,-11],[293,-140],[193,-91],[23,-11],[24,-10],[31,-10],[33,-7],[17,-2],[32,-2],[34,3],[35,7],[31,10],[29,13],[33,19],[30,22],[28,25],[13,14],[25,30],[17,21],[70,93],[206,275],[40,52],[34,47],[24,32],[26,31],[11,12],[25,24],[21,16],[17,12],[25,15],[97,53],[33,18],[32,15],[33,12],[20,5],[19,3],[20,3],[33,0],[33,-3],[30,-6],[29,-9],[17,-7],[32,-16],[16,-10],[38,-24],[68,-44],[183,-120]],[[30876,44440],[71,-46],[24,-15],[40,-22],[21,-10],[42,-17],[39,-12],[41,-10],[23,-4],[69,-9],[41,-6],[427,-55],[45,-5],[18,-4],[19,-5],[18,-6],[18,-8],[18,-8],[32,-21],[31,-24],[29,-28],[26,-32],[23,-35],[11,-19],[19,-40],[15,-41],[6,-22],[75,-269],[44,-161],[10,-34],[11,-35],[13,-33],[12,-29],[17,-35],[16,-30],[17,-28],[27,-37],[28,-35],[158,-188],[46,-55],[40,-51],[36,-48],[38,-49],[215,-256],[57,-68],[230,-274],[97,-114],[58,-68],[59,-66],[19,-20],[120,-132],[38,-42],[207,-240],[105,-121],[38,-46],[19,-25],[34,-46],[96,-131],[31,-42],[15,-18],[32,-35],[18,-18],[18,-16],[19,-15],[23,-17],[48,-33],[223,-145],[25,-16],[229,-150],[118,-77],[261,-169],[303,-198],[197,-129],[93,-60],[421,-275],[165,-108],[93,-61],[42,-28],[27,-19],[183,-132],[139,-100],[45,-31],[24,-14],[24,-13],[146,-77],[24,-14],[48,-29],[32,-23],[23,-16],[43,-33],[44,-38],[41,-39],[41,-42],[42,-47],[37,-44],[34,-47],[36,-50],[16,-26],[34,-55],[32,-57],[29,-56],[27,-58],[14,-31],[25,-60],[23,-62],[21,-61],[19,-63],[18,-64],[44,-160],[104,-376]],[[37835,37623],[101,-365],[27,-94],[28,-92],[40,-124],[20,-61],[11,-30],[13,-29],[14,-27],[14,-25],[19,-29],[16,-22],[18,-22],[20,-22],[22,-19],[23,-18],[41,-29],[23,-18],[35,-29],[22,-19],[28,-27],[20,-22],[23,-26],[62,-75],[43,-53],[37,-50],[35,-50],[36,-53],[33,-53],[34,-58],[32,-61],[15,-29],[27,-57],[28,-64],[90,-210],[64,-149],[26,-60],[65,-152],[66,-152],[139,-324],[26,-59],[41,-88],[13,-29],[11,-30],[21,-56],[10,-27],[14,-46],[13,-45],[7,-32],[9,-38],[6,-33],[6,-36],[4,-35],[7,-58],[3,-54],[3,-71],[2,-52],[1,-34],[-1,-34],[-1,-34],[-2,-34],[-3,-34],[-4,-34],[-7,-49],[-7,-33],[-7,-33],[-14,-57],[-61,-235],[-15,-58],[-49,-199],[-10,-45],[-25,-129],[-9,-48],[-3,-25],[-5,-38],[-4,-36],[-3,-56],[0,-39],[0,-108],[-1,-70],[-3,-73],[-3,-60],[-5,-51],[-4,-33],[-8,-49],[-6,-33],[-8,-35],[-12,-47],[-9,-33],[-11,-32],[-19,-51],[-10,-25],[-16,-36],[-17,-36],[-18,-35],[-88,-170],[-24,-48],[-19,-40],[-22,-54],[-19,-56],[-16,-54],[-16,-62],[-51,-209],[-38,-155],[-9,-37],[-21,-94],[-14,-63],[-31,-126],[-40,-162],[-16,-63],[-25,-93],[-16,-65],[-10,-48],[-14,-67],[-7,-33],[-12,-66],[-11,-64],[-5,-36],[-25,-169],[-35,-233],[-96,-653],[-20,-133],[-34,-231],[-10,-65],[-7,-32],[-7,-30],[-19,-63],[-20,-63],[-19,-63],[-8,-31],[-7,-32],[-6,-31],[-5,-33],[-6,-66],[-7,-106],[-3,-27],[-4,-34],[-5,-33],[-7,-34],[-7,-30],[-10,-34],[-9,-30],[-12,-30],[-14,-33],[-22,-46],[-19,-35],[-32,-55],[-33,-51],[-19,-27],[-22,-29],[-32,-40],[-23,-26],[-22,-23],[-20,-20],[-47,-42],[-43,-37],[-44,-33],[-48,-33],[-26,-16],[-26,-15],[-27,-14],[-52,-24],[-234,-105],[-76,-35],[-49,-23],[-49,-25],[-49,-29],[-25,-16],[-43,-29],[-27,-21],[-46,-37],[-37,-32],[-22,-20],[-25,-25],[-34,-36],[-16,-20],[-19,-26],[-52,-73],[-45,-65],[-33,-48],[-146,-220],[-67,-102],[-34,-50],[-115,-159],[-27,-39],[-57,-86],[-136,-205],[-64,-97],[-258,-388],[-108,-162],[-192,-290],[-232,-348],[-65,-98],[-34,-52],[-36,-59],[-29,-52],[-18,-34],[-17,-33],[-29,-62],[-15,-35],[-17,-43],[-23,-60],[-11,-34],[-76,-227],[-11,-36],[-10,-33],[-8,-34],[-8,-35],[-6,-34],[-5,-38],[-3,-33],[-3,-36],[-1,-26],[0,-33],[1,-38],[3,-42],[4,-37],[5,-35],[30,-198],[16,-108],[6,-36],[6,-33],[7,-35],[7,-32],[9,-35],[9,-31],[16,-48],[27,-70],[12,-28],[16,-32],[24,-48],[13,-23],[26,-43],[39,-62],[74,-115],[62,-98],[39,-64],[56,-85],[131,-205],[119,-186],[48,-72],[34,-53],[27,-42]],[[35703,21322],[46,-70],[32,-45],[36,-46],[20,-23],[20,-22],[45,-45],[61,-58],[68,-63],[64,-58],[158,-137],[100,-86],[41,-37],[24,-23],[45,-45],[44,-47],[22,-25],[41,-49],[40,-51],[119,-159],[38,-53],[16,-25],[16,-26],[16,-28],[14,-28],[13,-28],[14,-31],[12,-29],[11,-30],[11,-30],[15,-52],[16,-61],[11,-38],[11,-29],[22,-56],[13,-31],[14,-30],[14,-28],[20,-40],[19,-31],[71,-116],[34,-59],[16,-30],[30,-57],[16,-35],[15,-32],[70,-158],[196,-441],[157,-350],[26,-58],[27,-57],[14,-29],[41,-82],[11,-22],[57,-119],[112,-251],[55,-125],[27,-61],[22,-42],[22,-42],[23,-41],[24,-40],[25,-39],[26,-39],[41,-59],[79,-111],[83,-117],[112,-159],[39,-56],[34,-53],[34,-54],[37,-67],[68,-133],[26,-56],[69,-159],[80,-183],[28,-67],[12,-32],[16,-46],[19,-63],[15,-57],[19,-71],[16,-55],[7,-19],[15,-41],[19,-42],[17,-30],[29,-44],[26,-37],[36,-46],[32,-39],[30,-34],[37,-39],[37,-36],[42,-39],[119,-92],[24,-16],[43,-26],[28,-16],[32,-17],[35,-18],[136,-63],[41,-19],[52,-25],[54,-30],[58,-39],[39,-31],[52,-46],[30,-31],[36,-40],[32,-41],[23,-31],[30,-47],[28,-47],[26,-52],[13,-28],[19,-45],[14,-35],[13,-39],[16,-54],[11,-42],[13,-59],[7,-47],[5,-32],[4,-40],[3,-53],[1,-28],[0,-45],[-1,-38],[-2,-40],[-8,-81],[-15,-102],[-12,-65],[-108,-503],[-34,-157],[-26,-124],[-16,-85],[-23,-131],[-20,-119],[-13,-67],[-16,-74],[-8,-31],[-16,-60],[-74,-272],[-39,-141],[-19,-74],[-12,-57],[-9,-51],[-23,-123],[-26,-125],[-54,-257],[-66,-313],[-8,-32],[-12,-60],[-21,-105],[-28,-139],[-26,-119],[-37,-169],[-11,-52],[-16,-79],[-6,-31],[-8,-59],[-5,-40],[-6,-52],[-3,-44],[-4,-67],[-1,-58],[1,-47],[2,-65],[6,-99],[18,-239],[27,-386],[5,-76],[5,-84],[5,-113],[5,-98],[8,-176],[2,-58],[1,-38],[1,-54],[0,-33],[-2,-50],[-2,-36],[-6,-67],[-4,-35],[-6,-40],[-7,-45],[-16,-80],[-20,-79],[-18,-60],[-48,-132],[-15,-35],[-18,-39],[-24,-49],[-24,-44],[-137,-238],[-43,-75],[-67,-114],[-148,-248],[-23,-41],[-57,-98],[-36,-62],[-270,-460],[-79,-136],[-144,-246],[-43,-75],[-62,-106],[-69,-117],[-99,-169],[-111,-190],[-61,-103],[-153,-262],[-28,-48],[-24,-44],[-25,-48],[-33,-67],[-16,-36],[-27,-64],[-17,-46],[-21,-58],[-19,-58],[-46,-147],[-83,-264],[-65,-205],[-71,-227],[-114,-357],[-232,-759],[-30,-163],[-14,-173],[1,-353],[2,-517],[4,-544],[4,-415]],[[37870,17770],[10,-23],[14,-40],[38,-101],[13,-35],[31,-77],[29,-65],[20,-40],[21,-40],[22,-38],[23,-38],[23,-38],[24,-36],[42,-57],[30,-40],[46,-64],[51,-72],[58,-83],[131,-186],[44,-67],[27,-45],[33,-56],[35,-64],[78,-152],[44,-86]],[[42697,45471],[30,-3],[30,-5],[30,-5],[74,-14],[30,-5],[30,-4],[31,-3],[349,-32],[44,-5],[31,-5],[32,-5],[32,-7],[32,-7],[31,-9],[29,-9],[42,-14],[306,-107],[50,-18],[49,-19],[340,-130],[25,-9],[37,-13],[26,-8],[25,-7],[26,-5],[26,-5],[27,-3],[26,-2],[26,-1],[26,0],[27,1],[38,4],[26,3],[467,56],[39,5],[39,3],[23,1],[29,-1],[30,-2],[29,-3],[29,-5],[29,-6],[29,-7],[29,-9],[28,-9],[28,-11],[28,-13],[27,-13],[44,-25],[45,-29],[23,-16],[22,-18],[22,-18],[21,-19],[21,-20],[20,-19],[19,-21],[18,-22],[19,-23],[19,-25],[18,-25],[17,-26],[15,-23],[14,-25],[13,-25],[25,-51],[11,-26],[90,-218],[12,-30],[14,-30],[13,-27],[14,-27],[15,-26],[15,-26],[16,-25],[16,-23],[16,-22],[16,-22],[17,-21],[18,-20],[19,-20],[19,-18],[20,-18],[20,-17],[21,-16],[33,-23],[23,-15],[23,-13],[23,-12],[23,-12],[24,-11],[24,-9],[24,-9],[287,-97],[242,-82]],[[47066,43661],[33,-11],[97,-38],[271,-99],[56,-19],[50,-16],[71,-22],[81,-26],[426,-145],[42,-15],[26,-10],[76,-32],[37,-17],[38,-17],[25,-13],[23,-13],[26,-16],[36,-24],[42,-30],[43,-32],[36,-28],[46,-37],[23,-20],[47,-43],[21,-20],[45,-45],[33,-36],[25,-29],[27,-33],[22,-31],[56,-79],[26,-38],[29,-44],[19,-31],[32,-51],[23,-40],[37,-67],[22,-35],[44,-64],[23,-37],[19,-35],[46,-93],[35,-65],[17,-33],[122,-231],[35,-48],[22,-25],[17,-17],[27,-24],[26,-20],[45,-35],[17,-16],[34,-28],[36,-26],[24,-12],[26,-11],[28,-6],[31,-3],[27,1],[39,7],[335,97],[63,18],[332,95],[504,145],[173,49],[166,47],[209,60],[388,112],[544,155],[156,45],[74,21],[242,69],[432,124],[246,70],[254,73],[254,73],[67,18],[57,14],[125,24],[58,14],[55,15],[310,89],[69,21],[34,12],[61,22],[82,29],[102,36],[55,17],[56,17],[55,16],[71,20],[100,26],[85,23],[85,25],[169,48],[170,49],[257,74],[247,70],[77,22],[77,22],[258,73],[189,55],[228,65],[71,20],[148,51],[244,71],[137,38],[98,29],[63,17],[58,17],[21,5],[38,12],[30,8],[51,15],[117,32],[59,15],[45,14],[40,11],[66,19],[78,26],[92,32],[60,19],[57,17],[61,18],[142,41],[60,17],[96,25],[34,8],[39,9],[38,9],[58,14],[40,12],[110,32],[149,42],[35,10],[118,33],[49,14],[115,33],[35,10],[80,23],[165,47],[46,12],[23,4],[44,7],[24,3],[29,2],[58,0],[29,-2],[70,-9],[35,-5],[96,-19],[88,-16],[38,-8],[31,-4],[49,-7],[23,-1],[47,-1],[53,3],[52,7],[71,13],[35,7],[54,9],[34,5],[65,12],[292,51],[102,18],[40,7],[46,8],[42,8],[78,13],[52,12],[24,8],[35,15],[42,22],[25,16],[56,37],[30,20],[83,57],[168,114],[164,111],[58,39],[26,18],[63,43],[21,13],[44,25],[50,22],[31,11],[40,10],[159,36],[120,27],[78,18],[177,38],[39,9],[38,7],[52,6],[42,1],[28,-2],[43,-4],[36,-6],[18,-4],[48,-15],[48,-18],[33,-15],[32,-19],[21,-13],[39,-28],[43,-35],[25,-21],[99,-86],[51,-44],[30,-26],[50,-44],[87,-76],[110,-93],[53,-48],[47,-41],[30,-27],[98,-85],[46,-41],[38,-33],[39,-33],[39,-34],[45,-39],[98,-86],[19,-16],[47,-41],[36,-31],[22,-22],[31,-33],[18,-21],[65,-80],[9,-12],[20,-24],[22,-22],[26,-24],[41,-32],[32,-21],[35,-18],[9,-4],[42,-15],[29,-9],[48,-10],[30,-3],[94,-16],[112,-13],[33,-5],[30,-3],[42,-7],[61,-9],[60,-3],[47,-1],[59,5],[31,5],[75,13],[39,1],[32,-3],[30,-6],[39,-14],[41,-19],[35,-21],[35,-27],[37,-35],[25,-30],[30,-41],[23,-41],[13,-29],[23,-60],[12,-42],[17,-62],[13,-51],[12,-44],[9,-27],[9,-23],[14,-35],[21,-37],[14,-22],[41,-61],[32,-46],[15,-20],[64,-78],[50,-65],[20,-23],[35,-39],[39,-36],[31,-24],[23,-18],[26,-16],[32,-19],[21,-11],[28,-13],[46,-18],[37,-12],[32,-10],[77,-21],[62,-19],[36,-9],[202,-58],[95,-27],[30,-7],[37,-7],[38,-5],[39,-2],[23,1],[28,1],[45,6],[22,3],[46,12],[23,8],[69,19],[57,16],[33,7],[52,14],[46,11],[37,10],[149,36],[198,48],[44,11],[52,13],[69,16],[82,19],[127,29],[132,28],[102,23],[43,10],[32,9],[28,10],[25,10],[34,17],[30,16],[36,22],[36,22],[54,30],[38,17],[40,15],[27,7],[24,4],[30,5],[25,2],[31,1],[26,-1],[28,-4],[34,-7],[35,-7],[36,-10],[107,-28],[140,-35],[160,-40],[48,-13],[67,-20],[52,-13],[131,-36],[97,-26],[41,-10],[35,-8],[50,-8],[58,-6],[35,-2],[31,-1],[60,0],[90,-2],[100,-1],[211,-4],[36,-1],[159,-2],[121,-2],[30,-3],[71,-1],[64,2],[43,2],[84,7],[79,9],[69,10],[66,12],[45,10],[35,10],[29,9],[23,8],[31,13],[16,6],[37,15],[59,24],[38,13],[30,9],[38,10],[38,9],[79,15],[59,14],[32,8],[44,13],[230,71],[18,6],[142,42],[33,10],[206,62],[68,20],[41,12],[41,16],[123,48],[92,36],[126,49],[49,18],[31,10],[49,12],[50,11],[30,4],[53,5],[47,2],[29,-1],[35,-1],[45,-5],[54,-9],[29,-6],[52,-13],[27,-9],[28,-9],[47,-18],[80,-31],[124,-47],[70,-29],[30,-14],[25,-13],[38,-24],[19,-14],[27,-20],[51,-42],[28,-24],[34,-26],[14,-10],[25,-16],[51,-31],[112,-65],[74,-45],[62,-34],[28,-14],[31,-13],[25,-8],[113,-32],[49,-14],[139,-38],[219,-61],[56,-16],[28,-10],[87,-37],[50,-22],[16,-6],[37,-17],[29,-11],[74,-20],[31,-9],[62,-21],[132,-48],[175,-63],[26,-11],[34,-18],[43,-21],[52,-21],[158,-58],[115,-41],[46,-17],[225,-81],[63,-23],[72,-26],[81,-30],[29,-11],[23,-10],[26,-13],[48,-29],[39,-28],[36,-30],[39,-33],[38,-32],[63,-53],[65,-55],[30,-26],[28,-23],[22,-21],[27,-27],[28,-31],[13,-16],[17,-24],[28,-40],[38,-60],[54,-85],[35,-55],[22,-34],[25,-40],[52,-79],[40,-53],[21,-22],[37,-36],[35,-30],[108,-88],[89,-71],[42,-38],[19,-20],[17,-19],[16,-20],[24,-36],[27,-48],[40,-84],[13,-28],[22,-40],[10,-17],[30,-42],[32,-36],[26,-24],[30,-23],[28,-18],[29,-16],[28,-12],[26,-9],[30,-7],[32,-5],[43,0],[26,1],[35,7],[56,14],[70,17],[61,17],[142,39],[100,27],[23,7],[58,15],[316,87],[47,14],[23,9],[26,11],[20,11],[32,22],[18,17],[17,17],[14,17],[27,40],[19,38],[8,21],[11,33],[10,37],[6,34],[7,45],[7,52],[18,144],[6,45],[10,55],[12,48],[15,49],[13,33],[9,21],[19,40],[19,33],[11,18],[27,37],[27,36],[74,97],[20,30],[29,48],[14,28],[18,37],[10,22],[40,102],[15,42],[19,48],[26,60],[12,22],[23,41],[16,27],[21,30],[23,29],[19,22],[26,27],[26,23],[25,21],[29,20],[31,19],[52,27],[221,106],[37,19],[41,25],[35,23],[36,31],[23,21],[52,52],[56,56],[78,79],[95,96],[90,92],[91,90],[104,106],[100,100],[55,56],[38,37],[27,27],[132,133],[90,90],[50,50],[34,34],[194,196],[54,55],[87,88],[69,68],[91,81],[83,67],[105,84],[332,268],[652,525],[328,264],[321,259],[124,100],[173,139],[138,111],[159,129],[104,84],[22,17],[22,17],[23,16],[24,14],[36,18],[37,13],[38,8],[38,4],[20,0],[19,-2],[19,-2],[19,-4],[19,-6],[54,-20],[82,-36],[298,-138],[128,-59],[205,-95]],[[87448,46059],[70,-32]],[[87518,46027],[35,-16]],[[87553,46011],[122,-57],[107,-49],[123,-56],[275,-128],[204,-93],[283,-131],[335,-154],[294,-135],[341,-158],[69,-31],[167,-77],[47,-22],[31,-15],[102,-46],[72,-35],[40,-19],[67,-32],[298,-141],[77,-36],[89,-41],[8,-4],[333,-153],[143,-66],[124,-57],[141,-66],[137,-62],[23,-10],[23,-8],[24,-7],[24,-5],[24,-5],[25,-3],[24,-2],[25,-1],[24,1],[25,2],[24,3],[88,15],[83,13],[60,10],[29,4],[195,31],[57,8],[104,25],[43,10],[48,8],[179,27],[96,16],[55,9],[53,10],[54,8],[38,6],[41,6],[41,8],[61,9],[87,14],[40,7],[34,5],[84,14],[97,17],[52,7],[51,9],[84,15],[41,5],[128,22],[87,13],[41,6],[76,13],[43,7],[147,23],[38,5],[58,2],[29,-1],[34,-4],[31,-5],[40,-11],[27,-9],[36,-16],[30,-15],[24,-14],[41,-28],[22,-18],[28,-24],[26,-25],[22,-24],[52,-54],[73,-81],[62,-67],[76,-83],[37,-41],[35,-39],[56,-60],[179,-196],[66,-71],[72,-80],[28,-30],[23,-24],[21,-21],[25,-25],[40,-35],[29,-20],[28,-17],[31,-16],[25,-10],[39,-13],[79,-18],[57,-12],[31,-6],[93,-19],[70,-14],[109,-23],[43,-8],[121,-25],[74,-15],[166,-34],[66,-14],[243,-48],[47,-10],[77,-16],[65,-12],[152,-31],[55,-11],[59,-12],[88,-19],[137,-28],[80,-14],[78,-17],[77,-16],[64,-11],[85,-18],[123,-24],[89,-17],[43,-8],[46,-5],[81,-7],[44,-1],[40,0],[92,5],[42,3],[53,7],[44,7],[34,6],[48,11],[36,9],[40,13],[66,23],[54,21],[49,21],[89,37],[39,18],[73,31],[27,11],[61,26],[33,16],[120,49],[64,28],[183,78],[50,21],[27,12],[74,32],[39,16],[97,42],[42,16],[45,20],[60,26],[34,15],[73,31],[79,34],[112,48],[37,17],[38,15],[43,19],[107,46],[121,51],[37,16],[49,21],[76,33],[54,22],[89,39],[60,25],[64,28],[117,51],[121,50],[48,22],[95,41],[111,48],[79,33],[86,35],[201,88],[73,32],[236,101],[53,23],[58,24],[54,23],[99,42],[57,26],[54,27],[27,13],[36,19],[29,17],[57,37],[34,23],[43,30],[31,23],[41,33],[57,49],[28,25],[38,35],[71,67],[33,32],[38,36],[47,45],[79,74],[43,42],[42,39],[58,56],[42,39],[49,47],[71,67],[108,102],[85,81],[37,36],[47,44],[111,107],[47,43],[37,37],[44,41],[41,39],[51,48],[36,35],[29,27],[39,37],[50,46],[44,43],[49,47],[108,102],[93,88],[36,33],[33,29],[31,26],[43,34],[61,45],[67,46],[71,46],[65,42],[60,39],[38,23],[43,29],[59,38],[101,64],[19,13],[282,181],[37,22],[36,24],[54,33],[25,17],[48,30],[43,26],[92,60],[24,15],[66,43],[43,26],[80,45],[128,82],[80,51],[38,24],[111,71],[41,26],[49,31],[47,30],[73,47],[73,47],[75,47],[91,59],[30,19],[13,9],[42,28],[42,26],[42,26],[43,25],[43,23],[43,23],[64,31],[79,32],[21,8]],[[47047,43661],[-375,126]],[[46672,43787],[-142,49],[-27,9],[-26,11],[-26,13],[-26,13],[-26,14],[-43,29],[-36,26],[-20,17],[-20,17],[-19,19],[-18,19],[-19,20],[-18,22],[-18,23],[-17,24],[-17,25],[-16,25],[-15,26],[-15,26],[-14,27],[-14,28],[-13,29],[-13,30],[-90,219],[-23,51],[-25,50],[-14,25],[-15,23],[-17,26],[-18,25],[-18,24],[-19,24],[-19,21],[-18,20],[-20,20],[-21,20],[-21,19],[-22,18],[-22,17],[-23,16],[-44,29],[-44,25],[-27,13],[-27,12],[-28,11],[-28,10],[-28,8],[-28,7],[-29,6],[-28,5],[-29,3],[-29,2],[-35,1],[-20,-1],[-38,-3],[-39,-4],[-467,-57],[-26,-3],[-39,-4],[-26,-1],[-27,0],[-26,1],[-27,2],[-26,4],[-27,4],[-26,6],[-26,6],[-26,8],[-37,13],[-25,10],[-339,130],[-50,18],[-49,18],[-302,107],[-42,14],[-33,9],[-31,9],[-30,7],[-31,6],[-31,5],[-31,5],[-72,7],[-581,53]],[[47047,43661],[18,-6]],[[47065,43655],[33,-12],[40,-16],[85,-37],[39,-15],[209,-71],[265,-89],[240,-82],[190,-64],[64,-23],[51,-20],[48,-21],[25,-12],[38,-20],[36,-21],[48,-32],[64,-45],[22,-16],[36,-27],[46,-37],[48,-42],[43,-40],[42,-42],[25,-27],[23,-25],[26,-32],[35,-47],[68,-96],[24,-36],[22,-34],[30,-48],[34,-59],[44,-77],[44,-78],[19,-32],[33,-45],[10,-16],[12,-22],[37,-73],[49,-93]],[[49312,42031],[123,-235],[39,-56],[21,-27],[18,-19],[19,-16],[35,-27],[30,-26],[30,-27],[30,-27],[17,-13],[19,-12],[25,-12],[28,-10],[29,-6],[27,-1],[24,3],[53,11],[75,22],[78,23],[43,10],[27,10],[27,9],[196,56],[303,87],[128,30],[26,7],[76,26],[39,12],[84,26],[301,86],[203,59],[306,87],[169,48],[166,48],[232,66],[155,44],[76,22],[77,21],[78,22],[75,23],[77,22],[166,48],[340,97],[423,121],[338,97],[85,25],[67,17],[31,6],[29,5],[30,3],[60,6],[30,4],[31,5],[31,7],[55,14],[241,69],[69,21],[35,11],[34,12],[35,14],[140,59],[66,27],[33,12],[56,18],[56,17],[127,36],[157,41],[57,16],[951,272],[51,14],[88,23],[59,16],[260,73],[46,14],[59,20],[48,15],[47,14],[191,55],[146,48],[52,15],[266,78],[191,53],[69,21],[92,25],[61,16],[83,24],[52,15],[68,19],[125,36],[60,16],[33,11],[64,18],[139,41],[103,29],[106,31],[86,25],[50,13],[28,9],[78,21],[41,12],[28,7],[108,33],[44,11],[57,18],[83,22],[44,13],[57,16],[32,9],[46,14],[40,10],[44,14],[40,10],[44,13],[31,9],[59,18],[41,11],[94,27],[75,20],[43,9],[35,6],[61,4],[69,0],[35,-3],[31,-4],[51,-9],[79,-16],[68,-12],[60,-12],[56,-9],[27,-4],[42,-3],[30,0],[25,1],[47,4],[29,6],[69,11],[27,6],[113,19],[134,23],[29,6],[26,3],[77,13],[118,22],[108,18],[106,18],[26,5],[35,6],[27,5],[25,7],[23,7],[39,15],[43,22],[20,14],[82,55],[44,30],[116,78],[48,33],[44,30],[49,33],[185,126],[36,25],[67,44],[39,22],[19,10],[31,14],[19,6],[40,13],[28,6],[66,16],[60,12],[65,16],[71,15],[24,6],[33,7],[26,6],[55,12],[43,10],[113,25],[65,10],[41,4],[42,1],[43,-3],[39,-6],[60,-15],[29,-10],[30,-12],[37,-16],[37,-22],[20,-12],[28,-20],[23,-17],[71,-58],[46,-40],[28,-26],[19,-16],[124,-108],[36,-31],[62,-53],[35,-31],[49,-42],[86,-76],[47,-41],[67,-59],[46,-39],[34,-31],[41,-36],[89,-75],[89,-79],[61,-52],[76,-67],[23,-22],[36,-37],[11,-13],[32,-39],[28,-36],[33,-41],[26,-28],[31,-30],[25,-21],[36,-25],[29,-17],[26,-13],[17,-7],[31,-11],[29,-8],[24,-5],[36,-6],[20,-3],[95,-14],[60,-7],[73,-10],[45,-5],[64,-11],[59,-7],[51,-2],[41,1],[41,4],[23,2],[52,8],[33,6],[17,2],[30,0],[23,-3],[33,-6],[15,-4],[21,-7],[35,-16],[28,-15],[28,-19],[32,-27],[27,-26],[24,-26],[20,-28],[20,-33],[15,-26],[14,-28],[11,-28],[24,-70],[29,-116],[16,-57],[17,-45],[15,-30],[10,-20],[34,-53],[38,-57],[24,-32],[38,-50],[25,-32],[65,-80],[33,-39],[29,-31],[46,-40],[27,-22],[35,-25],[45,-25],[39,-18],[24,-10],[39,-14],[58,-16],[72,-22],[138,-39],[79,-22],[55,-16],[125,-35],[45,-11],[27,-5],[43,-5],[59,-1],[19,1],[52,6],[39,9],[87,22],[39,9],[113,18],[54,11],[22,5],[46,13],[74,17],[60,15],[343,83],[62,15],[83,20],[68,19],[81,21],[68,17],[119,31],[44,13],[34,11],[33,13],[34,18],[36,20],[81,49],[24,14],[29,14],[31,13],[25,9],[37,10],[39,7],[35,4],[41,0],[33,-3],[44,-8],[46,-11],[116,-30],[77,-19],[156,-41],[71,-17],[105,-29],[76,-20],[127,-35],[118,-31],[32,-7],[49,-10],[24,-3],[39,-5],[20,-2],[48,-2],[39,-1],[39,0],[98,-2],[193,-3],[76,-2],[281,-4],[71,-2],[30,-2],[33,-1],[64,1],[41,1],[38,2],[44,3],[58,6],[64,7],[33,5],[69,11],[51,10],[44,11],[35,10],[35,13],[33,12],[15,5],[37,17],[62,24],[61,20],[43,12],[62,13],[79,16],[33,8],[45,12],[94,28],[35,11],[108,33],[43,15],[60,17],[408,122],[44,15],[38,14],[73,29],[68,26],[65,26],[105,41],[60,22],[27,8],[27,8],[34,8],[53,10],[50,6],[50,3],[52,0],[40,-3],[30,-3],[22,-3],[46,-8],[40,-10],[41,-12],[36,-12],[69,-25],[79,-30],[61,-24],[107,-41],[37,-17],[32,-18],[40,-27],[79,-62],[55,-45],[17,-12],[34,-23],[39,-25],[58,-33],[55,-33],[94,-56],[49,-28],[39,-20],[29,-13],[25,-9],[173,-56],[58,-17],[272,-76],[119,-35],[28,-10],[60,-23],[83,-35],[22,-7],[74,-20],[51,-15],[49,-16],[181,-66],[28,-9],[66,-24],[41,-16],[21,-10],[37,-19],[31,-15],[20,-9],[42,-16],[267,-98],[214,-77],[54,-19],[123,-45],[66,-25],[67,-25],[14,-6],[26,-13],[30,-16],[15,-10],[19,-13],[34,-26],[30,-24],[141,-119],[34,-28],[103,-91],[37,-35],[35,-43],[19,-25],[42,-63],[26,-37],[22,-37],[43,-67],[19,-29],[22,-36],[24,-36],[35,-55],[37,-53],[17,-22],[21,-24],[24,-26],[36,-33],[39,-32],[15,-12],[62,-50],[31,-25],[60,-48],[35,-31],[30,-29],[30,-35],[26,-35],[13,-21],[12,-22],[19,-37],[27,-60],[24,-49],[21,-35],[26,-38],[21,-27],[36,-35],[22,-19],[29,-20],[15,-10],[32,-17],[30,-13],[33,-10],[28,-7],[36,-3],[31,0],[27,3],[29,4],[71,18],[123,32],[29,9],[110,30],[30,8],[211,57],[28,7],[50,16],[122,31],[94,27],[43,16],[29,14],[15,9],[28,20],[22,20],[14,14],[17,21],[22,33],[11,20],[18,37],[8,21],[12,41],[10,46],[9,58],[16,121],[9,79],[9,63],[6,32],[8,30],[7,26],[19,52],[20,46],[20,40],[10,16],[13,20],[24,35],[39,54],[23,29],[31,43],[33,46],[23,36],[17,34],[15,28],[20,50],[12,29],[50,132],[9,24],[26,55],[12,25],[26,43],[17,27],[25,34],[14,18],[15,16],[37,37],[17,16],[16,12],[34,25],[16,10],[59,33],[70,33],[37,18],[47,22],[105,53],[45,25],[28,19],[23,17],[59,54],[20,19],[340,345],[91,91],[104,106],[100,99],[55,56],[38,37],[27,28],[132,132],[90,90],[50,50],[34,35],[194,195],[54,56],[87,87],[69,68],[91,81],[82,67],[106,84],[331,268],[653,525],[945,762],[138,111],[160,129],[104,84],[18,15],[37,27],[37,24],[35,16],[18,7],[35,10],[33,5],[36,2],[33,-3],[34,-6],[29,-10],[39,-14],[82,-37],[298,-137],[127,-60],[205,-94],[228,-106],[107,-49],[123,-56],[275,-128],[204,-93],[912,-420],[261,-120],[57,-27],[71,-32],[75,-35],[75,-35],[51,-23],[53,-24],[66,-31],[105,-48],[100,-48],[113,-54],[26,-12],[45,-32],[16,-9],[111,-55],[154,-73],[295,-136],[62,-27],[21,-8],[36,-10],[23,-6],[10,-3],[28,-14],[106,-48],[188,-89],[137,-62],[44,-16],[39,-12],[38,-7],[25,-4],[38,-2],[26,0],[25,2],[26,2],[96,17],[83,13],[60,10],[29,4],[195,31],[105,14],[29,2],[21,4],[24,12],[18,6],[42,10],[174,29],[40,6],[58,10],[50,7],[124,22],[57,8],[107,17],[40,7],[105,16],[53,8],[56,11],[85,13],[241,39],[112,19],[79,14],[27,3],[106,17],[160,26],[46,8],[34,4],[37,3],[45,-1],[45,-5],[42,-8],[40,-11],[41,-16],[17,-8],[33,-17],[33,-21],[35,-27],[23,-20],[38,-35],[31,-33],[37,-40],[44,-49],[97,-104],[93,-101],[56,-62],[52,-57],[60,-65],[140,-153],[40,-44],[39,-41],[90,-98],[34,-35],[21,-20],[30,-26],[26,-18],[34,-21],[25,-14],[26,-12],[17,-7],[47,-15],[31,-8],[73,-14],[97,-21],[69,-13],[78,-17],[78,-15],[70,-14],[60,-12],[134,-27],[71,-14],[98,-20],[124,-24],[234,-47],[77,-15],[124,-26],[142,-28],[163,-34],[122,-24],[131,-28],[85,-16],[47,-10],[70,-13],[65,-13],[160,-31],[33,-6],[64,-8],[40,-4],[65,-4],[86,1],[78,4],[50,5],[57,8],[37,6],[51,10],[53,14],[40,11],[48,16],[70,27],[70,29],[185,79],[89,39],[22,10],[29,12],[187,80],[26,11],[120,52],[46,18],[44,20],[63,27],[38,16],[66,29],[110,46],[180,78],[60,26],[68,29],[32,14],[82,35],[40,16],[67,30],[94,41],[35,14],[37,16],[45,19],[77,34],[126,53],[117,50],[63,28],[44,18],[58,26],[58,25],[39,16],[167,72],[38,16],[116,51],[63,27],[54,22],[315,136],[114,49],[184,77],[115,51],[84,35],[60,28],[35,16],[53,27],[62,34],[19,13],[25,15],[72,47],[29,22],[24,18],[71,58],[34,30],[37,34],[73,68],[142,135],[47,44],[53,50],[48,46],[43,41],[45,42],[105,101],[52,48],[52,51],[142,134],[98,94],[95,90],[70,68],[87,82],[69,65],[45,42],[28,28],[78,74],[39,36],[82,79],[42,37],[45,45],[98,93],[53,47],[68,54],[63,47],[33,22],[37,24],[144,93],[15,10],[91,57],[43,29],[46,29],[51,33],[52,32],[75,48],[62,40],[56,35],[58,39],[50,30],[102,66],[114,72],[109,71],[115,72],[91,51],[96,61],[185,119],[47,31],[116,74],[141,91],[51,32],[86,54],[66,37],[35,20],[71,47],[42,26],[42,26],[42,24],[43,24],[44,22],[123,61]],[[78556,51800],[-49,-2],[-23,0],[-32,-2],[-117,-11],[-58,-3],[-172,-15],[-86,-11],[-87,-10],[-87,-8],[-65,-8],[-56,-9],[-31,-4]],[[49344,42024],[125,-232],[14,-23],[17,-23],[15,-16],[25,-24],[79,-71],[31,-29],[34,-26],[30,-19],[23,-10],[27,-9],[28,-5],[16,-1],[27,2],[38,7],[898,258],[423,121],[345,99],[504,144],[467,134],[231,66],[488,139],[1016,292],[67,19],[57,13],[124,24],[60,14],[54,15],[309,89],[69,21],[95,33],[83,30],[103,36],[55,18],[55,16],[55,16],[71,20],[100,26],[85,24],[85,24],[84,24],[38,11],[344,98],[42,13],[84,23],[442,126],[567,162],[70,21],[35,15],[18,9],[34,20],[33,24],[31,28],[14,16],[26,32],[21,33],[10,17],[12,25],[12,26],[11,27],[14,36],[32,87],[29,81],[19,55],[7,22],[12,42],[10,49],[7,48],[3,48],[2,39],[0,39],[1,103],[-1,234],[-1,367],[-2,274],[0,96],[2,58],[1,21],[5,45],[6,45],[10,45],[10,39],[17,50],[8,22],[20,48],[20,48],[81,187],[65,148],[24,60],[8,20],[15,42],[8,29],[8,28],[6,27],[9,53],[4,37],[3,30],[3,60],[2,85],[3,330],[1,77],[0,39],[-2,29],[-4,51],[-6,43],[-6,29],[-6,24],[-11,36],[-18,49],[-13,31],[-14,30],[-105,231],[-11,25],[-12,28],[-11,30],[-13,40],[-12,41],[-4,23],[-6,47],[-2,24],[-1,28],[-1,28],[2,39],[3,28],[5,29],[6,28],[7,28],[8,27],[9,27],[18,42],[18,34],[13,23],[14,21],[15,20],[26,30],[19,19],[105,95],[18,14],[31,20],[32,16],[33,14],[33,10],[25,5],[24,3],[25,2],[40,-2],[153,-16],[34,-3],[152,-14],[26,-2],[42,-1],[32,3],[33,5],[31,9],[15,6],[30,13],[15,8],[29,18],[15,10],[23,19],[26,26],[15,17],[21,27],[31,45],[32,55],[34,59],[47,81],[28,47],[31,48],[31,42],[15,19],[31,36],[24,26],[35,34],[45,39],[95,79],[74,60],[184,151],[181,148],[360,296],[312,255],[43,34],[21,16],[30,19],[15,9],[21,10],[37,15],[32,9],[39,6],[24,3],[24,1],[59,-1],[344,-16],[104,-5],[47,0],[25,1],[23,3],[32,6],[31,10],[30,11],[23,11],[54,27],[67,35],[66,35],[85,44],[43,21],[106,51],[134,69],[55,29],[45,25],[45,25],[65,36],[65,36],[233,122],[94,50],[22,11],[22,10],[22,9],[17,5],[35,8],[52,8],[76,10],[215,25],[28,5],[29,5],[18,4],[35,11],[35,16],[17,8],[30,19],[16,12],[31,27],[34,35],[16,19],[29,37],[75,96],[159,209],[22,29],[21,29],[20,31],[13,22],[12,23],[11,24],[11,24],[9,25],[9,25],[14,44],[13,44],[13,44],[88,312],[117,417],[9,29],[10,28],[10,29],[9,20],[21,40],[24,37],[25,33],[28,31],[16,14],[30,24],[15,10],[30,18],[30,14],[34,11],[18,4],[40,7],[22,2],[50,2],[218,3],[115,1],[59,1],[22,1],[22,2],[23,3],[21,4],[32,9],[18,6],[34,16],[33,20],[17,11],[30,26],[29,29],[28,31],[47,57],[66,83],[21,26],[26,30],[17,19],[17,18],[19,17],[37,31],[38,26],[19,11],[40,20],[39,16],[20,7],[37,10],[18,3],[33,5],[19,1],[36,-1],[37,-3],[31,-6],[30,-9],[30,-12],[21,-11],[21,-12],[19,-13],[20,-14],[42,-33],[23,-20],[186,-157],[42,-34],[16,-12],[32,-22],[16,-10],[33,-17],[36,-16],[30,-11],[30,-10],[75,-22],[152,-43],[40,-10],[40,-7],[38,-4],[38,-2],[25,1],[29,3],[27,4],[27,5],[114,26],[157,37],[59,15],[40,11],[49,15],[48,13],[49,12],[103,25],[225,52],[223,53],[27,8],[39,15],[19,8],[33,17],[65,38],[239,144],[41,23],[19,10],[32,14],[35,11],[36,6],[19,2],[35,0],[36,-5],[17,-3],[27,-8],[54,-18],[114,-43],[76,-29],[139,-54],[45,-20],[36,-20],[27,-18],[25,-22],[12,-11],[19,-20],[14,-16],[25,-35],[11,-18],[25,-43],[52,-95],[135,-253],[17,-33],[19,-39],[16,-39],[14,-40],[7,-24],[12,-47],[11,-49],[23,-110],[16,-72],[7,-29],[14,-48],[13,-37],[7,-18],[17,-34],[8,-17],[20,-32],[12,-18],[27,-33],[29,-30],[33,-27],[34,-23],[18,-10],[57,-29],[31,-15],[167,-81],[21,-10],[42,-17],[43,-13],[44,-10],[43,-6],[78,-6],[203,-15],[40,-2],[39,-1],[39,0],[56,3],[44,4],[45,8],[53,12],[29,8],[28,8],[28,9],[285,93],[473,154],[31,9],[29,8],[30,6],[29,5],[30,4],[43,2],[48,-1],[34,-2],[114,-11],[285,-38],[20,-2],[45,-1],[102,0],[11,-1],[124,-12],[112,-9],[61,-5],[42,-5],[865,-109],[87,-11],[172,-21],[1037,-130],[759,-95],[254,-31],[260,-33],[429,-53],[315,-40],[69,-7],[68,-6],[71,-4],[64,-1],[69,1]],[[77694,51706],[120,4],[33,2],[87,7],[402,44],[117,17],[53,7],[182,19],[45,5],[21,3],[40,10],[31,11],[36,16],[37,21],[34,25],[32,27],[15,15],[29,31],[27,32],[19,25],[18,26],[41,61],[155,229],[282,417],[70,103],[20,28],[21,29],[37,46],[33,37],[17,18],[29,28],[37,33],[46,35],[53,40],[230,164],[379,270],[300,214],[68,49],[35,23],[35,22],[35,22],[24,13],[49,26],[30,15],[81,35],[80,32],[52,22],[279,111],[41,15],[45,18],[58,22],[59,20],[59,19],[102,32],[48,14],[142,42],[67,18],[82,22],[141,39],[359,105],[32,10],[123,36],[24,6],[55,11],[53,12],[105,31],[40,10],[40,9],[27,4],[44,3],[21,0],[42,-3],[42,-7],[115,-25],[1023,-226],[45,-11],[23,-7],[35,-14],[32,-17],[29,-19],[28,-23],[28,-27],[26,-30],[13,-17],[23,-37],[12,-21],[19,-40],[17,-44],[14,-46],[14,-57],[34,-136],[19,-67],[15,-45],[18,-45],[23,-48],[21,-36],[11,-18],[24,-34],[26,-33],[24,-27],[24,-26],[24,-25],[193,-192],[63,-61],[28,-27],[66,-59],[36,-33],[81,-78],[38,-33],[39,-29],[18,-11],[35,-18],[40,-16],[21,-6],[29,-7],[33,-5],[38,-2],[41,2],[35,7],[19,4],[38,13],[19,7],[52,21],[105,44],[162,68],[61,23],[32,10],[40,8],[20,2],[30,0],[33,-3],[34,-8],[29,-9],[26,-12],[24,-13],[31,-20],[29,-24],[18,-17],[29,-32],[13,-17],[20,-28],[21,-36],[10,-22],[17,-39],[13,-41],[12,-45],[4,-25],[4,-25],[2,-25],[2,-38],[0,-38],[-4,-47],[-8,-47],[-11,-46],[-15,-47],[-8,-22],[-22,-59],[-31,-79],[-131,-329],[-27,-70],[-12,-31],[-10,-31],[-10,-32],[-9,-32],[-10,-47],[-6,-33],[-6,-39],[-5,-39],[-5,-40],[-4,-39],[-16,-200],[-7,-66],[-17,-128],[-9,-88],[-24,-301],[-3,-41],[-2,-40],[-2,-37],[1,-50],[0,-53],[4,-44],[4,-44],[5,-44],[6,-43],[7,-44],[8,-44],[15,-67],[29,-133],[15,-64],[58,-263],[19,-87],[12,-67],[9,-53],[7,-43],[5,-43],[7,-69],[2,-34],[4,-80],[1,-46],[0,-46],[0,-46],[-2,-61],[-4,-74],[-5,-84],[-5,-59],[-53,-461],[-5,-44],[-31,-269],[-8,-78],[-3,-55],[-1,-28],[0,-54],[3,-52],[5,-51],[5,-28],[5,-29],[6,-28],[7,-28],[16,-53],[9,-26],[23,-65],[19,-52],[124,-336],[12,-35],[90,-251],[62,-162],[77,-212],[10,-26],[9,-20],[20,-39],[12,-18],[15,-23],[29,-39],[31,-35],[32,-31],[17,-15],[36,-26],[37,-23],[67,-31]],[[77694,51706],[28,0],[40,-2],[32,-1],[29,0],[25,1],[86,8],[87,9],[86,10],[86,10],[43,4],[43,5],[57,6],[31,4],[87,13],[86,17],[9,1]],[[49364,42039],[107,-213],[27,-52],[22,-33],[15,-20],[20,-20],[15,-14],[44,-40],[23,-21],[32,-27],[16,-13],[29,-18],[24,-11],[28,-9],[26,-4],[16,-1],[26,2],[20,3],[38,9],[878,253],[424,121],[289,82],[389,112],[84,25],[85,25],[157,45],[463,133],[155,43],[77,21],[166,48],[594,170],[422,122],[768,219],[172,50],[334,99],[82,24],[169,47],[679,193],[334,96],[52,14],[51,16],[88,27],[59,18],[281,80],[71,19],[86,22],[71,20],[50,15],[37,13],[35,16],[34,20],[32,23],[16,13],[14,15],[15,15],[24,32],[21,32],[10,17],[18,38],[9,20],[21,56],[61,166],[20,56],[6,22],[11,42],[10,49],[4,24],[5,47],[2,23],[1,39],[1,38],[-1,180],[0,157],[-1,259],[-1,286],[0,64],[0,64],[0,64],[1,38],[2,32],[2,31],[3,29],[4,29],[6,29],[6,28],[11,39],[9,30],[16,43],[20,48],[21,49],[63,145],[42,98],[39,91],[18,42],[16,41],[7,19],[12,39],[11,38],[10,52],[5,32],[4,30],[3,30],[2,60],[2,85],[1,110],[3,278],[0,58],[-1,28],[-2,28],[-5,44],[-5,26],[-5,24],[-11,42],[-11,35],[-13,31],[-12,30],[-26,58],[-75,164],[-23,48],[-11,25],[-10,26],[-10,26],[-8,26],[-8,27],[-7,27],[-5,27],[-4,26],[-3,27],[-2,27],[-1,27],[1,28],[1,27],[6,49],[10,48],[13,47],[17,45],[19,43],[11,20],[12,20],[24,35],[26,31],[28,28],[103,93],[17,13],[36,24],[37,18],[20,8],[19,7],[20,5],[20,4],[20,4],[40,2],[40,-2],[148,-15],[177,-16],[31,-3],[31,-1],[32,1],[31,4],[32,7],[30,10],[14,6],[30,15],[29,18],[13,9],[23,19],[27,26],[14,16],[21,27],[31,45],[66,113],[46,81],[29,48],[15,24],[27,39],[20,27],[22,27],[15,19],[33,35],[35,34],[18,17],[55,46],[142,116],[37,30],[71,59],[229,188],[218,178],[32,26],[104,85],[72,60],[54,44],[54,44],[139,114],[68,55],[38,28],[31,18],[44,20],[30,10],[32,8],[25,3],[24,2],[25,1],[57,-1],[58,-2],[143,-7],[50,-2],[165,-8],[33,-2],[47,0],[24,1],[24,3],[31,6],[30,9],[30,12],[45,21],[98,52],[109,58],[161,89],[53,29],[53,28],[135,69],[133,64],[65,33],[151,79],[176,93],[23,11],[22,11],[23,9],[35,10],[44,8],[106,14],[210,25],[57,9],[20,5],[21,7],[20,7],[20,9],[20,10],[19,11],[29,20],[31,26],[17,17],[16,18],[16,19],[30,37],[148,194],[86,111],[19,27],[19,27],[19,28],[22,39],[20,42],[19,44],[7,22],[15,44],[13,45],[42,148],[30,107],[58,205],[58,208],[29,103],[9,30],[10,29],[11,28],[19,43],[11,20],[25,38],[24,32],[29,31],[16,15],[30,25],[32,20],[30,15],[32,13],[18,6],[35,7],[46,5],[23,1],[54,2],[306,4],[59,0],[22,1],[22,2],[22,3],[21,4],[31,8],[31,12],[29,15],[27,17],[29,22],[30,27],[21,22],[20,23],[23,28],[111,139],[26,31],[18,19],[17,17],[18,17],[19,16],[38,28],[19,13],[40,23],[39,17],[40,15],[19,5],[37,9],[34,4],[19,1],[37,-1],[37,-3],[31,-6],[31,-9],[30,-12],[17,-8],[33,-19],[16,-11],[38,-29],[83,-69],[98,-84],[48,-40],[42,-35],[16,-13],[32,-22],[31,-17],[17,-9],[36,-16],[29,-10],[48,-16],[200,-57],[52,-13],[37,-6],[37,-3],[36,1],[25,3],[29,5],[25,5],[295,72],[63,15],[52,11],[134,28],[54,12],[51,11],[287,68],[135,32],[49,13],[41,15],[20,9],[32,17],[66,38],[179,107],[60,36],[41,24],[35,17],[34,13],[36,9],[19,2],[36,3],[37,-2],[35,-7],[29,-8],[28,-9],[27,-10],[70,-26],[257,-99],[23,-9],[22,-11],[22,-11],[28,-18],[27,-20],[25,-23],[20,-21],[26,-33],[24,-36],[25,-43],[52,-96],[117,-219],[35,-67],[19,-40],[16,-39],[14,-40],[7,-24],[13,-48],[10,-46],[22,-110],[17,-75],[15,-57],[13,-38],[14,-36],[15,-33],[10,-19],[23,-37],[23,-31],[26,-28],[29,-26],[33,-25],[18,-11],[43,-24],[31,-16],[198,-95],[26,-12],[26,-10],[27,-10],[26,-8],[43,-10],[44,-6],[78,-6],[130,-9],[111,-8],[40,-1],[39,0],[28,1],[35,3],[48,6],[50,9],[31,7],[31,8],[30,9],[314,102],[283,92],[186,61],[59,18],[32,8],[49,11],[33,4],[33,2],[33,1],[33,0],[33,-1],[33,-2],[413,-52],[207,-21],[66,-4],[70,-4],[152,-18],[211,-27],[173,-21],[100,-13],[158,-19],[259,-33],[172,-21],[88,-11],[258,-33],[173,-22],[86,-10],[433,-54],[86,-11],[260,-33],[166,-20],[247,-32],[83,-10],[86,-11],[86,-10],[260,-33],[428,-53],[317,-40],[76,-8],[98,-7],[61,-2],[34,0],[68,4]],[[77693,51717],[114,10],[126,12],[623,61]],[[78556,51800],[57,5],[109,12],[24,3],[36,8],[24,8],[36,14],[36,18],[17,11],[34,24],[31,27],[15,15],[29,30],[27,33],[36,49],[42,61],[210,312],[276,408],[41,58],[21,30],[38,47],[32,35],[18,19],[30,29],[37,32],[45,36],[26,19],[117,84],[293,209],[378,270],[75,54],[141,100],[35,23],[35,23],[36,21],[24,14],[49,26],[30,15],[31,13],[51,22],[53,21],[78,33],[113,45],[166,66],[41,15],[45,18],[58,21],[59,21],[60,20],[67,20],[83,25],[144,42],[287,85],[281,82],[103,31],[105,31],[64,19],[24,5],[48,8],[36,6],[28,7],[81,22],[62,13],[27,4],[45,3],[21,0],[42,-4],[43,-7],[80,-17],[89,-19],[316,-70],[117,-26],[222,-49],[285,-62],[52,-13],[45,-12],[36,-15],[18,-9],[30,-18],[29,-21],[29,-25],[26,-29],[25,-32],[21,-31],[16,-28],[19,-40],[17,-45],[14,-47],[14,-57],[30,-119],[12,-42],[12,-40],[17,-44],[18,-43],[14,-29],[19,-33],[24,-36],[12,-18],[26,-32],[36,-41],[24,-25],[24,-24],[62,-63],[192,-191],[161,-162],[45,-44],[36,-31],[24,-18],[23,-16],[24,-14],[42,-19],[27,-10],[28,-8],[14,-4],[33,-4],[37,-2],[20,0],[21,2],[34,6],[37,10],[37,14],[53,21],[106,45],[74,31],[87,37],[35,14],[41,14],[30,8],[32,5],[32,2],[15,0],[33,-3],[35,-8],[29,-10],[33,-15],[18,-10],[32,-20],[29,-25],[22,-20],[21,-23],[26,-34],[12,-18],[14,-23],[21,-41],[9,-21],[15,-43],[12,-43],[8,-44],[4,-26],[2,-25],[2,-26],[0,-30],[-3,-44],[-5,-43],[-5,-25],[-11,-47],[-7,-24],[-16,-45],[-22,-60],[-31,-78],[-149,-374],[-15,-41],[-15,-41],[-13,-45],[-6,-24],[-11,-45],[-6,-34],[-6,-38],[-5,-39],[-4,-40],[-4,-39],[-3,-39],[-19,-227],[-23,-288],[-15,-180],[-7,-102],[-4,-60],[-2,-58],[0,-52],[1,-28],[4,-53],[5,-59],[6,-45],[10,-58],[16,-82],[29,-134],[15,-63],[58,-263],[22,-102],[10,-53],[8,-53],[7,-43],[6,-43],[3,-35],[6,-69],[3,-80],[1,-46],[1,-46],[-1,-46],[-2,-62],[-4,-70],[-4,-74],[-3,-42],[-3,-31],[-11,-96],[-4,-38],[-22,-188],[-5,-50],[-11,-88],[-16,-145],[-20,-169],[-7,-78],[-3,-41],[-2,-40],[0,-27],[1,-54],[2,-25],[6,-50],[4,-28],[5,-29],[7,-28],[7,-28],[16,-53],[19,-56],[12,-34],[46,-126],[69,-186],[28,-76],[13,-37],[26,-74],[73,-198],[52,-140],[79,-217],[10,-22],[10,-23],[11,-21],[12,-21],[13,-20],[14,-19],[14,-19],[15,-18],[15,-16],[16,-16],[17,-15],[18,-13],[17,-13],[19,-11],[18,-11],[213,-99]],[[42697,45471],[-358,33],[-35,2],[-36,2],[-110,0],[-34,2],[-35,3],[-663,61],[-23,1],[-24,1],[-82,0]],[[35020,51531],[-25,36],[-30,47],[-27,45],[-31,53],[-46,79],[-24,39],[-25,41],[-20,28],[-25,34],[-33,40],[-29,33],[-20,20],[-33,31],[-44,38],[-83,69],[-39,33],[-20,18],[-24,23],[-24,24],[-24,25],[-22,26],[-34,42],[-22,29],[-190,247],[-27,35],[-28,34],[-27,33],[-29,33],[-64,72]],[[33951,52838],[-98,112],[-34,41],[-19,25],[-19,26],[-18,27],[-16,28],[-17,28],[-15,29],[-14,30],[-14,30],[-13,31],[-12,32],[-10,32],[-9,28],[-16,56],[-18,67],[-19,65],[-11,34],[-11,33],[-22,60],[-21,53],[-122,301],[-36,89],[-104,258],[-33,80],[-17,39],[-18,39],[-19,38],[-14,27],[-16,27],[-16,26],[-17,25],[-17,25],[-18,23],[-19,24],[-26,30],[-27,29],[-28,28],[-57,54],[-393,374],[-29,28],[-24,21],[-24,20],[-24,19],[-25,18],[-25,17],[-26,16],[-26,14],[-51,27],[-67,33],[-38,21],[-28,17],[-21,14],[-20,16],[-20,16],[-19,18],[-19,18],[-17,20],[-18,20],[-16,22],[-16,22],[-14,23],[-15,24],[-13,25],[-12,25],[-11,26],[-11,27],[-10,27],[-8,28],[-8,28],[-7,29],[-5,29],[-5,29],[-4,29],[-2,30],[-2,30],[0,30],[0,30],[1,29],[3,30],[4,29],[4,30],[6,29],[6,28],[8,29],[8,26],[9,27],[10,25],[11,25],[12,25],[12,23],[14,23],[14,23],[18,25],[20,25],[19,24],[41,47],[423,480],[28,30],[28,29],[28,29],[30,27],[51,46],[35,34],[18,19],[18,20],[16,21],[16,21],[15,23],[15,23],[13,24],[13,25],[12,25],[11,26],[10,27],[9,27],[9,28],[7,28],[6,29],[6,28],[4,29],[4,30],[2,29],[2,30],[0,29],[0,30],[-2,29],[-5,57],[-4,28],[-5,27],[-6,27],[-7,26],[-8,26],[-8,26],[-10,25],[-10,25],[-12,24],[-12,23],[-13,23],[-13,22],[-15,21],[-20,27]],[[32747,58331],[-24,28],[-29,30],[-15,14],[-36,28],[-36,26],[-46,32],[-36,26],[-42,35],[-15,14],[-27,29],[-19,23],[-18,24],[-17,26],[-16,26],[-15,28],[-14,28],[-12,30],[-12,30],[-10,31],[-9,31],[-8,31],[-6,33],[-5,33],[-4,33],[-3,33],[-1,33],[0,33],[2,34],[2,33],[4,33],[5,33],[20,131],[10,65],[8,66],[4,33],[5,67],[2,33],[1,67],[0,33],[-1,67],[-2,33],[-6,67],[-7,66],[-8,63],[-8,43],[-9,43],[-9,41],[-10,40],[-25,91],[-29,109],[-9,29],[-10,28],[-11,28],[-11,27],[-13,26],[-13,26],[-15,25],[-13,21],[-14,20],[-16,21],[-17,21],[-17,20],[-18,18],[-19,17],[-39,32],[-20,14],[-75,51],[-20,15],[-20,16],[-19,17],[-18,18],[-18,19],[-29,35],[-14,19],[-26,40],[-23,43],[-11,25],[-11,25],[-9,26],[-9,27],[-8,27],[-11,48],[-8,48],[-13,96],[-27,188],[-19,143],[-4,25],[-17,81],[-11,56],[-5,35],[-4,38],[-3,75],[0,95],[3,48],[5,55],[9,61],[6,34],[7,34],[15,57],[14,47],[14,46],[77,242],[14,45],[13,46],[13,46],[11,46],[10,47],[10,47],[9,47],[7,48],[7,48],[6,48],[5,48],[11,112],[5,41],[4,31],[6,31],[6,30],[7,30],[8,30],[9,29],[10,29],[11,28],[11,28],[13,27],[25,50],[43,77],[20,36],[22,44],[11,26],[11,27],[9,28],[8,28],[8,28],[6,29],[6,29],[4,30],[3,29],[3,30],[1,30],[0,30],[-1,30],[-2,30],[-2,29],[-4,30],[-9,48],[-8,34],[-16,55],[-102,354],[-9,34],[-13,50],[-7,29],[-6,30],[-4,30],[-4,30],[-3,30],[-2,30],[-1,30],[0,31],[1,30],[1,36],[3,35],[10,119],[4,63],[2,48],[-1,31],[-1,32],[-2,32],[-3,31],[-4,32],[-5,31],[-6,31],[-7,30],[-8,31],[-9,29],[-9,30],[-11,29],[-11,28],[-13,28],[-13,27],[-14,26],[-29,51],[-31,50],[-189,306],[-16,25],[-24,37],[-14,21],[-31,39],[-33,36],[-36,35],[-19,17],[-35,27],[-113,80],[-38,29],[-40,35],[-37,38],[-20,22],[-19,24],[-19,24],[-18,25],[-16,24],[-16,24],[-15,25],[-14,26],[-13,26],[-29,62],[-49,109],[-28,61],[-12,24],[-25,45],[-17,28],[-65,103],[-16,27],[-15,27],[-15,28],[-13,29],[-14,29],[-12,30],[-12,31],[-11,30],[-10,32],[-9,31],[-8,32],[-8,32],[-27,127],[-14,61],[-13,45],[-8,28],[-10,27],[-10,27],[-11,27],[-12,25],[-12,26],[-13,24],[-14,24],[-15,24],[-30,44],[-17,23],[-36,45],[-76,95],[-33,42],[-16,22],[-15,23],[-13,22],[-13,23],[-12,24],[-11,25],[-10,25],[-10,25],[-8,27],[-8,26],[-6,27],[-6,28],[-5,27],[-3,28],[-4,34],[-2,33],[-1,33],[-1,68],[-4,409],[0,96],[1,48],[2,48],[3,48],[4,34],[4,35],[6,34],[7,34],[7,34],[12,46],[14,45],[14,44],[15,44],[73,205],[19,53],[21,53],[22,50],[18,38],[25,50],[42,80],[29,59],[14,31],[10,25],[9,26],[9,26],[8,27],[6,27],[6,27],[5,28],[3,28],[3,28],[2,28],[1,29],[0,28],[-1,40],[-2,22],[-6,46],[-3,22],[-7,34],[-16,67],[-27,105],[-14,64],[-7,32],[-6,41],[-4,25],[-4,51],[-2,33],[-1,66],[1,66],[14,872],[1,64],[-1,64],[-2,64],[-5,65],[-9,65],[-7,47],[-6,31],[-13,62],[-24,119],[-6,30],[-6,35],[-5,35],[-4,36],[-3,36],[-2,36],[-1,36],[0,36],[1,36],[2,35],[3,36],[3,36],[5,35],[6,36],[7,35],[22,98],[9,38],[10,36],[10,35],[12,35],[12,35],[13,34],[14,33],[15,33],[16,32],[17,32],[17,30],[18,30],[15,24],[48,72],[22,33],[58,81],[38,51],[38,51],[39,50],[40,49],[40,48],[179,204],[68,81]],[[31112,74930],[41,50],[23,32],[11,13],[48,68],[16,24],[15,24],[14,25],[13,26],[12,26],[11,27],[34,84],[48,124],[33,72],[25,46],[27,46],[28,38],[41,51],[49,49],[83,81],[60,54],[29,29],[29,29],[27,31],[18,23],[18,23],[17,25],[16,25],[15,26],[14,26],[14,28],[21,48],[16,42],[15,43],[14,43],[14,43],[62,207]],[[32083,76581],[115,379],[7,26],[40,132],[12,44],[12,45],[12,44],[11,45],[38,164],[9,40],[14,53],[36,131],[15,60],[16,67],[177,766],[11,52],[12,52],[12,61],[12,70],[6,40],[11,79],[17,135],[7,47],[8,47],[10,46],[11,48],[7,24],[14,44],[15,44],[17,43],[17,43],[105,249],[13,31],[18,45],[50,135],[12,32],[22,55],[19,45],[41,95],[15,34],[15,33],[17,33],[16,31],[16,27],[17,27],[18,26],[18,24],[19,24],[20,24],[20,22],[21,21],[22,20],[31,27],[32,25],[33,24],[67,45],[376,252],[49,33],[21,17],[22,18],[21,19],[20,20],[19,20],[18,20],[18,22],[17,22],[16,23],[16,24],[15,25],[15,25],[13,26],[13,27],[12,27],[16,37],[109,281],[16,45],[11,40],[10,37],[11,42],[43,127],[72,211],[25,74],[23,74],[11,39],[10,39],[10,40],[9,39],[8,39],[14,78],[14,78],[123,706],[13,71],[7,36],[8,35],[9,35],[8,29],[10,28],[10,28],[11,27],[12,27],[13,26],[13,25],[25,42],[13,20],[22,30],[30,39],[42,51],[36,47],[18,25],[17,25],[13,22],[12,22],[11,23],[11,24],[10,24],[15,43],[8,26],[7,27],[6,28],[6,28],[4,28],[3,28],[2,28],[1,29],[0,28],[-1,28],[-2,29],[-2,28],[-4,28],[-5,28],[-6,27],[-7,27],[-7,27],[-9,26],[-10,26],[-10,25],[-12,25],[-12,24],[-13,23],[-14,22],[-14,22],[-16,21],[-16,20],[-18,21],[-40,39],[-40,38],[-418,384],[-60,55],[-29,29],[-28,30],[-27,31],[-17,22],[-16,22],[-28,41],[-22,38],[-20,38],[-20,39],[-20,40],[-51,105],[-29,54],[-16,27],[-18,27],[-18,25],[-18,24],[-45,48],[-37,37],[-40,38],[-33,29],[-28,26],[-28,27],[-27,27],[-18,21],[-36,45],[-34,47],[-15,23],[-29,48],[-20,40],[-20,40],[-38,84],[-141,308],[-17,33],[-25,45],[-17,27],[-17,27],[-19,26],[-19,25],[-20,24],[-20,23],[-21,22],[-25,24],[-49,44],[-89,78],[-26,23],[-26,24],[-24,25],[-31,35],[-19,22],[-17,24],[-17,24],[-16,25],[-16,26],[-14,27],[-14,27],[-13,28],[-12,29],[-12,29],[-16,48],[-11,38],[-10,37],[-10,39],[-26,112],[-13,58],[-16,60],[-10,32],[-21,63],[-20,54],[-14,36],[-400,1021],[-19,48],[-46,124],[-36,89],[-39,99],[-37,99],[-12,40],[-6,30],[-9,48],[-12,71],[-20,186],[-2,22],[-8,58],[-10,53],[-5,37],[-2,39],[-8,133],[-11,149],[-12,128],[-11,170],[-12,151],[-8,82],[-8,60],[-12,53],[-14,49],[-17,48],[-9,21],[-20,41],[-22,39],[-12,18],[-25,34],[-26,30],[-29,29],[-17,15],[-34,26],[-37,22],[-38,17],[-39,14],[-39,8],[-23,3],[-23,2],[-23,1],[-53,0],[-19,-1],[-38,1],[-38,6],[-19,5],[-37,12],[-37,16],[-38,21],[-18,12],[-36,27],[-33,30],[-18,17],[-16,19],[-16,20],[-15,20],[-14,22],[-14,22],[-11,21],[-11,21],[-17,40],[-24,60],[-41,113],[-30,77],[-9,27],[-16,54],[-13,55],[-10,55],[-8,55],[-3,28],[-14,166],[-11,158],[-18,238],[-2,64],[1,32],[2,63],[5,44],[5,44],[4,39],[3,40],[2,40],[1,40],[-2,46],[-2,28],[-4,28],[-4,27],[-6,27],[-6,27],[-7,26],[-8,26],[-9,26],[-11,26],[-11,25],[-12,25],[-13,24],[-14,23],[-15,23],[-15,21],[-17,21],[-17,20],[-17,19],[-38,35],[-20,17],[-20,16],[-21,14],[-21,14],[-21,13],[-22,12],[-21,9],[-20,9],[-22,7],[-21,6],[-21,5],[-22,4],[-22,2],[-22,2],[-42,-2],[-42,-6],[-42,-9],[-21,-7],[-28,-13],[-29,-14],[-28,-15],[-28,-15],[-49,-30],[-22,-12],[-43,-19],[-21,-7],[-21,-7],[-22,-5],[-21,-4],[-22,-2],[-22,-1],[-27,1],[-35,4],[-36,7],[-35,11],[-32,14],[-37,20],[-38,26],[-30,25],[-25,24],[-28,33],[-12,15],[-31,47],[-25,47],[-20,47],[-16,47],[-13,48],[-8,48],[-3,30],[0,9],[-3,39],[-5,118],[-3,79],[-4,120],[-2,39],[0,114],[1,30],[1,44],[-1,37],[2,74],[-3,71],[-1,37],[-4,79],[-6,71],[-9,54],[-23,116],[-14,78],[-8,41],[-7,39],[-8,40],[-9,39],[-10,37],[-10,35],[-14,44],[-14,35],[-13,30],[-3,7],[-16,37],[-14,38],[-12,37],[-17,71],[-6,36],[-5,37],[-3,73],[0,14],[5,109],[4,69],[1,30],[0,31],[-1,30],[-2,30],[-2,30],[-15,143],[-20,185],[-13,116],[-12,102],[-9,79],[-8,60],[-5,26],[-12,51],[-15,49],[-8,24],[-18,47],[-19,50],[-24,77],[-12,53],[-7,57],[-4,36],[-1,55],[1,104],[4,87],[1,58],[-3,47],[-9,67],[-8,44],[-9,33],[-11,37],[-12,33],[-12,29],[-23,50],[-13,23],[-25,42],[-20,28],[-17,22],[-23,25],[-34,34],[-55,53],[-14,15],[-16,19],[-15,19],[-14,21],[-14,22],[-12,22],[-12,23],[-11,24],[-10,24],[-10,25],[-8,26],[-7,25],[-6,26],[-5,25],[-4,26],[-3,26],[-2,27],[-2,26],[0,26],[0,27],[2,26],[2,26],[3,26],[4,26],[5,26],[6,25],[7,25],[13,43],[12,43],[12,44],[11,44],[6,31],[4,31],[3,31],[3,32],[0,55],[-2,56],[-6,55],[-9,54],[-7,28],[-7,28],[-9,27],[-9,27],[-10,27],[-25,51],[-27,49],[-27,40],[-32,42],[-86,95],[-117,123],[-24,23],[-24,22],[-73,59],[-203,153],[-19,14],[-18,15],[-18,16],[-17,17],[-16,18],[-16,19],[-16,20],[-14,20],[-14,21],[-14,22],[-12,23],[-12,23],[-54,131],[-104,264],[-65,166],[-63,156],[-17,36],[-16,35],[-45,90],[-43,83],[-22,48],[-10,24],[-19,50],[-10,34],[-10,34],[-8,34],[-8,35],[-7,35],[-21,117],[-17,100],[-6,36],[-7,35],[-8,35],[-9,35],[-10,35],[-10,34],[-11,32],[-12,32],[-23,55],[-22,44],[-38,67],[-31,53],[-94,157],[-56,96],[-103,171],[-162,275],[-108,181],[-55,92],[-18,30],[-24,38],[-18,26],[-31,42],[-56,66],[-127,132],[-19,20],[-18,21],[-18,22],[-17,23],[-16,24],[-16,25],[-18,32],[-32,61]],[[25900,104279],[-19,41],[-16,34],[-89,182],[-40,80],[-66,136],[-44,92],[-13,27],[-14,26],[-15,26],[-15,25],[-16,24],[-17,24],[-16,20],[-17,20],[-17,18],[-18,17],[-18,17],[-19,15],[-19,14],[-20,13],[-39,22],[-37,17],[-38,13],[-39,10],[-23,3],[-22,3],[-23,1],[-23,1],[-23,-1],[-22,-2],[-23,-3],[-23,-5],[-22,-6],[-23,-7],[-22,-9],[-22,-9],[-22,-10],[-21,-12],[-36,-23],[-35,-28],[-16,-15],[-32,-32],[-46,-55],[-89,-118],[-35,-41],[-21,-22],[-20,-21],[-22,-20],[-22,-19],[-22,-18],[-24,-17],[-23,-16],[-24,-15],[-24,-13],[-25,-13],[-25,-12],[-25,-10],[-26,-9],[-26,-9],[-100,-33],[-26,-12],[-25,-13],[-25,-14],[-25,-15],[-24,-17],[-23,-17],[-23,-19],[-20,-18],[-18,-18],[-19,-20],[-17,-20],[-17,-22],[-81,-104]],[[23864,104268],[-145,-188],[-118,-151],[-18,-22],[-19,-20],[-20,-20],[-20,-18],[-21,-18],[-21,-16],[-20,-13],[-166,-106],[-56,-31],[-47,-24],[-22,-10],[-23,-8],[-23,-7],[-23,-6],[-24,-5],[-23,-3],[-24,-2],[-23,-1],[-24,0],[-24,2],[-23,3],[-24,4],[-23,6],[-22,6],[-22,7],[-21,9],[-22,10],[-21,11],[-20,12],[-20,13],[-20,14],[-19,15],[-19,16],[-18,17],[-17,18],[-17,19],[-19,24],[-17,24],[-17,25],[-16,26],[-16,26],[-31,60],[-29,56],[-49,101],[-21,47],[-17,50],[-14,51],[-10,52],[-26,153],[-9,45],[-6,28],[-7,27],[-8,27],[-17,50],[-9,24],[-20,45],[-23,43],[-15,24],[-15,23],[-17,23],[-17,21],[-18,20],[-18,20],[-19,17],[-19,17],[-20,16],[-20,14],[-21,13],[-21,12],[-22,11],[-22,10],[-22,8],[-23,8],[-22,6],[-23,5],[-23,3],[-24,2],[-23,1],[-23,0],[-23,-2],[-23,-3],[-23,-4],[-23,-6],[-23,-6],[-22,-8],[-22,-10],[-22,-10],[-21,-12],[-21,-12],[-21,-14],[-20,-15],[-19,-17],[-19,-17],[-18,-18],[-18,-19],[-32,-39],[-28,-40],[-14,-21],[-87,-133],[-55,-85],[-165,-258],[-18,-25],[-19,-25],[-19,-24],[-20,-23],[-20,-22],[-20,-22],[-269,-246],[-157,-139],[-41,-32],[-42,-28],[-43,-24],[-166,-83],[-438,-210],[-39,-18],[-38,-17],[-39,-16],[-34,-12],[-26,-7],[-27,-7],[-26,-5],[-27,-3],[-26,-3],[-27,-1],[-27,0],[-26,2],[-27,3],[-26,4],[-27,5],[-26,6],[-26,8],[-26,9],[-25,11],[-25,11],[-25,13],[-24,14],[-32,21],[-36,25],[-35,26],[-34,28],[-124,98],[-216,172],[-22,21],[-22,21],[-22,22],[-20,24],[-21,24],[-19,25],[-19,25],[-18,27],[-18,27],[-16,28],[-93,164],[-87,148],[-17,25],[-18,25],[-18,24],[-20,23],[-20,22],[-20,21],[-21,20],[-22,19],[-22,18],[-23,17],[-23,16],[-24,15],[-24,13],[-25,13],[-25,11],[-25,10],[-25,9],[-26,8],[-26,6],[-26,5],[-26,4],[-27,3],[-26,1],[-26,0],[-27,-1],[-26,-2],[-26,-3],[-26,-5],[-142,-30],[-202,-43],[-233,-50],[-289,-64],[-270,-61],[-243,-51],[-30,-8],[-30,-6],[-31,-4],[-30,-4],[-30,-2],[-31,-1],[-30,0],[-29,1],[-28,3],[-28,4],[-29,6],[-28,7],[-28,8],[-27,9],[-27,10],[-27,12],[-27,13],[-26,14],[-26,15],[-26,17],[-25,17],[-24,19],[-24,20],[-129,113],[-205,179],[-142,126],[-278,245],[-42,40],[-29,27],[-34,37],[-27,30],[-39,46],[-36,44],[-49,66],[-46,65],[-20,31],[-19,31],[-21,39],[-93,175],[-119,229]],[[34846,51833],[-44,80],[-16,26],[-19,25],[-47,57],[-43,49],[-40,45],[-17,17],[-46,41],[-160,138],[-36,32],[-18,17],[-17,18],[-16,19],[-32,40],[-51,65],[-54,72],[-54,70],[-52,65],[-34,40],[-19,20],[-37,36],[-32,35],[-115,134]],[[31112,74930],[38,36],[42,51],[38,51],[50,83],[10,19],[19,38],[12,30],[72,178],[22,53],[23,52],[14,27],[15,27],[16,26],[16,25],[18,24],[17,24],[19,23],[19,21],[28,29],[19,18],[38,35],[66,59],[37,35],[19,18],[27,27],[19,22],[19,23],[18,23],[18,25],[16,25],[16,26],[15,27],[15,27],[13,29],[13,28],[12,30],[9,26],[18,55],[17,54],[29,100],[16,61],[14,61]],[[42697,45417],[-412,38],[-46,6],[-73,14],[-43,6],[-307,30],[-567,52],[-66,7],[-28,5],[-28,5],[-28,7],[-27,8],[-28,9],[-27,10],[-27,11],[-26,12],[-27,14],[-26,14],[-59,37],[-476,304],[-26,16],[-39,24],[-29,17],[-30,15],[-31,14],[-30,14],[-31,11],[-31,11],[-32,10],[-32,8],[-31,7],[-32,6],[-33,4],[-32,4],[-32,2],[-32,0],[-44,0],[-29,-1],[-705,-27],[-63,-2],[-63,0],[-32,1],[-31,2],[-31,4],[-31,5],[-32,6],[-30,7],[-31,8],[-31,10],[-30,10],[-30,12],[-30,13],[-49,24],[-38,21],[-39,22],[-1509,869],[-29,17],[-42,26],[-32,20],[-30,22],[-31,23],[-29,24],[-30,25],[-28,26],[-28,27],[-28,28],[-26,29],[-26,30],[-26,31],[-26,35],[-26,35],[-25,35],[-25,37],[-23,37],[-24,38],[-21,36],[-20,37],[-19,38],[-19,38],[-18,39],[-17,40],[-16,40],[-15,41],[-14,41],[-14,42],[-13,42],[-11,42],[-12,45],[-20,82],[-125,504],[-12,51],[-12,51],[-11,60],[-5,34],[-5,35],[-3,35],[-2,34],[-3,62],[1,53],[1,54],[6,315],[1,54],[0,53],[-3,58],[-3,31],[-3,31],[-5,30],[-5,31],[-7,30],[-7,30],[-8,29],[-9,29],[-10,29],[-17,46],[-17,45],[-18,45],[-18,44],[-20,44],[-19,43],[-24,51],[-23,46],[-24,45],[-25,44],[-35,62],[-23,38],[-47,74],[-196,297],[-36,54],[-16,23],[-33,45],[-50,65],[-32,40],[-38,45],[-34,39],[-39,42],[-26,24],[-83,89],[-32,36],[-25,28],[-19,25],[-25,34],[-30,44],[-40,65],[-72,124],[-30,50],[-29,46],[-19,28],[-25,34],[-20,25],[-26,30],[-31,33],[-19,18],[-63,56],[-83,69],[-39,33],[-19,17],[-25,23],[-24,25],[-24,25],[-23,27],[-34,42],[-22,28],[-190,248],[-27,34],[-27,34],[-28,33],[-28,33],[-162,184],[-35,41],[-31,41],[-15,22],[-14,23],[-30,50],[-13,26],[-24,51],[-23,54],[-18,52],[-9,30],[-16,56],[-18,66],[-19,66],[-22,66],[-11,32],[-21,54],[-160,396],[-111,276],[-33,80],[-17,39],[-18,39],[-18,38],[-15,27],[-15,27],[-16,26],[-17,25],[-17,24],[-18,24],[-19,23],[-26,30],[-27,29],[-28,28],[-57,55],[-394,375],[-30,28],[-23,21],[-24,19],[-24,19],[-25,18],[-25,17],[-25,16],[-49,26],[-96,49],[-38,20],[-28,17],[-20,14],[-20,15],[-20,16],[-18,17],[-19,18],[-17,19],[-17,20],[-17,21],[-15,22],[-15,23],[-14,23],[-14,24],[-12,25],[-12,26],[-10,26],[-10,26],[-9,28],[-8,27],[-7,28],[-6,29],[-5,28],[-4,29],[-3,29],[-3,30],[-1,29],[0,29],[1,30],[2,29],[2,29],[4,29],[5,29],[6,29],[6,28],[8,26],[8,26],[9,26],[10,25],[10,24],[12,24],[12,24],[13,22],[25,37],[26,35],[27,34],[57,64],[404,458],[27,30],[29,30],[28,28],[30,28],[50,45],[34,32],[18,19],[17,20],[17,20],[16,22],[15,22],[14,24],[14,23],[12,25],[12,25],[11,26],[10,27],[9,27],[9,27],[7,28],[6,29],[6,28],[4,29],[4,29],[2,30],[1,29],[1,29],[-1,30],[-1,29],[-6,57],[-4,28],[-5,28],[-6,27],[-7,27],[-8,26],[-9,26],[-10,25],[-11,25],[-12,24],[-12,23],[-13,23],[-14,22],[-15,21],[-16,20],[-16,20],[-17,18],[-17,17],[-19,17],[-34,27],[-36,26],[-43,29],[-34,24],[-24,20],[-19,16],[-18,18],[-18,18],[-16,19],[-16,21],[-16,21],[-15,22],[-13,22],[-14,24],[-12,24],[-11,25],[-11,25],[-10,26],[-8,27],[-8,27],[-11,41],[-6,31],[-6,33],[-4,34],[-2,33],[-1,34],[0,34],[2,33],[2,34],[4,33],[10,65],[15,99],[10,66],[8,65],[6,66],[4,66],[2,66],[0,34],[-2,67],[-4,66],[-3,33],[-7,65],[-9,63],[-8,43],[-8,43],[-10,41],[-10,41],[-25,91],[-29,108],[-9,29],[-10,28],[-11,28],[-11,27],[-13,27],[-13,25],[-14,25],[-26,39],[-28,36],[-30,33],[-31,30],[-33,27],[-26,19],[-27,18],[-41,27],[-31,22],[-15,13],[-29,28],[-30,31],[-14,17],[-27,36],[-25,39],[-12,20],[-21,41],[-10,22],[-16,42],[-7,22],[-11,39],[-12,45],[-11,46],[-6,33],[-9,55],[-46,327],[-8,60],[-10,78],[-6,48],[-5,53],[-3,75],[0,95],[2,34],[3,34],[3,34],[5,34],[5,33],[6,33],[7,33],[8,33],[9,33],[14,46],[89,278],[13,45],[13,44],[12,45],[11,45],[11,46],[9,46],[9,46],[7,46],[7,47],[6,47],[5,47],[14,129],[4,42],[5,30],[5,30],[7,30],[7,30],[8,29],[9,29],[10,28],[10,28],[11,28],[13,27],[25,49],[49,88],[24,47],[12,24],[11,26],[10,25],[9,27],[8,26],[8,28],[6,27],[5,28],[5,28],[3,28],[3,29],[1,29],[1,28],[-1,29],[-1,29],[-2,28],[-4,28],[-4,29],[-5,28],[-6,27],[-18,66],[-103,356],[-9,33],[-13,49],[-7,30],[-6,30],[-5,30],[-3,31],[-3,31],[-2,31],[-2,31],[0,31],[3,57],[4,51],[9,111],[4,64],[1,48],[0,31],[-1,31],[-2,32],[-3,31],[-4,31],[-5,31],[-6,30],[-7,30],[-8,30],[-9,29],[-9,29],[-10,29],[-12,28],[-12,27],[-13,27],[-14,27],[-29,51],[-31,51],[-188,303],[-16,26],[-25,38],[-16,23],[-17,22],[-18,21],[-18,20],[-19,20],[-19,18],[-20,18],[-37,29],[-34,24],[-46,33],[-37,26],[-42,33],[-23,20],[-22,21],[-22,22],[-21,23],[-19,23],[-19,24],[-18,24],[-17,25],[-17,27],[-16,26],[-15,28],[-15,28],[-29,62],[-48,108],[-29,62],[-16,31],[-29,52],[-27,43],[-39,62],[-23,39],[-26,48],[-15,30],[-14,30],[-13,31],[-12,31],[-11,32],[-11,32],[-9,32],[-9,33],[-8,34],[-27,124],[-15,65],[-8,32],[-14,43],[-10,28],[-10,27],[-11,26],[-12,26],[-13,26],[-14,24],[-14,25],[-23,36],[-18,25],[-37,48],[-94,116],[-20,27],[-20,27],[-19,28],[-23,38],[-13,25],[-11,24],[-11,26],[-10,26],[-9,27],[-8,27],[-7,27],[-6,28],[-6,28],[-4,29],[-3,37],[-3,37],[-1,37],[-1,75],[-4,399],[-1,96],[1,48],[2,48],[4,48],[3,35],[5,35],[6,35],[6,35],[8,34],[12,46],[13,45],[15,44],[15,44],[72,204],[19,53],[21,53],[22,50],[18,38],[24,49],[45,86],[29,59],[14,30],[10,26],[10,26],[8,27],[8,28],[6,27],[6,28],[5,29],[3,28],[3,29],[1,29],[1,29],[0,29],[-2,29],[-2,29],[-4,29],[-4,28],[-7,34],[-16,67],[-27,107],[-15,65],[-9,49],[-5,31],[-4,32],[-2,32],[-2,34],[-1,67],[1,67],[14,872],[0,64],[0,64],[-2,64],[-3,33],[-6,65],[-5,32],[-8,47],[-5,31],[-13,62],[-24,119],[-6,29],[-6,36],[-5,35],[-4,36],[-3,36],[-2,36],[-1,37],[-1,36],[1,36],[2,36],[3,36],[4,36],[5,36],[6,36],[7,35],[8,38],[23,98],[10,36],[10,36],[12,35],[12,35],[13,34],[15,34],[15,33],[16,32],[16,32],[18,31],[18,30],[61,92],[22,33],[23,33],[37,52],[38,51],[38,51],[39,50],[40,49],[40,48],[292,344],[21,25],[20,27],[20,27],[18,28],[18,29],[17,29],[16,31],[15,31],[15,31],[13,33],[65,161],[19,45],[13,29],[14,27],[15,27],[15,27],[16,25],[17,25],[18,24],[18,23],[19,23],[19,21],[21,21],[43,40],[90,81],[27,26],[26,26],[26,27],[30,36],[17,22],[17,23],[15,24],[15,24],[15,25],[13,26],[13,27],[12,26],[15,39],[14,38],[13,40],[24,79],[195,645],[23,78],[18,63],[16,63],[16,63],[19,80],[275,1194],[13,58],[12,58],[6,29],[10,54],[26,183],[14,104],[7,46],[7,46],[9,45],[11,46],[13,47],[14,43],[15,43],[17,42],[34,82],[237,565],[35,82],[19,40],[19,40],[20,39],[15,26],[16,25],[17,25],[17,24],[17,23],[19,22],[19,22],[19,20],[20,20],[21,19],[30,26],[32,24],[32,24],[65,44],[355,237],[47,32],[22,16],[23,18],[22,18],[18,17],[18,17],[18,19],[16,19],[16,20],[16,21],[15,21],[14,23],[13,23],[13,24],[14,28],[13,29],[12,29],[24,60],[112,287],[15,40],[15,39],[14,40],[109,321],[24,73],[24,74],[12,38],[11,38],[10,39],[10,40],[9,39],[8,39],[14,78],[14,78],[123,707],[13,72],[7,35],[8,35],[9,35],[8,28],[9,27],[10,26],[10,27],[11,25],[12,25],[13,25],[13,24],[14,23],[15,22],[22,31],[30,39],[43,52],[37,47],[18,25],[17,26],[13,23],[13,23],[12,24],[11,25],[10,25],[9,26],[8,27],[7,27],[7,27],[5,27],[4,28],[4,28],[2,28],[2,29],[0,28],[-1,28],[-1,29],[-3,28],[-4,28],[-4,28],[-6,27],[-6,27],[-8,27],[-8,26],[-10,26],[-10,25],[-11,25],[-12,24],[-13,23],[-14,22],[-14,22],[-16,21],[-25,31],[-20,21],[-33,33],[-28,26],[-443,406],[-34,32],[-35,34],[-32,36],[-31,37],[-29,39],[-27,41],[-26,42],[-23,41],[-23,46],[-50,105],[-28,53],[-15,26],[-26,43],[-23,33],[-16,21],[-17,20],[-18,19],[-46,47],[-51,48],[-41,38],[-41,39],[-22,22],[-20,22],[-20,23],[-36,47],[-16,22],[-15,24],[-15,24],[-14,24],[-21,39],[-19,40],[-19,40],[-23,50],[-133,291],[-25,50],[-23,43],[-17,27],[-17,27],[-19,25],[-18,25],[-20,24],[-20,23],[-21,22],[-44,41],[-84,73],[-74,66],[-34,33],[-16,17],[-30,37],[-29,38],[-17,25],[-16,26],[-15,27],[-15,27],[-14,28],[-14,31],[-13,33],[-12,32],[-12,34],[-19,73],[-22,91],[-25,103],[-21,80],[-9,30],[-20,61],[-35,90],[-399,1019],[-9,25],[-93,238],[-31,78],[-33,87],[-20,57],[-9,28],[-14,45],[-7,33],[-7,33],[-6,33],[-5,34],[-4,33],[-15,182],[-4,46],[-7,100],[-9,140],[-14,177],[-28,373],[-10,112],[-3,29],[-10,59],[-6,25],[-14,49],[-17,48],[-8,21],[-20,41],[-23,38],[-12,19],[-25,33],[-25,30],[-30,30],[-33,28],[-18,12],[-36,22],[-38,18],[-39,13],[-40,9],[-23,3],[-23,2],[-23,1],[-91,-1],[-19,1],[-38,6],[-37,10],[-18,6],[-38,17],[-19,10],[-37,23],[-18,13],[-34,28],[-17,15],[-17,18],[-17,19],[-16,19],[-15,21],[-14,21],[-14,23],[-11,20],[-11,22],[-9,22],[-33,82],[-41,113],[-30,78],[-9,26],[-16,54],[-13,55],[-10,56],[-5,27],[-6,56],[-14,165],[-11,159],[-18,237],[-1,32],[0,64],[2,64],[5,43],[5,44],[4,40],[3,39],[2,40],[1,40],[0,26],[-2,26],[-2,26],[-3,26],[-5,25],[-5,26],[-6,24],[-7,25],[-7,24],[-19,50],[-11,25],[-12,25],[-13,24],[-14,23],[-15,23],[-15,22],[-16,20],[-17,20],[-18,19],[-37,36],[-19,17],[-20,16],[-20,15],[-21,14],[-22,13],[-22,12],[-20,9],[-21,9],[-21,7],[-21,6],[-22,5],[-21,4],[-22,2],[-22,2],[-42,-2],[-43,-5],[-41,-10],[-21,-7],[-29,-13],[-28,-14],[-28,-15],[-28,-15],[-49,-30],[-22,-11],[-43,-20],[-21,-7],[-21,-7],[-22,-5],[-22,-3],[-21,-3],[-37,0],[-21,1],[-35,4],[-38,9],[-30,9],[-26,12],[-34,18],[-40,26],[-31,25],[-24,21],[-37,43],[-35,48],[-16,27],[-10,20],[-22,47],[-19,48],[-14,48],[-10,48],[-2,13],[-3,36],[-3,62],[-2,36],[-3,74],[-11,221],[-1,37],[2,71],[0,73],[-1,36],[-2,36],[-5,109],[-4,109],[-1,36],[-4,87],[-4,49],[-6,39],[-39,207],[-8,40],[-10,44],[-9,38],[-12,36],[-11,34],[-18,50],[-7,13],[-16,37],[-15,37],[-12,36],[-11,37],[-8,35],[-7,38],[-5,36],[-4,37],[-1,34],[-1,30],[6,109],[5,69],[0,30],[0,31],[-1,30],[-1,30],[-3,30],[-15,143],[-19,185],[-14,116],[-12,102],[-9,79],[-8,60],[-5,26],[-12,51],[-14,49],[-9,24],[-18,47],[-19,50],[-24,77],[-11,54],[-8,56],[-4,36],[-1,55],[1,62],[1,40],[4,86],[1,59],[-3,47],[-9,67],[-8,44],[-9,33],[-11,37],[-12,33],[-12,29],[-23,50],[-13,23],[-25,41],[-20,29],[-17,21],[-23,26],[-34,34],[-55,52],[-16,18],[-16,19],[-15,20],[-14,21],[-14,21],[-13,23],[-12,23],[-11,23],[-10,25],[-9,25],[-8,25],[-7,26],[-6,25],[-5,26],[-4,26],[-3,26],[-3,26],[-1,27],[-1,26],[1,26],[1,27],[3,26],[3,26],[4,26],[5,25],[6,26],[7,25],[13,43],[12,43],[12,44],[11,43],[5,31],[5,32],[3,31],[2,32],[1,55],[-2,55],[-6,55],[-10,54],[-6,29],[-8,27],[-8,28],[-9,27],[-10,26],[-13,26],[-26,51],[-14,24],[-27,40],[-28,38],[-86,95],[-117,123],[-24,23],[-24,22],[-10,7],[-110,87],[-127,95],[-47,35],[-19,15],[-18,17],[-17,17],[-17,18],[-16,19],[-16,20],[-15,21],[-14,22],[-13,22],[-13,23],[-11,24],[-54,132],[-104,264],[-65,165],[-64,156],[-16,36],[-17,36],[-45,90],[-54,106],[-21,48],[-18,50],[-11,33],[-9,34],[-9,35],[-8,34],[-7,35],[-21,117],[-17,101],[-6,35],[-7,36],[-8,35],[-9,35],[-10,34],[-10,35],[-11,32],[-12,32],[-23,54],[-22,45],[-38,67],[-31,53],[-94,157],[-56,95],[-103,172],[-162,274],[-108,181],[-55,92],[-18,30],[-24,38],[-18,26],[-31,43],[-53,62],[-129,133],[-18,20],[-18,21],[-18,22],[-17,23],[-16,23],[-15,25],[-19,33],[-18,33],[-18,35],[-17,34],[-16,36],[-45,92],[-87,177],[-61,126],[-43,91],[-14,27],[-28,51],[-31,50],[-16,23],[-16,20],[-33,37],[-18,18],[-37,32],[-19,15],[-39,26],[-22,11],[-21,10],[-22,9],[-22,8],[-22,6],[-22,6],[-23,3],[-23,3],[-22,2],[-23,0],[-23,0],[-23,-2],[-23,-3],[-23,-5],[-22,-6],[-23,-7],[-22,-9],[-22,-9],[-22,-11],[-21,-11],[-21,-14],[-21,-14],[-20,-16],[-19,-17],[-19,-18],[-18,-19],[-47,-56],[-89,-117],[-35,-41],[-20,-22],[-21,-21],[-22,-20],[-22,-19],[-22,-18],[-23,-17],[-24,-16],[-24,-15],[-24,-13],[-25,-13],[-25,-12],[-25,-10],[-26,-10],[-26,-8],[-100,-33],[-26,-12],[-25,-13],[-25,-14],[-24,-15],[-25,-17],[-23,-17],[-23,-19],[-20,-18],[-18,-18],[-19,-20],[-17,-20],[-17,-22],[-224,-291],[-117,-151],[-19,-21],[-18,-21],[-20,-19],[-20,-19],[-21,-17],[-21,-16],[-22,-16],[-170,-108],[-52,-28],[-50,-25],[-38,-16],[-19,-7],[-40,-10],[-25,-4],[-25,-4],[-26,-1],[-25,-1],[-26,1],[-23,3],[-24,3],[-23,5],[-23,6],[-23,8],[-23,8],[-22,9],[-22,11],[-39,24],[-38,28],[-18,15],[-35,32],[-18,20],[-18,21],[-17,22],[-17,22],[-16,23],[-26,45],[-112,219],[-10,23],[-18,47],[-15,49],[-13,50],[-18,107],[-21,115],[-5,29],[-7,28],[-7,27],[-8,28],[-9,26],[-9,25],[-11,25],[-11,24],[-12,24],[-13,23],[-14,22],[-14,21],[-15,21],[-16,19],[-17,20],[-18,18],[-19,18],[-18,17],[-20,15],[-20,14],[-20,14],[-21,12],[-22,11],[-20,9],[-22,9],[-21,7],[-21,6],[-22,5],[-22,4],[-22,2],[-22,2],[-22,0],[-22,0],[-22,-2],[-22,-3],[-22,-5],[-23,-5],[-22,-7],[-22,-9],[-22,-9],[-22,-11],[-21,-12],[-21,-13],[-20,-14],[-20,-15],[-20,-18],[-20,-19],[-19,-20],[-19,-21],[-17,-21],[-18,-23],[-16,-23],[-160,-250],[-48,-76],[-59,-90],[-38,-60],[-18,-27],[-19,-27],[-19,-25],[-20,-25],[-21,-24],[-22,-22],[-22,-22],[-66,-62],[-96,-87],[-241,-216],[-24,-20],[-25,-19],[-25,-17],[-26,-17],[-26,-15],[-26,-15],[-151,-75],[-440,-210],[-39,-18],[-38,-17],[-39,-16],[-35,-12],[-26,-8],[-26,-6],[-27,-5],[-27,-4],[-27,-2],[-27,-2],[-27,1],[-27,1],[-26,3],[-27,4],[-27,5],[-26,7],[-26,8],[-26,9],[-26,11],[-25,11],[-25,13],[-25,14],[-32,21],[-36,25],[-35,27],[-159,125],[-215,173],[-22,20],[-22,21],[-22,23],[-21,23],[-20,24],[-19,25],[-19,26],[-19,26],[-17,28],[-17,28],[-92,164],[-87,147],[-17,26],[-18,25],[-19,24],[-19,22],[-20,22],[-20,22],[-22,20],[-21,19],[-23,18],[-22,17],[-24,15],[-23,15],[-24,14],[-25,12],[-25,11],[-25,10],[-26,9],[-25,8],[-26,6],[-26,6],[-26,4],[-27,2],[-26,2],[-27,0],[-26,-1],[-26,-2],[-27,-4],[-26,-5],[-142,-29],[-201,-44],[-233,-49],[-290,-64],[-269,-62],[-244,-51],[-30,-7],[-30,-6],[-30,-5],[-30,-3],[-31,-3],[-30,-1],[-30,0],[-29,2],[-28,3],[-29,4],[-28,5],[-28,7],[-28,8],[-27,10],[-28,10],[-27,12],[-27,13],[-26,14],[-26,15],[-25,16],[-25,18],[-25,19],[-24,19],[-129,114],[-204,178],[-142,126],[-278,246],[-43,39],[-28,28],[-34,36],[-27,30],[-39,46],[-36,44],[-50,66],[-45,66],[-20,30],[-19,31],[-21,39],[-93,175],[-114,220]],[[32747,58331],[-18,28],[-20,24],[-20,22],[-22,19],[-23,18],[-24,16],[-69,47],[-36,27],[-22,19],[-28,27],[-20,22],[-18,22],[-18,24],[-16,25],[-16,27],[-15,27],[-13,28],[-13,29],[-11,29],[-11,32],[-8,29],[-8,31],[-6,32],[-5,32],[-4,32],[-2,34],[-2,32],[1,32],[1,33],[3,33],[4,33],[5,34],[25,161],[9,67],[7,66],[3,34],[5,43],[3,58],[2,58],[0,52],[-2,35],[-3,61],[-4,46],[-7,51],[-10,56],[-14,66],[-13,54],[-12,51],[-34,126],[-18,64],[-9,31],[-10,31],[-11,31],[-26,60],[-24,43],[-25,39],[-17,25],[-19,24],[-20,23],[-21,21],[-21,21],[-22,19],[-23,17],[-24,16],[-46,32],[-24,16],[-22,16],[-21,18],[-21,20],[-20,21],[-20,22]],[[25900,104279],[-23,58],[-35,77],[-33,73],[-32,62],[-44,89],[-37,78],[-64,132],[-17,33],[-17,33],[-18,32],[-14,22],[-15,21],[-16,21],[-32,37],[-33,33],[-35,30],[-20,15],[-20,14],[-21,13],[-21,11],[-22,10],[-22,10],[-22,8],[-23,6],[-23,5],[-23,3],[-24,3],[-23,1],[-24,0],[-24,-1],[-23,-3],[-24,-4],[-23,-4],[-23,-7],[-21,-6],[-21,-8],[-21,-9],[-20,-10],[-40,-22],[-38,-27],[-18,-15],[-20,-19],[-19,-20],[-19,-21],[-18,-21],[-18,-22],[-61,-82],[-22,-27],[-40,-48],[-29,-30],[-19,-19],[-20,-18],[-21,-18],[-21,-16],[-46,-32],[-23,-15],[-43,-24],[-39,-18],[-45,-17],[-46,-15],[-79,-28],[-17,-6],[-23,-11],[-23,-12],[-23,-13],[-22,-14],[-21,-15],[-21,-16],[-21,-18],[-20,-18],[-20,-19],[-19,-20],[-35,-44],[-49,-71],[-25,-38]],[[46008,44411],[-20,37],[-14,32],[-29,69],[-11,23],[-24,47],[-33,56],[-16,26],[-17,25],[-18,25],[-18,23],[-19,23],[-20,22],[-21,21],[-20,19],[-21,19],[-22,18],[-21,16],[-23,16],[-43,29],[-43,24],[-27,13],[-26,12],[-28,10],[-27,10],[-28,8],[-28,7],[-28,6],[-28,4],[-28,3],[-29,2],[-28,1],[-27,0],[-26,-2],[-26,-3],[-258,-31],[-43,-5],[-109,-16],[-92,-11],[-47,-5],[-48,-3],[-25,1],[-24,1],[-24,2],[-24,4],[-24,4],[-24,6],[-24,6],[-24,7],[-30,11],[-140,54],[-42,18],[-52,27]],[[42697,45417],[39,-3],[33,-2],[123,-1],[34,-1],[35,-3],[351,-33],[43,-5],[36,-5],[37,-6],[36,-8],[36,-9],[52,-16],[56,-19],[263,-92],[54,-19],[53,-20],[139,-53]],[[44117,45122],[220,-85],[48,-16],[28,-8],[27,-7],[28,-5],[28,-4],[28,-3],[28,-2],[28,0],[28,1],[25,2],[48,5],[468,56],[38,5],[39,3],[19,0],[28,0],[28,-2],[28,-3],[27,-4],[28,-5],[27,-7],[28,-8],[27,-8],[26,-10],[27,-12],[26,-12],[26,-13],[25,-15],[25,-15],[23,-16],[22,-16],[22,-17],[22,-18],[21,-18],[20,-20],[20,-19],[18,-20],[18,-21],[19,-24],[18,-24],[18,-24],[16,-26],[16,-24],[14,-25],[13,-26],[18,-36],[11,-25],[21,-51],[37,-89]],[[46008,44411],[39,-93],[14,-33],[15,-33],[16,-32],[17,-32],[18,-30],[19,-30],[17,-25],[18,-24],[18,-24],[19,-23],[20,-21],[20,-21],[21,-20],[21,-20],[22,-18],[22,-17],[23,-16],[23,-15],[32,-19],[31,-18],[32,-16],[32,-15],[32,-14],[33,-13],[33,-12],[202,-69],[244,-82]],[[47061,43626],[28,-9],[53,-16],[36,-12],[282,-95],[202,-72],[121,-42],[464,-156],[26,-10],[28,-11],[40,-18],[28,-14],[24,-13],[27,-16],[27,-18],[35,-23],[59,-42],[26,-19],[57,-44],[37,-32],[42,-37],[44,-43],[25,-26],[33,-36],[34,-40],[23,-28],[25,-35],[43,-61],[48,-70],[25,-40],[47,-80],[31,-54],[46,-82],[33,-59],[25,-47],[66,-130],[333,-661]],[[49584,41435],[39,-77],[137,-272],[160,-316],[40,-80],[120,-239],[23,-43],[20,-37],[46,-84],[24,-47],[107,-212],[32,-64],[12,-26],[27,-61],[23,-55],[20,-52],[68,-191],[198,-556],[17,-46],[167,-469],[39,-110],[458,-1279],[130,-365],[228,-640],[6,-15],[97,-272],[47,-133],[355,-994],[49,-134],[16,-44],[18,-46],[12,-27],[23,-53],[24,-51],[26,-51],[20,-38],[21,-38],[33,-55],[34,-54],[202,-320],[60,-96],[325,-516]],[[53087,33177],[358,-571],[1036,-1646],[141,-225],[46,-71],[36,-53],[20,-26],[21,-26],[21,-24],[44,-47],[21,-20],[36,-31],[37,-27],[35,-23],[27,-17],[28,-15],[33,-17],[77,-36],[376,-174],[21,-10],[40,-24],[50,-32],[16,-8],[317,-147],[45,-14],[14,-6],[91,-42],[26,-10],[50,-18],[48,-20],[120,-56],[330,-152],[148,-65],[65,-30],[140,-65],[214,-98],[113,-52],[144,-67],[303,-140],[195,-90],[85,-39],[52,-24],[47,-23],[27,-14],[39,-23],[66,-45],[27,-21],[43,-35],[43,-40],[35,-35],[16,-17],[34,-39],[18,-21],[20,-27],[20,-27],[18,-26],[18,-28],[17,-27],[17,-29],[16,-28],[23,-44],[21,-45],[21,-45],[87,-194],[16,-33],[54,-122],[70,-153],[31,-69],[528,-1172],[14,-34],[32,-69],[75,-166],[70,-156],[144,-320],[21,-47],[88,-195],[18,-40],[98,-216],[66,-147],[80,-178],[226,-501],[25,-56],[23,-52],[273,-606],[143,-317],[209,-461],[10,-28],[48,-128],[15,-36],[39,-86],[50,-110],[23,-46],[23,-43],[166,-276],[20,-31],[31,-44],[35,-44],[30,-33],[36,-36],[41,-35],[32,-25],[38,-27],[41,-25],[109,-58],[56,-30],[29,-14],[46,-21],[31,-13],[28,-14],[144,-77],[74,-39],[133,-72],[75,-39],[59,-28],[30,-13],[38,-15],[24,-9],[31,-10],[161,-51],[107,-34],[269,-84],[161,-51],[107,-32],[109,-35],[109,-33],[110,-35],[110,-35],[69,-21],[96,-31],[35,-11],[70,-20],[70,-22],[37,-12],[36,-11],[78,-24],[52,-16],[52,-16],[35,-11],[107,-33],[18,-5],[70,-23],[36,-11],[72,-23],[56,-15],[56,-11],[19,-3],[36,-4],[51,-5],[57,0],[57,1],[18,2],[37,5],[52,8],[52,11],[59,17],[30,9],[34,13],[100,41],[100,40],[51,21],[54,21],[145,61],[67,27],[721,295],[226,91],[48,19],[48,16],[25,7],[49,13],[42,9],[48,8],[48,5],[28,2],[52,1],[26,-1],[52,-3],[56,-6],[51,-9],[29,-7],[50,-13],[22,-6],[44,-15],[19,-8],[41,-17],[18,-8],[47,-23],[37,-20],[41,-22],[89,-50],[163,-93],[112,-63],[718,-403],[31,-16],[30,-18],[30,-18],[30,-19],[29,-20],[29,-22],[28,-22],[28,-24],[27,-25],[420,-375],[65,-58],[26,-22],[76,-67],[33,-29],[306,-272],[30,-25],[165,-147],[113,-99],[103,-92],[24,-22],[49,-48],[26,-28],[21,-23],[25,-30],[20,-25],[52,-68],[75,-101],[35,-50],[18,-23],[114,-155],[50,-68],[90,-123],[66,-90],[24,-36],[27,-43],[33,-56],[30,-59],[27,-61],[19,-51],[14,-38],[12,-39],[11,-39],[11,-40],[10,-40],[9,-41],[7,-41],[7,-41],[10,-100],[22,-203],[22,-194],[11,-98],[5,-39],[10,-62],[13,-65],[14,-60],[8,-31],[17,-59],[37,-123],[14,-48],[12,-44],[13,-52],[10,-52],[9,-51],[9,-59],[15,-106],[6,-46],[8,-49],[7,-38],[10,-51],[6,-26],[12,-47],[14,-48],[18,-58],[9,-27],[33,-96],[168,-475],[21,-57],[16,-43],[14,-35],[17,-39],[19,-43],[26,-54],[94,-191],[96,-197],[25,-48],[24,-45],[11,-19],[21,-33],[12,-16],[24,-31],[31,-35],[30,-30],[17,-14],[29,-23],[19,-14],[32,-20],[34,-17],[36,-16],[33,-11],[16,-5],[33,-7],[16,-3],[30,-3],[32,-1],[29,0],[33,3],[32,3],[112,14],[32,3],[27,2],[43,0],[27,-2],[27,-3],[33,-6],[40,-10],[36,-12],[38,-16],[33,-16],[34,-20],[34,-23],[31,-24],[17,-14],[29,-27],[26,-28],[14,-16],[25,-31],[36,-48],[30,-42],[117,-166],[35,-50],[21,-31],[29,-46],[29,-51],[18,-35],[13,-28],[12,-30],[12,-29],[15,-42],[22,-64],[33,-94],[14,-41],[13,-34],[23,-54],[18,-39],[20,-37],[20,-33],[23,-37],[14,-21],[28,-37],[28,-33],[28,-30],[30,-29],[33,-29],[35,-28],[34,-23],[40,-23],[36,-19],[47,-20],[48,-17],[60,-19],[403,-119],[103,-31],[64,-20],[278,-88],[127,-40],[44,-14],[27,-10],[31,-12],[31,-13],[29,-14],[38,-21],[34,-21],[26,-19],[40,-32],[20,-18],[23,-22],[23,-24],[22,-24],[20,-23],[25,-30],[21,-28],[27,-36],[29,-41],[138,-193],[372,-521],[123,-171],[178,-250],[311,-435],[34,-47],[29,-38],[19,-23],[27,-31],[17,-19],[32,-33],[31,-30],[29,-26],[36,-31],[76,-63],[124,-102],[259,-216],[42,-34],[20,-18],[35,-32],[22,-22],[31,-35],[20,-24],[20,-28],[17,-26],[13,-22],[17,-31],[26,-50],[11,-26],[11,-25],[10,-27],[9,-27],[8,-27],[7,-28],[6,-28],[5,-29],[5,-29],[3,-29],[3,-207],[1,-46],[2,-47],[3,-46],[17,-233],[1,-36],[-1,-37],[-1,-36],[-2,-37],[-3,-36],[-4,-37],[-5,-36],[-6,-36],[-6,-35],[-8,-36],[-24,-157],[-3,-31],[-2,-31],[-1,-31],[0,-31],[1,-31],[2,-31],[3,-31],[4,-31],[5,-30],[5,-31],[7,-30],[7,-29],[80,-303],[6,-27],[9,-53],[3,-28],[4,-54],[13,-182],[2,-33],[3,-32],[4,-32],[4,-32],[6,-32],[6,-32],[8,-31],[16,-64],[9,-32],[10,-31],[11,-31],[12,-31],[12,-30],[14,-30],[14,-28],[15,-29],[16,-27],[16,-27],[18,-26],[20,-28],[21,-27],[22,-26],[22,-26],[23,-24],[24,-24],[24,-22],[25,-22],[26,-20],[26,-19],[26,-18],[27,-17],[28,-16],[27,-15],[28,-13],[158,-78],[44,-21],[35,-15],[176,-70],[252,-101],[26,-13],[25,-14],[25,-15],[24,-16],[24,-17],[20,-15],[38,-33],[19,-17],[34,-34],[25,-28],[17,-21],[18,-23],[16,-23],[17,-24],[24,-39]],[[42697,45441],[73,-7],[530,-49],[43,-5],[32,-4],[32,-6],[31,-6],[32,-8],[31,-8],[27,-8],[42,-14],[302,-105],[54,-20],[54,-20],[327,-125],[64,-24],[43,-13],[27,-6],[28,-6],[27,-4],[28,-3],[28,-1],[28,-1],[44,2],[66,7],[458,56],[39,4],[39,3],[19,1],[28,-1],[28,-1],[28,-3],[28,-4],[28,-6],[27,-6],[28,-8],[27,-9],[27,-10],[27,-11],[26,-13],[26,-13],[25,-15],[26,-16],[22,-15],[23,-16],[22,-17],[22,-18],[21,-19],[21,-20],[19,-19],[19,-21],[18,-21],[19,-23],[18,-24],[17,-25],[17,-25],[16,-25],[14,-25],[14,-26],[12,-25],[22,-50],[21,-50],[70,-170],[14,-33],[16,-33],[16,-32],[17,-31],[17,-30],[19,-30],[17,-25],[17,-24],[19,-23],[18,-23],[20,-21],[20,-21],[20,-20],[22,-19],[21,-18],[22,-17],[23,-16],[23,-15],[31,-19],[32,-17],[31,-17],[32,-15],[33,-14],[32,-13],[33,-12],[203,-68],[243,-82]],[[47062,43633],[28,-10],[77,-23],[33,-11],[61,-21],[203,-69],[123,-41],[353,-120],[150,-50],[77,-26],[53,-20],[29,-11],[41,-16],[53,-24],[29,-14],[23,-13],[27,-16],[28,-18],[47,-32],[36,-25],[56,-42],[55,-44],[40,-35],[42,-40],[49,-49],[34,-36],[20,-22],[26,-33],[36,-48],[69,-100],[22,-33],[25,-39],[17,-29],[46,-78],[53,-92],[35,-65],[25,-45],[96,-191],[311,-616]],[[49590,41436],[335,-663],[82,-163],[79,-157],[22,-42],[61,-112],[27,-51],[25,-49],[115,-231],[28,-60],[13,-31],[25,-62],[26,-69],[29,-81],[100,-281],[209,-583],[152,-428],[54,-149],[348,-975],[45,-127],[30,-84],[36,-101],[272,-760],[27,-76],[43,-121],[84,-234],[65,-185],[37,-101],[276,-774],[24,-66],[35,-96],[18,-44],[11,-28],[23,-52],[25,-52],[25,-50],[20,-38],[22,-37],[33,-55],[161,-256],[164,-262],[16,-26],[278,-443]],[[53090,33181],[237,-375],[123,-196],[561,-893],[76,-120],[208,-330],[139,-220],[59,-96],[164,-259],[19,-31],[20,-29],[24,-32],[30,-37],[16,-19],[47,-51],[20,-19],[37,-31],[36,-27],[35,-23],[27,-17],[28,-15],[34,-17],[31,-15],[130,-57],[163,-76],[71,-33],[139,-63],[333,-154],[549,-256],[203,-94],[279,-126],[62,-29],[227,-104],[372,-171],[203,-94],[222,-102],[70,-33],[53,-25],[33,-17],[25,-13],[28,-17],[64,-45],[25,-19],[25,-19],[45,-39],[37,-36],[18,-19],[41,-45],[38,-47],[30,-40],[18,-26],[18,-27],[17,-28],[17,-28],[16,-29],[23,-44],[22,-45],[21,-46],[191,-424],[69,-153],[350,-777],[176,-391],[15,-33],[98,-218],[53,-118],[40,-88],[81,-179],[82,-184],[57,-126],[25,-54],[183,-407],[142,-313],[19,-42],[19,-44],[118,-262],[14,-31],[170,-377],[85,-191],[90,-197],[105,-234],[117,-258],[40,-91],[55,-121],[68,-150],[54,-120],[36,-77],[23,-46],[23,-43],[24,-41],[43,-72],[113,-188],[10,-17],[28,-43],[33,-44],[13,-16],[26,-28],[21,-20],[26,-25],[23,-19],[23,-19],[27,-20],[22,-16],[48,-31],[48,-27],[110,-59],[193,-104]],[[62127,21745],[287,-153],[15,-9],[60,-31],[59,-28],[30,-12],[32,-13],[2249,-705],[34,-8],[34,-7],[35,-6],[35,-4],[35,-3],[35,-2],[35,-1],[34,1],[35,1],[35,3],[35,4],[35,6],[34,6],[35,8],[34,9],[34,10],[29,10],[29,11],[28,12],[66,26],[92,38],[127,50],[80,34],[111,44],[421,173],[203,82],[274,112],[49,20],[48,18],[47,16],[25,8],[50,13],[42,8],[56,9],[22,3],[50,3],[49,1],[47,-1],[48,-4],[46,-5],[42,-8],[31,-7],[48,-12],[42,-13],[33,-12],[45,-18],[34,-16],[41,-19],[53,-29],[96,-53],[49,-28],[244,-139],[719,-404],[31,-15],[30,-18],[30,-18],[30,-19],[29,-21],[28,-21],[29,-23],[27,-23],[27,-25],[487,-433],[25,-23],[390,-344],[171,-152],[67,-59],[178,-158],[44,-40],[23,-21],[26,-27],[26,-28],[21,-23],[25,-31],[43,-54],[53,-70],[28,-39],[39,-51],[20,-29],[76,-102],[72,-98],[35,-50],[90,-123],[66,-90],[25,-36],[27,-43],[32,-56],[30,-59],[27,-60],[19,-51],[14,-39],[12,-39],[12,-39],[10,-40],[10,-40],[9,-41],[8,-40],[7,-42],[10,-106],[6,-55],[24,-219],[9,-83],[12,-106],[11,-84],[11,-60],[11,-57],[18,-71],[16,-59],[40,-133],[21,-75],[13,-48],[10,-48],[6,-28],[9,-52],[8,-50],[14,-105],[7,-53],[7,-44],[12,-62],[10,-45],[11,-46],[12,-45],[15,-49],[19,-57],[32,-93],[178,-501],[13,-36],[25,-65],[14,-33],[20,-46],[30,-62],[176,-358],[38,-77],[23,-43],[20,-32],[21,-33],[23,-29],[29,-33],[28,-29],[32,-28],[18,-14],[31,-22],[21,-12],[35,-20],[19,-8],[41,-15],[24,-8],[31,-7],[36,-5],[31,-2],[28,0],[46,3],[40,4],[74,10],[57,6],[26,1],[31,1],[27,-1],[28,-2],[29,-4],[38,-8],[35,-10],[20,-6],[35,-14],[38,-18],[19,-11],[35,-21],[18,-13],[31,-23],[32,-29],[27,-26],[32,-35],[27,-34],[33,-45],[40,-56],[144,-205],[31,-47],[16,-26],[23,-39],[16,-30],[21,-46],[13,-30],[12,-30],[13,-35],[53,-154],[15,-42],[16,-43],[14,-34],[15,-35],[20,-39],[11,-21],[19,-32],[26,-41],[14,-20],[28,-37],[26,-31],[16,-17],[24,-25],[34,-31],[32,-26],[17,-13],[33,-23],[38,-23],[40,-21],[20,-9],[45,-17],[25,-9],[40,-13],[69,-20],[202,-60],[210,-62],[47,-14],[250,-80],[228,-71],[65,-22],[34,-14],[33,-14],[30,-15],[39,-22],[41,-27],[27,-20],[27,-22],[20,-18],[23,-22],[20,-20],[24,-27],[25,-28],[21,-26],[25,-34],[53,-71],[101,-143],[118,-166],[500,-699],[402,-563],[31,-42],[24,-32],[31,-38],[31,-36],[29,-30],[38,-37],[29,-27],[36,-30],[33,-28],[117,-97],[287,-238],[69,-58],[40,-35],[28,-27],[17,-18],[23,-26],[19,-25],[27,-37],[17,-26],[27,-47],[23,-47],[11,-25],[11,-26],[10,-26],[8,-27],[8,-28],[7,-27],[6,-29],[5,-28],[5,-29],[3,-28],[3,-208],[1,-46],[2,-47],[3,-46],[17,-232],[1,-37],[-1,-37],[-1,-36],[-2,-37],[-3,-36],[-4,-36],[-5,-37],[-6,-35],[-6,-36],[-8,-35],[-24,-158],[-3,-31],[-2,-31],[-1,-31],[0,-31],[1,-31],[2,-31],[3,-31],[4,-31],[5,-30],[5,-31],[7,-30],[7,-29],[80,-303],[6,-27],[9,-53],[3,-27],[4,-55],[13,-182],[2,-33],[3,-32],[4,-32],[4,-32],[6,-32],[6,-32],[8,-31],[16,-63],[9,-33],[10,-31],[11,-31],[12,-31],[12,-30],[14,-29],[14,-29],[15,-28],[16,-28],[17,-27],[17,-25],[20,-29],[21,-27],[22,-26],[22,-25],[23,-25],[24,-23],[24,-23],[25,-21],[25,-20],[26,-19],[27,-18],[26,-17],[28,-16],[27,-14],[29,-14],[173,-86],[34,-16],[29,-12],[175,-69],[253,-102],[25,-13],[26,-14],[25,-15],[24,-16],[24,-17],[20,-15],[38,-32],[19,-18],[25,-24],[35,-39],[18,-23],[18,-22],[17,-24],[16,-24],[28,-45]],[[64025,51984],[30,140],[147,827],[82,298],[68,183],[117,248],[511,963],[103,176],[119,161],[130,142],[75,69],[121,93],[209,160],[160,186],[103,179],[70,178],[63,291],[224,1556],[-8,260],[-35,195],[-77,257],[-650,2050],[-35,135],[-19,110],[-13,140],[-2,142],[15,203],[275,2776]],[[42695,45447],[-395,37],[-94,8],[-909,84]],[[41297,45576],[-87,8],[-26,3],[-28,5],[-28,6],[-28,6],[-27,8],[-28,9],[-27,10],[-27,11],[-26,13],[-26,13],[-26,15],[-36,21],[-198,126],[-319,204],[-39,24],[-30,17],[-30,16],[-31,14],[-31,13],[-31,12],[-32,11],[-32,10],[-32,8],[-32,7],[-32,6],[-33,5],[-32,3],[-33,2],[-33,1],[-43,-1],[-29,-1],[-412,-15],[-73,-2],[-89,-2],[-166,-7],[-63,-1],[-32,0],[-31,2],[-28,2],[-28,3],[-28,4],[-28,5],[-28,6],[-28,7],[-29,8],[-28,9],[-28,10],[-28,11],[-27,13],[-47,23],[-39,21],[-612,352],[-39,23],[-151,84],[-44,26],[-250,144],[-58,33],[-97,59],[-35,20],[-231,133],[-47,27],[-48,29],[-23,15],[-31,21],[-30,23],[-30,23],[-27,23],[-27,23],[-26,25],[-26,25],[-25,26],[-24,27],[-24,28],[-23,29],[-26,33],[-25,34],[-24,35],[-23,35],[-23,36],[-23,36],[-21,38],[-21,38],[-20,38],[-19,39],[-19,40],[-17,41],[-15,36],[-14,37],[-13,37],[-13,38],[-12,38],[-11,38],[-16,63],[-145,584],[-16,67],[-9,44],[-6,31],[-9,53],[-4,34],[-3,34],[-3,34],[-2,61],[0,53],[1,53],[7,316],[0,97],[0,32],[-2,32],[-2,32],[-7,59],[-10,54],[-12,55],[-8,27],[-9,28],[-9,27],[-24,65],[-23,59],[-27,64],[-27,59],[-32,69],[-36,71],[-34,63],[-22,38],[-24,41],[-24,40],[-19,30],[-41,63],[-152,231],[-64,96],[-59,81],[-34,44],[-25,31],[-31,38],[-43,49],[-29,31],[-34,34],[-51,54],[-47,49],[-23,26],[-41,49],[-34,45],[-31,48],[-15,24],[-34,56],[-26,45],[-19,31],[-43,76]],[[34846,51833],[-11,19],[-41,65],[-23,32],[-37,47],[-19,21],[-20,21],[-37,36],[-52,44],[-95,79],[-26,23],[-28,25],[-27,26],[-27,27],[-26,28],[-25,29],[-25,30],[-45,56],[-75,99],[-73,96],[-56,69],[-23,27],[-32,35],[-72,71]],[[42697,45441],[-301,27],[-96,9],[-95,9],[-962,88],[-65,7],[-29,5],[-27,5],[-28,7],[-28,8],[-27,9],[-27,10],[-27,11],[-27,13],[-26,13],[-44,25],[-35,22],[-474,303],[-26,16],[-39,24],[-30,17],[-30,15],[-30,15],[-31,13],[-31,12],[-32,11],[-31,9],[-32,8],[-32,8],[-32,5],[-33,5],[-32,3],[-33,2],[-32,1],[-44,-1],[-29,-1],[-705,-26],[-63,-3],[-63,0],[-32,2],[-31,2],[-31,4],[-31,4],[-31,6],[-31,7],[-30,9],[-30,9],[-30,11],[-30,11],[-30,13],[-49,24],[-38,21],[-39,22],[-1508,869],[-29,17],[-43,26],[-31,20],[-31,22],[-30,23],[-29,23],[-30,25],[-28,26],[-28,27],[-27,28],[-27,29],[-26,30],[-25,31],[-26,34],[-26,35],[-25,36],[-25,36],[-23,37],[-23,38],[-22,37],[-20,38],[-20,39],[-19,39],[-18,40],[-18,41],[-16,41],[-15,41],[-15,43],[-14,42],[-12,44],[-20,76],[-13,51],[-132,533],[-12,51],[-12,51],[-11,60],[-5,34],[-4,34],[-4,34],[-2,34],[-2,62],[0,53],[1,53],[6,317],[1,53],[0,54],[-3,58],[-3,31],[-3,31],[-5,31],[-5,30],[-7,31],[-7,30],[-8,29],[-9,30],[-10,29],[-20,54],[-21,54],[-22,53],[-23,53],[-23,53],[-25,51],[-23,46],[-24,46],[-33,61],[-27,45],[-23,39],[-47,73],[-167,254],[-65,97],[-48,68],[-34,45],[-17,21],[-32,41],[-38,44],[-34,40],[-19,19],[-43,43],[-59,62],[-49,53],[-25,29],[-22,27],[-24,32]],[[46075,44193],[-60,106],[-21,77],[-15,40],[-12,24],[-19,36],[-95,173],[-15,24],[-16,23],[-17,22],[-18,21],[-18,20],[-19,19],[-39,35],[-21,16],[-21,15],[-22,14],[-22,13],[-23,11],[-23,10],[-23,9],[-24,8],[-24,6],[-24,5],[-24,4],[-24,3],[-24,1],[-25,0],[-24,-1],[-52,-6],[-92,-14],[-235,-38],[-60,-8],[-27,-2],[-26,-1],[-27,1],[-27,1],[-27,3],[-26,5],[-27,5],[-26,7],[-26,8],[-54,19],[-132,50],[-174,66],[-243,92],[-392,148],[-34,11],[-34,11],[-34,9],[-34,8],[-34,7],[-35,5],[-58,7],[-38,4],[-240,22],[-151,14],[-25,4],[-92,16],[-46,10],[-33,6],[-33,5],[-88,10],[-386,35],[-45,5],[-68,12],[-42,5],[-50,4],[-40,4],[-255,24],[-161,14],[-30,3],[-216,20],[-47,3],[-38,-1],[-90,-6],[-32,-2],[-43,1],[-43,4],[-24,4],[-39,8],[-44,12],[-26,9],[-46,19],[-40,19],[-27,15],[-27,16],[-47,33],[-216,158],[-38,27],[-38,22],[-25,14],[-25,12],[-26,12],[-26,10],[-27,9],[-26,8],[-27,7],[-27,6],[-27,4],[-27,4],[-28,2],[-781,41],[-194,10],[-239,13],[-29,2],[-28,3],[-29,5],[-28,7],[-28,7],[-28,9],[-28,10],[-27,11],[-28,12],[-26,14],[-27,14],[-353,211],[-133,79],[-182,108],[-156,93],[-139,83],[-151,91],[-125,74],[-16,9],[-34,15],[-29,10],[-30,6],[-15,1],[-27,0],[-25,-3],[-30,-8],[-15,-6],[-29,-14],[-19,-12],[-19,-14],[-18,-14],[-17,-16],[-194,-172],[-299,-266],[-14,-12],[-30,-21],[-32,-16],[-34,-11],[-34,-7],[-33,0],[-16,1],[-55,7],[-213,33],[-25,6],[-25,6],[-25,8],[-25,9],[-24,10],[-31,17],[-30,18],[-67,44],[-106,69],[-25,14],[-31,16],[-16,6],[-20,7],[-21,6],[-39,7],[-20,1],[-39,1],[-20,-2],[-82,-3],[-56,-2],[-90,0],[-34,-1],[-38,-2],[-160,-10],[-55,-4],[-99,-8],[-59,-5],[-157,-13],[-44,-4],[-30,-3],[-31,-4],[-45,-9],[-23,-6],[-143,-40],[-101,-28],[-27,-6],[-27,-6],[-33,-4],[-37,-2],[-36,1],[-193,8],[-23,1],[-30,-1],[-30,-3],[-16,-2],[-32,-8],[-17,-6],[-32,-14],[-29,-16],[-26,-17],[-29,-23],[-17,-16],[-17,-18],[-32,-35],[-132,-147],[-95,-106],[-22,-26],[-131,-144],[-42,-44],[-261,-291],[-44,-51],[-123,-139],[-131,-146],[-56,-62],[-198,-221],[-227,-253],[-119,-132],[-15,-17],[-39,-37],[-33,-28],[-32,-24],[-22,-15],[-24,-14],[-23,-13],[-40,-19],[-40,-15],[-41,-12],[-25,-6],[-25,-4],[-33,-4],[-52,-3],[-175,-4],[-79,-1],[-34,1],[-29,1],[-27,3],[-27,4],[-42,9],[-48,13],[-47,17],[-24,10],[-27,13],[-28,14],[-35,20],[-84,48],[-51,30],[-83,47],[-137,79],[-62,36],[-37,18],[-32,11],[-17,5],[-34,6],[-30,2],[-26,-1],[-29,-4],[-16,-3],[-33,-10],[-33,-14],[-48,-25],[-98,-54],[-27,-17],[-19,-12],[-20,-16],[-13,-12],[-24,-25],[-20,-23],[-21,-27],[-83,-111],[-228,-303],[-48,-64],[-18,-23],[-19,-22],[-27,-29],[-15,-13],[-26,-20],[-25,-16],[-35,-18],[-32,-12],[-31,-8],[-32,-4],[-16,-1],[-32,2],[-36,5],[-34,10],[-26,10],[-22,9],[-59,28],[-151,72],[-193,92],[-84,40],[-43,22],[-37,21],[-18,12],[-31,22],[-33,26],[-33,30],[-23,23],[-45,45],[-167,173],[-37,37],[-105,103],[-30,29],[-149,152],[-73,72],[-135,131],[-33,30],[-41,37],[-33,26],[-28,21],[-28,20],[-94,67],[-25,17],[-53,34],[-27,17],[-36,20],[-36,20],[-37,18],[-37,18],[-37,16],[-39,16],[-206,81],[-57,23],[-411,162],[-58,23],[-24,7],[-23,7],[-16,3],[-34,4],[-33,0],[-33,-4],[-29,-6],[-32,-11],[-28,-14],[-30,-18],[-15,-11],[-27,-23],[-25,-25],[-11,-13],[-24,-32],[-21,-34],[-86,-145],[-16,-26],[-22,-33],[-23,-30],[-11,-12],[-24,-23],[-16,-14],[-17,-13],[-17,-12],[-17,-10],[-32,-15],[-32,-11],[-16,-5],[-33,-5],[-39,-2],[-22,1],[-34,3],[-66,9],[-76,8],[-100,14],[-93,11],[-190,22],[-89,10],[-120,11],[-139,13],[-27,3],[-33,5],[-24,5],[-26,6],[-26,8],[-25,8],[-25,10],[-25,10],[-25,12],[-23,12],[-41,25],[-23,15],[-49,36],[-161,120],[-74,55],[-45,32],[-23,13],[-42,24],[-43,20],[-24,9],[-48,16],[-46,11],[-24,4],[-25,4],[-25,2],[-28,2],[-42,-1],[-48,-4],[-25,-3],[-25,-5],[-47,-12],[-49,-15],[-230,-80],[-82,-28],[-48,-16],[-24,-7],[-24,-6],[-24,-5],[-37,-5],[-18,-1],[-28,0],[-27,1],[-55,4],[-488,39],[-50,4],[-27,1],[-38,1],[-67,-1],[-173,-3],[-102,-1],[-30,1],[-40,5],[-19,4],[-20,6],[-19,8],[-19,8],[-18,10],[-40,24],[-52,32],[-29,18],[-35,19],[-32,14],[-28,9],[-34,8],[-39,4],[-19,1],[-136,2],[-40,3],[-32,4],[-16,4],[-30,9],[-27,11],[-13,6],[-33,19],[-31,22],[-30,24],[-42,33],[-54,41],[-35,23],[-18,10],[-19,9],[-19,7],[-37,12],[-35,7],[-98,13],[-133,17],[-106,14],[-52,9],[-25,6],[-24,7],[-25,8],[-23,9],[-22,10],[-45,23],[-23,14],[-21,15],[-36,27],[-35,29],[-70,67],[-33,31],[-172,162],[-71,68],[-37,32],[-21,16],[-65,49],[-25,18],[-32,21],[-29,16],[-31,14],[-85,33],[-49,18],[-44,13],[-89,21],[-50,11],[-42,8],[-50,7],[-45,5],[-198,17],[-68,6],[-47,2],[-43,-1],[-21,-1],[-39,-4],[-178,-24],[-79,-10],[-408,-56],[-84,-10],[-79,-8],[-148,-12],[-47,-4],[-27,-4],[-36,-6],[-41,-11],[-41,-15],[-42,-18],[-53,-24],[-56,-27],[-55,-26],[-117,-50],[-35,-12],[-18,-5],[-34,-6],[-33,-1],[-30,3],[-31,7],[-29,10],[-29,15],[-44,27],[-22,15],[-77,52],[-94,63],[-45,31],[-48,33],[-292,207],[-137,98],[-98,68],[-48,35],[-34,27],[-28,24],[-20,19],[-20,20],[-32,37],[-15,19],[-17,25],[-17,25],[-27,44],[-22,43],[-18,40],[-12,30],[-11,30],[-63,176],[-15,41],[-8,19],[-18,37],[-9,16],[-20,30],[-22,28],[-25,26],[-14,13],[-28,21],[-16,10],[-31,16],[-16,6],[-31,10],[-32,5],[-17,2],[-34,-1],[-34,-4],[-25,-7],[-33,-13],[-32,-16],[-30,-21],[-22,-19],[-31,-32],[-21,-25],[-19,-25],[-83,-112],[-18,-24],[-31,-40],[-14,-16],[-27,-30],[-14,-14],[-29,-25],[-16,-11],[-30,-20],[-28,-14],[-39,-16],[-19,-6],[-42,-11],[-54,-12],[-279,-64],[-70,-15],[-59,-11],[-37,-7],[-79,-12],[-22,-3],[-32,-1],[-15,0],[-34,2],[-31,5],[-33,7],[-38,12],[-38,16],[-24,12],[-166,83],[-171,87],[-120,60],[-289,145],[-32,16],[-25,11],[-31,12],[-16,5],[-28,6],[-28,2],[-35,-1],[-34,-5],[-17,-5],[-34,-12],[-32,-16],[-30,-21],[-28,-24],[-25,-27],[-25,-32],[-21,-35],[-19,-38],[-8,-19],[-13,-41],[-6,-21],[-8,-43],[-6,-38],[-4,-33],[-24,-198],[-36,-296],[-7,-63],[-3,-36],[-12,-136],[-7,-68],[-16,-135],[-4,-29],[-8,-51],[-8,-43],[-5,-21],[-12,-42],[-14,-41],[-16,-41],[-19,-41],[-14,-26],[-27,-46],[-32,-49],[-90,-136],[-34,-51],[-32,-52],[-15,-26],[-15,-28],[-14,-28],[-14,-29],[-12,-30],[-12,-30],[-11,-30],[-10,-32],[-10,-32],[-16,-60],[-57,-223],[-22,-89],[-14,-51],[-14,-41],[-9,-20],[-17,-35],[-10,-17],[-18,-28],[-21,-29],[-26,-29],[-29,-27],[-31,-24],[-31,-23],[-32,-19],[-34,-17],[-34,-14],[-35,-10],[-31,-4],[-30,0],[-27,3],[-20,3],[-38,11],[-76,24],[-22,7],[-36,9],[-29,4],[-33,0],[-32,-4],[-32,-8],[-32,-12],[-32,-16],[-24,-14],[-46,-29],[-45,-33],[-44,-35],[-20,-16],[-46,-38],[-218,-176],[-38,-29],[-16,-12],[-32,-21],[-21,-11],[-41,-19],[-42,-15],[-21,-6],[-45,-11],[-173,-40],[-48,-13],[-27,-9],[-26,-10],[-21,-9],[-42,-20],[-22,-13],[-22,-14],[-22,-14],[-22,-16],[-32,-24],[-53,-42],[-29,-22],[-18,-13],[-36,-23],[-35,-17],[-36,-16],[-18,-6],[-24,-7],[-24,-5],[-32,-5],[-34,-3],[-34,0],[-34,3],[-35,5],[-37,10],[-34,11],[-22,10],[-38,19],[-30,18],[-34,23],[-96,65],[-36,23],[-33,17],[-17,8],[-39,15],[-21,6],[-22,5],[-39,7],[-48,3],[-140,7],[-152,8],[-42,2],[-26,0],[-49,-1],[-44,-4],[-20,-3],[-34,-7],[-34,-9],[-34,-16],[-24,-15],[-26,-19],[-13,-12],[-24,-25],[-11,-13],[-20,-28],[-19,-32],[-18,-36],[-23,-73],[-102,-309],[-8,-23],[-66,-202],[-21,-61],[-12,-30],[-17,-39],[-19,-37],[-11,-18],[-23,-34],[-12,-16],[-25,-31],[-27,-28],[-15,-13],[-30,-24],[-18,-13],[-32,-20],[-30,-14],[-20,-9],[-37,-12],[-35,-8],[-21,-2],[-20,-2],[-20,0],[-36,3],[-33,7],[-54,16],[-363,115],[-31,10],[-34,8],[-35,5],[-38,1],[-34,-2],[-34,-6],[-17,-5],[-33,-13],[-16,-8],[-32,-19],[-29,-24],[-25,-25],[-12,-13],[-20,-26],[-18,-28],[-10,-19],[-18,-39],[-14,-40],[-11,-39],[-7,-39],[-4,-39],[0,-26],[1,-53],[1,-26],[14,-149],[24,-264],[12,-137],[10,-107],[2,-29],[1,-29],[0,-29],[-1,-29],[-2,-28],[-3,-29],[-9,-60],[-18,-125],[-8,-46],[-12,-45],[-6,-21],[-18,-44],[-21,-41],[-58,-97],[-26,-45],[-201,-331],[-156,-255],[-23,-29],[-12,-14],[-27,-24],[-29,-20],[-30,-16],[-32,-12],[-32,-7],[-17,-1],[-35,1],[-17,2],[-33,8],[-33,13],[-32,18],[-29,22],[-14,13],[-354,302],[-17,13],[-35,22],[-18,11],[-37,18],[-100,35],[-52,18],[-117,40],[-86,29],[-79,27],[-196,66],[-17,7],[-86,29],[-122,42],[-36,10],[-19,4],[-48,10],[-31,3],[-40,3],[-31,1],[-32,-1],[-294,-7],[-26,0],[-32,3],[-29,6],[-27,7],[-27,11],[-26,13],[-35,22],[-24,19],[-22,20],[-17,18],[-20,23],[-140,168],[-17,20],[-34,34],[-22,18],[-14,10],[-20,13],[-24,13],[-35,15],[-18,5],[-29,7],[-22,4],[-53,9],[-205,30],[-123,19],[-38,9],[-25,8],[-28,11],[-22,12],[-31,22],[-23,18],[-23,21],[-147,137],[-25,24],[-20,22],[-21,27],[-12,16],[-18,30],[-18,34],[-7,16],[-15,39],[-5,17],[-10,39],[-8,42],[-2,21],[-4,39],[0,21],[0,37],[2,20],[3,34],[5,26],[6,30],[13,57],[41,183],[8,36],[4,29],[4,29],[1,28],[0,22],[-3,44],[-6,45],[-5,26],[-7,32],[-15,52],[-7,22],[-14,34],[-7,17],[-19,33],[-20,29],[-13,16],[-27,30],[-30,26],[-31,21],[-33,17],[-35,13],[-25,6],[-33,5],[-103,13],[-24,5],[-25,5],[-38,13],[-80,31],[-37,13],[-25,6],[-44,7],[-93,10],[-53,7],[-16,2],[-32,9],[-31,13],[-29,18],[-14,11],[-26,24],[-24,28],[-22,31],[-18,34],[-8,18],[-79,195],[-8,19],[-19,36],[-11,16],[-23,31],[-26,28],[-29,23],[-30,19],[-16,8],[-452,205],[-17,7],[-35,10],[-18,3],[-36,2],[-36,-3],[-35,-8],[-34,-13],[-33,-18],[-31,-22],[-15,-13],[-27,-29],[-25,-33],[-22,-36],[-18,-39],[-26,-63],[-7,-18],[-17,-33],[-20,-31],[-22,-28],[-17,-15],[-35,-27],[-36,-24],[-113,-56],[-45,-22],[-86,-35]],[[46066,44186],[-60,106],[-9,39],[-9,34],[-7,20],[-9,23],[-30,65],[-25,48],[-60,111],[-23,36],[-23,31],[-21,27],[-19,21],[-23,24],[-43,38],[-31,23],[-28,18],[-22,13],[-32,16],[-27,12],[-32,11],[-29,8],[-27,5],[-34,5],[-18,1],[-40,1],[-18,-1],[-26,-3],[-43,-6],[-169,-26],[-92,-15],[-67,-10],[-42,-6],[-32,-2],[-29,-1],[-54,2],[-26,3],[-39,7],[-76,21],[-13,5],[-434,164],[-148,56],[-168,63],[-165,62],[-36,14],[-46,16],[-30,10],[-46,13],[-43,9],[-42,8],[-39,6],[-83,8],[-173,16],[-171,15],[-128,12],[-48,1],[-48,0],[-39,-1],[-74,2],[-332,30],[-45,5],[-38,8],[-20,6],[-28,9],[-73,27],[-37,10],[-35,7],[-39,4],[-138,13],[-270,24],[-39,4],[-187,17],[-59,5],[-19,1],[-37,-1],[-89,-6],[-33,-2],[-43,1],[-43,4],[-26,4],[-39,8],[-43,12],[-27,10],[-27,10],[-39,18],[-20,10],[-37,21],[-29,18],[-35,25],[-215,158],[-24,17],[-25,16],[-24,15],[-26,14],[-25,12],[-26,12],[-26,10],[-27,9],[-26,8],[-27,7],[-27,6],[-27,5],[-28,3],[-27,2],[-781,41],[-195,10],[-232,13],[-51,4],[-47,8],[-39,9],[-26,8],[-26,8],[-26,10],[-25,10],[-25,12],[-24,13],[-25,13],[-353,211],[-133,79],[-183,108],[-156,93],[-138,83],[-152,91],[-124,74],[-33,17],[-17,7],[-28,10],[-15,3],[-29,4],[-27,-1],[-24,-3],[-33,-9],[-17,-7],[-26,-14],[-18,-12],[-35,-26],[-16,-14],[-194,-173],[-299,-266],[-28,-22],[-29,-18],[-32,-14],[-32,-9],[-16,-3],[-33,-3],[-33,2],[-53,8],[-207,32],[-18,3],[-35,8],[-36,11],[-36,16],[-35,19],[-17,10],[-66,43],[-89,58],[-30,19],[-23,13],[-31,15],[-30,11],[-28,8],[-23,4],[-23,3],[-24,1],[-23,1],[-23,-1],[-44,-6],[-94,-7],[-53,-3],[-210,-14],[-56,-3],[-34,-1],[-153,-3],[-48,-2],[-47,-4],[-136,-11],[-59,-7],[-23,-3],[-41,-9],[-36,-10],[-184,-51],[-27,-7],[-27,-7],[-28,-6],[-16,-2],[-34,-3],[-21,0],[-35,1],[-157,6],[-60,2],[-29,-1],[-30,-3],[-16,-2],[-32,-8],[-16,-6],[-32,-13],[-29,-16],[-24,-17],[-29,-23],[-17,-16],[-17,-17],[-31,-34],[-161,-179],[-67,-75],[-21,-26],[-127,-148],[-45,-52],[-55,-60],[-53,-57],[-143,-160],[-52,-61],[-194,-217],[-27,-30],[-33,-34],[-59,-61],[-45,-46],[-85,-94],[-38,-43],[-200,-223],[-62,-69],[-115,-128],[-24,-25],[-32,-31],[-32,-27],[-32,-24],[-23,-16],[-24,-14],[-24,-13],[-40,-19],[-40,-15],[-41,-12],[-24,-6],[-25,-4],[-35,-4],[-52,-3],[-132,-3],[-90,-1],[-32,-1],[-34,1],[-55,4],[-28,3],[-46,7],[-47,11],[-50,14],[-28,9],[-28,10],[-27,12],[-58,26],[-81,41]],[[30876,44440],[-51,26]],[[30825,44466],[-51,25],[-225,110],[-33,16],[-36,14],[-34,7],[-31,4],[-17,1],[-36,-3],[-34,-6],[-31,-10],[-15,-6],[-33,-16],[-96,-53],[-25,-14],[-16,-11],[-17,-14],[-26,-23],[-17,-19],[-22,-26],[-22,-29],[-78,-105],[-262,-348],[-18,-24],[-29,-35],[-26,-27],[-31,-27],[-33,-23],[-17,-10],[-18,-9],[-35,-13],[-32,-8],[-34,-5],[-32,-1],[-30,3],[-29,5],[-29,8],[-21,8],[-27,11],[-81,39],[-260,124],[-128,60],[-50,24],[-46,24],[-22,13],[-38,25],[-33,25],[-33,29],[-41,39],[-123,126],[-90,92],[-147,151],[-59,56],[-80,73],[-49,46],[-34,32],[-150,146],[-87,84],[-28,26],[-53,45],[-33,27],[-35,25],[-51,36],[-51,34],[-27,16],[-37,21],[-38,21],[-35,17],[-36,16],[-35,16],[-41,16],[-138,54],[-118,47],[-115,45],[-84,34],[-106,42],[-25,10],[-87,34],[-59,22],[-43,13],[-29,6],[-30,2],[-35,-1],[-32,-5],[-24,-6],[-23,-9],[-27,-13],[-14,-8],[-29,-20],[-26,-22],[-12,-12],[-23,-27],[-15,-20],[-15,-20],[-13,-22],[-29,-47],[-58,-99],[-16,-26],[-22,-34],[-13,-18],[-14,-18],[-15,-16],[-26,-25],[-27,-22],[-29,-19],[-15,-8],[-31,-14],[-31,-11],[-32,-7],[-33,-4],[-43,1],[-64,6],[-70,9],[-41,4],[-37,3],[-99,6],[-50,4],[-240,28],[-50,6],[-55,8],[-183,28],[-49,8],[-55,10],[-26,6],[-26,8],[-26,8],[-25,10],[-26,11],[-26,13],[-22,11],[-41,25],[-25,16],[-48,35],[-205,148],[-53,39],[-23,15],[-23,14],[-24,14],[-40,20],[-37,15],[-25,10],[-26,7],[-26,7],[-27,6],[-46,7],[-30,3],[-25,0],[-26,0],[-37,-2],[-26,-3],[-26,-4],[-24,-5],[-24,-6],[-52,-16],[-79,-27],[-266,-92],[-48,-16],[-40,-10],[-32,-5],[-22,-3],[-44,-1],[-51,3],[-112,9],[-49,3],[-89,4],[-46,3],[-68,5],[-75,6],[-192,16],[-35,2],[-52,2],[-79,0],[-71,-2],[-103,-1],[-37,2],[-35,4],[-20,5],[-19,6],[-19,8],[-19,8],[-23,12],[-32,20],[-61,38],[-28,17],[-34,19],[-32,14],[-29,9],[-14,4],[-37,6],[-19,1],[-55,2],[-99,1],[-42,2],[-37,6],[-18,4],[-34,12],[-31,14],[-34,19],[-32,23],[-30,23],[-78,62],[-17,12],[-33,22],[-18,9],[-18,9],[-19,8],[-19,6],[-34,8],[-18,3],[-91,11],[-183,18],[-62,7],[-28,4],[-28,6],[-26,6],[-26,7],[-27,9],[-30,11],[-29,13],[-20,9],[-39,21],[-40,25],[-43,31],[-25,20],[-27,24],[-65,61],[-19,17],[-167,159],[-113,102],[-24,18],[-25,17],[-24,16],[-26,16],[-25,14],[-40,19],[-38,16],[-36,13],[-105,34],[-79,24],[-28,8],[-35,8],[-57,10],[-42,6],[-120,16],[-35,4],[-64,6],[-75,7],[-77,8],[-46,2],[-47,0],[-49,-1],[-43,-4],[-57,-8],[-93,-12],[-408,-55],[-41,-5],[-44,-4],[-227,-13],[-47,-4],[-27,-4],[-35,-6],[-21,-5],[-40,-13],[-21,-7],[-41,-18],[-29,-13],[-80,-39],[-55,-25],[-52,-22],[-66,-28],[-17,-7],[-36,-11],[-34,-6],[-17,-1],[-32,1],[-32,5],[-15,4],[-30,11],[-29,14],[-41,25],[-57,39],[-182,123],[-51,36],[-397,281],[-9,6],[-123,87],[-44,32],[-43,34],[-21,18],[-21,20],[-20,20],[-30,35],[-29,38],[-23,34],[-16,27],[-15,27],[-16,31],[-13,27],[-12,28],[-11,29],[-20,55],[-42,117],[-19,54],[-14,34],[-18,36],[-21,34],[-17,23],[-24,26],[-30,27],[-24,18],[-28,16],[-15,8],[-31,11],[-16,5],[-32,6],[-32,1],[-17,0],[-34,-5],[-25,-7],[-33,-12],[-31,-17],[-29,-20],[-25,-22],[-27,-29],[-14,-16],[-25,-34],[-40,-60],[-72,-108],[-25,-35],[-13,-17],[-27,-31],[-29,-28],[-29,-23],[-33,-22],[-17,-9],[-37,-18],[-19,-7],[-50,-13],[-124,-29],[-198,-45],[-24,-5],[-41,-7],[-49,-7],[-48,-4],[-97,-5],[-47,-1],[-24,0],[-36,2],[-30,5],[-26,5],[-27,8],[-40,14],[-19,9],[-86,43],[-125,63],[-252,127],[-46,24],[-44,25],[-75,42],[-49,26],[-114,58],[-33,15],[-31,12],[-34,8],[-36,4],[-35,-1],[-17,-2],[-33,-8],[-16,-6],[-32,-14],[-31,-19],[-14,-11],[-27,-24],[-24,-27],[-24,-32],[-21,-35],[-18,-39],[-7,-20],[-11,-36],[-5,-19],[-8,-43],[-10,-71],[-51,-423],[-40,-336],[-10,-87],[-15,-113],[-7,-51],[-9,-44],[-5,-21],[-11,-42],[-7,-21],[-15,-41],[-9,-21],[-19,-42],[-14,-27],[-27,-45],[-32,-50],[-108,-161],[-33,-51],[-16,-26],[-14,-26],[-15,-28],[-13,-29],[-13,-28],[-12,-30],[-10,-30],[-10,-30],[-9,-32],[-9,-33],[-92,-360],[-9,-32],[-9,-32],[-16,-41],[-18,-38],[-20,-34],[-19,-29],[-23,-28],[-13,-14],[-28,-28],[-31,-27],[-30,-23],[-32,-21],[-17,-9],[-34,-18],[-35,-14],[-17,-5],[-34,-7],[-32,-2],[-28,1],[-34,5],[-39,11],[-75,24],[-43,13],[-29,5],[-14,1],[-29,1],[-29,-3],[-36,-8],[-34,-13],[-32,-17],[-33,-22],[-55,-43],[-62,-51],[-41,-34],[-200,-161],[-41,-33],[-21,-16],[-21,-16],[-22,-14],[-18,-10],[-35,-19],[-41,-17],[-42,-12],[-103,-25],[-138,-31],[-47,-13],[-27,-9],[-26,-10],[-40,-18],[-43,-23],[-22,-13],[-23,-15],[-21,-16],[-32,-24],[-53,-42],[-30,-22],[-36,-25],[-18,-11],[-34,-18],[-36,-15],[-36,-12],[-34,-8],[-24,-4],[-24,-2],[-35,-2],[-34,2],[-35,4],[-36,8],[-18,5],[-34,11],[-22,10],[-22,10],[-31,18],[-16,9],[-35,24],[-69,47],[-33,22],[-15,9],[-30,16],[-35,15],[-38,13],[-21,5],[-21,4],[-38,5],[-77,4],[-380,19],[-36,0],[-28,-3],[-21,-3],[-41,-9],[-13,-6],[-25,-12],[-25,-16],[-25,-19],[-12,-12],[-23,-24],[-21,-26],[-19,-29],[-17,-31],[-9,-21],[-24,-72],[-38,-116],[-81,-246],[-67,-203],[-11,-30],[-11,-30],[-18,-39],[-20,-38],[-10,-18],[-23,-34],[-13,-17],[-25,-30],[-28,-29],[-33,-29],[-30,-21],[-31,-19],[-32,-17],[-20,-8],[-21,-8],[-35,-9],[-35,-7],[-17,-2],[-32,-1],[-16,0],[-33,3],[-17,3],[-37,8],[-51,16],[-151,48],[-159,51],[-76,23],[-25,7],[-18,4],[-36,3],[-33,-2],[-33,-5],[-34,-11],[-32,-14],[-31,-19],[-28,-22],[-26,-26],[-22,-26],[-18,-27],[-19,-32],[-9,-19],[-15,-38],[-13,-41],[-8,-37],[-3,-19],[-4,-39],[0,-52],[3,-52],[13,-149],[12,-138],[40,-435],[3,-63],[-1,-26],[-3,-53],[-9,-79],[-7,-47],[-13,-78],[-5,-24],[-10,-37],[-7,-19],[-15,-37],[-18,-34],[-39,-66],[-75,-124],[-53,-89],[-99,-162],[-115,-190],[-11,-19],[-37,-59],[-30,-42],[-25,-29],[-28,-26],[-29,-21],[-16,-9],[-32,-16],[-33,-10],[-16,-4],[-37,-2],[-37,4],[-18,3],[-36,12],[-35,16],[-33,21],[-31,25],[-67,57],[-33,30],[-35,34],[-24,22],[-161,136],[-50,41],[-35,26],[-36,22],[-38,18],[-82,29],[-139,45],[-56,17],[-33,7],[-34,10],[-51,15],[-244,82],[-60,24],[-95,40],[-35,13],[-24,8],[-25,7],[-25,6],[-26,4],[-25,4],[-25,3],[-26,1],[-25,0],[-45,-1],[-103,-1],[-179,-4],[-28,0],[-33,3],[-18,3],[-28,7],[-24,8],[-17,7],[-25,12],[-15,9],[-25,18],[-21,16],[-26,24],[-16,17],[-44,52],[-97,119],[-36,41],[-20,21],[-18,15],[-28,22],[-19,11],[-23,13],[-35,15],[-38,11],[-33,6],[-51,8],[-36,5],[-276,42],[-36,6],[-17,4],[-26,9],[-27,11],[-22,12],[-22,14],[-20,15],[-41,36],[-127,118],[-34,33],[-22,22],[-17,20],[-24,33],[-18,30],[-9,17],[-16,34],[-14,38],[-6,18],[-10,38],[-7,34],[-3,27],[-4,40],[-1,39],[2,34],[4,42],[5,32],[6,31],[54,234],[8,39],[4,26],[3,30],[2,30],[0,23],[-3,42],[-7,45],[-12,57],[-13,46],[-8,24],[-15,37],[-8,17],[-22,37],[-13,19],[-25,30],[-28,28],[-31,24],[-16,10],[-34,17],[-17,8],[-35,10],[-21,4],[-120,15],[-25,5],[-24,5],[-39,13],[-57,23],[-35,13],[-25,8],[-36,9],[-50,6],[-95,11],[-34,2],[-33,7],[-32,11],[-15,8],[-30,18],[-28,23],[-14,12],[-24,29],[-11,16],[-20,33],[-17,36],[-80,196],[-8,18],[-18,35],[-11,16],[-22,30],[-26,27],[-28,23],[-29,18],[-16,8],[-453,205],[-33,13],[-18,4],[-34,5],[-35,-1],[-35,-5],[-17,-5],[-34,-12],[-32,-18],[-31,-22],[-14,-13],[-27,-28],[-13,-16],[-22,-33],[-20,-37],[-9,-19],[-25,-64],[-8,-18],[-17,-34],[-20,-31],[-23,-29],[-17,-16],[-36,-27],[-37,-25],[-42,-23],[-45,-26],[-12,-6],[-39,-26],[-53,-30],[-25,-12]],[[64035,51980],[30,141],[147,827],[82,296],[68,182],[116,247],[511,962],[103,175],[118,161],[129,141],[74,68],[121,93],[209,161],[162,187],[104,181],[71,180],[63,293],[225,1558],[-8,263],[-36,197],[-78,258],[-650,2050],[-34,134],[-19,108],[-13,139],[-2,140],[15,203],[276,2775]],[[62127,21745],[-48,30],[-23,15],[-50,30],[-171,92],[-57,33],[-21,13],[-48,33],[-45,34],[-38,33],[-27,27],[-20,23],[-20,25],[-29,41],[-22,35],[-43,71],[-49,83],[-120,199],[-24,41],[-18,35],[-25,48],[-18,39],[-112,248],[-108,241],[-61,134],[-34,76],[-48,105],[-194,432],[-7,15],[-61,135],[-21,46],[-51,114],[-67,149],[-24,53],[-307,682],[-80,178],[-94,208],[-25,55],[-76,168],[-24,54],[-87,193],[-7,14],[-72,160],[-146,325],[-14,31],[-88,194],[-35,77],[-30,64],[-23,50],[-83,184],[-52,115],[-48,109],[-35,80],[-19,42],[-135,301],[-97,215],[-142,316],[-32,68],[-34,67],[-16,29],[-17,29],[-17,27],[-18,28],[-19,26],[-20,28],[-21,27],[-36,43],[-41,46],[-35,34],[-45,40],[-39,32],[-20,15],[-68,47],[-28,16],[-40,21],[-47,23],[-278,128],[-256,119],[-358,165],[-207,95],[-111,52],[-252,113],[-540,249],[-68,31],[-75,35],[-35,17],[-50,27],[-33,17],[-269,123],[-49,22],[-128,56],[-52,23],[-220,101],[-80,37],[-52,27],[-27,15],[-27,15],[-26,17],[-25,18],[-39,31],[-38,35],[-31,33],[-27,31],[-21,25],[-21,28],[-24,34],[-30,45],[-38,61],[-125,198],[-65,104],[-80,126],[-261,415],[-75,120],[-424,674],[-88,140],[-185,294],[-52,91],[-43,76],[-19,32],[-30,47],[-75,120]],[[53102,33196],[-76,120],[-26,41],[-45,69],[-19,30],[-28,39],[-23,31],[-36,55],[-86,136],[-270,430],[-16,26],[-33,55],[-22,37],[-20,38],[-25,50],[-24,51],[-23,53],[-29,71],[-18,45],[-27,73],[-31,85],[-170,475],[-24,69],[-31,90],[-17,50],[-77,214],[-37,105],[-7,20],[-126,351],[-27,77],[-88,247],[-86,240],[-134,374],[-29,83],[-81,225],[-217,607],[-73,207],[-27,75],[-141,394],[-120,337],[-83,231],[-68,184],[-129,364],[-26,69],[-23,61],[-13,32],[-14,31],[-29,61],[-83,163],[-44,89],[-48,95],[-73,130],[-21,37],[-30,61],[-433,858]],[[49596,41437],[-80,158],[-8,18],[-107,239],[-12,26],[-77,153]]],"transform":{"scale":[0.7596147267657989,0.5999429477080354],"translate":[297494.9463,7370051.1775]},"objects":{"contexto_trilhos_s":{"type":"GeometryCollection","geometries":[{"type":"MultiLineString","arcs":[[0],[1],[2],[3],[4],[5],[6],[7]],"properties":{"modo":"metro","linha":"AZUL","empresa":"METRO"}},{"type":"MultiLineString","arcs":[[8],[9],[10],[11],[12],[13],[14],[15]],"properties":{"modo":"metro","linha":"VERDE","empresa":"METRO"}},{"type":"MultiLineString","arcs":[[16],[17],[18],[19],[20],[21]],"properties":{"modo":"metro","linha":"VERMELHA","empresa":"METRO"}},{"type":"MultiLineString","arcs":[[22],[23],[24],[25],[26]],"properties":{"modo":"metro","linha":"AMARELA","empresa":"VIAQUATRO"}},{"type":"MultiLineString","arcs":[[27],[28],[29],[30],[31]],"properties":{"modo":"metro","linha":"LILAS","empresa":"VIAMOBILIDADE"}},{"type":"MultiLineString","arcs":[[32],[33]],"properties":{"modo":"metro","linha":"PRATA","empresa":"METRO"}},{"type":"MultiLineString","arcs":[[34],[35],[36],[37],[38]],"properties":{"modo":"trem","linha":"ESMERALDA","empresa":"VIAMOBILIDADE"}},{"type":"MultiLineString","arcs":[[39],[40],[41],[42]],"properties":{"modo":"trem","linha":"ESMERALDA","empresa":"VIAMOBILIDADE"}},{"type":"LineString","arcs":[43],"properties":{"modo":"trem","linha":"ESMERALDA","empresa":"VIAMOBILIDADE"}},{"type":"MultiLineString","arcs":[[44],[45],[46],[47,48]],"properties":{"modo":"trem","linha":"CORAL","empresa":"CPTM"}},{"type":"MultiLineString","arcs":[[49],[50],[51],[52],[53]],"properties":{"modo":"trem","linha":"CORAL","empresa":"CPTM"}},{"type":"LineString","arcs":[54],"properties":{"modo":"trem","linha":"SAFIRA","empresa":"CPTM"}},{"type":"MultiLineString","arcs":[[55],[56],[46],[47]],"properties":{"modo":"trem","linha":"SAFIRA","empresa":"CPTM"}},{"type":"LineString","arcs":[57],"properties":{"modo":"trem","linha":"SAFIRA","empresa":"CPTM"}},{"type":"MultiLineString","arcs":[[58],[59],[60]],"properties":{"modo":"trem","linha":"SAFIRA","empresa":"CPTM"}},{"type":"LineString","arcs":[61],"properties":{"modo":"trem","linha":"RUBI","empresa":"CPTM"}},{"type":"MultiLineString","arcs":[[62],[63],[64],[65],[66],[67],[68]],"properties":{"modo":"trem","linha":"RUBI","empresa":"CPTM"}},{"type":"LineString","arcs":[69],"properties":{"modo":"trem","linha":"RUBI","empresa":"CPTM"}},{"type":"LineString","arcs":[70],"properties":{"modo":"trem","linha":"RUBI","empresa":"CPTM"}},{"type":"LineString","arcs":[71],"properties":{"modo":"trem","linha":"RUBI","empresa":"CPTM"}},{"type":"LineString","arcs":[72],"properties":{"modo":"trem","linha":"RUBI","empresa":"CPTM"}},{"type":"LineString","arcs":[73],"properties":{"modo":"trem","linha":"RUBI","empresa":"CPTM"}},{"type":"LineString","arcs":[74],"properties":{"modo":"trem","linha":"TURQUESA","empresa":"CPTM"}},{"type":"MultiLineString","arcs":[[75],[76],[77],[78],[79],[80]],"properties":{"modo":"trem","linha":"TURQUESA","empresa":"CPTM"}},{"type":"MultiLineString","arcs":[[81],[82],[83],[84],[85]],"properties":{"modo":"trem","linha":"TURQUESA","empresa":"CPTM"}},{"type":"LineString","arcs":[86],"properties":{"modo":"trem","linha":"JADE","empresa":"CPTM"}},{"type":"MultiLineString","arcs":[[87],[88],[89]],"properties":{"modo":"trem","linha":"RUBI","empresa":"CPTM"}},{"type":"LineString","arcs":[90],"properties":{"modo":"trem","linha":"RUBI","empresa":"CPTM"}},{"type":"LineString","arcs":[91],"properties":{"modo":"trem","linha":"DIAMANTE","empresa":"VIAMOBILIDADE"}},{"type":"MultiLineString","arcs":[[92],[93],[94]],"properties":{"modo":"trem","linha":"DIAMANTE","empresa":"VIAMOBILIDADE"}},{"type":"LineString","arcs":[95],"properties":{"modo":"trem","linha":"JADE","empresa":"CPTM"}},{"type":"MultiLineString","arcs":[[96],[97],[98],[-53],[-52],[49]],"properties":{"modo":"trem","linha":"TURQUESA","empresa":"CPTM"}}]}}}