{"type":"Topology","arcs":[[[51236,53711],[-149,-217],[-68,-86],[-71,-71],[-49,-38],[-59,-55],[-57,-76],[-49,-88],[-106,-222],[-43,-95],[-34,-83],[-37,-96],[-26,-76],[-51,-160],[-45,-121],[-21,-65],[-20,-44],[-23,-42],[-31,-42],[-34,-41],[-50,-41],[-49,-31],[-94,-44],[-84,-22],[-57,1],[-47,0],[-46,-16],[-63,-48],[-150,-148],[-67,-61],[-696,-633],[-97,-91],[-77,-81],[-117,-121],[-84,-115],[-60,-100],[-46,-95],[-38,-100],[-20,-101],[-9,-81],[-8,-91],[-2,-68],[-82,-3932],[-2,-84],[-11,-65],[-20,-87],[-23,-52],[-55,-97],[-52,-54],[-51,-37],[-36,-22],[-156,-88],[-76,-50],[-32,-29],[-78,-88],[-41,-57],[-28,-50],[-21,-39],[-28,-67],[-107,-288],[-50,-154],[-202,-880],[-8,-77],[-26,-181]],[[47117,43428],[-1,-6]],[[47116,43422],[-4,-22]],[[47112,43400],[0,-7]],[[47112,43393],[-9,-130],[-97,-1273],[0,-39],[5,-46],[31,-85],[14,-33],[12,-45],[34,-142],[45,-364],[16,-100],[36,-199],[12,-64],[7,-101],[-7,-58],[-20,-89],[-13,-35]],[[47178,40590],[-31,-89],[-66,-129],[-74,-101],[-59,-88],[-44,-97],[-34,-100],[-83,-225],[-24,-97],[-17,-101],[-18,-83],[-36,-115],[-96,-240],[-55,-122],[-67,-173],[-26,-98],[-15,-71],[-21,-147],[-17,-110],[-51,-300],[-52,-344],[-26,-197],[-9,-113],[-5,-152],[19,-338],[1,-111],[-12,-112],[-17,-124],[-103,-590],[-2,-118],[4,-119],[17,-106],[22,-74],[628,-1395],[67,-132],[59,-149],[25,-102],[9,-90],[1,-14]],[[46970,33724],[2,-74],[-8,-93],[-15,-87],[-33,-91],[-35,-112],[-42,-90],[-61,-92],[-48,-79],[-16,-51],[-11,-68],[-5,-89],[-7,-968]],[[46691,31830],[-7,-882],[-3,-101],[-9,-97],[-11,-86],[-19,-91],[-70,-278],[-25,-130],[-13,-121],[-4,-128],[-1,-411],[-7,-174],[-11,-151],[-16,-135],[-382,-2377],[-26,-156],[-21,-158],[-39,-752],[8,-146],[34,-486],[2,-190],[-21,-783],[0,-96],[5,-101],[25,-471],[5,-72],[3,-59],[23,-213]],[[39394,41421],[91,-89],[116,-88],[39,-19],[88,-25],[59,2],[68,11],[134,-10],[179,-37],[130,-40],[124,-50],[353,-176],[133,-78],[26,-19],[77,-59],[290,-270],[64,-47],[59,-41],[91,-50],[847,-476],[63,-35],[46,-24],[50,-19],[111,-19],[50,-1],[115,18],[160,14],[68,-3],[68,-27],[47,-37],[15,-16]],[[43155,39711],[49,-52],[903,-1098],[402,-455],[535,-603],[757,-808],[37,-63],[20,-42],[72,-196],[29,-58],[62,-97],[27,-78],[23,-83],[28,-240],[19,-127],[20,-78],[25,-71],[320,-677],[460,-1059],[27,-102]],[[46970,33724],[79,-295],[52,-105],[111,-145],[213,-177],[97,-99]],[[47522,32903],[38,-39],[85,-82],[31,-50],[47,-74],[29,-52],[42,-44],[49,-31],[89,-40],[326,-101],[68,-4],[71,20],[51,19],[62,5],[84,-6],[85,-29],[124,-73],[195,-117],[86,-67],[67,-84],[48,-71],[74,-91],[49,-81],[77,-151],[172,-315],[41,-56],[44,-43],[64,-44],[87,-28],[92,-21],[103,-12],[120,-3],[119,4],[645,62],[76,16],[65,21],[68,20],[96,26],[82,13],[358,40],[86,28],[70,43],[96,96],[167,180],[316,333],[212,218],[60,59],[53,63],[60,88],[68,98],[113,170],[76,105],[45,56]],[[53053,32877],[4,5]],[[53057,32882],[12,14]],[[53069,32896],[67,80],[153,181],[73,71],[70,69],[62,72],[78,102],[80,96],[47,60],[64,82],[49,83],[114,236],[48,148],[40,130]],[[54014,34306],[10,32],[44,111]],[[42537,45198],[115,-14],[121,-25],[107,-35],[197,-82],[89,-70],[93,-102],[85,-119],[319,-558],[50,-82],[54,-59],[61,-52],[170,-133],[89,-68],[63,-60],[104,-119],[63,-74],[105,-112],[474,-508],[34,-36],[25,-35],[29,-42],[26,-53],[124,-275],[37,-67],[45,-55],[65,-49],[164,-74],[77,-42],[90,-64],[65,-70],[206,-252]],[[45883,41812],[19,-24],[44,-54],[36,-52],[36,-61],[125,-235],[28,-39],[29,-35],[59,-62],[352,-279],[283,-248],[65,-42],[128,-54],[91,-37]],[[47178,40590],[28,-11],[69,-20],[66,-5],[74,12],[87,17],[105,48],[132,62],[78,35],[75,31],[74,19],[511,107],[71,19],[137,40],[187,61],[97,30],[148,45],[112,32],[71,14],[97,12],[182,27],[39,5]],[[49618,41170],[6,1]],[[49624,41171],[6,1]],[[49630,41172],[46,6],[74,5],[65,7],[90,14],[66,18],[69,18],[65,24],[56,25],[144,38],[163,49],[290,72],[227,66],[1838,498],[782,209],[76,19],[76,15],[67,12],[105,23],[121,33],[567,147],[433,117],[59,22],[39,19],[107,54],[78,33],[67,21],[523,135],[186,44],[437,111],[684,194],[411,121],[846,233],[992,257],[1027,279],[51,11],[56,12],[57,1],[58,-5],[69,-8],[294,-47],[75,-9],[70,0],[73,9],[316,51],[99,15],[89,8],[152,13],[111,15],[76,14],[59,14],[57,20],[50,19],[49,22],[57,34],[53,34],[70,45],[553,362],[61,31],[63,22],[50,14],[52,11],[405,83],[52,10],[56,8],[62,0],[49,-2],[50,-8],[60,-13],[65,-21],[53,-24],[39,-22],[50,-33],[58,-44],[122,-107],[116,-110],[80,-71],[61,-59],[402,-358],[120,-102],[75,-62],[60,-55],[54,-57],[67,-80],[65,-69],[60,-55],[55,-38],[62,-34],[93,-32],[42,-12],[46,-8],[298,-40],[79,-11],[50,-3],[51,1],[143,12],[45,-2],[52,-11],[41,-13],[43,-24],[45,-30],[42,-40],[38,-50],[29,-49],[27,-58],[29,-79],[31,-106],[17,-55],[24,-64],[28,-59],[33,-57],[43,-67],[163,-206],[61,-63],[57,-44],[71,-41],[65,-28],[557,-165],[108,-27],[84,-9],[113,-1],[92,8],[85,10],[89,20],[94,22],[249,66]],[[46986,43314],[-61,-106],[-29,-68],[-28,-73],[-42,-105],[-26,-85],[-32,-87],[-34,-84],[-36,-50],[-44,-43],[-239,-217],[-70,-68],[-462,-516]],[[45883,41812],[-287,-319],[-41,-61],[-27,-43],[-27,-34],[-49,-39],[-55,-18],[-49,-7],[-65,-17],[-51,-28],[-571,-251],[-38,-22],[-44,-27],[-59,-41],[-681,-509],[-78,-60],[-42,-37],[-68,-64],[-157,-138],[-47,-47],[-80,-97],[-212,-242]],[[43155,39711],[-8,-10],[-54,-55],[-75,-50],[-65,-24],[-88,-33],[-83,-38],[-51,-33],[-56,-45],[-100,-93],[-73,-72],[-38,-30],[-54,-37],[-133,-86],[-531,-424],[-105,-82],[-62,-56],[-95,-98],[-133,-135],[-34,-32],[-35,-28],[-120,-69],[-45,-20],[-51,-17],[-58,-10],[-97,-2],[-61,-22],[-92,-57],[-786,-461],[-78,-40],[-78,-43],[-81,-38],[-57,-25],[-64,-15],[-65,-9],[-59,1],[-100,8],[-180,42],[-58,23],[-53,27],[-37,28],[-146,86],[-76,24],[-105,15],[-122,4],[-246,-6],[-231,-8],[-82,-18],[-210,-94],[-26,-17]],[[37818,37537],[-16,-9]],[[37802,37528],[-56,-36],[-91,-76],[-153,-150],[-89,-110],[-75,-101],[-105,-142],[-129,-139],[-44,-64],[-86,-153],[-48,-121],[-37,-136],[-154,-903],[-33,-119],[-57,-153],[-57,-131],[-37,-64],[-62,-68],[-85,-69],[-105,-68],[-203,-119],[-160,-83],[-96,-72],[-47,-39],[-63,-36],[-75,-25],[-54,-4],[-82,-17],[-60,-20],[-60,-23],[-124,-64],[-452,-236],[-84,-46],[-61,-42],[-62,-54],[-241,-177],[-95,-78],[-82,-93],[-60,-95],[-115,-194],[-79,-119],[-40,-53],[-36,-40],[-48,-35],[-330,-199]],[[47525,32907],[-3,-4]],[[47522,32903],[-35,-52],[-43,-50],[-155,-184],[-29,-40],[-21,-36],[-16,-33],[-19,-55],[-76,-287],[-35,-73],[-40,-67],[-64,-71],[-66,-52],[-84,-45],[-58,-15],[-70,-13],[-20,0]],[[46691,31830],[-62,-1],[-516,-2],[-62,2],[-70,7],[-955,107],[-86,5],[-79,-10],[-69,-5],[-57,4],[-222,31],[-69,6],[-85,5],[-83,-7],[-87,-19],[-69,-24],[-69,-39],[-72,-52],[-59,-50],[-48,-55],[-63,-69],[-63,-74],[-56,-68],[-231,-334],[-29,-48],[-30,-57],[-19,-44],[-16,-44],[-21,-43],[-65,-93],[-48,-72],[-20,-22],[-21,-18],[-36,-25],[-21,-17],[-36,-38],[-312,-449],[-161,-231],[-50,-62],[-48,-48],[-60,-62],[-62,-66],[-79,-81],[-32,-25],[-50,-32],[-56,-32],[-73,-34],[-585,-200],[-120,-45],[-82,-46],[-77,-56],[-70,-58],[-82,-83],[-45,-66],[-50,-79],[-250,-472],[-89,-148],[-40,-58],[-43,-69],[-44,-75],[-45,-85],[-39,-90],[-25,-78],[-36,-96],[-408,-819],[-30,-55],[-37,-61],[-30,-44],[-39,-42],[-39,-47],[-64,-111],[-58,-119],[-27,-68],[-30,-93],[-18,-62],[-27,-65],[-97,-186],[-25,-46],[-29,-42],[-27,-44],[-156,-275],[-28,-43],[-131,-184],[-71,-98],[-12,-16],[-16,-15],[-65,-59],[-15,-21],[-178,-276],[-31,-54],[-35,-73],[-276,-607],[-14,-30],[-18,-25],[-51,-68],[-14,-16],[-15,-23],[-57,-109],[-78,-190],[-85,-198],[-41,-114],[-18,-66],[-12,-62],[-15,-93],[-19,-89],[-19,-61],[-25,-62],[-582,-1116],[-69,-136],[-32,-40],[-40,-33],[-65,-28],[-550,-95],[-243,-43],[-39,-2],[-62,2],[-131,0],[-39,-7],[-214,-37],[-69,-15],[-61,-21],[-46,-17],[-43,-11],[-99,-12]],[[35528,21299],[-19,-2]],[[35509,21297],[-292,-36],[-61,-7],[-66,-6],[-60,3],[-43,9],[-43,11],[-45,18],[-60,34],[-50,36],[-47,43],[-40,41],[-32,46],[-31,49],[-45,102],[-19,49],[-12,47],[-13,61],[-8,49],[-4,103],[18,681],[0,96],[-4,83],[-7,79],[-8,52],[-20,77],[-30,73],[-33,51],[-33,47],[-43,43],[-39,31],[-57,30],[-61,23],[-226,63],[-96,26],[-66,9],[-73,9],[-116,11],[-52,12],[-63,19],[-81,39],[-43,26],[-42,35],[-36,41],[-32,45],[-24,43],[-18,45],[-18,47],[-17,76],[-26,164],[-16,71],[-22,83],[-26,74],[-33,68],[-30,51],[-39,56],[-49,48],[-47,32],[-69,35],[-52,13],[-45,4],[-43,-3],[-49,-6],[-50,-16],[-402,-219],[-62,-43],[-55,-52],[-32,-39],[-34,-42],[-67,-100],[-28,-53],[-29,-66],[-48,-130],[-42,-119],[-31,-68],[-37,-56],[-42,-43],[-112,-102],[-95,-82],[-114,-88],[-74,-45],[-51,-21],[-80,-27],[-57,-14],[-61,-8],[-74,-1],[-121,3],[-70,0],[-61,-5],[-42,-8],[-57,-21],[-62,-37],[-74,-58],[-44,-42],[-51,-58],[-45,-57],[-32,-57],[-25,-79],[-35,-113],[-14,-60],[-19,-50],[-22,-50],[-32,-59],[-64,-90],[-53,-56],[-53,-52],[-99,-98],[-74,-74],[-60,-67],[-75,-92],[-71,-93],[-83,-117],[-63,-90],[-70,-119],[-79,-131],[-79,-144],[-34,-65],[-27,-52],[-191,-403]],[[53809,34359],[38,-27],[31,-16],[35,-13],[43,-5],[38,4],[20,4]],[[54014,34306],[648,133],[51,12],[45,17],[294,179],[82,34],[86,17],[76,6],[515,-11],[83,6],[538,72],[160,19],[43,10],[383,109],[59,6],[37,2],[41,-3],[46,-8],[38,-10],[556,-154],[65,-16],[72,-24],[56,-21],[374,-214],[89,-76],[72,-76],[355,-414],[59,-69],[37,-53],[29,-45],[263,-488],[22,-41],[33,-46],[24,-28],[194,-165],[51,-40],[54,-46],[81,-91],[236,-318],[41,-57],[21,-32],[31,-41],[128,-183],[61,-76],[41,-43],[72,-63],[59,-34],[600,-259],[74,-32],[64,-31],[53,-29],[44,-33],[45,-38],[88,-84],[70,-69],[44,-42],[63,-51],[29,-21],[49,-23],[64,-20],[41,-10],[49,-8],[70,-13],[453,-96],[46,-6],[34,-2],[194,8],[47,2],[41,-4],[33,-3],[33,-7],[25,-7],[25,-8],[67,-20],[71,-17],[69,-14],[57,-5],[57,-7],[57,-10],[140,-41],[25,-9],[98,-24],[31,-13],[29,-18],[151,-144],[19,-17],[23,-12],[32,-11],[25,-3],[26,6],[27,10],[22,1],[18,-4],[16,-6],[14,-9],[11,-11],[147,-255],[55,-103],[26,-62],[65,-155],[38,-77],[22,-34],[27,-30],[204,-201],[25,-29],[25,-52],[14,-59],[1,-52],[-4,-42],[-10,-44],[-10,-53],[-7,-34],[-3,-50],[11,-69],[124,-305],[31,-43],[31,-42],[42,-43],[45,-22],[41,-6],[43,9],[412,101],[84,19],[68,2],[125,-10],[41,7],[35,22],[29,23],[25,27],[18,25],[39,78],[27,33],[38,25],[49,17],[46,4],[37,-7],[66,-23],[49,-16],[54,-2],[68,15],[70,12],[52,11],[50,3],[50,-1],[96,-18],[35,-2],[48,7],[25,13],[18,15],[17,15],[20,23],[16,20],[214,268],[71,82],[28,25],[24,10],[33,13],[32,8],[45,-2],[39,-11],[36,-19],[37,-29],[31,-35],[23,-34],[20,-54],[14,-62],[25,-79],[26,-39],[44,-35],[38,-15],[43,-5],[69,-2],[61,-7],[156,-27],[76,-3],[61,13],[54,15],[279,92],[56,27],[44,30],[43,61],[27,54],[37,67],[36,63],[55,65],[155,130],[34,47],[28,56],[45,246],[9,43],[19,50],[23,41],[64,103],[27,63],[20,85],[86,671],[18,122],[30,111],[57,125],[51,77],[51,66]],[[27763,45046],[65,-67],[63,-62],[53,-51],[20,-23],[62,-63],[55,-50],[52,-51],[88,-88],[77,-81],[41,-42],[45,-47],[114,-120],[35,-37],[23,-24],[34,-31],[17,-14],[32,-25],[16,-12],[27,-17],[28,-16],[89,-45],[301,-148],[138,-68],[23,-11],[26,-11],[30,-10],[33,-8],[34,-3],[33,0],[38,5],[35,10],[33,13],[19,9],[18,11],[17,11],[17,13],[20,16],[23,22],[20,22],[17,22],[58,74],[270,350],[34,45],[18,23],[24,29],[20,22],[25,22],[20,16],[18,11],[24,14],[98,52],[48,24],[34,14],[17,5],[28,6],[15,2],[30,2],[30,-1],[33,-6],[18,-4],[35,-13],[20,-9],[19,-11],[19,-11],[92,-62],[143,-96]],[[30864,44473],[99,-67],[45,-28],[38,-22],[21,-10],[22,-10],[41,-15],[38,-11],[47,-10],[23,-4],[513,-74],[45,-7],[18,-3],[35,-12],[34,-15],[29,-18],[29,-23],[30,-29],[13,-15],[26,-35],[22,-37],[10,-20],[17,-41],[13,-44],[49,-181],[45,-167],[31,-115],[10,-37],[12,-34],[12,-30],[15,-35],[16,-33],[17,-29],[26,-40],[27,-36],[113,-138],[65,-79],[122,-148],[39,-47],[60,-74],[207,-251],[286,-347],[74,-90],[60,-72],[77,-90],[117,-136],[38,-45],[77,-90],[154,-182],[16,-20],[27,-35],[36,-43],[45,-60],[46,-56],[47,-66],[34,-45],[13,-15],[20,-22],[28,-28],[29,-24],[22,-17],[24,-17],[145,-97],[150,-100],[228,-153],[237,-159],[140,-93],[165,-110],[498,-334],[161,-107],[163,-110],[46,-31],[69,-48],[47,-33],[91,-65],[41,-30],[283,-209],[41,-30],[24,-16],[23,-14],[48,-27],[97,-52],[48,-27],[47,-30],[24,-16],[39,-27],[37,-29],[22,-17],[45,-39],[40,-37],[39,-39],[41,-45],[37,-45],[36,-45],[17,-25],[35,-51],[16,-25],[32,-54],[32,-57],[14,-28],[28,-57],[25,-59],[24,-62],[21,-61],[39,-125],[18,-63],[17,-65],[16,-65],[8,-34],[60,-224],[40,-152]],[[37802,37528],[13,-48],[9,-31],[28,-94],[18,-63],[42,-157],[9,-32],[18,-62],[47,-156],[20,-61],[11,-31],[12,-29],[14,-29],[15,-28],[14,-25],[20,-29],[16,-23],[19,-23],[19,-21],[21,-22],[40,-37],[21,-19],[59,-48],[23,-22],[24,-23],[20,-21],[22,-27],[63,-77],[98,-123],[25,-31],[22,-32],[24,-36],[35,-57],[32,-59],[29,-60],[13,-26],[27,-61],[14,-34],[113,-269],[25,-61],[26,-61],[89,-213],[52,-122],[112,-268],[36,-88],[23,-61],[35,-91],[30,-82],[10,-30],[16,-52],[9,-35],[7,-31],[8,-35],[8,-47],[8,-61],[6,-55],[4,-56],[1,-28],[3,-53],[1,-62],[-2,-59],[-2,-36],[-3,-32],[-6,-52],[-5,-32],[-9,-48],[-10,-47],[-42,-176],[-18,-72],[-64,-241],[-12,-45],[-21,-79],[-4,-16],[-18,-68],[-9,-49],[-6,-33],[-4,-32],[-4,-34],[-4,-49],[-1,-33],[-1,-34],[0,-50],[2,-70],[2,-82],[-1,-52],[-3,-49],[-3,-34],[-3,-29],[-7,-41],[-4,-24],[-9,-43],[-7,-32],[-10,-36],[-11,-35],[-16,-46],[-8,-23],[-16,-38],[-16,-34],[-19,-37],[-17,-34],[-75,-141],[-30,-55],[-17,-35],[-25,-55],[-10,-25],[-19,-53],[-13,-43],[-12,-40],[-20,-79],[-10,-40],[-17,-62],[-16,-60],[-43,-153],[-20,-73],[-31,-119],[-48,-191],[-41,-158],[-16,-64],[-15,-63],[-18,-80],[-14,-67],[-12,-66],[-11,-67],[-68,-433],[-33,-209],[-55,-347],[-25,-159],[-53,-332],[-11,-65],[-7,-31],[-8,-30],[-18,-59],[-31,-97],[-10,-30],[-9,-33],[-7,-30],[-6,-34],[-5,-32],[-4,-34],[-12,-131],[-3,-33],[-5,-33],[-7,-32],[-5,-23],[-12,-40],[-10,-31],[-18,-45],[-19,-43],[-14,-28],[-14,-28],[-30,-53],[-18,-27],[-33,-50],[-37,-49],[-35,-44],[-42,-50],[-18,-20],[-28,-27],[-30,-28],[-28,-23],[-23,-17],[-24,-18],[-48,-32],[-26,-15],[-26,-14],[-27,-14],[-25,-12],[-54,-23],[-110,-48],[-176,-75],[-49,-22],[-49,-25],[-50,-28],[-25,-16],[-44,-29],[-27,-20],[-48,-37],[-36,-31],[-23,-20],[-38,-38],[-22,-22],[-39,-42],[-17,-21],[-38,-47],[-21,-27],[-37,-53],[-190,-276],[-93,-137],[-68,-103],[-106,-155],[-47,-69],[-45,-65],[-91,-134],[-129,-190],[-21,-31],[-22,-31],[-268,-392],[-138,-202],[-102,-149],[-114,-166],[-107,-157],[-35,-52],[-17,-27],[-20,-32],[-30,-50],[-18,-34],[-17,-33],[-30,-62],[-15,-34],[-18,-43],[-23,-60],[-12,-35],[-78,-225],[-12,-36],[-10,-33],[-10,-33],[-8,-36],[-7,-34],[-6,-37],[-4,-34],[-4,-36],[-1,-25],[-1,-35],[0,-39],[2,-42],[3,-38],[4,-35],[32,-233],[11,-75],[6,-36],[6,-33],[8,-35],[8,-33],[25,-87],[10,-32],[5,-12],[16,-40],[30,-67],[16,-32],[18,-33],[16,-28],[53,-87],[12,-18],[86,-137],[67,-110],[62,-97],[119,-190],[60,-95],[12,-21],[27,-45],[85,-149],[14,-25],[27,-42]],[[35509,21297],[29,-47],[29,-46],[31,-42],[35,-45],[37,-43],[23,-23],[22,-22],[44,-41],[45,-39],[88,-73],[67,-59],[167,-147],[19,-17],[44,-41],[45,-43],[43,-45],[22,-24],[43,-49],[41,-48],[40,-51],[21,-26],[37,-51],[37,-53],[21,-32],[35,-56],[16,-25],[15,-27],[14,-28],[14,-29],[12,-29],[11,-30],[22,-61],[62,-172],[32,-87],[13,-30],[14,-30],[13,-29],[21,-40],[18,-32],[70,-117],[33,-58],[31,-59],[14,-29],[31,-67],[82,-189],[121,-279],[59,-135],[13,-31],[140,-320],[26,-58],[27,-57],[59,-124],[46,-99],[40,-89],[23,-53]],[[37666,17721],[44,-99],[73,-172],[41,-92],[15,-30],[26,-47],[17,-31],[17,-27],[29,-46],[111,-159],[49,-72],[23,-33],[57,-82],[111,-160],[47,-72],[26,-42],[18,-31],[31,-55],[69,-140],[26,-59],[56,-132],[45,-103],[25,-60],[30,-71],[20,-51],[9,-24],[15,-43],[13,-45],[37,-146],[10,-36],[13,-38],[15,-42],[19,-42],[17,-30],[29,-46],[26,-37],[35,-47],[32,-39],[30,-35],[37,-39],[37,-37],[42,-39],[119,-94],[24,-17],[43,-27],[27,-16],[32,-18],[36,-18],[136,-65],[41,-20],[51,-25],[53,-31],[59,-40],[38,-31],[51,-47],[30,-31],[35,-40],[32,-41],[22,-31],[30,-47],[27,-47],[26,-52],[12,-28],[19,-44],[13,-36],[13,-38],[16,-55],[10,-41],[12,-59],[7,-46],[4,-33],[4,-40],[3,-52],[0,-27],[0,-45],[-1,-38],[-3,-40],[-4,-37],[-10,-74],[-9,-47],[-10,-45],[-24,-103],[-49,-235],[-36,-148],[-15,-65],[-34,-146],[-27,-125],[-27,-136],[-11,-60],[-18,-88],[-15,-71],[-9,-36],[-20,-83],[-20,-73],[-80,-284],[-32,-111],[-11,-37],[-10,-40],[-15,-71],[-7,-37],[-17,-112],[-13,-73],[-11,-59],[-39,-178],[-85,-379],[-30,-134],[-22,-104],[-29,-139],[-27,-118],[-39,-168],[-11,-52],[-17,-79],[-6,-30],[-9,-59],[-5,-40],[-7,-52],[-3,-43],[-5,-67],[-1,-59],[1,-89],[5,-147],[4,-123],[3,-83],[5,-101],[20,-341],[6,-87],[4,-69],[3,-59],[9,-148],[7,-127],[3,-69],[1,-35],[1,-54],[-1,-34],[-3,-50],[-2,-35],[-6,-67],[-5,-35],[-6,-40],[-8,-44],[-17,-80],[-20,-78],[-19,-61],[-49,-131],[-16,-34],[-18,-38],[-25,-49],[-24,-43],[-140,-236],[-44,-74],[-67,-113],[-151,-243],[-11,-17],[-34,-48],[-84,-130],[-54,-89],[-73,-122],[-148,-246],[-54,-91],[-75,-123],[-41,-69],[-11,-18],[-41,-75],[-46,-83],[-34,-60],[-51,-87],[-76,-125],[-64,-107],[-55,-91],[-98,-162],[-105,-173],[-94,-158],[-14,-23],[-27,-48],[-18,-33],[-19,-38],[-29,-62],[-14,-31],[-18,-43],[-19,-47],[-12,-32],[-14,-40],[-27,-82],[-58,-177],[-26,-82],[-45,-135],[-26,-76],[-22,-61],[-27,-70],[-20,-53],[-15,-42],[-30,-91],[-115,-347],[-237,-765],[-32,-163],[-16,-175],[-3,-353],[-2,-516],[-1,-543],[-1,-414]],[[27767,45050],[66,-62],[59,-59],[137,-141],[49,-49],[58,-54],[146,-151],[27,-25],[35,-35],[149,-156],[43,-46],[24,-23],[33,-31],[33,-28],[32,-23],[36,-23],[39,-21],[23,-12],[292,-144],[192,-94],[23,-11],[25,-11],[31,-10],[32,-8],[17,-2],[32,-2],[34,2],[36,7],[30,9],[30,13],[32,18],[31,22],[28,24],[13,14],[26,29],[17,21],[71,91],[209,272],[40,52],[35,46],[24,31],[26,30],[12,13],[25,23],[21,15],[18,12],[25,15],[98,52],[32,17],[33,14],[33,12],[19,4],[20,3],[20,3],[33,0],[33,-4],[30,-6],[29,-10],[17,-7],[32,-17],[16,-10],[38,-24],[67,-45],[182,-123]],[[30915,44447],[70,-47],[25,-15],[40,-23],[20,-10],[43,-18],[38,-12],[41,-11],[23,-4],[69,-11],[41,-6],[427,-61],[45,-6],[19,-4],[18,-6],[18,-6],[18,-8],[18,-9],[32,-21],[31,-24],[28,-29],[26,-32],[23,-36],[10,-19],[19,-39],[15,-42],[6,-22],[72,-270],[43,-161],[10,-35],[10,-34],[12,-33],[13,-30],[16,-35],[16,-30],[17,-28],[26,-38],[28,-35],[157,-190],[45,-55],[39,-52],[36,-48],[37,-50],[213,-259],[57,-68],[228,-277],[95,-116],[58,-68],[58,-67],[19,-21],[119,-133],[37,-42],[206,-243],[104,-123],[37,-46],[19,-25],[34,-47],[94,-132],[31,-42],[15,-19],[32,-36],[17,-17],[19,-17],[18,-15],[23,-18],[48,-32],[221,-149],[25,-16],[229,-153],[117,-79],[259,-173],[302,-202],[196,-132],[93,-61],[419,-281],[164,-110],[93,-62],[41,-29],[28,-20],[181,-134],[139,-102],[45,-31],[23,-15],[24,-13],[146,-80],[23,-13],[48,-31],[32,-22],[23,-17],[43,-34],[43,-38],[41,-40],[41,-42],[41,-47],[37,-46],[34,-46],[35,-52],[16,-25],[34,-55],[31,-58],[29,-57],[26,-58],[14,-30],[24,-61],[23,-62],[20,-62],[19,-62],[17,-65],[43,-160],[100,-377]],[[37818,37537],[98,-366],[26,-94],[28,-93],[38,-124],[20,-61],[11,-30],[12,-29],[14,-27],[14,-26],[18,-28],[16,-23],[18,-22],[20,-22],[21,-20],[24,-18],[40,-30],[24,-18],[34,-29],[22,-19],[27,-27],[21,-23],[22,-27],[61,-75],[43,-54],[37,-50],[35,-51],[34,-53],[34,-53],[33,-59],[32,-61],[14,-30],[27,-57],[27,-64],[88,-210],[63,-151],[26,-60],[63,-152],[64,-153],[137,-326],[25,-59],[41,-88],[12,-30],[12,-29],[20,-57],[9,-27],[14,-46],[12,-45],[8,-32],[8,-38],[6,-34],[5,-35],[4,-36],[6,-57],[3,-55],[3,-71],[1,-52],[0,-34],[-1,-33],[-1,-34],[-3,-34],[-3,-33],[-4,-34],[-8,-50],[-6,-32],[-8,-33],[-14,-57],[-64,-233],[-15,-58],[-52,-198],[-10,-45],[-26,-128],[-9,-48],[-4,-25],[-5,-38],[-4,-36],[-4,-55],[-1,-40],[-1,-107],[-1,-69],[-4,-73],[-3,-61],[-6,-50],[-4,-34],[-8,-49],[-7,-32],[-8,-35],[-12,-46],[-10,-33],[-11,-32],[-19,-51],[-11,-24],[-17,-36],[-17,-36],[-19,-35],[-89,-168],[-25,-47],[-19,-40],[-23,-54],[-19,-56],[-17,-52],[-16,-63],[-53,-207],[-40,-155],[-9,-37],[-22,-93],[-15,-62],[-32,-126],[-41,-161],[-17,-63],[-26,-92],[-16,-64],[-11,-48],[-15,-67],[-7,-32],[-13,-67],[-11,-63],[-6,-36],[-27,-168],[-36,-233],[-103,-650],[-21,-132],[-36,-230],[-11,-65],[-7,-32],[-8,-30],[-19,-62],[-21,-63],[-20,-62],[-8,-31],[-8,-32],[-6,-31],[-5,-33],[-6,-66],[-9,-105],[-2,-27],[-5,-34],[-5,-33],[-7,-34],[-8,-29],[-10,-35],[-10,-29],[-12,-30],[-14,-33],[-22,-45],[-20,-35],[-32,-54],[-34,-51],[-19,-26],[-22,-29],[-33,-39],[-24,-26],[-22,-23],[-20,-19],[-47,-42],[-44,-36],[-44,-33],[-49,-32],[-26,-15],[-26,-14],[-27,-14],[-52,-23],[-236,-102],[-77,-33],[-49,-22],[-49,-25],[-50,-28],[-24,-15],[-44,-29],[-27,-20],[-47,-37],[-37,-31],[-22,-20],[-26,-24],[-34,-35],[-17,-21],[-19,-25],[-52,-72],[-46,-64],[-33,-48],[-148,-217],[-69,-100],[-35,-50],[-116,-158],[-27,-38],[-58,-85],[-138,-202],[-66,-96],[-262,-383],[-109,-160],[-196,-287],[-235,-344],[-66,-97],[-35,-51],[-37,-58],[-30,-51],[-18,-34],[-17,-33],[-30,-62],[-15,-34],[-18,-43],[-23,-59],[-12,-34],[-78,-225],[-12,-36],[-10,-33],[-8,-34],[-8,-35],[-7,-34],[-5,-37],[-4,-33],[-3,-36],[-1,-26],[0,-33],[1,-38],[2,-42],[4,-37],[5,-35],[27,-198],[15,-108],[6,-36],[5,-34],[7,-34],[7,-32],[9,-35],[9,-31],[15,-48],[27,-71],[12,-28],[15,-32],[24,-49],[13,-23],[25,-43],[39,-62],[72,-116],[62,-99],[39,-65],[55,-85],[129,-207],[117,-187],[48,-73],[34,-53],[26,-43]],[[35528,21299],[45,-70],[32,-46],[35,-46],[21,-24],[20,-22],[44,-46],[61,-58],[67,-64],[63,-59],[158,-139],[99,-87],[41,-38],[24,-23],[44,-45],[44,-48],[22,-25],[40,-50],[40,-51],[118,-160],[37,-54],[17,-26],[15,-26],[15,-28],[15,-29],[13,-27],[13,-31],[12,-29],[11,-31],[10,-30],[15,-52],[15,-61],[11,-38],[10,-29],[22,-57],[13,-31],[13,-30],[14,-28],[21,-40],[18,-32],[69,-116],[34,-59],[16,-31],[29,-57],[16,-35],[15,-33],[69,-158],[192,-443],[154,-353],[26,-58],[26,-57],[14,-28],[40,-83],[11,-22],[56,-120],[110,-252],[53,-125],[27,-62],[22,-42],[22,-42],[23,-42],[23,-40],[25,-40],[25,-39],[41,-59],[78,-112],[82,-118],[111,-161],[38,-56],[34,-54],[33,-54],[38,-67],[66,-135],[26,-55],[67,-160],[79,-184],[27,-67],[12,-32],[15,-47],[18,-63],[15,-57],[18,-71],[16,-55],[7,-20],[15,-41],[19,-42],[16,-29],[29,-46],[25,-36],[36,-47],[32,-39],[30,-35],[36,-39],[37,-37],[42,-39],[119,-94],[24,-16],[42,-27],[27,-16],[32,-18],[36,-18],[136,-65],[41,-19],[51,-26],[54,-31],[58,-40],[39,-31],[52,-47],[29,-32],[35,-40],[33,-42],[22,-31],[30,-47],[27,-47],[26,-52],[13,-28],[18,-45],[14,-37],[13,-38],[16,-54],[10,-42],[12,-60],[7,-46],[4,-33],[4,-40],[3,-53],[0,-27],[0,-45],[-1,-38],[-3,-40],[-9,-81],[-16,-101],[-12,-65],[-112,-500],[-37,-156],[-27,-125],[-17,-84],[-24,-130],[-21,-118],[-13,-67],[-17,-74],[-8,-31],[-17,-60],[-77,-270],[-41,-140],[-19,-74],[-12,-56],[-11,-51],[-23,-122],[-27,-125],[-57,-255],[-70,-312],[-7,-32],[-14,-59],[-22,-105],[-29,-138],[-27,-118],[-38,-168],[-12,-52],[-17,-79],[-6,-31],[-9,-59],[-5,-39],[-6,-53],[-4,-43],[-4,-67],[-2,-58],[0,-47],[2,-65],[5,-99],[16,-238],[23,-386],[4,-76],[4,-84],[5,-113],[4,-98],[6,-175],[2,-58],[1,-38],[0,-54],[-1,-34],[-2,-49],[-3,-36],[-6,-67],[-5,-35],[-6,-39],[-7,-45],[-17,-79],[-21,-79],[-19,-60],[-49,-131],[-15,-35],[-19,-38],[-24,-48],[-25,-44],[-139,-236],[-45,-74],[-67,-113],[-151,-245],[-24,-40],[-57,-98],[-38,-61],[-274,-456],[-81,-134],[-147,-243],[-44,-74],[-63,-105],[-70,-116],[-101,-167],[-113,-188],[-62,-102],[-156,-259],[-28,-48],[-25,-43],[-26,-47],[-33,-67],[-16,-36],[-28,-63],[-18,-46],[-21,-57],[-20,-58],[-48,-146],[-85,-262],[-67,-204],[-74,-226],[-118,-354],[-239,-754],[-32,-162],[-16,-173],[-2,-352],[-3,-516],[-1,-543],[0,-414]],[[37666,17721],[10,-23],[14,-40],[36,-101],[13,-35],[31,-77],[28,-66],[20,-40],[21,-40],[21,-39],[23,-38],[23,-38],[24,-36],[41,-58],[29,-41],[46,-64],[50,-73],[58,-83],[129,-187],[44,-68],[27,-45],[32,-57],[34,-65],[77,-153],[43,-86]],[[42759,45298],[30,-4],[31,-4],[30,-6],[73,-15],[30,-6],[30,-4],[31,-4],[350,-37],[43,-6],[32,-5],[32,-6],[31,-7],[32,-7],[31,-9],[30,-10],[41,-14],[306,-112],[49,-19],[50,-19],[338,-135],[25,-10],[37,-13],[26,-8],[26,-7],[26,-6],[26,-5],[26,-4],[26,-2],[26,-2],[27,0],[26,1],[39,3],[26,3],[468,49],[39,4],[39,3],[23,0],[29,-1],[29,-2],[30,-4],[29,-5],[29,-6],[29,-8],[28,-9],[29,-10],[28,-11],[27,-13],[28,-14],[43,-25],[45,-30],[22,-17],[23,-17],[21,-19],[22,-19],[21,-20],[19,-20],[19,-21],[18,-22],[19,-24],[18,-24],[18,-26],[17,-26],[15,-24],[14,-24],[13,-25],[24,-52],[11,-26],[88,-219],[12,-30],[13,-30],[14,-27],[13,-27],[15,-27],[15,-26],[15,-25],[16,-23],[15,-22],[17,-22],[17,-21],[18,-21],[18,-20],[19,-19],[20,-18],[20,-17],[20,-16],[34,-24],[22,-15],[23,-13],[23,-13],[23,-12],[24,-11],[24,-10],[24,-9],[286,-101],[242,-85]],[[47117,43428],[33,-12],[97,-39],[270,-102],[57,-20],[49,-17],[71,-23],[80,-27],[426,-151],[42,-15],[26,-11],[76,-33],[36,-17],[38,-18],[25,-13],[24,-14],[26,-16],[35,-24],[42,-31],[42,-33],[36,-28],[46,-38],[23,-20],[47,-43],[21,-21],[44,-45],[33,-37],[25,-29],[26,-33],[22,-31],[55,-80],[26,-38],[29,-45],[19,-31],[31,-52],[22,-40],[38,-67],[21,-35],[43,-65],[23,-38],[19,-35],[46,-92],[34,-66],[16,-33],[120,-233],[35,-48],[22,-26],[17,-16],[27,-25],[25,-21],[46,-34],[16,-17],[34,-29],[36,-26],[24,-13],[26,-10],[28,-7],[31,-3],[27,0],[39,7],[336,92],[64,17],[333,90],[505,137],[174,47],[166,45],[210,57],[390,105],[546,148],[157,42],[74,20],[244,66],[433,118],[247,67],[254,69],[256,69],[67,17],[57,13],[125,23],[58,12],[55,15],[312,84],[69,21],[34,11],[62,20],[82,28],[102,35],[56,17],[56,15],[55,16],[71,18],[101,25],[85,23],[85,23],[170,46],[170,46],[258,70],[248,67],[78,21],[77,20],[259,70],[190,52],[229,62],[71,19],[149,49],[244,67],[138,37],[98,27],[64,16],[57,17],[22,4],[38,11],[30,8],[52,14],[117,30],[59,15],[45,13],[41,10],[65,19],[78,24],[93,31],[60,18],[57,17],[62,16],[142,40],[60,16],[97,24],[34,8],[39,7],[38,9],[59,14],[40,10],[110,31],[149,40],[36,10],[118,31],[49,13],[115,31],[36,10],[80,21],[165,46],[47,11],[23,4],[45,6],[23,2],[29,2],[58,-1],[29,-2],[70,-9],[35,-7],[96,-20],[88,-17],[39,-8],[30,-5],[50,-7],[22,-2],[47,-1],[53,2],[52,7],[72,11],[35,6],[54,9],[34,5],[65,11],[293,47],[103,16],[40,7],[46,7],[42,8],[78,12],[52,11],[24,7],[35,15],[42,22],[25,15],[57,36],[30,20],[84,55],[169,112],[165,109],[59,38],[26,18],[63,41],[21,14],[44,24],[51,21],[31,10],[40,10],[159,33],[121,26],[78,17],[177,36],[40,8],[38,6],[52,6],[43,1],[27,-3],[43,-4],[36,-7],[18,-4],[48,-16],[48,-18],[33,-16],[32,-19],[21,-14],[38,-28],[44,-36],[24,-21],[98,-87],[51,-45],[30,-26],[49,-44],[87,-77],[110,-95],[52,-49],[47,-41],[30,-27],[97,-86],[46,-42],[37,-33],[39,-34],[40,-34],[44,-40],[98,-87],[19,-16],[47,-41],[35,-32],[22,-22],[30,-34],[18,-21],[64,-81],[10,-12],[20,-24],[21,-22],[26,-25],[41,-32],[32,-21],[35,-19],[9,-4],[42,-16],[28,-9],[49,-10],[30,-4],[93,-17],[113,-15],[32,-5],[31,-4],[41,-7],[62,-10],[60,-4],[47,-1],[59,4],[31,5],[75,12],[39,0],[32,-4],[31,-6],[38,-14],[41,-20],[35,-21],[34,-28],[37,-35],[26,-30],[29,-41],[22,-42],[14,-29],[22,-60],[12,-42],[16,-62],[13,-51],[11,-45],[9,-26],[9,-24],[14,-35],[21,-36],[13,-22],[41,-63],[31,-46],[16,-20],[63,-79],[50,-65],[19,-23],[35,-40],[39,-36],[30,-25],[24,-17],[25,-17],[32,-20],[21,-11],[28,-13],[46,-18],[37,-13],[32,-10],[77,-23],[62,-19],[35,-10],[203,-60],[94,-28],[31,-8],[36,-7],[39,-6],[39,-2],[23,0],[27,1],[46,5],[22,3],[46,12],[23,7],[69,19],[58,14],[32,8],[53,12],[46,11],[37,10],[149,33],[200,46],[43,10],[53,12],[69,15],[82,19],[127,27],[132,26],[104,21],[43,10],[31,9],[29,9],[25,10],[34,16],[30,16],[37,22],[36,21],[54,30],[38,16],[40,14],[28,7],[23,4],[31,4],[25,2],[31,0],[25,-1],[29,-4],[34,-7],[34,-9],[37,-10],[107,-29],[139,-36],[160,-43],[48,-13],[67,-21],[52,-14],[131,-38],[97,-27],[41,-10],[35,-8],[50,-9],[58,-7],[35,-2],[31,-2],[60,-1],[90,-3],[100,-2],[211,-7],[36,-1],[160,-4],[121,-4],[30,-3],[71,-2],[64,1],[44,2],[83,5],[80,9],[69,9],[66,11],[45,9],[36,10],[29,8],[22,8],[32,13],[16,5],[37,15],[60,23],[37,12],[31,9],[38,10],[38,8],[79,14],[59,13],[32,8],[44,12],[231,68],[18,6],[143,40],[33,10],[206,59],[69,19],[41,12],[41,15],[124,46],[92,35],[127,47],[49,18],[31,9],[49,12],[51,10],[29,4],[54,4],[47,2],[29,-1],[35,-2],[44,-6],[55,-9],[29,-6],[51,-15],[28,-9],[28,-9],[46,-18],[81,-32],[123,-49],[71,-29],[30,-16],[24,-13],[38,-24],[19,-14],[27,-21],[50,-42],[29,-25],[33,-26],[14,-10],[25,-16],[51,-32],[111,-66],[75,-45],[61,-36],[28,-13],[31,-14],[25,-9],[113,-33],[48,-14],[139,-40],[220,-64],[55,-16],[28,-10],[87,-39],[50,-23],[16,-6],[37,-17],[29,-12],[74,-20],[31,-10],[62,-21],[132,-50],[174,-65],[26,-12],[34,-18],[43,-21],[52,-22],[157,-59],[116,-43],[45,-18],[226,-84],[62,-23],[73,-27],[80,-30],[28,-12],[23,-10],[27,-13],[48,-30],[38,-29],[36,-30],[39,-34],[37,-31],[63,-55],[65,-55],[30,-26],[28,-24],[22,-21],[27,-27],[27,-31],[13,-17],[17,-24],[28,-41],[37,-59],[54,-86],[34,-55],[22,-35],[25,-40],[52,-79],[40,-54],[20,-22],[37,-36],[35,-31],[107,-89],[89,-72],[42,-39],[18,-20],[17,-19],[16,-20],[24,-36],[26,-48],[40,-84],[13,-29],[21,-40],[10,-17],[30,-42],[32,-37],[25,-24],[31,-24],[27,-18],[29,-16],[29,-13],[25,-9],[30,-7],[32,-5],[43,-1],[26,1],[35,7],[57,13],[70,16],[62,16],[141,37],[101,26],[23,6],[59,15],[316,83],[48,13],[23,9],[26,11],[20,10],[32,22],[18,16],[18,18],[14,17],[27,39],[19,38],[9,20],[11,33],[10,37],[7,34],[7,45],[7,52],[19,143],[7,45],[10,55],[12,48],[16,48],[13,33],[9,21],[20,40],[19,33],[11,17],[27,37],[27,36],[75,95],[20,30],[30,48],[15,27],[18,37],[10,22],[40,102],[16,41],[19,48],[27,60],[12,21],[23,41],[17,26],[21,30],[23,28],[19,23],[26,26],[27,23],[25,20],[29,20],[32,19],[52,26],[222,103],[37,18],[42,25],[34,23],[37,31],[23,20],[53,51],[56,55],[79,78],[96,95],[91,91],[91,89],[105,104],[101,98],[56,56],[38,36],[27,27],[134,131],[90,89],[51,49],[34,34],[195,193],[55,55],[88,86],[69,67],[92,80],[84,66],[106,83],[334,263],[657,516],[330,260],[324,255],[125,98],[174,137],[138,109],[161,127],[105,82],[22,18],[22,16],[23,15],[24,15],[36,17],[37,12],[39,8],[38,3],[19,0],[20,-2],[19,-3],[19,-4],[19,-5],[54,-21],[82,-37],[297,-141],[127,-61],[205,-97]],[[87570,45294],[70,-33]],[[87640,45261],[34,-16]],[[87674,45245],[122,-59],[107,-49],[124,-58],[274,-131],[204,-96],[282,-133],[333,-158],[294,-138],[341,-162],[69,-32],[166,-79],[47,-22],[31,-15],[102,-48],[72,-35],[40,-20],[67,-32],[296,-144],[78,-38],[89,-41],[8,-4],[332,-157],[142,-68],[125,-58],[140,-67],[136,-64],[24,-9],[23,-9],[24,-7],[24,-6],[24,-5],[25,-3],[24,-3],[24,-1],[25,1],[24,1],[25,3],[88,15],[84,11],[60,10],[29,4],[195,28],[57,7],[104,25],[43,8],[49,8],[179,25],[96,15],[56,8],[53,9],[54,8],[38,5],[41,6],[41,7],[61,9],[87,13],[41,7],[34,4],[84,13],[98,15],[51,8],[51,7],[85,14],[41,5],[129,20],[87,12],[41,6],[76,12],[43,6],[147,23],[38,4],[58,1],[30,-1],[33,-4],[31,-6],[41,-11],[27,-10],[36,-16],[29,-15],[25,-15],[40,-28],[22,-18],[28,-25],[25,-25],[23,-24],[51,-55],[73,-82],[61,-67],[76,-84],[37,-40],[35,-40],[55,-60],[178,-198],[65,-72],[72,-81],[28,-30],[23,-24],[21,-22],[25,-24],[39,-36],[29,-20],[28,-18],[31,-15],[25,-11],[39,-13],[79,-19],[57,-13],[31,-6],[93,-21],[70,-14],[109,-24],[43,-9],[121,-26],[74,-16],[166,-35],[66,-15],[243,-51],[47,-10],[77,-17],[65,-13],[152,-33],[55,-12],[59,-12],[88,-20],[137,-29],[80,-16],[79,-17],[76,-17],[64,-12],[86,-18],[122,-26],[89,-18],[43,-8],[46,-6],[81,-7],[44,-2],[41,-1],[92,4],[42,3],[53,6],[43,7],[35,5],[48,11],[36,8],[40,13],[67,22],[54,21],[49,21],[89,35],[40,18],[73,30],[27,11],[61,25],[33,15],[121,48],[64,27],[184,76],[50,20],[27,12],[74,31],[40,16],[98,40],[41,17],[45,19],[61,25],[34,14],[74,30],[79,34],[112,46],[38,17],[38,15],[43,18],[108,45],[121,49],[37,16],[49,20],[76,33],[54,21],[90,38],[61,24],[63,28],[118,49],[121,49],[49,21],[96,40],[111,46],[79,33],[86,34],[203,86],[73,31],[237,98],[53,22],[58,24],[54,22],[100,41],[58,26],[54,25],[27,14],[35,18],[29,17],[59,36],[33,22],[43,30],[31,23],[42,33],[57,48],[28,24],[39,35],[72,66],[33,32],[38,35],[48,44],[79,73],[43,42],[42,38],[59,55],[42,39],[50,46],[72,67],[108,101],[85,79],[38,36],[48,44],[112,105],[47,43],[37,36],[45,41],[41,38],[52,47],[36,35],[29,26],[39,37],[50,46],[44,42],[50,47],[109,100],[93,87],[37,32],[33,29],[31,26],[43,33],[62,44],[67,45],[72,46],[65,41],[60,38],[38,23],[44,29],[59,36],[102,64],[19,12],[284,178],[37,22],[36,23],[54,32],[25,17],[48,30],[43,25],[93,59],[25,15],[66,42],[43,25],[80,45],[129,80],[80,50],[38,24],[112,69],[41,26],[49,31],[48,29],[73,46],[73,47],[76,46],[92,58],[30,18],[13,9],[42,27],[42,26],[43,25],[43,24],[43,23],[43,22],[64,31],[80,32],[21,7]],[[47098,43428],[-374,132]],[[46724,43560],[-142,50],[-27,10],[-26,11],[-26,13],[-26,14],[-25,15],[-44,28],[-35,27],[-20,17],[-20,18],[-19,19],[-18,19],[-18,20],[-18,23],[-18,23],[-17,24],[-17,25],[-15,25],[-16,26],[-14,27],[-14,27],[-13,28],[-13,29],[-13,30],[-88,220],[-23,52],[-25,50],[-14,24],[-14,24],[-17,26],[-18,25],[-18,25],[-18,23],[-19,22],[-18,21],[-20,20],[-20,20],[-22,19],[-21,18],[-22,18],[-23,16],[-44,30],[-43,25],[-27,14],[-28,12],[-27,11],[-28,10],[-28,9],[-28,8],[-29,6],[-29,5],[-29,4],[-28,2],[-35,2],[-20,-1],[-39,-2],[-39,-4],[-468,-50],[-26,-3],[-38,-3],[-27,-1],[-27,1],[-26,1],[-27,3],[-26,3],[-26,5],[-27,6],[-26,7],[-25,8],[-37,14],[-25,10],[-339,135],[-49,19],[-50,19],[-301,110],[-42,15],[-33,10],[-30,8],[-31,8],[-31,7],[-31,6],[-31,4],[-72,9],[-581,62]],[[47098,43428],[18,-6]],[[47116,43422],[33,-13],[40,-17],[85,-38],[39,-15],[208,-74],[264,-93],[241,-84],[188,-67],[64,-24],[51,-21],[49,-21],[25,-13],[38,-20],[35,-22],[48,-32],[64,-46],[22,-16],[35,-28],[46,-37],[48,-43],[42,-40],[42,-43],[25,-28],[22,-25],[26,-32],[35,-48],[67,-97],[24,-35],[22,-35],[29,-49],[34,-58],[44,-78],[42,-78],[20,-33],[32,-45],[10,-16],[12,-23],[37,-73],[48,-93]],[[49352,41769],[121,-236],[38,-57],[21,-27],[18,-19],[19,-17],[34,-28],[31,-26],[29,-27],[30,-27],[17,-14],[18,-12],[26,-13],[27,-9],[30,-6],[27,-2],[24,2],[53,11],[75,21],[79,22],[42,9],[28,10],[26,7],[197,54],[304,82],[129,28],[26,7],[77,25],[39,12],[84,24],[302,82],[204,56],[307,83],[169,45],[167,45],[233,63],[155,42],[77,21],[78,20],[78,21],[76,21],[76,21],[167,46],[341,92],[425,115],[339,92],[85,24],[68,16],[31,6],[29,4],[30,3],[60,5],[31,3],[30,5],[31,6],[55,14],[242,65],[70,20],[35,11],[34,11],[35,14],[141,57],[66,25],[34,12],[56,18],[56,16],[127,34],[158,39],[57,14],[954,259],[52,13],[88,22],[59,15],[261,70],[46,13],[60,19],[48,15],[47,13],[192,52],[146,46],[52,14],[268,74],[191,51],[69,20],[93,23],[61,16],[83,22],[53,15],[68,17],[125,34],[61,16],[33,11],[64,17],[139,38],[104,28],[106,30],[86,23],[50,13],[29,9],[78,19],[41,12],[29,7],[107,31],[44,10],[58,17],[84,22],[43,12],[57,15],[33,8],[46,13],[40,10],[45,13],[40,10],[44,13],[31,8],[59,17],[41,10],[94,26],[76,19],[43,8],[35,6],[61,3],[69,-1],[35,-3],[31,-5],[52,-10],[79,-16],[67,-13],[60,-13],[56,-10],[27,-4],[42,-3],[30,-1],[25,1],[47,3],[30,5],[69,11],[27,5],[113,18],[134,21],[30,5],[25,3],[77,13],[119,19],[109,17],[105,17],[27,4],[35,5],[26,6],[26,6],[23,6],[39,15],[43,22],[20,13],[83,54],[45,29],[116,77],[48,32],[45,29],[50,33],[185,122],[37,25],[68,43],[38,22],[20,10],[31,13],[19,6],[40,12],[28,6],[66,14],[60,13],[66,14],[71,14],[24,6],[33,6],[27,6],[55,11],[42,10],[114,23],[65,10],[41,2],[42,1],[43,-3],[39,-7],[60,-15],[29,-11],[30,-12],[37,-17],[36,-22],[20,-12],[29,-21],[22,-18],[71,-58],[46,-41],[28,-26],[19,-16],[123,-110],[36,-30],[61,-55],[35,-31],[48,-42],[86,-77],[47,-42],[67,-60],[45,-40],[34,-30],[41,-37],[88,-77],[89,-80],[60,-53],[76,-67],[22,-22],[37,-38],[11,-12],[31,-40],[28,-36],[33,-41],[25,-29],[31,-30],[26,-22],[35,-25],[29,-17],[25,-14],[18,-7],[31,-11],[28,-9],[25,-5],[36,-7],[20,-3],[94,-15],[61,-7],[72,-11],[46,-6],[63,-12],[59,-8],[52,-3],[41,1],[40,3],[24,2],[52,7],[33,6],[17,1],[31,0],[22,-3],[33,-6],[15,-4],[21,-8],[35,-16],[28,-16],[28,-20],[32,-27],[26,-26],[24,-26],[20,-28],[20,-33],[14,-26],[14,-29],[11,-28],[23,-70],[28,-116],[17,-57],[16,-46],[15,-30],[10,-20],[33,-53],[38,-57],[23,-33],[38,-51],[25,-31],[65,-81],[32,-39],[29,-32],[45,-40],[27,-22],[36,-26],[44,-25],[39,-19],[24,-10],[39,-15],[58,-17],[72,-22],[138,-41],[79,-23],[55,-17],[125,-37],[45,-11],[26,-5],[44,-6],[58,-2],[20,1],[51,6],[40,8],[87,21],[40,8],[113,17],[53,10],[23,5],[46,12],[74,16],[61,14],[344,79],[62,14],[83,19],[68,17],[82,21],[68,16],[119,29],[44,12],[35,11],[33,13],[34,17],[36,20],[81,48],[25,13],[29,14],[31,13],[25,8],[37,10],[39,7],[35,3],[42,-1],[32,-4],[44,-8],[47,-12],[115,-31],[77,-20],[156,-42],[71,-19],[105,-30],[77,-21],[126,-36],[117,-33],[33,-8],[48,-10],[25,-3],[39,-6],[20,-2],[48,-3],[39,-1],[39,-1],[98,-3],[193,-6],[77,-2],[281,-8],[71,-2],[30,-3],[33,-1],[64,-1],[41,1],[38,2],[45,2],[57,5],[65,7],[33,4],[68,10],[52,9],[44,11],[35,10],[36,12],[32,12],[16,5],[37,16],[62,23],[61,19],[44,12],[62,12],[78,15],[34,7],[45,11],[95,28],[35,10],[108,32],[44,14],[59,16],[410,117],[44,14],[38,14],[73,28],[69,25],[66,25],[105,40],[60,21],[27,8],[27,7],[34,8],[53,9],[51,6],[49,2],[53,-1],[39,-3],[31,-3],[22,-4],[46,-9],[39,-10],[42,-13],[36,-12],[69,-26],[79,-31],[60,-24],[107,-43],[37,-17],[32,-18],[40,-28],[79,-63],[54,-45],[17,-13],[34,-23],[39,-25],[57,-35],[56,-33],[93,-56],[49,-29],[39,-21],[29,-13],[25,-9],[172,-59],[59,-18],[271,-79],[119,-35],[28,-11],[60,-24],[83,-36],[22,-8],[74,-20],[51,-16],[49,-17],[181,-67],[27,-10],[66,-25],[41,-16],[22,-10],[36,-20],[31,-15],[20,-9],[42,-17],[266,-101],[214,-80],[54,-19],[123,-47],[66,-26],[67,-25],[14,-6],[25,-14],[31,-16],[15,-10],[18,-13],[34,-27],[31,-24],[139,-120],[34,-29],[103,-92],[37,-36],[34,-42],[19,-26],[42,-63],[25,-38],[22,-36],[43,-68],[19,-29],[22,-36],[23,-37],[34,-55],[37,-53],[17,-22],[21,-25],[24,-26],[36,-33],[39,-33],[14,-12],[62,-51],[31,-25],[59,-49],[36,-31],[29,-30],[30,-35],[25,-35],[13,-21],[13,-22],[18,-38],[27,-59],[24,-50],[20,-35],[26,-38],[21,-27],[36,-36],[22,-19],[28,-20],[16,-10],[32,-18],[30,-13],[33,-11],[27,-7],[36,-4],[31,0],[27,3],[29,4],[72,16],[123,31],[29,8],[111,29],[29,8],[213,54],[28,7],[50,15],[122,30],[95,25],[42,16],[30,13],[15,9],[28,20],[23,20],[14,14],[17,20],[22,33],[11,20],[18,36],[9,21],[12,41],[10,46],[10,58],[17,121],[9,78],[10,63],[6,32],[8,30],[8,26],[19,51],[20,45],[21,40],[10,17],[13,19],[24,35],[40,53],[23,29],[32,42],[32,46],[24,36],[18,33],[14,29],[21,49],[12,28],[52,132],[9,23],[26,56],[13,24],[26,43],[17,26],[25,34],[14,18],[15,15],[37,37],[18,16],[16,12],[35,24],[15,10],[60,32],[70,32],[37,18],[47,21],[106,51],[45,25],[28,18],[24,18],[59,52],[20,19],[344,341],[91,89],[105,105],[101,98],[56,55],[38,37],[27,27],[134,130],[90,89],[51,50],[34,33],[196,194],[54,54],[88,87],[69,67],[92,79],[83,66],[106,83],[334,263],[657,516],[953,750],[139,109],[161,127],[104,82],[19,15],[37,27],[38,23],[34,16],[18,6],[35,10],[34,5],[35,1],[33,-3],[34,-7],[30,-9],[39,-16],[82,-37],[296,-141],[128,-61],[204,-96],[227,-109],[107,-49],[123,-58],[274,-130],[204,-96],[910,-430],[260,-123],[57,-27],[72,-34],[74,-35],[75,-35],[51,-24],[53,-25],[66,-32],[105,-49],[100,-49],[112,-55],[26,-13],[45,-32],[16,-9],[111,-57],[153,-74],[295,-139],[61,-28],[21,-8],[36,-11],[23,-5],[10,-4],[28,-14],[106,-49],[188,-91],[137,-64],[43,-17],[40,-11],[37,-8],[26,-4],[38,-3],[26,0],[25,1],[25,3],[97,15],[83,12],[61,10],[28,3],[196,29],[105,13],[29,1],[21,4],[25,12],[17,6],[42,9],[176,27],[39,5],[58,10],[50,7],[125,20],[57,7],[107,16],[41,6],[104,15],[54,8],[56,10],[85,12],[241,36],[113,18],[80,13],[26,3],[106,16],[160,24],[47,7],[34,4],[37,2],[45,-1],[45,-5],[42,-9],[40,-12],[42,-16],[17,-8],[32,-18],[33,-21],[35,-28],[23,-19],[37,-36],[31,-33],[37,-41],[44,-49],[97,-105],[92,-102],[55,-62],[52,-58],[60,-65],[139,-155],[40,-44],[38,-41],[89,-99],[34,-35],[22,-20],[29,-27],[26,-18],[34,-22],[25,-13],[26,-13],[17,-7],[47,-16],[31,-8],[73,-15],[97,-22],[69,-14],[78,-17],[78,-16],[69,-15],[61,-13],[134,-29],[71,-14],[98,-21],[124,-26],[234,-49],[77,-16],[124,-27],[142,-30],[163,-35],[122,-26],[131,-29],[85,-17],[47,-10],[70,-14],[65,-14],[160,-33],[33,-6],[64,-9],[40,-4],[66,-5],[85,0],[79,4],[50,4],[57,7],[37,6],[51,10],[53,12],[40,12],[49,15],[70,26],[70,28],[185,76],[91,39],[21,10],[29,11],[188,78],[27,11],[120,50],[46,18],[44,19],[64,27],[38,15],[67,28],[109,45],[181,75],[61,26],[68,28],[32,14],[82,34],[41,16],[67,28],[94,41],[36,13],[37,16],[45,18],[77,33],[126,51],[118,50],[63,26],[45,19],[58,24],[58,25],[40,16],[167,70],[38,15],[117,50],[63,26],[54,22],[317,132],[114,47],[184,75],[116,50],[85,34],[60,27],[35,16],[54,26],[61,33],[20,13],[25,15],[72,47],[30,21],[23,18],[73,57],[34,29],[37,34],[73,67],[143,133],[48,43],[53,50],[48,46],[44,40],[46,42],[105,99],[52,47],[53,51],[143,132],[99,93],[95,89],[71,67],[88,81],[69,64],[46,42],[28,27],[78,73],[40,36],[83,77],[41,38],[46,44],[99,91],[53,47],[68,53],[64,46],[33,22],[37,24],[146,90],[14,10],[91,57],[44,28],[46,28],[51,33],[53,31],[76,48],[61,39],[57,34],[59,38],[50,30],[102,64],[115,71],[109,70],[116,70],[91,51],[97,60],[186,116],[47,31],[117,72],[142,90],[51,32],[86,52],[67,37],[35,19],[71,46],[42,26],[42,25],[43,24],[43,23],[44,22],[124,60]],[[78711,51131],[-49,-1],[-23,1],[-32,-2],[-117,-10],[-58,-2],[-173,-13],[-86,-10],[-87,-9],[-87,-7],[-65,-6],[-56,-9],[-32,-3]],[[49384,41762],[122,-234],[15,-24],[17,-22],[14,-17],[24,-24],[79,-72],[31,-30],[34,-26],[29,-19],[24,-11],[27,-9],[27,-5],[17,-1],[27,1],[38,7],[901,245],[425,115],[346,93],[506,137],[469,127],[232,63],[490,132],[1020,277],[67,18],[57,12],[125,22],[60,14],[53,14],[311,84],[69,21],[96,31],[83,28],[103,35],[56,17],[55,16],[55,15],[71,19],[101,24],[85,23],[85,23],[85,23],[38,10],[345,93],[43,12],[84,23],[443,119],[569,154],[70,20],[36,14],[18,9],[34,20],[33,23],[31,28],[15,15],[26,32],[21,32],[10,18],[13,25],[12,25],[11,27],[14,36],[33,86],[30,80],[19,55],[8,22],[12,42],[11,48],[7,49],[4,47],[2,39],[0,39],[2,103],[1,234],[2,366],[1,273],[1,96],[2,58],[2,21],[4,45],[7,45],[10,45],[11,38],[17,50],[8,21],[21,49],[20,47],[83,186],[66,146],[25,60],[8,20],[15,42],[9,28],[8,29],[6,26],[10,53],[4,37],[3,30],[3,60],[3,84],[6,330],[2,77],[0,38],[-1,29],[-4,51],[-6,43],[-6,29],[-6,24],[-10,37],[-18,49],[-12,31],[-14,30],[-103,232],[-11,25],[-12,29],[-11,29],[-13,40],[-11,42],[-4,23],[-6,47],[-1,23],[-2,29],[1,28],[2,38],[3,28],[5,29],[6,28],[7,28],[9,27],[9,26],[18,42],[18,34],[14,22],[14,22],[16,20],[26,29],[19,18],[106,94],[18,13],[31,20],[32,16],[33,13],[34,10],[24,4],[25,3],[24,1],[41,-2],[153,-18],[34,-3],[152,-16],[26,-2],[42,-2],[32,2],[33,5],[31,9],[15,5],[30,13],[15,7],[30,18],[14,10],[23,19],[27,25],[15,17],[22,27],[30,45],[33,53],[35,59],[48,80],[28,47],[32,47],[31,42],[15,18],[31,36],[25,25],[35,34],[45,38],[96,78],[75,59],[185,148],[182,145],[364,291],[314,250],[43,34],[22,15],[29,19],[16,8],[21,10],[37,15],[32,8],[39,6],[24,2],[25,1],[58,-2],[344,-20],[105,-6],[47,-2],[24,1],[24,3],[32,6],[31,9],[30,11],[23,10],[54,26],[68,35],[67,34],[85,43],[43,20],[106,49],[135,67],[56,29],[45,24],[44,25],[66,35],[66,34],[234,119],[95,49],[21,11],[23,10],[22,8],[17,5],[35,8],[52,7],[76,9],[215,22],[29,4],[28,5],[19,4],[35,11],[35,14],[17,9],[30,18],[17,12],[31,26],[34,35],[16,18],[30,37],[75,95],[162,206],[22,29],[21,29],[20,30],[13,22],[12,23],[12,23],[10,25],[10,24],[9,25],[15,44],[13,43],[14,44],[90,311],[120,414],[10,29],[10,29],[11,28],[9,20],[21,40],[24,36],[25,33],[29,30],[16,14],[30,24],[15,10],[31,17],[29,13],[35,11],[18,4],[40,6],[22,2],[50,1],[218,1],[115,-1],[60,0],[22,0],[22,2],[22,3],[22,4],[32,8],[18,6],[34,15],[34,20],[16,11],[31,26],[29,28],[28,31],[47,56],[67,82],[21,26],[26,30],[18,18],[18,18],[18,16],[37,31],[39,25],[19,12],[40,19],[40,15],[20,7],[36,9],[19,3],[33,4],[18,1],[37,-1],[36,-4],[31,-6],[31,-10],[30,-12],[21,-11],[20,-12],[20,-13],[19,-14],[42,-34],[23,-20],[184,-159],[42,-35],[17,-13],[32,-22],[15,-9],[33,-19],[36,-16],[30,-11],[30,-10],[74,-23],[153,-46],[40,-10],[39,-8],[39,-4],[37,-2],[26,0],[29,3],[27,3],[27,5],[114,24],[157,36],[60,14],[40,11],[49,13],[48,13],[49,11],[104,23],[225,50],[224,50],[26,7],[40,15],[20,8],[32,16],[66,38],[240,140],[41,23],[19,9],[33,14],[35,10],[36,6],[19,2],[35,-1],[36,-5],[17,-4],[27,-8],[53,-19],[114,-44],[76,-30],[139,-56],[45,-20],[36,-20],[26,-19],[26,-22],[12,-11],[18,-21],[14,-16],[24,-34],[12,-19],[25,-43],[50,-96],[134,-254],[17,-33],[18,-39],[16,-40],[14,-40],[6,-23],[12,-48],[10,-49],[23,-110],[15,-72],[7,-29],[13,-48],[13,-37],[8,-18],[15,-35],[9,-17],[19,-32],[13,-18],[26,-33],[29,-30],[32,-27],[35,-24],[18,-10],[57,-30],[31,-16],[166,-82],[21,-10],[42,-18],[43,-14],[43,-10],[44,-7],[78,-7],[203,-17],[39,-3],[40,-2],[39,0],[56,2],[44,4],[45,7],[54,11],[28,8],[28,8],[28,9],[287,88],[474,148],[31,9],[30,7],[29,6],[30,5],[30,4],[42,1],[49,-2],[34,-2],[114,-13],[284,-41],[21,-3],[45,-1],[101,-2],[12,0],[124,-14],[112,-10],[61,-7],[42,-5],[865,-119],[87,-12],[172,-24],[1037,-142],[759,-105],[254,-34],[260,-36],[429,-59],[315,-43],[69,-8],[68,-7],[71,-5],[64,-2],[69,1]],[[77847,51049],[120,2],[34,2],[87,6],[403,39],[117,15],[52,6],[184,17],[45,5],[20,3],[41,9],[31,11],[35,15],[38,21],[34,24],[33,27],[15,14],[29,31],[27,32],[19,25],[18,25],[42,60],[157,228],[285,412],[71,102],[21,28],[21,28],[37,46],[33,37],[18,17],[29,28],[37,32],[46,35],[54,38],[232,162],[381,265],[301,210],[69,47],[35,23],[35,22],[36,21],[24,14],[49,25],[30,14],[82,34],[80,31],[52,21],[280,107],[41,16],[45,17],[59,20],[59,20],[59,19],[103,30],[47,14],[143,40],[67,17],[82,21],[142,37],[360,100],[32,10],[124,34],[24,6],[55,11],[53,11],[105,29],[40,10],[40,9],[28,3],[43,3],[21,-1],[42,-3],[42,-8],[115,-26],[1023,-237],[45,-12],[22,-7],[35,-15],[32,-17],[29,-20],[28,-23],[28,-27],[26,-31],[12,-16],[24,-37],[11,-21],[19,-41],[17,-44],[13,-46],[14,-57],[33,-136],[18,-67],[15,-46],[18,-44],[23,-49],[20,-36],[11,-18],[24,-35],[26,-33],[23,-27],[24,-26],[24,-25],[192,-194],[62,-62],[28,-27],[66,-60],[36,-34],[80,-78],[38,-33],[39,-30],[18,-11],[35,-19],[39,-16],[22,-6],[29,-8],[33,-5],[38,-2],[40,2],[36,6],[19,4],[38,12],[19,7],[52,20],[106,43],[162,65],[61,23],[33,9],[40,8],[20,2],[30,0],[33,-4],[34,-8],[29,-10],[26,-12],[24,-13],[30,-21],[30,-24],[18,-17],[28,-32],[13,-17],[20,-29],[20,-36],[11,-21],[16,-40],[13,-40],[11,-46],[5,-25],[3,-25],[2,-25],[2,-38],[-1,-38],[-4,-47],[-8,-46],[-12,-47],[-15,-46],[-8,-22],[-23,-59],[-31,-78],[-134,-327],[-28,-69],[-11,-31],[-11,-31],[-10,-32],[-9,-32],[-11,-46],[-6,-33],[-6,-39],[-6,-39],[-5,-40],[-4,-39],[-17,-199],[-8,-66],[-18,-128],[-10,-88],[-26,-300],[-3,-40],[-3,-41],[-1,-36],[0,-51],[0,-52],[3,-44],[4,-44],[4,-44],[6,-44],[7,-43],[7,-44],[15,-67],[28,-134],[15,-64],[56,-263],[18,-86],[12,-68],[9,-53],[6,-43],[5,-43],[6,-68],[2,-35],[3,-80],[1,-46],[0,-46],[-1,-45],[-3,-62],[-4,-73],[-6,-84],[-5,-59],[-56,-459],[-6,-44],[-32,-269],[-9,-78],[-4,-54],[-1,-28],[0,-54],[2,-52],[5,-51],[5,-28],[5,-29],[6,-28],[7,-28],[15,-53],[9,-26],[22,-66],[19,-51],[121,-337],[12,-35],[89,-252],[60,-162],[76,-213],[10,-26],[9,-20],[20,-39],[11,-19],[15,-22],[29,-39],[31,-36],[32,-32],[17,-14],[35,-27],[37,-23],[67,-32]],[[77847,51049],[28,-1],[40,-2],[33,-2],[29,0],[24,1],[87,6],[86,8],[87,9],[86,10],[43,3],[43,5],[58,5],[31,3],[86,13],[87,15],[9,1]],[[49403,41776],[106,-214],[26,-52],[22,-34],[15,-20],[20,-21],[14,-13],[45,-40],[22,-22],[32,-28],[16,-12],[29,-19],[24,-11],[28,-10],[26,-4],[15,-1],[27,1],[20,3],[38,9],[881,240],[426,115],[290,77],[390,107],[85,23],[85,24],[158,43],[464,126],[156,40],[77,21],[167,45],[596,162],[424,115],[771,208],[173,48],[334,94],[83,23],[170,44],[681,184],[336,90],[51,14],[52,15],[88,26],[59,17],[283,76],[70,18],[87,21],[71,19],[50,14],[38,13],[35,15],[34,19],[33,23],[15,13],[15,15],[14,15],[26,31],[21,32],[9,16],[19,38],[9,20],[22,55],[62,166],[20,56],[7,21],[12,42],[10,48],[4,25],[5,46],[2,24],[2,38],[1,38],[1,179],[1,157],[1,259],[2,285],[0,64],[1,64],[1,64],[1,38],[2,32],[2,31],[4,29],[4,29],[6,28],[6,29],[11,39],[10,29],[16,43],[21,48],[21,48],[64,144],[44,98],[40,89],[18,42],[16,40],[7,20],[13,39],[10,38],[11,51],[6,32],[4,30],[3,30],[3,60],[2,85],[2,110],[6,276],[0,58],[-1,28],[-2,29],[-4,44],[-4,25],[-5,25],[-11,42],[-12,35],[-11,31],[-13,30],[-25,58],[-74,165],[-22,49],[-11,25],[-10,25],[-9,26],[-9,27],[-8,26],[-6,28],[-5,26],[-4,27],[-2,27],[-2,27],[-1,27],[1,27],[2,27],[6,49],[10,48],[14,47],[17,44],[20,43],[11,20],[12,20],[24,34],[26,31],[29,27],[103,92],[18,13],[36,23],[38,18],[19,8],[20,6],[19,5],[20,4],[20,3],[41,2],[40,-3],[148,-17],[177,-19],[31,-3],[31,-1],[32,0],[31,4],[32,7],[30,9],[15,6],[30,14],[28,18],[14,9],[23,18],[27,27],[14,15],[22,27],[30,44],[68,112],[47,80],[29,47],[15,24],[27,39],[21,27],[22,27],[16,18],[33,35],[35,34],[18,16],[56,45],[143,114],[37,29],[72,59],[231,183],[219,176],[32,25],[105,84],[73,58],[54,43],[55,44],[139,112],[69,54],[39,27],[31,18],[44,19],[30,9],[33,8],[24,3],[25,2],[24,1],[58,-2],[58,-4],[142,-8],[50,-3],[166,-10],[33,-2],[47,-1],[24,1],[24,2],[31,5],[30,9],[30,12],[45,21],[99,49],[109,57],[162,87],[54,28],[53,27],[136,68],[133,62],[66,32],[152,77],[177,90],[22,11],[23,10],[23,9],[35,10],[44,7],[107,12],[210,23],[56,8],[21,5],[21,6],[20,7],[20,9],[20,9],[19,11],[30,20],[31,26],[17,16],[16,18],[16,18],[30,37],[150,192],[87,109],[20,27],[19,27],[19,28],[22,38],[21,41],[19,44],[8,23],[14,43],[14,44],[43,148],[31,107],[60,204],[60,206],[30,103],[9,29],[10,29],[11,28],[20,42],[11,20],[25,38],[25,32],[29,31],[16,15],[31,23],[32,20],[29,15],[33,13],[18,5],[35,7],[46,4],[23,1],[54,0],[306,1],[59,-1],[22,1],[22,1],[22,3],[22,4],[31,8],[31,11],[29,15],[28,16],[29,21],[30,27],[21,22],[20,23],[24,28],[111,137],[27,30],[18,19],[17,17],[19,17],[19,15],[38,28],[19,12],[40,23],[40,17],[40,14],[18,5],[38,8],[34,3],[19,1],[37,-1],[36,-4],[32,-6],[31,-10],[30,-12],[17,-8],[33,-20],[16,-11],[37,-29],[83,-70],[97,-85],[48,-41],[41,-35],[17,-13],[31,-22],[31,-19],[17,-9],[36,-15],[29,-11],[48,-16],[200,-60],[51,-14],[37,-6],[37,-4],[37,1],[25,2],[29,5],[24,5],[297,67],[63,14],[52,11],[134,26],[54,11],[52,11],[287,64],[136,30],[49,13],[41,14],[21,9],[32,16],[66,37],[180,105],[60,35],[41,23],[36,17],[33,12],[37,9],[19,2],[36,2],[36,-3],[36,-7],[28,-8],[28,-9],[28,-10],[70,-28],[256,-101],[22,-10],[23,-11],[22,-12],[28,-18],[26,-20],[25,-23],[20,-21],[26,-34],[24,-36],[25,-44],[50,-95],[116,-221],[34,-67],[19,-40],[16,-40],[14,-40],[7,-24],[12,-48],[9,-46],[22,-110],[16,-75],[15,-57],[12,-38],[14,-36],[15,-33],[10,-20],[23,-37],[23,-31],[25,-28],[29,-27],[33,-25],[17,-12],[43,-24],[31,-16],[198,-97],[26,-12],[26,-12],[26,-9],[27,-9],[43,-10],[43,-6],[78,-8],[131,-11],[111,-9],[39,-1],[40,-1],[28,1],[35,2],[48,5],[50,9],[31,6],[31,8],[31,9],[315,98],[283,88],[187,58],[59,17],[33,8],[49,10],[33,4],[33,2],[33,1],[33,-1],[33,-1],[33,-3],[413,-57],[207,-24],[66,-5],[70,-5],[152,-20],[211,-29],[173,-23],[100,-14],[158,-22],[259,-35],[172,-24],[88,-12],[258,-36],[173,-24],[86,-11],[433,-60],[86,-12],[260,-35],[166,-23],[247,-34],[83,-11],[86,-12],[86,-12],[260,-36],[428,-58],[317,-44],[76,-9],[98,-9],[61,-2],[34,0],[68,3]],[[77846,51060],[115,8],[126,11],[624,52]],[[78711,51131],[57,5],[109,10],[25,4],[36,7],[24,7],[36,14],[36,18],[17,11],[34,23],[32,27],[15,14],[29,30],[27,33],[36,48],[43,61],[213,309],[279,403],[41,58],[22,29],[38,47],[32,35],[18,18],[31,29],[37,32],[45,34],[27,19],[117,83],[295,204],[380,266],[76,53],[142,98],[35,23],[36,22],[35,21],[25,13],[49,26],[31,14],[30,13],[51,21],[54,21],[78,31],[114,44],[166,63],[42,16],[44,17],[59,20],[59,20],[60,19],[67,20],[83,24],[145,40],[287,81],[283,79],[103,29],[106,30],[64,18],[23,5],[49,7],[36,6],[28,6],[81,21],[63,13],[27,3],[44,3],[21,-1],[43,-4],[42,-7],[80,-18],[89,-21],[316,-73],[117,-27],[222,-52],[284,-66],[53,-12],[45,-14],[36,-15],[17,-9],[30,-18],[29,-21],[29,-26],[26,-29],[25,-32],[20,-31],[16,-29],[19,-40],[16,-45],[14,-47],[14,-57],[30,-120],[11,-41],[12,-41],[16,-44],[18,-43],[14,-29],[19,-33],[23,-37],[13,-17],[25,-33],[36,-41],[23,-25],[24,-25],[62,-63],[191,-193],[160,-164],[45,-44],[35,-31],[24,-19],[23,-16],[24,-14],[41,-20],[27,-10],[28,-9],[15,-3],[33,-5],[37,-3],[20,1],[21,1],[34,6],[37,10],[38,13],[52,21],[107,43],[74,30],[87,35],[36,14],[41,14],[30,7],[32,5],[32,2],[15,0],[33,-4],[35,-8],[29,-10],[33,-16],[18,-10],[31,-21],[30,-24],[21,-21],[21,-23],[26,-34],[12,-19],[14,-23],[20,-41],[9,-21],[15,-43],[12,-43],[8,-44],[3,-26],[2,-25],[1,-26],[0,-30],[-2,-44],[-6,-43],[-5,-24],[-12,-48],[-7,-23],[-16,-45],[-23,-60],[-31,-77],[-152,-372],[-16,-40],[-14,-41],[-14,-45],[-7,-23],[-10,-46],[-7,-33],[-6,-39],[-5,-39],[-5,-39],[-4,-39],[-4,-39],[-20,-226],[-26,-288],[-15,-179],[-9,-102],[-4,-60],[-2,-57],[-1,-52],[1,-28],[3,-54],[6,-58],[5,-45],[9,-58],[16,-83],[28,-133],[15,-64],[56,-263],[21,-102],[9,-52],[9,-53],[6,-44],[5,-43],[4,-34],[5,-69],[3,-81],[1,-46],[-1,-46],[-1,-46],[-2,-61],[-5,-71],[-4,-73],[-3,-42],[-4,-31],[-11,-95],[-5,-38],[-23,-188],[-6,-50],[-11,-88],[-17,-144],[-21,-169],[-8,-77],[-3,-41],[-2,-40],[-1,-27],[1,-54],[2,-25],[5,-50],[4,-28],[5,-29],[6,-28],[7,-28],[16,-53],[18,-56],[13,-35],[45,-125],[67,-187],[27,-76],[13,-37],[26,-75],[71,-198],[52,-141],[77,-216],[10,-23],[10,-23],[11,-21],[12,-21],[12,-21],[14,-19],[14,-19],[15,-17],[15,-17],[16,-16],[17,-15],[17,-14],[18,-12],[18,-12],[19,-11],[212,-101]],[[42759,45298],[-358,38],[-35,3],[-35,2],[-111,2],[-34,2],[-35,3],[-663,71],[-23,2],[-24,1],[-83,1]],[[35131,51461],[-25,36],[-29,48],[-27,45],[-30,53],[-46,80],[-23,39],[-25,41],[-19,29],[-25,34],[-33,41],[-29,33],[-20,20],[-32,31],[-44,39],[-82,71],[-39,33],[-19,18],[-25,23],[-24,25],[-23,25],[-22,27],[-34,42],[-21,29],[-188,250],[-27,35],[-27,34],[-28,34],[-28,33],[-63,73]],[[34074,52782],[-97,113],[-34,41],[-19,26],[-18,26],[-18,27],[-17,28],[-15,28],[-15,30],[-15,30],[-13,30],[-12,32],[-12,31],[-10,32],[-9,28],[-15,57],[-18,66],[-18,66],[-11,34],[-10,33],[-22,60],[-21,54],[-119,302],[-35,89],[-101,259],[-32,80],[-17,40],[-18,39],[-18,38],[-15,28],[-15,27],[-16,26],[-16,25],[-18,25],[-17,24],[-19,23],[-26,31],[-27,29],[-27,29],[-57,55],[-389,379],[-29,29],[-24,21],[-24,20],[-24,19],[-25,18],[-25,18],[-25,16],[-26,15],[-51,27],[-67,35],[-38,21],[-28,17],[-20,15],[-21,15],[-19,17],[-19,18],[-18,19],[-18,19],[-17,21],[-16,22],[-16,22],[-14,24],[-14,24],[-13,25],[-12,25],[-11,27],[-10,26],[-10,28],[-8,28],[-8,28],[-6,28],[-5,29],[-5,30],[-3,29],[-3,30],[-1,30],[0,29],[1,30],[1,30],[3,29],[4,30],[5,29],[6,29],[6,28],[8,28],[9,27],[9,26],[10,25],[11,25],[12,24],[13,24],[14,22],[14,22],[19,26],[20,25],[20,23],[41,47],[428,472],[27,29],[29,29],[29,28],[29,27],[52,45],[36,33],[18,19],[18,20],[16,20],[17,21],[15,23],[15,23],[13,24],[13,24],[13,25],[11,26],[10,27],[10,27],[8,27],[8,28],[7,28],[5,29],[5,29],[4,29],[3,29],[1,30],[1,29],[0,30],[-2,29],[-5,57],[-3,28],[-5,27],[-6,27],[-6,27],[-8,26],[-8,25],[-9,26],[-10,24],[-11,25],[-12,23],[-13,23],[-13,22],[-15,21],[-20,27]],[[32921,58282],[-24,29],[-29,30],[-15,14],[-35,29],[-36,27],[-46,32],[-35,26],[-42,36],[-15,14],[-26,29],[-19,24],[-18,25],[-17,25],[-15,27],[-15,28],[-14,28],[-12,30],[-11,30],[-10,31],[-9,31],[-7,32],[-7,32],[-4,33],[-4,33],[-2,33],[-1,33],[0,34],[2,33],[3,33],[5,33],[4,33],[22,130],[10,65],[9,66],[4,33],[6,66],[2,33],[2,67],[1,33],[-2,67],[-1,33],[-5,67],[-7,66],[-7,63],[-8,43],[-8,43],[-9,41],[-10,40],[-23,92],[-29,109],[-8,28],[-10,29],[-10,28],[-12,27],[-12,26],[-13,26],[-14,25],[-13,22],[-14,20],[-16,21],[-17,21],[-17,20],[-18,19],[-19,17],[-38,32],[-20,15],[-75,52],[-20,16],[-19,16],[-19,17],[-18,18],[-17,19],[-29,36],[-14,19],[-25,40],[-23,43],[-11,25],[-11,26],[-9,26],[-9,27],[-7,27],[-11,47],[-7,49],[-12,96],[-25,188],[-19,143],[-3,25],[-16,81],[-10,57],[-6,34],[-3,39],[-3,75],[1,94],[4,48],[6,54],[10,62],[6,33],[7,34],[15,56],[15,47],[15,46],[79,240],[14,45],[14,46],[13,46],[11,46],[11,46],[10,47],[9,47],[9,47],[7,48],[6,48],[6,48],[12,111],[5,42],[5,30],[6,31],[6,30],[8,30],[8,29],[9,29],[10,29],[11,28],[12,27],[13,27],[25,50],[45,76],[20,36],[22,44],[11,26],[11,26],[10,28],[8,27],[8,29],[7,28],[6,29],[4,30],[4,29],[2,30],[2,30],[0,29],[0,30],[-2,30],[-2,30],[-4,29],[-9,49],[-7,33],[-15,56],[-99,355],[-9,33],[-13,51],[-6,29],[-5,30],[-5,29],[-3,31],[-3,30],[-1,30],[-1,30],[0,31],[1,30],[2,35],[3,35],[11,119],[5,63],[2,47],[0,32],[-1,32],[-2,32],[-3,31],[-3,32],[-5,31],[-6,31],[-6,30],[-8,31],[-9,29],[-9,30],[-10,29],[-11,28],[-12,28],[-13,27],[-14,27],[-29,52],[-30,50],[-186,308],[-16,25],[-24,37],[-14,21],[-30,40],[-32,36],[-36,36],[-19,17],[-35,28],[-112,81],[-38,30],[-39,35],[-37,39],[-20,22],[-19,24],[-19,24],[-18,25],[-16,24],[-15,25],[-14,26],[-14,25],[-14,27],[-28,62],[-48,110],[-27,61],[-12,23],[-24,46],[-17,28],[-64,104],[-16,27],[-15,28],[-14,28],[-14,29],[-13,30],[-12,29],[-11,31],[-11,31],[-9,31],[-9,32],[-8,31],[-8,32],[-26,127],[-13,62],[-12,45],[-9,28],[-9,28],[-10,27],[-10,26],[-12,26],[-12,25],[-13,25],[-14,25],[-14,23],[-30,44],[-17,24],[-35,45],[-76,96],[-32,43],[-15,22],[-15,23],[-14,22],[-12,24],[-12,24],[-11,24],[-10,26],[-9,25],[-8,27],[-8,26],[-6,27],[-5,28],[-5,27],[-3,28],[-3,34],[-2,33],[0,34],[-1,66],[0,409],[1,96],[1,48],[2,48],[4,47],[4,35],[5,34],[6,35],[7,33],[8,34],[13,45],[13,45],[15,44],[16,44],[74,203],[20,53],[21,52],[23,50],[18,38],[26,49],[42,79],[30,59],[14,30],[11,25],[10,26],[8,26],[8,26],[7,27],[6,28],[5,27],[4,28],[3,28],[2,28],[2,29],[0,28],[-1,39],[-2,23],[-5,45],[-3,23],[-7,34],[-15,67],[-26,106],[-14,63],[-6,32],[-6,41],[-3,26],[-4,50],[-1,33],[-1,66],[2,66],[22,870],[1,64],[1,64],[-2,64],[-5,65],[-8,65],[-7,47],[-5,31],[-12,62],[-24,120],[-5,29],[-6,35],[-4,35],[-4,36],[-3,36],[-2,36],[0,36],[0,36],[1,35],[3,36],[3,36],[4,36],[5,35],[6,35],[8,35],[23,97],[9,38],[10,36],[11,35],[12,35],[12,34],[14,34],[14,33],[15,33],[17,32],[16,31],[18,30],[19,30],[15,23],[48,71],[23,33],[58,80],[39,51],[38,50],[40,49],[40,48],[41,48],[180,200],[70,80]],[[31445,74875],[41,49],[23,31],[12,13],[48,68],[16,23],[15,24],[14,25],[14,26],[12,26],[12,27],[34,82],[50,123],[33,72],[25,45],[28,46],[28,37],[42,50],[49,49],[84,79],[61,54],[29,28],[29,29],[28,30],[18,23],[18,23],[17,24],[16,25],[15,25],[15,27],[14,27],[22,48],[16,41],[16,43],[14,43],[14,43],[64,205]],[[32431,76508],[118,376],[8,26],[41,132],[13,44],[12,44],[12,44],[12,44],[39,163],[10,40],[14,53],[38,131],[15,59],[17,67],[184,761],[12,52],[12,52],[13,60],[12,70],[7,40],[11,79],[19,134],[7,47],[9,47],[9,46],[12,47],[7,24],[15,44],[16,44],[17,42],[18,43],[107,246],[13,31],[18,45],[51,134],[13,32],[22,54],[20,45],[41,94],[16,34],[16,33],[16,32],[17,31],[16,27],[17,26],[18,26],[19,24],[19,24],[20,23],[20,22],[22,20],[21,20],[32,26],[33,25],[33,23],[67,45],[378,245],[49,33],[22,16],[22,18],[21,18],[20,20],[19,19],[19,21],[18,21],[17,22],[17,23],[16,24],[15,24],[14,25],[14,25],[14,27],[12,26],[16,37],[112,279],[16,45],[11,40],[10,37],[12,41],[44,126],[74,210],[26,73],[23,74],[12,39],[10,39],[10,39],[10,39],[8,39],[16,77],[14,78],[130,703],[13,71],[8,35],[8,35],[9,35],[9,28],[9,29],[11,27],[11,27],[12,27],[13,26],[14,25],[25,41],[14,20],[22,30],[30,38],[42,51],[37,46],[18,24],[17,25],[13,22],[13,22],[11,22],[11,24],[10,24],[16,42],[8,27],[8,27],[6,27],[5,28],[5,28],[3,28],[3,28],[1,28],[0,29],[0,28],[-2,28],[-2,29],[-4,28],[-5,27],[-5,28],[-7,27],[-7,27],[-9,26],[-9,26],[-10,25],[-11,25],[-12,24],[-13,23],[-14,23],[-14,22],[-15,21],[-16,20],[-19,21],[-38,40],[-40,38],[-415,390],[-59,56],[-29,29],[-28,30],[-26,32],[-17,22],[-16,22],[-27,42],[-22,38],[-20,38],[-20,40],[-19,40],[-50,105],[-28,54],[-17,28],[-17,27],[-17,25],[-18,24],[-45,49],[-36,37],[-40,39],[-33,30],[-28,26],[-27,27],[-27,28],[-18,21],[-36,45],[-33,48],[-15,23],[-28,48],[-20,40],[-20,41],[-37,84],[-138,310],[-17,33],[-24,45],[-16,28],[-18,27],[-18,26],[-19,25],[-19,24],[-21,24],[-21,22],[-24,24],[-49,45],[-88,79],[-26,23],[-25,24],[-24,26],[-31,35],[-18,23],[-17,24],[-17,24],[-16,26],[-15,26],[-15,26],[-13,28],[-13,28],[-12,29],[-11,29],[-16,48],[-11,38],[-9,38],[-9,38],[-25,113],[-13,58],[-16,60],[-9,32],[-20,63],[-20,54],[-13,37],[-390,1025],[-19,48],[-45,124],[-35,89],[-38,100],[-36,99],[-12,40],[-5,30],[-9,49],[-11,70],[-19,186],[-1,23],[-8,57],[-9,53],[-5,37],[-1,40],[-8,133],[-9,149],[-11,127],[-9,170],[-11,151],[-7,83],[-7,59],[-12,54],[-13,49],[-17,48],[-8,21],[-20,41],[-22,39],[-12,18],[-24,34],[-26,30],[-29,30],[-16,15],[-35,27],[-36,22],[-37,19],[-39,13],[-40,10],[-23,3],[-23,2],[-23,1],[-52,1],[-19,-1],[-38,2],[-38,7],[-19,5],[-37,12],[-37,17],[-37,22],[-19,12],[-35,27],[-33,30],[-17,18],[-17,19],[-15,20],[-15,21],[-14,21],[-14,23],[-11,21],[-10,21],[-17,40],[-23,60],[-40,114],[-29,78],[-9,26],[-15,54],[-13,55],[-10,56],[-7,55],[-3,28],[-12,165],[-9,159],[-16,237],[-1,64],[0,32],[4,63],[4,44],[6,43],[4,40],[4,39],[2,40],[2,40],[-2,47],[-2,27],[-3,28],[-4,27],[-5,27],[-7,27],[-6,26],[-8,26],[-9,26],[-10,26],[-11,26],[-12,25],[-13,24],[-14,23],[-14,23],[-16,22],[-16,21],[-17,20],[-17,19],[-37,36],[-20,17],[-20,16],[-20,15],[-21,14],[-22,13],[-21,12],[-21,10],[-21,9],[-21,7],[-21,7],[-21,5],[-22,4],[-22,3],[-21,2],[-43,-1],[-42,-5],[-42,-10],[-20,-6],[-29,-12],[-29,-14],[-28,-14],[-28,-15],[-49,-29],[-22,-11],[-44,-19],[-21,-7],[-21,-6],[-21,-5],[-22,-3],[-22,-2],[-22,-1],[-27,2],[-34,4],[-37,7],[-35,12],[-32,15],[-36,20],[-38,27],[-30,25],[-24,25],[-28,32],[-12,15],[-31,48],[-24,47],[-20,48],[-15,47],[-12,48],[-8,48],[-3,30],[0,9],[-2,38],[-4,119],[-3,78],[-2,120],[-2,39],[2,114],[0,31],[2,43],[0,37],[2,73],[-3,71],[0,38],[-3,79],[-5,70],[-9,54],[-22,116],[-13,79],[-8,41],[-6,39],[-8,40],[-8,38],[-10,38],[-10,35],[-14,44],[-13,35],[-12,31],[-4,6],[-15,38],[-14,38],[-12,37],[-16,71],[-6,36],[-4,37],[-2,73],[0,14],[5,109],[6,69],[1,30],[0,30],[-1,30],[-1,30],[-2,31],[-14,142],[-18,185],[-12,116],[-11,102],[-8,79],[-8,60],[-4,27],[-12,50],[-14,49],[-8,24],[-18,48],[-18,50],[-23,77],[-11,54],[-8,56],[-3,36],[-1,55],[3,104],[5,86],[1,59],[-3,46],[-8,67],[-8,44],[-8,33],[-11,38],[-12,33],[-11,29],[-23,50],[-12,23],[-25,42],[-20,29],[-16,22],[-23,26],[-34,34],[-54,53],[-14,16],[-16,19],[-15,20],[-14,21],[-13,21],[-12,23],[-12,23],[-11,24],[-10,24],[-9,25],[-8,26],[-7,26],[-5,25],[-5,26],[-4,26],[-3,26],[-2,26],[-1,26],[0,27],[1,26],[1,26],[3,26],[3,26],[5,26],[5,26],[6,25],[7,25],[14,42],[12,43],[13,44],[11,43],[6,31],[4,31],[4,32],[3,31],[1,55],[-2,55],[-6,55],[-8,54],[-7,29],[-7,28],[-8,27],[-9,27],[-10,27],[-24,52],[-27,49],[-26,41],[-32,42],[-85,96],[-115,124],[-24,24],[-23,22],[-73,60],[-202,155],[-18,15],[-18,15],[-18,17],[-17,17],[-16,18],[-16,19],[-15,20],[-14,21],[-14,21],[-13,22],[-13,23],[-11,23],[-53,132],[-101,265],[-64,166],[-61,157],[-16,36],[-17,36],[-44,90],[-42,84],[-21,48],[-10,24],[-18,50],[-10,34],[-9,34],[-8,34],[-8,35],[-6,35],[-21,117],[-15,101],[-6,36],[-7,35],[-7,35],[-9,35],[-9,35],[-10,34],[-11,33],[-12,32],[-22,54],[-21,45],[-37,67],[-31,54],[-92,158],[-56,97],[-101,172],[-159,277],[-106,182],[-54,93],[-18,30],[-24,38],[-17,27],[-31,42],[-55,67],[-125,133],[-19,21],[-18,21],[-18,22],[-17,24],[-16,24],[-15,24],[-18,33],[-31,62]],[[26519,104249],[-19,40],[-16,35],[-86,183],[-40,81],[-64,136],[-43,92],[-13,27],[-14,27],[-14,26],[-15,25],[-16,25],[-17,24],[-15,20],[-17,20],[-17,18],[-17,18],[-19,16],[-18,16],[-20,14],[-20,14],[-38,22],[-37,18],[-38,14],[-39,10],[-22,4],[-23,3],[-22,1],[-23,1],[-23,0],[-22,-2],[-23,-2],[-23,-5],[-23,-6],[-22,-7],[-23,-8],[-22,-9],[-21,-10],[-22,-11],[-36,-23],[-35,-26],[-16,-15],[-32,-32],[-47,-55],[-90,-115],[-35,-41],[-21,-22],[-21,-20],[-22,-20],[-22,-18],[-22,-18],[-24,-16],[-23,-16],[-24,-14],[-25,-14],[-24,-12],[-26,-11],[-25,-10],[-26,-9],[-25,-8],[-101,-32],[-26,-11],[-25,-13],[-25,-14],[-25,-14],[-24,-16],[-24,-18],[-23,-18],[-20,-17],[-19,-18],[-18,-20],[-18,-20],[-17,-21],[-81,-103]],[[24486,104269],[-147,-185],[-119,-149],[-19,-22],[-19,-20],[-20,-19],[-20,-18],[-21,-17],[-21,-16],[-20,-13],[-168,-103],[-55,-30],[-48,-23],[-22,-9],[-23,-8],[-23,-7],[-23,-6],[-24,-4],[-23,-3],[-24,-2],[-23,0],[-24,1],[-24,2],[-23,3],[-24,4],[-23,6],[-22,7],[-21,8],[-22,9],[-21,10],[-21,11],[-20,12],[-20,14],[-20,14],[-19,16],[-18,16],[-18,17],[-17,19],[-17,19],[-18,23],[-17,25],[-17,25],[-16,26],[-15,27],[-31,60],[-28,56],[-49,102],[-19,48],[-17,49],[-13,51],[-10,53],[-25,152],[-8,45],[-6,28],[-6,28],[-8,27],[-16,50],[-9,24],[-20,45],[-22,43],[-15,25],[-15,23],[-16,23],[-17,21],[-18,21],[-19,20],[-18,18],[-19,16],[-20,16],[-20,15],[-20,14],[-21,12],[-22,11],[-22,10],[-22,9],[-22,8],[-23,6],[-23,5],[-23,4],[-23,3],[-23,1],[-23,0],[-23,-1],[-24,-3],[-23,-4],[-22,-5],[-23,-6],[-23,-8],[-22,-9],[-21,-10],[-22,-11],[-21,-13],[-21,-13],[-20,-15],[-19,-16],[-19,-17],[-19,-17],[-17,-19],[-33,-39],[-29,-40],[-13,-20],[-89,-131],[-55,-84],[-168,-255],[-18,-25],[-19,-24],[-19,-24],[-20,-22],[-20,-23],[-21,-21],[-271,-241],[-159,-136],[-40,-31],[-42,-28],[-44,-24],[-166,-80],[-440,-202],[-39,-17],[-38,-17],[-39,-15],[-35,-11],[-26,-8],[-26,-5],[-26,-5],[-27,-3],[-27,-2],[-26,-1],[-27,1],[-27,2],[-26,3],[-27,4],[-26,6],[-26,7],[-26,8],[-26,10],[-25,10],[-25,12],[-24,14],[-24,14],[-32,21],[-35,25],[-35,28],[-34,27],[-123,100],[-213,176],[-23,20],[-21,22],[-22,23],[-20,23],[-20,25],[-19,25],[-19,26],[-18,27],[-17,27],[-17,29],[-90,165],[-86,149],[-17,25],[-17,25],[-18,24],[-19,23],[-20,23],[-20,21],[-21,20],[-22,20],[-22,18],[-22,17],[-23,17],[-24,15],[-24,14],[-24,12],[-25,12],[-25,11],[-25,9],[-26,8],[-26,7],[-26,5],[-26,5],[-26,3],[-27,2],[-26,0],[-26,0],[-27,-2],[-26,-3],[-26,-5],[-142,-27],[-202,-40],[-233,-46],[-290,-59],[-269,-57],[-244,-47],[-30,-7],[-30,-5],[-30,-4],[-31,-4],[-30,-1],[-30,-1],[-31,0],[-28,2],[-29,4],[-28,5],[-28,6],[-28,7],[-28,8],[-27,10],[-27,11],[-27,12],[-27,13],[-26,15],[-26,15],[-25,17],[-25,18],[-24,19],[-24,20],[-127,116],[-203,181],[-140,128],[-275,250],[-43,40],[-27,28],[-34,37],[-27,30],[-39,46],[-35,45],[-49,67],[-44,66],[-20,30],[-19,32],[-21,39],[-90,176],[-117,231]],[[34960,51765],[-43,80],[-17,27],[-18,25],[-46,58],[-43,50],[-39,45],[-17,17],[-46,41],[-159,141],[-36,33],[-17,17],[-17,18],[-17,19],[-31,41],[-50,65],[-54,72],[-53,71],[-51,66],[-34,40],[-19,20],[-37,37],[-32,36],[-114,135]],[[31445,74875],[38,35],[43,50],[37,51],[52,82],[10,18],[19,39],[13,29],[73,177],[22,52],[25,52],[14,27],[15,26],[16,26],[16,25],[18,24],[18,23],[19,22],[19,22],[28,28],[19,17],[39,35],[66,58],[38,34],[19,18],[27,27],[20,21],[19,23],[18,23],[18,24],[17,25],[16,26],[15,26],[15,27],[13,28],[13,29],[12,29],[10,26],[19,54],[17,55],[30,98],[17,62],[14,60]],[[42759,45244],[-412,44],[-47,7],[-72,15],[-44,6],[-307,35],[-567,60],[-65,8],[-28,5],[-28,6],[-28,7],[-28,9],[-27,9],[-27,10],[-27,12],[-26,13],[-27,13],[-25,15],[-59,37],[-474,311],[-26,17],[-39,24],[-29,17],[-30,16],[-30,15],[-31,13],[-31,13],[-31,11],[-31,10],[-32,8],[-32,8],[-32,6],[-32,5],[-32,4],[-32,3],[-33,1],[-43,0],[-29,-1],[-706,-16],[-63,-1],[-64,0],[-31,2],[-32,3],[-31,4],[-31,5],[-31,7],[-31,7],[-31,9],[-30,10],[-31,11],[-29,12],[-30,14],[-49,25],[-38,21],[-39,23],[-1502,890],[-29,17],[-42,26],[-31,21],[-31,22],[-30,24],[-30,24],[-29,25],[-28,27],[-28,27],[-27,29],[-26,29],[-26,31],[-25,31],[-26,35],[-26,35],[-25,36],[-24,37],[-23,37],[-23,38],[-21,37],[-20,37],[-19,38],[-18,39],[-18,39],[-16,40],[-16,40],[-15,41],[-14,41],[-13,42],[-12,42],[-12,43],[-11,44],[-19,83],[-120,505],[-12,51],[-12,51],[-10,60],[-5,34],[-4,35],[-3,35],[-2,34],[-2,62],[1,53],[1,53],[10,315],[1,53],[0,54],[-2,57],[-2,31],[-3,31],[-5,31],[-5,30],[-6,30],[-7,30],[-8,30],[-8,29],[-10,29],[-16,46],[-17,45],[-18,45],[-18,45],[-19,43],[-19,44],[-24,51],[-22,46],[-24,46],[-24,45],[-35,61],[-23,39],[-46,74],[-193,300],[-36,54],[-16,24],[-32,45],[-49,66],[-32,40],[-37,45],[-34,40],[-39,43],[-25,24],[-83,90],[-32,36],[-24,29],[-19,25],[-25,34],[-30,45],[-39,65],[-71,125],[-29,50],[-29,47],[-19,28],[-24,34],[-21,26],[-25,30],[-31,33],[-18,18],[-63,57],[-82,70],[-39,34],[-19,17],[-25,24],[-24,25],[-23,25],[-23,27],[-33,43],[-22,29],[-188,249],[-27,35],[-27,34],[-27,34],[-28,33],[-161,186],[-34,42],[-30,41],[-15,22],[-15,23],[-28,51],[-13,25],[-25,53],[-21,53],[-18,52],[-9,30],[-15,57],[-18,66],[-18,66],[-21,66],[-12,33],[-20,54],[-156,397],[-109,277],[-31,80],[-17,40],[-18,39],[-18,39],[-15,27],[-15,26],[-15,26],[-17,26],[-17,24],[-18,24],[-18,24],[-26,30],[-27,30],[-28,28],[-56,55],[-391,381],[-29,28],[-23,21],[-24,20],[-24,19],[-24,19],[-25,17],[-26,16],[-48,27],[-95,50],[-38,21],[-28,17],[-20,15],[-20,15],[-20,16],[-18,18],[-19,18],[-17,19],[-17,21],[-16,21],[-15,22],[-15,23],[-14,23],[-13,24],[-12,25],[-11,26],[-11,26],[-9,27],[-9,27],[-8,28],[-7,28],[-5,28],[-5,29],[-4,29],[-3,29],[-2,29],[-1,30],[0,29],[1,30],[2,29],[4,29],[4,29],[5,28],[6,29],[7,28],[7,26],[8,26],[10,25],[10,25],[11,24],[12,24],[12,23],[13,22],[25,37],[27,35],[28,33],[57,63],[408,451],[28,30],[29,29],[29,28],[30,27],[51,44],[34,32],[18,18],[17,20],[17,20],[16,21],[15,22],[15,23],[14,24],[13,24],[12,25],[11,26],[10,26],[10,27],[8,28],[8,27],[6,29],[6,28],[5,29],[4,29],[2,29],[2,29],[1,30],[-1,29],[-1,29],[-5,58],[-4,27],[-5,28],[-6,27],[-6,27],[-8,26],[-9,26],[-10,26],[-10,25],[-11,24],[-13,23],[-13,23],[-14,22],[-14,22],[-16,20],[-16,20],[-16,18],[-18,18],[-18,16],[-34,28],[-35,26],[-44,30],[-33,25],[-24,20],[-19,17],[-18,17],[-17,19],[-17,19],[-16,21],[-15,21],[-14,22],[-14,23],[-13,24],[-12,24],[-11,25],[-11,25],[-9,27],[-9,26],[-7,27],[-11,41],[-6,32],[-5,33],[-3,33],[-2,34],[-1,33],[0,34],[2,34],[3,33],[5,33],[10,65],[16,99],[10,65],[9,65],[7,65],[5,66],[2,67],[0,33],[-1,67],[-3,66],[-3,33],[-7,65],[-8,64],[-7,43],[-9,42],[-9,41],[-9,41],[-24,91],[-29,109],[-8,29],[-10,28],[-10,28],[-12,27],[-12,27],[-13,26],[-14,25],[-25,39],[-28,37],[-29,33],[-31,30],[-33,27],[-26,20],[-27,18],[-40,28],[-31,22],[-15,13],[-29,29],[-30,32],[-14,16],[-26,37],[-25,39],[-11,20],[-21,42],[-10,21],[-16,43],[-7,22],[-10,39],[-12,45],[-10,47],[-6,33],[-8,54],[-43,327],[-8,61],[-9,77],[-5,48],[-5,53],[-2,75],[0,95],[3,34],[3,34],[4,34],[5,33],[5,34],[7,33],[7,33],[9,32],[9,32],[14,47],[91,276],[14,44],[14,44],[12,45],[12,45],[10,45],[10,46],[9,46],[8,46],[8,46],[6,47],[6,47],[14,129],[6,41],[4,30],[6,31],[7,29],[7,30],[9,29],[9,28],[10,29],[10,27],[12,28],[12,26],[26,49],[50,88],[25,45],[12,25],[11,25],[10,25],[10,26],[8,27],[8,27],[6,27],[6,28],[5,28],[3,28],[3,29],[2,28],[1,29],[0,29],[-1,28],[-2,29],[-3,28],[-4,28],[-5,28],[-6,28],[-18,66],[-99,357],[-9,33],[-12,49],[-7,30],[-5,30],[-5,30],[-4,31],[-2,31],[-2,31],[-1,31],[0,31],[3,56],[5,52],[10,110],[5,64],[2,48],[0,31],[-1,31],[-2,32],[-3,31],[-4,31],[-4,30],[-6,31],[-6,30],[-8,30],[-8,30],[-10,29],[-10,28],[-11,28],[-11,28],[-13,27],[-14,27],[-29,52],[-31,51],[-185,305],[-15,26],[-25,38],[-16,23],[-17,22],[-17,22],[-18,21],[-19,19],[-19,19],[-20,18],[-36,30],[-34,24],[-46,33],[-37,27],[-41,34],[-23,20],[-22,21],[-21,23],[-21,23],[-19,23],[-19,24],[-18,25],[-17,25],[-16,27],[-16,27],[-15,27],[-14,29],[-29,62],[-47,108],[-28,63],[-16,31],[-29,52],[-26,43],[-38,63],[-23,40],[-26,48],[-14,30],[-14,30],[-12,31],[-12,31],[-11,32],[-11,32],[-9,33],[-8,33],[-8,34],[-25,124],[-15,65],[-8,32],[-13,43],[-10,28],[-10,27],[-11,27],[-12,26],[-12,25],[-13,25],[-14,25],[-23,36],[-18,26],[-37,48],[-92,117],[-20,27],[-20,28],[-19,29],[-22,38],[-13,24],[-11,25],[-11,26],[-10,26],[-8,27],[-8,27],[-7,27],[-6,28],[-5,28],[-3,29],[-4,37],[-2,37],[-1,37],[0,75],[0,398],[0,96],[2,48],[2,48],[4,47],[4,36],[5,35],[6,35],[7,34],[8,34],[12,45],[14,45],[15,44],[16,44],[74,202],[20,53],[21,52],[22,50],[18,38],[25,49],[45,84],[31,58],[14,31],[10,25],[10,26],[9,27],[8,27],[6,28],[6,28],[5,28],[4,29],[3,28],[2,29],[1,29],[-1,29],[-1,29],[-2,29],[-3,28],[-5,29],[-6,34],[-15,67],[-26,107],[-14,65],[-9,49],[-5,32],[-3,32],[-2,32],[-2,33],[0,67],[1,68],[23,869],[1,64],[0,64],[-1,64],[-3,33],[-6,65],[-4,32],[-7,47],[-6,31],[-11,62],[-24,119],[-5,29],[-6,36],[-5,36],[-3,35],[-3,36],[-2,37],[-1,36],[1,36],[1,36],[2,36],[3,36],[5,36],[5,36],[6,35],[7,35],[9,38],[24,97],[10,36],[11,36],[12,35],[12,34],[14,34],[15,34],[15,32],[16,32],[17,32],[18,30],[19,30],[61,91],[23,33],[23,33],[38,50],[38,51],[39,50],[39,49],[40,49],[41,47],[295,339],[21,25],[21,26],[19,27],[19,27],[18,29],[18,29],[16,30],[15,31],[15,32],[14,32],[66,160],[20,45],[13,28],[14,27],[15,27],[16,26],[16,25],[17,25],[18,23],[19,23],[19,22],[20,22],[20,20],[44,39],[90,80],[28,25],[26,26],[26,27],[31,35],[17,22],[17,22],[16,24],[15,24],[14,25],[14,25],[13,26],[12,27],[16,38],[14,38],[13,39],[26,79],[200,641],[24,77],[18,63],[18,62],[16,64],[19,79],[287,1188],[13,57],[14,58],[6,28],[10,54],[28,183],[15,104],[7,46],[8,45],[9,45],[11,46],[14,46],[14,43],[16,42],[17,42],[35,82],[242,560],[36,81],[19,40],[19,40],[21,38],[16,26],[15,25],[17,24],[17,24],[18,23],[19,22],[19,21],[20,20],[20,20],[21,18],[31,26],[31,23],[33,23],[65,43],[357,232],[47,31],[23,16],[23,17],[22,18],[18,16],[18,17],[18,18],[17,19],[16,20],[16,21],[15,21],[14,22],[14,23],[13,24],[14,28],[13,28],[13,30],[24,59],[115,285],[15,39],[15,39],[14,40],[113,318],[25,73],[25,73],[11,38],[12,38],[10,39],[10,39],[10,39],[8,39],[16,77],[14,78],[130,704],[13,71],[8,36],[8,35],[9,34],[9,28],[9,27],[9,26],[11,26],[12,25],[12,25],[13,25],[13,23],[15,23],[15,22],[22,30],[30,39],[43,51],[38,47],[18,25],[17,25],[14,23],[13,23],[12,24],[11,24],[10,25],[10,26],[8,26],[8,27],[6,27],[6,27],[4,28],[4,28],[3,28],[1,28],[1,29],[0,28],[-2,28],[-2,28],[-3,28],[-5,28],[-5,28],[-7,27],[-7,27],[-8,26],[-9,26],[-10,25],[-11,25],[-12,24],[-13,23],[-13,23],[-14,22],[-15,21],[-26,31],[-19,22],[-33,33],[-27,26],[-439,412],[-34,32],[-35,36],[-32,35],[-30,38],[-29,39],[-27,42],[-25,42],[-22,42],[-23,45],[-49,106],[-28,54],[-14,26],[-26,43],[-22,33],[-17,21],[-16,21],[-18,19],[-45,47],[-51,49],[-41,39],[-41,39],[-21,22],[-20,23],[-20,24],[-35,46],[-16,23],[-15,24],[-15,24],[-13,25],[-20,39],[-20,39],[-18,41],[-23,50],[-130,292],[-24,51],[-23,43],[-17,28],[-17,26],[-18,26],[-18,25],[-20,24],[-20,23],[-21,23],[-43,42],[-83,73],[-74,68],[-33,33],[-16,18],[-30,36],[-28,39],[-17,25],[-16,26],[-15,27],[-14,27],[-14,28],[-14,32],[-12,33],[-12,33],[-11,33],[-19,74],[-21,91],[-24,103],[-21,80],[-8,30],[-20,61],[-33,90],[-389,1024],[-10,25],[-90,239],[-30,78],[-33,88],[-19,56],[-9,29],[-13,45],[-7,33],[-7,33],[-5,33],[-5,34],[-4,33],[-13,182],[-3,46],[-6,100],[-8,140],[-13,177],[-24,373],[-9,111],[-3,29],[-9,59],[-5,25],[-14,50],[-16,47],[-9,22],[-19,41],[-22,39],[-12,18],[-25,34],[-25,30],[-29,30],[-34,29],[-17,12],[-36,23],[-38,18],[-39,14],[-39,9],[-23,4],[-23,2],[-23,1],[-91,0],[-19,2],[-38,6],[-37,11],[-18,7],[-38,17],[-18,10],[-37,24],[-18,13],[-34,28],[-17,16],[-17,18],[-16,19],[-16,20],[-15,20],[-14,22],[-13,22],[-11,21],[-11,22],[-9,22],[-32,83],[-40,113],[-29,78],[-9,27],[-15,54],[-13,55],[-10,55],[-4,28],[-6,55],[-12,166],[-9,158],[-16,237],[-1,32],[0,64],[3,64],[5,43],[6,44],[4,39],[4,40],[2,40],[2,40],[-1,26],[-1,25],[-2,26],[-3,26],[-4,25],[-5,26],[-5,25],[-7,24],[-8,24],[-18,50],[-11,26],[-12,25],[-12,24],[-14,24],[-14,22],[-15,22],[-16,21],[-17,20],[-17,19],[-37,37],[-19,17],[-20,17],[-20,15],[-21,14],[-21,13],[-22,12],[-20,10],[-21,9],[-21,7],[-21,7],[-22,5],[-21,4],[-22,3],[-22,2],[-42,-1],[-42,-5],[-42,-10],[-21,-6],[-29,-12],[-28,-14],[-29,-14],[-28,-15],[-49,-29],[-22,-11],[-43,-19],[-21,-7],[-21,-6],[-22,-5],[-22,-3],[-21,-2],[-37,0],[-21,1],[-35,5],[-38,10],[-29,9],[-27,13],[-33,18],[-40,26],[-31,26],[-23,22],[-37,43],[-34,48],[-16,27],[-11,21],[-21,46],[-18,49],[-13,48],[-10,48],[-2,13],[-3,36],[-2,62],[-2,35],[-2,74],[-9,222],[-1,37],[3,70],[1,73],[-1,36],[-1,36],[-4,109],[-4,109],[0,36],[-3,87],[-4,49],[-5,39],[-37,207],[-8,40],[-9,44],[-10,38],[-10,36],[-11,34],[-18,50],[-7,14],[-16,36],[-14,38],[-12,36],[-10,37],[-8,36],[-7,37],[-5,37],[-3,36],[-1,34],[0,31],[7,108],[5,69],[1,30],[0,30],[-1,30],[-1,31],[-2,30],[-13,142],[-19,185],[-12,116],[-10,103],[-9,78],[-7,61],[-5,26],[-11,51],[-15,49],[-8,24],[-18,47],[-18,50],[-23,77],[-11,54],[-7,56],[-3,36],[-2,55],[2,62],[2,40],[5,86],[0,58],[-2,47],[-8,67],[-8,44],[-8,33],[-11,38],[-12,33],[-11,29],[-23,50],[-12,23],[-25,42],[-20,29],[-16,22],[-23,25],[-34,35],[-54,53],[-16,18],[-16,19],[-15,20],[-14,21],[-13,22],[-13,23],[-11,23],[-11,24],[-10,24],[-9,25],[-8,26],[-7,26],[-6,25],[-4,26],[-4,26],[-3,26],[-2,26],[-1,26],[0,26],[0,27],[2,26],[3,26],[3,26],[4,26],[6,25],[6,26],[7,24],[13,43],[13,43],[12,43],[12,44],[5,31],[5,31],[4,31],[2,32],[2,55],[-2,55],[-6,55],[-9,54],[-6,29],[-7,28],[-8,27],[-9,27],[-10,27],[-12,26],[-26,50],[-13,25],[-27,40],[-28,39],[-85,96],[-116,124],[-23,24],[-24,22],[-10,8],[-109,88],[-126,96],[-47,36],[-18,16],[-18,16],[-17,18],[-17,18],[-16,19],[-15,21],[-15,21],[-14,22],[-13,22],[-12,24],[-11,24],[-53,131],[-101,266],[-63,166],[-62,157],[-16,36],[-17,35],[-44,91],[-53,107],[-21,48],[-18,50],[-10,34],[-9,34],[-8,34],[-8,35],[-6,35],[-21,117],[-15,101],[-6,35],[-7,36],[-7,35],[-9,35],[-9,35],[-10,34],[-11,32],[-12,32],[-22,55],[-21,44],[-37,68],[-31,54],[-92,158],[-55,96],[-102,172],[-159,277],[-106,183],[-54,92],[-18,30],[-24,39],[-17,26],[-31,43],[-52,63],[-127,134],[-19,21],[-18,21],[-17,23],[-16,23],[-16,23],[-16,24],[-18,34],[-18,34],[-17,34],[-17,35],[-16,36],[-44,92],[-85,178],[-59,127],[-43,92],[-13,26],[-28,52],[-30,50],[-16,24],[-15,20],[-34,38],[-17,17],[-37,33],[-18,15],[-40,27],[-21,11],[-21,11],[-21,9],[-22,8],[-22,7],[-23,5],[-22,5],[-23,3],[-23,2],[-22,1],[-23,-1],[-23,-1],[-23,-3],[-23,-4],[-23,-6],[-22,-7],[-23,-8],[-22,-9],[-21,-10],[-22,-11],[-21,-13],[-21,-15],[-20,-15],[-19,-17],[-19,-17],[-19,-19],[-47,-55],[-90,-116],[-35,-40],[-21,-22],[-21,-20],[-22,-20],[-22,-18],[-22,-18],[-24,-17],[-23,-15],[-24,-15],[-25,-13],[-24,-12],[-25,-11],[-26,-11],[-26,-8],[-25,-8],[-101,-32],[-26,-11],[-25,-13],[-25,-14],[-25,-15],[-24,-16],[-24,-17],[-23,-18],[-20,-17],[-19,-19],[-18,-19],[-18,-20],[-17,-21],[-227,-287],[-118,-149],[-18,-21],[-19,-20],[-20,-19],[-21,-18],[-20,-17],[-22,-16],[-22,-15],[-171,-106],[-52,-27],[-49,-24],[-39,-16],[-19,-6],[-40,-10],[-25,-4],[-25,-2],[-26,-2],[-25,0],[-26,2],[-23,3],[-24,4],[-23,5],[-23,6],[-23,8],[-22,9],[-22,9],[-22,11],[-39,25],[-37,28],[-18,15],[-35,33],[-18,21],[-18,21],[-17,21],[-16,23],[-16,24],[-25,45],[-110,220],[-10,23],[-18,47],[-14,50],[-12,50],[-18,106],[-19,116],[-5,28],[-6,28],[-7,28],[-8,28],[-9,26],[-9,25],[-10,25],[-11,25],[-12,24],[-12,23],[-14,22],[-14,21],[-15,21],[-16,20],[-17,20],[-17,18],[-19,18],[-18,17],[-20,16],[-19,14],[-21,14],[-21,13],[-21,11],[-20,10],[-21,8],[-22,8],[-21,6],[-22,5],[-21,5],[-22,3],[-22,1],[-22,1],[-22,0],[-22,-2],[-22,-3],[-22,-3],[-23,-6],[-22,-6],[-23,-8],[-22,-9],[-21,-11],[-22,-11],[-21,-13],[-20,-14],[-20,-15],[-20,-17],[-20,-19],[-20,-19],[-18,-21],[-18,-21],[-18,-22],[-16,-23],[-163,-247],[-49,-75],[-59,-89],[-38,-59],[-19,-27],[-19,-26],[-19,-25],[-21,-25],[-21,-23],[-21,-23],[-23,-21],[-67,-61],[-96,-85],[-243,-212],[-25,-19],[-24,-18],[-26,-18],[-26,-16],[-26,-15],[-26,-14],[-152,-73],[-441,-202],[-39,-18],[-38,-16],[-39,-15],[-35,-12],[-26,-7],[-27,-6],[-27,-5],[-26,-3],[-27,-2],[-27,-1],[-27,1],[-27,2],[-27,3],[-26,5],[-27,5],[-26,7],[-26,9],[-26,9],[-26,11],[-25,12],[-25,14],[-24,14],[-32,21],[-35,26],[-35,27],[-158,128],[-213,175],[-22,21],[-22,22],[-21,22],[-21,24],[-20,24],[-19,26],[-18,26],[-18,26],[-17,28],[-17,28],[-90,166],[-86,148],[-17,26],[-18,25],[-18,24],[-19,23],[-19,22],[-21,22],[-21,20],[-21,19],[-22,19],[-23,17],[-23,16],[-23,15],[-24,14],[-25,13],[-24,12],[-25,10],[-26,9],[-25,8],[-26,7],[-26,6],[-26,4],[-27,3],[-26,2],[-26,1],[-27,-1],[-26,-2],[-26,-3],[-27,-4],[-141,-27],[-202,-40],[-233,-46],[-290,-59],[-270,-57],[-244,-48],[-30,-6],[-30,-6],[-30,-4],[-30,-3],[-30,-2],[-31,-1],[-30,1],[-29,2],[-28,3],[-28,5],[-28,6],[-28,7],[-28,9],[-28,10],[-27,10],[-27,13],[-26,13],[-26,14],[-26,16],[-25,17],[-25,18],[-24,19],[-24,20],[-128,115],[-202,181],[-141,129],[-275,249],[-42,40],[-28,28],[-34,37],[-26,31],[-39,46],[-36,45],[-48,66],[-45,66],[-19,31],[-19,31],[-21,39],[-90,177],[-112,221]],[[32921,58282],[-18,29],[-19,24],[-20,22],[-22,20],[-23,18],[-23,17],[-69,47],[-36,28],[-22,19],[-27,27],[-20,23],[-18,22],[-18,24],[-16,25],[-16,27],[-14,28],[-13,27],[-13,30],[-11,29],[-10,32],[-8,30],[-7,30],[-6,32],[-5,33],[-4,32],[-2,33],[-1,33],[1,31],[2,33],[3,33],[4,33],[5,34],[27,160],[10,67],[8,66],[3,33],[5,43],[4,58],[2,58],[1,52],[-1,35],[-4,61],[-3,46],[-7,51],[-9,56],[-13,66],[-13,54],[-11,51],[-33,126],[-17,64],[-9,32],[-10,31],[-11,31],[-25,60],[-24,44],[-24,39],[-17,25],[-19,25],[-20,22],[-20,22],[-21,21],[-23,19],[-22,17],[-24,17],[-46,32],[-23,17],[-22,17],[-22,18],[-20,20],[-20,21],[-19,23]],[[26519,104249],[-22,57],[-34,78],[-33,73],[-31,63],[-43,90],[-36,78],[-63,133],[-17,33],[-17,33],[-17,32],[-14,22],[-15,22],[-15,21],[-32,37],[-33,34],[-34,30],[-20,16],[-20,14],[-21,13],[-21,11],[-22,11],[-21,9],[-23,9],[-22,7],[-23,5],[-24,4],[-23,2],[-24,2],[-23,0],[-24,-1],[-23,-2],[-24,-3],[-23,-5],[-23,-5],[-21,-7],[-21,-7],[-21,-9],[-21,-9],[-39,-22],[-38,-26],[-19,-15],[-20,-18],[-19,-20],[-19,-20],[-19,-22],[-18,-22],[-62,-80],[-21,-26],[-41,-48],[-29,-29],[-20,-19],[-20,-18],[-21,-17],[-21,-16],[-46,-31],[-24,-15],[-43,-23],[-39,-18],[-44,-16],[-47,-14],[-79,-26],[-17,-6],[-23,-11],[-23,-12],[-23,-12],[-22,-14],[-22,-15],[-21,-16],[-21,-16],[-20,-18],[-20,-19],[-19,-19],[-35,-44],[-50,-70],[-25,-38]],[[46065,44192],[-20,37],[-14,32],[-28,69],[-11,24],[-23,47],[-33,56],[-16,26],[-17,26],[-17,25],[-19,23],[-19,23],[-19,22],[-21,22],[-20,19],[-21,19],[-21,18],[-22,17],[-22,17],[-43,28],[-43,25],[-26,13],[-27,13],[-27,11],[-28,10],[-27,8],[-28,8],[-28,6],[-29,5],[-28,3],[-28,3],[-29,1],[-26,0],[-26,-2],[-26,-2],[-259,-27],[-43,-5],[-109,-14],[-93,-10],[-47,-4],[-48,-2],[-25,0],[-24,2],[-24,3],[-24,4],[-24,4],[-24,6],[-24,7],[-24,8],[-30,11],[-140,55],[-41,19],[-52,28]],[[42759,45244],[39,-3],[33,-2],[123,-4],[34,-2],[35,-3],[351,-38],[43,-5],[37,-6],[36,-7],[36,-8],[36,-10],[52,-16],[56,-20],[262,-95],[54,-20],[54,-21],[138,-55]],[[44178,44929],[220,-88],[48,-17],[27,-8],[27,-7],[28,-6],[28,-5],[28,-3],[28,-2],[28,-1],[28,1],[25,1],[48,5],[469,49],[39,4],[38,3],[20,0],[28,-1],[27,-2],[28,-3],[28,-5],[27,-6],[28,-7],[27,-8],[27,-9],[27,-10],[26,-12],[26,-12],[26,-14],[25,-15],[25,-16],[23,-16],[22,-16],[22,-17],[21,-18],[21,-19],[21,-20],[19,-20],[18,-20],[18,-22],[18,-23],[18,-24],[18,-25],[16,-25],[15,-25],[14,-25],[14,-26],[17,-37],[11,-25],[21,-50],[36,-90]],[[46065,44192],[37,-94],[14,-33],[15,-33],[16,-32],[17,-32],[18,-31],[18,-30],[17,-25],[17,-24],[19,-24],[18,-23],[20,-22],[20,-21],[21,-21],[21,-19],[21,-19],[23,-17],[22,-17],[23,-15],[32,-19],[31,-18],[32,-17],[32,-16],[32,-14],[32,-14],[33,-12],[203,-71],[243,-86]],[[47112,43393],[27,-10],[54,-16],[36,-12],[281,-100],[202,-74],[120,-44],[463,-163],[27,-10],[28,-11],[39,-18],[29,-15],[23,-13],[27,-16],[27,-18],[35,-25],[59,-42],[26,-20],[56,-44],[37,-32],[41,-38],[44,-43],[25,-27],[33,-36],[34,-41],[22,-29],[25,-34],[42,-62],[48,-71],[24,-40],[47,-80],[31,-55],[45,-82],[33,-60],[24,-46],[65,-132],[327,-664]],[[49618,41170],[39,-77],[135,-274],[157,-318],[39,-80],[119,-240],[22,-44],[19,-37],[46,-84],[24,-47],[105,-214],[32,-64],[11,-26],[27,-61],[22,-56],[19,-51],[67,-192],[194,-558],[16,-46],[164,-470],[38,-111],[446,-1283],[127,-366],[224,-643],[5,-15],[95,-272],[46,-134],[347,-997],[47,-135],[16,-44],[18,-45],[11,-28],[23,-53],[24,-51],[25,-52],[20,-37],[21,-38],[33,-56],[33,-55],[199,-322],[59,-96],[321,-521]],[[53053,32877],[355,-574],[1023,-1658],[139,-226],[45,-72],[36,-53],[20,-27],[20,-25],[21,-25],[44,-48],[21,-20],[36,-31],[36,-27],[35,-24],[27,-17],[28,-16],[34,-17],[76,-37],[376,-179],[21,-10],[39,-24],[50,-33],[16,-9],[316,-150],[45,-15],[14,-6],[91,-44],[26,-10],[50,-19],[48,-21],[120,-57],[328,-156],[148,-67],[66,-31],[139,-67],[213,-101],[114,-53],[143,-69],[302,-143],[195,-93],[85,-40],[52,-25],[46,-23],[28,-15],[39,-23],[65,-47],[27,-20],[43,-36],[43,-40],[34,-36],[16,-17],[34,-40],[17,-21],[21,-27],[19,-27],[19,-27],[17,-27],[17,-28],[17,-29],[15,-29],[23,-44],[21,-45],[20,-45],[86,-194],[15,-34],[54,-122],[68,-154],[30,-70],[519,-1176],[15,-35],[31,-69],[73,-167],[70,-157],[141,-321],[21,-47],[86,-196],[18,-40],[96,-217],[65,-147],[79,-179],[222,-503],[25,-57],[23,-52],[268,-608],[140,-318],[206,-464],[10,-27],[47,-130],[15,-35],[38,-86],[49,-111],[23,-47],[23,-43],[163,-278],[20,-31],[31,-43],[35,-45],[29,-34],[37,-36],[39,-36],[33,-25],[37,-27],[42,-26],[108,-59],[56,-31],[29,-14],[46,-22],[31,-13],[28,-15],[144,-78],[73,-41],[133,-73],[75,-40],[59,-29],[30,-13],[38,-16],[23,-8],[32,-11],[161,-54],[107,-35],[268,-87],[161,-53],[108,-34],[108,-36],[110,-35],[109,-35],[110,-37],[70,-22],[95,-32],[35,-11],[70,-22],[70,-22],[37,-13],[36,-11],[78,-26],[52,-16],[52,-17],[35,-11],[107,-35],[18,-5],[70,-24],[36,-11],[72,-24],[55,-16],[57,-12],[19,-3],[36,-5],[51,-5],[57,-1],[57,1],[19,1],[36,5],[53,7],[52,11],[60,16],[30,8],[33,13],[102,39],[100,38],[50,21],[55,21],[146,59],[67,25],[726,285],[227,89],[48,17],[48,15],[25,8],[49,12],[43,8],[48,7],[48,5],[29,1],[51,1],[27,-1],[51,-4],[56,-7],[52,-10],[28,-6],[51,-14],[21,-7],[44,-16],[19,-7],[41,-18],[19,-8],[46,-24],[37,-20],[41,-23],[89,-51],[163,-94],[111,-65],[717,-412],[30,-17],[31,-17],[30,-19],[29,-19],[29,-21],[29,-22],[28,-23],[27,-24],[27,-24],[419,-380],[65,-59],[26,-23],[75,-68],[32,-29],[306,-275],[29,-26],[164,-148],[112,-101],[103,-93],[24,-22],[48,-49],[26,-28],[21,-24],[25,-30],[20,-25],[51,-69],[75,-102],[35,-49],[17,-24],[113,-156],[50,-69],[89,-123],[65,-91],[25,-37],[27,-43],[32,-56],[29,-59],[27,-61],[19,-51],[13,-39],[12,-39],[11,-39],[11,-40],[9,-40],[9,-41],[7,-41],[7,-41],[9,-100],[20,-203],[20,-194],[11,-98],[5,-39],[9,-62],[12,-65],[14,-60],[8,-31],[17,-59],[36,-124],[13,-48],[12,-44],[12,-52],[10,-51],[9,-52],[8,-59],[14,-106],[6,-46],[7,-49],[7,-38],[10,-51],[6,-26],[11,-46],[14,-49],[17,-58],[9,-27],[33,-96],[165,-477],[20,-57],[16,-43],[13,-35],[17,-40],[19,-42],[25,-55],[93,-191],[95,-198],[24,-49],[24,-45],[11,-19],[21,-33],[12,-17],[24,-31],[30,-35],[30,-30],[17,-15],[29,-23],[19,-14],[32,-20],[33,-18],[37,-16],[33,-12],[16,-5],[33,-7],[16,-3],[29,-4],[33,-2],[29,1],[33,2],[32,3],[112,12],[32,3],[27,1],[43,0],[28,-2],[27,-4],[33,-6],[40,-11],[36,-12],[38,-16],[33,-17],[33,-20],[35,-24],[31,-24],[16,-15],[29,-27],[27,-28],[14,-16],[24,-31],[35,-48],[30,-43],[116,-168],[35,-50],[20,-31],[30,-47],[28,-50],[18,-36],[13,-28],[12,-30],[11,-29],[15,-42],[22,-64],[32,-95],[14,-41],[12,-33],[23,-55],[18,-39],[20,-38],[19,-33],[24,-37],[13,-20],[28,-38],[28,-34],[28,-30],[29,-29],[33,-30],[35,-27],[34,-24],[39,-24],[37,-19],[46,-20],[49,-18],[60,-20],[403,-124],[103,-32],[64,-21],[278,-91],[127,-42],[44,-15],[27,-9],[31,-13],[31,-13],[29,-14],[38,-22],[34,-22],[26,-19],[39,-32],[20,-18],[24,-23],[23,-24],[21,-24],[20,-23],[24,-31],[22,-28],[26,-36],[30,-41],[136,-195],[369,-525],[122,-172],[177,-251],[308,-439],[33,-47],[29,-38],[19,-23],[27,-32],[17,-19],[32,-34],[31,-30],[28,-26],[36,-31],[77,-64],[122,-104],[259,-218],[41,-35],[20,-18],[35,-33],[22,-22],[31,-35],[20,-25],[19,-27],[17,-26],[13,-23],[17,-31],[26,-50],[11,-26],[11,-26],[9,-26],[9,-27],[8,-28],[7,-28],[6,-28],[5,-29],[4,-28],[3,-29],[1,-207],[1,-47],[2,-46],[2,-46],[15,-232],[1,-37],[-1,-37],[-1,-36],[-3,-37],[-3,-36],[-4,-36],[-6,-36],[-6,-36],[-6,-35],[-8,-35],[-26,-157],[-3,-31],[-2,-31],[-1,-31],[-1,-31],[1,-31],[2,-31],[3,-31],[3,-31],[5,-30],[5,-31],[6,-30],[8,-29],[78,-304],[5,-26],[9,-54],[3,-27],[3,-54],[11,-182],[2,-33],[3,-32],[4,-32],[4,-33],[6,-31],[6,-32],[7,-31],[16,-64],[8,-32],[10,-32],[11,-31],[11,-31],[13,-30],[13,-29],[14,-29],[15,-29],[16,-27],[16,-27],[17,-26],[20,-29],[21,-27],[22,-27],[22,-25],[23,-25],[24,-24],[24,-23],[25,-21],[25,-21],[26,-19],[26,-19],[27,-17],[28,-16],[27,-15],[29,-14],[157,-79],[44,-22],[35,-16],[176,-71],[252,-105],[25,-13],[26,-14],[24,-15],[25,-17],[24,-17],[19,-15],[39,-33],[18,-18],[34,-34],[25,-28],[17,-21],[17,-23],[17,-24],[16,-24],[25,-39]],[[42759,45268],[73,-8],[530,-57],[44,-5],[31,-5],[32,-6],[31,-7],[32,-8],[31,-9],[27,-8],[42,-14],[301,-110],[54,-20],[54,-21],[327,-130],[63,-24],[43,-14],[28,-7],[27,-6],[28,-4],[27,-3],[28,-2],[28,-1],[44,1],[67,6],[459,49],[38,4],[39,2],[20,1],[28,-1],[28,-3],[28,-3],[28,-4],[27,-6],[28,-7],[27,-8],[28,-10],[26,-10],[27,-12],[26,-12],[26,-14],[26,-15],[25,-16],[22,-16],[23,-16],[22,-18],[21,-18],[21,-19],[21,-20],[19,-20],[19,-20],[18,-22],[18,-23],[18,-25],[18,-25],[16,-25],[16,-25],[14,-26],[13,-26],[12,-24],[22,-51],[21,-50],[68,-171],[14,-33],[15,-33],[16,-32],[16,-31],[18,-31],[18,-29],[17,-25],[17,-25],[18,-23],[19,-23],[19,-22],[20,-21],[20,-20],[21,-20],[22,-18],[22,-17],[22,-17],[24,-15],[31,-19],[31,-18],[31,-17],[32,-15],[32,-15],[33,-13],[33,-13],[202,-71],[242,-85]],[[47112,43400],[29,-10],[77,-25],[33,-11],[60,-22],[203,-71],[123,-44],[353,-124],[149,-52],[77,-27],[53,-20],[29,-12],[41,-17],[53,-24],[28,-15],[23,-13],[27,-17],[28,-18],[46,-33],[36,-25],[56,-42],[55,-46],[39,-35],[43,-40],[48,-50],[34,-36],[19,-23],[26,-33],[36,-49],[68,-100],[22,-33],[24,-40],[17,-29],[46,-79],[52,-93],[35,-65],[24,-45],[95,-192],[305,-619]],[[49624,41171],[330,-667],[80,-163],[79,-158],[21,-42],[60,-113],[27,-52],[24,-49],[113,-232],[28,-61],[13,-31],[24,-61],[26,-70],[28,-81],[98,-282],[203,-585],[150,-430],[51,-149],[340,-977],[45,-128],[29,-84],[35,-102],[265,-762],[27,-76],[42,-122],[82,-235],[64,-185],[36,-102],[270,-776],[23,-66],[35,-97],[17,-44],[11,-28],[22,-52],[24,-52],[26,-51],[20,-37],[21,-38],[33,-55],[158,-258],[162,-264],[16,-26],[275,-446]],[[53057,32882],[233,-377],[122,-198],[555,-899],[74,-121],[206,-333],[137,-222],[59,-96],[161,-261],[20,-30],[20,-30],[23,-33],[29,-37],[17,-19],[46,-51],[20,-20],[37,-31],[36,-28],[35,-23],[27,-17],[27,-15],[35,-18],[30,-16],[130,-58],[163,-78],[70,-34],[139,-66],[332,-158],[548,-263],[202,-96],[279,-130],[62,-29],[227,-107],[371,-177],[203,-96],[220,-105],[71,-33],[53,-27],[32,-17],[25,-14],[28,-16],[64,-46],[25,-19],[25,-20],[44,-40],[38,-36],[18,-19],[40,-45],[38,-48],[29,-40],[18,-27],[18,-27],[17,-28],[17,-29],[16,-29],[22,-44],[22,-45],[20,-46],[188,-426],[68,-154],[344,-780],[173,-393],[15,-32],[96,-220],[53,-118],[39,-89],[79,-180],[81,-184],[56,-126],[24,-55],[180,-408],[139,-315],[20,-42],[19,-45],[116,-262],[13,-32],[167,-378],[84,-192],[88,-198],[104,-234],[114,-260],[40,-91],[54,-121],[66,-151],[53,-121],[36,-77],[23,-46],[23,-44],[23,-41],[43,-72],[112,-190],[9,-16],[28,-44],[33,-44],[13,-16],[25,-28],[21,-21],[26,-25],[23,-20],[23,-19],[27,-20],[22,-16],[48,-32],[48,-28],[109,-60],[193,-106]],[[62013,21343],[286,-158],[16,-9],[59,-31],[59,-29],[30,-12],[32,-14],[2247,-734],[35,-8],[34,-7],[35,-6],[35,-5],[35,-4],[35,-2],[35,-1],[35,0],[35,1],[35,2],[35,4],[34,5],[35,6],[35,7],[34,9],[34,9],[29,10],[29,11],[29,11],[66,25],[93,37],[127,48],[81,33],[111,43],[424,166],[204,80],[276,108],[49,19],[48,18],[47,15],[26,7],[50,13],[42,8],[56,8],[22,2],[50,3],[49,0],[48,-2],[48,-4],[45,-6],[43,-8],[31,-7],[47,-14],[42,-13],[34,-12],[45,-19],[34,-16],[40,-20],[53,-29],[96,-55],[49,-29],[244,-141],[716,-412],[31,-17],[31,-17],[30,-19],[29,-19],[29,-21],[29,-22],[28,-23],[27,-24],[27,-25],[484,-439],[26,-23],[387,-348],[170,-154],[67,-59],[177,-161],[44,-40],[23,-22],[26,-27],[26,-28],[21,-24],[25,-30],[42,-55],[52,-71],[28,-39],[39,-52],[20,-29],[75,-102],[71,-100],[35,-50],[89,-123],[66,-91],[24,-37],[27,-43],[32,-56],[30,-59],[26,-61],[19,-51],[13,-39],[12,-39],[12,-39],[10,-40],[9,-40],[9,-41],[7,-41],[7,-41],[10,-106],[6,-55],[21,-219],[9,-83],[11,-106],[11,-84],[9,-60],[12,-57],[17,-71],[16,-59],[38,-134],[21,-75],[12,-48],[11,-48],[5,-28],[9,-52],[7,-50],[13,-105],[7,-52],[7,-45],[11,-62],[9,-44],[11,-47],[12,-45],[15,-50],[18,-56],[32,-93],[174,-503],[13,-36],[24,-65],[14,-33],[20,-47],[29,-62],[174,-359],[38,-78],[22,-43],[20,-32],[21,-33],[22,-30],[29,-33],[29,-30],[31,-28],[18,-14],[31,-22],[21,-13],[35,-19],[19,-9],[41,-16],[23,-8],[32,-7],[36,-6],[31,-2],[28,-1],[47,3],[39,4],[74,8],[58,5],[26,2],[31,0],[27,-1],[28,-3],[29,-4],[38,-8],[35,-11],[20,-6],[35,-15],[38,-18],[19,-11],[35,-22],[18,-13],[30,-24],[33,-29],[27,-26],[31,-36],[27,-33],[33,-46],[39,-56],[143,-207],[31,-47],[16,-26],[22,-40],[16,-30],[21,-46],[13,-30],[11,-30],[13,-35],[52,-154],[14,-42],[16,-44],[14,-34],[15,-35],[19,-39],[12,-22],[18,-32],[26,-41],[14,-20],[28,-37],[26,-31],[16,-18],[24,-25],[34,-32],[31,-26],[17,-13],[33,-23],[37,-24],[41,-21],[20,-9],[45,-18],[25,-9],[40,-13],[69,-22],[202,-62],[210,-64],[47,-15],[250,-83],[228,-74],[65,-23],[34,-14],[33,-14],[30,-16],[39,-22],[41,-28],[27,-20],[27,-23],[19,-17],[23,-22],[20,-21],[24,-27],[24,-29],[21,-26],[26,-34],[52,-72],[100,-144],[118,-166],[495,-705],[399,-567],[30,-42],[24,-32],[31,-38],[31,-37],[29,-31],[37,-36],[30,-28],[35,-31],[33,-28],[117,-98],[285,-241],[70,-59],[39,-36],[28,-27],[17,-18],[23,-26],[19,-25],[27,-37],[17,-27],[26,-47],[23,-47],[11,-25],[10,-26],[10,-27],[8,-27],[8,-27],[7,-28],[6,-28],[5,-29],[4,-28],[3,-29],[1,-207],[1,-47],[2,-46],[2,-46],[15,-232],[1,-37],[-1,-37],[-1,-36],[-3,-36],[-3,-37],[-4,-36],[-6,-36],[-6,-36],[-6,-35],[-8,-35],[-26,-157],[-3,-31],[-2,-31],[-1,-31],[-1,-31],[1,-31],[2,-31],[3,-31],[3,-31],[5,-30],[5,-30],[7,-31],[7,-29],[78,-304],[5,-26],[9,-54],[3,-27],[3,-54],[12,-182],[1,-33],[3,-32],[4,-32],[4,-32],[6,-32],[6,-32],[7,-31],[16,-64],[8,-32],[10,-32],[11,-31],[11,-31],[13,-30],[13,-29],[14,-29],[15,-29],[16,-27],[16,-27],[17,-26],[20,-28],[21,-28],[22,-26],[22,-26],[23,-25],[23,-23],[25,-23],[24,-21],[26,-21],[25,-19],[27,-19],[27,-17],[27,-16],[28,-15],[28,-13],[173,-89],[34,-16],[29,-12],[175,-72],[253,-104],[25,-13],[26,-15],[24,-15],[25,-16],[24,-17],[19,-16],[39,-33],[18,-17],[25,-25],[35,-40],[18,-22],[18,-23],[17,-23],[16,-25],[28,-46]],[[64167,51502],[31,139],[154,823],[85,296],[69,182],[120,246],[519,955],[105,174],[120,160],[131,139],[76,68],[122,92],[210,157],[162,183],[105,178],[71,176],[65,290],[237,1550],[-6,260],[-33,195],[-76,258],[-633,2054],[-34,136],[-18,109],[-12,140],[-1,142],[17,203],[298,2767]],[[42757,45275],[-395,42],[-94,9],[-910,97]],[[41358,45423],[-86,10],[-26,3],[-28,5],[-28,6],[-28,8],[-27,8],[-28,9],[-27,11],[-27,11],[-26,13],[-26,14],[-26,14],[-36,23],[-196,128],[-318,209],[-39,24],[-30,17],[-30,16],[-30,15],[-31,14],[-31,12],[-32,12],[-32,10],[-32,9],[-32,7],[-32,7],[-33,5],[-33,3],[-32,3],[-33,1],[-44,0],[-29,0],[-412,-10],[-73,0],[-89,-1],[-166,-4],[-64,-1],[-31,1],[-32,2],[-28,2],[-28,4],[-28,4],[-27,6],[-28,6],[-29,8],[-28,8],[-28,10],[-28,10],[-28,12],[-27,12],[-47,24],[-38,22],[-610,361],[-39,23],[-150,86],[-44,26],[-249,148],[-58,34],[-97,60],[-34,21],[-230,136],[-48,28],[-47,30],[-23,15],[-31,22],[-30,22],[-29,24],[-27,23],[-27,24],[-26,25],[-25,25],[-25,27],[-24,27],[-24,29],[-23,29],[-25,33],[-24,34],[-24,35],[-24,36],[-22,36],[-22,37],[-21,37],[-21,38],[-20,39],[-19,40],[-18,40],[-17,41],[-14,36],[-14,37],[-13,37],[-12,38],[-11,38],[-11,38],[-16,64],[-139,584],[-16,68],[-9,44],[-5,31],[-9,53],[-4,33],[-3,34],[-2,35],[-1,60],[0,54],[2,53],[9,315],[2,96],[-1,32],[-1,33],[-2,32],[-6,59],[-9,53],[-12,55],[-8,28],[-8,28],[-9,27],[-23,65],[-23,59],[-27,65],[-26,59],[-31,69],[-35,71],[-34,64],[-22,38],[-23,42],[-24,40],[-19,30],[-40,63],[-150,234],[-63,96],[-58,82],[-34,44],[-25,32],[-31,38],[-42,50],[-29,31],[-33,34],[-51,55],[-47,50],[-23,26],[-40,49],[-33,46],[-32,48],[-14,24],[-34,57],[-25,45],[-18,32],[-43,76]],[[34960,51765],[-11,19],[-40,66],[-23,32],[-37,47],[-18,22],[-20,21],[-37,36],[-52,45],[-94,81],[-26,23],[-27,25],[-27,27],[-27,27],[-25,28],[-26,30],[-24,29],[-44,58],[-75,99],[-72,97],[-55,70],[-24,28],[-31,35],[-71,72]],[[42759,45268],[-301,32],[-96,10],[-95,10],[-962,102],[-66,8],[-28,5],[-28,6],[-28,8],[-27,8],[-28,9],[-27,11],[-26,11],[-27,13],[-26,14],[-44,25],[-35,23],[-471,309],[-26,17],[-39,24],[-30,17],[-30,16],[-30,15],[-31,14],[-31,12],[-31,11],[-32,10],[-32,9],[-32,8],[-32,6],[-32,5],[-32,4],[-33,2],[-33,1],[-43,0],[-29,0],[-706,-17],[-63,-1],[-64,1],[-31,2],[-32,3],[-31,4],[-31,5],[-30,6],[-31,8],[-31,9],[-30,10],[-30,11],[-30,12],[-29,13],[-49,25],[-38,21],[-38,23],[-1503,890],[-28,17],[-43,26],[-31,21],[-30,22],[-30,23],[-30,24],[-29,26],[-28,26],[-27,28],[-27,28],[-27,29],[-26,31],[-24,31],[-27,34],[-25,35],[-25,36],[-24,37],[-23,37],[-23,38],[-21,38],[-21,38],[-19,39],[-19,39],[-17,41],[-17,40],[-16,42],[-15,42],[-14,42],[-14,43],[-12,43],[-19,76],[-12,51],[-127,534],[-12,52],[-11,51],[-11,59],[-5,34],[-4,35],[-3,34],[-2,34],[-2,61],[1,54],[1,53],[10,316],[1,53],[1,53],[-3,58],[-2,31],[-3,31],[-5,31],[-5,31],[-6,30],[-7,30],[-8,30],[-8,30],[-10,28],[-20,55],[-20,54],[-22,54],[-22,53],[-23,53],[-24,52],[-23,46],[-23,46],[-33,61],[-26,46],[-23,39],[-46,74],[-165,256],[-65,98],[-47,68],[-33,45],[-17,22],[-32,41],[-37,44],[-35,41],[-18,20],[-42,43],[-59,63],[-49,53],[-25,29],[-22,28],[-23,32]],[[46129,43974],[-58,106],[-21,77],[-14,40],[-12,24],[-19,36],[-94,175],[-15,24],[-15,23],[-17,22],[-17,21],[-18,21],[-19,19],[-40,36],[-20,16],[-21,15],[-22,14],[-22,13],[-23,12],[-23,10],[-23,10],[-23,8],[-24,6],[-24,6],[-24,4],[-24,3],[-25,1],[-24,1],[-24,-1],[-53,-5],[-91,-13],[-236,-34],[-60,-7],[-27,-2],[-27,0],[-27,1],[-27,2],[-26,3],[-27,4],[-26,6],[-27,7],[-26,9],[-54,20],[-131,51],[-174,69],[-243,95],[-391,153],[-33,13],[-34,11],[-34,9],[-34,9],[-35,7],[-34,6],[-58,8],[-39,4],[-239,26],[-152,15],[-25,5],[-91,17],[-46,11],[-33,6],[-33,6],[-88,11],[-386,41],[-45,6],[-68,12],[-42,6],[-50,5],[-40,5],[-255,27],[-161,17],[-30,3],[-217,23],[-47,4],[-38,-1],[-89,-5],[-33,-1],[-43,2],[-43,5],[-24,4],[-39,8],[-44,13],[-26,10],[-46,19],[-39,20],[-27,15],[-27,17],[-47,33],[-215,161],[-38,27],[-37,23],[-25,14],[-25,13],[-26,12],[-26,10],[-27,10],[-26,8],[-27,8],[-27,6],[-27,5],[-27,3],[-28,3],[-781,52],[-195,13],[-239,17],[-28,2],[-29,4],[-29,6],[-28,6],[-28,8],[-28,9],[-28,10],[-27,12],[-27,13],[-26,14],[-27,15],[-352,215],[-132,81],[-182,111],[-155,95],[-138,85],[-150,92],[-124,76],[-17,9],[-33,17],[-29,10],[-30,6],[-15,2],[-27,0],[-25,-3],[-30,-8],[-15,-5],[-30,-14],[-19,-12],[-19,-13],[-18,-14],[-18,-15],[-195,-170],[-302,-261],[-14,-11],[-31,-21],[-32,-15],[-33,-11],[-35,-6],[-32,0],[-17,1],[-55,8],[-213,37],[-25,6],[-25,6],[-25,9],[-24,9],[-25,10],[-30,18],[-30,18],[-66,46],[-107,69],[-24,15],[-31,16],[-16,7],[-20,7],[-21,6],[-39,8],[-20,2],[-39,1],[-20,-1],[-82,-3],[-56,0],[-91,0],[-34,0],[-38,-1],[-160,-8],[-55,-3],[-99,-7],[-59,-4],[-158,-10],[-43,-3],[-31,-3],[-30,-4],[-46,-8],[-22,-6],[-145,-37],[-100,-26],[-28,-7],[-27,-5],[-33,-3],[-37,-1],[-36,1],[-194,11],[-22,1],[-30,0],[-31,-3],[-16,-2],[-32,-7],[-17,-6],[-32,-13],[-29,-16],[-26,-16],[-29,-24],[-17,-15],[-17,-17],[-33,-35],[-133,-145],[-96,-104],[-23,-25],[-132,-142],[-43,-43],[-264,-287],[-45,-50],[-124,-137],[-133,-144],[-56,-61],[-201,-218],[-229,-249],[-121,-130],[-15,-16],[-39,-37],[-33,-27],[-33,-23],[-22,-15],[-24,-14],[-24,-12],[-39,-18],[-41,-15],[-41,-11],[-25,-6],[-25,-4],[-33,-3],[-52,-2],[-176,-1],[-79,0],[-34,1],[-29,2],[-27,3],[-27,5],[-42,9],[-48,14],[-46,18],[-24,10],[-27,13],[-28,15],[-35,21],[-84,49],[-51,30],[-82,49],[-137,80],[-61,37],[-37,19],[-32,12],[-17,4],[-34,7],[-30,2],[-26,0],[-29,-4],[-16,-3],[-33,-9],[-34,-13],[-48,-25],[-98,-52],[-28,-16],[-18,-12],[-21,-16],[-13,-11],[-25,-25],[-19,-23],[-21,-27],[-85,-109],[-231,-299],[-49,-63],[-18,-23],[-19,-22],[-28,-27],[-14,-13],[-27,-20],[-25,-16],[-35,-17],[-32,-11],[-32,-8],[-32,-3],[-16,-1],[-32,2],[-36,6],[-34,10],[-25,10],[-23,10],[-58,29],[-151,74],[-192,95],[-84,41],[-43,23],[-36,21],[-18,12],[-32,23],[-32,26],[-33,31],[-22,23],[-45,46],[-166,175],[-36,38],[-104,104],[-30,30],[-148,153],[-72,74],[-134,132],[-33,31],[-41,37],[-33,27],[-27,21],[-28,21],[-93,68],[-25,18],[-53,35],[-27,16],[-35,21],[-36,20],[-37,19],[-37,18],[-37,17],[-39,16],[-206,85],[-57,23],[-409,169],[-59,23],[-23,8],[-23,7],[-16,4],[-34,4],[-33,1],[-33,-3],[-29,-6],[-32,-11],[-28,-13],[-31,-18],[-15,-11],[-27,-22],[-25,-24],[-11,-14],[-24,-31],[-23,-33],[-87,-144],[-16,-25],[-22,-33],[-24,-29],[-11,-13],[-24,-22],[-16,-14],[-17,-13],[-17,-11],[-18,-10],[-32,-15],[-32,-10],[-16,-4],[-33,-5],[-39,-1],[-22,1],[-34,4],[-66,9],[-76,10],[-100,15],[-93,12],[-190,26],[-89,10],[-120,13],[-139,16],[-27,3],[-33,6],[-24,5],[-26,7],[-26,8],[-25,8],[-25,10],[-25,11],[-25,13],[-22,12],[-41,25],[-23,16],[-49,36],[-160,123],[-73,56],[-46,32],[-22,14],[-42,24],[-43,21],[-24,10],[-47,16],[-47,12],[-24,5],[-25,4],[-25,2],[-28,2],[-42,1],[-48,-4],[-25,-3],[-25,-4],[-47,-11],[-49,-15],[-231,-76],[-82,-27],[-49,-15],[-24,-7],[-24,-5],[-24,-5],[-37,-4],[-18,0],[-28,0],[-27,1],[-55,5],[-489,47],[-49,5],[-27,1],[-38,1],[-68,0],[-173,0],[-102,1],[-30,1],[-40,6],[-19,5],[-19,6],[-19,8],[-19,9],[-18,9],[-41,25],[-51,33],[-29,18],[-34,20],[-32,14],[-29,10],[-33,8],[-39,6],[-20,1],[-135,4],[-41,3],[-32,5],[-16,4],[-29,9],[-27,12],[-14,6],[-32,20],[-31,23],[-30,23],[-41,34],[-54,42],[-35,23],[-18,11],[-19,9],[-19,8],[-36,12],[-36,8],[-98,14],[-132,19],[-107,15],[-51,10],[-25,7],[-25,7],[-24,9],[-23,9],[-23,10],[-44,25],[-23,13],[-21,15],[-36,28],[-34,30],[-70,68],[-32,31],[-171,164],[-71,69],[-37,33],[-20,17],[-64,49],[-25,19],[-32,21],[-29,16],[-31,15],[-85,35],[-48,19],[-44,13],[-89,23],[-50,11],[-43,9],[-50,8],[-44,5],[-198,21],[-68,6],[-47,3],[-43,1],[-21,-1],[-39,-4],[-179,-21],[-79,-9],[-410,-49],[-83,-9],[-80,-6],[-148,-10],[-47,-3],[-27,-4],[-36,-5],[-41,-11],[-42,-13],[-42,-17],[-53,-24],[-56,-26],[-55,-25],[-118,-48],[-36,-11],[-18,-5],[-33,-5],[-33,-1],[-31,4],[-30,7],[-30,11],[-28,14],[-44,29],[-22,15],[-77,53],[-93,65],[-45,31],[-47,34],[-290,211],[-137,100],[-97,70],[-48,36],[-34,27],[-27,24],[-20,20],[-20,20],[-31,37],[-15,20],[-17,25],[-17,26],[-26,44],[-21,43],[-18,40],[-12,30],[-11,30],[-61,177],[-15,41],[-8,19],[-17,37],[-9,16],[-20,30],[-21,29],[-26,27],[-13,12],[-28,22],[-16,10],[-31,16],[-16,7],[-31,10],[-32,6],[-16,2],[-34,0],[-35,-4],[-25,-6],[-33,-12],[-32,-17],[-30,-20],[-23,-18],[-31,-32],[-21,-24],[-20,-25],[-84,-110],[-18,-24],[-32,-40],[-13,-16],[-28,-29],[-14,-13],[-30,-25],[-16,-11],[-30,-19],[-28,-14],[-39,-14],[-19,-6],[-42,-10],[-55,-12],[-279,-59],[-71,-14],[-58,-10],[-38,-6],[-79,-11],[-22,-2],[-32,-1],[-16,0],[-34,3],[-30,5],[-34,8],[-37,13],[-38,16],[-24,12],[-165,86],[-170,89],[-120,62],[-288,150],[-32,17],[-24,11],[-31,12],[-16,5],[-28,7],[-28,3],[-35,0],[-35,-5],[-17,-5],[-33,-11],[-32,-16],[-31,-20],[-28,-24],[-26,-26],[-25,-32],[-22,-35],[-19,-37],[-8,-19],[-14,-40],[-5,-21],[-9,-43],[-7,-38],[-4,-33],[-26,-197],[-39,-295],[-8,-63],[-3,-36],[-14,-135],[-7,-67],[-18,-135],[-4,-29],[-8,-51],[-9,-42],[-6,-22],[-12,-41],[-14,-41],[-17,-41],[-19,-40],[-14,-26],[-27,-45],[-33,-49],[-92,-134],[-34,-50],[-33,-51],[-16,-27],[-15,-27],[-14,-28],[-14,-29],[-13,-30],[-12,-29],[-11,-29],[-11,-32],[-10,-33],[-16,-59],[-59,-222],[-24,-88],[-15,-51],[-14,-40],[-9,-20],[-17,-35],[-10,-17],[-18,-28],[-22,-28],[-27,-28],[-29,-27],[-31,-24],[-32,-21],[-32,-19],[-34,-17],[-34,-13],[-35,-9],[-32,-3],[-29,0],[-28,3],[-19,4],[-38,11],[-76,26],[-22,6],[-36,10],[-29,4],[-33,1],[-32,-3],[-32,-7],[-32,-12],[-33,-15],[-23,-14],[-47,-29],[-46,-32],[-44,-34],[-20,-16],[-47,-37],[-220,-172],[-37,-28],[-17,-11],[-33,-21],[-20,-11],[-42,-18],[-42,-14],[-21,-6],[-45,-10],[-174,-37],[-48,-12],[-27,-8],[-27,-10],[-21,-9],[-41,-19],[-23,-12],[-22,-14],[-22,-14],[-22,-15],[-32,-23],[-54,-42],[-30,-22],[-17,-12],[-37,-22],[-34,-17],[-37,-15],[-19,-6],[-23,-6],[-24,-5],[-33,-5],[-33,-2],[-35,1],[-34,3],[-35,6],[-36,10],[-35,13],[-21,9],[-38,20],[-30,19],[-34,23],[-95,67],[-36,23],[-33,18],[-17,8],[-39,15],[-21,7],[-21,5],[-39,8],[-48,4],[-141,9],[-152,10],[-41,3],[-26,1],[-50,-1],[-44,-3],[-20,-3],[-35,-6],[-33,-8],[-35,-15],[-24,-15],[-26,-19],[-13,-12],[-24,-24],[-11,-13],[-20,-27],[-20,-32],[-18,-36],[-24,-72],[-106,-307],[-8,-23],[-68,-200],[-22,-60],[-12,-30],[-17,-39],[-20,-36],[-11,-18],[-23,-34],[-13,-16],[-25,-30],[-28,-27],[-14,-13],[-30,-24],[-19,-12],[-33,-19],[-29,-15],[-20,-8],[-38,-12],[-35,-6],[-21,-3],[-20,-1],[-20,1],[-36,3],[-33,8],[-53,16],[-363,122],[-31,10],[-33,8],[-36,6],[-38,2],[-34,-2],[-34,-6],[-17,-4],[-34,-12],[-16,-8],[-31,-19],[-30,-23],[-26,-24],[-12,-13],[-20,-26],[-18,-28],[-11,-18],[-18,-38],[-15,-40],[-10,-40],[-8,-38],[-4,-39],[-1,-26],[1,-52],[1,-27],[12,-149],[21,-263],[11,-137],[8,-107],[2,-29],[1,-29],[0,-29],[-2,-29],[-2,-28],[-3,-29],[-10,-59],[-19,-125],[-9,-46],[-12,-44],[-7,-22],[-18,-43],[-21,-41],[-59,-95],[-27,-44],[-205,-328],[-159,-251],[-23,-29],[-13,-14],[-27,-23],[-29,-20],[-30,-16],[-32,-10],[-32,-7],[-17,-1],[-35,1],[-17,3],[-34,9],[-32,14],[-32,18],[-29,22],[-14,13],[-351,308],[-17,12],[-35,24],[-18,10],[-36,19],[-100,37],[-52,19],[-116,41],[-87,31],[-79,28],[-195,70],[-16,7],[-86,31],[-122,43],[-36,11],[-19,5],[-48,10],[-31,4],[-40,3],[-31,1],[-32,1],[-294,-3],[-26,1],[-33,4],[-29,6],[-26,8],[-28,11],[-25,13],[-35,23],[-23,19],[-23,21],[-17,18],[-19,23],[-138,171],[-17,20],[-34,34],[-22,18],[-14,11],[-20,13],[-24,13],[-35,15],[-17,6],[-29,8],[-23,4],[-52,10],[-205,34],[-123,21],[-38,9],[-25,8],[-28,12],[-22,13],[-31,22],[-22,18],[-23,22],[-146,139],[-25,24],[-20,23],[-20,27],[-12,16],[-18,31],[-17,34],[-7,16],[-14,39],[-6,17],[-9,39],[-7,42],[-3,20],[-3,40],[0,21],[1,37],[1,20],[5,34],[4,25],[7,30],[13,57],[44,182],[8,36],[5,28],[3,30],[2,27],[0,22],[-2,45],[-6,45],[-5,26],[-7,32],[-14,52],[-7,22],[-13,34],[-8,16],[-18,34],[-20,30],[-12,16],[-27,30],[-30,26],[-31,22],[-33,18],[-34,13],[-25,7],[-34,5],[-102,15],[-25,5],[-24,6],[-38,13],[-80,33],[-37,13],[-25,7],[-43,7],[-94,12],[-53,8],[-16,2],[-32,10],[-30,14],[-29,18],[-14,11],[-26,24],[-24,28],[-21,32],[-18,34],[-7,18],[-78,197],[-8,18],[-18,36],[-11,17],[-23,31],[-26,28],[-28,24],[-30,20],[-16,8],[-451,212],[-17,7],[-35,11],[-17,3],[-36,3],[-36,-2],[-35,-7],[-35,-13],[-33,-17],[-31,-22],[-15,-13],[-28,-28],[-25,-32],[-22,-36],[-19,-38],[-26,-63],[-8,-18],[-17,-32],[-20,-31],[-23,-28],[-17,-14],[-35,-27],[-37,-23],[-113,-54],[-46,-21],[-86,-33]],[[46121,43966],[-59,107],[-9,39],[-9,34],[-7,20],[-9,23],[-28,65],[-26,49],[-59,111],[-23,37],[-22,32],[-21,26],[-18,22],[-24,24],[-42,38],[-31,24],[-27,19],[-22,13],[-32,16],[-28,13],[-32,11],[-29,8],[-26,6],[-34,5],[-18,2],[-41,0],[-18,0],[-25,-3],[-44,-5],[-169,-23],[-93,-14],[-66,-9],[-42,-5],[-33,-2],[-29,-1],[-54,4],[-26,3],[-39,8],[-76,22],[-13,4],[-433,170],[-148,58],[-167,65],[-165,65],[-36,15],[-46,17],[-30,9],[-46,14],[-42,10],[-42,9],[-39,6],[-83,9],[-174,19],[-171,17],[-128,14],[-47,2],[-48,0],[-40,0],[-73,3],[-333,35],[-45,6],[-37,9],[-21,5],[-27,10],[-73,28],[-37,10],[-36,8],[-38,4],[-139,15],[-270,29],[-38,4],[-188,20],[-59,6],[-18,0],[-37,0],[-90,-5],[-33,-1],[-43,2],[-43,5],[-26,4],[-38,9],[-44,12],[-27,10],[-26,11],[-40,18],[-20,11],[-36,21],[-29,19],[-35,25],[-214,161],[-24,17],[-24,16],[-25,16],[-25,14],[-25,13],[-26,12],[-26,10],[-27,10],[-26,9],[-27,7],[-27,6],[-27,5],[-28,4],[-27,2],[-782,53],[-194,13],[-233,15],[-51,6],[-47,8],[-39,10],[-26,8],[-26,9],[-25,10],[-25,11],[-25,12],[-25,13],[-24,14],[-352,215],[-132,81],[-182,111],[-155,95],[-138,85],[-151,92],[-124,76],[-32,18],[-17,7],[-28,10],[-15,4],[-29,4],[-27,0],[-24,-3],[-34,-9],[-17,-6],[-26,-13],[-18,-12],[-35,-26],[-17,-14],[-195,-169],[-302,-261],[-28,-22],[-30,-17],[-31,-14],[-33,-9],[-16,-2],[-33,-3],[-33,3],[-53,8],[-207,35],[-17,4],[-36,8],[-35,12],[-36,16],[-35,20],[-17,11],[-66,44],[-88,58],[-30,19],[-24,14],[-30,16],[-30,11],[-28,8],[-23,5],[-23,3],[-24,2],[-23,0],[-24,0],[-43,-5],[-94,-5],[-54,-3],[-210,-11],[-56,-2],[-34,0],[-154,-1],[-47,-2],[-47,-2],[-137,-9],[-59,-6],[-23,-4],[-41,-8],[-36,-9],[-185,-48],[-27,-7],[-27,-6],[-28,-6],[-17,-2],[-33,-2],[-21,0],[-36,2],[-156,8],[-60,3],[-30,0],[-30,-3],[-16,-2],[-31,-7],[-17,-6],[-32,-13],[-29,-15],[-24,-16],[-29,-23],[-18,-16],[-17,-16],[-31,-34],[-163,-176],[-68,-74],[-21,-25],[-129,-147],[-46,-50],[-55,-60],[-53,-56],[-145,-158],[-53,-59],[-196,-214],[-28,-30],[-33,-33],[-59,-60],[-45,-45],[-87,-93],[-39,-42],[-201,-219],[-63,-68],[-117,-126],[-24,-25],[-32,-30],[-33,-27],[-32,-24],[-23,-15],[-24,-13],[-24,-13],[-40,-18],[-41,-15],[-41,-11],[-25,-5],[-24,-4],[-35,-4],[-52,-2],[-133,-1],[-89,0],[-33,0],[-34,1],[-54,5],[-29,3],[-45,9],[-47,11],[-51,15],[-27,9],[-28,11],[-28,12],[-58,27],[-80,42]],[[30915,44447],[-51,26]],[[30864,44473],[-50,26],[-224,114],[-34,17],[-36,13],[-33,9],[-31,4],[-18,1],[-36,-2],[-33,-6],[-31,-9],[-16,-6],[-33,-16],[-97,-51],[-25,-14],[-16,-11],[-17,-13],[-26,-22],[-18,-19],[-22,-26],[-22,-29],[-79,-103],[-266,-343],[-18,-24],[-29,-34],[-27,-27],[-31,-27],[-33,-22],[-18,-9],[-18,-9],[-35,-13],[-32,-7],[-34,-5],[-32,0],[-30,3],[-29,6],[-29,8],[-20,8],[-27,12],[-82,40],[-259,127],[-127,63],[-50,24],[-46,25],[-21,13],[-39,26],[-32,25],[-34,29],[-40,41],[-122,127],[-89,93],[-145,153],[-59,57],[-80,75],[-48,46],[-33,32],[-149,148],[-86,85],[-29,27],[-52,46],[-33,27],[-34,26],[-51,37],[-52,34],[-26,16],[-37,22],[-38,21],[-35,18],[-35,17],[-36,16],[-40,17],[-138,56],[-118,49],[-114,47],[-83,34],[-106,44],[-26,10],[-86,36],[-59,23],[-43,14],[-30,6],[-29,3],[-35,-1],[-32,-5],[-24,-6],[-23,-8],[-27,-12],[-15,-8],[-29,-20],[-26,-21],[-13,-12],[-23,-26],[-15,-20],[-15,-20],[-14,-22],[-28,-46],[-60,-98],[-16,-26],[-22,-34],[-14,-18],[-14,-17],[-15,-16],[-26,-24],[-28,-22],[-29,-18],[-15,-8],[-30,-14],[-32,-10],[-33,-6],[-33,-3],[-43,1],[-63,7],[-70,9],[-41,6],[-37,3],[-99,7],[-50,6],[-240,31],[-51,7],[-54,9],[-183,31],[-49,8],[-55,11],[-26,7],[-26,8],[-26,9],[-25,10],[-26,12],[-26,12],[-21,12],[-41,25],[-25,17],[-48,36],[-204,151],[-53,39],[-23,16],[-22,14],[-24,14],[-40,21],[-37,16],[-25,9],[-25,9],[-27,7],[-26,6],[-46,8],[-31,3],[-25,1],[-25,0],[-38,-1],[-26,-3],[-26,-4],[-24,-4],[-25,-6],[-52,-15],[-79,-26],[-266,-87],[-49,-15],[-40,-10],[-32,-4],[-23,-2],[-43,-1],[-52,4],[-111,10],[-50,4],[-89,6],[-45,3],[-68,7],[-76,7],[-192,19],[-35,3],[-52,3],[-79,0],[-71,0],[-103,0],[-37,2],[-35,6],[-20,5],[-19,6],[-19,8],[-19,9],[-22,12],[-33,20],[-60,39],[-28,18],[-34,19],[-32,14],[-28,10],[-15,4],[-37,6],[-18,2],[-56,3],[-99,3],[-42,3],[-37,6],[-18,5],[-34,11],[-30,15],[-34,20],[-32,24],[-30,23],[-78,63],[-16,12],[-33,22],[-18,10],[-18,9],[-19,8],[-19,7],[-34,8],[-18,4],[-91,12],[-183,21],[-62,8],[-28,5],[-27,5],[-27,7],[-26,8],[-26,9],[-30,11],[-30,14],[-20,9],[-38,22],[-41,26],[-42,31],[-24,20],[-28,25],[-64,62],[-19,17],[-165,161],[-113,104],[-23,18],[-25,18],[-24,16],[-26,16],[-25,14],[-40,21],[-38,16],[-35,14],[-105,35],[-79,26],[-28,8],[-35,8],[-57,11],[-41,6],[-121,18],[-35,5],[-63,8],[-76,8],[-77,9],[-46,3],[-47,1],[-49,-1],[-43,-3],[-57,-7],[-93,-11],[-410,-48],[-40,-4],[-44,-3],[-228,-10],[-46,-3],[-28,-3],[-35,-6],[-21,-5],[-41,-12],[-20,-7],[-42,-17],[-29,-13],[-80,-37],[-56,-24],[-52,-22],[-66,-26],[-18,-6],[-36,-11],[-33,-5],[-17,-1],[-33,1],[-31,6],[-15,4],[-30,11],[-29,15],[-41,26],[-56,39],[-181,126],[-51,36],[-395,288],[-9,6],[-122,89],[-44,33],[-43,34],[-20,18],[-21,20],[-20,21],[-29,35],[-29,39],[-23,34],[-16,27],[-15,27],[-15,32],[-13,27],[-11,28],[-11,29],[-20,55],[-40,118],[-19,55],[-14,33],[-18,37],[-20,34],[-17,23],[-23,26],[-30,28],[-24,18],[-28,17],[-15,7],[-30,13],[-16,4],[-32,7],[-33,2],[-17,-1],[-33,-4],[-26,-6],[-33,-12],[-31,-16],[-29,-20],[-26,-21],[-27,-28],[-14,-17],[-25,-33],[-41,-59],[-73,-107],[-25,-34],[-14,-17],[-28,-31],[-29,-27],[-28,-22],[-34,-22],[-17,-9],[-38,-17],[-19,-6],[-50,-13],[-124,-26],[-199,-42],[-24,-5],[-41,-7],[-49,-6],[-48,-3],[-97,-3],[-48,0],[-24,0],[-35,3],[-30,5],[-26,6],[-27,8],[-40,15],[-19,9],[-86,44],[-124,65],[-251,131],[-46,25],[-44,25],[-75,44],[-48,27],[-113,59],[-33,16],[-32,12],[-34,9],[-35,5],[-35,-1],[-18,-2],[-33,-7],[-16,-5],[-32,-15],[-31,-18],[-14,-10],[-27,-23],[-25,-27],[-24,-32],[-21,-35],[-19,-38],[-7,-20],[-12,-36],[-5,-19],[-8,-42],[-11,-71],[-55,-421],[-44,-335],[-11,-87],[-16,-112],[-8,-51],[-9,-44],[-5,-21],[-12,-42],[-7,-20],[-15,-41],[-9,-21],[-20,-41],[-14,-27],[-28,-45],[-33,-49],[-109,-159],[-34,-50],[-16,-25],[-15,-27],[-14,-27],[-14,-28],[-13,-29],[-12,-29],[-11,-30],[-10,-30],[-10,-32],[-9,-32],[-96,-358],[-9,-32],[-10,-32],[-16,-40],[-18,-38],[-20,-34],[-20,-28],[-23,-28],[-13,-14],[-29,-27],[-31,-27],[-31,-22],[-32,-20],[-17,-10],[-34,-16],[-35,-14],[-17,-5],[-34,-6],[-33,-2],[-28,2],[-34,6],[-39,11],[-75,26],[-42,13],[-29,5],[-14,2],[-29,1],[-29,-2],[-36,-8],[-34,-12],[-33,-16],[-33,-22],[-55,-42],[-63,-50],[-42,-33],[-201,-157],[-41,-32],[-21,-16],[-22,-15],[-22,-14],[-18,-10],[-36,-18],[-41,-16],[-42,-12],[-104,-23],[-137,-29],[-48,-12],[-27,-8],[-27,-10],[-40,-17],[-42,-22],[-23,-14],[-23,-14],[-22,-15],[-32,-24],[-53,-41],[-30,-22],[-36,-24],[-19,-11],[-34,-17],[-37,-14],[-35,-11],[-34,-8],[-24,-3],[-24,-2],[-35,-1],[-35,2],[-34,5],[-36,8],[-18,5],[-35,13],[-22,9],[-21,11],[-31,18],[-16,10],[-35,24],[-69,49],[-32,22],[-15,9],[-30,16],[-35,16],[-38,13],[-21,6],[-21,5],[-38,5],[-77,6],[-379,25],[-37,0],[-28,-2],[-21,-3],[-41,-9],[-13,-5],[-26,-12],[-25,-15],[-25,-19],[-12,-11],[-24,-24],[-20,-26],[-20,-28],[-17,-31],[-10,-20],[-24,-72],[-40,-115],[-84,-245],[-69,-200],[-11,-31],[-11,-29],[-18,-39],[-21,-37],[-11,-18],[-23,-34],[-12,-16],[-27,-30],[-27,-28],[-34,-29],[-30,-21],[-31,-18],[-32,-16],[-21,-8],[-20,-7],[-36,-9],[-35,-6],[-17,-2],[-32,0],[-16,0],[-33,4],[-17,3],[-37,9],[-51,16],[-151,50],[-159,54],[-75,25],[-25,7],[-18,4],[-36,4],[-33,-1],[-33,-5],[-34,-10],[-33,-14],[-30,-19],[-29,-21],[-26,-25],[-22,-26],[-19,-27],[-19,-31],[-9,-19],[-16,-38],[-13,-40],[-8,-38],[-4,-19],[-4,-38],[-1,-52],[2,-52],[12,-149],[11,-138],[34,-435],[3,-62],[-1,-27],[-4,-52],[-9,-79],[-7,-46],[-15,-79],[-5,-23],[-11,-37],[-6,-19],[-16,-36],[-18,-34],[-40,-65],[-76,-123],[-55,-88],[-100,-160],[-117,-187],[-12,-19],[-38,-59],[-30,-41],[-26,-28],[-28,-25],[-29,-21],[-16,-9],[-32,-15],[-33,-10],[-17,-3],[-37,-2],[-37,5],[-18,4],[-36,11],[-34,17],[-33,22],[-30,25],[-67,58],[-33,31],[-34,34],[-25,23],[-159,138],[-50,42],[-35,26],[-36,23],[-37,19],[-82,30],[-139,48],[-56,17],[-32,8],[-35,10],[-50,17],[-244,86],[-59,24],[-96,42],[-34,14],[-24,8],[-25,7],[-25,6],[-26,6],[-25,4],[-25,3],[-26,1],[-26,1],[-44,0],[-104,1],[-178,-1],[-29,0],[-33,4],[-18,3],[-27,7],[-24,9],[-17,7],[-25,13],[-15,9],[-25,18],[-21,16],[-25,25],[-16,17],[-44,53],[-96,120],[-36,42],[-20,21],[-17,16],[-28,21],[-18,12],[-23,13],[-36,16],[-37,12],[-34,6],[-50,9],[-36,6],[-276,46],[-36,7],[-17,5],[-26,8],[-27,12],[-22,12],[-22,15],[-20,15],[-40,37],[-126,120],[-34,33],[-21,23],[-17,20],[-24,33],[-18,31],[-9,17],[-15,33],[-14,39],[-6,18],[-9,38],[-7,34],[-3,27],[-3,40],[-1,39],[2,33],[5,43],[6,32],[6,30],[56,233],[8,38],[5,27],[3,30],[2,29],[1,24],[-3,41],[-6,45],[-12,57],[-12,46],[-7,24],[-15,38],[-8,17],[-22,38],[-12,18],[-25,31],[-28,28],[-31,24],[-16,11],[-33,18],[-17,7],[-35,12],[-22,4],[-119,17],[-25,5],[-25,6],[-38,13],[-57,24],[-35,14],[-25,9],[-36,8],[-50,7],[-95,13],[-34,3],[-32,7],[-32,12],[-16,8],[-30,19],[-28,23],[-13,13],[-24,29],[-11,15],[-20,34],[-16,37],[-78,196],[-7,18],[-19,35],[-10,17],[-22,31],[-26,27],[-27,23],[-30,19],[-15,8],[-451,213],[-34,12],[-17,5],[-35,5],[-35,1],[-35,-5],[-17,-4],[-34,-13],[-32,-17],[-31,-21],[-14,-12],[-28,-28],[-12,-15],[-23,-34],[-21,-36],[-8,-19],[-27,-63],[-7,-18],[-18,-33],[-21,-32],[-23,-28],[-17,-15],[-36,-27],[-37,-24],[-43,-22],[-45,-25],[-12,-6],[-39,-25],[-54,-30],[-25,-11]],[[64177,51497],[31,141],[154,823],[85,294],[69,181],[118,245],[519,954],[105,173],[119,159],[131,139],[74,67],[122,91],[211,158],[164,185],[106,180],[72,178],[65,292],[238,1551],[-6,263],[-34,197],[-76,259],[-633,2055],[-34,134],[-18,108],[-11,139],[-1,141],[16,201],[299,2767]],[[62013,21343],[-48,30],[-22,15],[-51,31],[-171,94],[-57,34],[-20,13],[-48,34],[-45,34],[-38,34],[-26,27],[-20,23],[-20,26],[-29,41],[-22,35],[-42,71],[-49,84],[-118,201],[-23,40],[-19,36],[-24,48],[-18,39],[-110,249],[-106,242],[-60,135],[-34,77],[-47,105],[-191,433],[-7,15],[-59,136],[-21,46],[-50,114],[-66,150],[-23,53],[-303,686],[-78,178],[-93,209],[-24,55],[-75,169],[-23,54],[-86,194],[-7,15],[-70,160],[-144,327],[-14,30],[-86,196],[-35,77],[-29,64],[-23,50],[-81,185],[-51,115],[-48,110],[-34,80],[-19,43],[-133,302],[-95,215],[-139,318],[-32,69],[-34,67],[-16,29],[-16,28],[-17,29],[-18,27],[-18,27],[-20,28],[-21,27],[-36,44],[-41,45],[-34,35],[-45,41],[-39,32],[-20,15],[-68,49],[-28,16],[-39,22],[-47,23],[-277,132],[-256,122],[-357,170],[-207,97],[-111,53],[-251,117],[-538,256],[-68,32],[-76,36],[-35,18],[-49,27],[-34,17],[-267,127],[-50,23],[-128,57],[-52,24],[-219,103],[-80,39],[-52,27],[-27,15],[-27,16],[-25,17],[-25,18],[-39,32],[-38,36],[-31,33],[-26,31],[-21,26],[-21,28],[-23,34],[-30,45],[-38,61],[-123,200],[-65,105],[-78,127],[-258,418],[-75,121],[-418,679],[-87,140],[-183,296],[-52,92],[-41,76],[-20,33],[-29,47],[-74,120]],[[53069,32896],[-75,121],[-26,42],[-44,70],[-20,29],[-27,40],[-22,31],[-37,56],[-84,137],[-267,432],[-16,27],[-32,55],[-21,38],[-20,37],[-25,51],[-24,51],[-23,53],[-28,71],[-17,45],[-27,74],[-30,85],[-166,476],[-23,69],[-31,92],[-17,49],[-74,215],[-37,105],[-7,20],[-122,353],[-27,76],[-86,248],[-84,241],[-131,376],[-28,82],[-79,227],[-212,609],[-72,207],[-26,75],[-137,396],[-118,338],[-81,231],[-66,185],[-127,365],[-25,70],[-23,61],[-12,31],[-14,32],[-29,61],[-81,164],[-44,89],[-47,96],[-72,130],[-20,38],[-30,61],[-426,863]],[[49630,41172],[-78,159],[-8,18],[-105,240],[-11,26],[-76,154]]],"transform":{"scale":[0.000007429637888474075,0.000005427101577213615],"translate":[-46.983579096597246,-23.771222431702604]},"objects":{"contexto_trilhos_s":{"type":"GeometryCollection","geometries":[{"type":"MultiLineString","arcs":[[0],[1],[2],[3],[4],[5],[6],[7]],"properties":{"modo":"metro","linha":"AZUL","empresa":"METRO"}},{"type":"MultiLineString","arcs":[[8],[9],[10],[11],[12],[13],[14],[15]],"properties":{"modo":"metro","linha":"VERDE","empresa":"METRO"}},{"type":"MultiLineString","arcs":[[16],[17],[18],[19],[20],[21]],"properties":{"modo":"metro","linha":"VERMELHA","empresa":"METRO"}},{"type":"MultiLineString","arcs":[[22],[23],[24],[25],[26]],"properties":{"modo":"metro","linha":"AMARELA","empresa":"VIAQUATRO"}},{"type":"MultiLineString","arcs":[[27],[28],[29],[30],[31]],"properties":{"modo":"metro","linha":"LILAS","empresa":"VIAMOBILIDADE"}},{"type":"MultiLineString","arcs":[[32],[33]],"properties":{"modo":"metro","linha":"PRATA","empresa":"METRO"}},{"type":"MultiLineString","arcs":[[34],[35],[36],[37],[38]],"properties":{"modo":"trem","linha":"ESMERALDA","empresa":"VIAMOBILIDADE"}},{"type":"MultiLineString","arcs":[[39],[40],[41],[42]],"properties":{"modo":"trem","linha":"ESMERALDA","empresa":"VIAMOBILIDADE"}},{"type":"LineString","arcs":[43],"properties":{"modo":"trem","linha":"ESMERALDA","empresa":"VIAMOBILIDADE"}},{"type":"MultiLineString","arcs":[[44],[45],[46],[47,48]],"properties":{"modo":"trem","linha":"CORAL","empresa":"CPTM"}},{"type":"MultiLineString","arcs":[[49],[50],[51],[52],[53]],"properties":{"modo":"trem","linha":"CORAL","empresa":"CPTM"}},{"type":"LineString","arcs":[54],"properties":{"modo":"trem","linha":"SAFIRA","empresa":"CPTM"}},{"type":"MultiLineString","arcs":[[55],[56],[46],[47]],"properties":{"modo":"trem","linha":"SAFIRA","empresa":"CPTM"}},{"type":"LineString","arcs":[57],"properties":{"modo":"trem","linha":"SAFIRA","empresa":"CPTM"}},{"type":"MultiLineString","arcs":[[58],[59],[60]],"properties":{"modo":"trem","linha":"SAFIRA","empresa":"CPTM"}},{"type":"LineString","arcs":[61],"properties":{"modo":"trem","linha":"RUBI","empresa":"CPTM"}},{"type":"MultiLineString","arcs":[[62],[63],[64],[65],[66],[67],[68]],"properties":{"modo":"trem","linha":"RUBI","empresa":"CPTM"}},{"type":"LineString","arcs":[69],"properties":{"modo":"trem","linha":"RUBI","empresa":"CPTM"}},{"type":"LineString","arcs":[70],"properties":{"modo":"trem","linha":"RUBI","empresa":"CPTM"}},{"type":"LineString","arcs":[71],"properties":{"modo":"trem","linha":"RUBI","empresa":"CPTM"}},{"type":"LineString","arcs":[72],"properties":{"modo":"trem","linha":"RUBI","empresa":"CPTM"}},{"type":"LineString","arcs":[73],"properties":{"modo":"trem","linha":"RUBI","empresa":"CPTM"}},{"type":"LineString","arcs":[74],"properties":{"modo":"trem","linha":"TURQUESA","empresa":"CPTM"}},{"type":"MultiLineString","arcs":[[75],[76],[77],[78],[79],[80]],"properties":{"modo":"trem","linha":"TURQUESA","empresa":"CPTM"}},{"type":"MultiLineString","arcs":[[81],[82],[83],[84],[85]],"properties":{"modo":"trem","linha":"TURQUESA","empresa":"CPTM"}},{"type":"LineString","arcs":[86],"properties":{"modo":"trem","linha":"JADE","empresa":"CPTM"}},{"type":"MultiLineString","arcs":[[87],[88],[89]],"properties":{"modo":"trem","linha":"RUBI","empresa":"CPTM"}},{"type":"LineString","arcs":[90],"properties":{"modo":"trem","linha":"RUBI","empresa":"CPTM"}},{"type":"LineString","arcs":[91],"properties":{"modo":"trem","linha":"DIAMANTE","empresa":"VIAMOBILIDADE"}},{"type":"MultiLineString","arcs":[[92],[93],[94]],"properties":{"modo":"trem","linha":"DIAMANTE","empresa":"VIAMOBILIDADE"}},{"type":"LineString","arcs":[95],"properties":{"modo":"trem","linha":"JADE","empresa":"CPTM"}},{"type":"MultiLineString","arcs":[[96],[97],[98],[-53],[-52],[49]],"properties":{"modo":"trem","linha":"TURQUESA","empresa":"CPTM"}}]}}}