{"type":"Topology","arcs":[[[41591,33205],[-47,18],[-41,34],[-38,53],[-75,79],[-38,49],[-37,25],[-53,66],[-54,25],[-26,29],[-36,76],[-4,38],[18,101],[-13,29],[6,59],[-17,56],[26,27],[-37,63],[-51,60],[-2,38],[-59,94],[-37,11],[-19,83],[-16,148],[-16,68],[-38,45],[-111,167],[-26,18],[-3,47],[22,102],[-46,40],[-44,56],[-26,90],[25,104],[8,61],[-12,34],[19,36],[46,28],[200,82],[155,42],[-10,112],[-28,78],[-54,61],[-1,99],[-19,27],[-36,11],[-16,26],[-45,20],[19,41],[42,22],[34,35],[26,50],[1,59],[-43,25],[7,42],[54,111],[2,35],[-18,55],[18,120],[-24,47],[-7,43],[-31,39],[-52,120],[-6,55],[18,87],[41,14],[30,30],[0,31],[31,48],[58,21],[69,44],[58,8],[76,54],[72,72],[9,36],[-16,27],[21,35],[70,-22],[86,32],[63,78],[49,38],[-3,68],[-15,27],[41,50],[49,37],[44,66],[55,17],[70,-2],[47,21],[-3,87],[36,17],[60,9],[53,62],[64,22],[35,45],[34,69],[67,42],[-28,32],[15,36],[64,27],[-36,44],[-1,33],[76,5],[41,24],[6,25],[-21,38],[37,63],[4,61],[62,72],[5,67],[76,23],[86,-4]],[[42662,38635],[70,-3],[35,34],[-29,28],[22,89],[16,20],[43,6],[47,24],[21,55],[40,-22],[44,10],[36,-31],[15,40],[33,27],[48,11],[-11,59],[49,27],[32,-39],[44,50],[104,-43],[15,22],[-24,34],[11,22],[90,19],[23,28],[46,-29],[46,31],[-8,45],[65,20],[28,29],[50,9],[21,22],[58,11],[92,70],[21,-37],[-30,-12],[-1,-53],[53,-40],[79,47],[-7,22],[45,33],[67,3],[66,43],[35,-23],[24,45],[59,-14],[23,-29],[8,-54],[-19,-79],[22,0],[26,57],[69,6],[42,-47],[32,33],[39,-32],[-1,-66],[32,-88],[55,-57],[26,-47],[-63,-100],[30,-36],[41,-21],[-14,-52],[80,-22],[46,9],[41,-52],[89,-50],[70,-57],[27,-34],[-44,-32],[-91,-32],[-46,-28],[-8,-46],[9,-117],[42,-63],[6,-65],[41,-83],[-16,-47],[-5,-101],[-15,-54],[0,-58],[31,-59],[-57,-114],[-6,-34],[15,-110],[-12,-61],[-2,-71],[-48,-74],[8,-120],[-9,-51],[21,-56],[-24,-60],[-9,-170],[9,-24],[54,-62],[898,-927],[82,-8],[22,-11],[28,-68],[23,-30],[67,-55],[75,-104],[89,-92],[40,-33],[59,-27],[111,-90],[73,-71],[51,-25],[77,4],[21,-107],[47,-89],[12,-58],[28,-74],[123,76],[42,7],[62,-66],[71,26],[85,11],[34,-21]],[[47010,34882],[-86,-82],[-8,-35],[-45,-26],[-3,-72],[63,-104],[-23,-20],[21,-37],[-7,-61],[20,-25],[-37,-49],[-68,-15],[-16,-49],[-73,-26],[-31,6],[-90,-49],[-32,-2],[26,-78],[-42,-61],[-70,-3],[38,-78],[-95,-21],[-43,-37],[3,-84],[-18,-40],[-4,-56],[-56,-26],[-79,-4],[-63,-25],[-38,-53],[-43,-38],[-71,-8],[-22,-31],[-129,4]],[[45889,33597],[-36,-3],[-59,47],[-32,-24],[-46,-149],[19,-29],[-55,-15],[-29,-36],[-70,-27],[-40,56],[-53,-10],[-35,-47],[-62,16],[-189,-64],[-84,27],[-14,24],[-50,15],[-45,-26],[-71,44],[-21,44],[-46,17],[-53,41],[-18,49],[6,30],[-42,24],[-31,-28],[-78,-40],[-85,11],[-24,98],[-32,64],[-26,26],[-69,30],[-58,15],[-40,34],[-17,67],[-278,45],[-68,-13],[-60,44],[-17,164],[-7,34],[16,50],[-23,88],[-50,35],[-55,-21],[-43,-67],[-19,-65],[-62,-49],[-16,-89],[1,-67],[-29,-51],[-117,-21],[-119,-67],[1,42],[-69,-17],[-56,12],[-24,-12],[-17,65],[-62,19],[-6,-38],[-52,-29],[-110,18],[-98,25],[-43,-3],[-67,30],[-67,1],[-43,25],[-112,-12],[-46,-24],[-40,61],[-36,21],[-89,22],[-115,54],[-58,-2],[-40,29],[-56,7],[-55,-22],[-115,-27],[-98,-94],[-23,-108],[7,-61],[-23,-55],[-105,-107],[-23,-48],[17,-92],[-3,-61],[8,-108],[-31,-63],[-18,-71]],[[13642,29185],[2,19],[-99,-13],[-58,16],[-143,75],[-169,118],[-144,88],[-88,-8],[-19,16],[-59,136],[-21,7],[-93,-38],[-75,45],[-68,-16],[-66,-1],[-11,-34],[-76,37],[-54,8],[-62,57],[-70,19],[-46,0],[-73,96],[-72,71],[-70,44],[-76,28]],[[11932,29955],[-35,15],[-7,71],[55,119],[46,6],[-8,49],[109,62],[34,-17],[28,27],[134,55],[30,59],[46,39],[-37,89],[32,20],[4,72],[-11,38],[48,-5],[41,-35],[38,55],[5,66],[243,-73],[57,16],[120,-71],[21,-75],[32,-7],[37,65],[50,32],[104,-17],[55,-51],[97,-31],[62,38],[43,-7],[70,20],[78,-14],[47,-60],[81,18],[92,-33],[72,-13],[69,5],[102,34],[110,52],[35,-32],[53,-14],[122,-8],[27,-17],[20,-88],[91,-65],[69,-5],[122,11],[93,33],[102,-4],[91,-39],[116,-9],[73,25],[10,64],[15,14],[112,184],[-20,60],[85,31],[86,19],[138,-9],[79,5],[5,47],[-23,125],[31,91],[-4,158],[-12,35],[18,44],[99,29],[46,63],[84,19],[71,-4],[72,26],[43,53],[34,18],[31,-82],[1,-66],[-34,-145],[16,-109],[25,-46],[37,-42],[72,13],[136,60],[89,21],[58,45],[31,4],[88,-39],[7,-46],[75,-20],[58,-90],[107,-9],[22,-46],[40,-41],[206,-21],[46,-17],[27,7],[34,-22],[130,-1],[50,41],[70,29],[20,42],[51,46],[78,-46],[29,-52],[21,-3],[51,41],[69,3],[93,-53],[45,10],[46,-27],[48,41],[89,-19],[84,-90],[57,7],[41,53],[53,1],[6,36],[133,24],[39,25],[67,-30],[41,38],[102,36],[44,3],[51,-35],[34,9],[37,48],[69,-93],[53,-19],[87,-8],[19,-33],[54,-25],[14,-91],[15,-21],[43,13],[13,61],[54,11],[80,-57],[123,47],[63,131],[-11,79],[31,104],[-18,43],[20,104],[33,31],[26,54],[57,30],[77,23],[54,72],[34,83]],[[19950,31453],[57,-54]],[[20007,31399],[-15,-120],[12,-56],[41,-96],[-21,-43],[-63,-23],[-41,-44],[-15,-38],[-8,-74],[17,-66],[49,-29],[33,-63],[-34,-30],[2,-26],[-59,1],[-54,-35],[-48,-8],[-32,-21],[-61,-147],[8,-76],[-26,-29],[-41,-95],[-6,-31],[-51,-52],[-42,-19],[-32,-68],[-40,-25],[-76,-96],[-25,-92],[0,-48],[18,-61],[46,-28],[42,-106],[27,-17],[65,-99],[9,-61],[-16,-122],[-34,-28],[-46,-94],[-36,-27],[-118,-54],[-50,-46],[-102,-113],[-44,-89],[-15,-63],[8,-56]],[[19133,28786],[-32,15],[-32,-47],[-70,-31],[-65,9],[-43,38],[-23,78],[-33,49],[-42,18],[-110,27],[-78,30],[-125,118],[-74,53],[-5,77],[-132,81],[-74,19],[-95,1],[-35,-26],[-12,-41],[-41,-57],[-50,-47],[-34,-6],[-124,-86],[-120,-30],[-310,-13],[-54,-8],[-39,-43],[-7,-40],[-39,-17],[-40,-82],[-92,-46],[-64,-90],[-2,-37],[-64,68],[-66,-35],[22,-20],[7,-71],[-7,-50],[44,-34],[50,-13],[23,-50],[-7,-102],[-81,-48],[-31,-28],[10,-51],[30,-45],[36,-12],[2,-38],[-52,-71],[32,-47],[23,-91],[-50,-6],[-20,-92],[-20,-49],[38,-7],[-12,-72],[-37,-19],[32,-54],[10,-103],[14,-18],[54,15]],[[17017,27509],[-35,-25],[-138,-43],[-79,-45],[-55,-66],[-65,-17],[-76,-2],[-136,-97],[-77,5],[-70,46],[-8,38],[-31,14],[-43,-13],[-52,-33],[-114,-97],[-40,-67],[-126,-17],[-63,-29],[-55,6],[-87,45],[-74,88],[-46,30],[-14,37],[-1,81],[43,135],[-30,40],[10,53],[-30,71],[-77,99],[-64,27],[-29,31],[-2,42],[32,77],[-3,25],[61,126],[30,19],[-1,42],[20,80],[-10,38],[-69,118],[-29,99],[-5,47],[-57,66],[-39,15],[-46,-35],[-34,34],[-30,-11],[-79,29],[-88,92],[-42,92],[-30,50],[-26,8],[-83,-46],[-56,18],[-31,-6],[-71,-85],[-87,4],[-48,16],[-90,57],[-58,85],[1,98],[-41,116],[3,109],[-112,-1],[-65,-29],[-90,-58],[-59,6],[-63,54],[-17,-1],[-24,-65],[-60,-16],[-83,27],[-72,34],[-60,11]],[[54193,18314],[45,41],[34,54],[13,86],[-14,80],[12,40],[53,95],[88,130],[145,192],[32,192],[22,68],[27,16],[26,59],[56,79],[2,108],[70,86],[12,58],[51,85],[28,73],[-6,34],[55,94],[35,19],[-1,28],[37,29],[18,100],[48,29],[-25,70],[25,80],[28,13],[12,56],[-19,12],[2,68],[-14,43],[11,42],[-13,22],[45,68],[6,37],[-23,42],[3,69],[16,42],[-15,32],[19,75],[-20,43],[12,33],[-32,64],[-15,58],[-93,26],[-76,-40],[-84,-16],[-40,-30],[-54,15],[-28,26],[-44,-3],[-29,-29],[-130,-29],[-59,-52],[-63,-14],[-132,26],[-30,-34],[-47,17],[-13,41],[-76,32],[11,35],[64,61],[49,111],[42,8],[37,29],[57,24],[15,33],[-39,66],[33,37],[-22,137],[9,47],[-35,27],[1,46],[21,19],[10,51],[62,34],[53,16],[68,94],[35,36],[64,28],[23,54],[-6,79],[20,50],[34,20],[-5,43],[16,36],[-18,24],[23,52],[72,31],[-2,59],[25,60],[-25,65],[2,50],[-38,51],[10,31],[-52,53],[-1,74],[-46,33],[-58,128],[12,50],[-32,34],[-20,68],[-54,85],[39,81],[-40,47],[1,35],[30,9],[28,48],[-7,26],[65,32],[76,104],[2,48],[41,58],[28,67],[45,71],[-12,26],[6,82],[-25,81],[-5,49],[30,13],[6,41],[25,20],[-23,49],[3,66],[29,93],[-2,40],[-53,42],[-10,53],[12,50],[-18,28],[8,60],[-34,25],[1,49],[-45,78],[27,71],[-51,12],[-15,42],[32,89],[-16,48],[41,9],[20,40],[-30,47],[-3,67],[15,71],[-23,28],[19,25],[-17,32],[12,58],[-8,56],[86,81],[-1,45],[20,16],[17,104],[-17,79],[14,35],[-45,69],[-19,123],[8,53],[-26,13],[-4,56],[-40,60],[-43,30],[-54,69],[-36,75],[-13,61],[-46,43],[0,42],[-60,34],[-62,10],[-33,-9],[-43,49],[-25,-5],[-36,30],[-4,64],[-55,31],[-10,69],[-55,83],[-36,17],[-36,-11],[-17,31],[-73,-9],[-44,-17],[-66,25],[1,27],[-32,20],[-11,37],[-61,-11],[-50,53],[106,81],[-54,143],[73,50],[-19,136],[-29,-1],[-131,213],[54,254],[29,75],[49,51],[27,50],[10,53],[32,42],[79,48],[116,89],[34,38],[70,28],[42,62],[51,44],[18,49],[-18,142],[-130,130],[-27,46],[-26,76],[-44,54],[-23,54],[-102,107],[-41,65],[23,8],[132,-63],[48,-2],[31,45],[-20,50],[23,50],[-19,109],[22,24],[87,-6],[69,-27],[57,51],[43,-20],[6,-127],[27,-26],[72,22],[40,-9],[33,-39],[51,25],[48,47],[71,47],[43,18],[86,1],[54,-33],[52,-70],[8,-109],[16,-44],[34,-18],[111,-17],[115,1],[50,-7],[103,-55]],[[55360,29106],[-34,-79],[28,-57],[86,-45],[14,-37],[1,-90],[30,-50],[64,-32],[61,-18],[26,-42],[-19,-79],[-29,-24],[-62,-19],[-18,-64],[-28,-33],[-51,-27],[-7,-72],[19,-90],[-15,-62],[-28,-32],[9,-60],[39,-44],[54,-32],[56,-20],[76,-82],[39,-15],[80,-1],[91,-65],[71,-20],[57,-30],[66,-16],[54,4],[49,-11],[61,-49],[106,-29],[53,-34],[64,32],[78,7],[45,20],[21,58],[42,42],[74,16],[115,-2],[53,12],[58,-1],[90,12],[67,-9],[65,30],[35,84],[65,39],[29,41],[83,87],[41,58],[3,83],[-24,86],[2,38],[80,150],[46,5],[30,-12],[99,-2],[53,-41],[60,-14],[28,-23],[17,-62],[42,-31],[18,-66],[31,-11],[51,34],[46,-21],[45,-61],[81,3],[59,57],[45,22],[31,36],[34,7],[62,-35],[74,-11],[76,19],[38,73],[60,-33],[53,4],[105,29],[65,-2],[24,14],[10,86],[60,75],[75,38],[81,83],[82,54],[57,100],[39,27],[31,-4],[122,-96],[46,37],[68,18]],[[59489,28829],[79,-53],[39,-82],[30,-16],[140,-46],[54,-40],[16,-41],[-23,-129],[22,-38],[37,-27],[100,-30],[65,2],[-23,-35],[-12,-53],[25,-100],[-77,-41],[-56,-83],[-61,-44],[-78,-82],[-89,0],[99,-71],[174,-90],[70,-21],[67,-33],[112,10],[66,38],[42,37],[58,25],[97,20],[62,-3],[83,23],[47,-34],[41,-57],[-34,-75],[-2,-40],[26,-12],[72,7],[70,-44],[4,-44],[-33,-37],[-102,-32],[-37,-51],[-8,-48],[36,-90],[78,-112],[40,-48],[35,-64],[-8,-1226],[-1,-215],[76,-21],[66,21],[113,11],[163,5],[151,-8],[185,-21],[112,2],[124,-31],[225,-94],[77,-48],[79,-62],[73,-42],[93,-110],[110,-166],[58,-135],[56,-237],[19,-177],[-3,-95],[-26,-139],[-40,-152],[-69,-116],[-114,-114],[-115,-87],[-95,-82],[-34,-21],[-327,-290],[-66,-84],[-68,-72],[-60,-43],[-84,-102],[-82,-44],[-55,-68],[-65,-49],[-69,-37],[-85,-71],[-61,20],[-15,-29],[27,-29],[151,-34],[77,-9],[133,38],[91,1],[97,10],[34,-20],[-9,-35],[27,-41],[91,44],[51,42],[44,-7],[39,27],[70,29],[53,45],[42,-2],[62,-75],[15,-61],[60,-13],[13,-21],[54,8],[24,19],[87,117],[38,3],[8,-44],[-40,-86],[1,-26],[111,-69],[104,-23],[-12,-54],[10,-29],[-19,-34],[-95,-36],[-92,-51],[22,-53],[47,-18],[-45,-36],[-79,-3],[-84,26],[-42,-55],[-31,-119],[15,-34],[41,-24],[96,-23],[-15,-49],[10,-36],[36,-13],[-6,-45],[53,-14],[10,-41],[-18,-26],[-42,-17],[-37,6],[-91,48],[-122,11],[-40,-62],[3,-28],[48,-46],[72,-12],[23,-19],[-6,-72],[-88,-104],[-6,-39],[27,-12],[109,9],[47,-48],[-1,-46],[18,-19],[99,44],[67,-21],[45,4],[20,90],[41,34],[70,35],[71,-7],[63,8],[35,74],[101,-18],[11,-24],[-47,-53],[1,-37],[49,-11],[37,16],[17,-40],[-33,-35],[-6,-34],[12,-57],[8,-100],[-15,-50],[15,-20],[55,7],[49,-28],[31,-33],[56,-8],[12,-56],[21,-23]],[[63234,21044],[5,-58],[-59,-34],[-13,-28],[1,-60],[24,-61],[-3,-86],[-46,-74],[-5,-148],[-35,-52],[-76,-38],[-45,-35],[-86,-36],[-54,-32],[-13,-22],[11,-65],[45,-62],[12,-65],[47,-55],[95,-45],[26,-49],[-9,-35],[-76,-46],[-69,7],[-40,-12],[-34,-29],[-84,-199],[-54,-56],[-43,-26],[-64,-14],[-19,-18],[-42,-80],[-37,-42],[-177,-125],[-60,-37],[-79,31],[-32,-39],[-49,-8],[-55,13],[-34,61],[-41,5],[-68,-44],[-37,-8],[-51,9],[-64,-12],[-68,-30],[-125,-35],[-43,31],[19,57],[-6,35],[-66,18],[-115,-53],[-57,-6],[-33,9],[-13,43],[23,51],[9,81],[15,27],[89,63],[-14,49],[-22,24],[-58,2],[-78,-41],[-92,7],[-147,-58],[-155,-52],[-104,7],[-84,-11],[-54,31],[-33,86],[-52,16],[-125,24],[-78,-1],[-38,-20],[-54,-68],[-151,-52],[-83,-47],[-60,-10],[-51,-28],[-107,-88],[-74,-94],[-76,-51],[-22,-69],[-44,-80],[-47,-15],[-46,22],[-26,33],[-49,12],[-68,-3],[-95,-35],[-100,-58],[-61,-46],[-105,-51],[-90,-19],[-106,-7],[-42,-21],[-67,-77],[-146,-82],[-82,-67],[-46,-63],[-29,-20],[-166,-46],[-51,2],[-65,20],[-142,-9],[-38,-18],[-22,-95],[-76,-67],[-137,-66],[-136,-38],[-63,-7],[-111,-1],[-81,15],[-133,35],[-82,-2],[-83,16],[-86,34],[-150,52],[-210,97],[-119,17],[-54,-21],[-65,-111],[-30,-25],[-88,-40],[-98,-64],[-86,-75],[-46,-67],[29,-44],[0,-77],[-46,-58],[-32,-72],[-33,-37],[-132,-44],[-65,-27],[-67,-41],[-89,2],[-88,-65],[-32,-15],[-89,-8],[-87,-25],[-176,-30],[-75,-3],[-180,38],[-283,-33],[-41,-21],[-38,-57],[-63,-28],[-190,-29],[-42,23],[-21,104],[-37,33],[-117,57],[-20,26],[10,47],[111,71],[85,22],[118,-16],[42,17],[61,47],[61,74],[7,64],[-33,19],[-60,-3],[-24,13],[-84,86],[-17,65],[30,54],[37,36],[0,33],[-34,75]],[[18859,35125],[-34,3710]],[[18825,38835],[90,-53],[24,-32],[23,-109],[76,-115],[34,-20],[91,-3],[133,-21],[34,10],[89,65],[25,2],[84,-44],[95,-82],[30,-11],[62,8],[28,-12],[55,-69],[39,-29],[93,-38],[12,-20],[19,-128],[59,-20],[125,-4],[58,-12],[59,-45],[60,-12],[31,15],[35,75],[78,26],[117,-19],[20,-36],[-26,-57],[16,-18],[78,1],[30,-26],[43,-76],[93,-56],[49,-4],[22,15],[59,137],[60,91],[1,64],[-21,93],[5,155],[9,51],[43,59],[100,45],[91,59],[29,8],[66,-10],[66,5],[73,-26],[65,1],[48,25],[79,9],[68,51],[104,33],[89,77],[64,34],[50,16],[18,26],[44,108],[68,26],[33,34],[109,21],[37,-34],[-4,-43],[47,16],[21,-36],[-3,-70],[86,-42],[0,-49],[46,-10],[33,-42],[12,-71],[49,-60],[-1,-52],[22,-46],[70,-50],[24,-31],[-1,-48],[28,-28],[39,-89],[4,-79],[-19,-88],[14,-88],[3,-125],[19,-22],[48,0],[-12,-43],[-24,-6],[23,-62],[-31,-51],[-30,-8],[-34,-38],[-51,-23],[-19,-32],[29,-46],[113,11],[56,-28],[45,-1],[78,-30],[189,-21],[133,-10],[225,-48],[65,-4],[133,15],[-32,44],[35,25],[35,-35],[47,27],[50,-22],[61,0],[59,42],[49,-1],[223,-167],[134,-73],[68,-80],[40,-93],[119,-7],[166,12],[35,15],[36,66],[121,-53],[136,-110],[69,-76],[39,-59],[61,-50],[96,-7],[62,49],[71,99],[35,17],[57,-76],[50,-46],[67,-27],[69,34],[151,33],[79,32],[53,39],[55,4],[65,20],[85,97]],[[26336,37134],[27,-13],[36,-199],[71,-156],[-13,-192],[15,-31],[47,-38],[120,-52],[165,60],[28,-39],[-9,-77],[30,-45],[-6,-103],[10,-71],[-46,-47],[5,-29],[37,-16],[26,-47],[28,-20],[60,6],[47,-23],[31,-105],[-27,-34],[-92,-28],[-52,-90],[16,-45],[46,-24],[58,-12],[25,-24],[-20,-35],[-43,-42],[28,-72],[74,-11],[20,-21],[3,-43],[-35,-38],[-48,-19],[-87,-96],[-41,-105],[-63,-94],[-21,-62],[-107,-108],[-55,-79],[-9,-80],[-41,-69],[-61,-172],[-128,-125],[-26,-87],[-2,-87]],[[26357,34195],[-104,-37],[-30,6],[-77,72],[-93,103],[-49,23],[-42,-8],[-103,-70],[-115,-40],[-120,-87],[-12,-42],[6,-80],[-25,-102],[-2,-102],[-17,-45],[-41,-34],[-51,15],[-44,34],[-149,156],[-37,19],[-30,-6],[-65,-50],[-45,-21],[-74,-8],[-110,24],[-56,40],[-15,34],[24,197],[-9,75],[-24,7],[-86,-16],[-114,31],[-129,24],[-57,-1],[-32,60],[-9,53],[2,200],[-26,80],[-11,87],[-30,48],[-59,-1],[-106,-39],[-80,-4],[-51,20],[-58,46],[-75,92],[-23,38],[-21,113],[35,120],[-37,92],[-46,25],[-18,37],[-59,-2],[-18,42],[-41,8],[-50,34],[-94,-5],[-67,24],[-32,-1],[-71,32],[-22,36],[-51,30],[-77,90],[-55,105],[-38,43],[-83,-39],[-115,-20],[-56,3],[-54,-21],[-53,15],[-68,-11],[-58,6],[-44,-13],[-42,15],[-16,-18],[-38,24],[-30,-20],[-57,16],[-50,-45],[-86,42],[-32,5],[-34,68],[5,16],[-140,59],[-85,14],[-49,-17],[-39,31],[-39,-56],[-106,51],[-31,65],[-39,-21],[-38,-57],[-30,-20],[-48,2],[-42,-49],[22,-51],[-8,-35],[-34,8],[-34,43],[-50,-22],[-11,-38],[-2,-105],[21,-44],[-42,-35],[34,-26],[-35,-103],[8,-96],[-15,-18],[-67,30],[-81,-11],[-66,17],[-87,-63],[44,-27],[-45,-20],[-143,25],[-34,17],[-53,-40],[-69,8],[-36,-55],[22,-67],[25,-26],[27,-100],[-31,-35],[-80,3],[-56,-54],[-41,18],[-54,52],[-44,-8],[-41,82],[-68,-12],[-50,14],[12,33],[-37,93],[-55,13],[-32,-34],[-45,-2],[-26,-28],[-70,-38],[29,-25],[7,-36],[-67,6],[-15,29],[-36,-5],[-23,-37],[-61,75],[18,31],[75,34],[0,62],[-34,47],[-58,55],[-40,78],[-126,28],[-5,-33],[38,-10],[21,-36],[-110,-25],[-31,11],[-43,-47],[-43,-25],[1,-55],[-42,-17],[-90,-4],[-62,40],[-40,8],[-41,-59],[-91,-15],[-111,42],[-93,-39],[-33,-5],[-20,-35],[10,-26],[-93,-8],[-4,23],[-46,1]],[[18859,35125],[-7,-34],[-41,-45],[9,-31],[-54,-20],[-33,-46],[26,-52],[38,-44],[-13,-62],[-53,-38],[-29,-45],[39,-42],[38,-71],[117,-64],[6,-57],[19,-36],[66,-70],[-1,-52],[35,-84],[-29,-112],[-101,-26],[-16,-73],[-32,-26]],[[18843,33995],[-47,27],[-29,-37],[-85,-27],[-52,-51],[-88,-22],[-9,-87],[-37,-102],[1,-89],[-68,-32],[-78,37],[-27,27],[-37,93],[-34,52],[-32,27],[-102,5],[-81,74],[-41,74],[-48,9],[-29,37],[-6,48],[-31,7],[-69,-15],[-61,4],[-43,-9],[-84,17],[-34,-26],[-37,19],[-1,49],[-46,-20],[-35,-31],[-88,-16],[-40,23],[-43,54],[-76,52],[-73,20],[-51,-20],[-18,21],[-67,-24],[-107,-17],[-68,52],[-22,57],[-38,49],[-132,54],[-34,-10],[-23,37],[17,33],[45,31],[-6,48],[14,60],[-65,-7],[-25,40],[10,59],[27,41],[-9,61],[33,102],[58,54],[-41,53],[-45,5],[-40,45],[4,57],[-34,14],[-5,51],[-48,0],[-35,-24],[-37,48],[-2,39],[-22,21],[-64,8],[-51,19],[10,28],[-91,12],[-23,42],[-34,22],[-57,-29],[0,52],[-34,-9],[-66,34],[-27,-11],[-38,18],[-48,0],[3,41],[-44,-13],[-64,-47],[28,-75],[-8,-36],[-50,-18],[13,-48],[-141,49],[-31,-19],[-29,25],[-43,-71],[-42,29],[-88,-11],[-30,-27],[-60,21],[-61,7],[-83,-18],[-23,31],[-80,-19],[-29,56],[-28,-17],[-15,-48],[-32,24],[15,55],[-56,8],[-11,20],[-61,26],[10,30],[-15,43],[-45,38],[-78,11],[-30,17],[-9,-51],[-25,-10],[-51,64],[-23,6],[-41,57],[-17,50],[-55,-13],[-54,9],[-19,76],[11,24],[55,7],[35,42],[-27,38],[-1,116],[-34,-5],[-71,-89],[-60,-45],[-107,-43],[-54,15],[-103,4],[-52,43],[-32,8],[-57,-27],[-57,9],[-73,-28],[-23,6],[-2,88],[-31,23]],[[13679,35840],[-10,117],[-24,39],[-67,80],[-40,131],[-9,77],[41,30],[82,10],[91,107],[163,-15],[38,-9],[131,-2],[73,56],[62,37],[62,16],[105,95],[67,16],[82,71],[44,112],[57,26],[56,-23],[28,-44],[30,0],[52,28],[31,30],[9,59],[18,22],[89,23],[36,28],[0,40],[-22,60],[16,76],[-34,43],[10,46],[34,62],[-2,49],[-32,45],[-57,20],[-62,73],[-64,14],[-121,43],[-33,79],[-48,51],[-39,10],[-78,-26],[-115,-80],[-52,-54],[-31,-15],[-160,-30],[-101,1],[-88,41],[-151,-6],[-43,-26],[-32,-51],[-15,-71],[5,-86],[-18,-50],[-68,-24],[-90,-68],[-54,-72],[-39,16],[-25,68],[29,102],[-23,44],[-110,68],[-23,67],[-43,53],[-79,124],[-17,49],[-11,85],[26,81],[92,131],[16,56],[-7,92],[16,1231]],[[13233,39318],[39,43],[3,56],[31,23],[21,41],[-4,33],[65,64],[60,-7],[0,67],[26,58],[45,32],[18,75],[41,55],[126,4],[86,38],[92,70],[53,30],[38,45],[52,10],[33,-14],[76,-76],[32,-46],[46,-5],[39,82],[83,40],[68,-14],[54,-26],[50,17],[72,0],[63,25],[54,-39],[45,35],[37,-28],[99,24],[43,45],[78,-1],[14,78],[28,46],[23,8],[87,-3],[47,35],[35,8],[41,45],[12,52],[30,38],[88,30],[30,25],[46,3],[81,32],[30,39],[11,52],[37,19],[87,97],[-1,134],[52,72],[-17,39],[11,29],[69,46],[152,53],[50,-22],[39,-46],[83,-42],[44,14],[17,41],[-37,64],[-10,46],[12,58],[74,141],[12,33],[81,56],[78,23],[99,-18],[44,20],[18,31],[4,102],[27,53],[57,39],[32,-8],[30,-52],[52,-30],[31,3],[70,54],[43,-15],[27,-122],[69,-54],[182,-45],[131,-51],[53,-28],[53,6],[52,-49],[79,-17],[69,31],[35,29],[22,111],[40,25],[60,-3],[47,-28],[65,-63],[109,-165],[44,-46],[44,-7]],[[18121,41120],[-12,-37],[-143,-134],[-46,-14],[-33,-34],[5,-98],[38,-91],[-4,-101],[19,-89],[15,-33],[4,-76],[22,-61],[70,-70],[84,-48],[68,-54],[45,-63],[-24,-59],[63,-68],[53,-35],[23,-32],[66,1],[44,24],[103,3],[94,-46],[39,-45],[45,-29],[51,6],[30,-39],[40,-5],[30,-25],[10,-38],[-16,-82],[-22,-34],[-98,-65],[-20,-65],[-40,-51],[-4,-31],[53,-35],[-2,-83],[-28,-29],[-3,-77],[43,-52],[32,-59],[1,-70],[16,-71],[-7,-91]],[[19133,28786],[7,-53],[-14,-89],[50,-83],[-2,-182],[-38,-104],[-6,-182],[7,-289],[-23,-134],[-132,-88],[-40,-92],[34,-72],[-13,-49],[-45,-53],[-3,-21],[40,-95],[21,-87],[-9,-27],[39,-64],[3,-100],[-6,-62],[-38,-62],[10,-30],[119,-146],[18,-38],[-18,-157],[3,-22],[80,-128],[100,-71],[-26,-76],[18,-41],[-9,-59],[-29,-21],[-6,-45],[19,-26],[-32,-74],[9,-33],[-84,-116],[0,-71],[-34,-38],[32,-58]],[[19135,25548],[-24,-42],[-128,-70],[-51,-18],[-25,21],[-69,-4],[-69,7],[-8,23],[-79,77],[-119,21],[-72,37],[-18,47],[-38,56],[-79,68],[-67,49],[-50,-20],[-86,-14],[-86,-5],[-127,15],[-72,-3],[-26,-62],[26,-92],[6,-76],[-40,-57],[-74,23],[-118,-31],[-26,4],[-28,54],[-37,-10],[-80,11],[-80,-53],[-42,-1],[-32,46],[-52,-5],[-34,16],[-24,50],[-24,16],[-92,19],[-76,76],[5,75],[-56,-13],[-17,-20],[-137,1],[-57,85],[-63,-14],[-21,27],[18,78],[-5,72],[-59,36],[-52,-1],[-51,-25],[-45,33],[-5,32],[-58,98],[-39,19],[-37,-13],[-22,-42],[-38,70],[-6,48],[-41,84],[-1,25],[39,50]],[[16267,26426],[18,73],[-7,122],[19,32],[49,-2],[141,-25],[26,40],[-37,51],[-7,49],[-31,13],[7,51],[56,8],[5,33],[-52,31],[-16,35],[2,72],[25,21],[84,-28],[37,18],[54,-15],[19,-32],[52,-7],[26,58],[69,-26],[66,-11],[22,29],[26,89],[68,46],[21,67],[-14,127],[-45,6],[16,78],[49,54],[2,26]],[[19135,25548],[38,-68],[-15,-57],[28,-51],[0,-84],[-20,-53],[22,-24],[66,-19],[60,2],[25,-41],[-17,-92],[10,-131],[-63,-104],[-58,-60],[-43,-68],[-48,-54],[-20,-38],[5,-31],[74,-134],[60,-43],[119,-61],[101,-3],[35,-29],[47,-108],[62,-90]],[[19603,24107],[-69,-4],[-48,-51]],[[19486,24052],[-210,-60],[-58,-72],[-48,-22],[-103,-23],[-63,-77],[-23,-64],[-56,-106],[-46,-50],[-120,-49],[-74,-37],[-155,-112],[-96,-31],[-68,0],[-41,-23],[-144,-137],[-135,-48],[-21,9],[-26,101],[-45,42],[-128,70],[-85,28],[-18,30],[-9,59],[-118,76],[-80,10],[-70,-6],[-88,-25],[-21,5],[-40,94],[-48,232],[-24,51],[-29,15],[-58,-2],[-47,-29],[-80,-80],[-106,-54],[-88,-76],[-19,-36],[-39,-31],[-43,-66],[-60,-44],[-36,-79],[-36,-116],[-23,-9],[-83,97],[-43,25],[-65,11],[-110,-5],[-85,14],[-43,32],[-23,53],[-29,28],[-61,7],[-121,-29],[-104,-7],[-20,-118],[-69,-74],[-17,-52],[-84,-47],[-110,-18],[-81,-33],[-32,-25],[-80,-90],[-54,-18],[-93,17],[-68,29],[-23,-9],[-26,-73],[-48,-41],[-70,-13],[-59,-20],[-56,30],[-42,-18],[-59,-6],[5,-27],[42,-79],[-54,-187],[-43,-72],[-16,-98],[34,-104],[-5,-49],[-52,-96],[-48,-37],[-63,-23],[-66,-69],[-45,-84],[-57,-59],[-12,-29],[31,-80],[-5,-64],[-89,-89],[-65,-133],[2,-56],[27,-110],[96,-16],[18,-59],[40,-42],[73,16],[77,-72],[116,-27],[97,-44],[96,8],[89,-21],[36,-50],[3,-93],[49,-94],[37,-9],[76,34],[43,3],[145,-25],[46,-18],[59,2],[56,73],[73,36],[48,14],[107,-34]],[[15704,20994],[-35,-3],[-81,-33],[-36,-47],[-48,-37],[-21,-56],[-66,6],[-24,-50],[-32,-25],[-27,-48],[-13,-89],[-45,-52],[-7,-30],[-56,-44],[6,-44],[20,-31],[47,-4],[26,-53],[-5,-20],[-112,-103],[-3,-38],[-29,-56],[14,-33],[-15,-86],[0,-57],[53,-20],[9,-22],[-63,-58],[-18,-49],[-42,11],[-8,-40],[20,-32],[-29,-112],[-4,-116],[-38,-54],[39,-142],[-3,-37],[-22,-41],[-62,-72],[16,-44],[-18,-87],[-53,-209],[6,-50],[-38,-114],[-56,-53],[-34,-54],[-11,-52],[-40,-54],[-88,-140],[-65,-85],[-36,-19],[-77,-71],[-39,-50],[-87,-77],[-42,-58],[-107,-43],[-184,-6],[-65,-64],[4,-92],[-12,-123],[-35,-33],[-35,35],[-78,55],[-41,10],[-65,-25],[-52,-60],[-76,-32],[-71,-91],[-60,-122],[-26,-73],[-2,-57],[23,-70],[66,-55],[21,-77],[50,-72],[7,-42],[-12,-70],[16,-38],[147,-159],[-14,-37],[-109,-38],[-16,-21],[9,-42],[-68,-107],[-5,-53],[28,-39],[8,-50],[72,-54],[-2,-41],[-63,-119],[-79,-81],[-17,-40],[-54,-82],[-57,-21],[-39,-30],[0,-34],[27,-89],[42,-77],[12,-100],[-25,-81],[-51,-48],[-66,-7],[-19,-43],[-20,-89]],[[13239,15233],[-12,-28],[-45,-41],[-33,-92],[-22,-103],[27,-61],[8,-91],[-39,-70],[-44,-31],[-63,-23],[-92,-4],[-111,28],[-71,-53],[5,-54],[-47,-142],[-37,-45],[-59,-40],[-57,-1],[-50,41],[-102,25],[-44,-37],[-89,-13],[-36,14],[-3,46],[-23,90],[-43,77],[-69,71],[-83,64],[-139,79],[-7,55],[77,85],[28,54],[2,35],[-63,85],[-62,101],[-18,75],[-25,16],[-41,-13],[-98,-59],[-86,-81],[-13,-74],[-36,-15],[-73,16],[-49,-3],[-48,-19],[-116,-124],[-117,-79],[-53,-51],[-13,-142],[59,-113],[62,-54],[0,-48],[-39,-51],[3,-155],[-14,-31],[-127,-125],[-55,15],[-91,-19],[-34,-27],[-66,-76],[-14,-65]],[[10739,13952],[-179,-133],[-48,-4],[-78,77],[-70,-41],[-44,26],[-66,58],[-27,2],[-46,-32],[-19,8],[-35,90],[-32,48],[-86,12],[-77,73],[-27,64],[-18,71],[-29,65],[-81,91],[-66,28],[-63,-27],[-96,-28],[-45,8],[-39,27],[-45,89],[-64,17],[-107,63],[18,55],[-72,51],[-28,52],[-29,89],[-13,75],[-20,25],[-27,83],[-39,36],[17,68],[-8,53],[24,79],[-20,55],[-61,11],[-32,18],[11,66],[-32,53],[-45,37],[-143,54],[-31,28],[-44,0],[-42,18],[-15,35],[2,55],[-51,9],[-12,27],[36,23],[17,54],[-22,43],[3,39],[115,56],[22,35],[57,42],[-39,90],[40,146],[-97,14],[-31,-11],[-59,38],[-30,-60],[-57,-24],[-17,12],[11,96],[-12,30],[-48,42],[-27,52],[-9,68],[64,90],[-4,65],[-41,50],[32,29],[45,2],[43,23],[-9,27],[42,47],[-4,104],[34,33],[-4,48],[14,34],[-6,45],[-65,57],[15,41],[-25,32],[25,59],[-55,100],[-66,11],[-31,-15],[-77,25],[-76,5],[-43,-27],[-26,-63],[-36,-5],[-33,19],[-89,-14],[-33,39],[-48,11],[-68,42],[-95,137],[-35,71],[26,62],[-28,67],[-59,54],[-12,57],[8,62],[-8,68],[-47,31],[0,39],[-44,82],[30,46],[-38,25],[-73,11],[-31,37],[-41,17],[5,78],[-55,61],[-31,79],[18,65],[-7,37],[-41,56],[-41,28],[-43,10],[0,57],[-70,25],[-26,20],[-10,45],[29,52],[16,150],[7,23],[88,53],[8,47],[-27,140],[-53,117],[-1,64],[-35,80],[10,28],[3,100],[-55,80],[-15,72],[20,46],[-11,22],[18,154],[19,63],[-6,67],[-60,55],[-54,-21],[-48,-4],[-61,24],[-74,10],[-47,24],[-23,28],[-66,-31],[-72,9],[-48,-22],[-43,26],[-61,-16],[-25,12],[4,60],[-22,57],[-60,77],[-15,39],[72,67],[-20,43],[25,22],[-48,54],[-70,17],[-31,51],[-35,-14],[-41,10],[-45,30],[-21,51],[-32,13],[-22,95],[-62,54],[41,57],[24,4],[52,39],[18,49],[-30,86],[-33,37],[19,34],[50,32],[-4,96],[-29,-18],[-36,59],[16,39],[54,88],[-5,53],[37,22],[-45,39],[32,15],[114,-40],[41,56],[59,-27],[47,6],[23,47],[56,-6],[53,55],[-46,80],[75,156],[-22,33],[51,41],[98,-32],[57,-9],[125,18],[25,18],[64,13],[87,47],[81,82],[19,42],[31,27],[15,56],[-7,30],[53,19],[10,55],[-26,52],[45,51],[17,57],[-18,63],[-7,106],[-29,114],[-32,56],[39,49]],[[7309,23086],[155,-3],[56,-33],[83,-22],[29,-26],[-2,-42],[81,15],[51,-23],[53,-9],[63,10],[110,-32],[50,-71],[-4,-64],[33,-134],[74,-60],[94,-22],[174,-113],[30,-54],[12,-59],[98,-61],[225,-35],[85,15],[24,29],[56,3],[22,-20],[62,-13],[57,-51],[8,-59],[33,-40],[17,-45],[-7,-61],[8,-48],[27,-49],[5,-44],[37,-66],[20,-81],[64,-18],[17,-20],[2,-56],[33,-40],[90,-26],[28,4],[48,61],[39,7],[62,-9],[39,-41],[96,-54],[25,-54],[48,-24],[97,-80],[34,-55],[37,-23],[87,15],[107,44],[64,-35],[96,23],[38,-19],[11,-45],[-2,-63],[-19,-148],[-2,-92],[10,-44],[32,-64],[48,-27],[31,27],[64,140],[30,53],[67,17],[125,55],[8,29],[-52,179],[18,121],[24,26],[84,13],[16,44],[-30,77],[8,52],[46,42],[-32,66],[-88,71],[-145,174],[-17,27],[-16,90],[-15,34],[13,85],[76,135],[22,10],[9,50],[-1,143],[16,104],[20,63],[76,59],[3,43],[-20,23],[-32,79],[-2,109],[49,48],[-18,84],[-20,11],[-14,57],[17,66],[0,76],[-25,67],[-3,58],[-29,84],[-1,30],[64,111],[-10,53],[6,97],[-13,40],[-38,45],[-74,69],[26,38],[77,25],[69,0],[82,66],[89,88],[-11,59],[20,51],[44,50],[54,25]],[[11104,24473],[103,6],[60,28],[50,-9],[49,-51],[89,-57],[53,0],[24,16],[51,62],[55,21],[139,14],[54,20],[73,-7],[136,-61],[33,-1],[83,81],[60,77],[62,135],[8,54],[-8,90],[-12,36],[22,90],[24,62],[53,61],[62,41],[59,22],[54,36],[58,65],[52,-4],[54,18],[33,60],[13,79],[23,38],[23,113],[-12,32],[45,17],[50,48],[99,71],[59,58],[47,22],[41,40],[-21,44],[-7,48],[12,97],[34,41],[111,40],[98,52],[78,18],[68,73],[159,99],[9,20],[2,99],[48,-26],[89,-27],[47,-5],[168,25],[64,-21],[49,-42],[44,-11],[98,60],[175,31],[96,33]],[[14546,26544],[22,-55],[75,-107],[37,-36],[61,-35],[132,-42],[95,-19],[154,-2],[73,10],[154,4],[145,32],[29,12],[43,-12],[37,8],[73,-31],[29,-33],[48,-29],[110,14],[84,60],[46,13],[52,48],[222,82]],[[27260,17649],[58,48],[47,21],[130,41],[160,42],[144,46],[201,121],[93,108],[102,107],[80,49],[18,40],[42,30],[-3,21],[45,56],[20,0],[22,51],[95,-8],[88,11],[66,22],[66,44],[55,61],[91,58],[51,84],[39,32],[-1,26],[-33,87],[-73,55],[-130,6],[-35,51],[-47,44],[-34,-25],[-39,37],[22,81],[-3,64],[-51,22],[-61,-43],[-52,100],[-59,36],[-16,41],[-4,84],[-61,27],[-75,55],[4,133],[-43,36],[-5,81],[-24,14],[-99,4],[-18,19],[-8,54],[33,61],[55,42],[14,70],[20,42],[8,74],[-29,113],[14,43],[66,56],[67,30],[13,67],[-7,81],[-28,21],[13,73],[-13,55],[-2,78],[75,76],[52,29],[16,56],[53,67],[15,136],[-3,149],[23,136],[-3,51],[22,21],[44,-3],[46,-53],[67,-54],[20,42],[39,12],[79,52],[12,46],[121,58],[43,-33]],[[28970,21517],[-1,-72],[76,-154],[83,-59],[3,-55],[-11,-61],[10,-42],[136,-102],[-10,-16],[69,-50],[97,79],[62,33],[46,96],[121,105],[31,40],[80,14],[56,-31],[132,-14],[-36,-60],[-46,-119],[-56,-83],[-5,-48],[-40,-79],[427,-346],[48,30],[72,10],[49,25],[69,104],[28,22],[95,46],[74,24],[156,-20],[47,7],[24,-19],[-39,-54],[2,-32],[-34,-66],[-58,-43],[-10,-35],[74,-80],[24,-84],[-65,-152],[-10,-91],[21,-34],[13,-63],[19,-33],[20,-92],[-4,-44],[-41,-62],[-35,-20],[-44,-55],[-54,-15],[-96,-47],[-41,-72],[-86,-97],[-53,-18],[-40,-63],[16,-46],[-64,-74],[-12,-33],[11,-45],[-53,-144],[26,-50],[-39,-69],[-46,-31],[-68,-67],[-67,-24],[-30,-29],[-78,-43],[-54,-76],[-49,-22],[-65,-143],[-4,-47],[-69,-57],[-59,-26],[-49,3],[-35,-34],[-8,-93],[-18,-36],[-9,-71],[-21,-38],[-9,-52],[4,-160],[-44,-53],[26,-87],[50,-88],[-61,-59],[-43,-60],[-27,22],[-58,-45],[-58,-85],[-42,-96],[-44,-21],[-74,-14],[-41,4],[-82,-11],[-51,33],[-60,-53],[-48,-24],[-67,33],[-22,22],[-78,42],[-51,49],[-30,15],[-47,-38],[-87,-13],[-43,32],[-28,49],[-69,-11],[-44,25],[-73,-24],[-61,-32],[-30,13],[-74,111],[-63,5],[-48,-9],[-53,67],[-6,38],[-43,19],[-122,-33],[-67,21],[-116,-13],[-231,55]],[[19486,24052],[-30,-46],[-53,-55],[-37,-53],[-4,-28],[55,-88],[18,-50],[46,-46],[28,-81],[-16,-61],[-1,-60],[-32,-57],[-40,-27],[-27,-85],[98,-66],[31,-36],[-23,-24],[-40,18],[-22,-50],[-44,-40],[-14,-47],[-23,-20],[8,-60],[-139,-83],[-27,-46],[-26,-132],[-68,-24],[-19,-35],[-33,-5],[-53,35],[-30,-17],[-44,5],[735,-311],[98,-37],[582,-246],[0,-6]],[[20340,22088],[19,-106],[-10,-24],[31,-132],[-56,-181],[-16,-68],[1,-71],[-42,-54],[-8,-36],[21,-22],[-28,-82],[11,-36],[-9,-67],[-49,-80],[10,-73],[13,-9],[-1,-73],[-17,-38],[-5,-70],[-64,-149],[-27,-49],[-57,-56],[-12,-90],[-53,-69],[-10,-31],[10,-108],[10,-28],[-40,-68],[-53,-117],[-1,-35]],[[19908,20066],[-22,-15],[-63,33],[-68,-45],[-114,-26],[-90,-41],[-83,-16],[-64,9],[-42,-10],[-54,-32],[-46,-6],[-90,64],[-61,-22],[-28,18],[-72,-13],[-22,38],[-3,41],[-38,-1],[-51,65],[-31,102],[21,36],[-31,56],[7,35],[-20,84],[20,40],[-24,28],[-41,10],[-20,25],[-52,4],[-54,46],[-139,-40],[-116,-61],[-43,-43],[-230,-32],[-98,-32],[-125,-63],[-48,-12],[-127,18],[-39,-21],[-47,-60],[-49,-132],[-40,-24],[-54,24],[-58,48],[-131,62],[-83,-12],[-57,0],[-125,-25],[-51,21],[-18,60],[-72,19],[-38,-32],[-151,-29],[-92,17],[-70,-32],[-71,-17],[-32,14],[-34,167],[-61,72],[-39,30],[-92,9],[-80,60],[-92,40],[-34,38],[-60,134],[-30,41],[-46,28],[-50,-8],[-51,63],[-70,113],[-25,18]],[[14494,6878],[74,-51],[72,32],[53,-22],[21,8],[43,58],[17,86],[-1,44],[53,41],[30,99],[66,39],[50,50],[59,0],[53,-44],[48,0],[54,34],[6,31],[-6,104],[16,66],[33,44],[11,62],[18,40],[67,60],[119,75],[105,59],[8,25],[-9,108],[12,52],[73,74],[9,114],[-4,122],[-30,75],[50,83],[11,44],[-34,90],[0,51],[164,151],[18,76],[86,26],[38,36],[21,91],[36,40],[35,2],[74,-44],[50,-3],[79,31],[56,-9],[66,-58],[40,-3],[68,18],[83,-14],[12,26],[-19,141],[92,62],[33,41],[46,122],[27,35],[48,16],[113,-43],[38,7],[52,42],[36,121],[45,96],[44,156],[13,64],[33,68],[78,30],[28,82],[2,96],[60,49],[12,67],[47,48],[15,60],[53,67],[68,161],[6,76],[29,25],[6,61],[-26,19],[35,60],[-1,38],[-22,24],[16,39],[-13,56],[52,28],[-75,80],[-41,55],[-44,-8],[-97,-38],[-33,3],[-50,57],[-42,-14],[-33,-47],[-38,-10],[-46,34],[-79,42],[-46,74],[-17,-5],[-40,-68],[-63,2],[-33,-26],[-78,-3],[-40,35],[-75,22],[-64,1],[-33,36],[-44,-25],[-24,-32],[-33,9],[-28,53],[-41,7],[-104,84],[-17,78],[-38,5],[-32,30],[-21,63],[-105,1],[-45,28],[-25,70],[-48,60],[-77,69],[-23,50],[-66,18],[-172,-9],[-101,16],[-21,33],[-8,77],[-14,25],[-61,33],[-75,6],[-19,18],[8,59],[89,10],[26,52],[72,25],[66,6],[134,113],[28,50],[17,69],[32,55],[119,37],[25,30],[1,79],[-53,162],[-61,69],[-14,59],[44,174],[11,13],[191,29],[42,61],[13,147],[43,68],[13,45],[-24,108],[-34,56],[-84,89],[-28,130],[34,79],[56,98],[34,84],[35,35],[74,23],[179,2],[67,28]],[[16459,14144],[-12,-84],[6,-36],[31,-7],[63,26],[65,-11],[95,-59],[39,-60],[25,-61],[8,-100],[83,-5],[23,18],[35,125],[30,18],[131,41],[68,36],[25,27],[16,51],[-10,123],[36,65],[36,28],[44,8],[33,-12],[73,-56],[107,-15],[30,-16],[27,28],[14,147],[15,25],[38,5],[63,54],[125,215],[-18,70],[1,39],[33,47],[70,50],[96,3],[26,23],[23,87],[-30,72],[10,72],[34,37],[20,-2],[111,-101],[34,-15],[106,-7],[38,8],[94,49],[31,29],[63,113],[59,151],[76,74],[44,65],[71,48],[16,29],[-5,44],[33,36],[57,10],[60,38],[99,-5],[54,9],[25,-10],[96,-70],[29,1],[31,50],[35,-3],[17,-27],[57,38],[23,44],[79,-6],[71,17],[68,-15],[43,-28],[17,-36],[126,-41],[44,-55],[50,-39],[58,-17],[52,32],[53,18],[68,40],[66,61],[84,98],[86,8],[43,-27],[119,76],[17,2],[52,-58],[36,-1],[34,48],[70,32],[125,-14],[61,-21],[126,-98]],[[21088,15734],[-32,-38],[-82,-125],[-85,-96],[-58,-23],[-174,-35],[-91,-35],[-45,-38],[-52,-82],[-33,-87],[-13,-121],[46,-150],[41,-20],[-26,-31],[17,-49],[-20,-25],[9,-51],[71,-9],[13,-31],[-38,-37],[-45,-4],[-24,-34],[48,-81],[-40,-49],[-40,-21],[-33,17],[-28,-25],[16,-28],[-32,-56],[-68,-44],[-28,-2],[-3,-39],[-38,-47],[-37,-76],[-27,-35],[27,-55],[-9,-36],[-27,-25],[-88,-30],[-41,-60],[-55,-6],[-17,-82],[24,-21],[-27,-42],[4,-25],[-49,-71],[5,-61],[-15,-35],[10,-48],[28,-52],[56,-1],[17,-15],[85,-22],[83,-34],[53,31],[165,-38],[145,-17],[125,-58],[41,2],[28,-20],[119,-12],[39,-38],[55,-13],[71,-58],[91,-60],[53,-20],[56,-50],[34,12],[41,-30],[46,-58],[35,-11],[8,-32],[61,-25],[41,-41],[33,-9],[83,-133],[51,-25],[144,-119],[29,-65],[-24,-90],[2,-57],[-30,-74],[-24,-27],[-70,-46],[5,-71],[48,19],[60,-8],[34,-73],[-4,-54],[-36,-87],[18,-61],[-10,-35],[-47,-68],[-6,-46],[-117,-29],[-35,-27],[-95,14],[-68,-11],[-92,2],[-44,-15],[-82,30],[-64,55],[-45,5],[-50,27],[-40,-2],[-31,-29],[-2,-71],[29,-34],[23,-121],[-37,-115],[24,-25],[-1,-42],[-20,-53],[4,-28],[44,-46],[64,-104],[29,-17],[31,-47],[-25,-1968],[-14,-31],[-449,-58],[-85,-25],[-358,53],[-64,35],[-38,-1],[-93,-33],[-53,10],[-39,42],[2,123],[-27,78],[-35,42],[-43,27],[-115,7],[-97,54],[8,-84],[22,-94],[-22,-20],[41,-33],[9,-48],[41,21],[62,-70],[-40,-18],[12,-114],[-12,-105],[-34,-68],[-64,-72],[10,-76],[-19,-4],[-61,-66],[3,-24],[-67,-105],[-61,-60],[-35,-89],[-7,-69],[21,-29],[-28,-54],[38,-44],[-32,-38],[0,-54],[18,-34],[15,-69],[-33,-102],[35,1],[57,-41],[-42,-37],[3,-99]],[[19461,7615],[-41,39],[-67,7],[-142,-99],[-34,-35],[-25,-47],[-77,-70],[-30,-39],[-24,-97],[-75,-73],[-82,-46],[-29,-3],[-64,67],[-45,-66],[-43,-36],[-58,-89],[-39,-27],[-86,-9],[-30,-57],[-93,-49],[-63,15],[-115,-8],[-56,-73],[-48,-8],[-46,52],[-55,-19],[-23,-97],[-34,-39],[-49,-13],[-36,98],[-7,45],[-46,5],[-85,-62],[-34,-5],[-84,10],[-21,-14],[8,-65],[-42,-49],[-111,7],[-73,26],[-20,-13],[-6,-69],[-36,0],[-52,66],[-26,0],[-14,-37],[-58,-5],[-37,34],[-22,98],[-26,51],[-27,6],[-36,-35],[-50,0],[-34,26],[-7,58],[-21,43],[-48,13],[-136,-32],[-93,-79],[-65,-22],[-93,26],[-32,115],[-17,167],[-43,43],[-78,26],[-64,3],[-51,21],[-78,3],[-125,-89],[-97,-34],[-30,-27],[-51,-110],[-41,-35],[-37,-2],[-66,41],[-33,7],[-47,-23],[-32,-72],[-77,-60],[-16,-33],[-10,-69],[-40,-24],[-61,-4],[-69,-22],[-83,4],[-32,-30],[-16,-70],[-180,40],[-25,-21],[-3,-72],[-39,-12],[-30,34],[-54,113],[-44,120],[-50,47],[-57,-31],[-31,-1],[-82,49],[-35,65]],[[41201,29240],[-20,-94],[13,-49],[-18,-115],[-32,-95],[-34,-41],[-7,-56],[-6,-146],[9,-71],[48,-72],[20,-58],[75,-18],[60,6],[62,-21],[104,-154],[43,-42],[106,-25],[65,-48],[8,-38],[55,-118],[24,-91],[-9,-18],[33,-298],[-16,-32],[-49,-51],[-29,-55],[-37,-127],[-12,-20],[37,-40],[-21,-54],[4,-79],[40,-37],[46,-76],[14,-53],[82,-84],[-39,-97],[-42,-52],[-31,-63],[-53,-71],[-11,-49],[-34,-60],[-38,-42],[15,-45],[49,-1],[87,16],[37,-2],[32,-27],[26,-62],[-12,-68],[20,-56],[89,-87],[29,-81],[21,-33]],[[42004,25990],[-54,-17],[-95,-4],[-23,-82],[-35,-44],[-41,-22],[13,-59],[-19,-83],[-34,-24],[15,-74],[-24,-34],[-132,-6],[-41,4],[-52,-34],[-62,-24],[-39,-53],[-29,-64],[19,-56],[1,-68],[-31,-48],[-52,-43],[-52,-77],[-26,-83],[-28,-62],[-8,-109],[-36,-31],[-12,-47],[-42,-25],[13,-70],[-88,-122],[24,-54],[-24,-82],[-39,-87],[-39,-39],[-16,-56],[-37,-87],[-34,-41],[-59,-30],[-104,-28],[-49,-46],[-9,-54],[-32,-39],[-61,-18],[-40,-27],[-28,-80],[-54,-82],[-41,-27]],[[40368,23652],[-23,-3]],[[40345,23649],[-35,63],[0,64],[-60,42],[-44,9],[-110,55],[-32,48],[-62,14],[-77,-23],[-46,8],[-67,-5]],[[39812,23924],[-2,26],[-42,89],[-19,56],[-27,26],[-98,44],[-11,66],[-25,49],[109,77],[86,112],[22,16],[68,12],[42,-11],[34,-57],[58,-13],[32,66],[61,40],[84,20],[53,-12],[80,21],[66,62],[1,78],[-50,52],[-3,57],[60,86],[10,121],[26,61],[53,62],[10,37],[45,36],[66,-20],[41,-25],[11,76],[-11,29],[-40,32],[-56,74],[-3,78],[-104,160],[-74,21],[-13,60],[12,74],[90,41],[63,3],[40,15],[58,45],[27,49],[-8,23],[-49,20],[-79,11],[-23,15],[-16,57],[-64,16],[-30,39],[-11,40],[3,102],[50,34],[-8,83],[29,33],[79,58],[27,66],[0,63],[-126,-28],[-59,18],[-32,-4],[-27,24],[-100,25],[-36,22],[-63,18],[-50,49],[-45,22],[-33,58],[-7,37],[-39,33],[9,26],[-23,54],[15,78],[-22,28],[-16,85],[-73,49],[-17,21],[1,101],[27,-14],[124,-6],[186,115],[16,23],[6,56],[-48,117],[-85,111],[-75,56],[-64,100],[-21,66],[-7,176],[-30,98],[-41,25],[-13,33],[21,61],[50,7],[88,-48],[75,60],[48,80],[75,59],[79,40],[48,61],[69,63],[-18,20],[-67,18],[-28,70],[80,17],[23,29],[68,20],[24,95],[31,46],[55,49],[58,30],[141,5],[64,14],[51,29],[-2,78],[-43,38],[106,92],[119,10],[212,-50]],[[20782,42309],[3,64],[-31,103],[13,72],[75,52],[40,46],[102,88],[35,38],[73,7],[54,-62],[116,-43],[49,-52],[67,-20],[104,20],[113,4],[45,9],[87,59],[46,18],[76,-28],[50,-5],[33,16],[-1,73],[27,47],[63,31],[34,43],[15,42],[26,12],[127,-57],[34,-37],[48,-29],[11,26],[47,37],[-27,42],[67,50],[58,26],[107,62],[84,39],[84,7],[91,-32],[62,-56],[86,-40],[84,-13],[75,31],[34,1],[81,-54],[83,6],[66,26],[109,89],[26,57],[34,46],[50,32],[107,-12],[31,-17],[97,-100],[87,-56],[10,-50],[21,-18],[126,-18],[114,4],[126,22],[73,-9],[53,23],[61,44],[93,22],[52,-28],[63,26],[43,-7],[137,-50],[67,-45],[37,-56],[-4,-26],[-83,-47],[20,-56],[59,10],[78,-17],[23,-44],[53,-61],[35,-2],[48,31],[59,78],[69,-2],[138,-85],[45,-4],[25,24],[23,62],[41,9],[45,-13],[82,-82],[189,-123],[125,-16],[55,115],[27,69],[76,108],[124,-11],[54,-41],[34,-69],[21,-16],[71,-16],[58,18],[50,1],[109,-32],[134,-12],[117,-28],[188,2],[73,35],[67,75],[45,28],[117,35],[90,81],[72,26],[76,-40],[146,-123]],[[27889,42718],[-13,-75],[-44,-65],[-78,-56],[-70,-19],[-120,-46],[-55,-32],[-71,-23],[-45,-40],[-27,-44],[-82,-68],[-20,-32],[-38,-22],[-74,-17],[-114,1],[-84,-17],[-90,0],[-90,36],[-51,-3],[-32,-18],[-43,-69],[-43,-18],[-54,5],[-138,-34],[-81,-69],[-70,-25],[-47,5],[-30,-35],[22,-41],[-83,-24],[-42,24],[-75,-20],[-24,-44],[-57,12],[-3,-40],[-55,-90],[-36,-33],[-2,-33],[-59,-48],[-32,12],[-75,-10],[-34,39],[-121,-17],[-30,-23],[20,-141],[42,-38],[40,-8],[80,0],[49,-55],[-74,-115],[-54,-47],[-26,-69],[-71,16],[-22,-79],[-33,-77],[-37,-27],[-84,5],[-81,45],[-104,-12],[-95,29],[-34,-4],[-40,-59],[6,-45],[-55,-31],[-71,-19],[-63,-32],[-51,-105],[-57,5],[-27,-38],[-27,-7],[-108,50],[-117,8],[-69,11],[-32,-24],[-89,-114],[-53,-80],[-116,-83],[-3,-55],[-16,-56],[-1650,37],[46,40],[12,51],[-49,53],[17,62],[-50,25],[-70,-3],[-16,17],[-45,-29],[-54,6],[-25,74],[-61,125],[-16,50],[-135,80],[-45,-35],[-37,2],[-60,66],[-65,35],[5,63],[-3,149],[-45,28],[-74,-17],[-32,4],[-48,89],[-40,22],[-17,31],[-82,22],[-103,63],[-18,46],[-69,75],[-94,118],[-29,75],[6,37],[-19,36],[0,51],[-38,101],[-50,56],[-47,111],[-48,83],[-77,59]],[[18121,41120],[33,34],[57,24],[48,7],[37,20],[20,76],[-31,201],[8,34],[121,69],[96,-11],[75,-29],[72,-14],[204,-5],[125,-31],[54,-8],[76,-56],[61,-34],[26,-1],[83,27],[27,63],[8,69],[-31,75],[-4,40],[35,48],[55,29],[79,4],[53,69],[74,-5],[78,-26],[58,30],[-26,77],[4,43],[118,69],[17,25],[0,60],[-23,82],[1,34],[34,37],[14,72],[-34,60],[-6,34],[21,176],[17,48],[16,118],[44,-13],[46,-48],[88,-27],[49,-40],[73,-33],[127,-36],[38,-26],[42,-70],[-31,-74],[27,-64],[10,-60],[26,-24],[127,18],[51,-5],[60,75],[79,2],[55,-20]],[[27889,42718],[65,-22]],[[27954,42696],[6,-40],[-33,-98],[-4,-75],[8,-79],[-9,-45],[-40,-54],[-36,-5],[-96,39],[-30,1],[-56,-34],[-86,-139],[-5,-65],[-32,-68],[-106,-106],[-11,-40],[19,-103],[-21,-22],[-64,-24],[-91,-17],[-76,-31],[-62,10],[-42,-22],[-59,-58],[-24,2],[-66,34],[-64,-11],[-24,-39],[-54,-130],[15,-65],[26,-32],[45,-25],[60,7],[182,-45],[46,-16],[32,-62],[35,-104],[20,-22],[45,-11],[65,35],[49,9],[32,-15],[20,-42],[23,-87],[6,-65],[-20,-105],[12,-106],[39,-45],[139,-87],[59,-49],[99,-44],[51,-42],[44,-58],[81,-131],[16,-75],[-10,-22],[-57,-42],[-181,-96],[-74,-65],[-16,-27],[4,-65],[-50,-25],[-50,9],[-34,-18],[-14,-109],[25,-145],[4,-73],[-12,-26],[-86,-50],[-99,-36],[-87,-65],[-35,-11],[-129,-3],[-145,-51],[-98,-39],[-129,-35],[-38,-21],[-38,-65],[24,-73],[70,-58],[44,-25],[80,-19],[40,-36],[13,-35],[-9,-53],[-98,-112],[-38,-73],[-29,-109],[-19,-129],[-32,-98],[-37,-184],[-64,-123],[-15,-49],[-18,-151],[-14,-53],[-58,-103],[-51,-112],[-35,-108],[-20,-116],[-66,-162]],[[55360,29106],[-54,72],[-9,53],[20,49],[67,77],[31,20],[52,-8],[37,-84],[63,-40],[41,-6],[49,48],[45,112],[96,59],[69,20],[31,42],[9,127],[-9,60],[38,74],[13,69],[3,83],[48,78],[15,73],[-4,58],[-18,70],[8,37],[25,14],[78,-11],[103,73],[145,44],[57,23],[89,53],[109,11],[22,23],[-16,56],[-81,130],[15,73],[39,47],[2,52],[-19,24],[-55,25],[-44,84],[17,158],[-14,64],[26,95],[-46,74],[-35,36],[-43,66],[-4,47],[-107,162],[-27,63],[-726,669],[-120,2],[-58,65],[-27,7],[-146,-49],[-76,-32],[-58,-6],[-52,22],[-49,7],[-88,-19],[-104,33],[-52,-50],[-56,-35],[-34,-8],[-94,12],[-101,-54],[-156,-65],[-56,10],[-33,52],[-28,21],[-52,2],[-73,-60],[-35,-12],[-35,56],[24,97],[-26,74],[-3,116],[-12,42],[-50,38],[-159,55],[-41,27],[-75,151],[16,96],[-15,81],[-48,66],[-102,20],[-62,50],[-85,48],[-98,36],[-99,-4],[-78,-25],[-67,-9],[-61,19],[-118,-88],[-54,-28],[-38,1],[-86,53],[-24,1],[-44,-63],[-43,-34],[-130,-65],[-54,-18],[-304,353],[-61,28],[-63,47],[-93,105],[-76,24],[-93,115],[-63,59],[24,46],[8,73],[30,41],[88,24],[38,61],[94,40],[29,49],[57,42],[16,47],[57,39],[122,45],[69,58],[-5,80],[-41,79],[21,61],[-14,49],[-42,7],[-138,117],[-46,30],[-19,76],[42,51],[8,35],[-37,50],[-23,108],[-76,71],[-17,44],[-173,187],[-42,56],[-31,73],[-38,24],[-32,39],[-48,36],[-63,-3],[8,43],[-59,67],[12,38],[-46,47],[6,37],[46,77],[-11,53],[38,34],[18,52],[35,60],[-12,54],[-30,47],[-4,32],[28,48],[25,16],[47,136],[-15,61],[15,67],[29,37],[-11,54],[95,152],[51,29],[21,68],[-9,28],[-141,210],[53,146],[-32,125],[-17,104],[-46,134],[2,248],[4,181],[-21,88],[-16,30]],[[51424,38209],[-14,26],[55,73],[21,58],[84,10],[46,46],[74,13],[47,59],[-43,30],[39,37],[14,-20],[68,27],[29,56],[44,-13],[28,41],[52,19],[37,49],[25,10],[22,64],[39,19],[66,9],[69,76],[24,49],[49,-20],[23,40],[36,7],[45,43],[44,-3],[74,63],[56,16],[8,94],[22,29],[42,19],[46,42],[48,-29],[18,24],[62,19],[34,-11],[57,51],[39,-4],[95,105],[105,75],[300,232],[61,23],[36,64],[14,46],[34,30],[-5,36],[22,23],[57,-10],[42,-28],[69,10],[64,-19],[57,5],[64,-25],[128,59],[53,34],[16,33]],[[54165,40020],[37,-13],[41,9],[43,-12],[9,-43],[5,-165],[18,-104],[8,-138],[15,-110],[-10,-76],[-60,-117],[-12,-62],[27,-90],[69,-33],[48,-66],[40,-33],[183,-117],[17,-23],[4,-54],[52,-75],[95,-91],[59,-16],[108,-56],[47,-50],[52,-74],[24,-20],[80,-26],[53,-88],[152,31],[108,-34],[46,-31],[64,-94],[47,-56],[10,-48],[30,-41],[63,-36],[52,-50],[36,-93],[7,-104],[20,-45],[-42,-81],[1,-31],[78,-65],[56,-23],[42,-43],[12,-52],[47,-21],[54,20],[47,38],[19,-56],[37,-42],[18,-44],[85,-37],[21,-45],[-8,-40],[39,-38],[24,-61],[10,-88],[55,-25],[23,-62],[29,-12],[85,4],[36,-43],[23,-108],[36,-31],[-5,-28],[56,-126],[56,-95],[104,-122],[64,-111],[53,-44],[53,-69],[50,-87],[47,-31],[96,-109],[80,-61],[49,6],[29,43],[24,4],[73,-49],[57,-88],[35,-34],[39,-14],[46,-59],[43,-11],[42,14],[58,-21],[42,11],[29,25],[39,79],[97,116],[33,1],[41,-24],[68,-6],[52,11],[56,-71],[29,-76],[26,-18],[39,16],[35,107],[30,52],[34,28],[97,6],[19,10],[-1,105],[21,43],[93,-9],[67,14],[40,26],[36,-27],[158,-61],[53,-41],[24,-43],[48,-47],[31,-88],[48,-101],[1,-32],[-31,-51],[-2,-53],[48,-103],[15,-51],[29,-277],[15,-31],[64,-80],[42,-86],[60,-205],[29,-201],[49,-151],[30,-63],[69,-66],[139,-63],[66,23],[62,-45],[41,0],[41,25],[8,35],[47,-8],[33,35],[56,16],[21,-37],[7,-48],[-10,-88],[50,-52],[-32,-44],[28,-69],[3,-71],[62,-103],[26,-20],[73,-10],[45,14],[178,94],[37,6],[89,-18],[76,-60],[51,-86],[11,-78],[-26,-72],[16,-52],[115,-109],[32,-50],[63,-138],[11,-73],[37,-48],[22,-65],[85,-111],[126,-87],[67,-62],[56,-74],[25,-48],[19,-85],[-11,-86],[-37,-190],[-31,-52],[-71,-200],[-10,-45],[-31,-49],[-68,-76],[-15,-35],[-2,-61],[38,-75],[-9,-45],[-66,-16],[-56,34],[-32,1],[-26,-25],[-26,-77],[-3,-53],[-62,-63],[-147,-97],[-98,-27],[-44,-39],[10,-52],[77,-31],[92,-54],[132,-150],[18,-31],[40,-108],[53,-33],[35,-62],[16,-68],[71,-79],[12,-41],[0,-83],[9,-49],[50,-94],[-11,-56],[-25,-18],[-105,-29],[-74,-40],[-72,-29],[-13,-37]],[[60994,30040],[-32,-17],[-56,-52],[-82,-55],[-125,-54],[-224,-136],[-84,-5],[-47,-21],[-55,-88],[-66,-79],[-6,-27],[10,-77],[-14,-54],[-94,-80],[-45,-99],[-27,-38],[-78,-65],[-61,-164],[-67,39],[-43,-9],[-117,-70],[-133,-50],[-59,-10]],[[41591,33205],[-26,-57],[-31,-5],[-67,66],[-32,55],[-70,50],[-46,2],[-46,-22],[-46,-51],[-21,-52],[-63,6],[-48,29],[-48,59],[-29,94],[-67,11],[-14,46],[-24,9],[-45,-21],[-37,8],[-90,43],[-18,-36],[-92,-6],[-83,-58],[-147,50],[-25,-60],[-65,-52],[-120,-42],[-43,-51],[-10,-42],[32,-59],[46,-27],[50,1],[38,-13],[38,-46],[-14,-19],[35,-159],[-4,-35],[-63,-51],[-62,-6],[-90,24],[-35,1],[-24,-54],[10,-71],[-24,-47],[-69,-25],[-141,12],[-19,27],[-1,49],[-53,43],[-70,16],[-29,-24],[1,-67],[40,-54],[70,-172],[100,-82],[25,-48],[-9,-71],[-29,-70],[15,-53],[49,-40],[-19,-38],[0,-71],[38,-68],[16,-60],[82,-114],[30,-111],[20,-108],[-18,-77],[120,-100],[-33,-57],[23,-29]],[[40210,31225],[15,-62],[-34,-51],[7,-55],[23,-59],[4,-40],[-70,-119],[-43,-19],[-100,51],[-59,42],[-67,-36],[-96,-79],[-67,-76],[-53,2],[-63,63],[-37,-12],[-56,-127],[-9,-66],[-33,7],[-20,34],[-61,55],[-57,-50],[-57,-7],[-41,53],[-4,59],[19,69],[3,56],[28,17],[45,-9],[35,35],[-77,73],[-4,27],[48,19],[11,22],[-44,46],[3,43],[-30,5],[-26,-61],[-39,-5],[-46,37],[-17,76],[-63,16],[-17,16],[21,41],[72,37],[28,27],[-6,38],[-115,29],[-23,64],[-75,-3],[-67,-41],[-83,-72],[44,-30],[7,-44],[-30,-19],[-44,14],[-32,69],[-53,19],[-48,-32],[-3,-67],[-26,-5],[-48,29],[-53,13],[-32,26],[-151,19],[-86,40],[-47,-10],[-116,-67],[-14,-44],[19,-84],[-91,-44],[38,-38],[-28,-26],[-91,34],[-12,48],[-78,29],[-41,5],[-25,-36],[8,-28],[51,-41],[3,-50],[-119,-63],[-94,-14],[-55,31],[-63,3],[-234,-74],[-106,-19],[-115,-32],[-289,-50],[-65,12],[-96,-27],[-137,11],[-129,30],[-121,43],[-144,64],[-173,99],[-60,21],[-115,19],[-77,37],[-158,0],[-112,-7],[-124,-30],[-29,0],[-253,86],[-106,-17],[-142,-33],[-201,-18],[-67,-13],[-168,-48],[-161,-19],[-77,-50],[-185,-82],[-113,-64],[-40,-60],[-35,-30],[-72,-8],[-39,-20],[-39,-40],[-135,-192],[-119,-112],[-156,-62],[-105,-56],[-41,-67],[-80,-92],[-157,-118],[-91,-93],[-16,-56],[-91,-118],[-113,-113],[-52,-31],[-54,-12],[-140,-18],[-115,-43],[-44,-34],[-63,-87],[-126,105],[-51,53],[-19,45],[5,97],[-105,192],[-27,41],[1,44],[76,149],[23,127],[4,227],[-10,42],[-37,41],[-14,63],[-11,148],[7,94],[13,42],[-15,120],[28,83],[-13,112],[-34,71],[0,80],[-84,119],[-91,95],[-18,65],[-48,99],[-57,51],[-46,110],[-26,97],[-38,52],[-22,54],[-9,99],[20,60],[-6,84],[8,37],[28,22],[58,79],[10,49],[-18,65],[29,79],[51,67],[13,93],[-10,36],[9,98],[16,22],[55,24],[10,78],[-11,65],[20,164],[-81,37],[-42,98],[-51,40],[45,58],[21,51],[4,45],[29,37],[36,73],[0,65],[-27,44],[24,61],[-30,24],[-17,99],[16,39],[15,124],[36,37],[-73,89],[11,54],[34,39],[35,3],[81,52],[21,27],[75,1],[7,49],[32,3],[49,68],[35,10],[48,-21],[36,55],[46,23],[16,84],[-20,50],[0,102],[32,108],[37,39],[7,40],[-40,108],[-28,51],[10,64],[113,131],[30,66],[71,81],[82,57],[55,58],[81,108],[82,48],[-2,77],[41,37],[16,38],[-9,176],[-20,69],[-5,143],[9,43],[34,40],[77,40],[39,33],[152,175],[66,38],[21,38],[-32,126],[15,68],[48,86],[49,29]],[[32929,37123],[33,18],[54,58],[89,14],[57,23],[95,72],[120,45],[60,36],[157,127],[65,72],[113,-5],[38,14],[78,6],[66,-15],[128,-47],[46,-7],[104,29],[38,40],[34,65],[66,36],[68,17],[87,-4],[58,8],[85,25],[54,27],[54,42],[86,103],[84,-9],[26,-25],[48,9],[46,-31],[47,2],[46,-30],[66,0],[57,-50],[26,-131],[3,-49],[-15,-51],[-1,-67],[21,-89],[37,-31],[85,-27],[33,-28],[46,-16],[84,-112],[47,-4],[84,53],[45,-3],[75,-44],[87,28],[85,109],[27,45],[82,22],[22,55],[61,32],[41,-34],[50,-5],[62,10],[59,-20],[86,-6],[153,44],[52,11],[63,-19],[37,4],[77,-11],[19,-29],[82,-36],[213,34],[83,-42],[59,-16],[36,87],[1,61],[-31,82],[-35,40],[-35,62],[-96,98],[-7,47],[54,72],[38,75],[77,75],[26,86],[30,27],[4,41],[-29,73],[24,36],[58,-6],[57,-60],[61,-17],[56,7],[-14,70],[30,55],[53,40],[36,11],[84,68],[62,23],[115,82],[-49,68],[-56,131],[0,35],[25,35],[119,54],[44,72],[13,49],[46,106],[-1,19],[56,63],[37,11],[46,-20],[24,14],[49,107],[9,54],[59,43],[6,38],[-37,73],[21,55],[43,37],[43,12],[123,-50],[27,5]],[[38654,39611],[32,21],[32,44],[43,95],[39,62],[78,107],[18,95],[31,38],[95,60],[21,36],[9,78],[-17,29],[-70,56],[-9,29],[35,43],[113,45],[65,10],[106,-38],[75,25],[73,76],[5,39],[-12,48],[-27,47],[8,33],[72,-3],[51,26],[12,47],[-2,106],[-10,57],[24,128],[34,35],[65,42],[89,96],[71,-2],[107,-51],[120,-33],[115,20],[43,23],[20,71],[18,27],[68,43],[17,30],[0,50],[14,61],[83,114],[59,62],[71,-29],[60,-6],[83,10],[60,16],[200,135],[117,35],[106,-8],[70,66],[54,4],[23,-13]],[[41311,41848],[20,-35],[67,-66],[18,-58],[-32,-68],[21,-140],[21,-94],[45,-64],[84,-59],[28,-52],[99,-102],[19,-76],[-15,-26],[-66,-51],[-18,-63],[11,-80],[49,-123],[52,-47],[24,-54],[-9,-53],[-23,-45],[-1,-81],[-9,-74],[-27,-38],[-61,-47],[-31,-48],[18,-64],[-6,-38],[20,-40],[82,-50],[52,-72],[-22,-131],[-4,-98],[-26,-39],[-44,-29],[-42,-70],[4,-55],[23,-54],[36,-128],[18,-33],[102,-116],[11,-20],[9,-86],[32,-40],[48,-17],[49,-33],[46,-51],[56,-14],[60,10],[131,-15],[71,17],[126,16],[116,0],[108,-20],[38,-37],[-8,-73],[7,-96],[-8,-62],[-18,-31]],[[19908,20066],[2,-63],[126,-197],[6,-48],[39,-136],[49,-88],[-25,-53],[-107,-27],[-41,-29],[-8,-26],[35,-27],[90,-14],[49,-27],[123,-44],[94,-21],[29,-20],[31,-48],[-11,-78],[12,-13],[7,-80],[-39,-72],[-18,-81],[-3,-58],[-22,-59],[21,-43],[-32,-129],[38,-51],[4,-74],[-10,-29],[6,-109],[31,-2],[-6,-41],[-39,-70],[16,-46],[-92,-179],[-24,-78],[-35,-31],[-106,-64],[-43,-61],[3,-107],[25,-41],[50,-111],[59,-72],[6,-30],[-21,-170],[151,-43],[59,-41],[82,-25],[7,-18],[-31,-78],[14,-51],[115,-99],[29,-60],[17,12],[65,-21],[-6,-24],[48,-15],[80,-47],[37,-63],[32,0],[11,-38],[37,8],[37,60],[63,-34],[31,-29],[55,-2],[21,-56],[0,-37],[42,-33],[74,15],[70,41],[44,-3],[94,-49],[19,-22],[18,-72],[-4,-164],[-16,-99],[-23,-90],[-54,-121],[-26,-35],[-74,-64],[-69,-25],[-34,2],[-61,-30],[-43,-35]],[[16459,14144],[-70,42],[-97,85],[-77,37],[-83,-2],[-38,27],[-26,51],[-3,51],[-48,75],[-25,21],[-95,-88],[-63,15],[-31,-22],[-7,-44],[-57,-20],[-81,-3],[-122,-91],[-60,3],[-81,-46],[-77,15],[-85,-51],[-67,22],[-10,42],[9,34],[-54,108],[-45,37],[-104,19],[-58,71],[-16,40],[-38,48],[-36,26],[-89,37],[-49,62],[-45,135],[-24,30],[-49,-15],[-20,-97],[-26,-47],[1,-43],[-55,-110],[-54,53],[-42,60],[-14,45],[-12,147],[-210,41],[-175,59],[-193,73],[-43,11],[-107,3],[-59,21],[-38,55],[-1,41],[-140,8],[-47,18],[-46,-12],[-38,12]],[[13642,29185],[27,-237],[-33,-2],[-31,-29],[5,-102],[27,-46],[33,-131],[50,-31],[51,12],[76,0],[58,46],[49,13],[34,-11],[46,-49],[64,-134],[60,-109],[-48,-46],[-12,-48],[1,-53],[19,-58],[31,-61],[53,-17],[45,-44],[45,-85],[31,-118],[-1,-86],[-60,-20],[-32,-126],[27,-44],[-18,-19],[27,-53],[-8,-44],[67,-87],[42,-30],[44,-13],[14,-29],[48,-44],[39,-96],[63,-50],[57,39],[41,-19],[47,-78],[9,-74],[-39,-76],[12,-111],[-63,-70],[-24,-97],[-24,-47],[-45,-27]],[[11104,24473],[-46,52],[-46,-11],[-75,-73],[-51,-10],[-112,1],[-62,16],[-19,16],[-8,49],[38,90],[-48,66],[-8,35],[-94,92],[10,74],[-67,1],[-28,20],[-171,3],[-50,32],[-24,33],[-10,76],[-50,68],[33,66],[-28,99],[33,101],[67,110],[57,75],[19,47],[-16,25],[4,47],[-47,1],[-66,-51],[-58,27],[-45,-28],[-68,46],[-74,-24],[-28,11],[-43,50],[-97,49],[-51,-19],[-26,-55],[-32,-39],[-64,-28],[-86,-1],[-104,-18],[-29,-22],[-42,-77],[-90,-118],[-93,-47],[-45,17],[-29,65],[-20,115],[-20,16],[-272,34]],[[8823,25577],[84,17],[46,18],[45,55],[0,44],[-16,53],[6,83],[-47,20],[-13,56],[-55,21],[-8,54],[-46,31],[-66,66],[-13,61],[5,60],[-25,27],[29,50],[60,6],[47,-26],[41,2],[73,62],[73,11],[52,-7],[88,-28],[33,26],[4,51],[20,47],[34,39],[36,14],[160,27],[25,21],[-5,38],[-50,85],[4,32],[73,18],[74,80],[56,29],[220,154],[30,31],[6,35],[-29,88],[-28,36],[-51,36],[-51,15],[-129,0],[-15,12],[-16,97],[2,96],[-22,49],[13,81],[-30,64],[-13,87],[32,173],[-13,84],[26,14],[176,6],[105,52],[72,78],[110,12],[70,38],[106,-2],[72,25],[64,4],[58,52],[95,24],[53,63],[47,5],[3,42],[31,37],[-10,28],[-74,35],[-12,46],[41,31],[-60,54],[-69,-1],[-38,13],[-8,58],[-67,48],[25,85],[-12,46],[35,51],[-18,24],[14,62],[-17,89],[20,47],[51,20],[23,103],[45,59],[6,96],[-11,40],[-65,71]],[[10440,29513],[85,7],[73,-7],[65,-46],[78,-14],[46,35],[41,82],[-1,70],[78,52],[117,-10],[103,-51],[55,-6],[151,100],[70,33],[46,-1],[56,-23],[33,18],[39,52],[46,23],[55,0],[123,-31],[48,12],[37,53],[19,55],[29,39]],[[45889,33597],[5,-54],[-36,-103],[1,-37],[-22,-109],[-18,-42],[-50,-39],[-8,-32],[27,-74],[-18,-42],[2,-52],[16,-41],[-20,-88],[-26,-32],[16,-54],[-69,-37],[-58,-47],[41,-47],[45,-32],[-37,-46],[7,-32],[31,-32],[-80,-61],[-22,-39],[-84,-48],[-24,-108],[-21,-24],[-37,-78],[-48,-34],[-108,-23],[-39,-56],[-28,-10],[-55,11],[-58,-27],[-28,-27],[39,-49],[-7,-56],[2,-138],[13,-17],[-4,-65],[65,-166],[62,-36],[5,-48],[31,-47],[27,-83],[-2,-67],[25,-33],[19,-92],[-12,-65],[22,-160],[-7,-21],[-60,-16],[-126,21],[-59,-20],[-55,-88],[-98,-74],[-24,-65],[12,-71],[27,-60],[50,-53]],[[45031,30432],[-52,-30],[-67,-63],[-37,-22],[-45,-51],[-116,-98],[-105,-35],[-24,4],[-65,-62],[-36,31],[-83,-23],[-53,50],[-40,6],[-53,-28],[-60,35],[-46,84],[-2,37],[-49,20],[-45,-6],[-16,28],[-60,16],[-39,-45],[-72,4],[-52,-14],[-29,29],[-20,-30],[-61,20],[-19,21],[-75,16],[-41,-16],[-113,9],[-98,49],[-99,20],[-63,36],[-44,11],[-98,51],[-80,-2],[-46,-15],[-59,-116],[-37,-31],[-4,-30],[31,-67],[-30,-24],[-26,38],[-48,-27],[31,-54],[-11,-20],[-51,-3],[-12,-20],[59,-94],[-22,-47],[-42,-29],[-21,-43],[6,-67],[34,-2],[45,31],[6,-53],[25,5],[1,73],[40,18],[35,-84],[36,15],[4,30],[44,9],[13,-55],[-21,-54],[51,-53],[-20,-70],[4,-64]],[[42989,29581],[-83,-5],[-252,-24],[-40,-25],[-108,-27],[-154,-18],[-191,-16],[-79,-2],[-32,11],[-85,5],[-55,54],[-10,28],[-47,26],[-27,41],[-149,-119],[-141,-66],[-95,-58],[-191,-133],[-49,-13]],[[41201,29240],[29,121],[-9,62],[40,178],[4,79],[-27,66],[-47,55],[-30,81],[-102,133],[-31,132],[-67,86],[-15,53],[-103,137],[-43,86],[-114,177],[-67,157],[-13,45],[4,92],[-10,25],[-55,41],[-22,69],[-47,62],[-35,185],[-55,-34],[-60,-75],[44,-25],[-12,-48],[-79,10],[-34,42],[-35,-7]],[[19461,7615],[19,-70],[8,-66],[64,-218],[32,-71],[8,-41],[-16,-81],[15,-97],[52,-107],[-19,-97],[22,-89]],[[19646,6678],[9,-64],[-46,-32],[-51,-6],[-238,13],[-98,-47],[-82,-149],[-73,28],[-72,41],[-53,-72],[-50,-46],[-234,-107],[-66,-6],[-73,-37],[-4,-64],[49,-38],[19,-67],[54,-48],[74,-2],[48,-82],[62,-45],[35,-70],[-36,-57],[-90,-22],[-32,-86],[-47,65],[-152,-6],[-74,17],[-54,25],[-90,5],[-136,-77],[-53,-47],[-16,-86],[-30,-94],[-64,-28],[-209,-8],[-110,-94],[-56,-32],[-19,-66],[-113,-197],[-65,-23],[-64,-53],[-24,-62],[-45,-46],[-64,46],[-58,-66],[-143,6],[-77,-22],[-28,-93],[-120,-93],[-47,-71],[-65,-59],[-60,9],[-71,22],[-109,16],[-54,34],[-75,-34],[-231,-206],[-82,1],[-47,-44],[-28,-67],[13,-99],[-11,-131],[49,-48],[23,-64],[7,-89],[118,-77],[19,-84],[51,-54],[21,-75],[51,-59],[49,-98],[59,-7],[41,65],[24,84],[76,29],[58,-47],[32,-66],[-75,-96],[40,-134],[-8,-103],[19,-87],[58,-52],[-28,-79],[-147,-98],[-65,-56],[4,-110],[71,-24],[122,2],[53,-76],[30,-65],[-30,-86],[-75,-5],[-53,-58],[-47,-100],[-72,53],[-68,9],[-60,-76],[-74,19],[-125,-5],[-54,29],[-73,2],[-132,-58],[3,-74],[31,-69],[-41,-79],[-236,-137],[-49,-50],[-85,-113],[-16,-96],[87,-31],[113,38],[50,-43],[-53,-98],[-63,2],[-78,-62],[-35,-72],[-55,-33],[-106,29],[-84,-22],[-41,-48],[-53,-96],[-25,-98],[-99,26],[-54,27],[-78,4],[-89,-31],[-75,34],[-16,81],[-51,84],[-75,19],[-84,-36],[-87,-52],[-87,-29],[-58,22],[-55,55],[-82,41],[-101,-25],[-50,-55],[-66,-29],[-80,-21],[-76,-55],[-102,26],[-65,58],[-50,65],[-63,182],[15,69],[-27,94],[-59,43],[-41,79],[-87,-19],[-110,-62],[-81,-77],[107,-127],[-40,-67],[-159,-29],[-101,0],[-22,-77],[7,-84],[-131,58],[-81,2],[-49,-95],[-76,-48],[-49,71],[-57,-16],[-78,-41],[-96,0],[-101,-55],[-111,10],[-38,67],[-56,65],[-80,-27],[-57,-50],[-18,-77],[34,-64],[123,-56],[-105,-124],[-11,-127],[29,-77],[77,12],[65,-38],[12,-62],[-53,-111],[-60,-29],[-126,-19],[-31,-66],[-76,-56],[-59,-7],[-75,34],[-164,-77],[-90,-90],[-22,25],[-65,14],[-42,65],[-16,86],[-25,60],[-76,73],[-60,18],[-73,-3],[-52,-25],[-112,-24],[-82,14],[-123,104],[-54,104],[-41,97],[-36,35],[-59,3],[-44,-26],[-36,-58],[-59,-65],[-78,-74],[-63,-109],[-26,-76],[-57,-102],[-57,-120],[-49,1],[-94,53],[-57,78],[-58,50],[-49,26],[-86,30],[-26,28],[-45,81],[-60,35],[-49,-32],[-41,-62],[-40,9],[-23,28],[-51,122],[-87,72],[-32,-11],[-124,79],[-49,65],[-9,69],[15,80],[47,93],[-1,61],[-26,82],[-2,70],[-33,45],[-103,-13],[-21,13],[-54,146],[-48,243],[-114,212],[-112,29],[-57,40],[-13,58],[-62,6],[-12,15],[-13,87],[-18,36],[-1,49],[-22,28],[-110,-21],[-116,-60],[-43,10],[-13,126],[23,65],[3,128],[-22,75],[-64,64],[-56,107],[-86,76],[-75,33],[-43,42],[-48,66],[-101,65],[-44,-6],[-27,-26],[-54,-112],[-154,-233],[-52,-35],[-80,-29],[-22,-49],[51,-73],[-28,-130],[-38,-19],[-28,-40],[-77,-46],[-15,-26],[-38,-10],[-48,17],[-100,57],[-65,9],[-77,-3],[-146,88],[-76,11],[-75,30],[-37,33],[-122,75],[-72,16],[-62,24],[-114,73],[-136,-20],[-20,5],[-21,59],[11,125],[-14,206],[-10,19],[-77,-11],[-33,41],[0,74],[-22,51],[-66,36],[-72,-5],[-59,27],[-2,40],[19,65],[-13,37],[-33,38],[18,70],[-11,48],[48,49],[17,51],[-98,60],[-48,9],[-60,-14],[-76,21],[-17,57],[-29,41],[-62,12],[-34,51],[-81,-43],[-61,-22],[-213,-93],[-63,32],[-41,-9],[-93,-82],[-89,16],[-52,26],[-28,31],[-76,-16],[-59,-41],[-3,-20],[33,-51],[61,-64],[16,-87],[6,-211],[-6,-115],[-37,-27],[-150,0],[-147,-50],[-67,10],[-50,-61],[-141,-67],[-56,-42],[-69,-65],[-36,-22],[-97,-3],[-32,46],[-68,25],[-6,54],[-24,21],[-77,9],[-134,-25],[-95,65],[-40,16],[-55,-21],[-117,157],[8,55],[-21,18],[-77,4],[-127,-16],[-24,18],[-58,92],[-82,6],[-43,49],[-36,5],[-31,-27],[-38,-1],[-52,42],[-84,-13],[-48,39],[-79,17],[-70,-36],[-52,-42],[-128,0],[-70,24],[-73,-17],[-42,2],[-88,51],[-64,53],[-65,37],[-30,1],[-48,-53],[-52,12],[-55,-40],[-72,-11],[-37,45],[-16,73],[-66,60],[-66,0],[-32,37],[-61,21],[3,-54],[-47,-36],[-67,-30],[-53,-51],[-35,-13],[-119,48],[-1,33],[-30,48],[3,37],[53,44],[116,64],[22,48],[-1,34],[60,85],[22,49],[106,50],[95,-28],[42,-4],[63,44],[0,34],[-69,70],[2,80],[-57,75],[-31,88],[-21,35],[-102,81],[-7,30],[35,28],[21,51],[-18,119],[-40,39],[-3,53],[49,52],[-15,32],[-68,-5],[-49,-62],[-35,15],[0,105],[-36,46],[-70,32],[-41,-16],[-16,-47],[-34,3],[-6,36],[33,93],[36,48],[-10,35],[-40,25],[-50,-14],[-29,-58],[-38,-43],[-43,-23],[-59,37],[-41,72],[36,93],[-1,30],[-39,69],[-99,39],[-7,30],[92,123],[51,75],[109,75],[94,33],[61,-9],[156,11],[65,27],[10,30],[-10,67],[37,58],[25,67],[2,39],[-115,-11],[-43,23],[-23,143],[-15,59],[-40,29],[-29,-54],[-36,4],[-23,28],[-42,125],[6,150],[22,53],[-8,60],[57,56],[9,44],[-24,38],[17,22],[83,-11],[71,-83],[131,-76],[77,54],[115,34],[67,37],[9,71],[-31,136],[-3,62],[-91,38],[-22,48],[-15,223],[38,31],[36,-5],[44,-33],[31,-75],[51,-46],[77,-5],[105,66],[49,-1],[28,-19],[13,-37],[30,-147],[62,-65],[12,-80],[44,-43],[52,18],[17,36],[-9,41],[-42,66],[21,65],[110,41],[32,26],[53,-19],[78,-83],[56,-33],[54,-15],[270,1],[104,29],[47,-9],[17,-51],[29,-29],[62,9],[41,54],[38,125],[4,57],[-4,110],[25,157],[19,36],[85,92],[9,54],[-29,55],[30,43],[104,4],[137,123],[48,53],[20,70],[39,87],[52,33],[54,54],[72,-2],[55,16],[48,39],[14,28],[3,62],[-25,47],[7,26],[123,137],[69,35],[37,118],[-75,-6],[-59,33],[3,42],[-48,17],[-105,-6],[-17,25],[74,56],[76,-8],[54,23],[45,3],[56,66],[26,61],[63,66],[19,47],[40,52],[-2,54],[-20,44],[14,53],[-45,26],[-48,-7],[20,56],[-45,28],[-13,-31],[-40,-1],[-36,-29],[-17,41],[67,53],[60,17],[1,81],[-12,49],[22,24],[103,25],[36,76],[40,8],[8,-47],[27,5],[-38,96],[-33,34],[-39,8],[25,80],[49,57],[65,46],[64,6],[50,-29],[62,52],[49,66],[8,45],[26,47],[-37,29],[-74,-41],[-44,9],[-36,52],[-42,-3],[-70,17],[-13,27],[50,19],[-14,54],[23,63],[-25,44],[59,2],[12,64],[26,12],[22,46],[-17,27],[27,54],[-21,21],[42,81],[-24,63],[32,113],[42,2],[39,24],[27,-20],[42,20],[34,-26],[34,41],[-24,47],[29,33],[-26,22],[91,45],[17,23],[-2,60],[-47,87],[22,41],[32,6],[20,53],[47,29],[35,-11],[35,39],[88,53],[29,64],[-49,27],[52,79],[-16,23],[17,71],[32,87],[-46,33],[32,53],[-5,27],[44,39],[70,11],[44,-55],[-6,-69],[9,-19],[60,-25],[77,60],[41,-10],[30,-99],[33,-33],[4,-27],[57,-32],[3,-99],[30,-30],[144,-5],[59,-15],[33,70],[22,15],[103,-20],[55,24],[98,59],[48,11],[69,-69],[46,6],[53,-21],[68,43],[60,-23],[27,3],[50,47],[52,6],[47,33],[36,-2],[79,40],[54,3],[115,29],[55,47],[64,-30],[111,4],[55,16],[37,46],[47,34],[46,-2],[72,-43],[32,5],[31,-40],[82,-16],[67,9],[11,27],[-31,71],[5,36],[-24,77],[13,68],[46,9],[65,-43],[13,-69],[23,-24],[86,-19],[40,-57],[40,-13],[22,-36],[60,-20],[34,18],[16,53],[36,16],[38,-95],[28,-25],[114,-19],[89,8],[73,32],[47,99],[61,44],[99,31],[39,28],[70,1],[-40,56],[10,52],[47,35],[81,-54],[22,18],[-85,75],[12,17],[81,8],[80,-10],[-4,34],[64,-9],[3,-41],[55,-59],[50,-1],[13,-21],[-32,-122],[8,-25],[58,-19],[45,-47],[56,-101],[107,-42],[22,-19],[-15,-52],[65,-14]],[[8788,11549],[3,-69],[49,-46],[78,10],[51,-38],[18,-51],[51,-66],[78,-48],[35,-50],[52,-36],[71,-90],[34,-24],[65,-18],[82,-111],[68,-34],[50,-11],[55,47],[2,-75],[20,-88],[34,-49],[27,-12],[45,-63],[92,-109],[54,-72],[58,-39],[34,-3],[95,36],[18,-44],[-15,-93],[26,-41],[36,-21],[47,-51],[112,-12],[45,-50],[-30,-69],[59,-80],[-8,-57],[41,-52],[-21,-45],[54,-73],[-8,-58],[52,-22],[-18,-46],[-4,-54],[44,-59],[37,2],[81,-17],[-7,-42],[43,-34],[0,-22],[47,-25],[24,-39],[20,-67],[-2,-49],[-35,-42],[-73,-20],[-38,-19],[16,-37],[-10,-28],[-52,-32],[16,-24],[54,-8],[87,24],[57,30],[11,-70],[25,-21],[43,43],[28,10],[41,-56],[46,-16],[51,12],[-11,38],[10,36],[60,-32],[44,56],[-32,49],[11,40],[100,86],[69,49],[65,14],[56,-5],[31,37],[1,38],[38,9],[54,-37],[30,-7],[51,-129],[50,-38],[56,-16],[52,-67],[65,-15],[47,-31],[86,11],[1,-52],[33,-72],[46,-47],[4,-93],[15,-30],[-2,-67],[48,-19],[37,37],[44,-7],[38,15],[51,-25],[42,-3],[21,-28],[3,-43],[51,-126],[31,-47],[-4,-64],[15,-74],[-58,-52],[39,-88],[143,-29],[28,-31],[-1,-56],[-19,-40],[-6,-60],[33,-165],[41,-32],[-4,-22],[-49,-93],[22,-29],[-16,-56],[23,-35],[38,4],[24,-37],[0,-75],[68,-107],[5,-52],[56,-6],[7,-78],[34,-37],[46,-23],[37,-50],[29,-7],[81,24],[28,45],[82,49],[68,-28],[47,2],[22,-18],[18,-51],[68,-8],[16,-13],[9,-78],[38,-43],[44,-2],[58,-33],[25,-45],[54,-17],[61,-3],[75,-17],[71,-28],[41,-30],[46,-13],[74,14],[47,-9],[26,17],[9,80],[51,75],[64,-6],[74,-73],[36,-82],[28,-92],[48,20],[84,51],[1,80],[44,59]],[[27954,42696],[59,0],[60,33],[37,-8],[31,-33],[106,-14],[51,-29],[42,10],[31,43],[107,97],[34,-1],[84,-44],[40,-2],[20,19],[25,72],[4,57],[-28,84],[0,70],[15,44],[-16,257],[10,58],[39,129],[71,9],[67,21],[51,44],[18,35],[-38,86],[24,77],[40,198],[21,27],[85,67],[15,76],[-51,118],[25,30],[261,79],[98,-26],[37,-22],[57,-54],[27,-39],[19,-60],[0,-122],[27,-159],[35,-14],[111,50],[116,-58],[111,-20],[146,-45],[126,6],[62,-13],[31,56],[39,39],[40,18],[98,14],[47,29],[48,46],[36,8],[107,-1],[90,13],[52,-8],[125,5],[91,-15],[37,-23],[85,-3],[132,-22],[27,-18],[41,-90],[48,-16],[49,3],[62,-28],[28,1],[53,36],[135,33],[81,-5],[91,-33],[88,-11],[79,-43],[23,-45],[21,-86],[124,-41],[84,-52],[85,-9],[103,32],[58,25],[123,28],[225,-32],[130,-6],[69,-24],[41,-24],[84,-1],[84,95],[54,44],[119,46],[134,25],[103,-26],[77,-30],[64,53],[-8,-85],[14,-69],[30,-61],[1,-32],[-34,-106],[43,-98],[44,-65],[-5,-69],[-30,-74],[55,2],[65,-17],[43,3],[112,44],[100,13],[110,23],[62,38],[18,-28],[7,-55],[21,-64],[62,-28],[54,-85],[124,-31],[94,-7],[1,-42],[49,-32],[75,2],[62,-32],[31,-53],[17,-66],[40,-15],[73,-53],[27,-99],[53,-64],[113,-88],[72,-86],[5,-28],[-15,-57],[39,-13],[66,-45],[81,-35],[57,-67],[17,-63],[63,-77],[2,-106],[63,-55],[60,-13],[38,-21],[22,-36],[-9,-27],[12,-64],[3,-82],[26,-70],[49,-49],[56,-10],[53,69],[68,39],[92,7],[134,32],[21,64],[24,22],[57,15],[16,83],[-2,55],[-71,135],[16,57],[102,80],[43,-8],[89,-99],[61,-32],[70,-8],[82,26],[38,56],[53,38],[102,41],[44,-9],[9,-48],[32,-23],[106,3],[69,-19],[50,-41],[83,-23],[45,-38],[16,-43],[108,-88],[53,-89],[73,-101],[-149,-190],[-2,-58],[177,-108],[59,-54],[78,-41],[70,-49],[103,-121],[11,-37],[-23,-127],[15,-31],[68,-52],[22,-33],[9,-49],[-18,-93],[-10,-114],[77,-125],[22,-67],[48,-64],[63,-58],[42,-121],[3,-45],[25,-88],[67,-70],[26,-86],[-6,-50]],[[32929,37123],[-166,85],[-28,50],[-54,12],[-40,46],[-21,57],[-82,56],[-57,14],[-32,-27],[-48,-7],[-40,11],[-129,70],[-57,-45],[-46,-24],[-23,-78],[-55,-108],[-61,-74],[-26,-64],[-92,-49],[-48,-39],[-115,-176],[-169,-61],[-77,-47],[-30,-37],[-48,-106],[-45,-46],[-29,-71],[-81,-21],[-151,36],[-71,59],[-53,22],[-185,10],[-54,-47],[-17,-124],[-110,-26],[-41,-77],[-69,-74],[-35,-22],[-86,-15],[-30,-16],[-48,-70],[-82,-68],[-77,-53],[-122,-29],[-71,-36],[-34,-36],[-135,-72],[-35,-49],[21,-93],[58,-45],[37,-62],[0,-58],[-46,-60],[-254,-117],[-56,-38],[-81,-110],[-80,-92],[-26,-62],[-52,-91],[-51,-70],[-24,-73],[40,-112],[0,-34],[-38,-23],[-60,-11],[-41,-47],[0,-53],[34,-109],[54,-100],[-1,-30],[-31,-24],[-145,-12],[-158,-23],[-22,8],[-48,65],[-79,19],[-42,-22],[81,-124],[18,-85],[-8,-69],[-23,-23],[-75,-16],[-134,4],[-63,-22],[-100,-122],[-65,-37],[-16,-20],[-3,-53],[-15,-33],[-136,-49],[-22,9],[-21,54],[-29,26],[-58,1],[-82,15],[-94,-17],[-106,1],[-72,-32],[-68,-1],[-69,-54],[-35,-5],[-74,11],[-103,-6],[-63,-38],[-98,-33],[-36,-19],[-55,0],[-33,23],[-62,96],[-21,51],[-52,80],[-48,44],[-59,28],[-61,16],[-46,30],[-53,61],[-69,95],[-109,113],[-39,17]],[[40345,23649],[-32,-24],[-14,-33],[-56,-74],[-63,-34],[-53,-91],[-16,-54],[-61,-76],[-2,-24],[-47,-3],[-55,-52],[1,-57],[-25,-26],[15,-67],[-39,-44],[-46,-18],[-10,-90],[21,-53],[-39,-91],[11,-56],[-2,-58],[-71,-57],[-47,-76],[-26,-25],[-59,-110],[-30,-30],[-21,-45],[2,-31],[-26,-33],[28,-108],[-3,-63],[20,-21],[-17,-37],[39,-30],[11,-75],[-26,-68],[-2,-62],[26,-87],[57,-55],[2,-136],[52,-67],[39,-98],[-3,-38],[26,-30],[20,-63],[31,-48],[46,-41],[9,-51],[-15,-48],[25,-57],[32,-12],[-45,-59],[-35,-90],[-55,9],[-76,50],[-15,-7],[-78,-127],[-46,-8],[-114,-60],[-94,-74],[-78,26],[-54,-133],[-39,-56],[-74,-22],[-80,-35],[-90,-76],[-11,-148],[-35,-6],[-126,50],[-60,84],[-42,28],[-86,1],[-35,51],[-79,86],[-35,28],[-39,-7],[-34,-28],[-34,7],[-29,39],[-49,30],[-62,-10],[-45,-87],[-81,-24],[-38,-91],[-6,-46],[18,-87],[-30,-48],[-70,-18],[-85,21],[-57,-9],[-49,-123],[-28,-37],[-96,-74],[-35,-41],[-52,-31],[-75,-75],[-46,-80],[17,-53],[2,-52],[-19,-47],[-101,-48],[-43,-78],[-51,-6],[-86,-67],[-35,-41],[4,-44],[-18,-33],[-47,-20],[-33,-35],[-116,-21],[-42,-26],[-62,-10],[-25,-33],[-98,-61],[-36,-8],[-39,35],[-62,-39],[-23,-75],[-6,-60],[-26,-20],[-53,-4],[-114,-23],[-144,-128],[19,-77],[-45,-113],[-28,-7],[-85,16],[-52,-13],[-36,12],[-98,-4],[-34,-31],[55,-78]],[[35888,18323],[-40,-45],[-35,-19],[-78,-5],[-43,10],[-54,42],[-63,23],[-96,105],[-10,35],[14,65],[7,99],[-12,53],[-19,10],[-197,5],[-106,-8],[-71,88],[-18,35],[27,62],[103,51],[0,11],[-79,53],[-17,85],[6,67],[32,117],[0,42],[-41,69],[16,51],[65,119],[52,39],[92,18],[37,50],[-9,55],[11,110],[21,57],[41,41],[69,48],[5,17],[-34,52],[18,61],[100,123],[47,110],[-19,106],[1,86],[-12,61],[-6,104],[-31,103],[-46,57],[-51,31],[-31,-1],[-44,41],[-12,92],[-71,130],[-119,63],[-21,106],[-46,28],[-94,28],[-4,40],[-38,12],[-186,-58],[-9,59],[-76,123],[7,35],[50,1],[97,43],[67,103],[32,65],[76,100],[41,21],[131,39],[98,61],[93,-36],[75,15],[45,-16],[43,65],[-76,89],[-40,78],[-16,74],[-34,45],[-25,81],[-46,66],[89,306],[23,113],[50,77],[12,36],[-4,108],[-38,120],[-48,52],[-11,68],[-30,26]],[[35375,23370],[39,-3],[10,-38],[35,-7],[45,16],[32,-8],[152,-91],[41,-4],[50,-33],[7,-105],[29,-84],[51,-59],[-7,-100],[25,-97],[43,-46],[29,-57],[-4,-40],[65,-83],[55,15],[86,-17],[166,2],[25,19],[121,-19],[120,-71],[117,-90],[116,42],[90,8],[76,-81],[59,-1],[28,-18],[63,-12],[97,-31],[45,-23],[63,19],[104,-12],[64,64],[41,30],[57,16],[74,-5],[113,32],[64,-23],[87,-1],[67,36],[7,37],[-26,71],[9,87],[75,67],[47,-33],[63,-13],[76,-71],[32,-48],[56,-43],[13,-31],[-8,-122],[7,-26],[49,-44],[110,34],[-9,69],[23,55],[35,20],[83,-26],[109,44],[82,75],[23,95],[10,75],[99,27],[79,82],[70,22],[20,34],[49,14],[24,40],[20,109],[-50,58],[-27,96],[34,65],[33,106],[22,21],[53,3],[68,-28],[115,71],[20,23],[31,78],[106,78],[11,34],[11,135],[59,37],[50,44],[6,63],[28,30]],[[47010,34882],[38,-38],[34,-76],[59,8],[43,35],[8,30],[61,43],[26,58],[-52,18],[-48,55],[22,34],[62,20],[24,38],[40,15],[27,45],[-31,42],[55,113],[-40,63],[-11,37],[19,60],[-31,50],[24,48],[59,13],[68,1],[54,67],[32,-27],[58,-6],[40,26],[73,-14],[64,37],[17,50],[42,77],[56,41],[26,51],[36,-9],[10,56],[55,26],[-7,81],[52,23],[75,-26],[26,-42],[51,-16],[117,-76],[44,14],[12,83],[37,55],[24,104],[59,43],[33,122],[60,50],[71,-18],[32,2],[49,-35],[10,46],[-16,49],[31,41],[-10,51],[51,38],[50,-3],[58,23],[184,108],[25,77],[68,49],[-14,67],[31,4],[108,63],[33,30],[38,7],[44,30],[107,31],[60,52],[40,22],[63,14],[67,-45],[77,19],[30,36],[37,101],[-8,19],[31,43],[179,121],[73,9],[69,52],[46,-5],[126,-76],[75,-19],[138,-3],[105,38],[57,0],[27,-28],[84,19],[23,35],[3,95],[32,12],[-2,34],[39,2],[-6,45],[26,41],[58,49],[40,15],[60,149],[-71,100],[20,54],[130,85],[126,66],[8,14]],[[54193,18314],[-17,35],[-81,81],[-38,28],[-14,44],[42,108],[-18,43],[-30,31],[-49,16],[-44,-7],[-31,-22],[-57,-87],[-28,-79],[-33,-31],[-26,-1],[-54,28],[-50,-8],[-37,-82],[-62,-57],[-54,-10],[-50,14],[-58,87],[-57,11],[-56,-19],[-75,-80],[-69,-55],[-34,2],[-28,54],[1,38],[53,88],[-9,30],[-78,-19],[-30,28],[-28,68],[-50,1],[-14,-42],[-22,-118],[-15,-38],[-61,-85],[-32,-104],[-79,-51],[-12,-31],[8,-43],[-22,-92],[-47,-28],[-178,23],[-18,-6],[-26,-55],[-38,-28],[-28,-1],[-73,29],[-105,-33],[-153,-34],[-107,-59],[-34,-11],[-35,-98],[-32,-39],[-25,-55],[-36,-41],[-111,-63],[-85,-75],[-53,-38],[-27,2],[-37,39],[-19,48],[7,60],[-44,52],[-101,26],[-39,-3],[-85,-36],[-69,-12],[-60,-75],[-46,-3],[-136,109],[-67,-7],[-45,-44],[-60,-74],[-82,-66],[-88,22],[-38,-24],[23,-107],[-20,-33],[-53,-42],[-12,-113],[-7,-202],[-49,-34],[-106,34],[-74,41],[-95,10],[-73,-19],[-123,-103],[-53,-69],[11,-44],[-25,-99],[-48,-57],[-74,-102],[-64,-32],[-42,4],[-68,66],[-27,8],[-96,-22],[-35,15],[-58,80],[-80,4],[-69,19],[-48,-22],[-89,-16],[-44,4],[-40,27],[-7,109],[22,92],[5,69],[-36,136],[-25,45],[-54,45],[-55,16],[-75,-30],[-125,-66],[-35,-34],[-76,-13],[-161,93],[-41,37],[-23,49],[-28,19],[-95,-11],[-22,45],[-20,80],[-20,36],[-44,30],[-84,9],[-129,-31],[-93,12],[-80,-3],[-30,15],[-33,41],[-77,45],[-49,-2],[-43,-28],[-54,-101],[-42,-65],[-12,-93],[-23,-28],[-82,-27],[-61,-62],[-11,-29],[-4,-83],[-45,-44],[-64,-13],[-8,-54],[23,-176],[36,-67],[-12,-73],[-31,-47],[-7,-35],[-34,-47],[-20,-69],[-21,-23],[-80,-51],[-133,-62],[-88,-18],[-21,-54],[32,-68],[-20,-79],[-51,-54],[-65,-83],[-112,-92],[-96,38],[-81,-31],[-52,7],[-28,30],[-223,69],[-83,-25],[-64,15],[-38,-16],[-29,-84],[-157,-93],[-35,-36]],[[45508,15568],[-47,41],[-137,81],[-47,37],[-34,71],[17,68],[-17,24],[-63,36],[-21,52],[12,104],[-16,116],[-74,131],[-58,72],[-47,17],[-46,40],[-50,75],[-69,42],[-38,40],[-25,68],[-27,24],[-48,16],[-61,-12],[-58,-57],[-23,-59],[-96,6],[-69,-26],[-49,14],[-70,99],[-118,71],[-85,-29],[-106,50],[-85,6],[-56,96],[-64,19],[-45,35],[-56,-22],[-75,-3],[-84,-23],[-52,14],[-44,36]],[[43377,16938],[40,-8],[63,6],[105,52],[53,67],[89,52],[61,14],[40,21],[48,60],[43,35],[45,86],[26,30],[68,36],[55,125],[4,84],[49,46],[65,34],[65,63],[36,13],[26,29],[2,84],[38,44],[91,40],[93,103],[16,41],[6,88],[57,68],[24,48],[-3,94],[-25,43],[-47,49],[22,81],[43,87],[10,60],[-31,72],[-34,123],[-35,55],[-30,71],[38,71],[94,59],[41,55],[73,46],[31,7],[67,69],[38,25],[135,57],[59,32],[102,121],[111,31],[41,47],[113,68],[36,51],[119,49],[51,-4],[29,31],[32,0],[39,31],[72,1],[38,53],[54,11],[45,52],[62,50],[0,34],[40,36],[-61,43],[-11,32],[44,84],[11,49],[27,18],[10,79],[51,51],[11,68],[46,6],[24,31],[0,45],[44,34],[53,70],[17,63],[-10,25],[11,49],[42,37],[70,-26],[26,43],[-2,65],[33,61],[-79,-13],[13,41],[-34,36],[41,17],[5,130],[-35,79],[10,82],[57,28],[-5,59],[27,56],[-36,16],[51,86],[-18,29],[39,20],[-7,34],[66,52],[36,127],[-10,42],[-49,62],[-6,55],[-80,65],[18,49],[-25,24],[-40,93],[42,70],[5,37],[-24,39],[7,54],[-68,48],[-24,40],[11,84],[14,30],[-61,69],[-35,21],[1,36],[-44,11],[-15,41],[-36,15],[-55,-9],[31,60],[-28,29],[-30,67],[4,51],[47,61],[7,34],[-18,51],[19,59],[94,186],[-30,34],[20,19],[-20,53],[-7,103],[29,38],[-9,39],[76,38],[14,53],[47,91],[-39,14],[-24,37],[-105,47],[-8,26],[-46,14],[-14,95],[-62,52],[-1,34],[-33,43],[-18,78],[50,100],[8,43],[-22,88],[-129,362],[-206,288],[-153,180],[-110,137],[-65,107],[-36,87],[-37,165],[-11,80],[-52,124],[-77,50],[-31,34],[10,66],[-58,74],[52,68],[2,29],[69,137],[52,78],[44,52],[-13,49],[3,98],[45,44],[29,0],[16,59],[-10,45],[-100,67],[-12,69],[14,117],[51,21],[9,75],[17,52],[60,49],[180,-8],[145,8],[31,28],[-8,173],[23,25],[10,47],[21,16],[58,-8],[33,14],[-62,85],[8,22],[66,51],[47,20],[39,42],[27,-50],[26,35],[51,15],[-17,92],[22,45],[-37,5],[0,33],[125,410],[-15,46],[-37,56],[-59,47],[-68,68],[-13,25],[-4,98],[-48,146],[-12,64],[-102,57],[36,24],[21,40],[12,115],[-34,132],[-21,108],[19,59],[45,56],[60,38],[61,83],[41,98],[21,116],[-5,102],[-47,104],[-1,110],[7,52],[-7,52],[-61,70],[-56,27],[5,27],[-44,29],[-51,-12],[-107,38],[-51,-24],[-70,11],[-61,-23],[-11,-22],[-50,-29],[-136,-1],[-27,-21],[-148,-17],[-62,-71],[-82,-28],[-57,25],[-51,-42]],[[20007,31399],[35,49],[81,29],[7,57],[26,82],[-11,121],[20,38],[13,72],[86,12],[111,64],[52,-56],[69,-32],[102,-97],[23,-38],[76,-25],[102,17],[73,104],[56,-11],[7,-46],[84,-11],[17,14],[75,-8],[26,19],[132,169],[8,47],[75,99],[80,17],[27,24],[30,-35],[-32,-28],[-46,-12],[-63,-100],[3,-45],[-36,-50],[-81,-50],[-19,-22],[-24,-119],[-19,-30],[-5,-70],[41,-108],[-7,-62],[85,-54],[12,-32],[45,-19],[24,7],[56,-59],[27,-53],[11,-57],[-12,-85],[-20,-73],[21,-85],[-8,-83],[12,-50],[103,-154],[32,-84],[42,-152],[38,-34],[92,-39],[33,4],[70,-41],[83,5],[52,-20],[20,-42],[55,-2],[61,-27],[27,-64],[-37,-26],[-55,-71],[-4,-92],[-75,0],[-40,-10],[-31,-61],[-53,-30],[-30,-75],[-83,-133],[-7,-43],[53,-94],[51,-48],[-3,-64],[37,-6],[42,-27],[32,-84],[82,-36],[23,-44],[-18,-41],[3,-54],[61,-29],[92,-10],[73,-27],[11,-18],[-9,-122],[69,-48],[44,-9],[185,21],[-71,-174],[-20,-30],[-60,-43],[-64,-19],[-77,0],[-78,12],[-86,30],[-10,-56],[-25,-43],[-145,-144],[-16,-40],[10,-110],[11,-34],[-33,-163],[7,-48],[33,-55],[6,-65],[-42,-206],[-8,-125],[8,-61],[85,-141],[-40,-22],[-18,-33],[32,-100],[-7,-70],[-20,-27],[-18,-67],[-102,-103],[-4,-64],[-28,-48],[-22,-11],[-16,-98],[-49,-26],[-9,-68],[-15,-26],[-44,-21],[-31,4],[-27,52],[-43,13],[-35,-21],[-78,-100],[-69,-15],[-29,-192],[-26,-32],[0,-43],[-55,-13],[-54,-1],[-98,-27],[-63,-8],[-51,13],[-19,-69],[-56,-61],[-30,-76],[-69,5],[-75,21],[-65,-19],[-32,-40],[-30,-76],[-48,-40],[-38,-6],[-51,12],[-59,-21],[-46,-76],[-18,-54],[-96,-54],[-8,-49],[-23,-18],[-72,-5],[-66,-57],[-47,34],[-55,-20],[-42,8],[-42,41],[-48,-61],[-104,-25],[-72,7],[-48,-89],[6,-16],[76,-68],[30,-76],[-23,-66],[-35,-60],[-23,-73],[4,-70],[-39,-29],[4,-50],[-48,-125],[-28,-44],[1,-77],[39,-60],[-11,-64],[-40,-29],[68,-77],[13,-43],[-28,-60],[32,-116],[-17,-37]],[[13679,35840],[-95,12],[-39,28],[-20,39],[-49,43],[-101,13],[-30,-4],[-37,-36],[-1,-23],[35,-71],[-8,-50],[-33,-29],[-35,-2],[-114,14],[-40,-33],[-13,-57],[16,-53],[-48,-9],[-45,44],[-112,-36],[-56,18],[-62,-1],[-96,-40],[-45,-34],[-78,-165],[-45,-57],[-39,-8],[-49,11],[-41,31],[-29,-72],[37,-64],[168,-35],[66,21],[108,1],[44,-18],[100,-65],[29,-69],[-47,-56],[-110,-42],[-82,-41],[-60,-58],[-41,-108],[2,-78],[-28,-26],[-42,-10],[-28,-64],[-52,-11],[-60,43],[-65,-5],[-92,-26],[-44,20],[-53,-18],[-87,-15],[-70,18],[-58,-39],[-24,-40],[-17,-105],[-26,-73],[-8,-74],[-28,-104],[-59,-46],[-29,-36],[-26,-64],[-25,-127],[-44,-69],[-30,-11],[-82,-5],[-96,-37],[-37,-36],[-60,-35],[-77,-78],[-58,-21],[-60,-46],[-62,-35],[-118,-85],[-35,-19],[-57,-11],[-162,-8],[-22,29],[4,85],[-19,20],[-105,3],[-63,31],[-26,37],[-66,12],[-101,-74],[-105,-23],[-77,21],[-156,-25],[-79,1],[-94,-29],[-71,-49],[-113,-2],[-188,30],[-102,-23],[-118,3],[-62,24],[-78,-10],[-97,-95],[-163,-29],[-82,-38],[-109,-22],[-232,16]],[[8361,33296],[11,33],[53,25],[34,64],[19,78],[-5,107],[-14,63],[-27,40],[26,31],[-43,72],[-65,59],[-17,52],[-35,24],[-42,-29],[-53,4],[31,63],[-49,6],[-11,87],[10,36],[-19,93],[20,28],[-18,42],[13,48],[49,25],[50,6],[17,18],[-7,47],[24,95],[45,28],[8,30],[-39,22],[4,36],[-83,24],[-2,33],[22,27],[68,12],[9,53],[30,29],[-19,45],[-46,2],[-44,52],[21,27],[-26,21],[7,40],[104,47],[24,24],[3,37],[-29,57],[43,35],[16,34],[-29,110],[-38,36],[-53,31],[15,63],[-15,37],[-82,4],[-41,32],[-13,72],[1,87],[-48,72],[-17,66],[16,86],[35,46],[144,97],[40,34],[15,33],[14,119],[19,39],[40,5],[76,-49],[43,-3],[153,51],[35,36],[39,99],[-1,46],[-25,98],[-53,101],[-48,25],[-84,-7],[-38,14],[-68,97],[-35,28],[-106,-19],[-19,6],[-6,65],[-23,32],[22,53],[8,74],[-48,87],[-18,86],[2,44],[19,38],[1,46],[-16,56],[-64,157],[-51,74],[-9,56],[60,36],[73,64],[79,23],[90,85],[71,5],[81,40],[72,81],[53,20],[79,-11],[57,17],[140,3],[97,50],[88,38],[126,-65],[51,-5],[20,18],[-9,54],[69,56],[-20,79],[51,64],[59,17],[34,23],[90,19],[37,27],[93,1],[42,61],[28,1],[25,-28],[101,3],[48,60],[61,-3],[58,-58],[55,-1],[-5,96],[45,82],[-23,61],[47,51],[75,18],[101,62],[40,-45],[59,-46],[17,-42],[65,-17],[0,60],[36,-2],[47,-42],[56,-31],[46,20],[21,57],[118,-23],[74,-27],[61,26],[45,45],[45,25],[47,59],[40,19],[32,38],[79,34],[50,-44],[54,-8],[31,14],[6,51],[61,52],[78,28],[23,53],[26,10],[69,-8],[106,55],[81,53],[27,31],[34,-11],[28,-77],[37,-59],[97,-84],[52,2],[-4,45],[24,35],[50,-1],[52,24],[13,30],[64,-6],[42,35],[54,-27],[53,18],[24,33],[58,9],[38,-41],[-11,-47],[47,-22],[67,23],[2,40],[37,17],[42,-21],[19,18],[-13,48],[29,59],[72,1],[32,58],[30,-3],[38,33],[15,45],[45,-86],[8,-49],[41,-35],[37,75],[23,12]],[[42989,29581],[-10,-39],[67,-90],[38,-126],[35,-7],[18,55],[54,-8],[-29,-36],[10,-41],[72,-18],[11,-28],[-70,-36],[-41,-107],[30,-33],[44,-23],[-72,-29],[-43,-6],[-60,-59],[-18,-38],[2,-47],[-42,-54],[56,-76],[14,-58],[-63,-207],[1,-47],[29,-52],[-4,-49],[-98,-126],[9,-66],[-21,-58],[-8,-93],[21,-104],[-14,-58],[-60,-23],[-70,-56],[-62,-74],[-89,-82],[-46,-82],[-95,-38],[-56,-73],[-2,-70],[15,-14],[-15,-153],[-25,-119],[-31,-47],[11,-39],[-26,-91],[28,-44],[3,-48],[-19,-14],[13,-82],[-35,-44],[-18,-65],[-47,-63],[0,-51],[-47,-64],[-60,-120],[-45,-14],[-3,-48],[-47,-98],[-60,-62],[-15,-49]],[[40368,23652],[-3,-36],[30,-119],[1,-96],[67,-133],[17,-49],[59,-109],[16,-81],[45,-122],[-2,-112],[21,-119],[55,-95],[60,-78],[9,-66],[59,-91],[74,-72],[49,-27],[178,13],[85,34],[53,51],[115,14],[87,48],[31,53],[57,21],[48,3],[68,59],[21,5],[59,-45],[54,-70],[47,-92],[0,-65],[-45,-59],[0,-43],[52,-87],[15,-57],[-23,-34],[-83,-37],[22,-94],[-56,-99],[-41,-92],[-16,-63],[5,-128],[-45,-46],[-15,-54],[77,-73],[13,-79],[79,-44],[96,-62],[108,-56],[48,-36],[30,-43],[6,-63],[38,-25],[28,-60],[42,-19],[71,-76],[43,-63],[67,-27],[68,-63],[47,-23],[62,-50],[46,-58],[86,-205],[-34,-61],[14,-76],[-11,-40],[23,-66],[-22,-73],[29,-69],[9,-49],[33,-37],[12,-62],[105,-90],[30,-78],[56,-83],[10,-98],[-14,-105],[-18,-57],[-3,-130],[51,-72],[13,-40],[11,-151]],[[42947,18821],[-3,-34],[-47,16],[-22,83],[-56,128],[-39,40],[-50,-48],[-69,-110],[17,-60],[0,-104],[27,-63],[-16,-44],[-37,-21],[-118,-22],[-43,-39],[20,-52],[-19,-47],[-110,45],[-29,-19],[-2,-54],[-61,-14],[-117,66],[-54,8],[-66,-30],[-38,-51],[-42,-12],[-52,20],[-90,9],[-32,-37],[-41,-10],[-34,14],[-53,44],[-49,71],[-13,61],[-59,29],[-66,-29],[-43,-4],[-25,35],[-1,103],[-9,31],[-117,145],[-69,-4],[-26,-24],[-45,-75],[-32,-10],[-82,43],[-60,14],[-92,-47],[-87,13],[-21,-20],[-5,-42],[-78,-54],[-78,47],[-42,40],[-55,80],[-47,34],[-107,5],[-46,-7],[-21,-31],[-3,-61],[-42,-104],[6,-52],[63,-59],[82,-128],[16,-55],[-32,-91],[-48,-65],[2,-105],[-83,-95],[-24,-9],[-97,57],[-52,-17],[-52,-54],[-59,-10],[-37,23],[-23,48],[-66,29],[-73,-12],[-69,18],[-78,6],[7,-46],[-18,-128],[-21,-42],[-69,-38],[13,-45],[-30,-99],[-84,-14],[-6,19],[-117,15],[-91,-31],[-60,-69],[-70,-6],[-85,-56],[-41,-70],[17,-80],[-58,-22],[-100,65],[-48,-5],[-17,-18],[1,-54],[63,-139],[20,-60],[-4,-58],[-90,-123],[-50,-137],[-50,-59],[-49,-147],[-53,-48],[32,-73],[33,-39],[18,-46],[45,-159],[3,-50],[-25,-85],[-54,-53],[-38,-14],[-61,50],[-28,-9],[-33,-53],[-44,10],[-69,-10],[-51,-32],[-64,-5],[-37,-36],[51,-131],[-29,-42],[-42,-6]],[[38144,15813],[-45,19],[-42,-9],[-28,-42],[-54,-8],[-42,-44],[-49,1],[-99,-24],[-51,-3],[-70,28],[-50,58],[-50,-6],[-44,-62],[-26,-96],[-101,28],[-21,-21],[6,-54],[-26,-11],[-129,42],[-32,-7],[-87,-57],[-45,9],[-29,48],[-31,26],[-95,41],[-55,49],[-73,-11],[-18,154],[-38,53],[29,37],[61,41],[88,94],[56,38],[14,40],[-21,65],[-54,55],[-141,31],[-29,28],[-2,47],[51,98],[-6,65],[-39,55],[-185,136],[-93,84],[-90,133],[-121,168],[-43,34],[-116,46],[-26,34],[10,37],[75,71],[-14,60],[42,56],[8,88],[19,32],[-46,133],[12,56],[-14,48],[4,54],[37,31],[-17,67],[-51,76],[-132,101],[-44,44],[-48,91],[-6,35]],[[42947,18821],[59,29],[42,50],[16,59],[-18,153],[11,47],[24,13],[62,0],[86,-28],[60,-70],[-47,-109],[6,-165],[-12,-37],[-57,-21],[-27,-52],[25,-67],[-7,-29],[-56,-57],[45,-105],[15,-84],[-20,-69],[19,-49],[-23,-64],[2,-80],[27,-47],[-3,-29],[-59,-53],[-3,-25],[33,-107],[-71,-37]],[[43076,17788],[-50,13],[-67,75],[-40,11],[-37,-29],[-68,-8],[-52,37],[-50,50],[-63,-21],[-20,-68],[-31,-31],[-3,-101],[-23,-88],[-17,-20],[-83,-17],[-46,-50],[-9,-71],[-26,-20],[-70,-27],[9,-65],[-3,-72],[-44,-17],[-29,46],[-84,41],[-123,12],[-52,39],[-70,-38],[-71,-8],[-71,-41],[-39,-85],[-78,-48],[-35,-6],[-57,23],[-67,-17],[-31,-23],[-26,-53],[-21,-90],[21,-26],[82,2],[39,-39],[6,-53],[-10,-38],[10,-56],[-21,-62],[-73,-81],[-33,-57],[-91,-35],[-84,-89],[-63,-16],[-44,0],[-63,33],[-34,-20],[-41,-65],[-32,6],[-36,73],[-39,18],[-52,-24],[-5,-65],[-18,-27],[-10,-68],[-35,-38],[-46,-82],[-40,-36],[-93,25],[-41,-16],[-48,11],[-49,-5],[-52,-28],[-70,-61],[-57,-94],[-50,2],[-53,-19],[-13,-73],[-19,-18],[-69,6],[-103,-2],[-67,-40],[-183,-143],[-45,-15],[-39,9],[-74,58],[-41,-21],[-6,-43],[-30,-10],[-158,-13],[-157,-90],[-37,-10],[-89,9],[-84,-12],[-43,3],[-108,40],[-37,-4],[-7,-31],[12,-100],[-13,-65],[-85,50],[-70,-47],[-32,-1],[-56,76],[-48,-2],[-36,-60],[-42,-18],[-38,42],[-19,-1],[-47,-82],[-40,-12],[-47,98],[4,41],[56,54],[23,42],[-18,38],[-33,29],[-75,32],[-22,72],[-25,36]],[[60994,30040],[33,-85],[38,-12],[50,19],[52,-5],[83,-26],[117,-46],[155,-27],[69,-1],[57,93],[30,63],[44,63],[54,35],[64,4],[175,37],[82,30],[72,-39],[50,-55],[163,-62],[136,6],[41,-27],[21,-54],[69,-29],[128,13],[77,-52],[117,-28],[113,-112],[36,-71],[20,-70],[30,-25],[75,-1],[74,34],[40,-8],[74,-74],[36,-6],[145,47],[54,27],[157,6],[70,26],[47,66],[19,65],[11,93],[101,103],[95,58],[97,29],[87,12],[98,-9],[56,29],[40,34],[36,50],[57,124],[82,-43],[53,-65],[63,-48],[32,2],[41,71],[47,57],[69,58],[47,63],[47,38],[87,20],[77,-17],[53,-33],[43,12],[51,47],[40,92],[39,68],[117,94],[70,67],[60,25],[47,1],[92,-17],[46,0],[50,23],[86,64],[70,12],[94,2],[87,14],[95,41],[40,29],[57,64],[49,98],[41,113],[54,36],[142,-24],[36,33],[49,16],[36,53],[37,2],[13,-39],[88,-38],[29,-49],[33,-32],[7,-46],[-44,-100],[-1,-67],[87,-174],[32,-36],[107,-67],[89,-8],[40,-18],[28,-58],[36,-40],[154,-34],[63,-64],[39,-17],[202,-2],[54,-29],[38,-40],[30,-57],[26,-83],[71,-153],[30,-96],[24,-32],[10,-51],[33,-23],[64,91],[55,45],[74,21],[110,64],[125,67],[80,-11],[71,5],[51,-14],[34,30],[-1,52],[22,30],[66,49],[57,23],[61,0],[62,-42],[81,-32],[127,1],[43,-16],[38,-37],[-3,-49],[26,-41],[-3,-27],[-46,-35],[-54,-8],[-14,-33],[35,-93],[-6,-80],[35,-72],[-20,-28],[-37,-10],[-19,-28],[-5,-66],[-42,-105],[48,-50],[50,-15],[34,-84],[45,16],[29,-20],[171,-39],[53,2],[75,21],[118,8],[64,23],[35,0],[60,22],[62,6],[78,63],[33,-8],[36,-53],[67,-32],[94,-21],[116,-35],[80,-62],[78,-6],[45,8],[75,-16],[173,16],[-5,-53],[-136,-28],[-24,-31],[-3,-39],[-58,-51],[-24,-56],[-6,-48],[-34,-81],[68,-51],[42,-58],[16,-104],[-57,-80],[61,2],[39,-39],[101,-24],[88,-31],[27,-43],[11,-75],[-20,-22],[-1,-115],[15,-75],[44,-48],[37,-69],[113,-99],[95,-69],[78,-81],[19,-50],[15,-136],[-30,-81],[-10,-127],[22,-80],[-5,-52],[-31,-84],[14,-113],[-24,-86],[3,-40],[37,-65],[51,-8],[31,-21],[41,-52],[41,-34],[1,-40],[78,-105],[-1,-38],[-44,-57],[-44,-34],[-140,-69],[-11,-40],[22,-62],[86,-105],[45,-93],[37,-26],[39,-64],[68,-9],[55,26],[135,4],[141,-17],[43,-23],[49,-52],[27,-52],[0,-55],[-13,-48],[-70,-65],[-107,-17],[-40,-17],[-38,-45],[-46,-95],[-109,-124],[-39,-94],[5,-43],[53,-41],[75,-16],[110,25],[73,-13],[9,-124],[-10,-125],[4,-50],[-32,-62],[-89,-35],[-33,-48],[-111,-48],[-10,-90],[-25,-58],[-51,-47],[-50,-21],[-70,-60],[-13,-46],[93,-78],[74,-20],[142,23],[87,-3],[109,21],[273,142],[40,30],[70,76],[83,16],[109,-67],[19,-73],[-15,-74],[-31,-65],[4,-95],[56,-78],[197,-76],[43,-29],[61,-2],[44,54],[54,11],[-18,57],[54,25],[122,98],[79,72],[80,53],[29,4],[33,-49],[80,-56],[22,-29],[-1,-97],[37,-71],[22,-76],[-6,-45],[-57,-19],[-23,-27],[3,-34],[86,-125],[6,-71],[64,-63],[15,-76],[46,-62],[56,-48],[21,-33],[34,-107],[-44,-93],[-1,-56],[47,-114],[72,-90],[4,-55],[21,-48],[-24,-39],[-93,-53],[-90,-37],[-49,-30],[-80,-87],[-42,-73],[-50,-46],[-11,-74],[-51,-65],[-43,-37],[-40,-54],[-27,-66],[-21,-78],[-53,-27],[-84,0],[-46,71],[0,82],[-24,12],[-102,-46],[-110,-93],[-111,-111],[-51,-73],[-12,-34],[-67,-78],[-70,-37],[-67,-23],[-59,-34],[-79,-69],[-41,-96],[-39,-38],[-41,-11],[-81,2],[-89,-14],[-54,0],[-33,-78],[-49,-92],[-52,-64],[-35,-57],[-38,-27],[-19,-45],[3,-49],[-16,-36],[-53,-45],[-37,-57],[-64,-72],[-36,-11],[-133,6],[-41,-18],[-116,-69],[-31,-8],[-44,-36],[-56,18],[-89,-42],[-32,-7],[-203,2],[-88,11],[-79,-2],[-77,20],[-41,-17],[-11,-55],[-56,-112],[-27,-19],[-60,-9],[-61,-32],[-64,-153],[-47,-40],[-59,6],[-35,-40],[-36,-16],[-63,-47],[-44,2],[-30,-16],[-39,-58],[-44,-37],[-43,-9],[-36,25],[-107,29],[-58,2],[-49,15],[-39,-2],[-47,33],[-7,72],[-31,52],[-43,16],[-106,-96],[-36,-63],[-44,-23],[-44,-64],[-116,13],[-50,-13],[-62,8],[71,75],[27,45],[-5,38],[-25,21],[-115,142],[-29,66],[-28,14],[-103,-40],[-72,2],[-107,-25],[-70,-8],[-85,22],[-36,36],[-50,7],[-45,-12],[-49,-47],[-34,2],[-114,-17],[-128,5],[-47,21],[-49,52],[-108,27],[-52,-1],[-80,-66],[-24,13],[-44,56],[-33,17],[-58,7],[-86,-18],[-94,1],[-14,26],[37,52],[17,48],[-97,27],[-39,76],[-36,32],[-52,-14],[-167,9],[-30,42],[60,82],[18,67],[57,77],[65,29],[55,-12],[68,48],[21,56],[-38,75],[1,206],[-59,35],[-7,36],[67,116],[33,102],[-12,20],[-70,10],[-17,45],[0,56],[-14,36],[-55,18],[-91,-35],[-49,47],[-67,0],[-119,-26],[-51,14],[-45,61],[-28,79],[-56,100],[-28,14],[-37,-20],[-4,-52],[-32,-32],[-54,12],[-22,65],[-35,14],[-60,-24],[-9,-32],[10,-132],[-33,-22],[-40,15],[-100,58],[-39,-16],[4,-91],[-18,-69],[-54,-19],[-21,-29],[8,-59],[41,-54],[-6,-44],[-85,-81],[-65,-11],[-51,23],[-112,136],[-50,11],[-87,-35],[-33,-50],[-63,-40],[-72,-10],[-88,-29],[-72,9],[-28,13],[-24,54],[-1,36],[-51,17],[-56,-63],[-37,-16],[-45,8],[-57,28],[-85,-9],[-67,1],[-84,19],[-58,-10],[-79,-83],[-54,-90],[-40,-25],[-85,16],[-54,-9],[-72,26],[-21,41],[-50,20],[-82,9],[-38,-9],[-108,-45],[-45,-1],[-46,27],[-24,-17],[-17,-129],[-59,-43],[-168,-50],[-29,-25],[33,-121],[-9,-34],[-30,-29],[-74,-19],[-80,-5],[-91,20],[-60,0],[-56,-44],[-73,-4],[-26,-14],[-53,-71]],[[41311,41848],[60,31],[57,11],[90,-1],[95,13],[55,31],[-11,22],[-73,24],[-40,37],[-6,39],[6,88],[-19,39],[49,74],[42,40],[99,36],[60,-9],[38,5],[9,38],[-16,33],[5,52],[22,40],[84,68],[86,138],[41,116],[53,67],[-6,96],[35,29],[53,-9],[69,13],[50,33],[140,17],[65,-8],[142,45],[25,33],[161,156],[76,13],[55,20],[36,-1],[12,82],[59,88],[51,91],[50,52],[56,20],[92,77],[50,77],[97,72],[124,111],[73,94],[65,141],[34,37],[106,44],[29,35],[25,129],[54,36],[39,55],[-16,68],[4,80],[21,43],[59,62],[21,34],[14,85],[52,110],[10,43],[-8,86],[-15,26],[-67,29],[-69,93],[-8,83],[-14,44],[-35,64],[11,26],[58,24],[43,48],[4,39],[-33,70],[-33,42],[-1,39],[60,80],[41,24],[60,14],[91,1],[41,-10],[65,-42],[42,22],[71,61],[36,17],[96,-21],[43,56],[70,49],[57,15],[38,36],[76,21],[64,29],[117,76],[73,41],[28,61],[29,130],[43,150],[42,35],[43,9],[100,-15],[76,-52],[120,-13],[63,-54],[38,-52],[67,-38],[66,2],[40,-86],[47,-55],[57,-16],[63,15],[57,33],[49,64],[75,23],[30,41],[14,46],[38,-8],[90,9],[50,33],[42,-2],[106,-50],[97,-22],[65,-66],[31,-20],[59,-11],[55,55],[70,37],[54,12],[63,48],[37,11],[61,-9],[103,-54],[92,3],[50,-21],[76,39],[94,-6],[42,-23],[25,-32],[17,-54],[33,-42],[27,0],[68,31],[59,7],[51,-6],[50,-40],[39,-127],[69,-184],[37,-40],[154,-35],[67,-2],[58,-13],[27,-28],[26,-87],[26,-24],[93,-11],[37,-13],[32,-38],[72,-54],[41,-54],[70,-52],[82,-30],[25,-32],[-6,-50],[22,-39],[102,-102],[42,9],[39,39],[79,12],[99,-22],[65,4],[32,-17],[45,-73],[57,-21],[11,-18],[-27,-183],[-7,-92],[5,-118],[7,-40],[25,-21],[66,-11],[46,-19],[134,-87],[53,-136],[84,-49],[78,9],[68,30],[44,0],[34,-21],[45,-85],[56,-35],[89,-7],[28,-15],[82,-104],[41,-39],[82,-57],[28,-9],[49,16],[49,46],[43,8],[51,-16],[57,-33],[116,-93],[82,-139],[43,5],[59,25],[39,-3],[107,-53],[102,-13],[133,29],[49,4],[47,-23],[12,-23],[-7,-59],[-50,-129],[-49,-69],[-63,-5],[-48,-41],[-6,-42],[5,-91],[-23,-50],[-14,-67],[57,-72],[34,-64],[17,-115],[-48,-129],[-2,-53],[29,-35],[64,-10],[102,-68],[42,-21],[63,-1],[112,26],[77,-5],[19,-38],[-34,-76],[-62,-27],[-42,-87],[-45,-7],[-17,-32],[10,-97],[-20,-38],[-122,-60],[-6,-33],[75,-67],[7,-91],[-9,-165],[51,-105],[41,-27],[62,5],[125,65],[58,-13],[31,-119],[34,-41],[92,-29],[110,-117],[41,-78],[-29,-66],[10,-146],[81,-99],[32,-29],[99,-23],[81,-2],[107,20],[200,13],[50,-33],[52,-93],[59,-28],[34,6],[45,48],[54,90],[59,50],[25,57],[180,17],[76,-21],[48,-75],[13,-87],[-45,-56],[22,-81],[-8,-42],[-80,-106],[-6,-138],[17,-64],[26,-25],[22,-57],[38,-26],[68,-11],[37,-26],[26,-59],[26,-11],[52,10],[38,-36],[52,-13],[195,-15],[112,-143],[-39,-88],[-1,-73]],[[10440,29513],[-69,-4],[-47,35],[-60,-3],[-48,42],[-62,1],[-45,51],[-31,68],[-33,44],[-2,84],[-30,31],[-16,64],[-111,101],[-126,139],[-28,88],[-23,109],[-69,60],[-34,84],[-41,70],[-19,76],[-36,38],[-49,18],[-94,-8],[-43,46],[-4,52],[24,57],[42,55],[142,134],[-10,56],[-103,114],[-59,94],[8,51],[96,96],[104,133],[26,54],[37,132],[20,147],[3,57],[-41,63],[-49,52],[-46,24],[20,62],[-6,80],[21,32],[64,17],[42,-37],[33,5],[2,39],[-74,38],[-13,33],[5,55],[67,82],[-6,36],[-57,24],[-16,44],[23,47],[56,49],[-14,42],[-46,-30],[-110,17],[-27,26],[-26,66],[-25,-12],[-1,-59],[-50,-16],[-20,43],[-29,-5],[-56,36],[-62,9],[-3,56],[-43,17],[-121,94],[-39,10],[-36,-21],[-78,4],[-56,-59],[-71,-13],[-110,78],[-19,28],[-34,110],[-29,33],[-62,5],[-66,32],[-40,66],[-41,15]],[[18843,33995],[6,-61],[28,-62],[1,-34],[55,-94],[92,-96],[47,-25],[82,-17],[67,-107],[-1,-54],[19,-43],[52,-54],[72,-24],[24,-66],[31,-33],[2,-50],[-14,-100],[11,-50],[69,-40],[34,-44],[-2,-150],[20,-57],[-11,-97],[22,-54],[-8,-63],[20,-82],[58,-104],[74,-107],[15,-100],[-7,-128],[20,-127],[25,-25],[130,-159],[61,-54],[24,-50],[7,-73],[-18,-58]],[[43076,17788],[52,-52],[84,-62],[21,-24],[25,-118],[78,-76],[25,-42],[96,-41],[76,11],[70,-51],[23,-59],[3,-61],[-79,-121],[-83,-81],[-61,-26],[-29,-47]],[[45508,15568],[-16,-26],[-117,-136],[-99,-85],[-71,-94],[-32,-26],[-97,-42],[-81,-88],[-121,-81],[-123,-132],[-85,-121],[-22,-65],[-53,-42],[-49,-4],[-46,61],[-31,1],[-100,-31],[-43,-22],[-68,-54],[-47,-61],[-194,-188],[17,-41],[-114,-125],[-44,-17],[-39,-48],[-84,-69],[-76,-84],[-32,-59],[-137,-19],[-47,-39],[3,933],[-29,22],[-73,-16],[-59,2],[-70,33],[-19,26],[-71,10],[-32,33],[-71,8],[-31,48],[-58,4],[-37,16],[-15,38],[-98,5],[-87,-5],[-75,-19],[-74,-3],[-101,-58],[-82,-56],[-54,-49],[-64,-119],[-20,-25],[-53,-14],[-106,-6],[-34,36],[-144,-37],[-84,-43],[10,-97],[-43,-51],[-66,7],[-37,35],[-24,-32],[-84,-47],[-70,5],[-48,-19],[-46,60],[-63,-20],[-76,-4],[-81,-36],[-53,-2],[-45,21],[-10,30],[-80,22],[-74,69],[-27,-3],[-20,-52],[-59,-34],[-40,-56],[-72,-50],[-26,3],[-15,-74],[19,-12],[48,19],[66,3],[42,-15],[17,-29],[-34,-75],[-32,-46],[-28,-71],[-10,-56],[-67,-92],[-38,-120],[-22,-25],[-59,-30],[-70,-50],[-7,-36],[-33,-39],[-40,1],[-17,-83],[-47,-34],[-70,-2],[-60,26],[-131,-26],[-29,-12],[-156,-111],[-49,-62],[-22,-56],[-74,91],[-23,44],[-82,-15],[-35,10],[-188,6],[-23,-24],[-55,16],[-24,-18],[-67,-7],[-104,-44],[-24,-82],[-40,-27],[-49,-6]],[[39053,13181],[-49,29],[-57,-47],[-71,-8],[-47,7],[-36,26],[-70,27],[-24,77],[-23,7],[-60,-33],[-48,7],[-9,38],[-30,20],[-90,-31],[-65,33],[-103,-21],[-89,59],[-53,2],[-83,44],[-39,43],[-49,106],[5,56],[43,95],[51,61],[21,87],[-17,63],[-170,3],[-161,58],[-79,-18],[-95,6],[-46,19],[-243,140],[-131,83],[-161,140],[-130,139],[-71,129],[-19,80],[14,80],[-41,39],[-54,5],[-58,-32],[-61,58],[-22,50],[-32,29],[-53,25],[-25,27],[-18,108],[-58,56],[-131,54],[-29,61],[-55,30],[-56,77],[-54,26],[-66,19],[-43,31],[-26,57],[-30,137],[-58,102],[-89,81],[-155,81],[-129,90],[-57,64],[-55,83],[-117,138],[-304,344],[-24,77],[-36,55],[-138,95],[-36,4],[-42,-17],[-45,23],[-31,47],[-74,8],[-73,34],[-47,44],[-26,-22],[-19,-65],[-54,-40],[-40,-49],[-45,-12],[-72,-43],[-23,4],[-54,44],[-31,-9],[-31,-36],[-187,-27],[-34,-55],[-23,-10],[-82,14],[-53,-45],[-42,-7],[-102,19],[-49,42],[-60,10],[-23,19],[18,69],[54,63],[44,14],[123,-25],[94,15],[31,16],[63,58],[30,61],[51,56],[-11,50],[-35,65],[40,112],[-86,112],[-44,25],[17,76],[45,78],[60,67],[47,177],[0,45],[-26,60],[-16,74],[-29,44],[31,44],[16,129],[-14,54],[-39,67],[-91,81],[-11,35],[-66,62],[52,112],[20,57],[82,61],[71,32],[-24,72],[5,69],[39,26],[5,65],[-48,65],[-38,-2],[-38,27],[-38,162],[-46,-58],[-48,-45],[-33,-10],[-53,74],[-104,-40],[-20,2],[-71,-46],[-65,-27],[-24,25],[-28,70],[-101,34],[-37,25],[-55,69],[-5,75],[-48,36],[-69,27],[-14,16],[-1,116],[-38,194],[-40,59],[-35,22],[-15,77],[-95,93],[-58,44],[-96,55],[-26,4],[-133,-37],[-98,-14],[-73,17],[-90,39],[-35,42],[-33,104],[-4,81],[49,54],[24,116],[-4,92],[-29,76],[-9,48],[9,68],[33,77],[2,93],[-26,67],[-193,288],[-111,170],[-70,134],[-80,73],[-36,85],[-52,59],[-42,26],[-80,23]],[[31375,21931],[54,95],[63,82],[83,42],[64,21],[59,101],[43,-30],[95,-85],[36,-98],[53,-59],[32,33],[28,218],[150,84],[-13,44],[18,147],[40,41],[24,159],[4,82],[46,231],[38,89],[35,45],[75,70],[60,43],[-167,297],[-71,78],[-64,44],[41,33],[112,-19],[129,29],[-21,102],[-16,142],[74,21],[-116,181],[-50,71]],[[32313,24265],[66,23],[52,-58],[38,-63],[244,-162],[88,-69],[175,-109],[114,14],[50,-30],[88,45],[284,-13],[49,16],[54,-13],[38,-66],[45,-8],[69,-39],[28,-64],[91,-49],[53,-2],[82,-39],[54,-91],[23,-57],[47,-41],[37,-61],[125,-84],[52,-23],[172,19],[82,49],[43,36],[71,2],[33,-44],[38,-13],[67,27],[59,-17],[36,-35],[42,-3],[41,59],[83,-20],[41,3],[23,25],[73,8],[48,57],[64,-5]],[[28970,21517],[49,-50],[18,-51],[28,-20],[114,59],[94,29],[61,36],[53,55],[49,31],[72,18],[74,-7],[63,46],[18,47],[117,46],[43,25],[37,-6],[76,12],[40,33],[13,29],[118,51],[152,95],[123,97],[142,103],[7,55],[52,164]],[[30583,22414],[34,-40],[106,-84],[219,-250],[73,-100],[69,-31],[30,12],[61,56],[37,0],[163,-46]],[[39053,13181],[-66,-68],[-87,-47],[-68,-24],[-16,52],[-62,-48],[-136,-66],[-70,-52],[-103,-129],[-83,-79],[-63,-27],[-30,-30],[-155,-39],[-87,-8],[-58,19],[-65,10],[6,62],[-37,11],[-121,-66],[-45,-50],[-19,-36],[-2,-47],[46,-34],[0,-39],[-44,-22],[-33,55],[-41,4],[-11,-51],[-44,34],[-185,-23],[33,-74],[57,31],[57,15],[23,-11],[52,-59],[52,-3],[-1,-32],[-50,-51],[30,-32],[-37,-49],[-48,-32],[0,-52],[-39,-73],[1,-81],[-36,-68],[-55,-43],[59,-43],[42,55],[93,51],[41,-6],[10,-83],[41,-45],[-12,-35],[-39,-23],[-37,-56],[-74,-166],[-50,-42],[-27,-69],[-34,-29],[-168,-36],[-58,-33],[-40,-9],[-84,16],[-59,-23],[-12,-43],[-36,-29],[-50,-15],[-54,-60],[-39,-80],[-15,-60],[-50,-44],[2,-49],[-27,-67],[-46,-12],[-15,-39],[-3,-68],[-37,-46],[-1,-69],[56,-28],[11,-37],[-35,-21],[-40,9],[-29,40],[-61,32],[-70,74],[-52,45],[-57,80],[-21,-2],[-50,-87],[-21,-75],[-37,-27],[7,-40],[48,11],[25,-24],[-36,-92],[-8,-104],[-21,-75],[-52,-37],[-29,-81],[-28,-25],[-44,5],[-45,-50],[-59,-28],[-22,-64],[-45,-33],[-4,-62],[-21,-39],[-51,-32],[-55,-14],[-39,13],[-71,-118],[-44,-42],[-56,-108],[-35,-53],[-41,-34],[-44,-6],[-33,15],[-7,31],[48,38],[-4,23],[-77,25],[-28,-2],[-76,-44],[-52,-58],[-49,-99],[-37,-50],[-101,-93],[-25,-41],[-11,-61],[7,-66],[-6,-129],[-14,-32],[-65,-85],[-76,-70],[-42,-102],[-53,-47],[-61,-26],[-62,8],[-32,-22],[-88,-95],[-66,-16],[-58,18],[-39,-22],[-87,33],[-44,5],[-43,-14],[-119,4],[-68,-24],[-54,-55],[-28,-1],[-57,37],[-39,12],[-103,-12],[-30,-17],[-29,-62],[-29,-33],[-50,-22],[26,-50],[4,-37],[-37,-29],[-11,-69],[60,17],[34,-13],[-7,-38],[-35,-36],[-77,-42],[-60,-7],[-49,-98],[-30,-26],[-98,-21],[-34,-25],[-57,0],[-52,-28],[-45,-9],[-66,-72],[-17,-59],[-53,-17],[28,-68],[-40,-75],[-43,-34],[-39,0],[-46,-30],[-42,20],[-103,6],[-47,-49],[-100,-79],[-41,-43],[-10,-35],[38,-39],[-27,-42],[-60,-58],[-63,-10],[-44,22],[-16,-42],[-9,-121],[-40,-61],[-62,-33],[0,-54],[-29,-40],[-52,-2],[-15,-42],[19,-106],[-26,-70],[-64,1],[-116,-40],[-23,-20],[-16,-94],[-78,-133],[-51,-52],[-54,-15],[-16,41],[-126,-116],[-12,-60],[-25,-37],[1,-104],[-9,-24],[-65,-47],[-46,-20],[-46,24],[11,75],[-11,64],[70,63],[-51,19],[-5,93],[-17,17],[-84,36],[-9,-61],[-45,-143],[-39,-96],[-42,-38],[-100,-14],[-64,-41],[-25,-47],[-36,-34],[-9,-41],[-44,-26],[-76,37],[-37,29],[-55,-41],[-41,-86],[-25,-25],[-94,-39],[-13,-57],[-21,-19],[-74,-20],[-69,-7],[-37,-59],[-86,-20],[-74,-6],[-81,-82],[-67,-45],[-38,11],[-16,53],[-46,37],[-36,7],[-110,-13],[-209,-75],[-36,-26],[-99,-17],[-54,-73],[-46,-25],[-97,-15],[-29,8]],[[29186,5110],[17,67],[56,34],[-31,20],[13,27],[69,19],[59,52],[-20,69],[16,45],[-40,13],[-27,52],[8,24],[56,-6],[-24,50],[47,28],[62,58],[-32,46],[9,68],[-10,81],[-31,7],[-53,49],[-104,81],[-2,47],[52,14],[44,59],[70,19],[14,83],[-17,55],[35,56],[-64,119],[-17,65],[44,38],[7,46],[26,24],[3,33],[-28,55],[-29,21],[-76,13],[-73,-49],[-82,-10],[-23,15],[-17,47],[-78,5],[-50,82],[12,19],[-33,72],[13,84],[-5,59],[16,13],[96,-44],[49,19],[15,47],[60,21],[12,26],[1,67],[42,24],[69,-7],[-16,81],[-49,62],[2,36],[61,41],[15,37],[-2,138],[-46,62],[6,58],[27,67],[34,45],[-3,47],[-74,28],[-71,3],[-11,21],[19,74],[-17,28],[15,73],[-44,57],[-13,50],[12,25],[41,18],[44,72],[65,69],[10,31],[-196,-46],[2,29],[-31,38],[7,59],[-26,59],[2,47],[-52,58],[-11,116],[-11,34],[18,73],[-30,56],[-28,100],[3,41],[-30,71],[-30,103],[3,99],[-19,90],[20,43],[39,172],[7,70],[-19,55],[23,27],[49,104],[-23,93],[-32,236],[-14,33],[12,143],[12,89],[-1,107],[-20,58],[-83,70],[-105,70],[-93,53],[-97,86],[-132,70],[-103,48],[-62,46],[-54,53],[-35,80],[-77,393],[-48,276],[6,130],[45,101],[-5,132],[18,113],[15,38],[52,82],[161,197],[72,79],[142,133],[20,40],[37,190],[12,89],[6,114],[-2,97],[9,318],[-1,79],[13,836],[-31,116],[-77,130],[-223,286],[-248,324],[-437,568],[-92,113],[-38,70],[-34,118],[-21,170],[-79,515],[-28,119],[-52,141],[-69,266],[37,-11]],[[30583,22414],[-76,302],[17,68],[35,37],[71,44],[20,40],[31,157],[-13,40],[-55,58],[-14,52],[42,275],[143,862],[-6,135],[28,58],[-8,71],[73,-43],[90,-21],[42,-18],[316,-213],[147,-117],[360,-240],[69,-12],[112,72],[28,35],[22,56],[127,151],[46,29],[35,-1],[48,-26]],[[8788,11549],[69,41],[21,87],[58,-13],[13,59],[43,52],[-18,27],[88,31],[28,30],[-25,21],[18,133],[36,24],[15,44],[47,28],[56,3],[60,-50],[76,15],[43,60],[48,-37],[20,22],[-25,110],[2,49],[23,72],[96,10],[-8,41],[-70,85],[-4,43],[25,27],[10,69],[19,40],[-38,22],[-29,39],[-41,77],[-104,50],[4,22],[50,8],[27,31],[-26,78],[-41,34],[-7,28],[48,80],[43,38],[19,49],[49,14],[57,-19],[33,-27],[103,21],[36,-7],[96,-45],[43,18],[31,37],[70,19],[162,83],[68,-27],[53,4],[100,64],[114,19],[48,32],[45,74],[30,18],[72,-4],[32,22],[51,0],[37,19],[72,6],[2,99],[35,70],[9,41],[73,69],[-38,58],[-14,52],[-46,29],[-107,-25],[-34,10]],[[29186,5110],[-14,-36],[4,-62],[-53,-9],[-3,69],[-124,63],[-42,-43],[-64,17],[-59,-58],[7,-35],[-48,-5],[-22,-58],[-119,-29],[-64,6],[-34,-24],[-4,-37],[-133,-11],[-6,-42],[-128,-47],[-36,-43],[-136,-67],[-85,-55],[23,-52],[23,-150],[58,-88],[15,-51],[-4,-132],[20,-44],[-10,-47],[53,-26],[34,-40],[50,-36],[55,-12],[-15,-59],[-90,-58],[-78,-4],[-37,-17],[-31,-77],[-38,-34],[-33,4],[-63,30],[-39,-9],[-51,-54],[-29,-98],[-41,-32],[-75,6],[-34,-8],[-54,-46],[-190,-62],[-86,-55],[-28,-35],[-50,32],[-36,98],[-65,128],[-78,64],[-101,122],[-29,22],[-92,41],[-34,32],[-15,60],[-82,110],[-73,-3],[-98,11],[-125,-10],[-127,-27],[-62,-19],[-85,31],[-61,-40],[-33,-7],[-161,75],[-67,41],[-75,97],[-43,115],[-44,45],[-105,-2],[-53,-80],[-48,-39],[-39,-5],[-67,21],[-115,0],[-53,-44],[-48,-82],[-125,-82],[-87,-82],[-41,-24],[-98,-30],[-79,-37],[-25,-3],[-54,32],[-88,17],[-88,-18],[-50,-76],[-54,-50],[-77,-28],[-48,2],[-36,-78],[-61,-42],[-135,19],[-97,41],[-25,22],[-22,68],[-27,18],[-163,-68],[-91,-3],[-78,-28],[-122,-32],[-94,14],[-104,42],[-79,49],[-77,84],[-40,4],[-44,-28],[-55,-4],[-114,29],[-39,-13],[-21,-58],[-58,-38],[-113,-15],[-87,-4],[-20,-13],[13,-47],[-81,-57],[-58,38],[-70,-21],[-69,-32],[-58,-78],[-89,-159],[-39,-53],[-40,-34],[-76,-17],[-42,-60],[-32,-87],[-30,-18],[-76,6],[-74,44],[-33,-2],[-44,-47],[-27,-74],[-44,-35],[-86,10],[-40,26],[-15,70],[-60,39],[-30,32],[-28,59],[0,49],[40,46],[147,73],[133,103],[7,25],[-17,70],[8,51],[58,56],[31,98],[-1,79],[81,82],[3,64],[13,19],[75,11],[29,16],[8,80],[40,29],[47,64],[5,74],[36,69],[38,34],[28,44],[-44,35],[2,67],[26,21],[58,-1],[29,27],[42,99],[47,25],[6,118],[-30,37],[-102,-5],[-38,7],[-48,88],[-88,92],[-76,42],[-28,33],[-23,76],[55,81],[-37,76],[-79,81],[-70,27],[-97,-40],[-37,14],[-35,44],[-47,-29],[-39,21],[-23,62],[-88,118],[-43,19],[-22,47],[30,56],[16,82],[-34,46],[3,31],[31,53],[1,52],[-72,24],[-99,-6],[-103,55],[-55,7],[-74,72],[-55,29],[8,87],[-20,47],[-53,34],[-38,75],[-25,24],[-71,36],[-80,24],[-29,-10],[-28,-50],[-38,-38],[-77,-28],[-84,28],[-40,47],[-34,78],[-36,31],[-167,87],[-56,9],[-69,-12],[-92,-30],[-70,-4],[-44,29]],[[20340,22088],[154,119],[42,106],[-1,36],[46,78],[58,49],[45,2],[22,21],[19,57],[101,38],[74,0],[17,23],[165,105],[-8,59],[38,93],[22,73],[64,48],[113,47],[35,42],[44,12],[107,56],[19,59],[65,119],[97,93],[12,36],[50,48],[54,83],[98,75],[33,135],[107,104],[89,43],[45,43],[72,-14],[71,54],[41,103],[7,114],[74,30],[11,47],[27,28],[-59,19],[-21,70],[-39,47],[-41,0],[-78,44],[-46,16],[-79,54],[-71,13],[-53,63],[7,56],[-82,123],[-40,-64],[-84,-101],[-44,-27],[-128,-26],[-91,-62],[-70,-4],[-81,26],[-60,-4],[-54,-37],[-60,-122],[-35,-11],[-56,9],[-92,38],[-20,-11],[-31,-59],[-60,-30],[-94,24],[-53,-2],[-67,-41],[-93,-24],[-71,-79],[-44,4],[-34,44],[-41,10],[-53,-10],[-68,-50],[-28,-4],[-70,66],[-28,15],[-97,6],[-20,-30],[-24,-92],[-26,-31],[-98,-2],[-135,-57],[-87,-17],[-67,5]],[[7309,23086],[69,114],[32,117],[-6,37],[4,112],[26,60],[14,71],[28,37],[51,37],[86,4],[43,-17],[20,-42],[59,-28],[57,10],[2,40],[70,29],[32,48],[3,34],[-28,77],[10,20],[120,80],[62,4],[53,19],[64,78],[-2,76],[20,97],[54,87],[27,68],[57,32],[80,136],[-2,41],[-44,70],[20,37],[60,55],[43,23],[-3,37],[65,92],[48,113],[9,85],[24,15],[35,81],[-5,72],[-40,42],[-9,69],[14,57],[-6,41],[16,44],[49,35],[84,17],[49,28]]],"transform":{"scale":[0.000020435939187729523,0.000018881708467309484],"translate":[-47.20838149999997,-24.06425069999994]},"objects":{"muni_s":{"type":"GeometryCollection","geometries":[{"arcs":[[0,1,2,3]],"type":"Polygon","properties":{"codigo":"3503901","nome":"Arujá"},"id":"3503901"},{"arcs":[[4,5,6,7,8,9]],"type":"Polygon","properties":{"codigo":"3505708","nome":"Barueri"},"id":"3505708"},{"arcs":[[10,11,12,13]],"type":"Polygon","properties":{"codigo":"3506607","nome":"Biritiba Mirim"},"id":"3506607"},{"arcs":[[14,15,16,17]],"type":"Polygon","properties":{"codigo":"3509007","nome":"Caieiras"},"id":"3509007"},{"arcs":[[-15,18,19,20,21,22]],"type":"Polygon","properties":{"codigo":"3509205","nome":"Cajamar"},"id":"3509205"},{"arcs":[[-9,23,24,25]],"type":"Polygon","properties":{"codigo":"3510609","nome":"Carapicuíba"},"id":"3510609"},{"arcs":[[-25,26,27,28,29,30,31,32,33,34]],"type":"Polygon","properties":{"codigo":"3513009","nome":"Cotia"},"id":"3513009"},{"arcs":[[35,36]],"type":"Polygon","properties":{"codigo":"3513801","nome":"Diadema"},"id":"3513801"},{"arcs":[[-29,37,38,39]],"type":"Polygon","properties":{"codigo":"3515004","nome":"Embu das Artes"},"id":"3515004"},{"arcs":[[40,41,42,43]],"type":"Polygon","properties":{"codigo":"3515103","nome":"Embu-Guaçu"},"id":"3515103"},{"arcs":[[44,45,46,47,48]],"type":"Polygon","properties":{"codigo":"3515707","nome":"Ferraz de Vasconcelos"},"id":"3515707"},{"arcs":[[49,50]],"type":"Polygon","properties":{"codigo":"3516309","nome":"Francisco Morato"},"id":"3516309"},{"arcs":[[-16,-23,51,-51,52,53]],"type":"Polygon","properties":{"codigo":"3516408","nome":"Franco da Rocha"},"id":"3516408"},{"arcs":[[-12,54,55,56,57]],"type":"Polygon","properties":{"codigo":"3518305","nome":"Guararema"},"id":"3518305"},{"arcs":[[-1,58,59,60,61,62]],"type":"Polygon","properties":{"codigo":"3518800","nome":"Guarulhos"},"id":"3518800"},{"arcs":[[-30,-40,63,-42,64]],"type":"Polygon","properties":{"codigo":"3522208","nome":"Itapecerica da Serra"},"id":"3522208"},{"arcs":[[-5,65,-34,66,67,68]],"type":"Polygon","properties":{"codigo":"3522505","nome":"Itapevi"},"id":"3522505"},{"arcs":[[-4,69,70,71,72,-59]],"type":"Polygon","properties":{"codigo":"3523107","nome":"Itaquaquecetuba"},"id":"3523107"},{"arcs":[[-10,-26,-35,-66]],"type":"Polygon","properties":{"codigo":"3525003","nome":"Jandira"},"id":"3525003"},{"arcs":[[-44,73,74,75]],"type":"Polygon","properties":{"codigo":"3526209","nome":"Juquitiba"},"id":"3526209"},{"arcs":[[-17,-54,76,-61,77]],"type":"Polygon","properties":{"codigo":"3528502","nome":"Mairiporã"},"id":"3528502"},{"arcs":[[-48,78,79,80]],"type":"Polygon","properties":{"codigo":"3529401","nome":"Mauá"},"id":"3529401"},{"arcs":[[-3,81,-55,-11,82,83,84,-70]],"type":"Polygon","properties":{"codigo":"3530607","nome":"Mogi das Cruzes"},"id":"3530607"},{"arcs":[[-8,85,-27,-24]],"type":"Polygon","properties":{"codigo":"3534401","nome":"Osasco"},"id":"3534401"},{"arcs":[[-21,86,87]],"type":"Polygon","properties":{"codigo":"3539103","nome":"Pirapora do Bom Jesus"},"id":"3539103"},{"arcs":[[-45,-72,88]],"type":"Polygon","properties":{"codigo":"3539806","nome":"Poá"},"id":"3539806"},{"arcs":[[-47,89,90,91,-79]],"type":"Polygon","properties":{"codigo":"3543303","nome":"Ribeirão Pires"},"id":"3543303"},{"arcs":[[-91,92,93]],"type":"Polygon","properties":{"codigo":"3544103","nome":"Rio Grande da Serra"},"id":"3544103"},{"arcs":[[-13,-58,94]],"type":"Polygon","properties":{"codigo":"3545001","nome":"Salesópolis"},"id":"3545001"},{"arcs":[[-2,-63,95,-56,-82]],"type":"Polygon","properties":{"codigo":"3546801","nome":"Santa Isabel"},"id":"3546801"},{"arcs":[[-6,-69,96,-87,-20,97]],"type":"Polygon","properties":{"codigo":"3547304","nome":"Santana de Parnaíba"},"id":"3547304"},{"arcs":[[-80,-92,-94,98,-84,99,100,101,102]],"type":"Polygon","properties":{"codigo":"3547809","nome":"Santo André"},"id":"3547809"},{"arcs":[[-37,103,104,-101,105,106]],"type":"Polygon","properties":{"codigo":"3548708","nome":"São Bernardo do Campo"},"id":"3548708"},{"arcs":[[-102,-105,107]],"type":"Polygon","properties":{"codigo":"3548807","nome":"São Caetano do Sul"},"id":"3548807"},{"arcs":[[-31,-65,-41,-76,108]],"type":"Polygon","properties":{"codigo":"3549953","nome":"São Lourenço da Serra"},"id":"3549953"},{"arcs":[[-7,-98,-19,-18,-78,-60,-73,-49,-81,-103,-108,-104,-36,-107,109,-74,-43,-64,-39,110,-86]],"type":"Polygon","properties":{"codigo":"3550308","nome":"São Paulo"},"id":"3550308"},{"arcs":[[-46,-89,-71,-85,-99,-93,-90]],"type":"Polygon","properties":{"codigo":"3552502","nome":"Suzano"},"id":"3552502"},{"arcs":[[-28,-111,-38]],"type":"Polygon","properties":{"codigo":"3552809","nome":"Taboão da Serra"},"id":"3552809"},{"arcs":[[-33,111,-67]],"type":"Polygon","properties":{"codigo":"3556453","nome":"Vargem Grande Paulista"},"id":"3556453"}]}}}