{"type":"Topology","arcs":[[[41231,33539],[-48,18],[-41,33],[-39,53],[-76,77],[-38,49],[-38,25],[-53,65],[-54,25],[-27,29],[-36,75],[-5,39],[16,100],[-12,29],[5,59],[-17,56],[26,27],[-38,62],[-52,60],[-3,38],[-59,93],[-38,11],[-19,83],[-18,147],[-17,68],[-38,45],[-113,165],[-26,18],[-3,47],[20,102],[-46,40],[-45,55],[-27,90],[25,104],[7,62],[-12,33],[18,36],[47,29],[199,84],[155,43],[-12,112],[-28,78],[-55,60],[-1,99],[-20,27],[-36,10],[-16,26],[-45,20],[18,40],[41,23],[35,36],[25,50],[0,59],[-43,25],[7,42],[53,111],[2,35],[-19,55],[17,120],[-25,47],[-7,42],[-31,39],[-54,120],[-7,55],[18,86],[41,14],[30,31],[-1,31],[30,48],[59,21],[69,45],[58,8],[75,56],[72,72],[9,36],[-17,27],[21,35],[70,-21],[86,33],[62,78],[49,39],[-4,67],[-15,27],[41,51],[48,37],[44,67],[56,17],[69,-1],[47,21],[-3,87],[35,18],[60,9],[53,63],[64,22],[34,45],[34,69],[67,43],[-29,31],[15,37],[64,27],[-36,44],[-2,33],[76,5],[41,25],[6,25],[-22,38],[37,63],[3,61],[62,73],[4,67],[77,23],[86,-3]],[[42253,38974],[70,-2],[34,34],[-29,28],[22,88],[15,21],[43,6],[47,25],[21,55],[40,-22],[44,11],[36,-30],[15,39],[33,28],[48,11],[-12,58],[49,28],[33,-39],[43,51],[105,-42],[15,22],[-25,34],[12,21],[90,20],[22,29],[46,-29],[47,32],[-9,45],[65,21],[28,28],[49,10],[21,22],[58,12],[92,70],[22,-37],[-30,-12],[-1,-53],[53,-39],[79,48],[-7,21],[45,33],[67,4],[66,43],[35,-22],[24,46],[59,-14],[23,-29],[9,-54],[-19,-78],[23,0],[25,56],[69,7],[43,-46],[31,33],[40,-31],[0,-67],[32,-87],[56,-57],[27,-46],[-63,-101],[31,-35],[41,-21],[-13,-52],[80,-22],[46,10],[42,-51],[89,-50],[70,-56],[29,-34],[-45,-33],[-91,-32],[-46,-29],[-8,-46],[11,-116],[43,-63],[6,-65],[42,-83],[-15,-47],[-4,-100],[-16,-55],[2,-57],[31,-59],[-56,-115],[-6,-33],[16,-110],[-11,-62],[-1,-71],[-49,-73],[10,-121],[-9,-51],[22,-56],[-23,-60],[-8,-169],[10,-24],[54,-62],[908,-918],[82,-7],[22,-11],[29,-68],[24,-30],[67,-54],[76,-103],[90,-91],[40,-33],[60,-27],[112,-89],[73,-70],[52,-25],[77,5],[21,-107],[49,-88],[12,-58],[29,-74],[123,78],[42,7],[62,-66],[71,27],[85,12],[35,-21]],[[46644,35263],[-86,-83],[-8,-34],[-45,-27],[-2,-72],[64,-103],[-23,-20],[22,-37],[-7,-61],[20,-25],[-36,-49],[-68,-16],[-16,-49],[-73,-26],[-31,6],[-90,-51],[-32,-2],[27,-77],[-42,-62],[-70,-4],[39,-77],[-95,-22],[-42,-37],[3,-84],[-17,-40],[-4,-56],[-56,-26],[-79,-6],[-63,-24],[-37,-54],[-44,-38],[-70,-9],[-22,-31],[-129,3]],[[45532,33970],[-37,-4],[-59,47],[-32,-24],[-44,-150],[19,-29],[-55,-15],[-29,-36],[-70,-28],[-41,55],[-53,-9],[-34,-48],[-63,15],[-188,-66],[-84,27],[-14,23],[-51,16],[-44,-27],[-72,43],[-22,44],[-46,17],[-53,40],[-19,49],[6,30],[-42,24],[-31,-29],[-78,-40],[-85,10],[-25,98],[-32,63],[-27,26],[-69,29],[-58,15],[-41,34],[-18,66],[-278,43],[-69,-14],[-59,43],[-19,165],[-8,33],[16,50],[-24,88],[-50,35],[-56,-22],[-42,-68],[-19,-64],[-60,-50],[-16,-89],[1,-67],[-28,-51],[-117,-22],[-119,-68],[1,41],[-69,-17],[-57,12],[-23,-13],[-18,65],[-62,18],[-6,-38],[-51,-29],[-111,17],[-98,24],[-43,-4],[-68,30],[-67,0],[-43,25],[-112,-14],[-46,-23],[-40,60],[-37,21],[-89,21],[-117,52],[-57,-2],[-40,29],[-57,6],[-54,-22],[-116,-29],[-96,-94],[-23,-108],[8,-61],[-23,-56],[-104,-107],[-23,-48],[19,-92],[-3,-61],[9,-108],[-30,-63],[-17,-71]],[[13287,29203],[2,19],[-98,-14],[-59,15],[-144,73],[-171,116],[-145,86],[-89,-9],[-18,15],[-62,135],[-21,7],[-92,-39],[-76,44],[-68,-17],[-66,-2],[-11,-34],[-76,36],[-54,7],[-63,56],[-71,18],[-45,0],[-75,95],[-73,69],[-71,44],[-76,26]],[[11565,29949],[-35,15],[-9,71],[54,119],[46,8],[-8,48],[108,63],[34,-16],[28,27],[133,57],[29,59],[45,40],[-38,88],[32,21],[3,72],[-11,38],[48,-4],[41,-35],[38,55],[4,66],[244,-69],[57,17],[121,-70],[22,-75],[33,-6],[36,65],[49,33],[104,-16],[56,-49],[98,-31],[61,39],[44,-6],[69,21],[78,-13],[49,-59],[80,19],[93,-32],[72,-12],[69,6],[102,35],[109,54],[36,-32],[53,-13],[122,-6],[28,-17],[21,-88],[92,-64],[69,-4],[122,13],[92,34],[103,-3],[91,-37],[117,-8],[73,26],[9,65],[15,13],[109,186],[-20,59],[85,32],[85,21],[139,-7],[78,6],[5,47],[-25,124],[31,91],[-7,158],[-13,36],[18,43],[99,31],[45,63],[83,21],[72,-4],[72,27],[43,54],[33,19],[32,-82],[2,-66],[-33,-145],[18,-109],[26,-46],[38,-41],[71,13],[136,62],[89,23],[57,45],[31,5],[89,-38],[7,-47],[76,-18],[59,-90],[107,-7],[24,-46],[39,-40],[207,-19],[46,-16],[27,8],[35,-22],[130,0],[50,42],[69,30],[20,42],[51,47],[78,-45],[30,-51],[21,-3],[50,41],[70,4],[94,-52],[44,11],[46,-27],[48,42],[90,-18],[85,-88],[57,7],[40,53],[53,3],[5,35],[134,26],[38,26],[67,-30],[42,39],[101,37],[44,3],[52,-34],[33,9],[37,49],[70,-92],[54,-18],[86,-7],[20,-33],[54,-24],[16,-91],[15,-21],[43,14],[13,61],[53,11],[81,-55],[122,48],[62,131],[-12,80],[30,104],[-19,43],[19,104],[33,32],[25,54],[57,30],[77,24],[53,73],[32,84]],[[19574,31552],[58,-54]],[[19632,31498],[-13,-120],[13,-56],[42,-96],[-20,-43],[-64,-23],[-40,-45],[-15,-38],[-6,-74],[18,-65],[49,-29],[33,-62],[-33,-31],[2,-26],[-59,0],[-54,-35],[-48,-9],[-31,-22],[-60,-147],[10,-76],[-27,-29],[-39,-95],[-6,-32],[-50,-53],[-42,-19],[-31,-69],[-39,-25],[-75,-97],[-25,-92],[1,-48],[19,-61],[46,-27],[44,-105],[26,-17],[67,-99],[10,-60],[-15,-122],[-33,-28],[-45,-95],[-36,-27],[-117,-56],[-50,-47],[-100,-114],[-43,-89],[-15,-64],[9,-55]],[[18790,28876],[-32,14],[-31,-47],[-71,-32],[-64,8],[-44,38],[-24,78],[-34,48],[-41,17],[-112,26],[-78,29],[-126,116],[-75,52],[-6,78],[-134,78],[-73,18],[-95,0],[-36,-26],[-11,-41],[-41,-58],[-49,-47],[-34,-7],[-123,-87],[-120,-32],[-310,-17],[-54,-9],[-39,-43],[-6,-40],[-38,-17],[-39,-83],[-92,-47],[-63,-91],[-1,-37],[-66,67],[-65,-36],[22,-20],[8,-70],[-6,-50],[44,-34],[51,-12],[23,-49],[-5,-103],[-81,-49],[-31,-28],[11,-51],[30,-44],[36,-12],[4,-38],[-52,-72],[33,-46],[24,-91],[-50,-7],[-18,-92],[-20,-48],[38,-7],[-11,-72],[-37,-20],[33,-53],[12,-103],[14,-18],[53,15]],[[16688,27572],[-34,-25],[-137,-45],[-80,-45],[-54,-68],[-64,-17],[-76,-3],[-135,-99],[-77,4],[-71,45],[-9,39],[-31,13],[-43,-14],[-51,-34],[-113,-98],[-39,-68],[-127,-18],[-62,-30],[-55,5],[-87,44],[-76,87],[-47,30],[-14,36],[-2,82],[41,135],[-30,39],[9,54],[-31,70],[-78,98],[-65,26],[-29,31],[-3,42],[31,77],[-3,25],[60,127],[29,19],[-1,42],[19,81],[-11,37],[-71,117],[-30,99],[-6,47],[-57,65],[-40,15],[-45,-36],[-35,34],[-30,-13],[-79,29],[-90,90],[-43,92],[-31,49],[-26,8],[-82,-47],[-57,17],[-30,-6],[-70,-86],[-88,3],[-48,16],[-90,55],[-59,84],[-2,98],[-42,115],[2,109],[-113,-2],[-64,-30],[-90,-59],[-58,5],[-64,54],[-17,-2],[-23,-66],[-61,-16],[-83,26],[-72,33],[-61,10]],[[53967,18769],[45,41],[33,54],[13,87],[-15,79],[12,40],[52,96],[86,130],[144,193],[31,192],[21,68],[27,16],[26,60],[55,78],[1,108],[70,88],[11,57],[50,86],[28,72],[-6,35],[54,94],[35,19],[-2,28],[37,29],[18,101],[47,29],[-25,69],[24,81],[28,13],[12,56],[-20,12],[2,67],[-14,44],[10,41],[-13,22],[44,69],[6,37],[-24,41],[3,69],[16,43],[-15,31],[18,75],[-20,43],[11,34],[-32,63],[-15,58],[-94,25],[-75,-40],[-84,-17],[-40,-30],[-54,14],[-28,26],[-43,-3],[-30,-29],[-129,-30],[-59,-53],[-63,-14],[-132,25],[-30,-34],[-47,16],[-13,41],[-76,32],[11,34],[63,62],[47,111],[43,9],[37,29],[57,24],[14,33],[-40,66],[34,38],[-23,135],[8,48],[-36,26],[1,46],[21,20],[9,51],[62,35],[53,16],[68,94],[35,36],[63,29],[22,54],[-6,78],[20,50],[33,21],[-4,43],[15,36],[-19,23],[23,53],[72,32],[-3,58],[26,61],[-26,64],[1,50],[-38,50],[10,32],[-52,53],[-2,73],[-46,33],[-59,128],[12,49],[-33,34],[-21,68],[-54,85],[38,81],[-40,47],[0,34],[30,10],[28,48],[-7,26],[65,32],[75,105],[1,48],[41,58],[27,67],[45,71],[-12,26],[5,82],[-26,81],[-5,49],[30,13],[6,41],[25,21],[-24,48],[3,66],[28,93],[-2,41],[-54,41],[-10,52],[12,51],[-19,27],[8,60],[-34,25],[1,49],[-46,78],[27,70],[-52,13],[-15,41],[31,89],[-16,48],[40,10],[21,39],[-31,47],[-4,68],[14,70],[-23,29],[20,24],[-17,32],[11,58],[-9,56],[86,82],[-1,45],[19,15],[16,105],[-17,79],[13,34],[-45,69],[-20,123],[8,53],[-26,13],[-5,56],[-41,59],[-42,31],[-55,68],[-36,74],[-14,61],[-46,42],[0,43],[-61,33],[-62,9],[-33,-9],[-44,49],[-25,-5],[-36,30],[-5,64],[-55,30],[-10,69],[-56,82],[-36,17],[-36,-12],[-17,31],[-73,-9],[-44,-17],[-67,24],[2,28],[-32,19],[-12,37],[-61,-12],[-51,53],[106,82],[-55,142],[72,51],[-20,135],[-29,-1],[-133,212],[53,254],[28,75],[49,52],[27,50],[9,53],[32,42],[79,48],[116,90],[33,39],[70,28],[41,63],[51,44],[18,49],[-20,142],[-131,129],[-27,45],[-27,76],[-44,53],[-23,55],[-103,106],[-42,64],[23,8],[133,-62],[47,-1],[31,45],[-20,49],[22,51],[-19,109],[22,24],[86,-6],[70,-26],[57,51],[42,-19],[7,-127],[28,-26],[72,22],[40,-8],[34,-39],[50,26],[47,47],[72,48],[42,18],[86,1],[55,-32],[53,-70],[8,-109],[17,-44],[33,-17],[112,-17],[115,2],[50,-6],[104,-54]],[[55052,29560],[-34,-79],[29,-57],[86,-45],[14,-36],[2,-90],[30,-50],[65,-31],[61,-18],[27,-42],[-19,-79],[-29,-24],[-62,-20],[-18,-63],[-27,-34],[-51,-27],[-6,-72],[19,-90],[-14,-62],[-28,-32],[10,-60],[39,-44],[54,-32],[56,-19],[77,-81],[39,-15],[80,0],[92,-64],[71,-20],[57,-30],[67,-15],[53,4],[49,-10],[62,-49],[107,-27],[52,-34],[65,32],[77,8],[45,20],[21,58],[42,42],[74,17],[114,-1],[53,12],[59,-1],[90,13],[66,-9],[65,31],[35,85],[65,38],[28,41],[83,88],[40,59],[3,83],[-24,85],[0,38],[80,150],[46,6],[30,-12],[99,-1],[54,-41],[60,-13],[28,-23],[17,-62],[43,-30],[18,-66],[31,-11],[51,34],[46,-21],[45,-60],[82,4],[58,56],[45,24],[31,36],[34,7],[62,-35],[74,-11],[77,20],[36,73],[61,-32],[53,4],[105,29],[65,-1],[24,15],[9,86],[60,75],[75,38],[81,84],[80,54],[57,101],[39,27],[31,-4],[123,-95],[46,37],[68,18]],[[59187,29312],[79,-52],[40,-82],[30,-16],[140,-45],[54,-39],[17,-40],[-22,-130],[22,-38],[37,-26],[101,-30],[65,3],[-23,-35],[-12,-53],[26,-100],[-77,-41],[-56,-83],[-60,-45],[-78,-83],[-89,-1],[99,-70],[176,-88],[70,-21],[67,-32],[112,11],[66,38],[41,37],[58,25],[98,21],[62,-3],[83,24],[47,-34],[41,-56],[-33,-75],[-2,-41],[26,-11],[72,7],[70,-43],[4,-44],[-32,-37],[-102,-32],[-37,-52],[-7,-48],[36,-89],[79,-112],[40,-48],[35,-64],[1,-1224],[0,-215],[77,-21],[66,21],[113,12],[162,7],[152,-8],[186,-19],[111,3],[124,-30],[226,-93],[77,-48],[80,-61],[73,-42],[94,-108],[111,-166],[59,-134],[58,-237],[20,-177],[-3,-94],[-25,-139],[-38,-152],[-69,-117],[-113,-115],[-114,-87],[-95,-82],[-34,-22],[-325,-291],[-66,-85],[-67,-72],[-60,-44],[-83,-102],[-82,-45],[-55,-68],[-64,-49],[-69,-38],[-85,-71],[-61,19],[-15,-29],[28,-29],[151,-33],[77,-9],[133,40],[90,1],[98,11],[34,-20],[-9,-34],[28,-41],[90,44],[50,42],[44,-6],[40,27],[69,29],[54,45],[41,-1],[63,-75],[15,-61],[60,-13],[13,-20],[54,8],[24,19],[86,118],[38,3],[9,-44],[-40,-86],[2,-26],[111,-69],[104,-22],[-12,-53],[10,-29],[-18,-34],[-95,-37],[-92,-52],[22,-53],[48,-17],[-45,-36],[-79,-4],[-84,26],[-41,-55],[-31,-120],[16,-33],[41,-24],[96,-23],[-15,-49],[10,-35],[36,-13],[-5,-45],[53,-14],[10,-41],[-18,-26],[-42,-18],[-37,6],[-91,48],[-122,10],[-40,-62],[3,-28],[48,-46],[72,-11],[24,-19],[-5,-72],[-88,-104],[-5,-39],[26,-12],[109,10],[47,-48],[-1,-46],[19,-19],[99,44],[67,-20],[44,5],[21,90],[40,34],[70,35],[71,-6],[63,8],[34,74],[102,-18],[10,-24],[-46,-52],[1,-38],[49,-10],[37,16],[17,-40],[-33,-35],[-5,-34],[12,-57],[9,-100],[-15,-49],[15,-21],[55,7],[49,-27],[31,-33],[56,-7],[13,-56],[21,-23]],[[62985,21560],[5,-58],[-59,-34],[-13,-29],[2,-59],[24,-61],[-2,-86],[-45,-74],[-5,-148],[-34,-53],[-76,-38],[-45,-35],[-85,-36],[-54,-33],[-13,-22],[12,-65],[45,-62],[12,-65],[47,-54],[96,-44],[26,-49],[-8,-35],[-76,-47],[-69,7],[-40,-13],[-34,-29],[-82,-199],[-55,-56],[-42,-27],[-64,-14],[-19,-18],[-41,-80],[-37,-42],[-177,-126],[-59,-38],[-79,30],[-32,-38],[-49,-8],[-55,12],[-34,61],[-41,4],[-68,-44],[-37,-9],[-51,9],[-63,-12],[-68,-30],[-125,-36],[-43,30],[18,58],[-6,34],[-66,18],[-114,-53],[-58,-7],[-33,9],[-13,43],[23,50],[8,82],[15,26],[89,64],[-14,49],[-23,24],[-58,1],[-77,-41],[-93,6],[-146,-58],[-155,-54],[-104,7],[-83,-12],[-55,31],[-33,85],[-53,16],[-125,23],[-78,-2],[-37,-20],[-54,-68],[-150,-53],[-83,-47],[-60,-11],[-51,-28],[-107,-89],[-72,-94],[-76,-52],[-22,-69],[-43,-80],[-47,-16],[-46,22],[-26,33],[-50,12],[-68,-4],[-94,-35],[-99,-59],[-61,-46],[-105,-52],[-90,-20],[-106,-7],[-41,-22],[-67,-77],[-145,-83],[-82,-68],[-45,-62],[-29,-21],[-166,-47],[-50,2],[-66,19],[-141,-10],[-38,-18],[-22,-95],[-75,-68],[-137,-67],[-135,-38],[-63,-8],[-111,-1],[-81,13],[-133,35],[-82,-3],[-84,15],[-85,34],[-150,50],[-212,95],[-118,17],[-54,-21],[-64,-111],[-30,-26],[-88,-41],[-97,-65],[-85,-75],[-46,-68],[29,-43],[1,-76],[-46,-59],[-31,-73],[-32,-36],[-133,-45],[-64,-28],[-67,-41],[-89,1],[-87,-66],[-32,-15],[-89,-9],[-86,-26],[-176,-30],[-75,-4],[-180,37],[-283,-36],[-41,-21],[-38,-58],[-62,-28],[-190,-30],[-42,23],[-21,103],[-38,33],[-117,56],[-21,26],[10,47],[111,72],[84,22],[119,-15],[41,18],[61,47],[60,75],[6,63],[-32,19],[-60,-3],[-24,12],[-85,85],[-17,65],[29,54],[36,37],[0,33],[-34,75]],[[18436,35207],[-82,3707]],[[18354,38914],[92,-52],[24,-32],[24,-109],[77,-114],[35,-18],[92,-2],[133,-20],[34,11],[88,65],[26,2],[84,-42],[97,-81],[30,-10],[62,9],[28,-12],[56,-68],[40,-29],[93,-37],[12,-19],[21,-129],[59,-19],[126,-2],[58,-11],[60,-45],[60,-11],[31,16],[34,75],[78,27],[117,-18],[21,-35],[-26,-57],[17,-19],[78,3],[30,-26],[45,-76],[93,-55],[50,-3],[21,15],[58,138],[58,91],[1,64],[-22,93],[3,156],[9,50],[41,60],[100,47],[91,59],[29,8],[66,-9],[67,6],[72,-25],[66,2],[47,25],[80,10],[67,53],[104,34],[88,77],[64,35],[50,17],[18,26],[43,108],[68,28],[33,33],[108,23],[37,-33],[-3,-44],[48,17],[21,-36],[-2,-70],[87,-41],[0,-49],[46,-9],[34,-42],[13,-70],[50,-60],[-1,-52],[23,-46],[70,-49],[25,-30],[-1,-48],[29,-28],[40,-88],[5,-80],[-18,-88],[15,-88],[5,-124],[19,-22],[48,1],[-11,-43],[-25,-6],[24,-62],[-30,-52],[-30,-8],[-33,-38],[-52,-24],[-19,-33],[30,-45],[113,12],[57,-27],[45,0],[78,-29],[191,-19],[133,-9],[226,-45],[66,-3],[133,17],[-33,43],[34,26],[36,-35],[47,28],[50,-22],[61,0],[59,43],[49,0],[225,-164],[136,-72],[69,-79],[41,-92],[119,-6],[167,14],[35,16],[35,66],[122,-51],[138,-109],[70,-75],[39,-59],[62,-49],[96,-6],[61,51],[71,98],[35,19],[58,-76],[51,-45],[67,-27],[68,35],[151,35],[80,33],[52,39],[55,5],[65,21],[84,98]],[[25904,37305],[27,-13],[39,-198],[72,-155],[-10,-193],[15,-30],[48,-38],[120,-50],[165,62],[29,-39],[-8,-77],[30,-45],[-5,-102],[12,-72],[-46,-47],[5,-29],[37,-16],[26,-46],[29,-19],[60,6],[48,-23],[32,-104],[-26,-34],[-93,-30],[-51,-90],[17,-45],[46,-23],[58,-11],[26,-24],[-20,-36],[-43,-42],[29,-71],[75,-11],[20,-20],[3,-43],[-34,-39],[-48,-19],[-86,-97],[-40,-106],[-61,-94],[-22,-63],[-105,-109],[-55,-79],[-7,-81],[-41,-68],[-59,-173],[-127,-127],[-25,-87],[-1,-87]],[[25959,34368],[-104,-38],[-29,6],[-78,71],[-95,102],[-50,22],[-41,-8],[-103,-71],[-114,-42],[-119,-88],[-12,-42],[6,-81],[-23,-101],[-1,-103],[-16,-45],[-41,-34],[-52,15],[-43,33],[-152,154],[-37,18],[-30,-6],[-65,-50],[-44,-22],[-74,-9],[-111,23],[-56,39],[-16,34],[22,197],[-10,75],[-25,6],[-85,-17],[-115,30],[-129,23],[-57,-2],[-33,59],[-10,53],[0,200],[-27,80],[-12,86],[-31,49],[-59,-3],[-106,-40],[-80,-4],[-51,19],[-59,46],[-76,90],[-24,38],[-22,113],[33,120],[-38,91],[-46,25],[-19,36],[-58,-3],[-19,42],[-41,8],[-51,33],[-94,-6],[-67,23],[-33,-1],[-71,31],[-22,36],[-52,29],[-78,90],[-57,103],[-38,43],[-82,-40],[-116,-21],[-56,2],[-54,-21],[-53,14],[-68,-12],[-59,5],[-43,-13],[-43,15],[-16,-19],[-38,24],[-29,-21],[-58,16],[-50,-46],[-86,41],[-33,5],[-34,67],[5,16],[-141,58],[-86,12],[-48,-17],[-40,30],[-38,-56],[-107,49],[-33,65],[-38,-21],[-37,-58],[-30,-20],[-48,2],[-42,-51],[23,-49],[-8,-36],[-34,7],[-35,43],[-49,-22],[-11,-39],[-1,-105],[22,-43],[-42,-36],[35,-25],[-34,-103],[9,-97],[-15,-18],[-67,29],[-82,-12],[-66,17],[-86,-64],[45,-27],[-46,-20],[-143,23],[-34,17],[-53,-41],[-69,7],[-36,-56],[23,-66],[25,-26],[29,-100],[-30,-35],[-81,3],[-56,-55],[-41,17],[-55,51],[-44,-8],[-41,82],[-68,-13],[-51,13],[12,33],[-38,93],[-55,12],[-32,-34],[-46,-3],[-25,-29],[-70,-39],[30,-24],[8,-36],[-68,5],[-15,29],[-37,-5],[-22,-37],[-62,74],[17,31],[76,35],[-2,61],[-34,47],[-59,55],[-41,77],[-126,26],[-5,-33],[38,-10],[22,-35],[-111,-26],[-31,10],[-43,-47],[-42,-25],[2,-56],[-42,-17],[-90,-6],[-63,40],[-40,7],[-40,-59],[-91,-16],[-113,40],[-92,-40],[-33,-6],[-20,-35],[11,-25],[-93,-10],[-4,23],[-46,1]],[[18436,35207],[-7,-34],[-41,-45],[10,-31],[-54,-21],[-32,-47],[26,-51],[39,-44],[-12,-62],[-53,-38],[-29,-46],[40,-41],[39,-71],[118,-62],[6,-57],[21,-36],[66,-69],[-1,-52],[37,-84],[-28,-111],[-100,-28],[-16,-73],[-32,-27]],[[18433,34077],[-47,27],[-28,-38],[-85,-27],[-51,-52],[-89,-23],[-7,-87],[-36,-103],[2,-89],[-68,-32],[-78,36],[-28,26],[-38,93],[-35,51],[-33,27],[-102,3],[-82,73],[-42,74],[-48,8],[-29,37],[-7,48],[-31,6],[-69,-15],[-61,3],[-43,-10],[-85,16],[-34,-26],[-36,18],[-2,49],[-46,-21],[-35,-31],[-87,-18],[-41,24],[-44,53],[-77,50],[-73,19],[-51,-20],[-18,21],[-67,-25],[-107,-18],[-69,50],[-22,58],[-39,48],[-133,52],[-34,-10],[-24,36],[17,34],[44,31],[-6,48],[13,61],[-64,-9],[-26,40],[9,59],[26,41],[-10,61],[32,103],[58,54],[-42,53],[-45,5],[-41,44],[4,57],[-35,13],[-5,51],[-49,-1],[-34,-23],[-39,46],[-1,39],[-23,21],[-64,8],[-52,18],[10,28],[-91,11],[-24,42],[-34,21],[-57,-30],[-1,52],[-34,-9],[-66,33],[-28,-12],[-38,18],[-47,-1],[2,42],[-44,-15],[-64,-47],[29,-75],[-7,-35],[-50,-19],[13,-48],[-141,47],[-31,-19],[-29,24],[-42,-72],[-43,29],[-88,-12],[-30,-27],[-60,19],[-61,7],[-83,-19],[-24,31],[-80,-21],[-29,56],[-28,-17],[-15,-48],[-32,23],[14,55],[-56,8],[-11,20],[-62,25],[10,30],[-16,43],[-45,37],[-78,9],[-31,17],[-9,-51],[-24,-10],[-52,64],[-23,5],[-42,57],[-18,49],[-55,-14],[-54,8],[-20,77],[11,23],[55,9],[34,42],[-27,37],[-3,116],[-34,-5],[-70,-90],[-59,-46],[-107,-44],[-55,14],[-103,2],[-52,43],[-32,7],[-58,-27],[-57,8],[-72,-29],[-24,6],[-3,87],[-31,23]],[[13235,35854],[-12,117],[-24,39],[-68,79],[-42,130],[-10,77],[41,30],[81,11],[91,109],[163,-14],[38,-8],[131,0],[73,57],[62,38],[61,16],[105,97],[66,17],[81,72],[44,112],[56,27],[56,-22],[29,-43],[30,0],[52,28],[31,31],[8,59],[17,22],[90,24],[35,29],[0,39],[-23,60],[14,76],[-34,43],[9,46],[34,63],[-3,49],[-32,44],[-58,19],[-63,72],[-64,14],[-122,41],[-34,79],[-49,50],[-39,9],[-78,-27],[-114,-82],[-52,-54],[-31,-15],[-160,-32],[-101,-1],[-89,40],[-151,-8],[-43,-26],[-31,-52],[-14,-72],[6,-85],[-17,-51],[-69,-24],[-89,-69],[-53,-73],[-39,16],[-26,67],[27,103],[-23,43],[-111,67],[-24,67],[-44,51],[-81,124],[-18,48],[-12,85],[25,81],[91,133],[15,56],[-8,91],[0,1231]],[[12742,39324],[37,43],[3,56],[31,24],[21,41],[-5,33],[64,65],[60,-6],[0,67],[25,58],[44,33],[17,75],[41,55],[127,6],[85,38],[92,72],[52,31],[38,45],[51,11],[34,-13],[77,-75],[33,-46],[46,-4],[38,82],[83,41],[68,-13],[55,-25],[50,18],[72,0],[63,26],[54,-38],[45,35],[37,-27],[99,25],[43,46],[78,0],[13,78],[28,46],[23,9],[87,-2],[46,35],[35,9],[41,46],[12,51],[29,38],[88,32],[29,25],[47,4],[80,33],[30,40],[10,51],[37,20],[86,98],[-3,134],[52,72],[-18,40],[11,28],[68,47],[152,55],[50,-22],[41,-45],[83,-40],[44,14],[17,41],[-39,64],[-11,46],[12,58],[72,141],[12,34],[80,56],[79,24],[99,-16],[44,21],[17,31],[4,101],[26,54],[57,40],[32,-8],[30,-52],[53,-29],[31,3],[69,56],[44,-16],[28,-120],[70,-54],[184,-42],[131,-50],[54,-27],[53,7],[53,-48],[80,-16],[68,32],[34,29],[21,111],[40,25],[61,-2],[47,-27],[66,-62],[111,-164],[45,-45],[44,-7]],[[17619,41188],[-11,-37],[-142,-136],[-46,-15],[-32,-34],[6,-98],[39,-90],[-3,-101],[20,-88],[16,-33],[5,-77],[23,-59],[71,-70],[84,-47],[70,-53],[46,-62],[-24,-59],[64,-67],[54,-35],[23,-32],[66,2],[44,24],[103,5],[95,-45],[40,-44],[46,-29],[51,7],[30,-39],[41,-4],[30,-25],[10,-37],[-15,-83],[-22,-34],[-97,-66],[-19,-66],[-39,-50],[-4,-32],[53,-34],[-1,-83],[-28,-29],[-1,-78],[44,-51],[32,-59],[2,-70],[17,-70],[-6,-91]],[[18790,28876],[8,-53],[-13,-90],[52,-82],[0,-182],[-38,-104],[-3,-182],[11,-289],[-22,-134],[-131,-89],[-39,-93],[35,-71],[-12,-49],[-44,-54],[-3,-21],[41,-95],[23,-86],[-9,-27],[39,-64],[5,-100],[-5,-61],[-37,-63],[10,-30],[121,-144],[18,-38],[-16,-157],[3,-22],[82,-127],[101,-70],[-25,-76],[19,-41],[-9,-59],[-28,-21],[-5,-45],[19,-26],[-32,-75],[10,-32],[-82,-117],[0,-71],[-33,-38],[33,-58]],[[18834,25640],[-24,-43],[-127,-71],[-51,-18],[-26,20],[-68,-4],[-69,6],[-9,22],[-80,76],[-119,20],[-73,36],[-18,47],[-39,55],[-80,68],[-67,47],[-51,-21],[-85,-15],[-86,-5],[-128,13],[-71,-4],[-26,-63],[27,-91],[7,-76],[-39,-58],[-74,22],[-118,-31],[-26,3],[-29,53],[-37,-10],[-79,10],[-81,-55],[-41,-1],[-33,46],[-51,-6],[-35,16],[-25,50],[-23,15],[-93,18],[-77,75],[4,75],[-56,-13],[-17,-21],[-137,-1],[-58,84],[-63,-15],[-22,27],[18,78],[-6,72],[-60,35],[-52,-1],[-51,-26],[-45,33],[-6,31],[-59,98],[-39,18],[-37,-13],[-22,-42],[-39,69],[-6,47],[-42,84],[-2,25],[39,51]],[[15952,26481],[17,73],[-9,122],[18,31],[50,-1],[142,-22],[25,40],[-38,50],[-8,49],[-31,13],[7,51],[56,9],[4,32],[-52,31],[-17,34],[1,72],[25,22],[84,-27],[38,18],[54,-14],[19,-32],[52,-6],[25,58],[70,-25],[66,-10],[22,29],[24,89],[68,48],[20,67],[-16,127],[-45,5],[16,78],[48,55],[1,25]],[[18834,25640],[38,-67],[-14,-58],[28,-51],[2,-83],[-20,-54],[22,-23],[67,-18],[60,2],[26,-40],[-16,-92],[11,-131],[-62,-104],[-57,-61],[-41,-69],[-48,-54],[-19,-38],[5,-32],[76,-132],[60,-42],[119,-60],[102,-2],[35,-29],[49,-107],[63,-89]],[[19320,24206],[-69,-5],[-48,-52]],[[19203,24149],[-209,-62],[-57,-73],[-47,-22],[-104,-24],[-61,-78],[-23,-64],[-54,-107],[-45,-51],[-120,-50],[-74,-38],[-153,-114],[-95,-32],[-69,-2],[-41,-23],[-142,-139],[-135,-49],[-21,9],[-27,100],[-45,42],[-129,68],[-86,27],[-18,29],[-10,59],[-119,75],[-80,9],[-70,-7],[-88,-27],[-20,6],[-42,93],[-51,231],[-25,51],[-29,14],[-57,-2],[-47,-30],[-79,-81],[-106,-56],[-87,-77],[-19,-36],[-38,-31],[-42,-67],[-60,-45],[-35,-79],[-34,-116],[-23,-10],[-85,96],[-43,25],[-65,10],[-110,-6],[-85,12],[-44,31],[-23,53],[-29,28],[-62,6],[-120,-30],[-105,-9],[-18,-118],[-68,-75],[-16,-52],[-84,-47],[-109,-21],[-81,-34],[-32,-24],[-79,-92],[-53,-19],[-93,17],[-69,27],[-23,-9],[-25,-73],[-47,-42],[-70,-14],[-59,-21],[-57,29],[-41,-18],[-59,-7],[5,-27],[43,-78],[-51,-188],[-42,-73],[-14,-97],[35,-104],[-5,-49],[-51,-97],[-47,-37],[-63,-24],[-65,-70],[-44,-84],[-56,-60],[-11,-29],[31,-79],[-4,-65],[-88,-90],[-62,-133],[2,-56],[29,-110],[96,-15],[19,-59],[40,-41],[73,17],[78,-71],[116,-25],[98,-43],[96,9],[89,-20],[36,-49],[5,-93],[50,-93],[37,-9],[76,35],[43,4],[146,-24],[45,-17],[59,3],[56,74],[72,37],[48,14],[108,-32]],[[15461,21045],[-35,-3],[-81,-35],[-36,-47],[-47,-38],[-20,-56],[-66,5],[-24,-50],[-32,-25],[-26,-49],[-12,-89],[-44,-53],[-6,-29],[-56,-45],[6,-44],[21,-31],[47,-3],[27,-52],[-5,-21],[-110,-105],[-3,-38],[-28,-56],[14,-32],[-14,-87],[1,-57],[54,-19],[9,-22],[-62,-59],[-18,-49],[-42,10],[-8,-40],[21,-31],[-28,-112],[-2,-117],[-38,-54],[41,-141],[-2,-37],[-21,-41],[-61,-73],[16,-44],[-17,-87],[-50,-210],[7,-49],[-36,-115],[-55,-54],[-34,-55],[-11,-51],[-39,-55],[-85,-141],[-64,-86],[-36,-19],[-76,-73],[-39,-50],[-85,-78],[-42,-59],[-107,-44],[-183,-9],[-64,-64],[5,-92],[-10,-123],[-35,-33],[-35,34],[-79,54],[-41,9],[-65,-26],[-51,-60],[-76,-33],[-69,-92],[-59,-123],[-24,-73],[-2,-57],[25,-70],[66,-54],[22,-77],[51,-71],[7,-42],[-10,-70],[16,-37],[149,-158],[-13,-37],[-109,-39],[-16,-22],[10,-41],[-66,-108],[-5,-53],[29,-38],[8,-50],[73,-54],[-1,-40],[-62,-120],[-77,-82],[-17,-41],[-52,-83],[-57,-21],[-39,-31],[0,-34],[29,-88],[43,-76],[13,-100],[-24,-82],[-51,-48],[-65,-8],[-18,-44],[-19,-89]],[[13074,15254],[-12,-27],[-44,-42],[-32,-93],[-21,-103],[28,-61],[9,-90],[-37,-71],[-44,-31],[-62,-24],[-92,-5],[-112,26],[-70,-54],[6,-53],[-45,-143],[-36,-45],[-58,-42],[-58,-2],[-51,41],[-101,24],[-44,-38],[-89,-14],[-36,14],[-4,45],[-24,90],[-44,76],[-69,71],[-85,62],[-140,77],[-7,55],[76,86],[26,55],[2,34],[-64,84],[-63,101],[-20,74],[-25,15],[-40,-13],[-98,-60],[-84,-82],[-13,-75],[-35,-15],[-73,15],[-49,-3],[-48,-20],[-114,-126],[-116,-81],[-52,-51],[-11,-143],[60,-111],[63,-53],[1,-48],[-39,-52],[5,-155],[-13,-31],[-125,-127],[-55,14],[-91,-20],[-33,-27],[-65,-77],[-13,-65]],[[10594,13940],[-177,-135],[-48,-5],[-79,76],[-70,-42],[-44,25],[-67,57],[-27,2],[-45,-33],[-19,8],[-36,89],[-33,48],[-86,11],[-78,71],[-28,64],[-19,71],[-30,64],[-83,90],[-65,27],[-63,-28],[-95,-29],[-46,7],[-39,26],[-46,90],[-64,15],[-109,61],[18,56],[-73,50],[-29,52],[-30,88],[-14,75],[-20,25],[-28,82],[-39,35],[15,68],[-9,54],[23,79],[-20,55],[-62,9],[-32,18],[10,66],[-33,53],[-45,36],[-143,52],[-32,27],[-44,0],[-42,17],[-16,35],[2,55],[-52,8],[-12,27],[35,24],[17,53],[-23,44],[3,38],[114,58],[22,36],[56,42],[-40,90],[38,146],[-98,13],[-30,-12],[-60,37],[-29,-60],[-57,-25],[-17,12],[9,96],[-12,30],[-49,41],[-27,51],[-10,68],[63,92],[-5,64],[-42,50],[31,29],[45,2],[43,25],[-9,26],[42,48],[-6,104],[33,34],[-4,47],[13,34],[-7,45],[-66,57],[15,41],[-25,31],[24,60],[-57,99],[-66,10],[-31,-16],[-77,24],[-76,4],[-43,-28],[-25,-63],[-36,-5],[-33,18],[-89,-15],[-34,39],[-47,9],[-69,41],[-97,136],[-36,70],[25,63],[-29,67],[-60,52],[-12,57],[7,63],[-9,67],[-47,31],[-2,38],[-44,82],[29,46],[-38,25],[-73,10],[-32,36],[-41,17],[4,78],[-57,60],[-32,78],[18,65],[-8,37],[-42,56],[-42,28],[-43,9],[0,56],[-71,25],[-26,19],[-11,45],[29,53],[14,150],[7,22],[86,55],[8,47],[-30,140],[-54,116],[-2,63],[-36,80],[10,29],[1,99],[-56,79],[-16,72],[19,46],[-11,22],[16,155],[18,63],[-7,66],[-61,55],[-53,-22],[-49,-5],[-61,23],[-74,9],[-48,24],[-23,27],[-65,-32],[-72,8],[-48,-23],[-44,26],[-61,-17],[-24,11],[3,60],[-23,57],[-62,76],[-14,39],[70,68],[-20,43],[24,23],[-48,52],[-70,16],[-33,51],[-35,-15],[-41,10],[-45,29],[-22,51],[-32,12],[-24,95],[-62,53],[40,58],[24,4],[52,40],[17,49],[-32,85],[-33,36],[18,35],[50,33],[-5,96],[-29,-19],[-37,58],[15,40],[53,89],[-6,53],[37,22],[-46,39],[32,15],[114,-38],[41,56],[59,-26],[48,6],[22,48],[56,-5],[52,56],[-48,78],[74,158],[-23,33],[51,42],[98,-31],[57,-9],[125,20],[24,19],[64,13],[87,49],[79,83],[19,42],[31,27],[14,57],[-8,29],[53,20],[9,55],[-26,52],[44,52],[16,57],[-18,62],[-9,106],[-31,114],[-33,55],[38,50]],[[7034,23020],[155,-1],[57,-32],[83,-21],[29,-25],[0,-43],[80,17],[52,-23],[53,-8],[62,12],[111,-31],[51,-70],[-3,-64],[35,-134],[75,-59],[94,-20],[176,-111],[31,-53],[12,-59],[99,-60],[226,-32],[85,16],[23,30],[56,4],[22,-20],[63,-12],[57,-50],[10,-59],[33,-40],[18,-45],[-7,-61],[9,-47],[28,-49],[5,-44],[38,-65],[22,-81],[64,-17],[17,-19],[3,-56],[33,-40],[91,-25],[28,5],[47,61],[39,8],[62,-8],[40,-41],[97,-53],[25,-54],[48,-23],[98,-78],[36,-54],[37,-23],[86,16],[107,45],[64,-33],[96,24],[39,-18],[11,-46],[-1,-62],[-17,-148],[-1,-93],[11,-43],[33,-64],[48,-26],[31,27],[62,141],[29,54],[67,18],[124,56],[8,29],[-55,178],[17,121],[23,27],[84,14],[16,44],[-31,76],[7,53],[45,43],[-33,64],[-89,71],[-147,172],[-18,26],[-17,90],[-16,34],[12,85],[75,136],[22,10],[7,50],[-3,143],[15,104],[19,64],[75,59],[3,43],[-20,23],[-33,78],[-4,110],[49,49],[-19,83],[-21,11],[-14,57],[15,66],[-1,76],[-26,66],[-3,58],[-30,84],[-2,30],[62,111],[-11,53],[5,98],[-13,39],[-39,44],[-75,68],[25,39],[77,26],[69,1],[82,67],[88,89],[-13,59],[20,51],[43,50],[54,27]],[[10812,24460],[103,7],[59,28],[50,-8],[50,-49],[90,-56],[53,0],[24,16],[50,63],[54,22],[140,16],[54,21],[73,-6],[136,-59],[34,-1],[81,82],[59,77],[60,136],[8,55],[-9,89],[-13,36],[21,90],[23,63],[52,61],[62,42],[59,23],[53,37],[57,66],[53,-4],[53,19],[32,60],[12,79],[23,38],[21,114],[-12,32],[44,17],[49,49],[99,73],[58,58],[47,23],[40,40],[-22,44],[-7,47],[11,98],[33,41],[111,42],[98,53],[77,19],[68,74],[157,101],[9,20],[0,99],[49,-25],[89,-26],[48,-4],[167,27],[65,-20],[49,-41],[45,-11],[97,61],[174,34],[96,34]],[[14228,26576],[23,-55],[77,-105],[37,-36],[61,-34],[132,-41],[96,-17],[154,-1],[73,11],[154,6],[145,34],[29,13],[43,-11],[37,8],[73,-30],[29,-32],[49,-29],[110,16],[83,61],[47,13],[51,48],[221,86]],[[27056,17845],[57,49],[47,21],[129,43],[160,43],[143,48],[199,124],[92,108],[100,108],[80,50],[18,41],[41,30],[-3,21],[45,56],[19,1],[22,51],[94,-7],[88,12],[66,23],[66,44],[54,62],[90,59],[51,84],[38,33],[-1,26],[-34,86],[-74,55],[-130,4],[-36,51],[-47,43],[-34,-25],[-39,36],[21,81],[-3,64],[-52,21],[-61,-43],[-52,100],[-60,35],[-16,41],[-5,84],[-62,26],[-75,53],[2,133],[-43,36],[-6,81],[-24,13],[-99,4],[-18,18],[-9,55],[32,61],[55,42],[13,70],[19,42],[8,74],[-31,113],[14,43],[65,57],[67,31],[12,67],[-8,81],[-29,21],[13,73],[-14,54],[-2,78],[73,77],[52,29],[15,57],[52,67],[14,136],[-5,149],[22,136],[-3,51],[21,21],[45,-2],[45,-52],[68,-54],[19,42],[39,13],[79,53],[11,46],[121,60],[44,-33]],[[28721,21730],[-1,-72],[78,-153],[83,-59],[4,-54],[-10,-61],[10,-42],[137,-101],[-9,-16],[70,-49],[95,80],[62,33],[45,97],[120,107],[30,40],[80,15],[57,-31],[132,-12],[-35,-60],[-45,-120],[-55,-83],[-5,-49],[-39,-79],[431,-340],[48,30],[71,11],[50,25],[67,105],[28,22],[94,47],[74,25],[157,-19],[46,8],[24,-19],[-38,-54],[2,-32],[-33,-66],[-58,-44],[-9,-35],[74,-79],[26,-84],[-64,-152],[-8,-92],[21,-33],[14,-63],[19,-33],[21,-92],[-4,-43],[-40,-63],[-35,-20],[-43,-56],[-54,-15],[-95,-48],[-41,-72],[-84,-98],[-53,-20],[-40,-63],[17,-46],[-64,-74],[-11,-33],[12,-45],[-52,-145],[27,-49],[-38,-69],[-46,-32],[-67,-68],[-67,-25],[-30,-29],[-77,-43],[-53,-77],[-49,-23],[-64,-143],[-3,-47],[-69,-58],[-58,-27],[-49,3],[-34,-34],[-7,-94],[-18,-36],[-8,-71],[-21,-38],[-8,-52],[6,-160],[-44,-53],[28,-87],[50,-88],[-60,-59],[-42,-60],[-28,21],[-57,-45],[-57,-86],[-41,-97],[-43,-21],[-74,-14],[-42,3],[-81,-12],[-52,32],[-59,-53],[-47,-24],[-68,31],[-22,22],[-78,41],[-52,48],[-31,15],[-46,-39],[-87,-13],[-43,31],[-29,49],[-68,-12],[-45,25],[-73,-25],[-60,-33],[-31,12],[-75,111],[-62,4],[-48,-10],[-54,67],[-7,38],[-43,18],[-121,-34],[-68,20],[-115,-14],[-231,52]],[[19203,24149],[-28,-46],[-53,-55],[-36,-54],[-4,-28],[56,-87],[19,-50],[46,-45],[30,-81],[-16,-61],[0,-60],[-31,-57],[-40,-28],[-26,-85],[98,-65],[33,-35],[-23,-24],[-41,17],[-21,-50],[-43,-41],[-14,-47],[-22,-21],[8,-59],[-138,-85],[-26,-46],[-24,-132],[-69,-25],[-18,-35],[-33,-6],[-53,34],[-30,-17],[-44,5],[739,-302],[98,-36],[586,-238],[0,-6]],[[20083,22198],[20,-106],[-9,-24],[32,-132],[-54,-181],[-15,-68],[2,-72],[-41,-54],[-8,-36],[22,-21],[-28,-83],[12,-35],[-8,-67],[-49,-81],[12,-73],[13,-9],[0,-73],[-17,-38],[-4,-70],[-62,-150],[-27,-49],[-56,-57],[-11,-90],[-52,-70],[-9,-31],[11,-107],[10,-28],[-39,-69],[-51,-118],[0,-34]],[[19677,20172],[-23,-15],[-63,31],[-67,-45],[-114,-28],[-89,-41],[-83,-18],[-65,8],[-41,-10],[-54,-33],[-45,-6],[-91,62],[-61,-23],[-28,18],[-73,-14],[-22,38],[-3,41],[-38,-1],[-52,64],[-32,101],[20,36],[-32,56],[7,35],[-21,84],[20,40],[-25,28],[-41,10],[-20,24],[-53,3],[-55,46],[-137,-42],[-115,-62],[-43,-44],[-230,-35],[-98,-33],[-124,-65],[-48,-13],[-126,16],[-39,-21],[-47,-60],[-47,-133],[-39,-24],[-55,23],[-59,47],[-131,61],[-83,-14],[-57,0],[-125,-27],[-51,20],[-19,60],[-72,18],[-38,-32],[-151,-31],[-92,15],[-69,-32],[-71,-18],[-32,13],[-36,166],[-63,72],[-38,29],[-93,8],[-80,59],[-93,39],[-34,37],[-62,133],[-30,42],[-47,26],[-50,-8],[-52,62],[-71,112],[-25,18]],[[14441,6922],[75,-51],[71,33],[53,-20],[21,8],[42,58],[16,86],[-2,45],[53,42],[29,98],[65,40],[49,51],[58,1],[54,-43],[48,0],[54,35],[6,31],[-8,104],[15,66],[32,44],[10,62],[18,41],[66,60],[118,77],[103,60],[9,25],[-11,108],[12,53],[71,74],[8,115],[-6,121],[-31,75],[49,84],[10,44],[-35,89],[-1,51],[162,153],[17,76],[86,27],[36,37],[21,91],[35,41],[35,2],[74,-43],[50,-2],[79,32],[56,-8],[67,-57],[39,-3],[68,18],[84,-13],[11,27],[-21,141],[91,63],[32,42],[45,121],[27,36],[47,16],[113,-41],[38,7],[52,43],[34,122],[43,96],[43,157],[12,63],[32,69],[77,31],[27,82],[0,96],[60,50],[11,67],[46,49],[15,60],[51,67],[66,162],[5,77],[29,25],[5,61],[-26,18],[34,61],[-1,38],[-23,24],[15,39],[-13,56],[51,28],[-75,79],[-42,55],[-43,-9],[-97,-39],[-33,2],[-51,57],[-41,-15],[-33,-48],[-38,-10],[-46,33],[-79,42],[-48,73],[-16,-5],[-39,-69],[-63,1],[-33,-25],[-78,-5],[-40,34],[-76,21],[-63,1],[-34,35],[-43,-26],[-24,-32],[-33,9],[-29,53],[-40,7],[-106,82],[-17,78],[-39,4],[-32,29],[-22,63],[-104,0],[-46,27],[-26,70],[-49,59],[-78,68],[-24,49],[-65,18],[-172,-12],[-101,15],[-21,32],[-9,78],[-15,24],[-61,33],[-76,5],[-18,17],[7,60],[89,10],[25,53],[72,26],[66,7],[132,115],[27,50],[16,69],[31,55],[118,39],[25,30],[0,79],[-55,162],[-62,68],[-15,58],[42,175],[11,13],[190,32],[41,61],[11,147],[43,68],[12,46],[-26,107],[-34,55],[-86,88],[-29,130],[33,80],[55,99],[32,84],[35,35],[73,24],[179,4],[67,30]],[[16306,14210],[-11,-85],[6,-36],[31,-7],[63,28],[65,-11],[95,-57],[41,-60],[26,-60],[9,-101],[83,-3],[22,18],[33,125],[30,19],[131,42],[67,38],[25,26],[15,52],[-11,122],[35,66],[36,28],[43,9],[34,-11],[73,-56],[107,-13],[30,-16],[27,28],[12,148],[15,25],[38,6],[61,54],[123,217],[-19,70],[1,38],[31,48],[70,50],[95,5],[27,23],[21,88],[-30,71],[8,72],[34,38],[21,-2],[112,-100],[34,-14],[105,-6],[39,9],[93,49],[31,30],[61,113],[57,152],[74,75],[44,66],[70,49],[16,29],[-6,43],[33,37],[56,11],[60,39],[99,-4],[54,9],[25,-9],[97,-69],[29,2],[30,50],[35,-3],[17,-27],[57,39],[22,44],[79,-4],[71,17],[68,-13],[44,-28],[17,-36],[127,-39],[44,-55],[50,-37],[59,-17],[52,32],[52,19],[67,41],[65,61],[84,100],[85,9],[44,-27],[117,78],[17,2],[53,-57],[36,-1],[33,48],[70,34],[125,-13],[61,-20],[128,-97]],[[20911,15857],[-32,-38],[-80,-126],[-84,-97],[-58,-24],[-174,-37],[-90,-35],[-44,-40],[-51,-82],[-32,-88],[-11,-121],[48,-149],[41,-19],[-26,-32],[18,-48],[-20,-26],[10,-50],[71,-9],[13,-30],[-37,-38],[-46,-4],[-23,-35],[49,-80],[-40,-49],[-39,-22],[-33,17],[-28,-25],[16,-29],[-30,-56],[-68,-45],[-28,-2],[-3,-39],[-37,-47],[-36,-77],[-27,-36],[29,-53],[-9,-37],[-28,-25],[-86,-31],[-41,-61],[-54,-6],[-17,-83],[24,-20],[-25,-42],[4,-26],[-49,-71],[6,-62],[-14,-34],[10,-48],[29,-52],[56,0],[17,-15],[85,-21],[83,-33],[53,32],[165,-36],[145,-15],[126,-56],[41,2],[28,-20],[120,-10],[39,-38],[55,-12],[72,-57],[91,-59],[53,-19],[57,-49],[33,12],[43,-30],[46,-56],[35,-11],[8,-32],[61,-24],[42,-40],[33,-10],[85,-131],[50,-25],[147,-117],[29,-64],[-23,-91],[2,-57],[-29,-74],[-23,-27],[-70,-47],[6,-71],[48,20],[61,-8],[34,-72],[-3,-54],[-35,-88],[19,-60],[-10,-35],[-46,-69],[-6,-46],[-116,-31],[-34,-27],[-96,13],[-67,-11],[-92,0],[-44,-16],[-83,30],[-64,53],[-44,6],[-51,25],[-40,-2],[-31,-29],[-1,-72],[30,-33],[24,-120],[-35,-116],[24,-24],[0,-43],[-20,-53],[5,-28],[44,-45],[65,-104],[29,-16],[32,-46],[0,-1968],[-14,-31],[-447,-63],[-84,-26],[-359,48],[-64,34],[-39,-1],[-91,-34],[-54,9],[-39,41],[1,124],[-28,77],[-36,41],[-43,27],[-116,6],[-97,52],[9,-84],[24,-93],[-22,-20],[41,-33],[9,-48],[42,21],[62,-68],[-39,-19],[13,-114],[-11,-105],[-33,-68],[-63,-73],[11,-76],[-19,-4],[-60,-67],[3,-24],[-65,-105],[-60,-61],[-33,-89],[-7,-70],[21,-29],[-27,-53],[39,-44],[-31,-39],[0,-54],[18,-33],[16,-69],[-32,-102],[36,1],[57,-40],[-42,-38],[4,-99]],[[19388,7723],[-41,38],[-67,7],[-140,-101],[-33,-35],[-25,-48],[-76,-71],[-29,-39],[-23,-97],[-73,-74],[-82,-47],[-30,-3],[-63,65],[-45,-66],[-42,-36],[-57,-90],[-39,-27],[-86,-11],[-28,-57],[-92,-50],[-64,14],[-114,-9],[-56,-74],[-47,-8],[-47,51],[-55,-20],[-21,-97],[-33,-39],[-50,-14],[-36,97],[-8,45],[-46,4],[-84,-62],[-34,-6],[-84,8],[-21,-13],[9,-65],[-42,-50],[-110,6],[-73,24],[-20,-13],[-5,-68],[-36,-1],[-52,66],[-27,-1],[-13,-37],[-58,-6],[-38,33],[-22,98],[-27,50],[-27,6],[-36,-35],[-50,0],[-33,25],[-9,58],[-21,43],[-48,12],[-135,-34],[-92,-80],[-65,-23],[-93,25],[-34,115],[-19,166],[-43,43],[-79,25],[-63,2],[-51,20],[-78,2],[-124,-90],[-96,-36],[-30,-28],[-49,-110],[-41,-35],[-37,-4],[-66,41],[-33,7],[-47,-24],[-30,-72],[-76,-61],[-16,-33],[-10,-70],[-39,-24],[-60,-5],[-69,-23],[-83,3],[-32,-30],[-15,-70],[-180,37],[-24,-21],[-3,-72],[-38,-13],[-30,33],[-56,113],[-45,120],[-51,46],[-57,-32],[-31,-1],[-82,48],[-36,64]],[[40878,29573],[-20,-94],[14,-49],[-17,-115],[-31,-95],[-34,-41],[-7,-56],[-4,-146],[9,-71],[49,-71],[21,-58],[75,-17],[60,6],[62,-20],[106,-153],[44,-42],[106,-24],[65,-47],[9,-38],[56,-118],[24,-90],[-8,-18],[35,-298],[-15,-31],[-48,-52],[-29,-55],[-36,-127],[-12,-21],[38,-39],[-20,-54],[4,-79],[41,-37],[46,-75],[15,-53],[83,-83],[-39,-97],[-41,-53],[-31,-63],[-52,-71],[-11,-49],[-33,-61],[-38,-42],[16,-45],[49,-1],[87,17],[37,-2],[32,-26],[27,-62],[-12,-68],[21,-56],[89,-85],[31,-81],[21,-33]],[[41712,26334],[-54,-17],[-95,-5],[-22,-83],[-35,-44],[-40,-22],[13,-59],[-18,-83],[-34,-25],[16,-73],[-24,-35],[-132,-7],[-41,4],[-52,-35],[-62,-25],[-38,-53],[-29,-64],[20,-55],[1,-69],[-30,-48],[-51,-43],[-51,-78],[-26,-83],[-28,-62],[-6,-109],[-36,-32],[-11,-47],[-43,-25],[14,-69],[-86,-123],[24,-54],[-23,-82],[-39,-87],[-38,-40],[-15,-56],[-37,-88],[-33,-40],[-59,-31],[-103,-29],[-50,-47],[-8,-54],[-32,-39],[-61,-18],[-39,-28],[-27,-80],[-54,-82],[-40,-28]],[[40098,23982],[-23,-3]],[[40075,23979],[-36,63],[-1,64],[-60,41],[-44,8],[-111,55],[-32,47],[-62,13],[-77,-23],[-46,7],[-67,-5]],[[39539,24249],[-2,26],[-43,89],[-20,55],[-28,25],[-98,44],[-11,65],[-26,49],[108,78],[85,113],[23,16],[67,12],[43,-10],[34,-57],[58,-12],[31,67],[61,40],[84,21],[53,-12],[80,22],[65,63],[1,78],[-51,51],[-4,57],[59,86],[9,121],[26,62],[53,62],[8,37],[46,37],[66,-20],[42,-24],[9,76],[-11,28],[-40,32],[-57,74],[-3,77],[-106,160],[-74,20],[-14,59],[11,75],[90,41],[62,4],[41,15],[57,46],[27,49],[-9,23],[-49,19],[-79,11],[-23,14],[-16,57],[-64,16],[-31,39],[-12,39],[3,102],[49,35],[-9,82],[29,33],[79,60],[26,66],[-1,62],[-126,-29],[-58,18],[-33,-4],[-27,23],[-100,24],[-37,22],[-62,18],[-51,48],[-45,21],[-34,58],[-8,36],[-38,33],[8,26],[-24,54],[15,78],[-23,28],[-16,85],[-74,48],[-17,21],[0,100],[27,-13],[124,-5],[185,117],[16,23],[5,56],[-49,117],[-86,110],[-75,54],[-66,100],[-22,66],[-8,175],[-31,98],[-41,25],[-14,33],[21,61],[50,8],[89,-48],[74,61],[47,80],[75,59],[78,42],[48,61],[68,63],[-18,21],[-67,17],[-29,70],[81,18],[21,29],[68,20],[24,95],[30,47],[55,49],[57,30],[141,7],[64,14],[52,30],[-3,78],[-43,37],[104,93],[120,11],[213,-48]],[[20273,42410],[2,64],[-32,102],[12,72],[75,53],[39,47],[102,89],[34,38],[74,9],[55,-62],[116,-42],[51,-52],[66,-18],[105,21],[113,6],[45,9],[86,60],[46,19],[77,-28],[51,-4],[32,16],[-2,73],[26,48],[63,31],[34,44],[15,42],[25,12],[129,-55],[35,-37],[48,-29],[11,27],[47,37],[-29,42],[67,51],[58,27],[107,63],[84,40],[83,8],[92,-31],[63,-56],[87,-38],[85,-12],[74,31],[35,2],[81,-53],[83,7],[67,27],[108,90],[25,57],[34,46],[49,34],[107,-11],[32,-17],[98,-99],[88,-55],[12,-50],[21,-17],[127,-17],[113,6],[126,23],[74,-8],[53,23],[60,45],[93,24],[52,-29],[64,28],[43,-7],[138,-48],[67,-44],[39,-56],[-4,-27],[-83,-47],[21,-55],[59,9],[79,-15],[23,-44],[53,-60],[36,-2],[48,32],[58,78],[69,0],[140,-84],[45,-4],[24,24],[23,63],[41,10],[45,-14],[84,-80],[190,-121],[126,-14],[54,115],[26,69],[75,109],[125,-9],[54,-40],[35,-69],[21,-16],[72,-15],[58,19],[50,1],[110,-31],[134,-11],[118,-26],[188,4],[74,36],[66,76],[44,29],[117,36],[90,82],[72,26],[77,-39],[147,-121]],[[27397,42902],[-12,-75],[-44,-65],[-77,-57],[-70,-20],[-120,-47],[-55,-33],[-70,-24],[-46,-40],[-26,-45],[-81,-68],[-20,-33],[-37,-22],[-75,-18],[-114,0],[-84,-18],[-90,-1],[-91,35],[-52,-4],[-32,-18],[-42,-70],[-42,-18],[-55,4],[-137,-36],[-82,-69],[-69,-25],[-48,3],[-29,-35],[23,-41],[-84,-25],[-42,24],[-74,-21],[-24,-44],[-57,11],[-3,-40],[-55,-90],[-35,-34],[-1,-33],[-59,-49],[-32,12],[-76,-11],[-34,39],[-121,-18],[-30,-24],[22,-140],[42,-37],[40,-9],[81,2],[50,-54],[-74,-117],[-53,-47],[-26,-69],[-71,15],[-20,-79],[-33,-77],[-37,-29],[-84,5],[-82,44],[-104,-14],[-95,28],[-34,-4],[-41,-59],[8,-45],[-55,-32],[-71,-20],[-64,-32],[-50,-106],[-56,4],[-27,-37],[-27,-8],[-109,49],[-117,6],[-69,11],[-33,-25],[-88,-115],[-52,-81],[-115,-84],[-2,-54],[-16,-57],[-1655,18],[47,40],[10,51],[-49,52],[16,62],[-51,25],[-70,-4],[-16,17],[-44,-30],[-55,5],[-26,74],[-62,125],[-17,49],[-137,78],[-44,-35],[-38,2],[-60,65],[-66,34],[4,63],[-5,149],[-45,27],[-74,-18],[-32,4],[-49,88],[-41,21],[-17,32],[-83,20],[-104,62],[-18,46],[-70,74],[-96,116],[-30,76],[6,37],[-20,35],[-1,51],[-39,100],[-51,56],[-48,110],[-50,82],[-78,59]],[[17619,41188],[33,35],[57,25],[48,7],[37,21],[19,75],[-34,201],[8,35],[120,69],[97,-9],[76,-28],[72,-13],[204,-2],[126,-30],[54,-8],[77,-55],[62,-33],[26,0],[83,28],[26,63],[8,69],[-33,74],[-4,41],[34,48],[56,29],[79,5],[52,70],[74,-4],[79,-25],[57,31],[-26,76],[3,44],[117,70],[17,25],[0,60],[-25,82],[1,34],[34,37],[13,72],[-35,60],[-7,33],[19,177],[16,48],[15,118],[45,-13],[46,-47],[88,-26],[51,-39],[73,-32],[128,-35],[38,-25],[43,-70],[-30,-74],[28,-64],[11,-59],[26,-24],[127,20],[52,-5],[59,76],[79,3],[55,-19]],[[27397,42902],[66,-21]],[[27463,42881],[6,-40],[-32,-98],[-3,-76],[9,-79],[-9,-45],[-39,-54],[-36,-5],[-97,38],[-30,0],[-56,-34],[-85,-140],[-4,-65],[-31,-69],[-105,-106],[-11,-41],[21,-102],[-21,-22],[-64,-25],[-91,-19],[-76,-31],[-63,9],[-41,-23],[-58,-58],[-24,2],[-68,33],[-63,-11],[-24,-39],[-53,-132],[16,-64],[26,-32],[45,-24],[61,7],[182,-42],[47,-16],[33,-62],[37,-103],[20,-22],[45,-11],[65,37],[49,9],[32,-14],[20,-42],[25,-88],[6,-64],[-18,-105],[12,-106],[40,-45],[141,-85],[60,-48],[99,-43],[52,-41],[45,-58],[82,-130],[17,-74],[-10,-22],[-56,-43],[-181,-98],[-73,-66],[-16,-27],[5,-65],[-50,-25],[-50,8],[-34,-18],[-13,-110],[27,-144],[4,-73],[-11,-27],[-86,-51],[-99,-36],[-86,-66],[-35,-12],[-129,-4],[-145,-52],[-98,-41],[-128,-36],[-39,-22],[-37,-65],[25,-73],[71,-57],[44,-24],[81,-19],[40,-35],[13,-35],[-7,-52],[-97,-114],[-38,-73],[-28,-110],[-18,-128],[-31,-99],[-34,-184],[-63,-124],[-15,-49],[-16,-151],[-13,-53],[-58,-104],[-49,-112],[-34,-109],[-19,-115],[-64,-163]],[[55052,29560],[-55,71],[-9,53],[19,49],[67,78],[31,20],[52,-8],[38,-83],[63,-40],[41,-6],[48,49],[45,112],[95,60],[70,20],[30,42],[8,127],[-10,60],[39,75],[12,69],[2,83],[48,78],[14,73],[-4,58],[-19,69],[7,38],[25,14],[79,-11],[103,73],[145,46],[56,23],[89,54],[109,12],[22,23],[-17,55],[-82,130],[15,73],[38,47],[2,52],[-18,24],[-56,25],[-45,84],[16,158],[-15,64],[26,94],[-46,74],[-36,36],[-43,65],[-5,47],[-109,161],[-27,63],[-732,663],[-120,1],[-59,64],[-27,7],[-145,-50],[-76,-33],[-58,-6],[-52,22],[-50,7],[-88,-20],[-104,32],[-52,-51],[-55,-34],[-35,-9],[-94,11],[-100,-54],[-156,-66],[-57,9],[-33,52],[-28,20],[-52,2],[-73,-60],[-35,-13],[-35,56],[23,97],[-26,74],[-4,115],[-13,43],[-51,37],[-159,54],[-41,27],[-77,150],[16,96],[-16,81],[-49,65],[-102,19],[-62,50],[-86,48],[-98,35],[-99,-5],[-78,-26],[-68,-10],[-61,19],[-117,-89],[-54,-28],[-38,1],[-86,52],[-24,0],[-44,-63],[-42,-34],[-130,-66],[-55,-18],[-307,349],[-61,28],[-63,47],[-95,104],[-76,24],[-94,114],[-63,58],[23,46],[8,73],[29,41],[88,25],[38,62],[93,40],[29,49],[57,43],[16,46],[57,40],[121,46],[69,59],[-5,79],[-42,79],[21,61],[-15,49],[-42,6],[-140,117],[-46,29],[-19,76],[41,51],[8,35],[-38,50],[-23,108],[-77,70],[-18,43],[-174,186],[-43,56],[-31,72],[-39,24],[-32,39],[-49,35],[-62,-3],[7,42],[-60,68],[12,37],[-46,46],[6,38],[45,78],[-12,52],[38,34],[17,53],[35,60],[-12,54],[-30,46],[-5,33],[27,47],[26,17],[46,136],[-15,61],[14,67],[29,37],[-12,54],[94,152],[51,30],[20,68],[-9,28],[-142,208],[51,147],[-33,124],[-18,104],[-47,134],[0,247],[3,182],[-22,87],[-16,29]],[[51039,38623],[-15,27],[54,73],[22,58],[84,11],[45,46],[74,14],[47,59],[-43,30],[38,37],[15,-20],[68,27],[29,57],[44,-13],[27,41],[52,20],[37,49],[25,10],[22,65],[38,18],[66,10],[69,76],[24,50],[49,-20],[22,41],[37,6],[45,44],[44,-3],[73,64],[56,16],[8,94],[22,29],[41,19],[46,43],[49,-29],[18,24],[61,20],[34,-11],[57,52],[40,-4],[94,105],[104,77],[300,233],[61,23],[35,65],[13,46],[34,30],[-4,37],[21,22],[57,-9],[42,-28],[69,10],[65,-18],[57,5],[64,-24],[129,60],[52,34],[16,34]],[[53772,40455],[37,-13],[41,9],[43,-12],[10,-43],[6,-165],[19,-103],[9,-138],[16,-110],[-9,-76],[-60,-117],[-11,-62],[27,-90],[70,-32],[48,-65],[40,-33],[185,-116],[17,-23],[4,-53],[53,-75],[96,-90],[60,-16],[108,-55],[48,-50],[52,-73],[24,-20],[81,-26],[54,-86],[152,31],[108,-33],[47,-30],[65,-94],[47,-56],[10,-48],[31,-40],[63,-35],[53,-50],[37,-93],[7,-104],[21,-45],[-42,-81],[2,-30],[78,-65],[57,-23],[41,-42],[14,-53],[46,-20],[55,21],[46,38],[20,-56],[37,-42],[18,-43],[86,-37],[21,-45],[-7,-40],[39,-37],[24,-62],[11,-87],[56,-25],[23,-61],[28,-13],[86,5],[37,-42],[24,-108],[35,-31],[-4,-28],[57,-125],[57,-94],[105,-122],[64,-110],[54,-44],[54,-68],[50,-87],[48,-31],[97,-108],[80,-60],[49,6],[29,43],[24,5],[74,-49],[57,-88],[36,-33],[38,-13],[48,-59],[43,-11],[42,14],[58,-20],[42,11],[28,25],[39,79],[96,117],[33,1],[42,-24],[68,-5],[52,12],[56,-71],[30,-76],[27,-17],[38,16],[35,107],[29,51],[35,29],[96,7],[20,10],[-3,105],[22,42],[93,-8],[67,14],[40,27],[35,-26],[159,-60],[53,-41],[25,-43],[49,-46],[31,-88],[49,-100],[1,-33],[-30,-51],[-2,-53],[49,-103],[15,-51],[31,-276],[15,-31],[65,-79],[43,-86],[61,-204],[31,-201],[49,-150],[32,-63],[68,-66],[140,-62],[66,24],[63,-45],[41,1],[41,25],[8,35],[47,-7],[33,34],[56,17],[21,-37],[7,-48],[-10,-88],[51,-51],[-32,-45],[29,-68],[3,-72],[63,-102],[27,-20],[72,-9],[46,14],[177,95],[37,6],[89,-17],[77,-59],[52,-85],[11,-79],[-25,-71],[16,-52],[116,-109],[33,-49],[63,-138],[11,-72],[39,-49],[21,-64],[87,-111],[127,-86],[67,-61],[57,-74],[25,-47],[19,-85],[-10,-86],[-36,-190],[-31,-53],[-69,-200],[-10,-44],[-30,-50],[-68,-77],[-16,-34],[0,-62],[37,-74],[-8,-45],[-66,-17],[-57,34],[-31,1],[-26,-26],[-25,-77],[-3,-52],[-62,-63],[-146,-98],[-98,-28],[-44,-40],[10,-51],[77,-31],[93,-53],[134,-149],[18,-31],[40,-108],[54,-32],[35,-62],[16,-68],[72,-78],[12,-41],[1,-83],[9,-49],[51,-94],[-11,-55],[-25,-19],[-105,-29],[-73,-40],[-73,-30],[-12,-38]],[[60685,30532],[-32,-16],[-56,-53],[-81,-55],[-126,-55],[-223,-138],[-84,-5],[-47,-21],[-54,-88],[-65,-80],[-6,-27],[10,-77],[-14,-54],[-93,-80],[-44,-100],[-27,-37],[-78,-66],[-60,-164],[-67,38],[-43,-10],[-116,-70],[-133,-51],[-59,-11]],[[41231,33539],[-26,-57],[-31,-6],[-69,65],[-32,56],[-70,48],[-46,3],[-46,-23],[-45,-51],[-21,-53],[-64,5],[-48,29],[-48,59],[-31,94],[-67,10],[-14,45],[-24,10],[-45,-22],[-37,8],[-91,42],[-18,-37],[-92,-7],[-82,-58],[-148,48],[-24,-60],[-65,-53],[-120,-43],[-42,-51],[-10,-42],[33,-59],[46,-27],[50,3],[38,-13],[39,-46],[-14,-19],[36,-159],[-3,-34],[-63,-53],[-62,-5],[-90,22],[-35,1],[-23,-54],[10,-71],[-23,-47],[-69,-26],[-142,11],[-19,26],[-2,49],[-53,43],[-70,15],[-29,-24],[2,-67],[40,-53],[72,-171],[101,-82],[26,-48],[-9,-71],[-29,-70],[16,-53],[49,-39],[-18,-38],[0,-71],[40,-68],[16,-59],[84,-114],[31,-110],[21,-108],[-18,-77],[122,-99],[-33,-57],[23,-29]],[[39866,31547],[16,-61],[-34,-51],[8,-55],[24,-59],[4,-40],[-69,-120],[-43,-19],[-100,50],[-60,41],[-67,-36],[-95,-80],[-67,-77],[-53,1],[-63,63],[-38,-12],[-55,-128],[-8,-66],[-33,6],[-20,35],[-62,54],[-56,-51],[-57,-8],[-42,54],[-4,58],[18,70],[3,55],[27,17],[45,-8],[35,35],[-78,73],[-4,27],[48,19],[10,22],[-44,45],[3,44],[-31,5],[-25,-62],[-39,-5],[-46,36],[-18,76],[-63,15],[-17,16],[20,41],[72,38],[28,27],[-7,38],[-115,28],[-23,64],[-76,-4],[-67,-42],[-82,-72],[45,-30],[7,-44],[-30,-19],[-44,14],[-33,68],[-53,18],[-48,-32],[-3,-66],[-25,-6],[-49,28],[-52,13],[-33,25],[-151,18],[-87,39],[-47,-10],[-115,-68],[-14,-44],[20,-84],[-91,-45],[39,-38],[-28,-26],[-92,34],[-12,47],[-78,28],[-42,4],[-25,-36],[9,-27],[51,-41],[4,-49],[-118,-65],[-95,-14],[-55,29],[-63,3],[-233,-76],[-107,-20],[-115,-34],[-288,-52],[-66,11],[-96,-28],[-137,10],[-129,28],[-121,42],[-145,63],[-175,96],[-60,21],[-115,18],[-78,36],[-158,-2],[-112,-8],[-124,-31],[-29,-1],[-255,84],[-105,-18],[-142,-35],[-201,-19],[-67,-14],[-168,-50],[-161,-21],[-76,-50],[-184,-84],[-113,-65],[-40,-61],[-34,-30],[-73,-9],[-38,-20],[-39,-41],[-133,-193],[-118,-113],[-156,-64],[-104,-57],[-40,-67],[-80,-93],[-156,-119],[-90,-94],[-15,-57],[-90,-118],[-111,-115],[-52,-31],[-55,-13],[-139,-20],[-115,-44],[-44,-34],[-62,-88],[-127,105],[-52,52],[-19,45],[4,96],[-108,191],[-27,41],[1,44],[73,150],[22,127],[2,227],[-10,41],[-38,40],[-14,64],[-14,148],[7,93],[12,42],[-16,120],[27,84],[-14,112],[-35,70],[-1,80],[-85,118],[-93,94],[-18,64],[-49,99],[-58,50],[-47,109],[-27,97],[-38,52],[-23,53],[-11,99],[19,60],[-6,84],[7,37],[28,23],[57,79],[10,49],[-18,65],[27,79],[51,68],[12,92],[-11,36],[8,98],[16,23],[54,24],[10,79],[-11,65],[18,164],[-82,36],[-43,97],[-51,39],[43,59],[21,51],[4,45],[29,37],[34,74],[0,65],[-28,44],[24,61],[-30,24],[-19,98],[16,39],[14,124],[35,37],[-74,89],[11,53],[33,40],[35,4],[81,52],[21,27],[74,2],[7,49],[32,3],[48,69],[35,10],[49,-20],[35,55],[46,24],[15,84],[-20,50],[-1,101],[30,109],[38,39],[6,40],[-41,108],[-29,51],[10,63],[112,133],[28,66],[71,81],[81,59],[54,57],[81,110],[81,49],[-2,76],[41,38],[14,38],[-10,176],[-21,68],[-6,143],[8,43],[34,40],[77,41],[39,33],[150,178],[65,38],[21,38],[-33,126],[14,68],[47,86],[50,30]],[[32513,37367],[32,18],[54,59],[89,15],[57,23],[94,73],[120,46],[59,37],[156,128],[65,73],[113,-4],[38,15],[78,7],[66,-15],[129,-45],[46,-7],[104,30],[38,40],[34,65],[65,38],[68,17],[88,-3],[57,9],[85,25],[54,28],[54,42],[85,104],[84,-7],[26,-26],[49,10],[46,-31],[47,3],[46,-29],[67,0],[58,-50],[26,-130],[4,-49],[-14,-51],[0,-67],[21,-88],[38,-31],[86,-26],[33,-28],[46,-16],[86,-111],[47,-3],[83,53],[45,-2],[76,-43],[87,29],[84,110],[26,45],[82,23],[22,55],[61,33],[41,-34],[51,-4],[62,10],[59,-19],[86,-6],[153,47],[52,11],[63,-18],[38,4],[77,-10],[19,-29],[82,-35],[214,35],[83,-41],[60,-15],[35,87],[1,61],[-33,82],[-35,40],[-36,61],[-97,97],[-7,48],[52,72],[38,75],[77,75],[25,87],[29,27],[4,41],[-30,72],[24,37],[58,-6],[58,-59],[61,-16],[57,8],[-15,69],[29,55],[53,41],[36,11],[83,69],[63,23],[114,83],[-50,68],[-58,131],[1,35],[24,35],[118,55],[44,72],[12,49],[45,106],[-1,19],[56,64],[37,11],[46,-19],[24,14],[48,107],[8,55],[59,43],[6,38],[-37,73],[19,55],[44,37],[42,13],[125,-49],[26,6]],[[38225,39912],[32,20],[32,45],[42,95],[38,62],[78,108],[17,95],[31,38],[94,61],[21,36],[8,79],[-17,28],[-71,55],[-9,29],[35,43],[112,47],[65,10],[107,-37],[75,26],[72,77],[5,39],[-12,48],[-28,47],[7,32],[72,-2],[51,26],[13,48],[-4,106],[-10,56],[23,128],[33,36],[65,42],[89,98],[71,-2],[107,-50],[121,-32],[115,21],[43,23],[20,71],[18,28],[67,43],[17,30],[0,51],[13,61],[81,115],[60,62],[71,-29],[60,-5],[84,11],[59,17],[200,137],[117,36],[106,-8],[69,67],[55,5],[23,-13]],[[40868,42172],[21,-35],[67,-65],[19,-58],[-32,-68],[22,-140],[22,-94],[46,-63],[85,-58],[28,-53],[101,-100],[19,-76],[-14,-27],[-66,-51],[-18,-63],[12,-79],[51,-123],[53,-46],[24,-54],[-8,-53],[-23,-45],[0,-81],[-9,-74],[-27,-39],[-60,-47],[-31,-48],[19,-64],[-6,-38],[20,-40],[84,-50],[52,-71],[-21,-131],[-3,-98],[-26,-39],[-44,-29],[-41,-71],[5,-55],[23,-54],[38,-127],[18,-32],[103,-115],[12,-21],[9,-85],[33,-40],[48,-16],[49,-33],[47,-51],[56,-13],[60,11],[131,-15],[72,18],[126,18],[117,1],[107,-19],[39,-37],[-7,-73],[8,-95],[-8,-63],[-17,-31]],[[19677,20172],[2,-64],[129,-194],[6,-48],[41,-136],[50,-87],[-25,-54],[-106,-28],[-41,-29],[-7,-27],[35,-26],[90,-13],[49,-26],[124,-43],[94,-19],[30,-20],[31,-47],[-9,-78],[11,-13],[9,-80],[-39,-73],[-17,-81],[-2,-58],[-22,-59],[23,-43],[-31,-129],[38,-51],[5,-74],[-9,-29],[7,-109],[31,-1],[-5,-41],[-39,-71],[17,-45],[-89,-180],[-24,-78],[-34,-32],[-106,-66],[-42,-60],[5,-108],[26,-41],[50,-109],[60,-72],[7,-30],[-19,-170],[151,-41],[60,-40],[82,-24],[8,-18],[-30,-79],[14,-51],[116,-97],[30,-59],[17,12],[66,-20],[-6,-24],[47,-15],[82,-46],[37,-63],[32,1],[12,-38],[36,9],[37,60],[63,-33],[31,-29],[55,-1],[22,-56],[0,-36],[43,-34],[74,16],[69,43],[44,-3],[94,-48],[20,-21],[19,-72],[-2,-164],[-15,-100],[-22,-89],[-52,-121],[-26,-37],[-73,-64],[-68,-26],[-35,1],[-60,-30],[-42,-36]],[[16306,14210],[-71,40],[-98,84],[-77,36],[-83,-3],[-38,26],[-27,51],[-4,51],[-49,75],[-25,20],[-94,-90],[-63,14],[-30,-22],[-6,-43],[-58,-21],[-81,-4],[-120,-93],[-60,2],[-81,-47],[-76,14],[-85,-52],[-67,21],[-11,42],[8,34],[-54,107],[-46,37],[-104,18],[-59,69],[-17,40],[-39,48],[-35,25],[-90,36],[-49,62],[-47,134],[-25,29],[-48,-15],[-20,-98],[-24,-47],[1,-43],[-54,-111],[-54,52],[-42,60],[-16,45],[-14,146],[-210,39],[-176,56],[-193,71],[-44,10],[-107,2],[-59,20],[-38,55],[-2,40],[-140,7],[-48,16],[-45,-12],[-38,11]],[[13287,29203],[31,-236],[-33,-3],[-31,-30],[7,-101],[27,-46],[35,-130],[50,-31],[51,13],[77,1],[57,47],[48,14],[35,-11],[46,-48],[66,-133],[62,-109],[-47,-46],[-12,-48],[2,-53],[19,-58],[33,-60],[53,-17],[45,-43],[47,-85],[32,-117],[1,-86],[-61,-21],[-30,-126],[28,-43],[-18,-20],[28,-52],[-8,-44],[68,-87],[43,-29],[44,-12],[14,-30],[50,-43],[40,-95],[63,-49],[57,40],[41,-19],[48,-77],[10,-74],[-38,-77],[14,-110],[-62,-71],[-23,-97],[-23,-47],[-45,-28]],[[10812,24460],[-48,51],[-45,-12],[-74,-73],[-51,-11],[-112,-1],[-63,15],[-19,16],[-9,48],[37,91],[-48,65],[-8,35],[-96,91],[9,74],[-67,0],[-29,20],[-171,0],[-51,31],[-23,33],[-12,76],[-51,67],[32,66],[-29,100],[32,100],[65,112],[56,76],[18,47],[-16,24],[4,47],[-47,0],[-66,-51],[-58,26],[-45,-28],[-69,44],[-74,-25],[-27,11],[-44,50],[-98,47],[-51,-20],[-25,-55],[-31,-39],[-64,-30],[-86,-1],[-104,-20],[-29,-22],[-40,-78],[-90,-119],[-92,-49],[-45,17],[-29,64],[-23,115],[-19,16],[-273,30]],[[8514,25531],[84,19],[45,18],[44,56],[0,44],[-17,52],[5,83],[-48,20],[-14,55],[-55,20],[-9,54],[-46,31],[-67,65],[-13,61],[3,59],[-25,27],[28,50],[60,7],[47,-25],[42,3],[72,63],[73,12],[52,-6],[89,-27],[32,27],[4,50],[19,47],[33,40],[36,14],[160,29],[24,22],[-5,37],[-51,85],[3,32],[73,19],[73,81],[56,29],[218,158],[29,31],[6,36],[-30,87],[-29,35],[-51,36],[-51,14],[-130,-2],[-15,12],[-17,96],[0,97],[-22,48],[11,82],[-30,63],[-15,87],[29,173],[-14,84],[26,14],[177,9],[104,53],[71,79],[110,13],[70,40],[105,-1],[72,26],[64,5],[57,53],[95,25],[53,64],[46,5],[3,42],[30,37],[-10,28],[-75,35],[-12,45],[40,32],[-60,53],[-69,-2],[-39,12],[-8,58],[-68,47],[24,86],[-13,45],[34,52],[-18,24],[13,61],[-18,89],[19,48],[51,21],[22,103],[44,59],[4,96],[-11,40],[-66,70]],[[10077,29487],[84,9],[74,-6],[66,-45],[78,-13],[46,35],[39,82],[-1,71],[77,52],[118,-8],[103,-49],[56,-6],[149,102],[70,34],[46,0],[56,-22],[33,19],[39,51],[45,24],[55,1],[124,-29],[48,12],[36,53],[18,56],[29,39]],[[45532,33970],[5,-54],[-35,-104],[1,-36],[-21,-110],[-17,-42],[-51,-39],[-7,-32],[28,-74],[-18,-41],[3,-53],[16,-41],[-19,-88],[-26,-32],[16,-54],[-68,-37],[-58,-47],[41,-48],[45,-31],[-36,-46],[7,-33],[32,-31],[-79,-61],[-22,-40],[-84,-48],[-23,-109],[-21,-24],[-36,-78],[-48,-34],[-108,-24],[-39,-57],[-27,-10],[-56,11],[-57,-28],[-28,-27],[39,-48],[-6,-56],[3,-139],[13,-16],[-4,-66],[67,-165],[62,-35],[6,-48],[31,-47],[28,-83],[-1,-67],[25,-32],[20,-92],[-11,-65],[23,-160],[-7,-21],[-60,-16],[-126,20],[-59,-21],[-55,-88],[-97,-75],[-23,-65],[13,-71],[27,-60],[51,-53]],[[44701,30799],[-52,-29],[-66,-64],[-37,-22],[-45,-52],[-115,-99],[-105,-36],[-24,4],[-65,-63],[-36,31],[-83,-23],[-54,49],[-40,6],[-53,-29],[-60,35],[-46,83],[-3,37],[-49,19],[-45,-6],[-16,28],[-61,15],[-39,-45],[-71,3],[-52,-14],[-30,29],[-20,-30],[-61,19],[-19,21],[-75,15],[-41,-16],[-113,8],[-99,48],[-99,18],[-63,36],[-45,10],[-98,51],[-81,-2],[-46,-17],[-57,-116],[-37,-31],[-3,-30],[31,-67],[-30,-24],[-26,38],[-49,-28],[33,-53],[-11,-20],[-52,-4],[-11,-20],[60,-93],[-22,-48],[-41,-29],[-22,-44],[7,-66],[34,-2],[46,32],[6,-53],[25,5],[0,73],[40,19],[35,-84],[37,15],[3,31],[44,9],[14,-55],[-20,-54],[51,-53],[-19,-70],[4,-64]],[[42664,29931],[-83,-5],[-252,-27],[-40,-26],[-108,-28],[-153,-19],[-192,-18],[-79,-2],[-32,10],[-85,5],[-55,53],[-11,27],[-47,26],[-28,41],[-148,-121],[-140,-67],[-95,-58],[-190,-135],[-48,-14]],[[40878,29573],[27,122],[-9,62],[38,178],[3,79],[-27,65],[-48,54],[-31,81],[-104,132],[-32,132],[-67,85],[-15,53],[-105,136],[-45,86],[-115,176],[-69,155],[-14,46],[4,92],[-10,24],[-56,41],[-23,68],[-47,62],[-37,184],[-54,-34],[-60,-76],[44,-24],[-12,-49],[-78,10],[-35,42],[-35,-8]],[[19388,7723],[21,-70],[8,-66],[67,-216],[33,-71],[8,-41],[-15,-81],[16,-97],[54,-105],[-18,-98],[23,-88]],[[19585,6790],[10,-65],[-46,-32],[-51,-7],[-237,10],[-97,-48],[-80,-150],[-73,27],[-72,40],[-53,-72],[-49,-47],[-232,-110],[-65,-6],[-73,-39],[-3,-64],[49,-37],[20,-67],[55,-47],[73,-1],[49,-81],[63,-44],[36,-71],[-36,-57],[-89,-23],[-31,-86],[-47,64],[-152,-8],[-74,16],[-54,24],[-90,4],[-135,-78],[-52,-48],[-15,-86],[-29,-95],[-63,-28],[-209,-11],[-108,-96],[-55,-32],[-19,-66],[-110,-198],[-64,-24],[-64,-54],[-23,-63],[-44,-46],[-65,45],[-57,-67],[-143,4],[-75,-23],[-28,-93],[-118,-95],[-46,-71],[-64,-60],[-60,8],[-71,22],[-109,14],[-54,33],[-74,-35],[-228,-208],[-82,-1],[-47,-44],[-27,-68],[15,-98],[-10,-131],[50,-48],[24,-64],[8,-89],[119,-74],[20,-84],[51,-53],[22,-75],[52,-58],[50,-98],[59,-6],[40,65],[23,85],[75,30],[59,-46],[33,-66],[-73,-97],[41,-134],[-7,-103],[20,-86],[59,-52],[-27,-79],[-145,-99],[-65,-57],[6,-110],[71,-23],[122,4],[54,-76],[31,-64],[-29,-87],[-75,-6],[-52,-58],[-46,-101],[-72,52],[-68,8],[-59,-77],[-74,18],[-124,-7],[-55,29],[-73,1],[-131,-59],[4,-75],[32,-68],[-40,-80],[-233,-140],[-49,-51],[-82,-113],[-15,-96],[87,-31],[112,40],[51,-42],[-52,-99],[-62,2],[-78,-64],[-33,-72],[-55,-34],[-106,27],[-84,-23],[-40,-48],[-51,-96],[-23,-99],[-100,25],[-54,26],[-78,3],[-89,-32],[-75,32],[-17,82],[-52,83],[-74,18],[-84,-37],[-86,-54],[-86,-30],[-59,21],[-55,54],[-83,40],[-100,-25],[-49,-56],[-65,-30],[-80,-22],[-75,-56],[-102,24],[-66,57],[-51,64],[-64,181],[13,70],[-28,93],[-59,42],[-42,79],[-86,-21],[-109,-63],[-80,-78],[108,-125],[-39,-68],[-158,-31],[-101,-1],[-20,-77],[8,-84],[-131,56],[-82,1],[-47,-96],[-76,-49],[-49,71],[-57,-18],[-77,-41],[-96,-2],[-100,-56],[-111,8],[-39,66],[-56,64],[-80,-27],[-56,-51],[-17,-77],[35,-64],[124,-54],[-104,-126],[-9,-127],[31,-76],[76,13],[66,-37],[13,-62],[-52,-111],[-59,-30],[-125,-21],[-31,-67],[-75,-57],[-58,-7],[-75,32],[-163,-79],[-89,-91],[-22,25],[-65,13],[-42,64],[-17,86],[-26,59],[-77,73],[-60,17],[-73,-4],[-52,-26],[-111,-25],[-82,12],[-124,103],[-56,102],[-42,97],[-36,35],[-59,1],[-43,-26],[-35,-58],[-58,-67],[-77,-74],[-61,-110],[-25,-77],[-55,-102],[-56,-121],[-48,0],[-95,52],[-58,77],[-58,49],[-49,26],[-87,28],[-26,28],[-46,80],[-61,34],[-48,-33],[-41,-62],[-39,8],[-24,28],[-52,121],[-88,71],[-31,-11],[-126,76],[-49,65],[-11,69],[14,80],[46,93],[-1,62],[-28,81],[-2,70],[-35,45],[-102,-14],[-21,12],[-56,146],[-51,241],[-117,211],[-112,27],[-57,39],[-15,58],[-61,5],[-13,15],[-14,86],[-18,36],[-2,49],[-23,27],[-109,-21],[-115,-62],[-43,9],[-14,126],[22,65],[1,128],[-23,75],[-65,63],[-58,106],[-87,74],[-75,33],[-43,41],[-49,65],[-102,64],[-44,-8],[-26,-26],[-53,-113],[-149,-234],[-52,-36],[-79,-30],[-21,-49],[51,-73],[-26,-130],[-37,-19],[-28,-41],[-76,-47],[-15,-26],[-37,-11],[-48,17],[-101,55],[-64,8],[-77,-5],[-147,86],[-77,11],[-74,29],[-38,32],[-123,73],[-72,15],[-62,23],[-114,71],[-136,-21],[-20,4],[-22,59],[9,125],[-17,205],[-10,19],[-76,-12],[-34,40],[-2,75],[-22,51],[-66,35],[-72,-6],[-60,26],[-2,39],[17,66],[-13,36],[-34,38],[18,70],[-12,48],[47,49],[16,52],[-98,58],[-49,9],[-59,-15],[-76,19],[-18,57],[-29,40],[-63,12],[-35,50],[-79,-43],[-61,-24],[-211,-96],[-63,31],[-41,-10],[-91,-83],[-89,15],[-53,25],[-29,30],[-75,-16],[-59,-42],[-2,-20],[34,-51],[62,-62],[17,-88],[9,-210],[-5,-115],[-35,-28],[-151,-2],[-145,-52],[-67,9],[-49,-62],[-139,-70],[-55,-42],[-68,-66],[-37,-23],[-96,-4],[-33,45],[-68,24],[-6,54],[-25,21],[-77,7],[-134,-26],[-95,63],[-40,16],[-55,-22],[-119,155],[8,55],[-22,18],[-77,3],[-126,-18],[-24,17],[-59,92],[-83,4],[-43,48],[-36,5],[-31,-27],[-38,-2],[-52,41],[-84,-14],[-49,38],[-79,16],[-69,-37],[-51,-43],[-127,-2],[-70,23],[-73,-18],[-43,1],[-87,50],[-65,52],[-66,36],[-30,0],[-47,-53],[-51,11],[-55,-41],[-71,-13],[-38,45],[-17,73],[-68,59],[-65,-1],[-32,36],[-61,20],[3,-53],[-46,-37],[-67,-32],[-52,-51],[-35,-14],[-119,47],[-2,32],[-30,48],[2,37],[53,45],[114,66],[21,48],[-1,33],[59,86],[21,50],[104,51],[96,-26],[41,-3],[63,45],[-1,34],[-69,69],[1,80],[-59,74],[-32,87],[-22,35],[-103,79],[-7,30],[34,28],[20,52],[-19,119],[-40,38],[-5,53],[48,52],[-15,33],[-68,-7],[-48,-63],[-35,15],[-2,105],[-36,45],[-71,31],[-40,-17],[-16,-47],[-34,3],[-6,36],[31,94],[36,48],[-11,35],[-41,24],[-49,-15],[-28,-58],[-37,-44],[-43,-23],[-59,35],[-43,72],[35,93],[-1,30],[-40,69],[-99,38],[-8,29],[90,124],[49,77],[108,76],[93,34],[61,-7],[156,13],[64,28],[10,30],[-11,66],[36,59],[24,68],[2,38],[-115,-12],[-44,22],[-24,143],[-16,59],[-41,28],[-29,-54],[-35,2],[-24,29],[-43,124],[4,150],[21,53],[-9,60],[56,57],[8,44],[-25,38],[17,22],[82,-10],[73,-82],[132,-74],[76,55],[114,36],[66,38],[8,72],[-33,135],[-4,61],[-91,37],[-23,48],[-18,223],[37,31],[37,-4],[44,-33],[32,-74],[52,-45],[76,-4],[104,67],[49,0],[28,-18],[14,-38],[32,-146],[63,-64],[13,-80],[45,-42],[51,19],[17,37],[-10,40],[-43,66],[20,65],[109,43],[32,26],[53,-18],[79,-82],[57,-32],[54,-14],[269,5],[103,30],[48,-8],[17,-50],[30,-29],[62,10],[40,54],[35,126],[4,56],[-6,111],[23,157],[18,37],[83,93],[8,54],[-29,54],[29,44],[103,5],[135,126],[48,53],[18,70],[39,88],[51,33],[52,56],[73,-2],[55,17],[46,40],[15,28],[1,63],[-25,45],[6,27],[121,138],[68,37],[36,118],[-75,-7],[-60,32],[3,42],[-49,16],[-104,-7],[-17,25],[72,57],[76,-7],[54,24],[45,3],[55,67],[25,61],[62,68],[18,46],[40,53],[-4,54],[-21,44],[14,53],[-46,25],[-47,-8],[19,57],[-45,27],[-13,-31],[-40,-1],[-35,-30],[-18,41],[66,54],[59,18],[0,80],[-12,49],[21,25],[103,26],[35,77],[39,8],[9,-47],[27,5],[-39,96],[-34,34],[-39,7],[24,80],[48,58],[64,47],[64,7],[51,-28],[61,53],[47,66],[7,45],[26,48],[-38,29],[-73,-43],[-43,8],[-38,51],[-42,-3],[-69,16],[-14,27],[49,20],[-14,53],[22,64],[-26,44],[59,2],[11,65],[26,12],[21,46],[-17,27],[26,54],[-21,21],[40,82],[-24,62],[29,113],[42,3],[39,25],[27,-20],[42,21],[34,-26],[34,42],[-25,47],[29,33],[-27,21],[90,47],[17,23],[-3,60],[-48,86],[21,41],[32,7],[19,53],[47,30],[35,-11],[34,40],[88,54],[27,64],[-49,27],[51,79],[-16,23],[15,72],[31,87],[-46,32],[31,53],[-6,27],[43,40],[70,12],[45,-54],[-5,-70],[10,-18],[60,-24],[76,61],[41,-9],[31,-98],[33,-33],[5,-27],[57,-32],[6,-98],[29,-30],[145,-3],[59,-14],[32,71],[21,15],[104,-18],[54,24],[97,61],[47,12],[71,-68],[46,6],[53,-20],[67,43],[60,-21],[27,3],[50,48],[52,7],[46,33],[36,-1],[78,41],[54,3],[114,32],[55,47],[64,-29],[111,6],[55,16],[36,47],[46,34],[47,-1],[72,-42],[32,6],[31,-40],[83,-14],[66,9],[10,27],[-31,71],[4,37],[-25,76],[12,68],[46,10],[66,-43],[13,-68],[24,-24],[86,-18],[40,-56],[41,-12],[23,-36],[60,-19],[33,18],[15,53],[37,17],[39,-95],[28,-23],[114,-18],[89,9],[72,33],[46,99],[60,45],[98,33],[39,28],[70,2],[-41,56],[9,52],[47,36],[81,-53],[22,18],[-85,74],[11,17],[81,9],[80,-8],[-4,34],[63,-9],[5,-40],[55,-59],[49,0],[14,-21],[-31,-122],[9,-26],[58,-17],[46,-47],[57,-99],[108,-41],[22,-19],[-14,-52],[65,-14]],[[8679,11510],[4,-68],[50,-45],[77,11],[51,-38],[20,-50],[52,-65],[78,-47],[35,-50],[53,-35],[72,-89],[35,-23],[65,-18],[83,-109],[69,-33],[50,-10],[54,47],[3,-75],[21,-87],[35,-49],[27,-12],[46,-62],[93,-107],[55,-72],[58,-38],[35,-2],[94,37],[18,-44],[-13,-93],[27,-41],[35,-20],[49,-50],[112,-11],[45,-49],[-28,-70],[59,-78],[-7,-58],[41,-51],[-20,-45],[56,-72],[-7,-59],[52,-21],[-18,-46],[-3,-54],[45,-59],[36,3],[81,-16],[-6,-42],[44,-33],[0,-22],[48,-24],[23,-39],[22,-67],[-1,-49],[-35,-43],[-72,-20],[-38,-20],[16,-37],[-9,-28],[-52,-32],[16,-24],[54,-7],[87,25],[57,31],[11,-70],[26,-21],[42,43],[28,11],[41,-55],[47,-15],[50,12],[-11,38],[10,36],[60,-32],[43,57],[-33,49],[11,40],[99,88],[68,49],[64,15],[57,-4],[29,37],[1,39],[38,9],[55,-37],[29,-6],[53,-128],[50,-37],[57,-16],[52,-66],[65,-14],[48,-31],[86,13],[1,-53],[35,-71],[46,-46],[6,-93],[15,-30],[-1,-67],[47,-18],[37,37],[45,-6],[37,15],[51,-24],[42,-2],[22,-28],[3,-43],[52,-125],[32,-47],[-3,-64],[16,-73],[-57,-53],[40,-87],[144,-27],[28,-30],[0,-57],[-19,-40],[-5,-60],[35,-165],[41,-31],[-3,-22],[-48,-94],[23,-29],[-16,-55],[24,-35],[37,4],[26,-37],[1,-74],[68,-106],[6,-52],[56,-6],[8,-77],[34,-37],[47,-22],[38,-50],[28,-6],[81,24],[28,46],[81,50],[68,-27],[47,3],[22,-18],[19,-51],[68,-6],[16,-13],[10,-78],[38,-42],[44,-2],[59,-32],[25,-45],[55,-16],[60,-2],[75,-16],[72,-27],[41,-29],[46,-13],[74,15],[47,-9],[26,18],[8,80],[49,75],[65,-5],[74,-71],[37,-82],[29,-91],[48,20],[83,52],[0,80],[43,60]],[[27463,42881],[59,0],[60,34],[37,-8],[31,-32],[107,-13],[51,-29],[42,11],[31,43],[106,98],[34,0],[85,-43],[40,-1],[20,19],[24,72],[4,57],[-29,84],[-1,69],[15,45],[-19,257],[9,57],[37,130],[71,9],[68,23],[50,44],[18,35],[-40,85],[25,78],[37,198],[21,27],[85,68],[13,76],[-52,118],[25,29],[260,82],[99,-24],[37,-22],[58,-53],[28,-39],[20,-59],[1,-123],[29,-158],[35,-14],[111,52],[117,-57],[112,-19],[147,-43],[126,7],[63,-12],[29,56],[39,39],[41,18],[97,16],[48,29],[47,46],[36,9],[108,0],[89,14],[53,-7],[125,7],[92,-15],[37,-22],[86,-3],[132,-20],[27,-18],[42,-89],[49,-16],[49,4],[63,-27],[28,1],[52,36],[136,35],[81,-4],[91,-33],[89,-9],[79,-43],[24,-44],[22,-85],[125,-41],[85,-51],[85,-7],[103,32],[58,26],[123,29],[226,-29],[131,-5],[69,-23],[41,-23],[84,-1],[84,96],[54,45],[118,47],[135,26],[103,-24],[78,-30],[63,53],[-7,-85],[15,-69],[31,-60],[1,-32],[-33,-106],[44,-98],[45,-64],[-5,-69],[-28,-75],[55,3],[65,-16],[43,4],[112,44],[100,15],[110,23],[62,39],[19,-28],[7,-54],[22,-64],[62,-28],[56,-84],[124,-30],[94,-6],[1,-41],[51,-31],[74,2],[62,-31],[33,-54],[18,-65],[39,-15],[75,-52],[28,-99],[53,-63],[114,-87],[73,-85],[6,-28],[-14,-56],[39,-13],[66,-45],[81,-33],[58,-67],[18,-63],[64,-77],[3,-105],[64,-54],[60,-13],[39,-21],[22,-35],[-8,-28],[13,-63],[3,-82],[27,-70],[49,-48],[57,-9],[52,69],[68,40],[92,8],[134,33],[21,64],[24,22],[56,16],[16,83],[-3,55],[-73,134],[16,58],[102,80],[43,-7],[90,-99],[62,-31],[70,-7],[81,27],[39,56],[53,38],[101,43],[44,-9],[10,-48],[32,-23],[106,4],[70,-18],[50,-40],[83,-22],[46,-38],[16,-42],[110,-88],[54,-88],[74,-100],[-148,-192],[-1,-58],[179,-106],[60,-53],[78,-40],[71,-48],[104,-121],[12,-36],[-22,-127],[15,-32],[68,-50],[23,-34],[10,-48],[-18,-93],[-8,-114],[79,-124],[22,-67],[49,-63],[64,-58],[43,-120],[3,-45],[26,-88],[68,-69],[27,-86],[-6,-49]],[[32513,37367],[-168,83],[-28,50],[-55,11],[-40,45],[-23,58],[-82,54],[-58,13],[-31,-26],[-49,-8],[-39,11],[-130,68],[-57,-45],[-46,-25],[-22,-78],[-54,-109],[-61,-74],[-25,-65],[-92,-49],[-47,-40],[-113,-177],[-170,-63],[-76,-47],[-30,-38],[-46,-107],[-45,-45],[-29,-72],[-80,-22],[-152,34],[-72,58],[-53,22],[-186,8],[-53,-47],[-15,-124],[-111,-28],[-40,-78],[-69,-74],[-34,-22],[-86,-16],[-31,-17],[-46,-70],[-82,-69],[-77,-54],[-121,-30],[-71,-37],[-34,-36],[-134,-73],[-35,-50],[22,-93],[59,-44],[38,-61],[0,-58],[-45,-61],[-253,-119],[-56,-39],[-80,-111],[-79,-92],[-25,-63],[-52,-92],[-50,-70],[-24,-74],[42,-111],[1,-33],[-39,-24],[-59,-12],[-41,-47],[1,-53],[35,-109],[55,-99],[-1,-30],[-31,-24],[-144,-14],[-158,-24],[-22,7],[-49,64],[-79,18],[-42,-22],[82,-123],[19,-85],[-7,-69],[-23,-23],[-75,-16],[-134,2],[-64,-23],[-97,-123],[-65,-37],[-17,-21],[-1,-53],[-16,-33],[-135,-50],[-22,8],[-21,54],[-30,26],[-58,0],[-83,14],[-94,-18],[-106,-1],[-72,-32],[-68,-2],[-68,-55],[-35,-5],[-74,11],[-103,-8],[-63,-39],[-98,-33],[-36,-21],[-55,0],[-33,23],[-64,95],[-21,50],[-53,80],[-49,43],[-59,28],[-61,15],[-47,30],[-54,60],[-69,94],[-112,111],[-39,17]],[[40075,23979],[-32,-24],[-14,-34],[-55,-74],[-63,-34],[-52,-92],[-15,-54],[-61,-76],[-2,-25],[-46,-3],[-55,-53],[2,-57],[-25,-25],[15,-67],[-38,-45],[-45,-18],[-10,-90],[22,-53],[-39,-91],[12,-56],[-2,-58],[-70,-57],[-46,-77],[-26,-26],[-58,-110],[-30,-30],[-21,-45],[3,-31],[-25,-33],[29,-108],[-3,-63],[20,-21],[-16,-37],[39,-30],[12,-75],[-26,-67],[-1,-63],[27,-86],[57,-55],[4,-136],[53,-66],[40,-97],[-3,-39],[26,-29],[20,-63],[32,-48],[46,-40],[10,-51],[-15,-49],[26,-56],[33,-11],[-46,-59],[-33,-91],[-56,8],[-76,50],[-14,-7],[-78,-129],[-45,-8],[-114,-61],[-93,-74],[-78,24],[-53,-133],[-39,-57],[-73,-22],[-80,-35],[-89,-78],[-10,-148],[-35,-6],[-126,49],[-61,83],[-42,28],[-86,0],[-36,51],[-80,85],[-35,27],[-38,-7],[-35,-28],[-33,6],[-30,38],[-49,31],[-62,-11],[-44,-88],[-81,-25],[-37,-91],[-5,-45],[18,-88],[-29,-47],[-70,-19],[-85,19],[-57,-9],[-47,-123],[-28,-37],[-96,-75],[-34,-41],[-52,-32],[-74,-76],[-46,-81],[18,-52],[3,-52],[-19,-48],[-100,-48],[-43,-78],[-50,-7],[-86,-67],[-34,-42],[4,-44],[-17,-34],[-48,-20],[-32,-35],[-115,-22],[-42,-27],[-62,-10],[-25,-33],[-97,-63],[-36,-7],[-39,34],[-62,-39],[-22,-76],[-5,-60],[-26,-20],[-53,-5],[-114,-24],[-143,-130],[20,-76],[-44,-113],[-27,-7],[-85,14],[-53,-13],[-36,11],[-98,-4],[-34,-32],[56,-78]],[[35671,18612],[-39,-44],[-35,-19],[-78,-7],[-42,10],[-55,41],[-63,23],[-98,103],[-10,35],[13,65],[7,100],[-13,52],[-19,10],[-197,3],[-106,-9],[-72,88],[-18,34],[26,62],[103,52],[-1,11],[-79,53],[-18,84],[5,67],[31,118],[-1,41],[-41,69],[15,51],[64,119],[52,40],[92,19],[36,50],[-9,55],[10,110],[20,57],[40,42],[69,48],[5,17],[-35,52],[17,61],[99,124],[46,111],[-20,105],[0,86],[-13,61],[-7,104],[-32,103],[-46,56],[-52,30],[-30,0],[-46,39],[-13,93],[-72,129],[-119,62],[-23,105],[-45,28],[-95,27],[-4,39],[-38,12],[-186,-59],[-9,58],[-78,122],[7,35],[50,2],[97,44],[65,103],[31,65],[76,101],[40,21],[131,41],[97,62],[94,-35],[75,15],[45,-14],[42,64],[-76,89],[-41,77],[-18,75],[-34,44],[-26,80],[-47,65],[86,307],[22,113],[49,78],[12,37],[-5,107],[-39,119],[-49,52],[-12,68],[-29,26]],[[35107,23651],[38,-3],[10,-38],[36,-7],[45,17],[32,-8],[152,-89],[41,-4],[51,-32],[8,-105],[30,-84],[51,-58],[-5,-100],[26,-96],[43,-46],[29,-56],[-3,-41],[66,-82],[55,16],[86,-17],[166,4],[25,19],[121,-18],[121,-69],[117,-89],[116,43],[90,9],[77,-80],[59,0],[29,-18],[63,-12],[97,-30],[45,-22],[63,20],[103,-12],[65,65],[40,30],[57,17],[74,-4],[113,33],[63,-23],[87,1],[67,37],[7,36],[-26,71],[8,87],[74,67],[48,-32],[62,-12],[77,-70],[32,-48],[57,-42],[13,-31],[-6,-123],[6,-25],[50,-44],[110,36],[-10,68],[23,56],[35,19],[82,-24],[109,45],[81,75],[23,95],[9,76],[99,27],[77,83],[70,23],[21,34],[48,14],[24,41],[18,109],[-49,58],[-29,95],[34,66],[31,106],[23,21],[53,3],[68,-27],[114,72],[20,23],[30,78],[105,79],[11,35],[10,134],[59,38],[48,44],[6,64],[28,30]],[[46644,35263],[37,-37],[35,-76],[60,9],[42,35],[8,30],[61,43],[25,59],[-52,17],[-49,54],[22,35],[63,21],[23,37],[40,16],[26,45],[-31,42],[54,113],[-40,63],[-12,37],[19,60],[-32,50],[24,47],[59,14],[68,2],[53,67],[33,-27],[58,-5],[39,26],[74,-13],[64,37],[16,50],[42,77],[56,42],[25,52],[36,-9],[11,56],[54,26],[-8,81],[52,23],[75,-25],[27,-42],[51,-15],[118,-75],[44,14],[11,83],[36,56],[24,103],[59,44],[32,122],[59,50],[72,-17],[32,3],[49,-35],[10,45],[-17,49],[31,42],[-10,50],[50,39],[50,-3],[58,24],[184,110],[24,77],[68,49],[-14,67],[31,4],[107,65],[33,29],[38,8],[44,30],[107,32],[60,53],[40,21],[63,15],[67,-44],[77,19],[30,37],[36,101],[-8,19],[30,43],[179,122],[73,10],[69,53],[46,-6],[127,-74],[75,-19],[139,-2],[104,39],[58,1],[27,-28],[84,20],[22,35],[3,95],[32,12],[-2,34],[39,2],[-6,45],[25,42],[58,48],[40,16],[58,150],[-71,99],[19,54],[130,86],[125,67],[9,13]],[[53967,18769],[-17,35],[-82,80],[-38,27],[-14,44],[40,109],[-17,43],[-31,30],[-49,15],[-44,-7],[-31,-22],[-56,-87],[-27,-79],[-33,-31],[-26,-2],[-54,28],[-50,-9],[-37,-82],[-61,-57],[-54,-10],[-50,13],[-59,86],[-57,11],[-55,-19],[-75,-81],[-68,-55],[-34,1],[-29,54],[1,38],[52,89],[-9,29],[-78,-19],[-30,27],[-28,68],[-51,1],[-14,-43],[-20,-118],[-15,-37],[-61,-86],[-31,-104],[-78,-51],[-12,-32],[9,-42],[-22,-93],[-46,-28],[-178,22],[-18,-6],[-26,-55],[-37,-29],[-29,-2],[-73,29],[-104,-33],[-153,-36],[-106,-59],[-34,-12],[-35,-98],[-31,-40],[-25,-55],[-36,-41],[-110,-64],[-84,-76],[-53,-38],[-27,2],[-37,39],[-19,47],[6,61],[-44,51],[-101,26],[-40,-4],[-84,-37],[-69,-12],[-60,-76],[-46,-3],[-136,108],[-67,-8],[-45,-44],[-59,-74],[-82,-67],[-87,21],[-38,-24],[23,-107],[-19,-33],[-52,-42],[-12,-114],[-5,-201],[-49,-35],[-106,34],[-74,40],[-95,9],[-73,-20],[-123,-103],[-52,-69],[12,-44],[-24,-100],[-48,-57],[-73,-103],[-64,-32],[-41,3],[-69,66],[-28,8],[-95,-23],[-35,15],[-59,79],[-79,4],[-69,18],[-48,-23],[-89,-17],[-45,4],[-39,27],[-8,109],[21,92],[4,69],[-37,136],[-25,44],[-54,44],[-56,16],[-74,-31],[-125,-67],[-34,-34],[-76,-14],[-162,92],[-41,36],[-24,49],[-28,20],[-95,-13],[-22,45],[-21,80],[-19,36],[-45,29],[-84,9],[-129,-33],[-93,12],[-80,-4],[-29,15],[-34,41],[-78,44],[-49,-3],[-42,-28],[-53,-102],[-42,-65],[-11,-93],[-23,-28],[-81,-27],[-61,-63],[-10,-29],[-4,-83],[-44,-44],[-64,-14],[-7,-54],[23,-176],[37,-66],[-10,-73],[-32,-48],[-6,-35],[-33,-47],[-20,-69],[-21,-24],[-79,-50],[-133,-64],[-87,-19],[-21,-54],[33,-67],[-20,-80],[-50,-54],[-64,-84],[-112,-92],[-96,36],[-80,-31],[-52,6],[-29,30],[-223,67],[-83,-25],[-63,14],[-39,-16],[-28,-84],[-156,-95],[-35,-37]],[[45311,15952],[-47,42],[-137,79],[-48,37],[-35,70],[18,68],[-18,24],[-64,35],[-21,52],[11,105],[-17,115],[-75,130],[-59,72],[-47,16],[-46,39],[-50,76],[-70,40],[-38,41],[-26,67],[-27,24],[-48,15],[-61,-12],[-58,-57],[-22,-60],[-96,5],[-69,-26],[-48,13],[-71,99],[-119,69],[-85,-29],[-106,48],[-85,5],[-57,96],[-65,19],[-45,34],[-55,-22],[-75,-4],[-84,-24],[-52,14],[-44,35]],[[43170,17302],[40,-7],[63,6],[104,53],[52,68],[89,53],[61,14],[39,21],[48,61],[42,35],[45,86],[26,30],[67,37],[54,126],[3,83],[48,46],[65,35],[64,64],[37,13],[25,30],[2,84],[38,44],[89,40],[92,105],[16,40],[5,88],[56,69],[25,48],[-5,94],[-25,42],[-47,50],[21,80],[42,87],[10,61],[-32,72],[-35,122],[-36,55],[-31,70],[38,72],[93,60],[41,55],[72,46],[32,8],[66,69],[38,25],[134,59],[59,32],[100,122],[112,32],[40,47],[112,69],[36,51],[118,50],[51,-3],[29,31],[32,1],[38,31],[72,1],[38,53],[54,12],[44,52],[62,51],[-1,34],[40,36],[-61,43],[-11,31],[43,85],[11,49],[27,18],[9,79],[50,51],[11,68],[46,7],[23,31],[0,45],[44,35],[52,70],[16,63],[-10,25],[11,49],[41,37],[70,-25],[26,43],[-2,65],[32,62],[-79,-14],[13,40],[-34,37],[41,17],[3,130],[-36,78],[10,83],[56,28],[-5,58],[27,57],[-36,15],[50,87],[-18,29],[38,20],[-7,34],[66,53],[34,127],[-10,42],[-50,61],[-6,55],[-80,64],[17,49],[-26,24],[-40,93],[42,70],[4,37],[-25,38],[8,55],[-70,47],[-24,40],[10,84],[15,30],[-63,68],[-35,22],[1,35],[-44,10],[-15,42],[-36,14],[-55,-10],[30,61],[-28,29],[-31,66],[4,51],[46,62],[7,34],[-18,51],[18,58],[93,188],[-31,33],[20,20],[-20,52],[-8,102],[28,39],[-10,39],[76,38],[14,54],[46,91],[-38,13],[-25,38],[-106,46],[-7,26],[-47,13],[-15,94],[-62,52],[-1,34],[-34,43],[-19,78],[50,100],[7,43],[-23,88],[-132,360],[-209,286],[-155,179],[-111,136],[-66,106],[-36,86],[-39,165],[-11,80],[-54,123],[-77,49],[-32,34],[10,66],[-59,74],[51,68],[2,29],[68,137],[51,79],[44,52],[-14,49],[3,98],[44,45],[30,0],[15,59],[-11,45],[-100,66],[-13,69],[13,116],[51,22],[8,75],[17,52],[60,50],[180,-7],[145,9],[30,28],[-9,174],[22,24],[11,47],[20,17],[59,-7],[32,13],[-63,85],[8,23],[66,51],[46,20],[39,43],[28,-50],[26,35],[51,15],[-19,92],[22,46],[-37,4],[0,33],[122,411],[-16,45],[-38,56],[-59,46],[-69,68],[-13,25],[-5,98],[-49,145],[-13,64],[-102,56],[35,24],[21,40],[11,115],[-35,132],[-22,108],[18,59],[45,56],[60,38],[60,84],[40,98],[21,116],[-7,102],[-47,103],[-3,110],[7,53],[-8,52],[-61,69],[-56,26],[4,28],[-44,28],[-51,-12],[-108,36],[-51,-24],[-70,10],[-61,-23],[-11,-22],[-49,-29],[-136,-2],[-27,-21],[-148,-19],[-62,-72],[-81,-29],[-57,25],[-51,-43]],[[19632,31498],[35,50],[81,30],[6,56],[25,83],[-12,121],[19,38],[12,71],[86,13],[110,66],[54,-55],[69,-31],[103,-96],[24,-37],[76,-25],[102,19],[72,105],[56,-11],[7,-46],[84,-10],[18,14],[75,-7],[26,20],[130,170],[7,47],[74,100],[81,18],[26,24],[30,-34],[-32,-28],[-45,-13],[-62,-100],[4,-46],[-36,-50],[-80,-51],[-19,-22],[-22,-120],[-19,-30],[-4,-70],[41,-107],[-5,-63],[86,-52],[11,-32],[46,-19],[24,8],[57,-58],[27,-53],[12,-57],[-10,-85],[-20,-73],[23,-85],[-8,-82],[13,-51],[105,-152],[33,-84],[44,-151],[39,-34],[92,-38],[33,5],[70,-40],[84,6],[51,-20],[22,-41],[55,-1],[61,-27],[28,-63],[-37,-27],[-55,-72],[-3,-91],[-74,-1],[-41,-11],[-29,-61],[-53,-30],[-29,-77],[-82,-133],[-7,-43],[55,-93],[52,-48],[-3,-63],[38,-7],[42,-26],[34,-84],[82,-34],[24,-44],[-19,-41],[5,-54],[61,-29],[92,-8],[74,-26],[10,-18],[-7,-122],[70,-48],[44,-8],[185,24],[-69,-175],[-19,-30],[-60,-45],[-64,-19],[-77,-1],[-79,11],[-86,29],[-10,-56],[-24,-43],[-143,-146],[-15,-40],[11,-110],[11,-34],[-31,-163],[8,-48],[34,-54],[7,-66],[-40,-206],[-7,-125],[9,-61],[87,-139],[-40,-23],[-17,-34],[33,-99],[-7,-70],[-19,-27],[-17,-67],[-101,-105],[-3,-63],[-28,-49],[-22,-11],[-14,-98],[-49,-26],[-9,-69],[-14,-26],[-44,-21],[-31,3],[-28,52],[-43,13],[-35,-22],[-76,-101],[-69,-16],[-27,-191],[-25,-33],[0,-43],[-54,-14],[-54,-1],[-98,-28],[-63,-10],[-51,13],[-18,-70],[-56,-61],[-29,-77],[-70,4],[-75,21],[-64,-20],[-32,-41],[-29,-76],[-48,-40],[-37,-7],[-51,12],[-59,-22],[-46,-77],[-17,-54],[-96,-54],[-6,-50],[-24,-19],[-72,-6],[-64,-57],[-48,33],[-55,-21],[-42,8],[-42,41],[-48,-61],[-104,-27],[-72,6],[-46,-89],[5,-17],[78,-66],[30,-76],[-22,-66],[-34,-61],[-22,-73],[5,-70],[-39,-29],[5,-50],[-47,-126],[-28,-44],[3,-77],[40,-59],[-11,-65],[-40,-29],[70,-76],[13,-43],[-27,-60],[33,-116],[-16,-37]],[[13235,35854],[-96,11],[-39,27],[-20,39],[-50,42],[-102,12],[-29,-5],[-37,-36],[-1,-23],[36,-70],[-7,-51],[-33,-29],[-34,-2],[-116,12],[-39,-33],[-13,-58],[18,-53],[-48,-9],[-46,44],[-111,-38],[-58,18],[-61,-3],[-96,-41],[-44,-34],[-76,-167],[-45,-57],[-39,-9],[-49,11],[-41,30],[-28,-72],[37,-63],[169,-33],[66,21],[108,3],[45,-18],[100,-63],[31,-68],[-47,-57],[-109,-43],[-82,-42],[-59,-60],[-40,-108],[3,-78],[-27,-26],[-43,-11],[-27,-64],[-52,-11],[-61,41],[-64,-6],[-93,-26],[-43,19],[-53,-19],[-87,-16],[-71,17],[-57,-40],[-23,-40],[-17,-105],[-25,-74],[-6,-74],[-27,-104],[-59,-47],[-28,-36],[-25,-65],[-24,-127],[-43,-69],[-30,-11],[-82,-7],[-95,-38],[-37,-36],[-59,-36],[-76,-80],[-59,-21],[-59,-47],[-62,-36],[-117,-87],[-34,-19],[-57,-11],[-163,-11],[-22,29],[2,85],[-19,20],[-105,1],[-63,30],[-27,37],[-67,11],[-99,-76],[-105,-24],[-78,20],[-156,-28],[-79,0],[-93,-29],[-71,-50],[-114,-4],[-188,27],[-103,-24],[-117,1],[-63,23],[-78,-11],[-96,-96],[-162,-31],[-82,-39],[-109,-24],[-233,13]],[[7941,33239],[11,32],[53,27],[33,64],[17,78],[-6,108],[-14,62],[-28,39],[26,31],[-44,72],[-67,58],[-18,51],[-35,24],[-41,-29],[-54,3],[30,64],[-49,5],[-13,87],[10,36],[-20,93],[20,27],[-19,42],[13,48],[48,26],[50,7],[17,18],[-8,47],[23,95],[45,29],[7,30],[-39,21],[3,36],[-84,24],[-2,33],[22,27],[68,12],[9,54],[29,29],[-20,45],[-46,1],[-45,51],[21,27],[-26,22],[6,40],[103,48],[25,25],[2,36],[-30,57],[42,35],[16,35],[-31,109],[-38,35],[-54,30],[15,64],[-17,36],[-82,3],[-41,32],[-14,71],[0,88],[-49,71],[-18,66],[15,86],[34,47],[143,98],[40,35],[14,33],[12,119],[18,39],[40,6],[78,-48],[43,-2],[153,52],[34,37],[37,100],[-1,46],[-26,97],[-54,100],[-50,25],[-83,-8],[-39,13],[-69,96],[-35,27],[-107,-20],[-19,6],[-7,65],[-24,32],[22,53],[7,74],[-50,86],[-19,86],[2,43],[18,39],[1,46],[-17,56],[-67,156],[-52,72],[-9,56],[59,37],[72,65],[79,25],[90,86],[70,5],[81,42],[71,82],[53,20],[79,-9],[57,17],[141,6],[96,51],[87,39],[127,-64],[52,-4],[20,18],[-10,55],[69,56],[-21,79],[49,64],[60,19],[34,23],[89,20],[37,28],[94,2],[40,61],[29,2],[25,-28],[102,5],[46,60],[62,-2],[59,-57],[55,0],[-7,95],[45,83],[-24,61],[46,51],[75,20],[100,62],[41,-43],[60,-45],[17,-42],[66,-16],[-1,59],[36,-1],[48,-41],[56,-31],[46,21],[21,57],[118,-21],[75,-26],[61,27],[44,45],[45,26],[46,60],[40,19],[31,39],[80,35],[51,-43],[53,-8],[32,15],[5,51],[60,52],[77,30],[23,53],[26,10],[70,-7],[105,56],[81,55],[26,31],[34,-11],[30,-76],[37,-59],[99,-83],[52,4],[-5,44],[24,35],[50,0],[52,25],[12,30],[65,-5],[41,35],[55,-26],[53,19],[23,33],[58,10],[39,-41],[-10,-47],[47,-21],[67,24],[1,40],[37,17],[43,-20],[18,19],[-13,47],[28,59],[72,3],[31,58],[31,-3],[37,33],[15,45],[46,-85],[8,-48],[42,-35],[37,75],[23,13]],[[42664,29931],[-10,-39],[68,-89],[40,-126],[34,-6],[18,55],[54,-8],[-29,-36],[11,-41],[72,-17],[12,-28],[-71,-37],[-39,-107],[30,-33],[45,-22],[-73,-30],[-42,-6],[-60,-60],[-18,-38],[2,-47],[-40,-54],[56,-75],[14,-59],[-61,-208],[2,-46],[30,-52],[-4,-49],[-97,-126],[9,-66],[-20,-58],[-7,-93],[22,-104],[-14,-59],[-60,-23],[-69,-57],[-62,-74],[-88,-82],[-45,-83],[-94,-39],[-56,-73],[-1,-70],[14,-14],[-13,-153],[-24,-120],[-31,-46],[12,-40],[-25,-91],[28,-43],[4,-49],[-19,-13],[13,-83],[-34,-44],[-18,-64],[-46,-64],[1,-51],[-47,-64],[-58,-121],[-45,-14],[-3,-48],[-46,-99],[-60,-62],[-14,-49]],[[40098,23982],[-3,-36],[32,-119],[1,-95],[68,-133],[18,-48],[60,-109],[16,-80],[47,-122],[-1,-112],[22,-118],[56,-95],[61,-77],[10,-67],[59,-89],[75,-72],[49,-27],[178,16],[84,34],[54,51],[114,15],[87,50],[30,53],[57,21],[48,4],[67,59],[21,6],[60,-45],[55,-69],[48,-92],[0,-65],[-44,-59],[0,-43],[53,-86],[15,-58],[-23,-34],[-82,-38],[23,-93],[-55,-100],[-40,-92],[-16,-63],[6,-128],[-44,-46],[-15,-54],[78,-72],[14,-79],[80,-43],[96,-62],[109,-54],[47,-36],[31,-43],[7,-63],[38,-24],[29,-60],[42,-19],[71,-74],[44,-63],[67,-27],[69,-62],[47,-23],[63,-49],[46,-58],[88,-203],[-33,-62],[15,-75],[-11,-40],[23,-66],[-21,-74],[29,-68],[10,-49],[34,-36],[12,-62],[106,-89],[31,-78],[56,-83],[11,-97],[-12,-105],[-18,-57],[-2,-130],[51,-72],[14,-40],[13,-150]],[[42723,19180],[-3,-35],[-48,16],[-22,83],[-57,127],[-40,40],[-49,-48],[-68,-111],[17,-60],[1,-103],[28,-63],[-15,-45],[-38,-21],[-117,-23],[-42,-40],[19,-51],[-18,-47],[-111,44],[-28,-20],[-2,-54],[-60,-14],[-118,65],[-54,7],[-66,-31],[-37,-51],[-42,-12],[-52,20],[-91,7],[-31,-37],[-40,-10],[-35,14],[-54,43],[-49,70],[-13,61],[-60,28],[-66,-29],[-42,-4],[-26,35],[-1,102],[-10,31],[-118,144],[-69,-5],[-26,-24],[-44,-75],[-32,-11],[-83,43],[-59,13],[-92,-48],[-87,12],[-21,-19],[-5,-43],[-77,-54],[-79,46],[-42,39],[-56,79],[-47,34],[-107,4],[-46,-8],[-21,-31],[-2,-60],[-41,-105],[7,-52],[64,-58],[83,-127],[16,-55],[-31,-91],[-47,-65],[2,-105],[-82,-97],[-23,-8],[-98,55],[-52,-17],[-51,-54],[-59,-11],[-37,23],[-24,47],[-66,28],[-73,-12],[-69,17],[-78,5],[7,-45],[-16,-129],[-21,-42],[-68,-39],[14,-44],[-30,-100],[-84,-14],[-5,19],[-118,13],[-90,-31],[-60,-70],[-70,-6],[-84,-57],[-41,-71],[19,-79],[-59,-23],[-100,64],[-48,-5],[-16,-18],[1,-55],[64,-138],[20,-59],[-2,-58],[-90,-124],[-48,-138],[-49,-59],[-47,-147],[-53,-49],[32,-73],[34,-39],[18,-45],[47,-158],[3,-50],[-24,-85],[-54,-54],[-37,-15],[-61,50],[-28,-9],[-33,-53],[-44,9],[-69,-11],[-50,-32],[-65,-6],[-36,-36],[53,-131],[-29,-42],[-42,-6]],[[37952,16128],[-45,19],[-43,-10],[-27,-42],[-54,-9],[-41,-45],[-49,1],[-99,-25],[-51,-4],[-70,28],[-50,58],[-50,-7],[-44,-63],[-24,-96],[-102,27],[-21,-21],[6,-53],[-25,-12],[-129,41],[-32,-8],[-86,-57],[-46,8],[-29,47],[-31,27],[-96,39],[-55,49],[-73,-12],[-19,153],[-39,54],[29,37],[60,41],[87,95],[56,39],[14,40],[-23,64],[-54,54],[-141,30],[-29,28],[-3,47],[50,98],[-7,65],[-39,55],[-186,134],[-95,83],[-90,132],[-124,167],[-43,33],[-116,45],[-26,34],[10,37],[73,71],[-15,60],[43,57],[6,88],[19,32],[-47,132],[11,56],[-15,48],[4,54],[37,31],[-18,67],[-51,76],[-134,99],[-44,44],[-50,90],[-6,34]],[[42723,19180],[58,30],[41,50],[17,58],[-20,153],[10,48],[24,12],[62,1],[87,-27],[60,-69],[-46,-110],[7,-165],[-11,-37],[-57,-21],[-26,-53],[25,-66],[-7,-29],[-55,-58],[46,-104],[16,-84],[-20,-69],[20,-48],[-23,-65],[3,-80],[27,-47],[-2,-28],[-59,-54],[-2,-25],[33,-106],[-70,-38]],[[42861,18149],[-50,12],[-68,75],[-40,10],[-37,-29],[-67,-9],[-53,36],[-50,51],[-63,-22],[-19,-68],[-31,-32],[-2,-100],[-22,-89],[-17,-20],[-83,-18],[-45,-50],[-9,-71],[-25,-20],[-70,-28],[9,-65],[-1,-72],[-44,-17],[-30,46],[-84,39],[-123,12],[-52,38],[-71,-38],[-70,-9],[-71,-42],[-38,-85],[-77,-49],[-35,-7],[-57,23],[-68,-17],[-30,-24],[-26,-53],[-20,-90],[22,-25],[81,2],[40,-38],[7,-54],[-10,-38],[11,-56],[-22,-61],[-71,-83],[-33,-56],[-90,-36],[-84,-90],[-63,-17],[-43,0],[-63,33],[-34,-22],[-41,-64],[-32,5],[-36,73],[-40,17],[-52,-24],[-4,-65],[-17,-27],[-10,-68],[-34,-39],[-45,-82],[-40,-37],[-93,25],[-41,-16],[-48,10],[-49,-5],[-52,-29],[-69,-62],[-56,-94],[-50,2],[-52,-20],[-13,-73],[-19,-19],[-68,6],[-103,-3],[-67,-41],[-182,-144],[-45,-16],[-39,9],[-74,58],[-41,-22],[-6,-43],[-29,-11],[-158,-14],[-156,-91],[-37,-11],[-89,8],[-84,-13],[-42,3],[-109,39],[-37,-5],[-6,-30],[13,-100],[-13,-65],[-85,49],[-69,-48],[-33,-2],[-56,76],[-49,-2],[-35,-60],[-42,-19],[-38,41],[-19,0],[-46,-83],[-40,-12],[-47,97],[3,41],[55,54],[22,43],[-17,37],[-34,29],[-75,32],[-23,71],[-25,36]],[[60685,30532],[33,-84],[39,-12],[50,20],[52,-5],[83,-25],[117,-46],[156,-25],[69,-2],[56,94],[30,63],[44,63],[54,36],[63,4],[175,39],[82,30],[72,-39],[51,-54],[163,-61],[136,7],[42,-27],[21,-53],[69,-29],[128,14],[78,-52],[117,-27],[114,-111],[36,-71],[21,-70],[30,-25],[75,-1],[75,35],[40,-7],[74,-74],[36,-6],[145,48],[53,27],[157,8],[71,26],[46,66],[19,65],[10,93],[101,104],[94,58],[97,30],[87,13],[98,-9],[56,30],[40,34],[36,50],[56,124],[82,-43],[54,-64],[64,-48],[31,2],[41,72],[47,57],[69,58],[47,64],[46,38],[86,20],[78,-16],[53,-33],[44,12],[50,47],[40,92],[38,69],[116,95],[71,67],[59,25],[48,1],[92,-16],[46,0],[49,24],[87,64],[69,12],[94,3],[88,14],[95,42],[39,30],[57,64],[48,98],[41,113],[53,36],[143,-23],[36,33],[49,16],[35,54],[37,2],[13,-39],[90,-38],[28,-48],[34,-32],[7,-46],[-43,-100],[-1,-67],[88,-174],[32,-35],[107,-66],[90,-8],[40,-18],[28,-58],[37,-39],[154,-33],[63,-64],[40,-17],[201,-1],[55,-28],[38,-40],[31,-57],[26,-82],[72,-153],[31,-96],[23,-32],[12,-51],[32,-22],[64,91],[55,45],[74,22],[109,64],[125,68],[80,-10],[72,5],[51,-14],[33,30],[-1,52],[22,30],[66,50],[57,22],[60,1],[63,-42],[81,-31],[127,2],[44,-16],[38,-37],[-3,-49],[27,-41],[-3,-27],[-46,-35],[-55,-8],[-13,-33],[35,-92],[-5,-80],[35,-73],[-20,-27],[-36,-10],[-20,-29],[-4,-66],[-42,-105],[49,-49],[50,-16],[35,-83],[45,16],[29,-20],[171,-38],[52,3],[76,21],[118,8],[63,24],[36,0],[60,22],[62,6],[78,65],[32,-9],[36,-52],[68,-32],[95,-21],[116,-33],[80,-62],[78,-6],[45,8],[76,-15],[172,17],[-4,-53],[-136,-29],[-24,-32],[-2,-38],[-59,-52],[-23,-56],[-6,-48],[-34,-81],[68,-50],[43,-58],[17,-103],[-57,-81],[61,3],[39,-39],[101,-24],[89,-30],[27,-43],[11,-75],[-20,-22],[0,-115],[15,-74],[44,-49],[38,-68],[114,-99],[95,-68],[79,-80],[19,-50],[16,-137],[-30,-80],[-9,-127],[22,-80],[-4,-51],[-32,-85],[16,-113],[-24,-85],[3,-41],[37,-65],[51,-8],[32,-20],[41,-52],[41,-33],[1,-41],[79,-104],[-1,-38],[-44,-57],[-44,-35],[-139,-69],[-11,-40],[22,-62],[86,-105],[46,-92],[38,-26],[39,-63],[68,-9],[55,26],[135,5],[141,-17],[43,-23],[50,-51],[27,-52],[0,-55],[-13,-47],[-69,-66],[-107,-18],[-40,-17],[-38,-45],[-45,-95],[-110,-124],[-37,-94],[4,-43],[54,-41],[75,-16],[110,26],[73,-13],[9,-124],[-9,-125],[5,-50],[-33,-62],[-88,-35],[-33,-48],[-111,-49],[-9,-89],[-25,-59],[-51,-47],[-50,-22],[-69,-60],[-13,-46],[93,-77],[74,-20],[142,24],[87,-2],[110,21],[271,143],[41,30],[69,77],[83,16],[110,-66],[19,-73],[-15,-74],[-31,-65],[5,-95],[57,-77],[197,-76],[43,-28],[61,-2],[44,54],[54,11],[-19,57],[55,26],[121,98],[79,72],[79,53],[29,4],[33,-48],[81,-56],[22,-29],[-1,-96],[38,-71],[22,-76],[-5,-45],[-58,-19],[-22,-27],[3,-35],[87,-124],[6,-70],[64,-63],[16,-76],[46,-62],[56,-47],[22,-33],[34,-107],[-44,-93],[-1,-57],[48,-113],[73,-89],[4,-55],[21,-48],[-23,-39],[-93,-54],[-90,-37],[-50,-30],[-78,-88],[-42,-73],[-50,-46],[-11,-74],[-50,-65],[-43,-37],[-40,-54],[-27,-67],[-20,-77],[-53,-28],[-84,-1],[-47,71],[0,83],[-24,11],[-102,-46],[-110,-94],[-110,-111],[-50,-73],[-12,-34],[-66,-78],[-70,-38],[-68,-23],[-58,-35],[-79,-68],[-40,-97],[-40,-38],[-41,-11],[-80,2],[-89,-15],[-54,0],[-33,-78],[-49,-93],[-51,-64],[-34,-57],[-38,-27],[-19,-45],[3,-49],[-16,-36],[-52,-45],[-38,-57],[-63,-73],[-36,-11],[-133,5],[-40,-18],[-116,-70],[-31,-8],[-44,-36],[-56,18],[-89,-42],[-31,-7],[-203,1],[-89,10],[-79,-2],[-76,19],[-42,-17],[-10,-55],[-55,-113],[-28,-18],[-59,-9],[-61,-33],[-63,-153],[-47,-41],[-59,6],[-35,-40],[-36,-16],[-63,-48],[-44,3],[-30,-16],[-39,-59],[-43,-37],[-43,-10],[-36,26],[-108,27],[-57,2],[-49,16],[-40,-3],[-46,33],[-8,72],[-31,52],[-43,15],[-106,-96],[-36,-63],[-43,-24],[-43,-64],[-117,12],[-50,-13],[-62,8],[71,76],[27,44],[-5,38],[-26,21],[-115,141],[-30,66],[-28,14],[-103,-41],[-72,2],[-106,-26],[-70,-8],[-85,22],[-37,36],[-50,6],[-45,-12],[-48,-47],[-35,2],[-113,-19],[-128,5],[-47,20],[-50,52],[-108,27],[-51,-1],[-80,-67],[-24,13],[-44,56],[-34,16],[-58,7],[-85,-18],[-95,0],[-14,26],[37,52],[17,48],[-97,27],[-40,76],[-37,31],[-51,-15],[-167,9],[-30,41],[59,83],[18,67],[56,77],[65,29],[55,-12],[67,49],[22,57],[-39,74],[0,206],[-59,34],[-7,36],[66,116],[33,103],[-13,19],[-70,10],[-17,45],[0,56],[-15,36],[-55,18],[-91,-36],[-49,46],[-67,0],[-119,-26],[-51,13],[-45,60],[-29,80],[-56,99],[-28,14],[-37,-20],[-4,-52],[-32,-32],[-54,11],[-22,66],[-36,12],[-59,-23],[-9,-33],[11,-131],[-33,-23],[-40,15],[-101,57],[-38,-15],[5,-91],[-18,-70],[-54,-19],[-21,-29],[8,-59],[42,-54],[-6,-43],[-84,-82],[-65,-11],[-51,22],[-113,135],[-51,11],[-86,-35],[-32,-51],[-64,-40],[-71,-10],[-88,-29],[-72,8],[-28,13],[-24,53],[-2,36],[-51,17],[-56,-63],[-37,-16],[-45,7],[-57,28],[-84,-10],[-67,2],[-84,18],[-59,-11],[-78,-83],[-54,-91],[-40,-24],[-85,14],[-54,-9],[-72,26],[-21,41],[-50,19],[-82,9],[-38,-9],[-108,-46],[-44,-1],[-47,26],[-24,-17],[-16,-129],[-59,-43],[-168,-51],[-28,-25],[34,-120],[-9,-35],[-30,-29],[-74,-19],[-80,-6],[-91,20],[-59,-1],[-56,-44],[-74,-4],[-26,-15],[-52,-71]],[[40868,42172],[60,31],[57,11],[90,0],[95,15],[55,31],[-11,22],[-74,23],[-40,37],[-7,39],[6,88],[-19,38],[48,75],[42,40],[98,37],[61,-9],[38,6],[8,38],[-16,33],[4,51],[22,41],[84,68],[85,140],[40,115],[52,68],[-6,96],[34,29],[53,-8],[69,13],[51,34],[140,18],[65,-8],[142,47],[25,33],[160,158],[76,14],[55,19],[37,0],[11,82],[58,88],[50,92],[50,53],[56,20],[92,77],[49,78],[96,72],[124,112],[73,95],[63,141],[34,39],[106,44],[29,35],[23,130],[54,36],[39,55],[-17,68],[3,80],[21,43],[59,62],[21,35],[13,84],[51,111],[10,43],[-9,86],[-15,26],[-68,29],[-70,91],[-9,84],[-14,44],[-36,63],[11,26],[58,25],[43,48],[4,39],[-34,69],[-34,42],[-2,39],[60,80],[41,25],[60,14],[91,2],[42,-9],[65,-42],[43,22],[70,62],[36,17],[97,-20],[42,57],[70,49],[57,16],[38,36],[76,21],[64,30],[117,78],[73,41],[28,61],[27,130],[42,151],[42,34],[43,10],[100,-14],[77,-52],[120,-12],[65,-52],[38,-52],[67,-38],[66,3],[41,-86],[48,-55],[57,-15],[63,15],[58,35],[48,64],[75,24],[30,40],[14,46],[38,-7],[90,10],[50,33],[42,-1],[107,-49],[97,-22],[67,-66],[31,-19],[59,-11],[55,56],[69,38],[54,12],[63,48],[37,12],[62,-9],[103,-53],[92,5],[52,-21],[75,39],[94,-5],[42,-23],[26,-32],[18,-53],[33,-42],[27,0],[69,31],[59,8],[50,-6],[51,-39],[40,-126],[71,-184],[38,-39],[154,-33],[68,-2],[58,-13],[27,-27],[27,-88],[26,-23],[94,-11],[37,-12],[33,-38],[72,-53],[42,-53],[71,-52],[82,-29],[26,-32],[-7,-50],[23,-39],[103,-100],[42,9],[39,39],[79,12],[100,-20],[65,3],[32,-16],[46,-72],[57,-21],[11,-18],[-25,-183],[-6,-92],[5,-118],[8,-40],[25,-20],[67,-11],[46,-18],[135,-87],[54,-134],[85,-49],[78,10],[68,30],[44,1],[35,-21],[45,-85],[57,-34],[89,-6],[29,-15],[83,-103],[41,-39],[82,-56],[29,-9],[48,16],[49,46],[44,9],[51,-16],[57,-32],[117,-92],[84,-138],[42,5],[60,25],[39,-2],[107,-52],[103,-12],[133,30],[49,4],[47,-23],[13,-22],[-6,-59],[-50,-130],[-48,-69],[-64,-5],[-47,-42],[-6,-42],[6,-91],[-23,-50],[-13,-67],[58,-72],[34,-64],[18,-114],[-48,-129],[-1,-53],[29,-35],[65,-10],[103,-67],[42,-20],[63,0],[112,26],[77,-5],[20,-37],[-34,-77],[-62,-27],[-41,-87],[-45,-8],[-17,-31],[11,-97],[-20,-38],[-121,-61],[-6,-33],[76,-67],[7,-90],[-8,-166],[53,-104],[41,-26],[62,5],[125,66],[58,-13],[32,-118],[34,-41],[93,-28],[111,-117],[42,-77],[-29,-66],[11,-145],[83,-99],[32,-28],[99,-23],[82,-1],[107,20],[200,15],[51,-33],[52,-92],[60,-28],[34,7],[45,48],[53,90],[59,51],[24,57],[180,18],[77,-20],[48,-74],[15,-87],[-45,-57],[22,-81],[-7,-42],[-79,-107],[-6,-137],[18,-64],[26,-25],[23,-57],[38,-25],[68,-10],[38,-27],[26,-58],[26,-11],[52,11],[39,-36],[52,-13],[196,-14],[113,-141],[-39,-89],[0,-72]],[[10077,29487],[-69,-5],[-48,35],[-59,-5],[-49,42],[-62,0],[-46,50],[-32,68],[-34,44],[-4,83],[-29,31],[-18,64],[-112,99],[-128,137],[-29,88],[-25,108],[-70,59],[-35,84],[-43,70],[-19,75],[-37,37],[-49,18],[-95,-9],[-43,45],[-5,52],[23,57],[42,56],[140,136],[-11,56],[-104,112],[-61,93],[8,51],[94,98],[102,133],[26,55],[35,132],[18,148],[3,57],[-42,62],[-51,52],[-46,22],[20,63],[-8,80],[21,32],[64,18],[43,-36],[32,5],[1,39],[-74,37],[-13,33],[4,54],[65,84],[-6,35],[-58,23],[-16,44],[23,48],[55,49],[-15,42],[-46,-30],[-110,15],[-27,26],[-27,65],[-25,-12],[0,-58],[-50,-18],[-21,43],[-29,-5],[-57,35],[-62,8],[-3,56],[-44,16],[-122,92],[-39,10],[-36,-21],[-79,2],[-54,-59],[-72,-14],[-111,76],[-20,28],[-35,109],[-30,33],[-62,4],[-67,31],[-40,65],[-42,15]],[[18433,34077],[8,-61],[29,-61],[0,-34],[57,-93],[93,-95],[47,-24],[83,-17],[69,-105],[-1,-54],[20,-43],[53,-53],[72,-24],[25,-65],[32,-33],[2,-50],[-13,-100],[12,-50],[69,-39],[35,-44],[0,-149],[21,-56],[-10,-98],[22,-53],[-7,-63],[22,-83],[59,-103],[75,-106],[17,-99],[-6,-128],[22,-127],[26,-25],[132,-157],[61,-53],[25,-50],[8,-73],[-18,-57]],[[42861,18149],[52,-52],[85,-61],[21,-24],[26,-118],[79,-74],[26,-42],[95,-40],[77,11],[70,-50],[23,-59],[4,-60],[-78,-122],[-82,-82],[-61,-26],[-28,-48]],[[45311,15952],[-15,-25],[-116,-138],[-98,-85],[-70,-94],[-31,-27],[-97,-43],[-81,-89],[-119,-81],[-122,-133],[-84,-122],[-22,-65],[-52,-42],[-49,-5],[-46,61],[-32,0],[-99,-32],[-42,-22],[-68,-55],[-47,-61],[-191,-190],[16,-41],[-112,-125],[-44,-18],[-38,-48],[-83,-70],[-75,-84],[-32,-59],[-137,-21],[-46,-39],[-6,932],[-29,21],[-73,-16],[-59,1],[-71,33],[-18,25],[-72,10],[-32,32],[-71,8],[-31,48],[-59,3],[-36,16],[-16,37],[-98,5],[-86,-6],[-75,-20],[-74,-4],[-100,-59],[-82,-56],[-54,-50],[-62,-119],[-20,-25],[-52,-15],[-106,-6],[-35,35],[-143,-39],[-84,-43],[11,-98],[-42,-51],[-66,7],[-38,35],[-23,-33],[-83,-48],[-71,4],[-47,-19],[-47,60],[-63,-20],[-76,-5],[-80,-38],[-53,-1],[-45,20],[-11,29],[-80,22],[-74,68],[-27,-3],[-20,-52],[-58,-35],[-40,-56],[-71,-51],[-26,3],[-14,-74],[19,-12],[47,20],[66,3],[43,-14],[17,-30],[-33,-75],[-32,-46],[-27,-71],[-10,-56],[-66,-93],[-36,-120],[-22,-25],[-59,-30],[-69,-51],[-7,-36],[-33,-40],[-39,1],[-16,-83],[-47,-34],[-71,-3],[-60,25],[-130,-27],[-29,-13],[-154,-111],[-49,-63],[-21,-56],[-75,90],[-23,44],[-82,-16],[-36,9],[-187,4],[-23,-23],[-55,15],[-24,-19],[-67,-7],[-103,-45],[-23,-82],[-40,-28],[-49,-6]],[[38886,13507],[-49,29],[-56,-48],[-71,-9],[-47,7],[-36,26],[-71,25],[-25,77],[-22,7],[-60,-33],[-48,6],[-9,38],[-31,19],[-90,-32],[-65,33],[-102,-22],[-89,58],[-54,2],[-83,43],[-40,43],[-49,104],[4,56],[42,96],[50,62],[20,87],[-17,62],[-170,2],[-162,56],[-78,-18],[-95,5],[-46,18],[-245,138],[-131,81],[-162,138],[-131,137],[-73,129],[-20,79],[14,81],[-41,38],[-55,5],[-57,-33],[-62,57],[-22,51],[-33,28],[-53,24],[-25,27],[-19,108],[-58,55],[-132,53],[-29,60],[-56,30],[-57,76],[-54,26],[-67,17],[-42,31],[-27,57],[-32,137],[-58,101],[-91,80],[-155,79],[-129,89],[-58,64],[-57,82],[-117,137],[-309,339],[-24,77],[-36,55],[-140,93],[-36,5],[-42,-18],[-44,22],[-31,47],[-75,7],[-73,34],[-47,43],[-27,-23],[-18,-65],[-54,-40],[-39,-50],[-44,-12],[-72,-44],[-23,4],[-55,43],[-30,-9],[-31,-37],[-186,-28],[-34,-55],[-23,-11],[-82,14],[-52,-46],[-42,-8],[-102,18],[-50,42],[-60,9],[-23,18],[17,70],[54,63],[43,15],[123,-24],[95,16],[30,17],[63,59],[28,61],[52,56],[-12,50],[-36,65],[38,112],[-87,111],[-43,24],[15,76],[45,79],[59,67],[45,178],[0,45],[-27,59],[-17,75],[-29,43],[30,44],[14,129],[-14,54],[-39,67],[-92,79],[-12,36],[-66,61],[51,112],[19,57],[81,62],[71,33],[-25,71],[4,70],[39,26],[5,65],[-50,65],[-37,-3],[-39,27],[-39,161],[-45,-59],[-49,-45],[-32,-10],[-54,73],[-104,-41],[-20,2],[-70,-47],[-64,-28],[-25,25],[-29,70],[-101,32],[-37,25],[-56,69],[-6,75],[-48,35],[-69,26],[-15,16],[-2,116],[-40,193],[-40,59],[-36,22],[-16,76],[-95,92],[-59,44],[-97,54],[-25,3],[-133,-38],[-98,-15],[-74,16],[-89,38],[-36,41],[-34,104],[-5,81],[48,55],[23,116],[-5,91],[-30,77],[-9,47],[8,68],[32,77],[1,93],[-27,67],[-195,285],[-113,169],[-72,134],[-81,71],[-37,85],[-52,58],[-43,26],[-81,22]],[[31120,22170],[54,96],[62,82],[83,43],[63,22],[58,101],[43,-29],[97,-84],[37,-97],[53,-59],[32,33],[25,219],[149,85],[-13,44],[16,147],[40,42],[22,159],[3,81],[44,232],[37,89],[34,45],[75,71],[59,44],[-170,295],[-72,77],[-64,43],[41,34],[111,-18],[129,30],[-22,102],[-17,142],[73,22],[-117,179],[-52,70]],[[32033,24512],[66,24],[53,-57],[39,-63],[245,-159],[90,-68],[175,-107],[115,15],[50,-30],[88,47],[283,-10],[49,16],[55,-12],[38,-65],[45,-9],[70,-37],[28,-64],[92,-48],[53,-2],[82,-37],[55,-92],[24,-56],[48,-41],[38,-59],[125,-84],[52,-22],[172,21],[82,50],[43,36],[70,3],[34,-44],[38,-13],[67,29],[59,-17],[37,-34],[41,-3],[40,59],[84,-19],[41,3],[23,26],[72,9],[48,57],[65,-4]],[[28721,21730],[49,-50],[18,-50],[29,-21],[113,61],[94,30],[60,37],[52,55],[50,32],[71,19],[75,-6],[62,46],[17,47],[117,47],[42,27],[38,-6],[76,13],[39,32],[13,30],[117,52],[151,97],[122,98],[141,104],[6,56],[51,164]],[[30324,22644],[34,-40],[107,-82],[222,-248],[73,-99],[71,-30],[29,12],[60,57],[37,0],[163,-44]],[[38886,13507],[-65,-69],[-87,-48],[-67,-25],[-17,52],[-61,-48],[-135,-67],[-70,-53],[-102,-130],[-81,-79],[-62,-28],[-31,-30],[-154,-41],[-86,-9],[-59,19],[-65,9],[6,62],[-38,10],[-119,-67],[-46,-50],[-17,-37],[-2,-46],[46,-33],[0,-39],[-43,-23],[-34,54],[-41,4],[-11,-51],[-44,34],[-184,-26],[33,-73],[57,32],[57,15],[23,-10],[53,-59],[52,-3],[-2,-32],[-49,-51],[30,-32],[-36,-49],[-48,-32],[1,-52],[-38,-73],[1,-82],[-34,-68],[-54,-43],[59,-42],[41,55],[92,51],[41,-6],[11,-82],[41,-45],[-11,-34],[-39,-24],[-37,-56],[-72,-167],[-49,-42],[-27,-70],[-33,-29],[-167,-37],[-58,-34],[-40,-10],[-84,16],[-59,-24],[-11,-43],[-36,-29],[-50,-16],[-53,-61],[-38,-80],[-14,-60],[-50,-45],[2,-48],[-26,-68],[-45,-12],[-15,-39],[-2,-68],[-37,-47],[0,-68],[56,-27],[11,-38],[-34,-21],[-40,9],[-29,40],[-62,30],[-70,74],[-52,44],[-59,80],[-21,-3],[-48,-87],[-21,-75],[-36,-28],[7,-39],[48,11],[25,-24],[-35,-92],[-7,-104],[-20,-75],[-51,-38],[-28,-81],[-28,-25],[-44,4],[-44,-50],[-59,-29],[-21,-63],[-45,-34],[-4,-62],[-20,-39],[-50,-33],[-55,-14],[-39,12],[-70,-118],[-44,-43],[-54,-108],[-35,-53],[-41,-36],[-44,-6],[-32,15],[-8,31],[48,38],[-4,23],[-77,25],[-28,-3],[-76,-45],[-51,-58],[-48,-100],[-36,-50],[-100,-94],[-24,-41],[-11,-61],[7,-66],[-4,-129],[-13,-32],[-65,-86],[-75,-71],[-41,-102],[-52,-47],[-60,-27],[-62,7],[-32,-22],[-87,-95],[-66,-17],[-58,17],[-39,-22],[-86,32],[-45,4],[-42,-14],[-119,2],[-68,-25],[-54,-55],[-27,-1],[-57,37],[-39,10],[-103,-12],[-29,-18],[-29,-62],[-28,-34],[-51,-22],[27,-49],[5,-37],[-37,-30],[-10,-69],[59,18],[34,-12],[-6,-38],[-34,-37],[-77,-43],[-60,-8],[-48,-98],[-30,-26],[-97,-23],[-33,-25],[-58,0],[-51,-29],[-44,-10],[-66,-72],[-16,-60],[-53,-17],[29,-67],[-39,-75],[-43,-35],[-39,0],[-45,-31],[-42,19],[-104,5],[-46,-49],[-99,-81],[-40,-43],[-10,-35],[38,-38],[-26,-43],[-59,-58],[-62,-11],[-45,22],[-15,-43],[-8,-120],[-39,-61],[-62,-35],[0,-54],[-28,-39],[-52,-3],[-14,-42],[20,-106],[-26,-70],[-63,0],[-116,-42],[-23,-20],[-14,-94],[-76,-134],[-50,-52],[-55,-16],[-16,42],[-124,-118],[-11,-60],[-26,-37],[3,-104],[-8,-25],[-65,-47],[-46,-20],[-45,23],[9,75],[-11,64],[69,64],[-51,18],[-6,93],[-18,17],[-84,34],[-8,-60],[-43,-144],[-38,-96],[-42,-38],[-100,-15],[-63,-43],[-24,-46],[-36,-35],[-8,-41],[-44,-26],[-76,36],[-37,29],[-55,-42],[-40,-87],[-25,-25],[-92,-40],[-13,-57],[-21,-19],[-73,-21],[-69,-8],[-36,-60],[-86,-20],[-74,-7],[-80,-83],[-66,-46],[-38,11],[-16,53],[-46,36],[-37,7],[-109,-15],[-208,-77],[-36,-26],[-98,-18],[-54,-74],[-45,-26],[-96,-15],[-30,7]],[[29123,5337],[17,67],[55,35],[-31,19],[13,28],[68,20],[59,52],[-21,69],[15,45],[-40,12],[-28,52],[9,24],[55,-5],[-25,50],[47,28],[61,59],[-32,45],[8,69],[-11,80],[-31,7],[-53,48],[-104,80],[-3,47],[51,14],[44,60],[69,19],[13,84],[-17,55],[34,56],[-66,119],[-17,64],[44,38],[6,47],[26,23],[2,33],[-28,55],[-29,21],[-76,12],[-73,-50],[-81,-11],[-24,16],[-17,46],[-78,4],[-51,81],[12,20],[-34,71],[12,85],[-5,58],[15,14],[97,-43],[48,19],[15,47],[59,22],[12,26],[1,67],[41,25],[69,-6],[-17,80],[-49,61],[1,36],[60,42],[15,37],[-4,138],[-46,62],[5,58],[26,67],[34,45],[-4,47],[-75,27],[-70,3],[-11,20],[18,74],[-17,28],[14,73],[-44,57],[-14,50],[11,24],[41,19],[44,72],[64,70],[9,32],[-195,-49],[2,29],[-32,38],[6,59],[-26,59],[1,46],[-52,58],[-13,116],[-11,34],[17,72],[-30,56],[-30,100],[3,41],[-31,70],[-31,103],[2,99],[-20,90],[20,43],[37,173],[6,70],[-20,54],[22,27],[48,105],[-24,93],[-34,235],[-15,32],[10,144],[11,89],[-2,107],[-20,58],[-84,68],[-106,70],[-93,51],[-98,85],[-132,68],[-104,47],[-62,45],[-55,52],[-36,80],[-81,392],[-51,275],[4,131],[44,100],[-6,132],[16,113],[14,39],[51,83],[159,198],[71,80],[141,135],[19,40],[35,190],[11,89],[4,114],[-3,97],[6,318],[-2,78],[3,836],[-32,116],[-79,128],[-225,284],[-252,321],[-444,562],[-93,112],[-39,70],[-35,118],[-22,169],[-86,514],[-29,118],[-54,140],[-71,266],[37,-11]],[[30324,22644],[-80,301],[16,68],[35,37],[70,45],[20,40],[29,158],[-13,39],[-55,58],[-15,51],[39,276],[134,863],[-8,135],[27,58],[-9,70],[74,-41],[90,-21],[42,-17],[319,-209],[148,-115],[362,-236],[70,-11],[111,72],[28,35],[22,57],[125,152],[45,30],[36,-1],[47,-26]],[[8679,11510],[68,43],[20,87],[58,-12],[13,60],[41,52],[-18,26],[88,33],[27,30],[-25,21],[16,133],[36,24],[14,44],[46,29],[56,4],[61,-50],[75,17],[43,61],[48,-37],[20,22],[-27,110],[1,49],[23,72],[95,12],[-8,40],[-71,85],[-5,42],[25,28],[9,68],[18,41],[-38,21],[-30,39],[-41,76],[-105,49],[3,22],[50,8],[27,32],[-27,78],[-42,33],[-7,28],[47,80],[42,39],[18,49],[49,16],[57,-19],[33,-27],[104,22],[35,-6],[97,-43],[43,18],[30,37],[70,21],[160,84],[68,-25],[53,5],[100,65],[113,20],[47,33],[44,75],[30,19],[73,-4],[31,22],[50,2],[38,19],[71,7],[1,99],[33,70],[9,42],[72,69],[-38,58],[-15,52],[-46,28],[-108,-27],[-33,10]],[[29123,5337],[-13,-36],[4,-62],[-52,-9],[-4,69],[-124,61],[-42,-43],[-64,16],[-58,-59],[7,-35],[-47,-5],[-22,-59],[-118,-30],[-64,6],[-33,-25],[-5,-37],[-132,-13],[-6,-41],[-126,-49],[-36,-43],[-135,-69],[-84,-56],[24,-52],[25,-149],[58,-87],[15,-51],[-1,-132],[20,-44],[-9,-47],[53,-25],[34,-40],[50,-36],[56,-11],[-15,-59],[-90,-59],[-77,-5],[-37,-17],[-29,-78],[-38,-33],[-33,3],[-63,30],[-40,-10],[-49,-54],[-29,-99],[-40,-33],[-74,6],[-34,-9],[-54,-46],[-189,-64],[-84,-56],[-28,-36],[-51,32],[-36,97],[-66,127],[-79,64],[-102,120],[-30,22],[-92,40],[-35,31],[-15,60],[-83,108],[-73,-3],[-98,10],[-124,-11],[-127,-29],[-61,-20],[-86,31],[-59,-42],[-34,-7],[-161,74],[-67,39],[-76,97],[-44,113],[-46,45],[-104,-3],[-52,-80],[-47,-40],[-39,-6],[-67,20],[-115,-1],[-52,-45],[-47,-82],[-124,-83],[-86,-84],[-41,-23],[-97,-32],[-77,-38],[-26,-3],[-54,32],[-88,15],[-88,-19],[-49,-77],[-53,-50],[-77,-29],[-47,1],[-36,-78],[-60,-43],[-134,18],[-98,39],[-25,22],[-23,68],[-26,17],[-162,-69],[-91,-5],[-78,-28],[-121,-34],[-94,13],[-104,40],[-79,49],[-79,83],[-39,3],[-44,-28],[-54,-5],[-115,27],[-38,-13],[-21,-59],[-57,-38],[-112,-16],[-87,-5],[-20,-14],[13,-47],[-80,-57],[-58,37],[-69,-22],[-69,-33],[-57,-78],[-86,-160],[-39,-54],[-40,-35],[-75,-17],[-41,-61],[-31,-87],[-29,-18],[-76,5],[-75,42],[-33,-1],[-43,-48],[-27,-75],[-43,-35],[-86,9],[-40,25],[-16,70],[-60,38],[-31,32],[-28,59],[-1,49],[40,46],[146,74],[131,105],[6,25],[-17,70],[7,51],[58,57],[28,98],[-1,79],[80,83],[2,64],[13,19],[74,13],[29,16],[7,79],[40,30],[45,65],[5,73],[34,70],[38,34],[27,45],[-44,34],[1,68],[26,20],[58,0],[28,27],[41,100],[47,26],[4,117],[-30,37],[-102,-6],[-38,6],[-49,88],[-89,91],[-76,40],[-29,34],[-24,75],[55,81],[-38,76],[-80,80],[-70,26],[-97,-41],[-36,13],[-36,44],[-47,-30],[-39,20],[-23,63],[-90,117],[-43,18],[-23,46],[29,56],[16,83],[-35,46],[3,30],[29,54],[2,52],[-73,23],[-99,-7],[-103,53],[-55,6],[-75,72],[-55,28],[6,87],[-20,47],[-54,33],[-38,75],[-26,24],[-71,34],[-80,23],[-29,-10],[-27,-50],[-37,-38],[-77,-30],[-84,28],[-40,46],[-36,77],[-36,31],[-167,85],[-56,7],[-69,-12],[-91,-31],[-71,-6],[-44,30]],[[20083,22198],[152,120],[41,107],[-2,36],[46,78],[57,51],[44,2],[23,21],[18,57],[100,40],[74,1],[17,22],[164,107],[-9,59],[37,94],[21,73],[63,49],[113,48],[35,43],[43,12],[107,58],[18,59],[64,119],[96,94],[11,37],[50,48],[52,84],[97,76],[32,135],[106,106],[88,44],[45,43],[71,-13],[72,55],[39,103],[6,114],[73,31],[10,47],[28,28],[-60,18],[-22,70],[-39,46],[-41,0],[-79,44],[-47,15],[-79,53],[-71,12],[-54,62],[6,56],[-83,122],[-40,-64],[-82,-102],[-44,-28],[-128,-27],[-90,-63],[-70,-6],[-81,26],[-60,-5],[-54,-38],[-59,-122],[-35,-11],[-56,8],[-92,36],[-20,-11],[-30,-59],[-60,-31],[-94,23],[-53,-3],[-66,-42],[-93,-25],[-71,-80],[-43,4],[-35,44],[-41,9],[-53,-11],[-68,-50],[-27,-5],[-72,66],[-27,13],[-98,6],[-19,-30],[-23,-93],[-25,-31],[-99,-4],[-134,-59],[-87,-17],[-67,4]],[[7034,23020],[67,114],[31,118],[-7,37],[2,112],[26,60],[13,71],[28,38],[50,38],[86,5],[43,-17],[21,-41],[59,-28],[57,11],[2,41],[69,30],[32,48],[2,34],[-29,76],[9,21],[119,82],[63,4],[52,20],[63,79],[-3,75],[19,98],[53,88],[26,68],[56,33],[78,137],[-3,41],[-45,69],[20,37],[60,57],[42,22],[-4,37],[65,93],[45,114],[8,86],[25,15],[33,81],[-6,72],[-40,41],[-10,69],[13,57],[-6,41],[14,44],[49,36],[84,19],[49,28]]],"transform":{"scale":[2.084526724139446,2.0925230830100645],"translate":[275284.06369857443,7337236.604136661]},"objects":{"muni_s":{"type":"GeometryCollection","geometries":[{"arcs":[[0,1,2,3]],"type":"Polygon","properties":{"codigo":"3503901","nome":"Arujá"},"id":"3503901"},{"arcs":[[4,5,6,7,8,9]],"type":"Polygon","properties":{"codigo":"3505708","nome":"Barueri"},"id":"3505708"},{"arcs":[[10,11,12,13]],"type":"Polygon","properties":{"codigo":"3506607","nome":"Biritiba Mirim"},"id":"3506607"},{"arcs":[[14,15,16,17]],"type":"Polygon","properties":{"codigo":"3509007","nome":"Caieiras"},"id":"3509007"},{"arcs":[[-15,18,19,20,21,22]],"type":"Polygon","properties":{"codigo":"3509205","nome":"Cajamar"},"id":"3509205"},{"arcs":[[-9,23,24,25]],"type":"Polygon","properties":{"codigo":"3510609","nome":"Carapicuíba"},"id":"3510609"},{"arcs":[[-25,26,27,28,29,30,31,32,33,34]],"type":"Polygon","properties":{"codigo":"3513009","nome":"Cotia"},"id":"3513009"},{"arcs":[[35,36]],"type":"Polygon","properties":{"codigo":"3513801","nome":"Diadema"},"id":"3513801"},{"arcs":[[-29,37,38,39]],"type":"Polygon","properties":{"codigo":"3515004","nome":"Embu das Artes"},"id":"3515004"},{"arcs":[[40,41,42,43]],"type":"Polygon","properties":{"codigo":"3515103","nome":"Embu-Guaçu"},"id":"3515103"},{"arcs":[[44,45,46,47,48]],"type":"Polygon","properties":{"codigo":"3515707","nome":"Ferraz de Vasconcelos"},"id":"3515707"},{"arcs":[[49,50]],"type":"Polygon","properties":{"codigo":"3516309","nome":"Francisco Morato"},"id":"3516309"},{"arcs":[[-16,-23,51,-51,52,53]],"type":"Polygon","properties":{"codigo":"3516408","nome":"Franco da Rocha"},"id":"3516408"},{"arcs":[[-12,54,55,56,57]],"type":"Polygon","properties":{"codigo":"3518305","nome":"Guararema"},"id":"3518305"},{"arcs":[[-1,58,59,60,61,62]],"type":"Polygon","properties":{"codigo":"3518800","nome":"Guarulhos"},"id":"3518800"},{"arcs":[[-30,-40,63,-42,64]],"type":"Polygon","properties":{"codigo":"3522208","nome":"Itapecerica da Serra"},"id":"3522208"},{"arcs":[[-5,65,-34,66,67,68]],"type":"Polygon","properties":{"codigo":"3522505","nome":"Itapevi"},"id":"3522505"},{"arcs":[[-4,69,70,71,72,-59]],"type":"Polygon","properties":{"codigo":"3523107","nome":"Itaquaquecetuba"},"id":"3523107"},{"arcs":[[-10,-26,-35,-66]],"type":"Polygon","properties":{"codigo":"3525003","nome":"Jandira"},"id":"3525003"},{"arcs":[[-44,73,74,75]],"type":"Polygon","properties":{"codigo":"3526209","nome":"Juquitiba"},"id":"3526209"},{"arcs":[[-17,-54,76,-61,77]],"type":"Polygon","properties":{"codigo":"3528502","nome":"Mairiporã"},"id":"3528502"},{"arcs":[[-48,78,79,80]],"type":"Polygon","properties":{"codigo":"3529401","nome":"Mauá"},"id":"3529401"},{"arcs":[[-3,81,-55,-11,82,83,84,-70]],"type":"Polygon","properties":{"codigo":"3530607","nome":"Mogi das Cruzes"},"id":"3530607"},{"arcs":[[-8,85,-27,-24]],"type":"Polygon","properties":{"codigo":"3534401","nome":"Osasco"},"id":"3534401"},{"arcs":[[-21,86,87]],"type":"Polygon","properties":{"codigo":"3539103","nome":"Pirapora do Bom Jesus"},"id":"3539103"},{"arcs":[[-45,-72,88]],"type":"Polygon","properties":{"codigo":"3539806","nome":"Poá"},"id":"3539806"},{"arcs":[[-47,89,90,91,-79]],"type":"Polygon","properties":{"codigo":"3543303","nome":"Ribeirão Pires"},"id":"3543303"},{"arcs":[[-91,92,93]],"type":"Polygon","properties":{"codigo":"3544103","nome":"Rio Grande da Serra"},"id":"3544103"},{"arcs":[[-13,-58,94]],"type":"Polygon","properties":{"codigo":"3545001","nome":"Salesópolis"},"id":"3545001"},{"arcs":[[-2,-63,95,-56,-82]],"type":"Polygon","properties":{"codigo":"3546801","nome":"Santa Isabel"},"id":"3546801"},{"arcs":[[-6,-69,96,-87,-20,97]],"type":"Polygon","properties":{"codigo":"3547304","nome":"Santana de Parnaíba"},"id":"3547304"},{"arcs":[[-80,-92,-94,98,-84,99,100,101,102]],"type":"Polygon","properties":{"codigo":"3547809","nome":"Santo André"},"id":"3547809"},{"arcs":[[-37,103,104,-101,105,106]],"type":"Polygon","properties":{"codigo":"3548708","nome":"São Bernardo do Campo"},"id":"3548708"},{"arcs":[[-102,-105,107]],"type":"Polygon","properties":{"codigo":"3548807","nome":"São Caetano do Sul"},"id":"3548807"},{"arcs":[[-31,-65,-41,-76,108]],"type":"Polygon","properties":{"codigo":"3549953","nome":"São Lourenço da Serra"},"id":"3549953"},{"arcs":[[-7,-98,-19,-18,-78,-60,-73,-49,-81,-103,-108,-104,-36,-107,109,-74,-43,-64,-39,110,-86]],"type":"Polygon","properties":{"codigo":"3550308","nome":"São Paulo"},"id":"3550308"},{"arcs":[[-46,-89,-71,-85,-99,-93,-90]],"type":"Polygon","properties":{"codigo":"3552502","nome":"Suzano"},"id":"3552502"},{"arcs":[[-28,-111,-38]],"type":"Polygon","properties":{"codigo":"3552809","nome":"Taboão da Serra"},"id":"3552809"},{"arcs":[[-33,111,-67]],"type":"Polygon","properties":{"codigo":"3556453","nome":"Vargem Grande Paulista"},"id":"3556453"}]}}}