{"type":"Topology","arcs":[[[36576,23960],[-134,-17],[-112,-1]],[[36330,23942],[-47,173],[-138,349],[-126,117],[-240,83],[-201,107],[-101,88],[-101,128],[-50,133],[-29,449],[-135,220],[-176,76],[-300,56],[-166,43],[-199,72],[-106,53]],[[34215,26089],[51,101],[3,39],[65,24],[24,-6],[23,35],[17,62],[-21,45],[15,28],[65,10],[48,-7],[39,9],[17,-28],[87,24],[89,94],[55,53],[57,21],[60,6],[82,62],[9,34],[60,39],[57,21],[64,72],[63,109],[17,52],[-44,10],[2,110],[30,88],[-19,94],[27,111],[4,58],[-43,23],[-16,31],[-5,48],[5,126],[58,261],[-6,26],[-38,53],[13,38],[74,15],[37,21],[9,19],[-54,36],[-89,91],[-102,28],[-80,42],[-23,25],[-8,32],[-37,29],[-54,18],[-217,127],[-82,274],[-9,96],[-35,469],[6,32],[39,34],[139,187],[81,99],[224,314],[41,-47]],[[35089,30006],[0,-8],[86,-164],[44,-135],[-2,-16],[23,-75],[19,-18],[11,-75],[21,-67],[37,-57],[79,-65],[58,-75],[182,-198],[26,-41],[12,-45],[0,-47],[16,-54],[114,-159],[43,-46],[46,-31],[26,26],[6,70],[68,-7],[148,-79],[87,-36],[96,-92],[80,-34],[54,-64],[77,1],[43,-21],[46,27],[50,-24],[153,-99],[105,-168],[49,43],[52,-56],[19,-1],[58,26],[230,-63],[92,-38],[81,-47],[48,-71],[63,-41],[61,45],[12,57],[27,10],[44,-5],[30,34]],[[37809,28023],[30,-139],[40,-23],[24,-33],[-42,-61],[-6,-46],[11,-123],[-8,-39],[-87,-75],[-59,-32],[-21,-36],[-5,-47],[-25,-36],[23,-54],[-14,-37],[4,-121],[-17,-36],[7,-42],[-24,-67],[-57,-36],[-19,-24],[-10,-48],[-23,-35],[1,-74],[31,-21],[135,2],[27,-32],[10,-82],[53,-60],[-4,-89],[1,-99],[12,-18],[106,-38],[67,-51],[4,-88],[17,-66],[25,-26],[42,-21],[50,-40],[19,-66],[76,11],[43,37],[45,-31],[7,-103],[-12,-37],[7,-47],[-28,-26],[-1,-31],[31,-27],[89,-24],[43,-19],[52,-43],[64,-1],[32,-21],[65,-12],[53,-26],[62,-21],[46,-117],[-18,-60],[-52,-64],[-6,-37],[-68,-56],[-21,-28],[-47,-30],[-26,-5],[-38,-36],[-26,-45],[-68,-36],[-37,-32],[-194,-38],[-85,5],[-25,10],[-32,-13],[-9,-54],[-61,-41],[-35,-43],[-11,-43],[-128,-96],[-171,-171],[-56,-74],[-19,-64],[-35,-47],[-72,-43],[-92,-39],[-117,-58],[-168,-67],[-168,-61],[-176,-69],[-164,-31]],[[31490,29986],[-2,-144],[25,-131],[19,-54],[58,-93],[103,-131],[65,-90],[117,-134],[74,-93]],[[31949,29116],[-101,-19],[-33,-27],[-39,-77],[-67,-312],[-102,-406],[-36,-53],[-67,-43],[-68,-57],[14,-54],[33,-17],[40,-579],[80,-1099],[94,-347],[154,-352],[38,-111],[0,-103],[-70,-202],[-361,-558],[-101,-290],[8,-203],[30,-333],[-27,-284],[-74,-195],[-113,-148]],[[31181,23247],[-195,-168],[-301,-112],[-264,0],[-259,79],[-420,197],[-219,41],[-253,68],[-140,-38],[-143,-305],[-45,-331],[17,-406],[-61,-102],[-135,-147]],[[28763,22023],[-2,116],[-26,96],[-27,29],[-127,65],[-59,2],[-94,-56],[-100,-21],[-57,44],[0,49],[-30,75],[-74,1],[-43,39],[-48,11],[-36,34],[-50,-81],[-49,-12],[-16,51],[-23,-21],[-20,20],[-50,83],[-110,63],[-65,19],[8,32],[-44,14],[-43,30],[-45,15],[-30,50],[-29,9],[-67,52],[-50,51],[-19,68],[40,105],[-10,24],[-112,32],[-80,54],[-112,30],[-88,41],[-3,35],[21,126],[4,51],[-9,40],[-81,96],[-69,147],[-34,53],[-8,58],[1,87],[17,39],[40,43],[143,88],[46,42],[31,105],[68,129],[54,112],[-14,43],[25,79],[30,57],[-49,57],[-7,87],[12,74],[-7,99],[-25,25],[-10,77],[2,53],[23,86],[-23,22],[-8,35],[9,47],[21,33],[3,77],[24,64],[-2,45],[25,62],[27,36],[2,43],[-13,63],[-16,17],[13,105],[-42,64],[-40,26],[-128,26],[-33,35],[-37,-7],[-96,29],[-67,35],[-123,18],[-46,35],[11,36],[54,38],[69,21],[42,-2]],[[26803,26227],[48,0],[53,68],[26,21],[51,-7],[25,28],[13,68],[48,-26],[23,50],[72,-31],[85,-9],[-20,44],[61,-13],[-30,83],[5,25],[78,111],[20,39],[4,37],[-56,80],[-28,127],[-26,75],[17,47],[23,-13],[23,-64],[52,61],[17,-18],[144,-66],[137,-75],[-8,-41],[11,-26],[189,41],[57,-1],[119,250],[171,343],[15,42],[-19,48],[1,31],[30,64],[48,63],[79,31],[11,-8],[4,-72],[15,-23],[74,-55],[127,-74],[23,-25],[9,-48],[51,-31],[6,-45],[48,-3],[67,150],[211,317],[13,-10],[48,114],[40,46],[9,63],[31,128],[-1,48],[18,27],[22,63],[-4,86],[-14,73],[11,37],[41,76],[88,66],[52,82],[36,31],[1,30],[36,103],[-13,54],[28,35],[25,13],[31,39],[-15,45],[66,130],[59,102],[4,36],[84,149],[49,168],[-51,9],[-18,22],[-79,9],[-208,-5],[-17,3],[14,62],[34,45],[81,62],[90,29],[107,-7],[34,9],[41,25],[76,14],[53,20],[124,84],[42,38],[34,76],[10,124],[39,-5],[40,-27],[180,-59],[43,-3],[51,9],[103,-18],[44,-16],[201,-35],[100,-27],[214,-37],[102,-28],[128,-5],[126,-13]],[[38058,38932],[141,-3],[83,15],[117,30],[87,-1]],[[38486,38973],[74,-7],[73,-29],[112,-76],[104,-91],[72,-56],[69,-29],[82,-23],[94,-1],[151,32],[56,9],[85,2],[101,-30],[97,-62],[192,-169],[112,-95],[90,-69],[47,-30],[141,-37],[103,2],[205,55],[271,84],[174,45],[147,45],[160,38],[73,5],[210,-18],[132,22],[73,26],[153,94],[98,49],[123,32],[146,-6],[125,9],[62,24]],[[42493,38718],[47,-73],[38,-72],[105,-156],[94,-147],[31,-112],[18,-26],[57,-4],[59,-57],[131,-53],[41,-29],[39,-57],[18,-57]],[[43171,37875],[-141,-31],[-122,-33],[-164,-38],[-220,-46],[-3,-6],[63,-243],[31,-143],[54,-144],[149,-582],[-15,-224],[-5,-9],[-115,21],[-213,58],[-109,60],[-77,55],[-342,31],[-122,-52],[-57,-222],[5,-14],[73,-82],[37,-17],[38,-30],[102,-127],[27,-57],[44,-41],[384,-205],[32,-13],[161,-91],[157,-153],[-17,-16],[-163,-393],[-18,3],[-9,-85]],[[42616,35006],[-42,-383],[-142,11],[-199,-50],[-31,-5],[-149,4],[-108,19],[-160,73],[-177,43],[-219,116],[-71,4],[-53,103],[-18,13],[-34,-7],[-61,12],[-10,21],[16,74],[-48,41],[-38,8],[-67,60],[-143,-71],[-79,-32],[5,-71],[-15,-53],[-163,-285],[-65,-55],[-77,-12],[-60,15],[33,-73],[-31,-1],[-385,33],[-48,-10]],[[39977,34548],[-461,1008]],[[39516,35556],[-325,714],[-40,77],[-61,95],[-72,-1],[-113,10],[-21,12],[-317,29],[-369,21],[-23,-10],[-51,4],[-28,18],[13,85],[-19,5],[19,99],[-38,109],[-45,74],[-20,49],[9,173],[8,14],[-36,140],[-78,106],[177,435],[19,56],[-11,105],[-52,110],[11,650],[5,197]],[[39977,34548],[93,-202],[57,-118],[40,-62],[155,-196],[846,-1051],[4,17],[-57,70],[1,25],[26,74],[-51,76],[-17,41],[12,29],[66,54],[86,-46],[63,-36],[35,-12],[50,-4],[43,-9],[33,-17]],[[41462,33181],[-51,20],[-75,10],[-21,5],[-14,6],[-11,6],[-100,55],[-39,-166],[-6,-61],[12,-75],[17,-44],[-71,-470],[-42,-254],[-51,-344],[-26,-161],[-17,-136],[-21,-113],[-3,-72],[14,-43],[68,-70],[26,-50],[4,-32],[-30,-153],[-30,-89],[-91,-62],[-52,-46],[-23,-49],[-4,-54],[20,-90],[87,-312]],[[40932,30337],[-4,-31],[-43,-109],[-21,-79],[-29,-48],[20,-28],[-188,-137],[-171,-138],[-126,-75],[-54,-41],[-81,-31],[-61,-40],[-34,-7],[-26,-46],[-46,-36],[-105,-18],[-54,7],[-50,-35],[-82,-27],[-30,-26],[-45,-10],[-24,-64],[-42,-40],[-42,-22],[-101,9],[-96,-26],[-46,-40],[-20,-3],[-71,-73],[-44,-11],[-60,-44],[-104,-35],[-79,-50],[-55,-28],[-25,0],[-40,40],[-17,51],[-27,36],[-44,22]],[[38765,29104],[-71,44],[-149,-75],[-7,-41],[-18,-29],[-50,-22],[-31,-48],[-85,10],[-42,-73],[-48,55],[-54,35],[-46,41],[-23,-1],[-33,-33],[1,-47],[-28,-182],[-1,-142],[7,-58],[-14,-124],[0,-87],[-71,-55],[-20,-27],[-7,-55],[-29,-26],[-43,-14],[-28,-22],[-28,-45]],[[37847,28083],[-38,57],[-43,94],[-34,125],[-12,78],[27,19],[32,46],[38,38],[73,33],[5,18],[-18,51],[-28,32],[-45,87],[-91,118],[-21,13],[-10,60],[-31,5],[-40,364],[-4,77],[5,61],[160,-44],[19,5],[18,56],[7,105],[14,57],[3,90],[107,1],[21,-17],[116,-4],[28,-24],[37,-9],[13,50],[28,49],[26,-6],[-2,86],[-20,46],[-73,103],[-11,53],[-34,85],[-9,74],[-38,86],[-3,57],[3,131],[-59,-29],[-102,18],[-24,-15],[24,593],[6,77]],[[37867,31133],[27,162],[69,254],[16,72],[8,74],[5,165],[44,232],[0,97],[-10,59],[-48,152],[-14,72],[3,54],[15,56],[150,384],[76,187],[67,144],[108,219],[32,84],[16,71],[56,326],[16,72],[22,57],[107,204],[20,23],[43,23],[68,15],[41,23],[54,90],[-17,9],[-248,192]],[[38593,34705],[-7,45],[-31,57],[26,45],[30,15],[38,46],[41,23],[49,62],[4,35],[68,53],[12,24],[-5,61],[41,46],[61,30],[46,194],[20,24],[57,29],[129,55],[18,-32],[58,-49],[199,88],[19,-16],[50,16]],[[29258,36749],[-111,167],[-12,82],[9,64],[0,103],[53,276],[-9,87],[-46,73],[-10,64],[20,120],[22,99],[-15,45],[-15,147],[20,54],[194,196],[32,58],[14,74],[115,-38],[107,-15],[103,1],[86,26],[82,59],[26,41],[92,234],[-137,-12],[-49,-14],[-63,-5],[-59,10],[-94,65],[-4,13],[13,150],[-14,23],[-100,35],[-124,12],[-64,21],[-19,17],[-5,73],[24,55],[-37,20],[5,38],[-29,23],[-28,-1],[-54,24],[-13,50],[-32,63],[-57,35],[-41,2],[-20,20],[13,31],[50,13],[-49,28],[-71,63],[-16,37],[-57,88],[9,57],[37,52],[73,127],[40,102],[71,41],[31,71],[45,23],[66,-8],[53,11],[4,124],[16,30],[58,66],[47,13],[2,22],[-32,77]],[[29404,40551],[13,12],[47,-55],[25,-63],[11,-78],[5,-220],[8,-62],[33,-89],[33,-51],[63,-75],[63,-86],[35,-31],[85,-44],[72,-13],[327,-24],[157,-14],[538,-41],[107,-20],[106,-42],[56,-32],[69,-58],[56,-77],[28,-76],[36,-127],[182,116],[63,65],[100,157],[90,88],[56,28],[92,20],[39,1],[170,-12],[22,3],[140,-13],[112,-4],[169,-16],[134,8]],[[32746,39626],[234,23],[71,10],[227,22],[108,-2],[143,-11],[175,-38],[90,-15]],[[33794,39615],[290,-50],[102,-26],[73,-35],[74,-55],[87,-79],[57,-38],[90,-36],[39,-11],[345,-47],[551,-64],[196,-28],[105,-10],[183,-25],[185,-18]],[[36171,39093],[-8,-64],[-89,-44],[-41,-28],[-183,-203],[-60,-96],[-53,-214],[2,-33],[-28,-15],[-5,-49],[4,-330],[-30,-74],[-143,-315],[-17,-82],[-3,-57],[-20,-74],[-115,-302],[-16,-21],[-97,-30],[-80,-36],[-77,-46],[-142,-113],[-52,-18],[-45,-4],[-10,-15],[-113,-262]],[[34750,36568],[-83,45],[-97,72],[-82,33],[-47,1],[-59,15],[-158,4],[-48,20],[-48,49],[-45,34],[-73,31],[-99,5],[-85,26],[-153,118],[-92,62],[-92,97],[-105,75],[-55,95],[-18,9],[-90,-24],[-119,9],[-93,14],[-168,37],[-77,35],[-27,37],[-30,17],[-77,11],[-53,37],[-64,77],[-1,55],[-24,20],[-51,19],[-123,25],[-128,2],[-272,-48],[-37,-24],[-35,-64],[-89,-18],[-172,23],[-75,-5],[-72,-33],[-118,-118],[-49,-81],[-47,-45],[-39,-20],[-38,-36],[-145,-153],[-129,-140],[193,-167]],[[31062,36801],[-48,-70],[-18,-41],[-5,-44],[7,-102],[-36,-85],[-27,-32],[-121,-76],[-268,-163],[-36,-10],[-86,1],[-37,-10],[-101,-88],[-57,-17],[-138,16],[-66,-36],[-47,30],[-16,23],[-135,94],[-19,20],[-37,76],[-22,23],[-38,4],[-182,-69],[-44,-3],[-43,38],[-184,469]],[[35089,30006],[54,13],[21,41],[63,43],[134,32],[-3,46],[93,27],[10,13],[117,106],[151,174],[58,-52],[55,-59],[19,-91],[14,-15],[74,-122],[36,12],[103,107],[40,21],[107,0],[89,67],[39,17],[53,3],[40,58],[61,140],[-8,60],[78,24],[-39,71],[20,14],[-51,75],[10,110],[152,98]],[[36679,31039],[30,-13],[30,-70],[21,-19],[69,79],[49,-10],[35,8],[55,33],[49,45],[64,25],[91,6],[323,-33],[139,7],[233,36]],[[37847,28083],[-19,-4],[-19,-56]],[[50826,38579],[25,33],[37,115],[54,-1]],[[50942,38726],[20,26],[1,98],[11,128],[45,68],[33,16],[180,0],[174,-93],[118,-45],[155,84],[13,-18],[53,-130],[4,-83],[286,-50],[68,-18],[40,-24],[168,-140],[94,-45],[111,-71],[40,-35],[43,17],[31,-10],[21,14],[72,13],[45,29],[29,1],[64,50],[55,35],[34,-7],[76,46],[74,35],[34,-40],[33,133],[53,15],[-31,120],[12,44],[62,33],[37,10],[115,-5],[134,1],[80,30],[14,35],[25,12],[25,-28],[42,-23],[97,16],[18,-32]],[[53850,38938],[13,-72],[23,-36],[89,-12],[31,-27],[-92,-85],[-65,-81],[-105,-56],[-16,-22],[-85,-57],[-63,-108],[-48,-48],[-53,-33],[-75,33],[-45,30],[-67,-10],[-28,-82],[19,-44],[54,-33],[25,-98],[18,-33],[1,-111],[10,-124],[29,-89],[48,-64],[46,-85],[47,-27],[52,-56],[22,-13],[69,-90],[41,-74],[3,-44],[20,-47],[13,-69],[-17,-47],[-81,-55],[-168,-101],[-89,0],[-79,7],[-37,17],[0,-134],[23,-29],[100,-64],[6,-58],[16,-55],[31,-38],[-7,-76],[-13,-28],[32,-73],[-11,-34],[35,-41],[17,-3],[11,-49],[20,-21],[26,-57],[60,-28],[69,-65],[60,-26],[24,2],[49,-29],[80,-14],[55,-18],[37,-31],[44,6],[79,-24],[40,13],[51,1],[80,25],[10,-18],[-9,-66],[-36,-88],[-106,-80],[-39,-44],[-4,-32],[16,-79],[-16,-24],[-51,-22],[-14,-35]],[[54075,35556],[0,-93],[-50,-1],[-77,-61],[-124,-28],[-68,9],[-133,59],[-150,-46],[-54,10],[-98,64],[-34,5],[-41,-12],[-29,32],[-45,20],[-91,53],[-154,109],[-33,19],[-42,41],[-149,162],[-92,56],[-249,83],[-102,7],[-24,-29],[-71,-23],[-58,-33],[-32,9],[-42,-27],[-32,12],[-54,42],[-43,4],[-96,-12],[-37,33],[-11,-44],[-74,-101]],[[51686,35875],[-14,-8],[-49,15],[-60,7],[-32,-6],[-112,24],[-215,209],[7,78],[28,100],[22,59],[55,94],[33,33],[12,28],[-18,118],[28,19],[-34,79],[-89,294],[-11,70],[21,98],[45,77],[-5,57],[7,40],[30,51],[-10,20],[126,214],[-31,12],[-22,44],[-59,83],[-37,42],[-59,52],[-115,75],[-42,33],[-39,49],[-83,254],[-91,201],[-47,89]],[[34215,26089],[-51,23],[-54,41],[-100,88],[-59,80],[-45,79],[-101,154],[-36,70],[-155,247],[-60,83],[-88,180],[-47,72],[-62,117],[-27,34],[-142,150],[-76,76],[-63,83],[-170,293],[-113,213],[-97,162],[-138,246],[-63,100],[-97,117],[-99,91],[-273,182],[-50,46]],[[31490,29986],[36,146],[40,99],[71,101],[200,243],[24,23],[454,535],[107,124],[59,58],[60,39],[111,55],[149,62],[83,30],[86,47],[71,62],[58,76],[22,55]],[[33121,31741],[79,-24],[25,2],[96,-34],[128,-166],[38,-34],[200,-104],[83,-31],[44,-6],[160,12],[28,-6],[66,-38],[148,231],[157,256],[171,265],[102,168],[57,166],[56,197]],[[34759,32595],[33,-54],[97,-133],[64,-49],[185,-90],[65,-40],[130,-108],[60,-34],[39,-12],[136,-30],[41,-14],[127,-66],[-11,-17],[328,-163],[131,-85],[-12,-20],[163,-288],[46,-122],[35,-69],[61,-91],[15,-10],[147,-43],[40,-18]],[[44113,34417],[66,-7],[104,55],[48,-2],[212,-66],[66,-53],[108,2],[290,35],[83,-45],[90,-35],[99,-81],[55,-16],[114,36],[78,-5],[49,-26],[145,-124],[69,-32],[83,-14],[80,-29]],[[45952,34010],[-1,-74],[4,-180],[10,-2],[250,-114],[32,-67],[125,-51],[16,29],[99,-32],[65,27],[48,52],[11,29],[46,14],[67,-5],[-1,-59],[-23,-105],[-44,-111],[-22,-185],[-15,-79],[26,-70],[2,-46],[-50,-226],[-30,-59],[-71,-70],[10,-52],[147,61],[37,24],[180,71],[183,45],[218,58],[39,1],[48,-27],[63,-77],[35,-166],[-48,16],[-59,-20],[88,-338],[27,-40],[45,-101],[-10,-49],[16,-56],[3,-99],[12,-69],[-23,-84],[-15,-101]],[[47492,31623],[-36,9],[-14,51],[-52,3]],[[47390,31686],[-55,10],[-44,-22],[-71,-66],[-35,6],[-45,-11],[-31,-34],[-55,-4],[-43,14],[-70,11],[-37,-35],[-28,-46],[-45,6],[-49,45],[-80,23],[-90,-38],[-53,17],[-45,59],[-102,-6],[-51,-46],[-82,-44],[-35,-26],[-137,-12],[-88,-13],[-71,30],[-97,71],[-72,40],[-51,80],[-65,55],[-31,75],[-74,122],[-42,29],[-70,21],[-71,3],[-52,19],[-72,45],[-38,85],[-94,51],[-61,11],[-27,27],[-25,60],[-29,13],[-63,-3]],[[44914,32308],[-19,52],[-37,41],[-32,51],[-45,35],[-6,25],[16,65],[23,42],[46,49],[47,95],[64,80],[-101,140],[-39,27],[-88,-18],[-62,57],[-37,16],[51,120],[-24,13],[-134,97],[-63,30],[-347,114],[-52,25],[-67,64],[254,605],[-12,46],[-50,89],[-43,90],[-44,59]],[[50826,38579],[-31,46],[-43,39],[-81,19],[-43,-9],[-155,-65],[-59,-10],[-61,9],[-71,30],[-55,14],[-82,2],[-52,-7],[-56,-23],[-43,-34],[-40,21],[34,79],[26,34],[68,48],[17,33],[-4,72],[-40,65],[-7,38],[30,308],[-15,84],[4,95],[-525,-48],[-212,-86],[-21,-6],[-524,-8],[-297,-53],[-17,-10],[-88,-159],[-40,-43],[-65,-28],[-214,26],[-36,22],[-65,109],[-43,20]],[[47920,39203],[-48,334],[-74,373],[-6,17],[225,110],[41,27],[139,121],[19,23],[41,92],[81,89],[37,32],[105,68],[-21,89],[-12,110],[-30,57],[-41,40],[-57,33],[-21,39],[34,158],[4,43],[-4,91],[9,31],[92,24],[17,48],[-72,188],[-23,36],[-113,103],[-17,41],[79,-13],[42,151]],[[48346,41758],[68,-29],[164,-56],[83,-23],[92,-15],[126,-12],[59,-1],[130,32],[88,-10],[64,9],[147,31],[124,18],[87,22],[238,53],[117,36],[197,68],[29,7],[79,-2],[43,-30],[37,-11],[128,19],[83,52],[77,35],[18,27],[-23,39],[-39,20],[-31,35],[-12,38],[11,36],[41,12],[119,-32],[30,-22],[12,-54],[94,-28],[29,-17],[40,8],[-2,27],[-36,22],[-15,54],[27,10],[36,-12],[44,12],[14,26],[-27,111],[19,59],[48,22],[107,70],[62,13],[49,-26],[70,-26],[120,-11],[80,-12],[48,-35],[71,-17],[66,-38],[40,22],[-12,48],[35,49],[57,22],[54,-25],[25,-40],[19,-52],[29,-20],[31,2],[40,26],[8,27],[-17,31],[-59,17],[4,29],[106,91],[89,56],[105,5],[26,-18],[-14,-37],[17,-30],[111,-33],[33,0],[23,-44],[-40,-48],[-97,-50],[-24,-21],[-4,-34],[24,-22],[85,-21],[13,-31],[-3,-37],[14,-33],[63,-48],[34,-10],[30,40],[22,59],[41,-8],[-4,-57],[49,-48],[14,-32],[-81,-35],[15,-46],[93,-83],[-6,-36],[-34,-15],[-66,10],[-36,-23],[-5,-74],[-19,-50],[-5,-43],[6,-79],[14,-32],[42,-39],[45,-4],[32,14],[53,76],[107,-80],[27,-46],[44,-8],[9,16],[3,72],[50,95],[17,66],[49,26],[25,-14],[69,-70],[30,-14],[42,12],[111,121],[94,77],[70,47],[63,8],[51,-49],[112,-65],[23,-3],[59,26],[20,28],[37,84],[35,49],[-5,54],[-33,78],[-10,74],[15,43],[30,25],[-2,27],[-25,36],[6,19]],[[53814,42262],[46,11],[45,-54],[54,-20],[55,5],[29,29],[-13,36],[-45,6],[-14,26],[47,48],[33,54],[73,46],[15,-33],[4,-85],[32,-129],[64,-83],[30,-91],[74,-56],[13,-61],[-3,-94],[15,-54]],[[54368,41763],[-112,-37],[-68,-31],[-252,-140],[-2,-8],[-116,-67],[-164,-84],[-59,-44],[-34,-34],[-158,-188],[-135,-149],[-41,-36],[-53,-27],[-65,-15],[-191,-18],[0,-9],[-147,-12],[-270,-6],[-155,20],[-171,17],[-16,-2],[-516,50],[-235,26],[-33,1],[-317,31],[-88,5],[-400,42],[40,-54],[43,-11],[94,-4],[173,-49],[54,-39],[17,-32],[8,-57],[18,-13],[56,-165],[17,-119],[1,-84],[-13,-83],[-77,-222],[-30,-60],[-39,-58],[-104,-191],[-8,-78],[44,-107],[25,-36],[13,-59],[43,-68],[16,-145],[34,-49],[-16,-70],[-36,-85],[22,-46],[-28,-94],[11,-42],[-23,-70],[17,-132]],[[37421,45318],[93,38],[68,22],[21,45],[3,70],[22,28],[87,49],[99,123],[32,20],[51,48],[36,5],[181,-3],[67,9],[35,13],[30,31],[10,93],[-26,113],[-46,70],[-5,44],[-32,33],[-13,42],[42,6],[106,-24],[23,-15],[43,-71],[30,-11],[214,34],[135,8],[60,9],[42,33],[1,40],[-26,59],[-49,74],[-48,145],[-1,66],[22,41]],[[38728,46605],[45,-8],[45,12],[27,18],[76,28],[-27,56]],[[38894,46711],[-33,109],[-25,54],[4,43],[29,56],[67,94],[70,123],[34,84],[31,43],[75,81],[52,81],[56,67],[75,52],[120,56]],[[39449,47654],[67,-19],[52,5],[29,20],[54,65],[32,16],[17,39]],[[39700,47780],[22,28],[14,67],[-17,81],[-39,43],[-79,59],[-20,64],[-10,61],[23,46],[24,20],[104,56],[41,16],[37,26],[45,49],[40,26],[56,23],[103,22],[61,19],[103,72],[88,68],[23,24],[63,94],[41,22],[116,22],[47,29],[93,100],[39,81],[78,43],[62,2],[24,15],[15,63],[5,103],[15,30],[57,34],[95,-7],[104,2],[52,-6],[72,-29],[44,-46],[53,-32],[205,-46],[50,3],[59,26],[14,18],[25,78],[60,61],[62,143],[15,23],[99,76],[106,49],[152,51],[22,18],[29,67],[50,80],[53,72],[63,53],[124,66],[13,18],[21,69],[82,99],[72,146],[12,74],[18,31],[67,36]],[[42867,50481],[70,28],[37,-16],[70,-58],[44,-26],[81,-6],[37,32]],[[43206,50435],[45,23]],[[43251,50458],[69,-20],[56,-39],[51,-13],[16,-27],[3,-38],[40,-51],[53,-54],[48,11],[47,-71],[77,-44],[81,-64],[29,-31]],[[43821,50017],[-22,-32],[-41,-83],[-21,-59],[2,-32],[35,-136],[-8,-48],[-22,-22],[-44,-14],[-35,-53],[-122,-144],[-69,-53],[-49,-53],[-71,-56],[-34,-12],[-57,-70],[-12,-58],[3,-135],[6,-57],[27,-91],[13,-134],[2,-101],[-20,-52],[-55,-50],[-7,-21],[20,-46],[-10,-35],[-85,-44],[-24,-22],[-109,-146],[-73,-78],[-111,-78],[-95,-109],[-38,-89],[-84,-104],[-67,-73],[-15,-33]],[[42529,47594],[-75,-54],[-104,-57],[-1,-24],[34,-88],[53,-63],[30,-24],[78,-12],[37,-31]],[[42581,47241],[-20,-27],[-18,-49],[-18,-87],[1,-136],[27,-67],[3,-32],[-20,-33],[-2,-48],[-63,-31],[-21,-52],[-37,-18],[-55,23],[-47,-13],[-58,-84]],[[42253,46587],[-30,9],[-36,-7],[-14,15],[-56,-55],[-64,-29],[-34,-65],[-63,-56]],[[41956,46399],[-47,-5],[-46,-53],[-13,-71],[42,-57],[52,-41],[0,-31],[-43,-39],[-8,-100],[-16,-29],[5,-38],[-21,-53],[18,-50],[-4,-42],[11,-39],[41,-32],[-28,-55],[-4,-27],[38,-58],[3,-67],[-44,-106],[-34,-34],[-10,-29],[-13,-91],[-21,-38],[-58,-78],[4,-22],[58,-24],[15,-42],[34,-39],[16,-56],[76,-40],[35,-9],[6,-21],[-14,-47],[-18,-162],[12,-80],[-8,-91],[-24,-29],[-44,-8],[-21,-20],[-21,-120],[13,-61],[-10,-63],[-3,-71],[-67,-95],[-37,-106],[1,-31],[23,-56],[-12,-66],[-77,-106],[-38,-31],[-10,-49],[9,-112],[-26,-81],[14,-132],[31,-72],[48,-63],[26,-103],[57,-118],[28,-68],[66,-53],[27,-65],[38,-62],[18,-83],[62,-67],[75,-74],[107,-143],[13,-53],[-4,-85],[41,-64],[17,-60],[7,-75],[-9,-53],[-24,-46],[-3,-40],[18,-133],[-16,-73],[8,-63],[-12,-65],[1,-93],[22,-139]],[[42284,41253],[-24,14],[-202,137],[-16,17],[-472,884],[-31,-30],[-36,2],[-47,-13],[-36,-30],[-58,-7],[-58,10],[-112,-45],[-116,-10],[-59,-45],[-51,-55],[-39,-19],[-46,-79],[-28,-23],[-28,-49],[-29,-24]],[[40796,41888],[-87,75],[15,80],[-14,93],[-39,65],[-256,260],[-35,-9],[-40,133],[-84,-36],[-24,-3],[-70,21],[-68,35],[-69,58],[-212,121],[-77,9],[-38,31],[-41,58],[-27,11],[-59,-5],[-49,10],[-55,41],[-69,37],[-53,-34],[-301,-51],[-59,-32],[-32,34],[-66,106],[-57,23],[-34,-18],[-48,11],[-23,-24],[-57,-97],[-6,-29],[-73,16],[-1,-55],[-66,32],[-107,41],[-66,7],[-60,-19],[-88,1],[-69,23],[-71,36],[-102,-29],[-33,-28],[-65,-17],[-56,76],[-98,56],[-14,21],[-5,85],[-43,45],[-32,12],[-60,4],[-81,18],[-15,31],[-17,93],[-25,60],[-105,141],[-57,133],[0,35],[18,68],[-16,89],[49,55],[-5,24],[-39,44],[-62,-10],[-22,30],[-1,56],[11,35],[66,74],[5,42],[36,38],[31,56],[54,49],[74,45],[35,49],[36,77],[59,83],[6,34],[-23,85],[-67,31],[-7,21],[18,112],[-21,41],[-46,51],[-35,95],[21,74],[-1,25],[-24,26],[24,66],[-6,73]],[[33794,39615],[33,187],[24,109],[26,71],[131,290],[79,126],[27,79],[0,66],[-55,262],[-1,80],[15,60],[53,97],[335,391],[44,35],[283,149],[47,58],[11,60],[50,184],[21,42],[103,61],[24,24],[14,42],[-30,256],[-2,39],[20,131],[-10,101],[-31,67],[-76,104],[-35,60],[-17,57],[-14,110],[-25,78],[-49,51],[-72,89],[1,85],[-11,65],[5,30],[63,185],[-9,49],[-79,114],[1,25],[58,78],[13,47],[82,132],[42,28],[4,67],[16,34],[-20,33],[41,26],[-12,60],[-1,46],[65,23],[60,66],[25,43],[-1,52],[-45,48],[3,26],[40,71],[45,105],[6,65],[-12,27],[14,35],[65,54],[120,45],[59,-1],[67,32],[43,105],[-12,69],[-39,74],[-45,33],[-84,-26],[-37,-24],[-48,-15],[-99,-9],[-31,37],[-17,64],[-17,96],[-22,8],[-47,-14],[-48,30],[-144,182],[-13,68],[-48,83],[-80,94],[1,67],[-59,41],[-39,83],[-2,51],[12,101],[-14,33]],[[34533,46257],[56,-5],[39,-23],[128,-136],[106,-96],[40,-7],[52,15],[33,20],[55,16]],[[35042,46041],[53,-23],[150,-149],[94,-125],[72,-81],[63,-40],[83,-20],[80,-37],[66,-59],[29,-35],[43,-71],[28,-67],[86,-127],[44,-31],[75,0],[40,22]],[[36048,45198],[44,-14],[66,18],[97,-83],[32,-67],[3,-158],[-51,-74],[-10,-51],[-35,-52],[-100,-44],[-26,-34],[-31,-82],[9,-33],[36,-64],[17,-83],[43,-62],[0,-21],[-43,-59],[-10,-43],[24,-78],[23,-16],[52,-2],[32,-43],[-5,-47],[13,-24],[-3,-41],[-38,-30],[-3,-23],[73,-148],[-30,-206],[81,-45],[88,-67],[27,-47],[33,-38],[7,-70],[18,-62],[47,-51],[26,-61],[5,-56],[-21,-76],[-13,-11],[-28,-78],[-24,-27],[-13,-47],[27,-1],[46,-93],[12,-39],[118,-209],[-45,-4],[-123,-29],[-72,-47],[-74,-37],[-52,-13],[7,-38],[62,-55],[38,-84],[0,-59],[-34,-70],[-9,-62],[9,-52],[-20,-56],[-12,-70],[-28,-19],[-184,-80],[-1,-43],[-77,-58],[60,-64],[83,-132],[25,-87],[4,-66],[16,-50],[24,-38],[65,-68],[38,-105],[134,-174],[24,-23],[-25,-62],[231,-142],[59,-174],[56,-179],[43,-77],[122,-194],[-24,-14],[-78,-75],[-44,-25],[-425,-98],[18,-27],[33,-11],[-74,-38],[45,-59],[-66,-8],[-8,-11],[25,-210],[5,0],[25,-186],[-114,-6],[-76,-24],[-70,0],[-8,-60]],[[26803,26227],[36,20],[28,40],[2,31],[-33,64],[-34,53],[-22,82],[-34,100],[-8,64],[-161,241],[-11,49],[16,93]],[[26582,27064],[21,96],[26,42],[1,24],[26,59],[27,38],[-13,37],[-4,87],[-12,57],[13,42],[70,93],[12,110],[10,21],[69,66],[22,62],[14,3],[29,61],[14,52],[43,101],[3,81],[23,51],[-9,32],[9,66],[-18,11],[-15,91],[24,29],[14,43],[27,44],[15,65],[-18,77],[11,47],[22,44],[-27,42],[11,50],[55,72],[-3,96],[20,24],[1,66],[73,243],[-24,121],[-20,56],[13,32],[-18,55],[-10,88]],[[27109,29741],[28,16],[149,122],[38,38],[18,73],[19,33],[1,60],[31,69],[44,56],[68,57],[61,3],[27,26],[13,69],[159,66],[88,-4],[55,53],[171,110],[29,24],[-25,47],[3,20],[48,120],[13,57],[28,64],[89,57],[131,53],[60,66],[54,10],[66,41],[62,22],[16,20],[32,91],[82,148],[111,103],[29,70],[65,61],[77,117],[48,25],[63,52],[21,29],[9,78],[17,66],[21,26],[36,19],[32,47],[73,83],[105,46],[44,56],[28,7],[51,-16],[49,14],[92,66],[9,51],[31,68]],[[29778,32496],[49,-251],[56,-265],[37,-77],[73,12],[144,102],[16,44],[239,-15],[18,-11],[41,29],[59,3],[65,-47],[189,-91],[58,-2],[42,27],[91,107],[-5,12],[85,21],[84,-10],[37,67],[39,39],[166,129],[295,-28],[108,-8],[64,8],[48,32],[45,14],[72,-6],[74,-43],[41,-45],[94,-82],[75,-8],[8,-31],[34,-65],[63,-88],[18,-9],[320,-37],[247,-20],[94,-19],[20,-27],[-2,-72],[42,-44]],[[54368,41763],[51,-115],[15,-47],[97,-151],[54,-92],[36,-46],[59,-114],[61,-77],[30,-46],[51,-59],[23,-75],[50,-56],[39,-57],[23,-91],[0,-39],[20,-44],[72,-88],[27,-44],[41,-45],[12,-47],[29,-61],[65,-73],[37,-88],[-5,-98],[-30,-129],[-9,-92],[-12,-23],[12,-85],[-11,-78],[-25,-84]],[[55180,39619],[-205,42],[-82,22],[-100,-13],[-62,-2],[-93,-79],[-45,-26],[-3,-19],[59,-61],[9,-72],[-40,-43],[-58,0],[-79,-39],[-125,-11],[-50,3],[-41,-15],[-52,-36],[-73,-70],[-69,-130],[-29,-24],[-40,-10],[-32,-27],[-16,-38],[-30,-28],[-74,-5]],[[31062,36801],[97,-75],[380,-196],[253,-129],[226,-119],[285,-140],[308,-153],[69,-41],[59,-48],[52,-63],[47,-79],[64,-193],[69,-199],[49,-105],[58,-98],[34,-44],[189,-184],[60,-62],[32,-43],[95,-171],[229,-428],[25,-111],[-5,-99],[-64,-203],[-65,-218],[-96,-310],[-46,-139],[-151,-487],[-29,-132],[-28,-184],[-16,-51],[-39,-198],[-52,-278],[-30,-80]],[[29778,32496],[9,46],[-26,76],[20,40],[94,30],[16,19],[19,61],[36,37],[-69,10],[-16,18],[-27,89],[-40,59],[-65,3],[-53,21],[-68,43],[-51,13],[-109,74],[-67,2],[-43,23],[-65,90],[16,50],[-12,33],[-66,83],[-33,54],[-42,-66],[-11,-33],[-111,-121],[-59,-38],[-106,-25],[-22,-21],[-119,-50],[-41,-38],[-36,7],[-99,-7],[-23,21],[-89,24],[-45,-12],[-72,-51],[-20,-29],[-30,-80],[-33,-57],[-29,-24],[-33,16],[-147,33],[-54,7],[-27,-75],[-80,-46],[-114,10],[-10,15],[-58,9],[-39,-6],[-90,-48],[-62,-26],[-62,-16],[-25,-19],[-43,-58],[-33,-27],[-73,19],[-27,42],[-56,13],[-71,-15],[-53,-32],[-39,-36],[-37,-6],[-43,17],[-54,71],[-37,18],[-83,12],[-48,-4],[-27,-41],[-30,-124],[-28,-43],[-139,-3],[-69,-42],[-25,-1],[-66,-28],[-26,-33],[-59,7],[-50,-27],[-27,-4],[-72,22]],[[26075,32421],[5,9]],[[26080,32430],[21,50],[-35,110],[-10,44],[38,81],[-15,78],[-84,72],[19,40],[68,17],[-27,38],[-5,40],[-54,79],[-7,87],[13,37],[28,38],[44,102],[19,67],[-7,67],[53,40],[-7,92],[30,99],[46,81],[30,88],[-42,102],[-37,27],[-67,62],[-7,22],[46,78],[16,42],[97,-8],[24,12],[117,23],[21,15],[25,57],[33,-3],[42,-41],[56,-10],[75,27],[25,0],[39,-44],[54,57],[35,20],[96,8],[48,43],[15,62],[50,36],[57,23],[23,73],[43,68],[35,37],[56,24],[34,2],[42,-15],[50,10],[36,21],[28,32],[39,102],[49,56],[52,24],[62,-5],[69,-21],[78,-13],[17,7],[15,64],[23,39],[76,82],[9,68],[15,26],[39,0],[30,-18],[85,13],[132,38],[73,1],[68,13],[23,39],[18,73],[14,120],[27,118],[110,54],[79,116],[31,26],[29,4],[64,-39],[19,-48],[43,-5],[59,29],[19,35],[17,82],[26,43],[54,9],[14,44],[1,43],[27,44],[5,36],[25,59],[-6,35],[29,59],[34,25],[79,84],[23,91],[25,36],[9,41],[-6,116],[-26,64],[59,101]],[[38593,34705],[-90,64],[-258,-7],[-305,-6],[-20,-28],[-64,-16],[-220,18],[-25,41],[-13,92],[-39,71],[-44,16],[21,31],[-96,-6],[-312,101],[-123,46],[-108,87],[-40,38],[-13,-15],[-307,247]],[[36537,35479],[-497,432],[-303,282],[-119,107],[-18,3],[-55,-36],[-45,-7],[-77,14],[-279,126],[-394,168]],[[36171,39093],[850,-113],[41,6],[304,-13],[344,-22],[348,-19]],[[51686,35875],[-49,-106],[-49,-63],[-34,-84],[5,-43],[-29,-94],[-39,-89],[-51,-51],[-2,-21],[60,-106],[109,-84],[39,-46],[59,-15],[33,-23],[46,-15],[48,47],[15,-18],[-24,-35],[9,-31],[91,-78],[27,-55],[16,-64],[-11,-76],[3,-63],[36,-25],[15,-82],[19,-198],[-3,-74],[-19,-104],[-16,-36],[-62,-57],[-20,-31],[-33,-97],[-55,-81]],[[51820,33877],[-44,28],[-49,-2],[-52,23],[-26,-27],[-98,-50],[-119,-24],[-107,-8],[-54,5],[-56,-31],[-128,-59],[-40,-10],[-53,11],[-24,49],[-35,-7],[-21,-38],[-112,61],[-96,-20],[-41,8],[-61,55],[-49,-41],[-68,12],[-39,26],[-33,36],[-25,60],[-41,-15],[-34,44],[-103,-20],[-28,-30],[3,-69],[-22,-14],[-31,17],[-84,14],[-53,-23],[-70,-16],[-83,8],[-76,-21],[-72,11],[-113,-7],[-111,-40],[-51,-1],[-41,-35],[-28,-10],[-49,15],[-44,-32],[-135,-152],[-23,-20],[-7,-48],[-47,-9],[-34,5],[-62,79],[-102,95],[-92,53],[-63,21],[-15,34],[-40,45],[-36,21],[-49,13],[-351,14],[-71,11],[-37,13],[-69,40],[-95,75],[-72,35],[-92,26],[-33,18],[-45,41],[-79,97],[-51,29],[-60,17],[-161,-3],[-48,9],[-56,28],[-48,43],[-52,71],[-69,117],[-71,98],[-44,28],[-62,78],[-33,34],[-78,47],[-92,20],[-135,2],[-68,14],[-89,42],[-65,51],[-51,51]],[[46277,34993],[-46,55],[-51,76],[-26,49],[-23,91],[2,128],[-21,99],[-29,62],[-74,66],[-73,93],[-10,46],[-38,44],[-29,53],[-51,67],[-58,52],[-96,69],[-62,60],[-91,105],[-80,73],[-94,99],[-74,109]],[[45253,36489],[46,13],[123,57],[26,22],[36,76],[30,48],[106,105],[29,14],[62,7],[90,2],[23,7],[54,45],[52,33],[63,16],[61,-4],[135,-26],[89,-30],[68,-12],[71,4],[49,-8],[66,-21],[129,-89],[146,-94],[45,-25],[92,-26],[296,-30],[41,-8],[90,-32],[62,-3],[26,11],[51,45],[52,10],[63,-29],[22,29],[47,19],[40,40],[52,154],[46,91],[13,17],[31,134],[63,166],[52,40],[37,63],[44,37],[24,78],[22,162],[-85,114],[-29,78],[67,83],[29,88],[15,124],[-8,86],[-101,552]],[[48006,38722],[-86,481]],[[45952,34010],[11,56],[15,10],[88,142],[19,63],[1,89],[12,45],[64,124],[58,94],[51,72],[12,55],[-38,173],[0,30],[32,30]],[[51820,33877],[115,-160],[48,-109],[35,-60],[15,-75],[19,-44],[35,-38],[19,-80],[41,-47],[18,-42],[33,-34],[98,-11],[74,-35],[105,-31],[62,-57],[99,-31],[50,-52],[35,-49],[-4,-25],[116,-95],[50,-32],[22,-34],[40,-21],[82,-59],[14,-33],[22,-5],[73,-71],[17,-36],[23,-17],[9,-45],[37,-88],[-24,-49],[-2,-50]],[[53196,32262],[-22,-28],[-5,-162],[-15,-47],[-142,-106],[-40,-104],[-27,-31],[-64,-35],[-64,-55],[-26,-7],[-92,38],[-72,-5],[-30,-28],[-33,-89],[-10,-54],[-45,-87],[4,-29],[31,-57],[13,-59],[43,-33],[-3,-42],[-20,-41],[10,-51],[-13,-48],[-70,-49],[-45,-49],[-89,-43],[-39,-30],[-66,-81],[-109,-21],[-20,-12]],[[52136,30817],[-96,-57],[-9,-44],[-1,-87],[-21,-18],[-160,-45],[-36,-38],[-122,-75],[-30,-38],[-18,-57],[1,-47]],[[51644,30311],[-18,-60],[-117,-35],[-25,8],[-42,50],[-9,35],[8,163],[-18,42],[-76,56],[-43,65],[-104,94],[-36,8],[-113,51],[-100,-90],[-14,-70],[3,-47],[36,-95],[-9,-34],[-91,-64],[-73,-7],[-44,7],[-87,31],[-152,-46],[-100,7],[-76,-23],[-55,-40],[-55,-69],[-42,-18],[-33,8],[-43,-4],[-54,11],[-84,-26],[-61,29],[-77,18],[-54,22],[-85,16],[-22,20],[-82,10],[-27,28],[-85,57],[-7,16],[-100,-1],[-93,-25],[-15,-17],[-69,-26],[-32,35],[-17,1],[-53,39],[-53,24],[-4,20],[-111,66],[-28,2],[-24,25],[-163,24],[-34,-26],[-40,28],[-26,-28],[-69,3],[-95,-7],[-110,21],[-74,-20],[-46,42],[-12,38],[-31,29],[4,54],[-40,75],[-58,62],[-21,50],[1,51],[-15,27],[4,79],[-10,37],[13,19],[-69,78],[-41,112],[-10,72],[-1,69],[-15,20],[-53,23],[-55,5],[-46,23],[-160,97],[-50,10],[-65,-22]],[[28057,42731],[-54,-62],[-15,-6],[-101,10],[-34,-18],[-64,-3],[-39,15],[-10,62],[-21,16],[-55,-2],[-40,-23],[-9,-51],[-21,-16],[-27,-50],[-69,-21],[-107,8],[-64,20],[-33,50],[-138,129],[-94,42],[-30,23],[-43,51],[-21,-3],[-35,-31],[-92,-55],[-116,-17],[-11,-29],[-5,-67],[-26,-51],[1,-73],[16,-34],[-1,-55],[-15,-71],[-18,-40],[-9,-76],[-110,-41]],[[26547,42262],[-111,62]],[[26436,42324],[10,21],[-10,98],[-34,67],[-83,71],[-38,54],[-44,41],[-96,116],[-34,32],[-16,66],[-3,60],[-11,44],[6,72],[-11,74],[13,27],[-15,60],[-7,72],[-13,25],[-89,117],[-23,55],[-22,22],[-35,61],[-26,101],[5,105],[-16,27],[-11,60],[15,66],[-3,38],[-29,75],[1,201],[-47,59],[-94,52],[-16,67],[17,133],[-3,67],[-42,45],[-26,49],[-9,38],[-35,25],[-53,-12],[-8,19],[-54,50],[-25,34],[-4,66],[-20,69],[-23,17],[-30,57],[-34,49],[-112,22],[-39,30],[-25,3],[-59,54],[-66,72],[-78,126],[0,45],[-39,82],[-9,80]],[[24884,45650],[42,37],[16,89],[15,11],[122,32],[41,152],[-18,51],[-31,62],[0,70],[-33,46],[-56,46],[-28,48],[-8,76],[-27,38],[-33,-7],[-99,52],[-35,46],[-18,49],[-54,55],[39,61],[71,52],[20,76],[-55,67],[-6,33],[11,52],[17,36],[70,47],[-26,31],[56,60],[9,45]],[[24886,47163],[62,0],[5,-31],[72,-37],[3,49],[52,1],[-15,35],[26,47],[45,7],[39,29],[41,14],[29,-19],[16,30],[26,0],[34,-25],[34,-5],[58,-24],[42,-1],[81,23],[31,57],[20,20],[38,-6],[44,-30],[68,-31],[35,9],[86,5],[48,22],[-17,38],[49,19],[-33,18],[56,34],[55,60],[45,-11],[149,36],[-29,47],[-51,13],[6,44],[64,-16],[3,34],[24,4],[24,-45],[49,-8],[59,-112],[72,-63],[54,-78],[-2,-74],[-43,-13],[-52,-33],[-24,-41],[8,-22],[47,-36],[29,-42],[18,4],[12,47],[49,6],[21,-39],[23,6],[21,-22],[47,10],[-11,47],[-40,34],[56,41],[38,10],[35,39],[62,4],[24,40],[93,-10],[29,-80],[27,-19],[-22,-79],[63,-11],[78,13],[35,-2],[7,-39],[40,21],[39,-24],[-9,-24],[-37,4],[2,-39],[41,-36],[13,48],[55,-55],[80,-37],[45,61],[29,12],[79,-10],[31,6],[41,48],[-22,51],[4,32],[-21,51],[-34,34],[-10,51],[-22,60],[43,50],[52,-16],[47,9],[31,39],[41,15],[46,-22],[98,-18],[59,-2],[49,-15],[41,7],[8,24],[-61,36],[0,24],[38,8],[56,30],[22,24],[49,-18],[41,-4],[75,15],[35,0],[91,-39],[20,25],[-12,129],[34,29],[-8,25],[20,84],[-48,35],[23,31],[35,16],[0,27],[-30,31],[1,141],[14,52],[35,29],[28,-1],[28,-21],[28,-46],[41,2],[10,47],[-30,66],[37,56],[19,12],[65,-2],[54,42],[35,61],[35,25],[30,-25],[-36,-51],[20,-16],[47,7],[46,-17],[65,-39],[34,-7],[52,75],[19,0],[35,-41],[65,24],[116,-17],[63,-20],[127,-57],[-7,-22],[47,-90],[44,-6],[58,-34],[16,-27],[43,6],[67,61],[84,-31],[46,16],[39,-10],[21,25],[58,-20],[59,17],[79,-7],[44,17],[47,0],[72,-19],[73,28],[75,-2],[157,28],[105,51],[26,-40],[31,-15],[29,-65],[27,-20],[21,-54],[106,-120],[69,-39],[31,-48],[96,-41],[48,0],[86,-30],[79,11],[48,-3],[69,-45],[55,-9],[25,-56],[80,4],[5,-23],[51,-63],[32,-11],[37,-71],[0,-86],[-24,-60],[-8,-52],[30,-151],[32,-51],[104,-121],[78,-60],[69,-27],[108,6],[143,54],[50,12],[30,-9],[42,-64],[16,-116],[22,-48],[15,-59],[4,-103],[-4,-165],[13,-71],[45,-79],[19,-4]],[[32497,46156],[-16,-66],[-3,-117],[-14,-126],[-14,-31],[-53,-13],[-52,1],[-56,18],[-34,-21],[-80,-14],[-79,1],[-64,-7],[-80,-31],[-13,-12],[-17,-78],[11,-57],[-26,-48],[-34,-17],[-22,-69],[-75,-34],[-96,-16],[-61,-33],[-69,-18],[-43,22],[-1,54],[-50,74],[-19,4],[-10,95],[39,12],[2,23],[48,8],[-42,30],[-89,19],[-100,-53],[-66,7],[-34,32],[-36,50],[-37,-17],[-11,-24],[31,-108],[-21,-18],[-27,61],[-32,42],[-138,100],[-61,33],[-105,27],[-119,-2],[-25,11],[-61,-6],[-44,-28],[-45,-5],[-51,-18],[-31,13],[-43,-4],[-42,-30],[-86,-4],[-22,-29],[-76,-41],[-37,-42],[-6,-39],[-23,-26],[-73,-48],[-47,-18],[-11,-40],[-42,-52],[-6,-62],[-1,-100],[19,-80],[34,-35],[-25,-12],[-7,-43],[-510,-48],[-230,-10],[-165,-11],[-13,-37],[-1,-57],[-33,-35],[-22,4],[-39,-28],[-49,-105],[-59,-48],[43,-70],[-5,-35],[-33,-33],[-1,-53],[-12,-88],[23,-108],[-8,-30],[6,-86],[-33,-28],[-23,-53],[-27,-18],[-19,-55],[30,-62],[-9,-49],[-64,-36],[-35,-42],[-65,-39],[-36,-12],[-21,-41],[-4,-38],[-19,-37],[22,-57],[-12,-54],[-34,-104],[-88,26],[-245,-68],[2,-556],[2,-116],[-35,-53]],[[54075,35556],[8,-37],[-2,-61],[20,-68],[38,-45],[80,-17],[32,-81],[30,-18],[109,-10],[41,-15],[9,-40],[-33,-91],[-53,-38],[-55,-21],[-85,-4],[-121,-56],[1,-49],[-15,-51],[18,-79],[20,3],[74,-28],[20,-38],[43,-48],[20,-42],[63,-87],[-1,-79],[9,-25],[77,-99],[53,-43],[16,-38],[0,-60],[-13,-42],[-57,33],[-89,26],[-38,-18],[-23,-31],[-12,-49],[-22,-33],[-49,-51],[-27,-49],[-7,-34],[-1,-91],[-12,-70],[-79,-116],[-9,-38],[14,-38],[52,-50],[13,-38],[6,-73],[-81,-88],[-42,-7],[-77,-31],[-72,16],[-37,-5],[-75,-24],[-54,-26],[-62,-59],[-70,-36],[-20,-1],[-44,72],[-57,14],[-91,-17],[-30,-21],[-115,-151],[-145,-104],[-12,-18],[50,-67],[11,-68],[20,-16],[113,-43],[38,-34],[25,-74],[50,-98],[8,-54]],[[53369,32489],[-34,-42],[-8,-85],[-66,-59],[-65,-41]],[[34759,32595],[75,211],[15,24],[13,58],[45,145],[18,148],[-4,156],[4,30],[40,106],[12,49],[20,234],[13,93],[70,263],[25,71],[35,65],[18,49],[21,22],[568,363],[26,23],[193,191],[359,357],[156,159],[56,67]],[[42616,35006],[493,-123],[380,-96],[200,-50],[44,-16],[35,-32],[175,-126],[57,-19],[34,-26],[79,-101]],[[44914,32308],[-49,-15],[-234,11],[-148,2],[-118,-62],[-46,32],[-56,5],[-85,-17],[-37,1],[-61,40],[-68,34],[-33,29],[-73,39],[-121,92],[-295,191],[-49,38],[-39,67],[-54,67],[-18,10],[-89,-32]],[[43241,32840],[-43,26],[-50,9],[-44,-9],[-58,-49],[-152,-184],[-30,-81],[-34,-41],[-153,-97],[-47,-3],[-53,22],[-151,98],[-358,230],[-56,40],[-81,72],[-67,46],[-402,262]],[[31181,23247],[267,-350],[44,-101],[68,-80],[16,-40],[3,-97],[20,-102],[19,-65],[-2,-30],[-33,-94],[-67,-66],[-21,-55],[9,-80],[45,-62],[35,-6],[44,23],[82,-16],[-17,-40],[-33,11],[14,-72],[-46,-23],[-13,-72],[27,-102],[37,-12],[-3,-66],[-14,-29],[6,-37],[21,-22],[25,-50],[-38,-11],[-36,-25],[-21,-43],[53,-70],[49,3],[24,13],[62,-12],[31,25],[59,7],[35,-20],[55,-1],[41,12],[23,-8],[76,19],[7,25],[53,-33],[133,-17],[102,-24],[64,-55],[34,-95],[30,-3],[1,-420],[4,-78],[18,-87],[26,-79],[529,-1501],[159,-452],[18,-74],[7,-78],[-18,-123],[-106,-414],[-13,-83],[6,-104],[11,-50],[63,-209],[10,-44],[36,-81],[130,-244],[53,-130],[104,-316],[25,-103],[12,-128],[23,-306],[16,-92],[26,-69],[60,-132],[20,-65],[36,-253],[36,0],[30,-43],[42,-39],[55,-72],[57,-6],[12,-21],[40,-3],[20,-18],[46,30],[43,5],[51,38],[29,-11],[16,18],[-20,32],[42,34],[15,24],[9,55],[27,-32],[31,-1],[24,36],[49,0],[31,-22],[116,-4],[29,104],[-20,60],[78,94],[104,18],[122,-66],[250,41],[165,-4],[130,-26],[87,-42],[69,-68],[136,-69],[148,-20],[158,-29],[126,17],[186,39],[282,207],[430,403],[194,138],[399,528]],[[37680,16809],[21,-204],[14,-60]],[[37715,16545],[-30,-68],[-7,-175],[70,-368],[110,-525],[48,-107],[74,-69],[84,-61],[140,-63],[178,-91],[132,-115],[127,-68],[142,-93],[114,-92],[27,-77],[3,-143],[-15,-120],[0,-65],[-12,-69],[-2,-58],[20,-44],[29,-171],[1,-52],[18,-66],[-2,-26],[21,-61],[12,-63],[-29,-53],[-32,-77],[-32,-21],[-2,-25],[27,-73],[-8,-94],[-23,-93],[-27,-138],[-27,-58],[13,-40],[-2,-49],[16,-31],[-8,-81],[5,-52],[42,-137],[41,-95],[-2,-55],[39,-134],[41,-74],[-23,-97],[15,-45],[5,-116],[12,-40],[46,-61],[25,-16],[-1,-62],[23,-32],[12,-66],[-4,-65]],[[39139,11655],[25,-74],[23,-36],[27,1],[31,-30],[52,-85]],[[39297,11431],[-17,-28],[-55,-26],[-16,-32],[19,-67],[45,-45],[7,-31],[-16,-65],[5,-33],[24,-37],[-25,-99],[15,-28],[95,-4],[48,-24],[53,-12],[5,-63],[-46,-60],[-36,-90],[-6,-78],[63,-82],[-4,-62],[11,-32],[-8,-117],[-22,-29],[-74,-51],[-2,-48],[67,-82],[17,-78],[-80,-16],[-29,6],[-34,-45],[-10,-33],[9,-57],[-15,-34],[-81,-30],[-15,-46]],[[39189,9773],[-13,-12],[-78,8],[-42,27],[-51,6],[-10,-16]],[[38995,9786],[-27,-16],[7,-78],[-16,-114],[12,-48],[34,-47],[-16,-26],[11,-28],[31,-23],[27,-58],[68,4],[36,-9],[24,-62],[32,-21],[109,14],[46,35],[90,26],[65,-10],[40,-28],[38,-73],[-3,-44],[-36,-32],[-8,-62],[-60,-52],[25,-86],[88,-159],[-1,-18],[-45,-57],[24,-73],[-4,-45],[-20,-33],[6,-34],[-30,-17],[-64,-9],[-30,-27],[-11,-29],[-29,5],[-58,-48],[4,-64],[141,-107],[71,-64],[43,-9],[14,-108],[-20,-56],[10,-35],[48,-33],[-36,-51],[-52,-56],[-63,-37],[33,-46],[-40,-17],[-34,3],[-12,-33],[38,-69],[41,-3],[8,-26],[-16,-48],[28,-93],[-79,-69],[-92,-27],[-17,-37],[42,-26],[-29,-31],[-46,-15],[-25,-60],[19,-34]],[[39329,7153],[-7,-35],[2,-82],[-50,-1],[-23,26],[15,37],[-25,37],[-68,24],[-13,35],[-63,22],[-38,1],[-35,-57],[-21,-1],[-71,27],[-83,-104],[3,-48],[-52,-17],[-44,-40],[-21,-47],[-98,-16],[-60,-23],[-68,9],[-49,-86],[-43,-7],[-41,-21],[-55,9],[-32,-62],[-59,-2],[-65,13],[4,-35],[-63,-34],[-8,-42],[-98,-50],[-49,-7],[-142,-92],[-45,-19],[-2,-37],[45,-43],[-11,-78],[14,-89],[90,-128],[17,-54],[-4,-81],[24,-30],[-22,-76],[6,-36],[28,-49],[-19,-38],[78,-49],[53,-67],[91,-47],[44,-14],[-7,-36],[-84,-73],[-57,-20],[-75,-6],[-58,-15],[-30,-37],[-16,-63],[-33,-46],[-37,-22],[-38,6],[-84,40],[-52,-15],[-50,-51],[-24,-44],[-35,-116],[-71,-45],[-26,-5],[-74,18],[-38,-15],[-52,-46],[-89,-34],[-123,-36],[-45,-21],[-79,-47],[-97,-84],[-76,104],[-26,79],[-23,44],[-97,69],[-66,89],[-16,52],[-47,46],[-27,57],[-45,36],[-117,75],[-46,11],[-70,51],[-25,58],[-15,66],[-72,92],[-92,-20],[-92,23],[-48,1],[-54,-18],[-106,8],[-154,-35],[-127,-2],[-100,20],[-6,-23],[-73,-46],[-42,11],[-75,34],[-29,46],[-77,-63],[-67,7],[-96,-41],[-45,53],[-47,29],[-93,-2],[-28,15],[-28,-6],[-30,39],[21,63],[-5,20],[-44,17],[-23,21],[-31,56],[-9,45],[-79,17],[-33,-9],[-10,-30],[-39,-17],[-40,39],[-37,2],[-50,-27],[-25,11],[-36,-18],[-54,30],[-15,36],[-33,25],[-63,-91],[22,-61],[-23,-52],[-36,-6],[-30,-73],[-58,-64],[-19,-40],[-63,-10],[-57,-82],[-95,-50],[-55,31],[-15,-14],[-85,-16],[-30,-28],[-49,-3],[-56,-21],[-57,47],[-65,18],[-19,42],[-37,-9],[-25,14],[-37,-37],[-55,-15],[-34,-40],[21,-71],[-61,-22],[8,-44],[-18,-20],[-14,-61],[-21,-41],[-57,-40],[-87,-19],[-61,15],[-15,41],[-73,19],[-36,28],[-45,0],[-61,-38],[-30,-53],[-59,-17],[-50,8],[-55,53],[14,60],[-98,50],[-23,27],[-48,28],[-42,-2],[-24,-21],[-17,-44],[-66,-45],[-26,3],[-34,30],[-67,11],[-53,-25],[-80,12],[-14,-16],[0,-43],[-26,-57],[-24,-34],[-53,24],[-25,37],[-23,4],[-29,-31],[-28,-8],[-42,-51],[-67,31],[-40,44],[-70,9],[-50,16],[-75,33],[-30,28],[-38,104],[-39,24],[-23,-2],[-60,-36],[-121,22],[-57,29],[-70,-14],[-16,-37],[10,-33],[-9,-30],[-40,-2],[-39,-41],[-44,5],[-38,-11],[-22,21],[-28,-3],[-5,-53],[-55,28],[-9,-19],[-46,21],[-37,-3],[-26,-32],[-3,-28],[15,-53],[-23,-19],[-51,-5],[-18,-55],[-41,-48],[-4,-56],[9,-35],[-12,-24],[-68,3],[-20,-8],[-3,-35],[-73,-10],[-22,-35],[-41,-28],[17,-33],[-13,-33],[-44,-47],[-71,5],[-50,-14],[-59,39],[-26,-2],[-12,-35],[-48,-34],[-73,2],[-60,-33],[-19,-28],[-10,-55],[-59,1],[-86,-33],[-96,37],[-51,-15],[-46,-31],[0,-32],[-26,-39],[-34,-19],[0,-42],[33,-56],[-30,-27],[-82,-31],[-29,0],[-21,22],[-54,-12],[-57,34],[-22,47],[-21,69],[-57,27],[-65,51],[18,43],[-25,54],[42,43],[-6,95],[83,18],[57,23],[47,3],[42,-15],[16,32],[0,38],[40,43],[28,-5],[74,67],[-27,21],[-8,42],[-66,103],[70,50],[75,-4],[13,53],[38,22],[-16,49],[24,33],[-4,102],[20,41],[7,45],[62,13],[53,28],[12,42],[-45,70],[17,20],[52,13],[11,21],[77,-21],[20,49],[-12,58],[3,29],[77,20],[17,74],[-32,37],[-8,37],[76,6],[1,90],[70,67],[31,19],[11,54],[-21,35],[-3,47],[-24,46],[2,34],[51,19],[21,52],[91,-7],[0,47],[31,99],[69,-7],[4,107],[-9,22],[15,55],[-16,23],[-49,30],[-33,3],[-30,-16],[-57,-68],[-19,10],[-34,46],[-23,-3],[-18,-47],[-50,-22],[-36,55],[-5,36],[16,56],[-18,63],[4,23],[-25,49],[-49,54],[-21,9],[-58,-2],[-58,72],[-16,131],[49,30],[24,47],[-3,63],[-106,54],[-44,33],[-45,-7],[-38,77],[-55,53],[-15,-2],[-29,-51],[-47,-31],[-29,-30],[-20,2],[-24,44],[-10,63],[-20,0],[-53,-57],[-47,13],[-30,65],[-36,28],[-56,7],[8,80],[-8,45],[-44,51],[-54,-20],[-21,32],[-34,80],[6,16],[56,48],[3,57],[25,26],[-30,40],[-59,34],[62,106],[33,30],[-4,49],[-74,37],[-73,0],[-28,-15],[-9,-29],[-27,-19],[-39,57],[-76,6],[-7,44],[-30,18],[-29,-2],[-38,-28],[-33,-5],[-30,40],[-10,42],[-32,25],[-19,33],[-50,3],[-38,23],[-16,61],[28,35],[-5,39],[-25,61],[-24,4],[-48,45],[-19,54],[-66,67],[-45,27],[-78,28],[-89,7],[-29,-19],[-85,-90],[-52,-14],[-14,-30],[-47,-39],[-62,8],[-39,32],[-24,48],[-40,47],[0,60],[-22,43],[-145,36],[-32,-9],[-56,14],[-54,-18],[-60,-8],[-20,9],[18,81],[-45,-4],[-43,20],[-56,7],[-51,-5],[-47,-22],[-42,-32],[-54,-27],[-46,57]],[[26446,9060],[-31,113],[-9,47],[21,73],[4,58],[-16,45],[-57,97],[-19,57],[-3,73],[21,109],[-12,54],[-44,95],[-90,290],[-12,88],[-27,94],[-14,13]],[[26158,10366],[-5,57],[16,20],[-5,77],[50,1],[7,16],[-71,50],[-40,-2],[1,39],[13,43],[22,12],[-7,61],[-23,27],[2,46],[-28,37],[4,62],[-7,34],[28,14],[45,46],[-39,7],[-28,-14],[-18,26],[17,34],[-20,25],[46,25],[-33,49],[26,38],[-15,41],[23,50],[34,16],[-19,46],[26,58],[27,2],[56,46],[7,37],[32,14],[3,67],[24,5],[-7,42],[48,54],[27,10],[39,59],[-21,60],[7,21],[85,99],[9,64],[17,26],[19,72],[-19,41],[26,11],[16,44],[-24,41],[-4,81],[48,4],[-15,45],[-69,70],[-52,-32],[-12,61],[-25,36],[-34,8],[31,33],[4,57],[-34,54],[-1,31],[25,36],[-39,6],[-10,21],[18,26],[42,-15],[87,-52],[81,7],[79,-18],[47,-25],[65,-80],[27,-86],[-1,-166],[53,-55],[73,-12],[50,13],[69,33],[70,-6],[60,-35],[310,-43],[200,-24],[57,22],[106,22],[56,6],[410,60],[70,6],[20,41],[-1,2617],[-25,19],[-25,39],[-92,102],[-32,47],[-19,72],[-12,98],[-28,138],[42,157],[-37,100],[-2,44],[-38,44],[-13,85],[5,60],[-14,56],[9,19],[58,-6],[52,-57],[88,-44],[39,-1],[47,-25],[19,-39],[48,-29],[19,5],[38,-25],[58,-7],[58,28],[84,-7],[55,26],[40,-14],[62,9],[80,-13],[50,33],[84,26],[59,9],[18,26],[-12,50],[14,21],[63,51],[19,57],[-16,82],[15,109],[19,70],[-35,99],[-25,16],[-44,2],[-86,-25],[-13,25],[4,96],[11,21],[81,12],[23,16],[46,144],[-1,66],[23,59],[1,74],[-39,52],[-37,8],[-20,30],[-61,36],[-9,29],[-32,14],[-32,39],[-74,34],[-39,40],[-49,98],[-48,46],[-61,33],[-18,31],[-37,6],[-59,36],[-48,61],[-24,16],[-57,64],[-27,16],[-59,-13],[-37,4],[-59,57],[-45,9],[1,22],[-39,19],[-44,35],[-72,44],[-16,18],[-142,63],[-38,31],[-140,23],[-64,28],[-34,-8],[-54,16],[-60,36],[-100,36],[-182,15],[-86,-12],[-112,-26],[-15,22],[-59,1],[-116,62]],[[26911,18160],[-122,71],[-27,41],[-24,57],[-76,41]],[[26662,18370],[-22,17],[11,74],[23,20],[44,87],[-4,27],[34,53],[-31,35],[13,97],[75,16],[15,25],[38,29],[8,29],[83,39],[49,14],[22,23],[13,53],[-5,25],[-29,24],[15,46],[71,136],[42,45],[-3,52],[51,19],[66,37],[23,20],[46,67]],[[27310,19479],[53,65]],[[27363,19544],[51,58],[29,76]],[[27443,19678],[24,108]],[[27467,19786],[14,58],[-11,38],[-51,53],[-36,58],[-31,100],[-15,150],[8,70]],[[27345,20313],[13,65],[128,316],[65,83],[32,17]],[[27583,20794],[87,46],[97,43],[153,78],[58,25],[69,55],[107,150],[59,69]],[[28213,21260],[26,31],[84,43],[166,28],[56,35],[58,58],[33,47],[30,62],[42,102],[30,120],[14,94],[-34,97],[45,46]],[[29404,40551],[-25,20],[-63,23],[-80,4],[-23,53],[-36,22],[-33,4],[-113,-7],[-47,15],[-49,38],[-44,-6],[-84,41],[-40,9],[-56,57],[-56,192],[-44,112],[-38,61],[-104,143],[-18,67],[10,127]],[[28461,41526],[10,40],[25,49],[3,43],[-21,56],[7,80],[17,35],[6,98],[-12,69],[-64,66],[-29,12],[-58,-2],[-101,25]],[[28244,42097],[-12,21],[-56,44],[-46,18],[-3,87],[-7,37],[-22,25],[-30,86],[5,94],[25,40],[14,47],[-2,40],[19,73],[25,30],[109,68],[48,68],[-5,61],[43,55],[12,43],[28,36],[61,17],[43,38],[-40,45],[-36,-31],[-58,-7],[-51,-18],[-37,-40],[-58,-84],[-35,-95],[-121,-164]],[[32497,46156],[57,6],[175,-30],[155,-40],[35,3]],[[32919,46095],[42,-123],[-7,-45],[51,-104],[-4,-59]],[[33001,45764],[-105,-8],[-58,-11],[-34,-27],[-3,-30],[7,-126],[1,-113],[15,-47],[3,-88],[20,-84],[-2,-29],[14,-99],[-27,-254],[-3,-128],[11,-108],[-44,3],[-53,23],[-35,31],[-90,17],[-56,-17],[-14,31],[-32,-25],[-13,-74],[-30,-33],[-120,-33],[-40,-33],[-36,-52],[-2,-27],[27,-97],[67,-76],[61,-44],[47,-21],[38,-3],[28,-31],[43,-13],[51,-58],[9,-23],[-15,-34],[10,-70],[-14,-159],[-36,-36],[-12,-43],[10,-25],[-27,-14],[-60,-58],[-53,-23],[-57,-2],[-46,-46],[-13,-29],[-43,-49],[-24,-8],[-25,-40],[-81,-81],[-42,-82],[-30,-42],[-14,-75],[-24,-51],[4,-57],[27,-61],[45,-61],[48,-132],[148,-209],[5,-63],[-19,-26],[-10,-43],[14,-47],[64,-25],[-21,-100],[23,-55],[19,-11],[21,-58],[-7,-35],[-31,-66],[23,-111],[87,-57],[72,-66],[40,-24],[-20,-44],[-47,-188],[9,-59],[-9,-48],[-74,-120],[-77,-101],[-9,-62],[29,-190],[33,-8],[34,-209],[32,-73],[130,-199],[29,-82],[36,-258],[23,-286],[12,-72],[13,-158]],[[33001,45764],[17,-29]],[[33018,45735],[33,-57],[53,-42],[72,-23],[96,-7],[81,5],[31,12],[73,49],[49,14],[83,1],[46,-34],[66,-66],[33,-52],[41,-40],[107,-51],[53,-9],[55,46],[22,61],[5,51],[-5,86],[7,49],[25,87],[-8,108],[15,56],[66,42],[95,76],[155,56],[139,95],[27,9]],[[42493,38718],[81,56],[54,68],[36,84],[3,104],[-56,257],[5,150],[18,88],[38,116]],[[42672,39641],[30,50],[56,65],[60,46],[92,43],[66,17],[185,26],[74,17],[70,41],[94,89],[57,65],[120,159],[17,62],[22,40],[140,130],[174,129],[39,35],[69,90],[52,87],[26,19],[103,53],[142,61],[82,32],[115,103],[45,49],[179,257],[72,68],[46,18],[73,6],[57,42],[38,60],[43,43],[125,66],[104,47],[114,36],[144,87],[208,38],[73,18],[128,40],[90,22],[150,20],[80,6]],[[46326,42023],[-41,-62],[11,-20],[-21,-32],[23,-18],[230,-356],[-111,-83],[-54,-8],[0,-20],[-206,-4],[-63,-19],[-41,-29],[-42,-53],[-41,-106],[50,-62],[167,-45],[95,-59],[152,-53],[9,-99],[10,-9],[1,-64],[9,-68],[32,-89],[83,-105],[20,-1],[49,-79],[66,-54],[25,-56],[-11,-64],[9,-154],[7,-26],[-22,-121],[-19,-54],[2,-32],[-49,3],[-66,-20],[-62,-40],[-64,2],[-72,-17],[-49,12],[-10,-33],[-26,-31],[-43,-27],[-88,13],[-82,21],[-99,-16],[-49,-32],[-33,3],[-34,-29],[-63,-19],[-44,10],[-72,-10],[-12,-25],[-93,-15],[-45,-37],[-88,-34],[-33,8],[-118,-49],[-91,-34],[-58,-40],[-67,-32],[-64,-59],[-58,-17],[22,-28],[63,-50],[125,-58],[186,-101],[86,-56],[44,-42],[37,-17],[97,-15],[58,-22],[179,-51],[154,-1],[83,-4],[230,34],[48,-3],[175,-57],[69,-18],[48,-30],[34,-72],[25,-32],[67,-51],[88,-75],[49,-54],[92,-137],[38,16],[85,124],[46,-34],[84,8],[125,65],[18,0],[101,-53],[88,10],[267,107],[123,44]],[[45253,36489],[-65,95],[-7,30],[-66,61],[-12,-14],[-273,161],[-44,32],[-61,83],[-40,47],[-103,75],[-38,38],[-96,106],[-59,46],[-221,103],[-121,91],[-63,26],[-70,4],[-105,-4],[-62,14],[-320,137],[-64,25],[-62,45],[-31,37],[-55,145],[-44,3]],[[36048,45198],[140,50],[86,52],[34,9],[104,1],[101,-14],[47,7],[92,73],[92,3],[52,17],[45,27],[40,5],[46,-7],[57,3],[86,22],[41,1],[112,-18],[78,-1],[40,-34],[28,-73],[52,-3]],[[40796,41888],[-96,-67],[-161,-105],[-46,-36],[-69,-41],[-57,-17],[-20,-26],[-80,-59],[-11,-30],[-107,-185],[-20,-71],[-39,-93],[-45,-81],[-48,-39],[-63,-29],[-95,-55],[-28,-39],[-41,-2],[-183,-37],[-18,-9],[-230,-56],[-69,-8],[-258,45],[-57,-8],[-26,-128],[-9,-105],[-9,-48],[-31,-72],[-108,-160],[-72,-100],[34,-221],[-22,-277],[-47,-59],[-319,-167],[-11,-16],[4,-153],[6,-54],[14,-26],[117,-153],[15,-31],[-5,-97]],[[42284,41253],[14,-60],[52,-56],[8,-26],[2,-319],[-23,-151],[-22,-72],[-83,-162],[-2,-59],[38,-54],[55,-103],[90,-153],[4,-33],[-11,-47],[2,-49],[26,-61],[70,-69],[168,-138]],[[46326,42023],[223,18],[187,23],[99,-4],[236,-73],[39,1],[149,38],[87,9],[138,8],[227,-46],[186,-26],[79,-27],[81,-41],[162,-90],[127,-55]],[[36330,23942],[95,-185],[115,-174],[47,-62]],[[36587,23521],[54,-140],[40,-158],[115,-688],[31,-227],[47,-158],[52,-94],[126,-150],[599,-753],[339,-429],[305,-380],[70,-103],[36,-70],[29,-85],[15,-69],[0,-214],[-4,-906],[0,-157]],[[38441,18740],[-60,-128],[-4,-189],[46,-215],[-16,-169],[-123,-298],[-131,-269]],[[38153,17472],[-93,-104],[-214,-266],[-69,-110],[-30,-102]],[[37747,16890],[-67,-81]],[[55656,44931],[-64,23],[-56,45],[-52,70],[-102,104],[-53,66],[-50,32],[-38,58],[-34,31],[-73,33],[-36,38],[-49,101],[-7,51],[23,135],[-17,39],[7,78],[-23,76],[0,30],[34,7],[-51,82],[-70,80],[-4,51],[-24,25],[-56,100],[-50,14],[-27,112],[-24,197],[-22,91],[-51,60],[-154,222],[-35,24],[-4,63],[13,86],[15,50],[-63,53],[-60,74],[-24,53],[-13,68],[14,77],[20,62],[9,82],[-16,45],[25,49],[62,38],[171,69],[98,43],[102,24],[108,34],[-13,50],[6,50],[-9,50],[-38,104],[-31,49],[-44,33],[-9,37],[8,94],[-27,37],[-48,13],[-22,35],[-61,27],[-1,21],[25,33],[56,30],[47,49],[34,66],[0,79],[-13,19],[-44,15],[8,56],[72,149],[2,47],[-25,73],[19,78],[4,83],[-34,62],[-10,58],[-42,52],[-32,81],[-40,79],[-9,73],[24,116],[55,19],[40,41],[0,42],[40,64],[79,29],[93,60],[40,-1],[39,12],[101,74],[27,35],[70,62],[12,48],[-22,36],[27,47],[26,0],[70,-29],[35,23],[81,22],[52,60],[42,-4],[-10,49],[65,52],[-15,49],[10,41],[-20,36],[34,29],[21,39],[65,49],[11,41],[24,4],[24,45],[63,2],[12,21],[46,7],[48,-9],[64,29],[7,26],[-20,24],[8,66],[48,24],[24,33],[28,-30],[28,9],[23,38],[49,47],[87,29],[46,60],[15,56],[30,37],[34,13],[57,45],[1,25],[-41,17],[-2,23],[23,25],[39,8],[47,29],[4,28],[-53,31],[-3,45],[34,8],[70,-2],[54,33],[9,34],[-29,50],[27,40],[54,25],[-31,20],[-14,36],[27,24],[-9,22],[46,42],[4,35],[33,20],[-11,36],[16,54],[26,13],[78,18],[82,3],[34,-7]],[[57036,52210],[95,-3],[22,7],[24,39],[-39,37],[10,63],[19,56],[21,28],[58,8],[63,33],[28,74],[28,-3],[27,-26],[59,13],[27,-42],[22,2],[19,53],[46,37],[64,15],[8,37],[-24,41],[18,29],[48,8],[44,-52],[25,7],[5,41],[28,20],[87,-26],[55,-30],[20,29],[-33,46],[15,29],[122,26],[30,38],[35,-10],[28,-28],[62,43],[-12,60],[43,25],[45,3],[38,38],[66,13],[29,30],[78,15],[29,26],[95,68],[45,-11],[-15,-38],[-41,-17],[-1,-70],[28,-29],[-2,-26],[46,3],[7,49],[41,11],[5,-26],[53,30],[-9,28],[26,20],[41,-11],[-7,36],[91,5],[89,58],[48,-30],[31,61],[42,-18],[38,0],[32,-40],[-12,-30],[23,-42],[-15,-42],[-10,-63],[30,1],[19,26],[16,50],[50,10],[43,-2],[32,-53],[26,-9],[42,45],[54,-42],[12,-50],[-13,-39],[44,-117],[30,-40],[46,-36],[36,-62],[-25,-52],[-60,-84],[3,-21],[38,-26],[39,5],[16,-33],[-14,-19],[-3,-50],[27,-17],[81,-12],[62,13],[57,-69],[120,-66],[43,-39],[52,-36],[38,-46],[-59,-44],[-42,-10],[-81,-33],[-62,-38],[-11,-62],[15,-98],[-1,-58],[58,-83],[-1,-56],[10,-32],[37,-51],[19,-60],[-20,-63],[-6,-134],[-21,-74],[2,-76],[43,-80],[-77,-153],[-7,-45],[22,-147],[-16,-82],[6,-52],[-7,-43],[-65,-99],[-3,-36],[13,-62],[3,-63],[-12,-69],[29,-75],[-32,-80],[-8,-144],[-2,-83],[13,-32],[74,-83],[183,-183],[64,-52],[22,-2],[3,-36],[953,-957],[111,-9],[29,-14],[39,-91],[33,-41],[66,-47],[25,-25],[102,-138],[121,-122],[54,-45],[81,-35],[43,-28],[109,-91],[47,-50],[52,-44],[69,-33],[75,11],[30,-4],[28,-144],[65,-118],[17,-78],[27,-45],[12,-54],[95,67],[71,37],[57,10],[26,-18],[35,-56],[23,-14],[96,36],[114,16],[47,-28]],[[62963,47240],[-116,-111],[-10,-47],[-44,-16],[-17,-19],[12,-49],[-15,-48],[55,-100],[32,-38],[-32,-27],[30,-49],[-9,-82],[27,-33],[-49,-66],[-34,-14],[-58,-7],[-27,-36],[6,-30],[-42,-10],[-56,-25],[-43,8],[-120,-68],[-44,-2],[13,-66],[23,-38],[-19,-40],[-37,-43],[-95,-5],[38,-63],[15,-41],[-57,-10],[-20,-14],[-52,-5],[-57,-49],[7,-52],[-2,-61],[-23,-54],[-6,-75],[-75,-35],[-106,-7],[-86,-33],[-35,-33],[-15,-39],[-59,-51],[-28,3],[-67,-15],[-30,-42],[-76,-5],[-68,12],[-30,-3]],[[61462,45507],[-49,-4],[-80,62],[-43,-32],[-60,-201],[26,-38],[-31,-23],[-43,2],[-39,-48],[-95,-37],[-22,11],[-11,38],[-22,25],[-37,6],[-34,-19],[-46,-65],[-33,-1],[-52,22],[-174,-58],[-46,-25],[-35,-5],[-72,29],[-41,7],[-19,31],[-68,20],[-61,-35],[-38,10],[-58,48],[-29,58],[-37,22],[-26,1],[-71,54],[-25,65],[6,41],[-56,31],[-30,-11],[-12,-27],[-37,-10],[-68,-44],[-78,18],[-37,-4],[-24,66],[-10,65],[-43,85],[-36,34],[-64,20],[-29,20],[-79,19],[-38,20],[-16,25],[-25,89],[-376,58],[-67,-4],[-25,-15],[-81,57],[-6,24],[-19,197],[-11,44],[7,46],[15,22],[-9,67],[-23,50],[-68,47],[-49,-9],[-26,-21],[-57,-90],[-25,-86],[-52,-32],[-30,-35],[-16,-65],[-5,-55],[1,-89],[-24,-59],[-14,-10],[-158,-29],[-87,-43],[-73,-48],[1,55],[-35,5],[-59,-28],[-76,16],[-32,-17],[-17,36],[-7,51],[-84,25],[-7,-52],[-41,-35],[-29,-4],[-93,21],[-55,3],[-134,32],[-57,-5],[-92,39],[-90,1],[-58,33],[-37,1],[-114,-19],[-62,-32],[-55,81],[-50,27],[-120,29],[-46,27],[-59,11],[-52,32],[-78,-3],[-54,38],[-40,-2],[-37,11],[-73,-30],[-106,-19],[-50,-19],[-48,-51],[-62,-49],[-20,-26],[-19,-72],[-12,-74],[11,-80],[-4,-28],[-27,-47],[-37,-31],[-104,-114],[-30,-64],[3,-40],[22,-83],[-4,-82],[12,-144],[-40,-85],[-24,-94]],[[17936,39123],[2,25],[-82,-17],[-50,-2],[-79,21],[-195,97],[-87,55],[-143,100],[-197,116],[-33,1],[-86,-14],[-25,21],[-83,181],[-28,10],[-125,-53],[-49,16],[-53,42],[-24,0],[-68,-22],[-62,6],[-27,-9],[-15,-45],[-38,9],[-64,39],[-74,9],[-27,18],[-59,58],[-37,2],[-57,22],[-62,-1],[-101,127],[-99,93],[-95,59],[-58,14],[-44,21]],[[15612,40122],[-48,20],[-10,40],[-2,56],[10,38],[62,121],[18,12],[45,-2],[-11,65],[73,39],[39,35],[34,10],[46,-22],[37,37],[77,37],[103,39],[40,79],[61,54],[-52,118],[44,27],[3,97],[-25,28],[10,23],[65,-6],[31,-47],[24,1],[51,73],[-10,45],[16,44],[330,-93],[49,24],[27,-1],[95,-57],[30,-8],[39,-28],[30,-101],[43,-9],[17,17],[32,71],[37,41],[29,3],[141,-21],[76,-66],[132,-41],[83,52],[58,-8],[94,28],[38,2],[67,-20],[37,-32],[29,-47],[29,-5],[79,31],[56,-10],[70,-32],[97,-17],[93,8],[138,48],[63,27],[51,33],[33,11],[49,-42],[71,-18],[101,-1],[64,-7],[37,-23],[16,-41],[13,-77],[42,-38],[82,-47],[93,-6],[63,11],[63,-1],[39,7],[125,46],[69,3],[69,-7],[123,-49],[37,4],[121,-15],[64,12],[34,23],[12,86],[21,18],[148,249],[-28,80],[114,42],[115,28],[115,-2],[73,-8],[106,9],[7,62],[-28,110],[-6,57],[41,122],[0,82],[-9,130],[-17,47],[23,58],[26,16],[107,26],[28,21],[34,63],[113,28],[97,-5],[97,37],[57,72],[45,24],[22,-41],[22,-69],[2,-87],[-24,-79],[-20,-116],[3,-62],[21,-84],[34,-61],[52,-55],[96,18],[97,39],[86,44],[120,30],[78,61],[42,6],[119,-51],[10,-62],[44,-23],[17,15],[41,-17],[80,-120],[1,-17],[113,17],[31,-10],[31,-61],[54,-54],[49,-8],[97,-2],[133,-15],[62,-22],[37,11],[46,-30],[79,-6],[98,7],[66,56],[94,39],[27,57],[68,63],[106,-60],[41,-69],[27,-4],[69,55],[47,17],[46,-11],[127,-69],[61,14],[62,-36],[26,5],[38,52],[68,-20],[53,-5],[26,-38],[89,-81],[77,10],[32,29],[23,43],[70,3],[8,48],[52,3],[79,25],[49,6],[52,35],[48,-28],[42,-12],[25,7],[31,45],[30,-6],[37,30],[60,1],[10,24],[60,5],[69,-45],[46,12],[49,65],[35,-32],[1,-23],[59,-68],[72,-25],[30,5],[35,-12],[52,-2],[27,-44],[36,-4],[37,-28],[20,-78],[1,-45],[20,-27],[39,-2],[20,21],[4,57],[12,24],[73,15],[109,-74],[98,45],[44,2],[23,18],[52,118],[31,58],[-16,106],[31,78],[9,61],[-25,58],[22,77],[3,63],[44,42],[19,55],[15,17],[77,41],[104,31],[72,99],[44,112]],[[26423,42269],[31,-17],[47,-55]],[[26501,42197],[-12,-42],[-6,-119],[17,-75],[57,-128],[-4,-35],[-23,-23],[-85,-32],[-55,-59],[-20,-52],[-9,-98],[25,-88],[26,-28],[40,-10],[45,-84],[-45,-41],[3,-35],[-80,1],[-72,-48],[-65,-11],[-42,-30],[-28,-58],[-29,-87],[-24,-52],[13,-47],[0,-54],[-36,-39],[-22,-63],[-31,-65],[-8,-43],[-67,-70],[-57,-26],[-22,-27],[-21,-65],[-52,-34],[-3,-25],[-48,-30],[-50,-75],[-33,-123],[0,-64],[26,-82],[62,-36],[10,-39],[50,-102],[36,-23],[71,-113],[19,-19],[13,-81],[-20,-163],[-44,-38],[-62,-126],[-48,-38],[-158,-74],[-41,-26],[-27,-37],[-135,-152],[-58,-120],[-20,-85],[12,-74]],[[25364,38685],[-44,18],[-41,-63],[-32,-24],[-63,-18],[-88,11],[-59,51],[-17,40],[-15,63],[-45,65],[-57,23],[-150,35],[-106,38],[-44,36],[-53,55],[-73,65],[-101,70],[-8,40],[12,42],[-12,22],[-90,59],[-90,46],[-100,24],[-128,0],[-48,-35],[-15,-55],[-55,-78],[-66,-63],[-47,-9],[-166,-117],[-77,-27],[-84,-16],[-284,-13],[-84,-10],[-51,1],[-72,-12],[-53,-58],[-8,-54],[-52,-23],[-20,-28],[-6,-36],[-27,-47],[-32,-21],[-91,-41],[-57,-91],[-29,-31],[-1,-49],[-48,41],[-41,48],[-87,-48],[29,-27],[-6,-55],[17,-39],[-22,-34],[13,-33],[32,-13],[28,-32],[44,3],[24,-19],[32,-66],[4,-47],[-11,-91],[-38,-17],[-71,-49],[-24,-7],[-18,-30],[15,-69],[41,-59],[48,-16],[5,-50],[-70,-97],[11,-30],[33,-32],[-13,-24],[33,-33],[13,-64],[-25,-14],[-42,5],[-20,-22],[12,-25],[-17,-77],[-30,-43],[4,-22],[51,-8],[5,-50],[-21,-47],[-50,-27],[1,-22],[45,-49],[15,-138],[19,-23],[72,20]],[[22527,36939],[-46,-34],[-102,-38],[-84,-23],[-40,-17],[-67,-43],[-37,-33],[-35,-57],[-88,-23],[-103,-5],[-37,-18],[-55,-51],[-89,-63],[-36,-9],[-68,14],[-61,45],[-35,15],[-12,52],[-42,18],[-58,-18],[-69,-46],[-42,-40],[-111,-91],[-52,-91],[-70,-6],[-101,-19],[-84,-40],[-75,7],[-117,59],[-103,117],[-62,39],[-19,49],[-3,109],[25,70],[-2,35],[23,26],[9,50],[-41,53],[0,39],[13,32],[-43,95],[-105,131],[-20,15],[-67,20],[-40,41],[-3,57],[13,49],[28,54],[-4,33],[51,100],[30,70],[39,26],[-1,56],[25,108],[-14,50],[-83,131],[-13,26],[-41,132],[-8,63],[-56,49],[-21,38],[-54,20],[-13,-20],[-48,-28],[-46,45],[-41,-16],[-48,8],[-59,30],[-53,44],[-67,77],[-59,123],[-42,66],[-35,10],[-111,-62],[-37,-4],[-39,26],[-42,-8],[-76,-105],[-18,-10],[-75,-2],[-43,6],[-65,21],[-82,43],[-40,31],[-80,112],[-2,131],[-57,155],[-3,100],[5,46],[-102,6],[-49,-8],[-88,-41],[-120,-79],[-38,-4],[-41,11],[-86,71],[-24,-2],[-31,-88],[-27,-17],[-54,-5],[-113,35],[-97,44],[-82,14]],[[72848,25147],[61,55],[46,73],[16,116],[-3,56],[-16,50],[15,54],[71,128],[117,175],[59,76],[48,73],[55,58],[31,51],[42,257],[25,35],[4,56],[36,21],[35,80],[75,106],[-5,49],[6,96],[16,35],[51,36],[27,45],[15,78],[28,44],[38,21],[-22,24],[23,25],[13,62],[26,35],[-9,47],[37,57],[-1,19],[37,50],[28,-1],[19,27],[-2,37],[50,38],[3,49],[14,41],[-14,20],[21,26],[33,4],[31,34],[-4,41],[-31,52],[33,108],[38,18],[-4,36],[20,39],[-27,16],[5,42],[22,27],[-25,21],[17,43],[-36,15],[15,56],[-19,29],[20,39],[41,53],[7,50],[-32,55],[12,62],[-8,31],[21,57],[-20,42],[21,59],[4,42],[-28,56],[16,46],[-19,23],[-7,46],[-18,16],[-6,52],[-14,25],[-43,19],[-84,15],[-61,-22],[-40,-32],[-43,-14],[-70,-8],[-54,-41],[-45,27],[-28,-8],[-38,35],[-59,-5],[-40,-38],[-46,-2],[-31,-21],[-62,-2],[-35,-16],[-80,-70],[-37,-16],[-48,-3],[-179,33],[-14,-41],[-25,-4],[-64,22],[-18,54],[-45,29],[-57,14],[14,46],[85,83],[40,86],[33,31],[-8,32],[28,22],[29,-11],[50,39],[51,14],[26,18],[20,45],[-10,31],[-45,57],[8,34],[38,16],[-17,57],[21,39],[-28,16],[13,48],[-20,22],[16,42],[-5,22],[-48,35],[1,62],[28,26],[0,41],[13,27],[36,5],[47,42],[71,22],[26,29],[66,97],[47,48],[48,12],[37,26],[31,73],[-9,105],[27,67],[45,28],[-6,57],[20,49],[-25,31],[8,42],[23,29],[97,42],[7,13],[-11,65],[34,81],[-7,46],[-27,41],[1,66],[-51,68],[14,42],[-22,33],[-49,38],[9,65],[-11,33],[-63,44],[-48,117],[-25,26],[-7,28],[23,37],[-6,29],[-45,46],[-27,90],[-20,41],[-54,73],[11,46],[41,63],[-38,34],[-17,29],[1,46],[41,12],[12,42],[25,23],[-10,35],[88,43],[39,40],[0,22],[29,26],[4,37],[29,15],[2,64],[20,51],[35,28],[36,60],[1,30],[32,17],[-6,27],[34,50],[-16,35],[32,49],[-34,10],[9,51],[-10,60],[-25,48],[-7,66],[40,17],[8,56],[34,27],[-32,64],[-22,26],[21,19],[5,44],[19,6],[9,46],[-9,27],[18,46],[-2,54],[-48,45],[-25,10],[4,44],[-17,27],[16,67],[-25,37],[10,81],[-46,33],[1,65],[-29,27],[-2,46],[-30,31],[35,95],[-70,17],[-20,55],[42,119],[-27,41],[5,24],[55,12],[28,53],[-41,63],[4,38],[-10,53],[19,94],[-31,38],[27,33],[-24,43],[15,77],[-22,16],[10,59],[44,32],[9,22],[63,56],[-1,60],[26,21],[22,140],[-1,58],[-23,48],[18,46],[-25,27],[-9,38],[-27,27],[-10,39],[-17,125],[13,37],[-2,34],[-35,17],[-7,76],[-29,29],[-26,50],[-57,41],[-74,91],[-27,52],[-60,40],[38,8],[6,41],[-24,40],[-31,18],[-5,26],[-27,13],[0,57],[-82,45],[-43,5],[-26,-18],[-15,25],[-44,-12],[-9,23],[-32,13],[-18,30],[-34,-8],[-49,40],[8,27],[-20,23],[6,36],[-34,6],[-14,28],[-26,6],[-15,93],[-28,15],[-5,37],[-42,58],[-49,22],[-49,-15],[-22,41],[-54,2],[-20,19],[-25,-33],[-26,15],[-33,-38],[-34,25],[-56,8],[2,36],[-44,26],[-15,50],[-33,6],[-50,-22],[-27,44],[-41,27],[143,109],[-75,177],[0,14],[98,68],[-27,181],[-39,-2],[-39,58],[-128,210],[-13,17],[29,121],[43,219],[15,56],[23,44],[65,70],[37,67],[12,71],[44,57],[106,64],[86,71],[70,49],[45,52],[94,38],[26,22],[30,61],[69,60],[24,66],[-5,67],[-22,122],[-95,89],[-82,84],[-37,61],[-36,102],[-59,71],[-32,73],[-75,71],[-64,71],[-56,86],[31,11],[101,-54],[78,-29],[64,-2],[25,15],[17,45],[-28,67],[31,67],[1,39],[-17,38],[-10,70],[29,32],[117,-8],[94,-36],[38,27],[39,42],[57,-26],[9,-29],[-9,-80],[10,-60],[37,-35],[98,30],[53,-12],[46,-52],[20,1],[48,34],[64,63],[96,64],[57,24],[66,6],[51,-4],[50,-22],[23,-22],[72,-93],[10,-48],[1,-98],[22,-59],[46,-23],[150,-22],[70,-3],[86,6],[67,-9],[141,-72]],[[74314,39601],[-3,-30],[-44,-76],[1,-34],[39,-42],[116,-60],[19,-49],[3,-121],[12,-37],[28,-29],[87,-42],[83,-24],[27,-20],[9,-36],[-25,-106],[-40,-32],[-42,-1],[-41,-25],[-24,-86],[-37,-45],[-69,-36],[-12,-28],[4,-69],[26,-120],[-20,-83],[-37,-43],[0,-44],[13,-37],[53,-58],[73,-42],[76,-27],[30,-23],[73,-86],[54,-19],[48,6],[60,-6],[32,-16],[92,-70],[96,-26],[76,-40],[91,-21],[72,6],[66,-14],[84,-66],[58,-23],[85,-13],[28,-36],[43,-10],[87,43],[105,11],[60,27],[29,78],[56,57],[58,19],[42,3],[96,-4],[59,2],[71,17],[79,-2],[121,18],[90,-12],[49,11],[39,30],[31,91],[15,22],[88,52],[39,55],[111,118],[55,79],[11,39],[-7,72],[-34,114],[2,51],[107,201],[62,8],[41,-17],[84,4],[50,-5],[72,-55],[81,-18],[38,-30],[23,-83],[58,-40],[17,-31],[8,-58],[41,-14],[48,40],[20,5],[63,-27],[31,-54],[30,-27],[40,-4],[70,9],[18,10],[61,66],[61,31],[42,48],[45,9],[31,-26],[53,-20],[100,-14],[48,5],[55,22],[27,33],[23,64],[27,2],[54,-45],[72,5],[69,25],[73,15],[88,-2],[32,20],[12,115],[40,63],[41,37],[101,52],[40,34],[69,78],[109,72],[22,32],[30,68],[25,36],[53,35],[41,-4],[94,-67],[40,-50],[33,-10],[61,49],[92,24]],[[79895,39269],[44,-39],[63,-31],[30,-38],[24,-71],[40,-22],[190,-60],[72,-52],[24,-55],[-13,-78],[-17,-64],[-1,-31],[31,-51],[50,-35],[135,-40],[88,4],[7,-17],[-38,-30],[-16,-72],[14,-84],[20,-49],[-22,-23],[-81,-33],[-75,-111],[-82,-59],[-75,-71],[-30,-40],[-72,6],[-47,-7],[133,-95],[84,-38],[153,-80],[95,-27],[90,-44],[56,1],[96,14],[88,51],[56,50],[78,34],[67,18],[65,9],[84,-3],[112,31],[63,-45],[56,-75],[-5,-34],[-39,-67],[-4,-54],[36,-15],[97,9],[63,-29],[32,-29],[5,-59],[-43,-49],[-111,-28],[-27,-15],[-49,-70],[-10,-64],[9,-41],[39,-79],[107,-149],[54,-64],[48,-85],[0,-1640],[1,-288],[76,-27],[27,-1],[89,28],[153,16],[219,9],[205,-10],[250,-26],[99,8],[52,-5],[168,-40],[305,-124],[103,-64],[108,-82],[99,-56],[127,-145],[149,-222],[52,-104],[28,-75],[78,-318],[27,-236],[-4,-127],[-33,-186],[-52,-204],[-36,-70],[-56,-86],[-153,-154],[-155,-118],[-128,-109],[-45,-29],[-439,-391],[-89,-113],[-91,-96],[-80,-59],[-39,-57],[-74,-80],[-40,-27],[-70,-33],[-74,-91],[-87,-66],[-93,-51],[-114,-95],[-83,26],[-20,-39],[37,-39],[204,-44],[104,-12],[87,21],[26,15],[67,17],[122,2],[83,15],[48,-1],[46,-27],[-12,-46],[16,-49],[21,-6],[122,60],[68,57],[60,-9],[53,37],[24,3],[70,35],[72,61],[56,-2],[84,-100],[21,-82],[22,-12],[59,-5],[18,-27],[72,11],[33,25],[53,81],[37,29],[26,48],[52,4],[11,-58],[-54,-116],[3,-34],[64,-35],[85,-58],[71,-14],[51,5],[20,-20],[-16,-72],[13,-39],[-25,-45],[-128,-49],[-124,-70],[-5,-26],[35,-45],[64,-24],[-3,-27],[-57,-21],[-108,-5],[-82,20],[-31,15],[-32,-30],[-23,-44],[-9,-57],[-30,-75],[-3,-28],[21,-45],[56,-32],[130,-31],[10,-26],[-31,-39],[14,-47],[49,-18],[-7,-60],[11,-12],[60,-7],[14,-55],[-24,-35],[-56,-23],[-50,8],[-124,64],[-45,8],[-120,5],[-28,-20],[-25,-62],[4,-38],[37,-45],[28,-17],[97,-14],[32,-26],[5,-47],[-12,-50],[-33,-47],[-86,-92],[-7,-52],[36,-16],[60,2],[66,14],[21,-3],[64,-64],[-1,-61],[25,-26],[133,59],[33,-14],[31,-60],[25,2],[1,45],[-20,35],[7,29],[29,0],[13,-48],[32,-10],[14,34],[-4,34],[17,53],[54,46],[95,47],[96,-9],[85,12],[37,20],[-16,42],[-73,14],[20,24],[78,-1],[80,-22],[57,-2],[14,-32],[-62,-71],[1,-50],[20,-12],[46,-1],[50,21],[24,-22],[-1,-31],[-44,-47],[-8,-46],[17,-77],[0,-46],[12,-87],[-20,-67],[20,-27],[74,10],[32,-31],[34,-6],[43,-44],[57,4],[19,-14],[16,-74],[29,-31]],[[85022,28886],[12,-38],[-5,-40],[-80,-46],[-17,-38],[2,-80],[33,-82],[9,-54],[-11,-60],[-49,-64],[-13,-35],[0,-84],[-6,-114],[-17,-42],[-29,-29],[-58,-35],[-45,-16],[-61,-48],[-55,-27],[-60,-21],[-72,-43],[-18,-30],[16,-87],[61,-83],[16,-87],[16,-29],[48,-43],[129,-60],[20,-20],[15,-45],[-11,-48],[-69,-50],[-34,-12],[-92,9],[-55,-17],[-45,-39],[-37,-81],[-24,-76],[-50,-109],[-35,-29],[-38,-46],[-57,-36],[-52,-19],[-35,0],[-26,-24],[-55,-108],[-51,-56],[-146,-100],[-91,-69],[-80,-50],[-48,9],[-40,35],[-19,-4],[-43,-51],[-66,-12],[-49,2],[-26,15],[-46,82],[-55,5],[-92,-59],[-50,-11],[-68,11],[-86,-16],[-92,-40],[-76,-21],[-56,-23],[-36,-5],[-41,17],[-18,24],[25,77],[-7,47],[-53,26],[-37,-2],[-53,-21],[-101,-51],[-78,-9],[-45,12],[-18,57],[31,68],[11,109],[21,36],[98,60],[21,25],[-19,65],[-30,32],[-44,9],[-34,-7],[-52,-38],[-53,-17],[-124,8],[-36,-8],[-162,-70],[-209,-72],[-31,-4],[-109,13],[-113,-15],[-43,8],[-31,33],[-22,51],[-3,35],[-19,28],[-72,21],[-168,32],[-106,-3],[-50,-27],[-72,-91],[-16,-10],[-97,-27],[-91,-35],[-57,-37],[-55,-26],[-81,-14],[-68,-37],[-45,-44],[-62,-40],[-37,-36],[-33,-55],[-65,-71],[-89,-53],[-14,-17],[-29,-92],[-36,-80],[-22,-27],[-64,-21],[-62,29],[-34,44],[-68,17],[-92,-6],[-55,-14],[-71,-33],[-135,-79],[-83,-62],[-140,-69],[-122,-27],[-143,-10],[-56,-29],[-55,-53],[-35,-50],[-82,-51],[-114,-60],[-110,-91],[-61,-84],[-39,-28],[-224,-63],[-69,3],[-87,25],[-192,-13],[-51,-24],[-29,-127],[-23,-29],[-79,-62],[-184,-90],[-183,-51],[-85,-10],[-149,-2],[-110,18],[-106,33],[-74,13],[-110,-3],[-113,20],[-116,45],[-42,11],[-160,56],[-285,128],[-161,22],[-73,-29],[-86,-148],[-39,-35],[-120,-54],[-131,-87],[-115,-100],[-62,-92],[7,-34],[33,-24],[11,-48],[-11,-54],[-61,-79],[-42,-97],[-44,-49],[-55,-25],[-123,-35],[-87,-37],[-90,-55],[-79,9],[-42,-8],[-117,-88],[-44,-20],[-120,-12],[-116,-35],[-237,-41],[-102,-5],[-64,9],[-110,28],[-69,12],[-42,-1],[-112,-18],[-150,-16],[-78,-12],[-55,-29],[-51,-77],[-32,-21],[-52,-17],[-84,-15],[-71,-6],[-101,-18],[-28,3],[-29,26],[-17,39],[4,63],[-15,37],[-52,45],[-61,23],[-97,51],[-27,34],[-3,26],[16,37],[95,68],[54,29],[114,30],[115,-19],[45,-1],[56,24],[82,63],[82,100],[16,33],[-8,52],[-44,25],[-81,-4],[-33,17],[-85,80],[-29,33],[-26,50],[3,37],[39,73],[49,48],[0,45],[-22,37],[-25,63]],[[33018,45735],[-3,52],[12,42],[19,177],[-1,51],[-12,49],[-34,9],[-80,-20]],[[24886,47163],[-1,44],[-46,2066],[-63,2857]],[[24776,52130],[123,-69],[33,-44],[14,-95],[18,-50],[58,-92],[47,-61],[46,-25],[125,-3],[110,-21],[69,-5],[47,14],[119,88],[34,3],[113,-57],[53,-49],[78,-59],[41,-14],[83,12],[38,-16],[76,-91],[54,-39],[58,-18],[67,-32],[17,-25],[28,-172],[20,-19],[60,-7],[170,-3],[78,-14],[81,-61],[81,-14],[42,20],[28,43],[18,59],[22,20],[84,15],[119,-11],[39,-13],[26,-23],[2,-24],[-35,-76],[22,-25],[106,4],[40,-35],[32,-63],[29,-38],[58,-45],[67,-29],[67,-4],[29,20],[78,185],[46,62],[34,60],[7,31],[-6,55],[-31,124],[-2,43],[8,83],[-1,82],[11,68],[30,52],[27,28],[134,62],[123,80],[39,11],[89,-12],[90,8],[45,-23],[54,-11],[88,3],[64,34],[54,0],[54,13],[90,70],[41,5],[35,20],[64,21],[50,38],[69,66],[61,19],[25,28],[68,22],[25,34],[33,102],[25,44],[91,37],[44,44],[147,31],[33,-15],[17,-30],[-5,-58],[30,-7],[35,29],[41,-13],[-13,-35],[-2,-93],[16,-18],[65,-14],[36,-23],[0,-66],[24,-27],[38,15],[46,-56],[-6,-36],[23,-58],[46,-39],[22,-41],[-1,-70],[31,-62],[95,-65],[34,-41],[-2,-64],[38,-37],[55,-119],[10,-50],[-3,-56],[-24,-118],[0,-31],[20,-86],[-3,-70],[10,-98],[25,-29],[65,2],[21,-13],[-36,-45],[-33,-8],[-37,-59],[19,-24],[28,27],[22,-27],[-41,-70],[-40,-11],[8,-34],[-21,-28],[-33,12],[-69,-32],[-25,-44],[7,-25],[33,-36],[34,-17],[17,19],[102,14],[77,-36],[60,0],[106,-39],[257,-25],[95,-3],[85,-8],[161,-30],[63,-18],[81,-13],[88,-5],[81,17],[99,6],[-44,58],[46,35],[48,-48],[18,24],[46,14],[68,-28],[82,0],[60,30],[19,27],[30,8],[36,-8],[304,-220],[103,-55],[35,-11],[46,-30],[57,-53],[35,-53],[36,-100],[20,-24],[161,-7],[225,18],[47,21],[27,77],[21,12],[73,-23],[91,-46],[76,-54],[110,-91],[94,-101],[54,-79],[32,-31],[52,-34],[51,-10],[78,2],[35,17],[48,50],[95,133],[48,24],[30,-26],[47,-75],[69,-61],[91,-36],[92,48],[204,47],[108,43],[70,53],[74,6],[88,28],[34,35],[79,96]],[[34967,49974],[36,-17],[31,-131],[22,-134],[30,-74],[36,-60],[32,-74],[-14,-258],[20,-40],[65,-51],[61,-29],[43,-7],[35,-30],[23,-2],[79,24],[73,30],[41,2],[30,27],[38,-51],[-16,-63],[6,-40],[41,-60],[-7,-138],[16,-96],[-22,-32],[-40,-31],[7,-39],[50,-21],[35,-62],[39,-26],[81,9],[36,-5],[29,-26],[18,-61],[18,-28],[7,-51],[-36,-45],[-91,-24],[-33,-16],[-70,-121],[-1,-24],[24,-36],[63,-31],[78,-14],[35,-32],[-27,-48],[-58,-56],[30,-57],[9,-39],[101,-14],[27,-28],[5,-57],[-10,-26],[-37,-26],[-64,-26],[-65,-79],[-52,-51],[-53,-141],[-84,-127],[-28,-84],[-142,-146],[-61,-80],[-13,-26],[0,-68],[-11,-40],[-54,-92],[-26,-85],[-54,-146],[-80,-74],[-91,-96],[-20,-39],[-14,-78],[-1,-116]],[[17866,48031],[9,38],[-22,46],[-4,72],[-32,53],[-57,52],[-35,53],[-28,102],[-29,73],[-13,103],[35,15],[20,25],[50,-5],[60,20],[122,146],[86,-11],[134,-7],[52,-11],[177,-1],[28,11],[70,66],[84,50],[83,23],[141,129],[89,23],[43,26],[67,70],[58,150],[15,16],[62,20],[31,-3],[44,-26],[39,-58],[41,0],[70,38],[41,41],[11,80],[24,29],[70,12],[51,21],[47,38],[0,53],[-31,80],[20,102],[-47,56],[13,62],[45,85],[-4,65],[-43,59],[-78,26],[-39,57],[-47,39],[-86,19],[-164,54],[-15,22],[-32,84],[-36,25],[-29,42],[-54,13],[-44,-21],[-61,-16],[-154,-109],[-70,-73],[-42,-20],[-215,-43],[-88,-6],[-49,5],[-119,54],[-135,-2],[-70,-9],[-57,-35],[-43,-70],[-19,-95],[9,-115],[-24,-67],[-92,-33],[-30,-18],[-90,-74],[-72,-98],[-17,-5],[-36,26],[-20,32],[-15,58],[5,46],[32,91],[-5,28],[-26,31],[-91,46],[-60,43],[-32,89],[-59,70],[-110,165],[-24,65],[-17,87],[1,27],[34,108],[65,103],[58,75],[20,75],[1,39],[-12,83],[0,1649]],[[17200,52679],[32,3],[-4,35],[23,19],[12,47],[-9,29],[41,32],[-4,37],[33,18],[-6,44],[30,39],[35,15],[21,32],[52,-20],[29,12],[0,90],[11,48],[23,30],[59,44],[23,100],[56,74],[27,7],[84,-7],[59,8],[115,52],[67,43],[57,53],[71,41],[51,61],[27,15],[42,-1],[46,-18],[104,-100],[44,-61],[31,-15],[31,9],[52,111],[25,23],[87,32],[42,-2],[50,-16],[47,-29],[27,-5],[67,24],[97,1],[85,35],[41,-40],[32,-11],[61,46],[22,-1],[29,-35],[87,13],[46,21],[36,47],[22,14],[78,-12],[27,12],[17,105],[39,61],[30,12],[118,-3],[62,48],[48,11],[55,62],[15,69],[40,51],[47,11],[36,28],[36,3],[39,34],[63,5],[109,44],[25,20],[15,33],[14,70],[49,26],[53,60],[37,33],[27,39],[5,52],[-13,75],[3,51],[70,98],[-23,52],[14,39],[37,34],[55,29],[205,73],[68,-29],[54,-61],[54,-37],[59,-17],[59,19],[19,18],[4,37],[-52,86],[-15,61],[16,78],[98,189],[16,45],[108,76],[30,12],[65,8],[11,12],[134,-22],[59,28],[23,42],[5,136],[35,72],[35,34],[42,19],[43,-10],[41,-70],[72,-39],[42,5],[93,73],[36,5],[23,-25],[38,-162],[14,-21],[80,-51],[54,-15],[84,-13],[110,-28],[178,-67],[73,-36],[71,9],[29,-12],[43,-52],[65,-24],[42,2],[93,43],[46,39],[10,28],[18,121],[54,34],[36,5],[46,-8],[63,-36],[89,-83],[100,-142],[50,-78],[62,-60],[33,-15],[26,5]],[[23784,55175],[-16,-49],[-47,-51],[-54,-47],[-30,-38],[-59,-46],[-63,-20],[-44,-45],[9,-43],[0,-89],[52,-120],[6,-55],[-10,-81],[28,-118],[21,-44],[7,-103],[30,-80],[96,-93],[115,-63],[93,-71],[62,-83],[-3,-27],[-29,-52],[57,-49],[30,-41],[72,-46],[32,-43],[28,-8],[61,11],[59,32],[140,7],[68,-41],[60,-21],[53,-58],[38,-9],[24,-30],[69,9],[41,-51],[55,-6],[40,-34],[15,-50],[-21,-110],[-29,-46],[-53,-42],[-47,-13],[-31,-34],[-27,-88],[-52,-67],[-5,-42],[12,-16],[59,-30],[11,-27],[-12,-85],[-37,-38],[-13,-52],[11,-52],[58,-68],[45,-80],[2,-93],[22,-94],[1,-78],[-8,-44]],[[24884,45650],[-65,37],[-38,-51],[-114,-36],[-17,-29],[-53,-41],[-67,-10],[-52,-21],[-11,-116],[-16,-61],[-32,-77],[12,-81],[-9,-38],[-35,-23],[-57,-20],[-23,4],[-82,44],[-38,35],[-52,125],[-46,68],[-44,36],[-80,8],[-58,-4],[-68,65],[-43,33],[-34,47],[-23,52],[-65,11],[-39,49],[-9,65],[-42,8],[-93,-21],[-83,4],[-58,-13],[-114,21],[-46,-34],[-49,24],[-2,65],[-16,4],[-47,-31],[-47,-42],[-45,-3],[-34,-19],[-39,-2],[-55,32],[-59,71],[-31,14],[-23,28],[-50,25],[-99,26],[-68,-27],[-25,28],[-91,-34],[-80,-10],[-64,-14],[-27,11],[-31,35],[-35,22],[-30,76],[-31,23],[-21,42],[-66,20],[-69,34],[-45,16],[-46,-13],[-22,13],[-10,35],[22,45],[61,42],[13,41],[-22,23],[18,81],[-69,-16],[-18,5],[-35,53],[12,79],[27,23],[9,32],[-13,82],[6,40],[36,97],[78,73],[-34,27],[-23,44],[-60,6],[-11,36],[-44,23],[-9,24],[14,52],[-32,-3],[-16,22],[-6,68],[-66,-1],[-32,15],[-14,-47],[-52,62],[-2,53],[-31,28],[-44,11],[-43,-1],[-27,19],[-43,5],[14,37],[-41,13],[-2,-39],[-39,29],[-41,13],[-3,44],[-29,11],[-40,-37],[-6,66],[-30,-23],[-48,-17],[0,69],[-25,14],[-21,-26],[-90,44],[-37,-15],[-51,24],[-65,-2],[3,56],[-59,-19],[-86,-63],[-7,-21],[22,-30],[-30,-16],[14,-26],[40,-7],[-9,-48],[-43,2],[-25,-28],[-30,11],[-10,-29],[75,-23],[-17,-22],[-48,24],[-26,-30],[-26,44],[-40,-4],[-24,26],[30,35],[-23,16],[-26,-10],[-7,-39],[-20,-27],[-22,1],[-22,40],[-18,-7],[-56,-96],[-25,-9],[-11,39],[-22,8],[-120,-15],[-40,-37],[-36,5],[-44,21],[-84,9],[-112,-25],[-31,41],[-108,-27],[-14,26],[39,32],[-9,16],[-56,0],[-37,-23],[-21,-64],[-43,31],[20,73],[-77,11],[-15,27],[-83,33],[14,40],[-22,58],[-33,19],[-28,31],[-42,1],[-26,15],[-38,-4],[-14,43],[-27,-20],[-12,-68],[-32,-15],[-29,24],[-42,62],[-31,7],[-16,34],[-41,42],[-24,67],[-31,13],[-43,-33],[-74,12],[-16,26],[-10,76],[15,32],[74,11],[39,24],[7,32],[-36,50],[2,96],[-7,60],[-45,-8],[-52,-75],[-42,-45],[-81,-62],[-74,-25],[-43,-28],[-27,-5],[-74,18],[-97,-4],[-42,8],[-21,27],[-49,30],[-44,9],[-77,-36],[-77,10],[-98,-38],[-32,7],[-28,29],[23,17],[1,72],[-42,30]],[[25364,38685],[11,-71],[-3,-59],[-14,-61],[49,-71],[20,-39],[2,-53],[-2,-191],[-7,-39],[-43,-100],[-5,-244],[15,-387],[-5,-73],[-24,-107],[-106,-78],[-71,-42],[-22,-35],[-30,-88],[15,-47],[31,-49],[0,-36],[-16,-30],[-59,-71],[-4,-28],[55,-128],[31,-116],[-13,-35],[54,-86],[6,-134],[-7,-14],[0,-68],[-34,-45],[-16,-39],[13,-40],[164,-194],[25,-50],[-22,-211],[5,-29],[53,-87],[57,-83],[31,-30],[76,-40],[30,-23],[-1,-35],[-34,-68],[26,-54],[-12,-79],[-38,-29],[-7,-59],[26,-35],[-43,-101],[13,-44],[-34,-42],[-5,-21],[-72,-92],[1,-95],[-45,-52],[44,-77]],[[25423,34351],[-32,-58],[-33,-25],[-138,-70],[-69,-24],[-35,27],[-92,-6],[-93,8],[-12,30],[-60,48],[2,27],[-50,27],[-161,26],[-63,21],[-35,27],[-25,63],[-52,74],[-38,38],[-70,53],[-74,42],[-17,21],[-68,-27],[-116,-21],[-116,-7],[-57,8],[-68,-2],[-47,12],[-96,-6],[-18,-20],[-17,-64],[37,-122],[9,-102],[-18,-50],[-35,-27],[-38,21],[-62,8],[-104,-21],[-54,-21],[-37,5],[-39,70],[-49,-13],[-108,13],[-61,-31],[-47,-42],[-36,-11],[-20,10],[-44,61],[-70,-7],[-46,20],[-34,67],[-32,20],[-65,6],[-60,19],[-103,100],[9,67],[-4,33],[-76,-17],[-22,-28],[-58,-3],[-37,10],[-31,-10],[-60,2],[-46,79],[-32,34],[-47,-20],[-38,0],[-29,36],[1,40],[23,64],[3,65],[-12,31],[-80,47],[-71,-2],[-41,-35],[-27,1],[-61,44],[-8,42],[-37,69],[-42,62],[-54,25],[-50,-19],[-29,-56],[-32,-29],[-19,24],[20,50],[-22,47],[-8,64],[-57,113],[-2,33],[52,68]],[[21533,35477],[12,27],[11,70],[0,97],[-12,67],[25,42],[67,-1],[81,-15],[54,-3],[56,-12],[21,10],[14,43],[-40,7],[13,31],[-25,30],[-10,65],[-42,17],[-12,44],[20,24],[77,13],[5,43],[-70,41],[-23,46],[10,69],[-9,27],[34,29],[34,-21],[79,-14],[51,24],[73,-19],[26,-43],[70,-8],[12,15],[2,52],[21,11],[48,-19],[20,28],[32,10],[-6,-53],[41,9],[47,-22],[30,39],[3,39],[16,23],[14,57],[31,14],[28,32],[33,18],[-33,30],[34,12],[25,47],[-13,92],[4,60],[-12,19],[-61,7],[-22,26],[32,29],[11,50],[65,73],[2,34]],[[25922,32354],[-81,-29],[-116,-26],[-85,-29],[-47,-71],[-30,-27],[-64,-29],[-140,-32],[-40,-38],[-43,-67],[-31,-86],[-73,-143],[-60,-67],[-48,-25],[-114,-43],[-100,-51],[-80,-54],[-86,-72],[-40,-26],[-129,-44],[-93,-1],[-55,-32],[-118,-111],[-74,-74],[-127,-41],[-55,-25],[-28,11],[-20,96],[-17,38],[-61,57],[-113,63],[-61,28],[-116,36],[-24,39],[2,54],[-16,25],[-75,50],[-57,27],[-28,23],[-109,12],[-93,-10],[-120,-35],[-27,8],[-28,45],[-29,79],[-69,309],[-33,69],[-39,19],[-78,-3],[-63,-40],[-53,-59],[-54,-50],[-76,-37],[-12,-25],[-55,-12],[-55,-39],[-61,-64],[-26,-49],[-52,-41],[-57,-90],[-56,-35],[-24,-25],[-48,-106],[-20,-90],[-25,-66],[-32,-13],[-64,67],[-50,62],[-58,33],[-88,14],[-104,-10],[-44,1],[-115,17],[-59,42],[-32,71],[-40,36],[-83,9],[-68,-24],[-94,-16],[-141,-13],[-8,-103],[-16,-54],[-30,-41],[-63,-60],[-21,-70],[-64,-45],[-49,-18],[-148,-27],[-109,-46],[-43,-33],[-51,-65],[-55,-58],[-73,-25],[-125,22],[-92,37],[-32,-12],[-33,-98],[-64,-57],[-95,-18],[-45,-24],[-34,-4],[-44,32],[-33,7],[-55,-24],[-80,-9],[7,-37],[33,-50],[25,-54],[-6,-39],[-28,-67],[-36,-146],[-56,-98],[2,-30],[-20,-61],[-2,-39],[14,-52],[34,-88],[-6,-64],[-16,-41],[-53,-90],[-64,-49],[-84,-32],[-46,-40],[-43,-54],[-59,-113],[-23,-32],[-52,-48],[-16,-40],[43,-105],[8,-55],[-13,-32],[-80,-86],[-39,-34],[-28,-42],[-16,-58],[-41,-79],[3,-75],[24,-103],[15,-43],[55,-12],[33,3],[43,-12],[24,-79],[19,-28],[36,-27],[58,4],[40,18],[26,-17],[29,-43],[51,-34],[157,-34],[34,-11],[97,-47],[46,0],[83,13],[68,-8],[53,-19],[37,-31],[12,-35],[7,-124],[34,-79],[33,-46],[50,-12],[45,27],[58,21],[57,4],[197,-31],[62,-23],[80,4],[29,22],[24,57],[21,20],[98,49],[64,19],[53,-25],[24,6],[69,-24]],[[20870,28196],[-47,-4],[-109,-47],[-48,-63],[-38,-10],[-26,-40],[0,-47],[-27,-29],[-90,7],[-14,-9],[-17,-58],[-44,-34],[-35,-65],[-17,-68],[1,-51],[-60,-71],[-8,-39],[-63,-40],[-12,-21],[8,-59],[28,-41],[29,-12],[35,8],[36,-70],[-7,-28],[-61,-62],[-8,-23],[-35,-5],[1,-35],[-45,-15],[-4,-51],[-38,-76],[19,-42],[-19,-116],[1,-77],[21,-15],[52,-10],[12,-30],[-49,-35],[-35,-44],[-23,-66],[-57,14],[-16,-21],[6,-32],[28,-42],[-19,-50],[-4,-53],[-15,-48],[8,-44],[-11,-30],[0,-81],[-47,-53],[-4,-20],[55,-189],[-2,-50],[-26,-27],[-4,-28],[-41,-39],[-40,-58],[21,-59],[-23,-117],[-40,-175],[-27,-106],[9,-66],[-18,-76],[-31,-78],[-74,-72],[-46,-73],[-14,-70],[-53,-73],[-32,-56],[-52,-75],[-31,-57],[-68,-80],[-19,-36],[-48,-25],[-43,-52],[-60,-45],[-52,-68],[-115,-105],[-56,-78],[-22,-13],[-123,-46],[-128,-3],[-119,-9],[-51,-58],[-36,-28],[-9,-27],[13,-36],[3,-60],[-14,-166],[-10,-46],[-36,2],[-48,46],[-106,72],[-55,13],[-57,-13],[-31,-22],[-69,-80],[-103,-45],[-41,-45],[-52,-78],[-79,-165],[-33,-98],[-2,-76],[7,-36],[25,-57],[54,-51],[37,-22],[28,-103],[70,-95],[9,-56],[-14,-94],[22,-50],[86,-95],[99,-94],[16,-22],[-17,-49],[-77,-34],[-70,-19],[-22,-29],[14,-56],[-12,-31],[-30,-24],[-48,-89],[-10,-39],[4,-33],[38,-51],[12,-66],[67,-37],[32,-35],[-3,-54],[-33,-52],[-50,-109],[-104,-110],[-23,-54],[-35,-47],[-35,-64],[-30,-26],[-47,-3],[-37,-17],[-16,-24],[1,-46],[17,-64],[22,-54],[58,-102],[10,-48],[7,-85],[-32,-110],[-68,-65],[-43,7],[-46,-18],[-24,-58],[-26,-119]],[[17648,20440],[-15,-37],[-60,-56],[-17,-75],[-26,-49],[-29,-138],[38,-82],[12,-59],[1,-62],[-15,-47],[-36,-47],[-59,-42],[-85,-33],[-123,-6],[-72,14],[-40,20],[-39,0],[-25,-29],[-58,-27],[-12,-16],[9,-71],[-32,-85],[-30,-107],[-48,-60],[-79,-55],[-78,-3],[-68,54],[-50,19],[-87,13],[-59,-51],[-51,-16],[-70,-2],[-48,18],[-13,36],[8,25],[-33,120],[-24,54],[-35,49],[-94,94],[-114,84],[-73,45],[-116,58],[-18,41],[8,32],[103,116],[36,73],[2,46],[-20,36],[-66,76],[-86,135],[-26,99],[-34,21],[-54,-18],[-132,-79],[-114,-111],[-10,-24],[-7,-76],[-47,-20],[-99,19],[-66,-4],[-65,-26],[-79,-78],[-75,-90],[-156,-109],[-71,-69],[-14,-103],[-1,-88],[14,-41],[67,-108],[86,-71],[9,-21],[-8,-43],[-53,-70],[-5,-35],[15,-103],[-3,-69],[-17,-42],[-32,-28],[-137,-142],[-25,-5],[-50,24],[-40,-1],[-83,-26],[-44,-37],[-88,-103],[-18,-86]],[[14300,18680],[-108,-80],[-130,-102],[-65,-5],[-42,30],[-65,71],[-14,2],[-47,-52],[-33,-7],[-60,34],[-90,76],[-36,3],[-61,-44],[-26,10],[-49,120],[-45,64],[-50,16],[-65,-1],[-72,56],[-33,40],[-38,85],[-26,94],[-40,87],[-112,120],[-56,31],[-33,5],[-85,-37],[-128,-39],[-61,9],[-54,36],[-62,119],[-33,17],[-53,4],[-66,42],[-68,23],[-12,17],[24,74],[-53,30],[-46,37],[-39,69],[-40,119],[-19,101],[-28,32],[-12,66],[-25,44],[-54,48],[22,91],[-13,72],[25,59],[7,47],[-12,52],[-16,21],[-83,13],[-44,23],[20,53],[-6,36],[-44,71],[-62,48],[-93,31],[-100,39],[-43,36],[-6,34],[-54,-34],[-56,23],[-21,47],[2,73],[-18,14],[-52,-3],[-16,37],[48,31],[22,72],[-6,29],[-25,29],[4,51],[154,78],[29,48],[76,56],[-54,121],[31,119],[25,41],[-5,35],[-52,14],[-80,4],[-41,-16],[-43,18],[-38,32],[-19,-10],[-20,-71],[-35,-4],[-41,-29],[-23,16],[12,128],[-17,40],[-65,55],[-9,37],[-28,32],[7,30],[-21,61],[38,48],[11,32],[36,43],[-6,86],[-21,28],[-30,11],[-6,28],[43,39],[60,3],[58,32],[-12,35],[56,65],[-11,69],[3,70],[45,45],[-6,63],[17,46],[-9,60],[-88,76],[20,55],[-34,17],[-1,26],[32,38],[1,41],[-35,48],[-41,84],[-90,14],[-41,-21],[-42,16],[-46,-8],[-17,24],[-53,8],[-49,-3],[-19,-36],[-39,0],[-25,-46],[-8,-39],[-49,-7],[-45,24],[-55,-18],[-65,-3],[-46,53],[-64,13],[-44,24],[-7,33],[-41,-3],[-23,25],[-108,157],[-24,55],[-26,40],[34,83],[-20,40],[8,36],[-26,14],[9,38],[-55,6],[-35,26],[5,29],[-22,47],[9,84],[-18,47],[7,44],[-25,38],[-39,3],[-2,51],[-60,110],[39,61],[-51,34],[-53,-2],[-46,14],[-43,49],[-55,23],[5,104],[-76,81],[-13,50],[-19,12],[-12,43],[24,87],[-10,49],[-58,75],[-55,37],[-59,12],[-10,28],[10,48],[-61,28],[-34,4],[-35,26],[-15,60],[38,71],[19,202],[9,29],[60,46],[57,28],[11,63],[-27,95],[-13,92],[-74,155],[-2,85],[-49,108],[13,37],[2,134],[-76,105],[-21,48],[-1,49],[26,62],[-15,29],[14,89],[8,118],[25,84],[-10,89],[-82,74],[-73,-30],[-65,-7],[-82,32],[-101,11],[-64,32],[-7,33],[-24,3],[-88,-42],[-98,10],[-64,-30],[-59,34],[-82,-22],[-34,15],[-14,56],[19,25],[-31,75],[-47,48],[-36,54],[-20,52],[17,52],[36,-10],[42,49],[0,22],[-28,36],[33,30],[-23,39],[-28,-2],[-14,34],[-44,-4],[-51,25],[-5,38],[-38,30],[-18,-25],[-30,6],[-16,29],[-39,-17],[-61,39],[-30,68],[-43,17],[-19,61],[-40,45],[27,22],[-1,26],[-35,5],[-48,39],[26,26],[28,52],[33,6],[36,44],[33,8],[1,31],[22,35],[-25,17],[8,25],[-18,29],[-47,-21],[39,65],[-45,48],[25,46],[46,-27],[-11,49],[33,22],[4,66],[-12,63],[-38,-25],[-36,35],[-14,43],[22,24],[-2,28],[72,120],[-8,71],[35,7],[15,23],[-62,51],[43,20],[82,-25],[12,-17],[60,-8],[44,35],[10,40],[81,-35],[10,-18],[54,26],[29,32],[0,32],[76,-6],[46,34],[-1,25],[26,16],[-64,105],[38,90],[40,66],[-5,33],[25,22],[-31,43],[32,29],[9,44],[28,-16],[34,4],[13,-17],[86,-29],[76,-11],[42,10],[61,0],[66,16],[34,26],[86,17],[116,66],[58,50],[50,62],[25,55],[42,37],[19,76],[-11,39],[72,27],[11,73],[-35,70],[60,69],[15,29],[7,48],[-25,83],[-10,59],[-2,83],[-31,91],[-10,61],[-45,74],[1,18],[50,49]],[[9495,30841],[210,-1],[76,-43],[55,-20],[57,-8],[40,-34],[-1,-57],[33,-3],[76,25],[69,-30],[72,-11],[84,16],[49,-22],[100,-19],[28,-27],[42,-67],[-4,-86],[29,-93],[18,-87],[100,-79],[128,-27],[72,-37],[64,-51],[102,-59],[41,-72],[-1,-46],[18,-33],[133,-80],[33,-8],[97,-5],[30,-12],[106,-18],[39,1],[83,25],[32,-4],[31,40],[29,10],[47,-5],[30,-27],[85,-16],[76,-67],[13,-79],[45,-53],[24,-61],[-9,-81],[12,-63],[37,-66],[8,-59],[52,-87],[13,-72],[16,-37],[86,-22],[23,-26],[4,-75],[30,-15],[15,-38],[122,-34],[39,7],[62,82],[53,10],[84,-11],[54,-54],[40,-12],[91,-59],[34,-72],[31,-26],[34,-5],[132,-106],[48,-72],[50,-30],[43,1],[74,20],[60,31],[84,30],[33,-9],[53,-36],[30,0],[100,33],[52,-25],[15,-61],[-1,-83],[-23,-198],[-1,-124],[14,-59],[45,-85],[65,-36],[42,37],[84,189],[15,45],[24,27],[91,24],[126,51],[41,24],[11,39],[-22,77],[-53,162],[7,101],[16,61],[31,35],[83,8],[31,12],[21,30],[-1,28],[-41,103],[-2,42],[11,28],[44,24],[17,34],[-15,45],[-29,41],[-73,53],[-47,42],[-56,62],[-39,29],[-9,28],[-95,111],[-23,35],[-24,120],[-21,46],[18,29],[-10,31],[8,54],[48,94],[37,46],[15,42],[30,13],[11,67],[-4,192],[19,140],[26,85],[34,37],[67,42],[12,19],[-8,39],[-27,31],[-23,71],[-22,33],[2,73],[-7,74],[66,66],[-26,111],[-28,15],[-19,75],[21,89],[-1,102],[-36,89],[-4,78],[-14,51],[-27,61],[-2,40],[67,104],[17,45],[-15,71],[7,130],[-18,53],[-52,60],[-102,90],[34,53],[32,15],[72,19],[93,1],[110,90],[119,119],[3,27],[-20,52],[27,69],[58,67],[73,35]],[[14595,32769],[139,10],[80,38],[67,-11],[68,-66],[121,-75],[71,1],[33,21],[35,58],[33,27],[73,29],[118,19],[70,3],[73,27],[63,1],[35,-9],[145,-58],[39,-21],[46,-1],[110,110],[79,103],[57,117],[25,65],[10,73],[-13,121],[-17,48],[24,68],[4,52],[31,84],[71,82],[83,56],[80,32],[72,48],[52,52],[25,37],[30,5],[41,-10],[72,25],[43,80],[16,107],[31,51],[13,99],[16,53],[-17,43],[60,23],[43,31],[24,34],[133,97],[78,79],[64,30],[54,54],[-30,58],[-9,64],[17,93],[-4,38],[45,55],[88,37],[63,19],[69,42],[62,29],[105,25],[39,34],[52,65],[139,85],[73,51],[12,27],[1,133],[65,-35],[79,-16],[41,-18],[65,-6],[77,9],[149,28],[31,-2],[56,-26],[68,-54],[59,-14],[33,14],[66,51],[32,16],[48,0],[51,19],[137,27],[129,45]],[[19206,35604],[19,-15],[12,-58],[103,-142],[51,-48],[82,-45],[179,-54],[129,-24],[208,-1],[99,15],[208,8],[123,32],[72,14],[39,17],[59,-15],[49,11],[42,-27],[57,-13],[40,-43],[65,-39],[41,11],[107,10],[113,82],[63,17],[69,65],[84,36],[94,30],[120,49]],[[25423,34351],[52,-91],[-19,-76],[38,-69],[2,-111],[-26,-72],[30,-32],[65,-5],[24,-19],[82,3],[19,-8],[15,-46],[-14,-51],[-7,-71],[15,-45],[-9,-42],[13,-69],[-4,-21],[-83,-139],[-32,-26],[-45,-56],[-57,-92],[-64,-72],[-26,-51],[7,-42],[59,-103],[33,-44],[10,-31],[82,-56],[83,-37],[78,-44],[69,-10],[69,8],[47,-38],[12,-44],[42,-65],[11,-35],[86,-119]],[[26075,32421],[-8,-1],[-5,1],[-75,2],[-65,-69]],[[38765,29104],[4,-87],[77,-144],[27,-61],[113,-78],[6,-73],[-15,-82],[14,-56],[35,-37],[46,-24],[104,-74],[-12,-22],[94,-65],[70,65],[59,42],[83,44],[23,31],[38,99],[162,142],[41,54],[22,10],[86,11],[36,-5],[40,-37],[61,-12],[60,4],[57,-8],[-47,-81],[-35,-81],[-26,-79],[-74,-111],[9,-50],[-15,-15],[-52,-106],[159,-126],[422,-331],[64,41],[97,14],[67,35],[21,27],[70,113],[37,30],[127,62],[61,26],[40,8],[72,-5],[138,-20],[63,10],[49,31],[-16,-56],[-52,-72],[4,-43],[-46,-89],[-77,-58],[-13,-48],[31,-40],[37,-20],[32,-46],[30,-74],[5,-38],[-56,-121],[-30,-83],[2,-44],[-14,-78],[29,-46],[18,-83],[26,-45],[29,-123],[-5,-58],[-17,-37],[-37,-47],[-48,-27],[-58,-75],[-72,-20],[-90,-49],[-39,-15],[-55,-97],[-65,-69],[-49,-62],[-72,-26],[-53,-85],[23,-61],[-13,-42],[-30,-8],[-43,-50],[-16,-44],[16,-59],[-7,-35],[-38,-82],[-6,-47],[-18,-31],[36,-66],[-14,-47],[-37,-46],[-62,-42],[-42,-50],[-49,-41],[-91,-33],[-39,-39],[-105,-59],[-47,-76],[-24,-26],[-66,-31],[-35,-50],[-7,-36],[-44,-106],[12,-16],[-17,-47],[-40,-24],[-52,-53],[-41,-8],[-38,-28],[-66,3],[-46,-45],[-15,-74],[5,-51],[-24,-49],[-10,-95],[-29,-51],[-12,-69],[3,-168],[6,-47],[-27,-53],[-32,-18],[37,-116],[68,-118],[-46,-57],[-35,-23],[-57,-80],[-37,28],[-21,-8],[-56,-52],[-78,-115],[-16,-54],[-38,-75],[-59,-29],[-100,-19],[-56,4],[-46,-10],[-36,6],[-28,-13],[-70,44],[-35,-38],[-45,-33],[-63,-33],[-92,42],[-29,30],[-106,55],[-70,64],[-41,20],[-63,-52],[-27,-48],[-29,37],[-61,-7],[-58,42],[-10,43],[-29,23],[-44,2],[-49,-18],[-59,33],[-99,-34],[-82,-43],[-41,16],[-101,148],[-84,6],[-65,-13],[-16,6],[-26,48],[-31,35],[-9,51],[-59,24],[-73,-16],[-90,-29],[-91,26],[-99,-18],[-57,-1],[-193,40],[-119,30]],[[36522,23910],[54,50]],[[25922,32354],[-39,-62],[-70,-74],[-50,-72],[-4,-38],[22,-48],[53,-68],[25,-67],[63,-60],[27,-58],[32,-16],[-19,-34],[-22,-83],[0,-80],[-42,-76],[-53,-38],[-16,-26],[-1,-45],[-18,-42],[132,-88],[44,-47],[-31,-32],[-55,22],[-28,-66],[-59,-55],[-18,-62],[-30,-29],[11,-79],[-29,0],[-34,-45],[-55,-22],[-68,-47],[-35,-61],[-23,-149],[-10,-28],[-26,-4],[-67,-30],[-24,-47],[-45,-8],[-72,46],[-40,-23],[-59,7],[998,-405],[132,-48],[790,-319],[0,-7]],[[26582,27064],[-21,-38],[-30,-20],[-42,36],[-44,7],[-43,-38],[-48,-23],[-89,-18],[-64,-19],[-120,-56],[-62,-19],[-50,-4],[-87,10],[-56,-14],[-73,-43],[-61,-9],[-61,50],[-62,33],[-82,-30],[-38,24],[-61,1],[-37,-20],[-30,51],[-4,55],[-52,-2],[-18,34],[-52,52],[-3,48],[-26,23],[-14,65],[27,48],[-12,38],[-31,37],[9,47],[-28,112],[38,2],[-11,52],[-34,37],[-55,13],[-27,33],[-71,4],[-74,61],[-35,-7],[-151,-49],[-102,-58],[-53,-25],[-35,-46],[-23,-13],[-88,-10],[-85,-17],[-137,-20],[-132,-44],[-45,-20],[-123,-67],[-64,-17],[-84,6],[-87,16],[-53,-29],[-41,-44],[-22,-37],[-47,-119],[-16,-59],[-54,-31],[-74,30],[-79,63],[-42,23],[-135,58],[-39,1],[-73,-19],[-77,0],[-168,-36],[-34,0],[-36,27],[-24,80],[-99,25],[-7,-22],[-43,-22],[-204,-42],[-51,0],[-73,21],[-93,-44],[-57,-19],[-40,-4],[-42,17],[-22,85],[-17,114],[-11,24],[-84,95],[-52,40],[-45,11],[-80,-1],[-31,16],[-78,64],[-124,52],[-47,50],[-56,107],[-28,71],[-40,55],[-64,36],[-67,-12],[-49,73],[-21,11],[-51,86],[-45,64],[-34,24]],[[26158,10366],[-42,38],[-56,14],[-34,-5],[-190,-135],[-44,-47],[-33,-64],[-103,-95],[-40,-53],[-31,-130],[-29,-41],[-70,-58],[-110,-62],[-40,-5],[-38,34],[-22,44],[-26,10],[-60,-89],[-57,-48],[-77,-122],[-52,-35],[-44,-11],[-72,-4],[-25,-25],[-14,-51],[-66,-31],[-58,-36],[-85,19],[-155,-13],[-24,-19],[-51,-80],[-25,-20],[-39,9],[-63,68],[-53,-5],[-21,-22],[-15,-86],[-14,-43],[-45,-53],[-52,-29],[-14,11],[-50,130],[-10,60],[-34,14],[-28,-8],[-113,-84],[-47,-7],[-113,11],[-28,-18],[12,-87],[-7,-23],[-49,-43],[-150,6],[-61,27],[-37,7],[-27,-18],[-7,-92],[-12,-18],[-37,17],[-70,88],[-35,0],[-19,-50],[-32,-15],[-45,7],[-52,44],[-30,131],[-36,68],[-36,7],[-49,-47],[-68,0],[-45,34],[-11,78],[-28,57],[-65,16],[-183,-45],[-24,-14],[-100,-94],[-58,-30],[-30,-1],[-62,22],[-63,12],[-22,50],[-24,104],[-11,133],[-21,46],[7,44],[-59,57],[-106,33],[-86,3],[-69,27],[-69,8],[-36,-5],[-167,-121],[-130,-47],[-40,-38],[-66,-147],[-56,-48],[-49,-4],[-44,19],[-46,35],[-44,9],[-46,-14],[-17,-18],[-42,-96],[-44,-27],[-58,-55],[-21,-45],[-13,-93],[-53,-32],[-82,-7],[-92,-31],[-84,10],[-29,-5],[-42,-41],[-5,-72],[-16,-22],[-77,19],[-165,32],[-34,-30],[-3,-96],[-16,-16],[-36,0],[-41,44],[-75,151],[-61,160],[-40,54],[-28,7],[-77,-42],[-41,-2],[-112,64],[-48,86]],[[19494,9279],[17,-4],[61,-56],[22,-7],[97,44],[72,-28],[28,12],[56,78],[22,115],[-3,59],[72,56],[38,132],[88,54],[66,68],[23,8],[57,-7],[72,-57],[65,0],[41,15],[31,31],[8,42],[-10,140],[2,42],[19,46],[42,59],[14,83],[24,55],[53,42],[36,38],[159,103],[140,81],[11,34],[-15,144],[16,70],[21,29],[53,41],[23,30],[3,106],[8,48],[-9,162],[-35,61],[-6,40],[25,54],[41,57],[14,59],[-47,120],[-2,69],[21,29],[58,41],[82,85],[58,49],[9,65],[14,38],[28,16],[87,19],[37,25],[13,25],[10,78],[17,44],[48,55],[47,3],[100,-58],[68,-3],[106,43],[43,4],[32,-15],[91,-77],[53,-3],[91,24],[65,-21],[48,4],[15,36],[-12,48],[-1,48],[-18,61],[4,31],[43,38],[79,46],[44,57],[60,163],[36,47],[64,22],[78,-32],[75,-22],[51,9],[33,19],[37,38],[46,163],[58,130],[58,209],[16,85],[43,92],[29,17],[55,5],[21,20],[36,110],[0,128],[81,67],[15,90],[62,66],[20,80],[69,90],[90,217],[6,103],[39,33],[-6,46],[12,35],[-34,25],[23,54],[22,27],[-1,52],[-30,31],[20,53],[-14,23],[-4,52],[47,14],[22,24],[-39,48],[-63,57],[-56,73],[-59,-11],[-130,-53],[-45,3],[-28,42],[-40,35],[-24,3],[-32,-24],[-44,-63],[-51,-14],[-63,45],[-35,12],[-72,43],[-64,98],[-22,-6],[-26,-59],[-27,-34],[-31,-9],[-54,10],[-44,-34],[-62,-10],[-43,4],[-55,46],[-63,23],[-39,5],[-59,-8],[-26,9],[-31,46],[-15,1],[-59,-34],[-32,-43],[-45,11],[-38,71],[-55,9],[-60,55],[-33,12],[-49,43],[2,31],[-26,73],[-52,6],[-43,40],[-29,83],[-23,7],[-68,-10],[-51,3],[-61,36],[-36,94],[-65,80],[-106,90],[-32,66],[-30,15],[-58,9],[-232,-15],[-137,19],[-28,44],[-13,103],[-19,33],[-82,44],[-103,6],[-24,24],[-1,57],[10,23],[120,14],[18,16],[16,54],[19,15],[78,20],[49,-3],[39,12],[179,154],[37,67],[21,93],[42,74],[29,16],[131,35],[34,41],[0,106],[-75,216],[-84,92],[-22,40],[2,38],[57,234],[14,18],[257,42],[35,31],[21,51],[15,197],[57,91],[17,61],[-14,85],[-21,59],[-47,74],[-115,118],[-12,28],[-10,68],[-22,40],[4,38],[45,106],[74,133],[44,113],[47,46],[47,22],[51,10],[241,6],[43,12],[48,28]],[[22011,19041],[6,-28],[-21,-85],[9,-49],[41,-9],[85,37],[89,-14],[74,-38],[54,-39],[54,-81],[35,-80],[13,-134],[19,-9],[93,4],[30,25],[32,137],[13,30],[40,26],[176,56],[91,50],[33,36],[21,68],[-13,69],[-3,96],[17,43],[31,45],[48,37],[59,12],[45,-15],[59,-53],[40,-21],[80,-16],[65,-2],[40,-21],[23,7],[14,31],[16,197],[20,34],[51,7],[83,73],[166,290],[-1,52],[-25,42],[1,52],[43,64],[70,59],[24,8],[129,6],[35,31],[26,69],[3,49],[-10,37],[-31,58],[-1,61],[12,35],[46,51],[28,-2],[151,-134],[46,-19],[143,-8],[51,12],[126,66],[42,41],[35,57],[48,94],[77,203],[100,101],[59,88],[33,28],[61,37],[22,40],[-8,57],[45,49],[75,15],[81,52],[133,-5],[74,13],[33,-13],[88,-67],[43,-25],[39,2],[28,26],[13,41],[18,13],[29,-16],[23,-36],[77,52],[30,59],[41,10],[65,-16],[96,23],[46,-17],[46,-1],[59,-37],[23,-48],[171,-53],[60,-73],[68,-51],[34,1],[45,-23],[26,7],[44,36],[71,26],[38,34],[53,21],[87,82],[89,113],[24,20],[57,12],[58,0],[59,-36],[28,12],[43,39],[88,54],[22,3],[34,-37],[22,-8],[16,-32],[48,-1],[45,64],[27,21],[68,24],[69,-1],[99,-16],[83,-27],[74,-59],[84,-58]],[[27583,20794],[-55,-26],[-60,-52],[-69,-111],[-42,-117],[-17,-121],[5,-54]],[[27467,19786],[-27,-3],[-31,16],[-2,-62],[36,-59]],[[27363,19544],[-25,21],[-53,-42],[25,-44]],[[26662,18370],[-16,-28],[14,-64],[30,-20],[10,-49],[75,-1],[23,-20],[34,-3],[79,-25]],[[55180,39619],[-19,-73],[-7,-53],[18,-66],[-15,-73],[-8,-81],[-19,-41],[-23,-86],[-46,-56],[-9,-74],[-5,-196],[11,-40],[1,-55],[40,-68],[26,-27],[28,-77],[102,-24],[80,8],[84,-27],[67,-87],[76,-117],[60,-56],[44,-16],[64,-2],[35,-14],[88,-63],[11,-51],[77,-158],[0,-30],[32,-91],[-11,-24],[13,-55],[-7,-31],[12,-43],[30,-270],[-21,-43],[-66,-69],[-38,-73],[-48,-170],[-17,-28],[51,-53],[-27,-72],[6,-105],[16,-27],[39,-23],[62,-101],[20,-71],[81,-75],[31,-36],[-27,-44],[-25,-86],[-55,-71],[-42,-85],[-70,-94],[-15,-67],[-45,-81],[-51,-56],[-2,-43],[23,-17],[67,-1],[116,23],[51,-3],[43,-36],[21,-65],[15,-17],[-15,-48],[0,-43],[23,-26],[5,-49],[66,-57],[54,-58],[41,-108],[29,-44]],[[56306,35280],[2,-31],[-74,8],[-49,-12],[-50,10],[-30,-5],[2,-33],[-32,-77],[-47,-59],[-38,-4],[-17,-26],[19,-79],[-2,-35],[-18,-10],[-5,-66],[-46,-34],[18,-34],[-10,-24],[14,-40],[-32,-46],[-41,-5],[-68,3],[-36,15],[-34,-23],[-55,5],[-70,-46],[-49,-12],[-35,-21],[-21,-44],[-30,-27],[-5,-37],[-34,-49],[27,-75],[8,-57],[-6,-34],[-41,-65],[-69,-58],[-70,-103],[-27,-70],[-7,-42],[-38,-83],[-9,-65],[1,-81],[-49,-42],[-15,-63],[-57,-34],[20,-56],[-2,-37],[-39,-8],[5,-42],[-26,-16],[-10,-47],[-46,-52],[24,-22],[8,-50],[-22,-36],[-9,-74],[-31,-46],[-21,-71],[-51,-53],[-21,-75],[-49,-117],[-46,-54],[-79,-42],[-139,-39],[-28,-16],[-39,-46],[-10,-73],[-15,-35],[-29,-17],[-82,-24],[-54,-38],[-15,-25],[-21,-81],[-27,-53],[-46,-58],[-54,-37]],[[54127,32130],[-31,-4]],[[54096,32126],[-21,17],[-27,67],[-1,86],[-82,55],[-59,11],[-67,41],[-83,32],[-43,64],[-84,17],[-104,-31],[-62,9],[-94,-5]],[[27366,56812],[3,85],[-43,137],[0,46],[16,51],[24,27],[77,45],[53,62],[74,70],[63,49],[46,51],[38,14],[62,-3],[30,-18],[44,-65],[157,-55],[68,-69],[34,-17],[56,-8],[69,8],[72,20],[153,8],[61,13],[44,23],[72,57],[63,25],[103,-37],[69,-6],[43,22],[7,45],[-9,52],[8,35],[27,30],[85,42],[45,58],[21,57],[34,15],[64,-23],[43,-25],[67,-26],[46,-49],[65,-38],[15,35],[63,51],[-23,20],[-15,36],[90,67],[51,13],[28,23],[144,85],[113,54],[60,10],[53,0],[51,-11],[73,-30],[85,-75],[117,-51],[114,-17],[28,7],[72,36],[47,3],[111,-72],[28,-4],[84,14],[89,36],[93,68],[53,52],[23,36],[12,40],[45,63],[67,44],[25,5],[48,-17],[71,-2],[43,-23],[132,-132],[119,-73],[16,-67],[28,-24],[103,-8],[68,-15],[71,0],[83,8],[170,31],[99,-10],[72,31],[57,49],[24,11],[126,31],[21,-3],[49,-34],[86,36],[58,-9],[187,-65],[90,-58],[52,-75],[-5,-36],[-111,-63],[-7,-20],[17,-44],[17,-11],[80,14],[74,-8],[32,-13],[31,-58],[73,-81],[49,-2],[63,42],[79,105],[46,13],[47,-14],[142,-90],[47,-23],[60,-4],[34,32],[30,84],[56,13],[60,-18],[114,-107],[224,-146],[33,-16],[87,-10],[52,-15],[30,6],[74,154],[35,93],[77,119],[23,26],[169,-12],[33,-10],[41,-44],[47,-91],[28,-22],[97,-21],[79,26],[67,2],[148,-42],[181,-14],[159,-35],[255,5],[74,29],[25,19],[89,101],[60,39],[104,27],[54,21],[121,111],[53,31],[44,3],[104,-51],[199,-163]],[[36983,57471],[-16,-100],[-60,-88],[-63,-54],[-41,-22],[-94,-27],[-56,-28],[-107,-34],[-74,-44],[-94,-32],[-62,-55],[-35,-59],[-38,-39],[-72,-53],[-26,-44],[-51,-29],[-101,-25],[-153,1],[-114,-25],[-122,-1],[-49,13],[-73,34],[-70,-5],[-43,-25],[-57,-93],[-57,-25],[-75,6],[-101,-20],[-84,-28],[-54,-41],[-56,-51],[-32,-18],[-61,-17],[-65,5],[-27,-14],[-13,-33],[32,-54],[-41,-6],[-72,-28],[-57,32],[-19,-38],[-27,16],[-55,-6],[-10,-46],[-22,-13],[-45,23],[-32,-9],[-4,-53],[-15,-34],[-31,-30],[1,-55],[-28,-2],[-48,-45],[-2,-44],[-39,-28],[-12,-27],[-28,-11],[-43,16],[-69,-22],[-34,7],[-46,53],[-31,-29],[-30,-10],[-14,21],[-50,-12],[-38,5],[-41,-31],[18,-70],[3,-89],[9,-30],[57,-49],[54,-12],[83,7],[26,-4],[54,-41],[13,-32],[-24,-23],[-22,-54],[-53,-79],[-72,-63],[-16,-61],[-19,-32],[-31,2],[-49,41],[-15,-23],[-28,-105],[-45,-104],[-49,-38],[-113,6],[-111,60],[-86,-17],[-54,-2],[-84,29],[-45,8],[-46,-5],[-39,-34],[-15,-45],[9,-60],[-12,-16],[-62,-27],[-96,-27],[-85,-44],[-25,-26],[-20,-50],[1,-50],[-24,-15],[-76,6],[-26,-13],[-10,-38],[-36,-11],[-148,66],[-35,9],[-123,-1],[-61,15],[-32,0],[-44,-33],[-58,-82],[-61,-72],[-36,-67],[-34,-41],[-66,-54],[-61,-34],[-29,-26],[-3,-72],[-21,-76],[-2234,24],[63,54],[13,20],[1,48],[-16,32],[-50,38],[1,27],[21,56],[-69,34],[-95,-6],[-21,23],[-60,-40],[-43,-6],[-31,13],[-35,98],[-84,167],[-23,66],[-29,26],[-99,52],[-15,33],[-41,-6],[-19,-26],[-42,-22],[-50,3],[-41,31],[-40,56],[-62,26],[-28,20],[-4,37],[10,47],[-8,109],[1,91],[-10,20],[-51,16],[-45,-3],[-54,-20],[-44,5],[-66,118],[-55,28],[-24,42],[-66,27],[-45,0],[-141,83],[-24,62],[-95,99],[-130,156],[-28,49],[-12,52],[8,50],[-27,47],[0,68],[-54,134],[-69,75],[-25,47],[-39,100],[-44,62],[-23,49],[-43,44],[-63,34]],[[23784,55175],[44,47],[77,33],[65,10],[49,28],[24,46],[2,55],[-22,137],[-16,55],[-8,77],[11,46],[41,30],[67,25],[54,39],[49,4],[82,-16],[102,-39],[50,-1],[47,-16],[179,-5],[97,2],[170,-40],[73,-10],[104,-73],[84,-45],[35,0],[113,37],[34,85],[13,52],[-3,40],[-43,100],[-6,54],[11,28],[35,37],[75,39],[107,6],[23,13],[10,35],[37,45],[101,-4],[106,-34],[35,12],[42,29],[-36,103],[5,58],[125,71],[33,22],[23,34],[-1,81],[-33,110],[1,45],[46,50],[17,44],[1,52],[-47,80],[-10,45],[16,122],[-3,41],[13,73],[22,65],[7,108],[-7,41],[20,9],[60,-17],[63,-63],[119,-35],[67,-52],[57,-18],[42,-26],[42,-5],[49,-23],[83,-18],[51,-34],[49,-56],[9,-37],[-37,-70],[-4,-29],[38,-85],[14,-81],[36,-31],[59,13],[63,2],[49,11],[70,-6],[37,57],[43,44],[106,5],[75,-26]],[[36983,57471],[52,-23],[37,-5]],[[37072,57443],[8,-53],[-26,-61],[-17,-71],[-5,-101],[12,-106],[-11,-60],[-53,-73],[-49,-6],[-67,17],[-64,33],[-40,1],[-76,-47],[-20,-27],[-61,-110],[-33,-50],[-6,-88],[-12,-40],[-30,-51],[-51,-57],[-58,-47],[-32,-38],[-16,-55],[10,-58],[19,-54],[0,-25],[-28,-29],[-87,-33],[-122,-26],[-104,-41],[-84,12],[-56,-31],[-49,-56],[-29,-22],[-33,2],[-91,45],[-41,4],[-44,-20],[-33,-52],[-52,-115],[-19,-61],[2,-36],[19,-49],[36,-43],[61,-33],[81,10],[86,-23],[161,-34],[63,-21],[16,-17],[29,-66],[49,-138],[27,-29],[61,-15],[88,49],[66,12],[43,-19],[28,-56],[33,-117],[9,-87],[-26,-140],[3,-95],[14,-47],[54,-60],[84,-47],[106,-67],[81,-64],[134,-58],[70,-55],[60,-78],[112,-173],[22,-100],[-13,-29],[-76,-58],[-186,-98],[-58,-34],[-99,-88],[-20,-36],[6,-87],[-14,-17],[-54,-17],[-68,11],[-45,-24],[-9,-27],[-8,-120],[36,-192],[6,-98],[-16,-36],[-116,-68],[-133,-50],[-57,-35],[-59,-52],[-48,-16],[-131,2],[-43,-8],[-196,-70],[-46,-25],[-86,-30],[-173,-48],[-52,-29],[-38,-51],[-12,-36],[15,-67],[18,-31],[97,-76],[59,-33],[109,-25],[54,-48],[18,-46],[-10,-70],[-66,-72],[-65,-80],[-51,-98],[-22,-68],[-15,-79],[-25,-172],[-42,-132],[-21,-98],[-13,-104],[-12,-45],[-85,-165],[-20,-67],[-15,-117],[-7,-85],[-17,-70],[-78,-140],[-32,-65],[-35,-85],[-45,-146],[-26,-155],[-87,-218]],[[74314,39601],[-75,95],[-14,37],[2,34],[26,66],[90,104],[42,27],[50,2],[21,-13],[34,-88],[16,-23],[85,-54],[56,-7],[37,24],[28,41],[20,63],[40,87],[23,23],[106,58],[50,20],[44,6],[23,17],[18,40],[8,63],[2,107],[-12,80],[8,32],[43,68],[17,93],[-9,40],[12,71],[64,104],[19,98],[-6,77],[-25,94],[10,50],[34,19],[87,-17],[19,3],[139,98],[195,60],[76,32],[87,56],[34,16],[101,7],[46,9],[30,30],[-23,75],[-66,109],[-45,64],[-8,29],[28,69],[52,63],[9,36],[-7,34],[-25,31],[-75,34],[-34,45],[-26,68],[-4,41],[12,73],[-6,41],[18,56],[-15,36],[-4,50],[32,82],[2,44],[-62,99],[-48,48],[-28,51],[-30,36],[-7,64],[-59,84],[-61,101],[-27,30],[-36,85],[-988,888],[-49,4],[-113,-3],[-28,15],[-52,71],[-36,9],[-137,-52],[-59,-15],[-104,-44],[-77,-8],[-71,29],[-67,9],[-71,-22],[-48,-4],[-70,21],[-30,23],[-41,-2],[-69,-67],[-75,-46],[-47,-12],[-93,17],[-33,-2],[-136,-73],[-210,-89],[-29,-2],[-48,15],[-45,69],[-38,27],[-70,3],[-98,-81],[-48,-17],[-20,18],[-27,58],[2,41],[29,53],[1,35],[-36,99],[-5,155],[-17,56],[-69,51],[-146,54],[-69,18],[-56,36],[-65,136],[-29,34],[-9,30],[22,129],[-23,109],[-21,45],[-44,42],[-104,12],[-34,14],[-84,66],[-116,64],[-132,47],[-43,4],[-91,-10],[-106,-35],[-91,-13],[-82,25],[-33,-9],[-34,-41],[-91,-70],[-73,-37],[-51,2],[-68,31],[-49,39],[-32,0],[-59,-85],[-58,-45],[-72,-32],[-103,-57],[-73,-25],[-415,469],[-82,37],[-86,63],[-69,70],[-29,48],[-29,21],[-75,12],[-28,20],[-127,153],[-86,77],[-4,32],[36,30],[10,98],[40,55],[53,25],[65,9],[27,55],[25,27],[92,32],[34,22],[39,65],[76,58],[22,62],[76,53],[164,62],[47,31],[46,48],[3,42],[-10,64],[-56,106],[-4,28],[32,54],[1,37],[-21,28],[-57,8],[-50,35],[-37,39],[-102,82],[-42,14],[-20,26],[-21,63],[-4,39],[55,68],[10,47],[-50,66],[-12,91],[-20,54],[-103,94],[-24,58],[-164,168],[-72,80],[-57,76],[-10,44],[-33,52],[-52,32],[-44,52],[-66,48],[-84,-5],[10,57],[-39,19],[-1,39],[-40,32],[16,50],[-63,63],[8,50],[48,65],[13,39],[-18,39],[2,31],[51,46],[24,70],[46,80],[2,28],[-17,45],[-42,62],[-5,44],[36,64],[34,22],[13,49],[19,26],[1,39],[30,68],[-21,81],[19,90],[39,50],[-16,72],[15,54],[29,17],[83,133],[69,40],[21,47],[6,44],[-12,38],[-135,200],[-44,41],[-14,38],[18,36],[52,160],[-27,128],[-17,38],[-25,140],[-64,178],[0,332],[5,243],[-30,117],[-22,39]],[[68896,51740],[-20,36],[74,98],[1,43],[28,35],[113,14],[30,19],[31,43],[100,18],[64,80],[-46,8],[-14,32],[53,50],[20,-28],[47,15],[7,42],[37,-20],[31,45],[8,31],[60,-17],[36,18],[0,37],[70,26],[51,66],[33,13],[30,87],[51,25],[90,13],[17,9],[37,55],[39,38],[1,49],[30,17],[37,-6],[30,-20],[20,9],[10,45],[49,9],[19,29],[29,-3],[13,33],[60,-4],[44,46],[54,39],[55,-3],[21,25],[10,126],[30,39],[56,26],[62,56],[25,2],[41,-40],[24,32],[83,27],[46,-15],[39,45],[38,25],[53,-5],[68,67],[40,12],[-8,26],[27,35],[50,29],[91,74],[157,120],[140,110],[69,48],[38,34],[83,32],[47,87],[18,61],[46,41],[-6,48],[29,30],[36,2],[41,-14],[57,-38],[93,14],[87,-24],[77,7],[87,-32],[96,45],[19,26],[58,8],[25,28],[46,18],[21,46]],[[72585,54194],[50,-18],[56,12],[16,-19],[42,4],[24,-23],[-10,-35],[8,-221],[25,-138],[12,-185],[22,-147],[-13,-102],[-15,-40],[-65,-116],[-16,-43],[0,-40],[33,-80],[5,-42],[23,-18],[70,-24],[66,-88],[54,-44],[250,-155],[22,-30],[6,-72],[56,-71],[16,-29],[77,-64],[52,-57],[80,-21],[50,-32],[55,-17],[41,-25],[65,-66],[70,-99],[34,-26],[68,-15],[40,-20],[73,-116],[206,42],[38,-16],[108,-28],[63,-41],[48,-59],[39,-66],[30,-27],[34,-48],[13,-64],[17,-34],[25,-20],[86,-48],[71,-66],[20,-34],[29,-90],[0,-85],[10,-55],[28,-60],[-56,-108],[2,-41],[51,-52],[54,-35],[77,-31],[57,-56],[17,-70],[32,-28],[32,1],[73,27],[63,51],[26,-4],[0,-71],[17,-37],[33,-19],[9,-43],[16,-15],[115,-49],[29,-60],[-10,-54],[13,-23],[40,-27],[33,-82],[-2,-58],[17,-59],[75,-33],[31,-83],[39,-16],[116,6],[49,-56],[26,-83],[6,-61],[48,-42],[-6,-38],[77,-168],[77,-126],[141,-163],[88,-147],[72,-58],[73,-92],[68,-116],[64,-42],[41,-36],[66,-73],[24,-36],[50,-27],[59,-53],[34,-5],[32,13],[39,58],[32,6],[99,-66],[21,-23],[57,-94],[48,-44],[52,-18],[30,-28],[34,-51],[58,-14],[57,18],[78,-27],[57,15],[38,34],[53,106],[50,68],[41,35],[39,53],[44,1],[57,-32],[91,-6],[70,15],[76,-94],[41,-102],[36,-23],[29,1],[23,20],[22,83],[24,60],[40,70],[46,38],[130,9],[27,14],[5,68],[-8,72],[29,57],[32,5],[94,-16],[56,5],[34,14],[28,36],[26,0],[48,-35],[117,-39],[97,-42],[72,-54],[34,-58],[65,-62],[23,-44],[19,-74],[41,-69],[25,-65],[2,-43],[-41,-68],[-2,-72],[65,-137],[21,-69],[42,-369],[21,-42],[87,-106],[58,-115],[82,-274],[42,-268],[67,-202],[42,-84],[41,-49],[52,-39],[188,-83],[35,19],[55,13],[84,-60],[56,1],[15,23],[40,10],[10,47],[64,-10],[44,46],[46,27],[30,-4],[29,-50],[10,-64],[-14,-117],[61,-42],[8,-28],[-43,-59],[1,-25],[37,-67],[5,-95],[85,-137],[36,-27],[55,-13],[43,1],[61,19],[132,75],[107,52],[50,8],[65,-7],[56,-16],[58,-36],[45,-44],[70,-114],[17,-68],[-2,-37],[-34,-95],[22,-70],[157,-145],[44,-67],[86,-184],[15,-97],[51,-65],[11,-53],[18,-33],[117,-148],[172,-115],[90,-82],[77,-100],[34,-63],[26,-114],[-13,-114],[-49,-255],[-42,-71],[-94,-268],[-13,-59],[-41,-67],[-91,-102],[-21,-46],[-1,-83],[51,-99],[5,-23],[-16,-38],[-42,-24],[-48,2],[-76,45],[-42,1],[-35,-34],[-34,-103],[-4,-70],[-84,-85],[-156,-110],[-42,-21],[-132,-38],[-59,-53],[-7,-44],[21,-25],[104,-40],[126,-72],[52,-65],[128,-134],[24,-42],[54,-145],[47,-19],[26,-24],[47,-82],[22,-91],[12,-19],[65,-59],[20,-27],[17,-55],[0,-111],[13,-66],[68,-125],[7,-29],[-21,-45],[-34,-25],[-69,-25],[-72,-14],[-99,-55],[-71,-21],[-27,-18],[-17,-51]],[[81917,40903],[-43,-22],[-76,-71],[-109,-74],[-169,-73],[-144,-85],[-85,-60],[-73,-39],[-113,-7],[-63,-28],[-74,-119],[-87,-106],[-9,-36],[15,-104],[-2,-36],[-17,-36],[-115,-93],[-12,-15],[-59,-133],[-37,-50],[-82,-60],[-22,-28],[-48,-121],[-4,-48],[-29,-51],[-91,51],[-58,-13],[-87,-59],[-70,-35],[-180,-69],[-79,-14]],[[41956,46399],[40,21],[68,49],[29,37],[59,-7],[42,10],[9,65],[50,13]],[[42581,47241],[35,35],[9,53],[-8,33],[-47,112],[-39,68],[-2,52]],[[43821,50017],[67,40]],[[43888,50057],[44,25],[72,78],[54,15],[67,6],[77,31],[60,52],[67,45],[61,30],[101,32],[80,50],[210,171],[53,67],[35,31],[36,4],[57,-11],[60,2],[50,20],[106,9],[89,-21],[174,-60],[62,-9],[69,12],[72,28],[51,54],[45,88],[31,23],[57,27],[93,23],[117,-4],[78,11],[115,34],[73,37],[73,58],[50,52],[50,78],[14,8],[114,-10],[35,-34],[66,14],[62,-42],[37,-11],[26,15],[63,-39],[90,1],[78,-67],[36,-175],[5,-65],[-19,-69],[-1,-89],[30,-119],[51,-41],[115,-35],[45,-37],[62,-21],[29,-28],[4,-24],[83,-97],[63,-4],[112,71],[61,-3],[50,-35],[52,-23],[50,6],[69,33],[113,147],[35,61],[111,30],[30,74],[34,31],[48,13],[55,-45],[68,-6],[84,14],[80,-26],[117,-7],[205,62],[71,15],[85,-25],[51,7],[104,-14],[26,-39],[51,-12],[25,-23],[35,-12],[88,16],[108,12],[92,19],[113,-54],[80,-21],[48,117],[0,81],[-26,42],[-17,68],[-48,53],[-48,82],[-132,130],[-9,64],[71,97],[51,100],[103,101],[15,32],[6,55],[13,29],[40,37],[5,54],[-40,97],[5,31],[27,18],[48,5],[30,-12],[79,-80],[31,-15],[52,-6],[75,10],[-19,94],[39,73],[71,55],[49,14],[35,25],[77,68],[84,31],[155,111],[-1,20],[-66,71],[-31,72],[-23,38],[-25,65],[1,47],[33,47],[124,53],[36,21],[30,37],[28,60],[17,65],[35,91],[26,51],[-2,25],[76,86],[50,15],[61,-26],[33,19],[16,46],[49,98],[11,72],[27,32],[52,26],[9,52],[-51,97],[-2,25],[29,48],[58,51],[58,17],[167,-66],[36,8]],[[51599,53466],[43,27],[43,60],[57,128],[52,83],[86,109],[19,35],[10,89],[13,39],[41,51],[56,41],[71,40],[29,49],[11,105],[-23,38],[-96,74],[-12,38],[18,36],[29,22],[84,30],[67,32],[88,14],[145,-49],[67,12],[34,23],[97,103],[7,51],[-17,65],[-37,63],[9,43],[98,-2],[44,13],[25,22],[16,63],[-5,142],[-14,76],[26,107],[5,64],[45,48],[88,56],[59,58],[21,36],[40,37],[39,9],[56,-12],[146,-66],[163,-43],[63,4],[92,24],[58,31],[16,33],[11,63],[24,37],[91,57],[23,41],[-1,67],[18,82],[13,26],[54,61],[43,67],[61,75],[19,8],[97,-38],[81,-7],[112,14],[80,23],[119,77],[89,68],[62,38],[123,32],[35,17],[68,-12],[75,2],[22,12],[50,64],[22,13],[73,6],[31,-17]],[[55166,56493],[29,-46],[46,-37],[45,-51],[26,-51],[-1,-27],[-43,-91],[16,-78],[14,-109],[30,-125],[11,-25],[51,-60],[79,-45],[35,-33],[39,-70],[135,-135],[15,-37],[12,-65],[-20,-35],[-56,-35],[-33,-34],[-19,-43],[-5,-41],[16,-106],[69,-165],[71,-62],[32,-72],[-10,-71],[-31,-60],[0,-109],[-13,-99],[-36,-52],[-81,-63],[-42,-65],[-2,-22],[28,-64],[-8,-50],[27,-54],[80,-37],[33,-29],[70,-95],[-13,-106],[-15,-70],[2,-99],[-6,-32],[-35,-52],[-59,-40],[-34,-45],[-21,-49],[6,-74],[31,-72],[51,-171],[25,-43],[139,-154],[16,-27],[12,-114],[44,-54],[65,-22],[67,-44],[63,-67],[76,-18],[81,14],[137,-18],[40,-1],[97,24],[105,8],[65,16],[81,5],[76,-4],[145,-25],[36,-23],[17,-27],[6,-54],[-16,-44],[11,-128],[-11,-83],[-23,-42]],[[55656,44931],[-34,-77],[-43,-7],[-92,86],[-43,74],[-51,46],[-44,20],[-62,3],[-62,-30],[-27,-22],[-34,-47],[-28,-70],[-45,-4],[-41,11],[-65,38],[-45,45],[-21,34],[-40,125],[-91,14],[-19,61],[-33,12],[-60,-29],[-51,11],[-123,56],[-21,-8],[-2,-41],[-70,1],[-54,-10],[-45,-25],[-67,-53],[-38,9],[-126,49],[-35,6],[-33,-80],[-29,-32],[-59,-39],[-161,-58],[-21,-13],[-36,-55],[-13,-56],[7,-33],[36,-46],[64,-36],[67,3],[51,-18],[52,-60],[-18,-26],[24,-85],[25,-128],[-4,-46],[-86,-70],[-41,-11],[-43,3],[-121,31],[-47,1],[-32,-72],[14,-96],[-5,-30],[-26,-33],[-93,-35],[-97,9],[-59,-6],[-36,11],[-25,36],[-3,66],[-16,20],[-56,37],[-46,16],[-48,5],[-39,-33],[8,-38],[-6,-51],[55,-72],[67,-166],[4,-28],[26,-35],[136,-109],[35,-64],[-12,-95],[-18,-66],[-21,-29],[20,-32],[1,-38],[34,-16],[33,-37],[-25,-51],[1,-95],[53,-90],[22,-80],[70,-104],[43,-48],[18,-82],[23,-66],[11,-86],[18,-58],[-1,-57],[-37,-26],[15,-21],[80,-58],[83,-74],[-44,-77],[4,-26],[27,-13]],[[22011,19041],[-95,54],[-29,32],[-104,80],[-62,35],[-42,13],[-112,-4],[-51,36],[-5,34],[-32,34],[-5,68],[-19,39],[-47,61],[-34,27],[-32,-14],[-11,-36],[-40,-25],[-43,-45],[-40,-4],[-45,23],[-42,-30],[-8,-58],[-50,-5],[-27,-23],[-65,-10],[-45,4],[-162,-124],[-82,3],[-79,-52],[-29,-11],[-82,22],[-22,-4],[-113,-68],[-35,2],[-56,25],[-15,57],[11,45],[-28,40],[-46,103],[-61,50],[-104,12],[-37,12],[-80,93],[-22,53],[-52,64],[-49,34],[-120,48],[-23,16],[-44,66],[-63,181],[-33,39],[-30,0],[-36,-21],[-21,-67],[-5,-63],[-34,-64],[2,-58],[-72,-148],[-74,70],[-57,80],[-21,60],[-12,184],[-7,12],[-191,31],[-93,21],[-132,47],[-104,28],[-261,95],[-59,13],[-145,3],[-79,26],[-41,46],[-12,28],[-1,55],[-190,8],[-64,22],[-62,-16],[-51,15]],[[17936,39123],[41,-317],[-44,-4],[-41,-39],[-3,-82],[11,-54],[37,-61],[25,-78],[22,-97],[68,-41],[69,17],[103,2],[28,13],[49,50],[66,18],[47,-14],[35,-26],[27,-39],[89,-178],[84,-145],[-64,-63],[-16,-64],[3,-70],[26,-79],[44,-80],[27,-17],[44,-5],[62,-58],[62,-113],[34,-107],[10,-51],[1,-114],[-52,-12],[-30,-17],[-8,-52],[-27,-68],[-5,-49],[37,-58],[-25,-26],[6,-24],[32,-46],[-10,-59],[92,-116],[57,-39],[60,-16],[20,-40],[66,-58],[29,-48],[25,-78],[51,-55],[34,-12],[77,54],[56,-25],[39,-48],[25,-56],[14,-99],[-7,-34],[-44,-68],[-3,-36],[21,-113],[-26,-42],[-57,-52],[-22,-63],[-10,-68],[-31,-63],[-60,-37]],[[14595,32769],[-37,56],[-27,13],[-62,-16],[-100,-98],[-68,-14],[-152,-2],[-84,20],[-26,22],[-12,65],[39,69],[11,52],[-15,29],[-51,58],[-11,47],[-37,21],[-33,51],[-59,50],[13,100],[-91,-1],[-39,26],[-64,3],[-101,-7],[-66,5],[-68,42],[-41,4],[9,40],[-16,101],[-69,90],[13,33],[23,20],[8,36],[-16,78],[-24,55],[43,135],[46,68],[42,81],[76,102],[24,63],[-22,32],[6,64],[-64,0],[-52,-30],[-37,-39],[-30,1],[-49,34],[-60,-38],[-33,10],[-60,49],[-100,-33],[-37,15],[-59,66],[-75,32],[-57,31],[-40,2],[-29,-29],[-34,-73],[-42,-53],[-86,-39],[-116,-2],[-83,-11],[-57,-15],[-39,-30],[-55,-104],[-120,-160],[-44,-28],[-81,-37],[-28,-2],[-33,24],[-39,86],[-31,154],[-26,21],[-369,40]],[[11492,34204],[30,13],[84,12],[61,25],[42,44],[18,31],[0,59],[-23,69],[13,65],[-7,47],[-64,26],[-19,26],[0,49],[-21,16],[-36,-10],[-18,20],[-12,73],[-62,41],[-40,42],[-24,10],[-27,34],[-17,82],[5,80],[-35,36],[18,46],[20,21],[48,15],[33,-6],[64,-33],[56,3],[98,85],[32,11],[66,5],[70,-8],[77,-29],[43,-8],[43,37],[6,68],[26,62],[44,54],[48,19],[216,38],[34,30],[-7,50],[-70,113],[5,43],[32,15],[66,11],[24,17],[74,92],[76,38],[161,116],[63,50],[71,45],[39,42],[8,48],[-41,117],[-38,47],[-70,47],[-69,19],[-175,-2],[-20,16],[-24,129],[-5,70],[5,59],[-29,65],[13,46],[2,63],[-41,85],[-20,116],[25,133],[-3,42],[18,57],[-4,61],[-15,52],[35,19],[73,-2],[51,11],[114,3],[14,20],[43,2],[84,49],[0,18],[44,24],[51,64],[70,3],[79,14],[30,31],[44,4],[20,18],[93,-8],[50,7],[97,35],[86,6],[39,29],[38,42],[128,34],[19,11],[53,74],[62,8],[3,56],[41,49],[-13,38],[-43,8],[-58,38],[-16,61],[18,28],[36,14],[-82,71],[-93,-3],[-52,18],[-11,26],[0,51],[-15,20],[-49,10],[-29,33],[4,35],[23,42],[6,38],[-17,61],[9,31],[37,37],[-24,33],[-2,33],[19,49],[-2,44],[-22,75],[2,39],[24,25],[68,28],[12,32],[18,106],[59,80],[-2,69],[8,59],[-15,54],[-65,79],[-25,15]],[[13602,39504],[115,11],[99,-8],[13,-27],[39,-4],[37,-29],[76,-21],[30,3],[61,47],[54,110],[6,37],[-8,58],[50,40],[53,31],[36,5],[47,-15],[77,-2],[139,-65],[75,-8],[41,17],[53,47],[65,38],[43,34],[95,46],[61,0],[76,-30],[44,25],[53,70],[61,31],[75,1],[166,-39],[65,17],[48,71],[25,74],[40,53]],[[61462,45507],[7,-71],[-23,-72],[4,-39],[-28,-28],[2,-50],[-14,-48],[-15,-98],[-23,-57],[-68,-52],[-10,-43],[38,-99],[-1,-26],[-23,-30],[10,-26],[-7,-44],[22,-55],[-25,-118],[-36,-43],[22,-71],[-43,-33],[-49,-18],[-31,-37],[-47,-26],[55,-63],[56,-25],[6,-17],[-49,-62],[9,-43],[43,-43],[-29,-31],[-19,5],[-59,-56],[-29,-53],[-114,-65],[-13,-42],[-18,-103],[-29,-32],[-48,-105],[-64,-46],[-77,-16],[-46,0],[-23,-15],[-53,-77],[-37,-13],[-32,20],[-42,-6],[-53,-33],[-25,-4],[-38,-36],[19,-34],[34,-31],[3,-37],[-11,-38],[9,-40],[-8,-52],[3,-93],[17,-22],[-5,-88],[54,-120],[37,-101],[50,-22],[34,-25],[7,-65],[42,-62],[19,-70],[19,-41],[-11,-49],[10,-41],[34,-43],[22,-64],[5,-59],[-16,-87],[31,-215],[-9,-28],[-36,-16],[-45,-6],[-136,25],[-34,2],[-60,-14],[-20,-13],[-39,-78],[-34,-41],[-132,-100],[-23,-39],[-8,-48],[17,-95],[38,-81],[39,-52],[29,-18]],[[60341,41261],[-70,-40],[-10,-23],[-37,-27],[-36,-4],[-7,-31],[-49,-30],[-61,-69],[-33,-14],[-33,-47],[-89,-72],[-92,-28],[-25,4],[-25,-24],[-33,5],[-27,-38],[-60,-46],[-49,42],[-69,-29],[-43,-3],[-50,32],[-22,34],[-55,8],[-71,-38],[-36,18],[-19,25],[-26,3],[-40,41],[6,16],[-29,54],[-3,51],[-17,15],[-49,10],[-20,-24],[-41,16],[-22,37],[-48,19],[-34,2],[-14,-30],[-38,-31],[-65,-9],[-32,13],[-30,-20],[-40,1],[-40,39],[-27,-41],[-22,-1],[-60,27],[-26,28],[-33,-23],[-9,27],[-59,16],[-56,-21],[-51,7],[-38,-8],[-63,12],[-104,42],[-30,22],[-71,19],[-63,6],[-85,48],[-60,13],[-133,68],[-38,6],[-71,-9],[-62,-22],[-11,-37],[-66,-119],[-50,-41],[-5,-41],[42,-89],[-7,-44],[-33,12],[-35,50],[-49,-10],[-17,-27],[12,-37],[32,-34],[-15,-27],[-69,-5],[-16,-27],[70,-95],[11,-30],[-30,-63],[-55,-39],[-29,-59],[9,-90],[46,-2],[40,48],[22,-5],[8,-70],[34,6],[0,98],[11,29],[43,-4],[19,-29],[9,-55],[20,-29],[49,20],[5,42],[24,21],[35,-9],[19,-73],[-28,-73],[17,-35],[53,-35],[-9,-58],[-18,-37],[6,-85]],[[57591,40098],[-112,-7],[-197,-24],[-143,-12],[0,-30],[-54,-4],[-48,-16],[-97,-22],[-107,-10],[-67,-15],[-34,-1],[-258,-24],[-107,-2],[-44,13],[-114,6],[-75,72],[-14,36],[-64,35],[-37,54],[-200,-161],[-189,-90],[-128,-79],[-227,-155],[-29,-25],[-66,-18]],[[26446,9060],[5,-44],[-15,-23],[-47,-21],[-69,-8],[-319,13],[-132,-64],[-108,-202],[-99,36],[-97,55],[-71,-97],[-66,-62],[-314,-148],[-88,-9],[-98,-52],[-4,-85],[66,-50],[27,-89],[74,-64],[100,-1],[65,-109],[85,-58],[49,-95],[-49,-77],[-120,-30],[-41,-115],[-65,85],[-205,-10],[-99,21],[-74,33],[-121,5],[-182,-106],[-70,-63],[-21,-116],[-38,-126],[-86,-38],[-281,-15],[-147,-128],[-74,-44],[-25,-88],[-148,-266],[-88,-32],[-85,-72],[-32,-83],[-59,-62],[-87,60],[-78,-90],[-192,6],[-103,-31],[-36,-125],[-160,-127],[-62,-95],[-87,-80],[-80,10],[-97,29],[-146,19],[-74,45],[-100,-47],[-307,-279],[-111,-2],[-63,-58],[-37,-91],[20,-132],[-12,-175],[67,-64],[32,-86],[10,-119],[162,-100],[26,-113],[69,-70],[31,-101],[69,-77],[67,-131],[81,-9],[54,88],[31,113],[100,41],[80,-63],[45,-88],[-99,-130],[55,-178],[-9,-138],[28,-115],[79,-70],[-37,-106],[-195,-133],[-88,-77],[8,-147],[95,-31],[165,6],[73,-102],[42,-86],[-40,-116],[-100,-8],[-70,-78],[-62,-135],[-98,69],[-92,11],[-79,-103],[-99,24],[-169,-9],[-73,38],[-99,2],[-177,-80],[5,-99],[43,-92],[-53,-107],[-315,-187],[-65,-68],[-112,-152],[-20,-129],[117,-40],[151,53],[69,-57],[-69,-132],[-85,2],[-105,-85],[-44,-96],[-75,-46],[-143,36],[-113,-30],[-54,-65],[-69,-129],[-32,-132],[-134,33],[-73,35],[-105,4],[-120,-43],[-101,43],[-23,109],[-70,112],[-101,24],[-113,-50],[-116,-71],[-116,-41],[-80,28],[-74,73],[-112,53],[-135,-34],[-66,-75],[-88,-40],[-107,-29],[-102,-76],[-138,34],[-88,76],[-69,85],[-87,243],[18,93],[-38,125],[-80,57],[-56,104],[-117,-27],[-147,-85],[-108,-104],[146,-168],[-53,-91],[-213,-41],[-136,-2],[-27,-103],[10,-112],[-177,75],[-110,1],[-64,-129],[-102,-65],[-67,95],[-76,-24],[-104,-55],[-130,-2],[-134,-75],[-150,10],[-53,89],[-76,86],[-107,-37],[-76,-69],[-23,-102],[47,-86],[168,-72],[-140,-169],[-13,-170],[42,-102],[103,18],[88,-50],[18,-83],[-70,-149],[-80,-40],[-169,-28],[-41,-90],[-102,-76],[-78,-10],[-102,44],[-219,-106],[-120,-122],[-30,33],[-87,17],[-58,86],[-23,115],[-35,80],[-104,97],[-81,23],[-98,-6],[-70,-34],[-150,-34],[-110,17],[-168,137],[-75,137],[-57,129],[-50,47],[-79,3],[-58,-36],[-48,-78],[-78,-89],[-104,-100],[-41,-59],[-41,-87],[-33,-103],[-36,-75],[-39,-63],[-75,-162],[-22,-8],[-44,9],[-98,48],[-29,22],[-79,102],[-78,66],[-67,34],[-59,13],[-58,26],[-34,37],[-63,107],[-47,37],[-35,9],[-65,-44],[-35,-63],[-20,-21],[-53,11],[-32,37],[-47,125],[-24,38],[-118,94],[-42,-15],[-108,71],[-61,32],[-42,41],[-26,46],[-13,92],[18,108],[63,124],[6,29],[-9,53],[-38,109],[-3,94],[-20,49],[-26,11],[-57,-5],[-40,-14],[-41,0],[-29,17],[-75,195],[-69,323],[-158,282],[-23,11],[-128,26],[-77,52],[-20,78],[-14,8],[-69,-2],[-16,21],[-20,115],[-24,48],[-2,66],[-31,36],[-52,-3],[-57,-28],[-39,2],[-155,-83],[-28,-4],[-30,16],[-14,58],[-5,111],[29,87],[2,172],[-31,100],[-46,55],[-41,29],[-50,80],[-29,62],[-117,100],[-101,44],[-59,55],[-66,88],[-91,65],[-47,20],[-59,-10],[-35,-36],[-30,-53],[-42,-98],[-201,-313],[-70,-49],[-107,-40],[-26,-28],[-3,-38],[49,-60],[21,-37],[-16,-82],[-4,-50],[-15,-42],[-50,-26],[-37,-55],[-69,-50],[-35,-12],[-19,-35],[-50,-15],[-66,22],[-136,74],[-87,11],[-50,-11],[-54,5],[-90,46],[-67,52],[-41,17],[-103,14],[-101,39],[-50,42],[-74,42],[-52,38],[-41,18],[-97,20],[-84,31],[-66,39],[-66,49],[-22,7],[-183,-28],[-27,5],[-26,45],[-4,35],[12,167],[-6,115],[-9,46],[-8,114],[-13,26],[-103,-17],[-22,8],[-24,46],[-2,100],[-30,68],[-33,25],[-57,22],[-97,-8],[-47,12],[-33,23],[-3,52],[23,88],[-18,49],[-45,50],[-1,45],[25,50],[-16,64],[63,66],[22,69],[-14,20],[-68,20],[-51,38],[-65,12],[-80,-20],[-89,15],[-14,11],[-25,75],[-39,55],[-84,15],[-16,10],[-17,51],[-14,7],[-108,-59],[-82,-31],[-284,-129],[-36,11],[-50,31],[-55,-14],[-40,-44],[-83,-67],[-21,-1],[-100,21],[-70,33],[-39,41],[-62,-7],[-40,-15],[-79,-57],[-4,-26],[47,-68],[83,-84],[13,-38],[11,-79],[12,-282],[0,-108],[-7,-46],[-48,-36],[-40,-5],[-163,2],[-88,-27],[-109,-43],[-90,12],[-29,-23],[-37,-60],[-54,-20],[-48,-35],[-86,-38],[-41,-49],[-33,-8],[-92,-89],[-49,-30],[-103,-11],[-27,6],[-44,60],[-92,32],[-9,72],[-34,28],[-103,10],[-52,-19],[-53,4],[-75,-21],[-67,42],[-33,3],[-30,40],[-53,22],[-47,-38],[-27,7],[-60,76],[-18,40],[-31,18],[-12,40],[-40,35],[11,73],[-29,24],[-105,4],[-170,-24],[-33,23],[-80,123],[-73,-3],[-38,9],[-58,64],[-49,7],[-41,-37],[-52,-2],[-70,55],[-113,-20],[-66,51],[-69,20],[-38,3],[-93,-50],[-69,-58],[-78,5],[-94,-8],[-64,27],[-30,4],[-99,-24],[-57,1],[-119,67],[-87,70],[-88,48],[-41,0],[-50,-65],[-14,-6],[-69,14],[-74,-53],[-75,-23],[-21,5],[-52,60],[-22,97],[-60,43],[-32,36],[-88,-1],[-43,49],[-83,27],[5,-72],[-63,-49],[-89,-43],[-71,-68],[-47,-19],[-40,10],[-120,53],[-3,43],[-41,65],[3,49],[71,60],[154,88],[29,64],[-2,45],[79,116],[29,66],[141,69],[129,-35],[56,-4],[53,22],[32,38],[-2,45],[-25,33],[-68,60],[-7,25],[8,81],[-79,100],[-27,55],[-17,62],[-29,46],[-139,106],[-9,41],[45,37],[28,70],[-11,109],[-15,50],[-55,51],[-6,70],[30,42],[35,29],[-21,43],[-30,3],[-61,-12],[-41,-34],[0,-24],[-24,-26],[-27,-4],[-20,24],[-8,69],[14,42],[-9,30],[-49,60],[-95,42],[-38,-5],[-17,-18],[-21,-63],[-45,3],[-9,48],[42,126],[48,65],[7,23],[-22,24],[-54,32],[-34,0],[-33,-20],[-38,-78],[-50,-59],[-58,-31],[-37,6],[-43,42],[-57,96],[6,31],[41,94],[-1,40],[-31,64],[-24,28],[-133,51],[-11,39],[121,166],[67,102],[39,33],[107,69],[59,27],[66,20],[82,-11],[76,11],[135,7],[87,38],[13,40],[-15,89],[48,79],[33,90],[35,42],[-33,10],[-85,-2],[-70,-15],[-59,30],[-13,44],[-20,147],[-21,79],[-32,43],[-24,-5],[-38,-73],[-48,4],[-32,38],[-38,90],[-20,76],[-4,107],[9,94],[28,71],[-15,46],[3,34],[75,76],[12,59],[-33,52],[22,29],[43,0],[68,-13],[29,-21],[25,-46],[44,-43],[49,-22],[94,-62],[36,-15],[101,74],[57,25],[99,23],[54,22],[34,29],[14,35],[-3,61],[-45,181],[6,67],[-11,15],[-123,49],[-21,17],[-10,47],[-20,190],[-5,109],[12,24],[39,17],[49,-5],[59,-43],[44,-100],[70,-60],[61,-9],[42,4],[141,90],[65,0],[38,-25],[19,-50],[44,-196],[23,-35],[61,-51],[20,-58],[-2,-49],[26,-46],[34,-10],[44,6],[25,18],[23,50],[-12,54],[-59,88],[6,60],[21,27],[147,58],[43,35],[26,0],[45,-24],[108,-110],[76,-43],[73,-19],[363,7],[38,4],[49,24],[53,12],[64,-11],[23,-67],[40,-38],[31,-5],[53,18],[54,72],[48,169],[5,76],[-8,72],[0,76],[13,120],[18,90],[24,49],[59,58],[53,67],[12,73],[-40,72],[0,26],[39,33],[69,8],[71,-1],[182,168],[64,71],[25,94],[52,118],[69,45],[46,59],[25,15],[98,-3],[74,23],[62,54],[20,38],[2,83],[-35,61],[9,36],[163,185],[93,49],[19,38],[4,37],[24,83],[-29,9],[-72,-19],[-32,6],[-48,38],[3,57],[-12,15],[-53,6],[-70,-10],[-71,1],[-23,32],[97,77],[26,8],[77,-17],[72,32],[61,4],[24,20],[50,69],[35,83],[26,18],[57,72],[24,62],[27,22],[27,49],[-5,72],[-28,59],[19,72],[-15,21],[-47,12],[-64,-10],[-46,22],[44,21],[27,32],[-18,32],[-43,4],[-17,-41],[-54,-2],[-47,-40],[-32,4],[7,51],[29,32],[38,14],[24,27],[79,24],[13,36],[-24,26],[11,45],[-16,66],[28,33],[139,35],[26,37],[20,66],[32,24],[22,-13],[12,-63],[36,7],[-14,46],[-39,82],[-46,45],[-51,10],[4,36],[27,71],[65,78],[87,63],[49,15],[36,-5],[18,-32],[51,-7],[36,40],[47,31],[26,51],[38,38],[10,60],[34,65],[-52,11],[1,27],[-99,-57],[-58,11],[-27,22],[-24,46],[-56,-4],[-94,21],[-19,37],[67,27],[8,35],[-27,36],[29,42],[0,43],[-35,59],[79,3],[14,38],[2,48],[35,16],[8,35],[20,27],[-24,36],[16,16],[20,57],[-29,27],[32,52],[-11,26],[34,32],[-9,59],[-24,25],[6,47],[15,23],[-26,35],[37,12],[8,34],[57,4],[52,33],[37,-25],[57,27],[45,-35],[12,35],[34,21],[-33,63],[38,45],[-36,28],[64,27],[23,26],[34,10],[23,30],[-4,80],[-29,27],[-10,33],[-28,14],[2,42],[24,14],[5,41],[43,9],[34,49],[-8,23],[63,39],[47,-14],[46,53],[119,73],[13,48],[24,38],[-7,28],[-58,-23],[-2,30],[27,54],[42,52],[-22,31],[14,41],[-28,29],[35,26],[9,39],[33,78],[-62,43],[5,38],[36,34],[-7,36],[58,53],[58,21],[37,-5],[60,-73],[5,-39],[-12,-54],[13,-24],[81,-33],[76,51],[27,32],[55,-13],[28,-59],[15,-73],[44,-43],[6,-37],[58,-17],[20,-25],[7,-132],[13,-27],[27,-12],[82,-7],[113,2],[80,-18],[32,46],[11,48],[29,21],[42,-4],[16,-14],[81,-7],[73,33],[131,81],[65,16],[49,-35],[46,-56],[62,8],[72,-26],[90,58],[17,0],[64,-29],[36,4],[67,64],[71,10],[62,44],[49,-1],[105,54],[74,5],[153,42],[38,22],[36,41],[29,0],[57,-39],[30,10],[47,-8],[36,18],[37,-12],[74,22],[49,63],[63,46],[62,-2],[97,-56],[44,7],[43,-52],[72,-5],[39,-15],[47,19],[42,-6],[14,36],[-26,34],[17,41],[-33,20],[5,49],[-18,32],[-16,71],[17,91],[25,18],[36,-6],[36,-33],[54,-23],[20,-32],[-2,-60],[32,-32],[70,-7],[46,-17],[37,-36],[17,-39],[55,-17],[31,-48],[49,-2],[32,-23],[45,24],[20,72],[25,29],[24,-7],[37,-70],[16,-57],[38,-32],[98,-9],[57,-14],[44,10],[76,2],[55,32],[42,12],[35,87],[27,46],[81,60],[133,45],[52,37],[35,3],[24,-22],[23,-46],[18,22],[-5,46],[-56,74],[-6,30],[18,40],[-49,25],[112,23],[58,-27],[52,-44],[30,24],[-116,99],[15,23],[72,-4],[38,16],[48,-17],[60,6],[-6,46],[53,5],[33,-17],[6,-54],[55,-67],[19,-11],[67,0],[19,-29],[-7,-57],[-23,-32],[4,-33],[-16,-41],[12,-35],[79,-23],[61,-62],[29,-58],[48,-76],[147,-54],[29,-26],[-37,-41],[18,-28],[36,0],[52,-19]],[[11716,15425],[5,-92],[24,-40],[43,-20],[105,16],[38,-16],[31,-35],[26,-68],[48,-43],[22,-44],[59,-27],[47,-36],[48,-66],[71,-47],[97,-119],[47,-32],[88,-23],[35,-35],[23,-53],[54,-59],[92,-44],[69,-13],[73,63],[14,-9],[-11,-91],[7,-53],[22,-65],[47,-64],[37,-17],[62,-83],[125,-143],[74,-97],[18,-5],[61,-46],[47,-2],[65,35],[62,14],[18,-19],[7,-40],[-18,-125],[35,-54],[49,-27],[65,-68],[27,-7],[65,3],[59,-10],[62,-65],[2,-24],[-41,-70],[20,-36],[53,-51],[7,-18],[-9,-77],[9,-20],[46,-48],[-27,-61],[75,-96],[-17,-48],[8,-31],[70,-28],[11,-31],[-35,-31],[-5,-72],[25,-15],[16,-45],[21,-19],[49,3],[109,-20],[-9,-57],[60,-44],[0,-30],[64,-32],[32,-52],[15,-65],[14,-25],[-1,-66],[-47,-57],[-98,-27],[-50,-27],[22,-49],[-13,-37],[-70,-44],[22,-32],[72,-9],[117,33],[47,41],[30,1],[17,-42],[-1,-52],[10,-29],[25,1],[56,58],[37,14],[30,-51],[27,-22],[51,-2],[12,-19],[67,17],[-15,51],[14,48],[19,4],[27,-38],[35,-9],[22,19],[35,58],[2,22],[-46,43],[15,53],[133,118],[92,67],[87,19],[76,-5],[41,49],[1,52],[51,13],[74,-49],[40,-9],[23,-41],[25,-89],[23,-42],[34,-14],[34,-36],[76,-20],[71,-88],[31,-14],[57,-5],[33,-34],[31,-8],[116,17],[24,-19],[-22,-51],[46,-95],[63,-63],[6,-39],[1,-85],[21,-40],[-1,-90],[16,-16],[48,-8],[49,50],[60,-9],[51,21],[69,-32],[57,-3],[29,-38],[5,-57],[24,-42],[46,-125],[43,-63],[-5,-86],[27,-64],[-5,-34],[-77,-71],[-5,-18],[31,-26],[11,-51],[17,-22],[194,-36],[38,-41],[0,-75],[-25,-54],[-7,-81],[47,-220],[56,-42],[-4,-29],[-58,-100],[-8,-26],[31,-38],[-20,-75],[32,-47],[50,6],[4,-28],[30,-21],[-5,-54],[6,-46],[26,-51],[67,-91],[8,-70],[14,-13],[62,6],[13,-27],[-3,-77],[47,-50],[63,-29],[51,-67],[38,-8],[85,20],[24,13],[38,61],[41,30],[31,8],[37,29],[42,-7],[50,-29],[63,4],[30,-24],[25,-68],[93,-9],[21,-17],[14,-105],[19,-36],[32,-20],[59,-3],[79,-42],[35,-60],[73,-22],[82,-3],[101,-21],[97,-36],[56,-39],[62,-18],[99,21],[64,-12],[34,23],[11,108],[30,59],[38,42],[62,1],[24,-8],[60,-46],[40,-50],[51,-110],[39,-122],[39,0],[26,28],[69,37],[42,32],[1,107],[26,56],[32,24]],[[37072,57443],[79,1],[81,44],[50,-10],[43,-43],[84,-5],[59,-12],[69,-39],[24,-4],[34,19],[41,57],[143,132],[46,-1],[115,-58],[54,-1],[27,26],[32,96],[5,76],[-39,113],[-1,93],[20,59],[-12,115],[-14,229],[13,77],[37,120],[13,54],[96,13],[91,30],[68,59],[24,47],[-16,56],[-23,17],[-14,41],[32,104],[20,128],[31,138],[28,36],[67,47],[48,43],[19,56],[-1,47],[-29,73],[-42,84],[34,40],[108,35],[154,45],[90,30],[133,-33],[50,-30],[78,-70],[37,-52],[28,-80],[1,-164],[18,-120],[21,-92],[47,-19],[96,39],[54,31],[158,-77],[44,-13],[107,-12],[150,-47],[48,-11],[110,10],[61,0],[85,-16],[40,75],[52,53],[55,24],[131,21],[65,39],[64,62],[47,12],[146,-1],[121,19],[71,-9],[103,0],[66,8],[124,-19],[51,-30],[115,-3],[178,-27],[37,-24],[57,-119],[66,-22],[66,6],[84,-37],[38,1],[71,49],[183,46],[109,-5],[123,-44],[41,-8],[80,-4],[62,-23],[45,-34],[32,-60],[15,-100],[14,-14],[169,-54],[60,-30],[55,-38],[58,-12],[57,2],[52,12],[87,31],[78,35],[166,39],[109,-11],[77,-16],[119,-12],[89,3],[88,-10],[93,-30],[55,-32],[72,-11],[42,10],[51,48],[62,80],[73,61],[67,32],[93,31],[181,35],[34,-2],[106,-31],[66,-33],[39,-7],[85,72],[-9,-114],[20,-92],[41,-81],[2,-43],[-39,-99],[-6,-43],[60,-131],[60,-87],[5,-16],[-11,-75],[-39,-100],[18,-19],[57,23],[41,-4],[47,-19],[58,6],[101,46],[50,13],[135,19],[149,32],[28,33],[56,19],[24,-37],[10,-73],[30,-85],[83,-38],[53,-92],[23,-21],[56,-10],[47,-19],[64,-10],[103,0],[25,-9],[2,-55],[24,-31],[43,-11],[101,4],[62,-23],[22,-20],[44,-71],[24,-88],[53,-19],[101,-70],[13,-21],[11,-69],[14,-42],[72,-85],[39,-34],[115,-83],[40,-39],[58,-74],[9,-38],[-20,-76],[53,-16],[89,-60],[110,-45],[49,-44],[29,-45],[24,-85],[86,-103],[5,-141],[26,-33],[60,-39],[81,-18],[53,-27],[30,-47],[-12,-37],[17,-86],[5,-109],[9,-42],[27,-51],[67,-66],[31,-15],[45,3],[71,94],[24,20],[67,32],[124,11],[84,25],[80,8],[18,11],[28,87],[32,29],[53,7],[23,14],[0,59],[21,52],[-4,74],[-38,63],[-60,117],[-3,34],[25,43],[86,72],[51,35],[58,-9],[66,-68],[15,-31],[41,-33],[83,-42],[94,-10],[111,36],[51,75],[72,52],[137,56],[33,4],[26,-15],[13,-65],[43,-30],[66,-4],[78,9],[94,-24],[68,-54],[60,-22],[53,-7],[41,-25],[21,-26],[21,-56],[45,-44],[102,-74],[74,-118],[66,-89],[33,-24],[1,-21],[-38,-38],[-48,-79],[-51,-66],[-62,-73],[-15,-43],[13,-35],[69,-36],[76,-52],[43,-19],[53,-35],[81,-71],[106,-54],[95,-65],[61,-61],[80,-100],[16,-48],[-27,-125],[-3,-46],[21,-42],[92,-68],[30,-45],[13,-64],[-3,-46],[-20,-79],[3,-63],[-14,-90],[6,-19],[59,-80],[41,-67],[30,-89],[30,-48],[36,-37],[64,-46],[22,-31],[21,-70],[38,-92],[4,-59],[20,-82],[15,-36],[50,-37],[41,-55],[28,-67],[9,-49],[-8,-66]],[[43888,50057],[-56,22],[-78,50],[-68,24],[-24,16],[-38,66],[-22,14],[-52,1],[-55,61],[-30,77],[-25,30],[-34,5],[-52,38],[-45,19],[-33,-1],[-25,-21]],[[43206,50435],[-38,-3],[-53,15],[-100,56],[-47,40],[-29,-5],[-72,-57]],[[39700,47780],[-29,-22],[-89,-38],[-133,-66]],[[38894,46711],[-1,-31],[-51,-32],[-80,-15],[-34,-28]],[[51644,30311],[0,44],[31,75],[46,26],[112,-33],[37,11],[61,33],[49,17],[92,75],[18,26],[30,127],[16,105]],[[54096,32126],[-43,-33],[-18,-44],[-75,-100],[-42,-12],[-43,-34],[-71,-123],[8,-20],[-28,-52],[-27,-26],[-54,-76],[-3,-33],[-63,-5],[-22,-31],[-52,-39],[9,-31],[-7,-45],[-33,-34],[21,-90],[-52,-60],[-61,-24],[-9,-32],[-4,-89],[29,-71],[-52,-122],[16,-75],[-2,-78],[-48,-49],[-47,-27],[-33,-46],[-29,-57],[-35,-34],[-62,-108],[-16,-40],[-41,-40],[-28,-61],[3,-41],[-34,-44],[17,-47],[-11,-34],[25,-21],[9,-43],[-4,-84],[27,-28],[-21,-49],[51,-41],[15,-49],[2,-51],[-35,-91],[-2,-84],[35,-78],[2,-37],[59,-40],[18,-33],[9,-108],[-3,-74],[29,-32],[8,-32],[33,-26],[55,-130],[-4,-51],[35,-39],[1,-26],[27,-59],[42,-64],[35,-39],[28,-15],[13,-67],[-20,-66],[10,-46],[24,-29],[45,-15],[-61,-80],[-32,-67],[-13,-55],[-26,-6],[-49,18],[-103,66],[-20,-9],[-60,-88],[-45,-84],[-61,-11],[-154,-82],[-77,-58],[-19,-29],[-29,-13],[-42,9],[-33,33],[-30,-8],[-72,-178],[-52,-77],[-53,-25],[-47,-4],[-51,-28],[-56,-20],[-43,-31],[-77,-73],[-4,-162],[-9,-36],[-47,-9],[-171,66],[-82,112],[-58,37],[-46,5],[-69,-5],[-22,18],[-26,50],[-41,49],[-67,65],[-48,36],[-52,-9],[-46,-38],[-46,9],[-39,51],[-67,41],[-64,0],[-19,-15],[-60,-117],[-37,-21],[-73,-13],[-12,-17],[-37,-105],[-7,-61],[25,-117],[-9,-38],[-31,-26],[-39,-4],[-55,-21],[-115,26],[-38,2],[-38,-15],[-20,-25],[-8,-43],[-37,-96],[-37,-50],[-57,-50],[-72,-50],[-46,-55],[-70,-42],[-51,-45],[-23,-36],[-27,-21],[-27,-62],[-34,-47],[24,-70],[4,-69],[-26,-64],[-44,-30],[-91,-35],[-38,-83],[-19,-22],[-69,-9],[-24,-13],[-37,-39],[-54,-38],[-46,-55],[5,-60],[-24,-45],[-63,-27],[-44,-47],[-95,-23],[-61,-6],[-56,-36],[-39,1],[-45,-15],[-33,-45],[-69,-36],[-62,-47],[-49,-11],[-30,49],[-23,-3],[-83,-52],[-30,-102],[4,-35],[-11,-45],[-35,-27],[-71,-6],[-91,-26],[-63,-7],[-122,-105],[-12,-30],[-59,-38],[26,-65],[1,-37],[-20,-43],[-8,-46],[-32,-63],[-37,-10],[-114,20],[-71,-18],[-49,15],[-132,-6],[-47,-16],[1,-26],[55,-64],[21,-40]],[[48152,24938],[-31,-21],[-23,-39],[-46,-26],[-106,-8],[-57,12],[-73,56],[-52,12],[-34,19],[-49,60],[-82,78],[-15,47],[18,87],[-4,35],[13,98],[-1,36],[-17,34],[-25,14],[-266,4],[-117,-19],[-26,6],[-34,52],[-62,66],[-25,46],[5,44],[30,39],[35,22],[104,48],[-1,15],[-108,70],[-11,25],[-12,88],[6,90],[43,157],[-2,56],[-56,92],[-1,39],[22,29],[87,160],[20,23],[49,30],[124,26],[27,24],[22,43],[-13,74],[14,98],[0,49],[27,76],[55,56],[92,65],[7,22],[-47,70],[15,28],[8,54],[29,26],[29,47],[29,26],[47,67],[30,74],[29,53],[3,21],[-20,71],[-8,70],[1,116],[-18,81],[-13,112],[4,28],[-43,137],[-31,28],[-32,47],[-69,41],[-42,-1],[-61,53],[-15,78],[-2,46],[-28,59],[-31,37],[-39,77],[-99,51],[-36,1],[-26,30],[-30,142],[-19,20],[-43,17],[-128,36],[-5,53],[-51,16],[-252,-80],[-11,78],[-58,98],[-48,66],[-34,68],[43,-21],[68,2],[131,59],[88,138],[42,88],[64,80],[38,55],[54,28],[177,55],[105,72],[26,11],[53,-12],[74,-35],[101,20],[60,-20],[58,87],[-57,76],[-46,42],[-28,42],[-28,62],[-23,100],[-47,59],[-34,108],[-64,87],[116,411],[30,151],[24,48],[42,57],[16,49],[-6,144],[-45,120],[-9,39],[-66,69],[-15,91],[-40,35]],[[62963,47240],[51,-51],[29,-82],[18,-19],[81,12],[26,39],[31,8],[11,40],[45,44],[36,14],[34,41],[0,37],[-69,24],[-37,27],[-30,45],[0,23],[30,24],[50,8],[34,20],[32,50],[54,21],[36,35],[-1,25],[-41,29],[-1,27],[32,58],[42,94],[-4,27],[-51,57],[-16,49],[25,81],[-42,66],[9,42],[23,22],[80,18],[42,-7],[50,10],[35,31],[4,52],[32,8],[45,-37],[77,-6],[54,34],[43,4],[56,-21],[87,49],[22,67],[34,52],[21,52],[49,28],[27,28],[35,69],[48,-12],[-1,55],[15,20],[73,36],[-11,107],[48,30],[22,2],[102,-34],[36,-56],[69,-21],[87,-50],[73,-50],[59,18],[15,112],[49,75],[31,138],[59,29],[22,29],[43,164],[16,26],[64,42],[96,-23],[44,3],[40,-45],[26,-2],[13,62],[-22,65],[41,56],[-17,44],[4,23],[67,52],[68,-4],[78,32],[55,41],[58,22],[136,84],[17,29],[15,74],[43,39],[31,4],[18,23],[-20,89],[42,7],[84,50],[18,20],[43,16],[45,39],[51,11],[60,40],[96,23],[47,20],[82,70],[53,30],[85,19],[39,-11],[53,-48],[45,9],[31,20],[28,-3],[4,40],[35,9],[-3,25],[24,19],[28,92],[-11,25],[33,29],[8,29],[109,71],[69,50],[35,14],[28,28],[66,1],[33,12],[47,44],[46,27],[63,-7],[104,-67],[67,-33],[101,-25],[122,-7],[65,5],[141,52],[78,0],[37,-37],[25,0],[52,27],[36,0],[30,46],[7,68],[17,28],[-20,32],[43,16],[-3,45],[52,3],[-7,61],[37,15],[-4,40],[51,27],[28,39],[54,20],[38,33],[-15,24],[13,43],[44,6],[-18,35],[17,60],[-9,32],[-45,40],[11,31],[-35,3],[-19,27],[8,42],[18,30],[67,48],[109,68],[169,90],[11,17]],[[72848,25147],[-22,47],[-110,108],[-52,36],[-22,31],[2,28],[48,107],[7,39],[-23,57],[-42,41],[-66,20],[-59,-10],[-42,-29],[-48,-64],[-28,-52],[-36,-107],[-45,-42],[-35,-1],[-73,37],[-39,6],[-28,-18],[-50,-110],[-82,-77],[-74,-13],[-67,17],[-38,41],[-41,75],[-77,15],[-75,-27],[-22,-16],[-79,-92],[-92,-73],[-46,1],[-19,24],[-20,49],[2,50],[70,119],[-13,40],[-36,-4],[-45,-26],[-24,3],[-41,37],[-37,91],[-35,23],[-34,-21],[-18,-58],[-28,-158],[-19,-50],[-83,-115],[-42,-139],[-14,-15],[-92,-54],[-15,-42],[11,-57],[-13,-82],[-16,-42],[-63,-38],[-77,13],[-162,16],[-25,-8],[-35,-73],[-50,-39],[-38,-2],[-67,35],[-33,3],[-140,-44],[-207,-48],[-45,-20],[-98,-59],[-46,-16],[-23,-41],[-24,-91],[-21,-39],[-21,-14],[-33,-73],[-49,-56],[-149,-85],[-113,-101],[-72,-52],[-36,3],[-50,52],[-26,63],[8,82],[-12,33],[-47,35],[-136,34],[-54,-4],[-114,-49],[-61,-2],[-31,-15],[-81,-102],[-62,-4],[-72,50],[-67,61],[-45,33],[-58,5],[-32,-15],[-61,-59],[-80,-99],[-72,-64],[-38,-26],[-31,-4],[-87,32],[-51,-32],[13,-83],[18,-60],[-26,-45],[-46,-27],[-25,-29],[-8,-43],[-7,-109],[-8,-270],[-8,-28],[-57,-18],[-143,45],[-100,53],[-38,10],[-91,2],[-57,-9],[-42,-17],[-76,-58],[-89,-80],[-62,-73],[-8,-20],[16,-59],[-21,-54],[-11,-79],[-65,-77],[-98,-138],[-45,-29],[-42,-14],[-56,5],[-41,26],[-52,62],[-37,10],[-74,-23],[-54,-8],[-48,21],[-79,105],[-37,8],[-70,-3],[-57,25],[-37,0],[-64,-31],[-121,-22],[-60,5],[-53,36],[-14,31],[16,40],[0,44],[-13,31],[4,54],[24,69],[6,92],[-21,94],[-29,89],[-34,59],[-40,40],[-33,19],[-75,21],[-100,-41],[-97,-55],[-72,-34],[-45,-47],[-41,-16],[-62,-2],[-80,39],[-79,57],[-60,28],[-55,48],[-32,65],[-39,26],[-127,-16],[-30,17],[0,43],[-28,106],[-27,49],[-60,39],[-54,13],[-59,-2],[-174,-43],[-83,1],[-43,15],[-108,-5],[-40,19],[-45,55],[-36,26],[-69,33],[-66,-4],[-57,-37],[-26,-39],[-46,-97],[-56,-88],[-13,-47],[-2,-77],[-31,-38],[-70,-12],[-40,-25],[-82,-84],[-14,-39],[-5,-111],[-21,-36],[-39,-23],[-34,3],[-52,-21],[-11,-20],[1,-53],[22,-186],[10,-50],[50,-88],[1,-51],[-15,-47],[-43,-64],[-8,-47],[-45,-63],[-27,-92],[-28,-32],[-52,-27],[-55,-41],[-73,-29],[-106,-56],[-117,-26],[-24,-23],[-4,-48],[33,-55],[10,-36],[-7,-67],[-19,-40],[-68,-72],[-36,-60],[-50,-52],[-82,-61],[-41,-50],[-28,-13],[-130,49],[-49,-9],[-59,-33],[-71,8],[-38,41],[-301,89],[-112,-34],[-86,19],[-52,-22],[-23,-80],[-15,-32],[-48,-25],[-76,-54],[-86,-48],[-47,-49]],[[61165,21375],[-63,55],[-186,107],[-64,49],[-38,50],[-10,44],[18,36],[6,55],[-24,32],[-86,48],[-23,30],[-5,38],[14,141],[-23,154],[-22,47],[-34,47],[-45,81],[-79,96],[-64,21],[-62,53],[-69,101],[-93,54],[-52,54],[-34,91],[-38,32],[-64,20],[-45,-2],[-38,-15],[-77,-76],[-31,-79],[-28,-9],[-101,14],[-93,-35],[-45,3],[-20,15],[-63,100],[-33,32],[-132,81],[-29,13],[-114,-40],[-23,2],[-71,47],[-49,16],[-89,-2],[-26,9],[-77,128],[-87,25],[-40,40],[-21,7],[-75,-31],[-101,-4],[-113,-33],[-70,19],[-45,26],[-15,21]],[[58274,23183],[54,-10],[85,9],[44,16],[97,55],[20,18],[50,72],[47,38],[73,33],[82,19],[53,28],[64,82],[58,46],[28,43],[32,73],[35,41],[58,24],[33,24],[27,73],[45,96],[-6,73],[10,39],[66,62],[87,47],[87,85],[49,17],[35,40],[-7,72],[9,41],[51,59],[57,16],[64,38],[54,64],[34,29],[36,47],[22,54],[-5,70],[11,48],[40,61],[36,31],[33,65],[1,79],[-7,47],[-34,56],[-44,28],[-20,38],[29,108],[56,117],[14,81],[-19,61],[-25,35],[-19,57],[-4,45],[-24,61],[-48,74],[-42,94],[15,38],[37,58],[36,29],[89,51],[55,74],[41,33],[57,29],[42,11],[89,93],[52,33],[181,78],[79,44],[75,85],[61,78],[122,30],[28,13],[54,63],[103,71],[49,22],[12,35],[37,33],[82,40],[42,-1],[34,28],[36,7],[34,-11],[38,42],[43,0],[53,42],[30,6],[67,-4],[22,13],[29,58],[73,16],[43,40],[16,30],[84,67],[-1,46],[39,11],[14,38],[-23,24],[-59,33],[-15,41],[10,32],[49,82],[14,65],[36,25],[0,55],[12,50],[47,38],[21,32],[-6,54],[20,36],[29,-8],[34,18],[-27,38],[58,3],[0,60],[65,19],[-6,28],[36,50],[56,9],[-22,35],[23,84],[-14,34],[21,33],[-6,33],[55,49],[95,-34],[35,58],[-13,21],[10,66],[44,83],[-49,-1],[-58,-18],[-9,31],[25,23],[-45,49],[55,23],[-20,21],[25,24],[-8,59],[20,44],[-12,26],[32,36],[-56,14],[-8,39],[-17,16],[14,68],[-1,42],[39,30],[38,8],[7,49],[-15,30],[36,76],[-48,20],[9,33],[59,83],[-25,39],[52,27],[-10,46],[29,16],[60,54],[46,170],[-29,42],[15,14],[-67,82],[11,13],[-19,61],[-34,38],[-74,48],[-5,37],[27,28],[-34,32],[-25,76],[-29,49],[31,17],[-4,29],[29,48],[6,49],[-34,52],[11,73],[-37,17],[-57,46],[8,23],[-40,31],[35,40],[-20,17],[-2,54],[20,41],[-8,30],[-25,7],[-52,55],[-47,28],[1,48],[-60,14],[-20,55],[-48,19],[-75,-13],[41,81],[-12,28],[-26,11],[-16,42],[19,36],[-45,11],[5,68],[63,82],[-29,43],[38,3],[-25,69],[25,78],[32,38],[0,25],[34,60],[25,24],[-8,24],[43,80],[-42,44],[26,27],[-26,70],[2,72],[-13,65],[38,52],[-13,52],[102,51],[19,72],[34,32],[-4,28],[35,38],[-3,24],[-33,24],[-19,-6],[-33,50],[-64,23],[-41,31],[-38,7],[-10,35],[-62,18],[-20,81],[-1,46],[-43,26],[-42,42],[-1,46],[-45,58],[-25,104],[67,134],[9,58],[-31,118],[-40,94],[-37,112],[-101,276],[-37,58],[-76,97],[-169,228],[-209,239],[-150,182],[-89,143],[-49,115],[-53,222],[-15,106],[-55,115],[-17,50],[-104,66],[-43,45],[12,36],[1,53],[-19,56],[-18,-13],[-42,56],[69,91],[3,38],[51,101],[25,33],[14,51],[22,18],[48,86],[59,71],[2,46],[-21,19],[-4,67],[8,65],[60,60],[40,-1],[5,67],[15,13],[-15,60],[-61,34],[-13,37],[-27,-10],[-34,28],[1,33],[-18,59],[24,33],[-22,19],[15,53],[0,51],[69,29],[11,101],[23,69],[26,33],[55,33],[55,-13],[53,7],[135,-3],[196,13],[40,38],[-12,231],[30,34],[14,63],[28,21],[79,-9],[-2,26],[45,-8],[-26,47],[-36,-15],[11,45],[-33,36],[10,31],[89,69],[3,-42],[30,21],[-3,28],[33,20],[33,62],[19,-5],[38,-67],[21,5],[13,42],[42,-11],[27,31],[-14,68],[63,24],[-31,20],[-43,12],[0,24],[30,37],[-50,5],[0,44],[164,551],[-21,61],[-51,75],[-80,61],[-93,91],[-18,33],[0,95],[-6,36],[-34,89],[-33,107],[-17,85],[-38,27],[-100,47],[47,33],[29,54],[15,86],[-1,67],[-46,177],[-30,145],[3,37],[22,42],[60,75],[80,51],[46,49],[36,64],[23,72],[31,59],[27,155],[2,72],[-10,65],[-46,82],[-18,56],[-4,147],[9,71],[-10,69],[-40,32],[-43,61],[-46,10],[-29,25],[5,37],[-18,23],[-42,15],[-68,-17],[-106,28],[-39,21],[-70,-32],[-67,15],[-27,-1],[-47,-26],[-35,-5],[-15,-31],[-66,-38],[-38,-5],[-146,2],[-36,-28],[-200,-25],[-84,-96],[-37,-19],[-73,-20],[-77,33],[-38,-12],[-30,-45]],[[26501,42197],[46,65]],[[28244,42097],[4,-22],[61,-25],[33,10],[77,-78],[37,-70],[16,-77],[-14,-114],[-27,-97],[3,-27],[27,-71]],[[17866,48031],[-63,-1],[-67,16],[-53,36],[-26,53],[-68,56],[-137,15],[-40,-6],[-50,-48],[-2,-32],[49,-93],[-9,-68],[-45,-39],[-46,-3],[-78,13],[-78,3],[-53,-44],[-17,-77],[24,-71],[-15,-27],[-50,14],[-62,59],[-150,-50],[-78,23],[-83,-3],[-81,-42],[-47,-13],[-61,-47],[-71,-160],[-31,-62],[-61,-78],[-52,-11],[-66,14],[-56,41],[-31,-46],[-7,-51],[51,-84],[81,-21],[147,-24],[89,30],[146,4],[60,-24],[136,-86],[32,-44],[8,-47],[-17,-39],[-46,-37],[-147,-58],[-110,-56],[-32,-24],[-48,-56],[-21,-44],[-33,-101],[9,-57],[-5,-48],[-37,-35],[-58,-13],[-21,-65],[-15,-21],[-70,-16],[-35,12],[-47,44],[-31,5],[-56,-13],[-60,-27],[-65,-9],[-59,26],[-71,-25],[-47,-4],[-71,-18],[-62,26],[-34,-2],[-77,-54],[-31,-54],[-3,-61],[-19,-80],[-33,-99],[-10,-98],[-22,-69],[-14,-72],[-79,-62],[-38,-49],[-34,-86],[-6,-58],[-26,-113],[-21,-45],[-37,-47],[-40,-15],[-111,-9],[-51,-14],[-78,-37],[-50,-48],[-80,-48],[-77,-87],[-25,-20],[-79,-29],[-80,-62],[-83,-49],[-158,-116],[-47,-26],[-77,-15],[-145,-12],[-27,-11],[-47,8],[-30,40],[3,113],[-25,27],[-143,2],[-29,6],[-57,34],[-35,49],[-32,16],[-58,-1],[-49,-29],[-86,-72],[-141,-33],[-59,25],[-46,2],[-211,-37],[-106,0],[-43,-9],[-84,-31],[-95,-67],[-38,-8],[-116,4],[-132,16],[-122,20],[-138,-32],[-159,0],[-85,31],[-105,-14],[-130,-129],[-46,-13],[-107,-14],[-65,-15],[-111,-52],[-90,-24],[-57,-7],[-204,7],[-111,9]],[[10719,44528],[15,44],[72,35],[23,34],[21,52],[24,105],[-8,144],[-20,83],[-38,53],[30,19],[5,23],[-59,96],[-90,77],[-24,69],[-47,32],[-57,-39],[-61,-9],[-11,13],[41,85],[-18,23],[-48,-16],[-9,16],[5,56],[-14,45],[14,48],[-18,40],[4,34],[-14,50],[27,37],[-25,57],[17,64],[22,20],[43,14],[68,9],[23,25],[-11,63],[23,61],[7,66],[61,38],[10,41],[-53,28],[5,49],[-41,22],[-42,-11],[-31,20],[-3,44],[30,37],[91,16],[12,72],[40,38],[-27,61],[-62,2],[-61,68],[29,37],[-36,28],[9,54],[29,20],[64,21],[46,24],[33,32],[3,49],[-41,54],[0,22],[57,48],[22,46],[-42,146],[-52,48],[-72,40],[4,50],[15,34],[-1,39],[-20,10],[-111,5],[-56,42],[-19,96],[0,117],[-11,28],[-55,67],[-25,88],[2,58],[18,57],[47,63],[192,133],[54,46],[19,44],[17,160],[25,52],[54,7],[36,-16],[69,-47],[57,-3],[207,70],[46,49],[32,70],[18,64],[-1,62],[-36,129],[-27,59],[-46,76],[-67,32],[-112,-10],[-52,17],[-49,54],[-45,75],[-47,37],[-43,0],[-101,-28],[-26,9],[-9,86],[-32,43],[29,71],[10,99],[-14,34],[-54,82],[-26,114],[3,59],[25,52],[0,62],[-23,74],[-47,117],[-43,92],[-70,97],[-13,75],[-29,27],[66,2],[43,21],[98,87],[36,17],[70,16],[46,35],[75,80],[96,7],[58,36],[51,19],[95,110],[32,24],[40,4],[107,-13],[76,24],[191,7],[129,68],[118,53],[25,-4],[31,-30],[41,-12],[75,-39],[69,-6],[27,25],[-12,73],[91,75],[3,37],[-31,68],[25,25],[42,62],[80,24],[46,32],[121,27],[49,37],[127,3],[25,20],[30,62],[39,2],[34,-38],[137,7],[25,12],[7,39],[31,29],[83,-2],[36,-20],[43,-56],[44,-14],[31,13],[-9,128],[60,111],[-33,81],[4,19],[58,50],[103,26],[80,46],[22,30],[33,8],[55,-58],[80,-61],[24,-56],[22,-14],[67,-7],[19,23],[-28,18],[8,39],[48,-2],[65,-56],[76,-40],[25,1],[36,27],[9,62],[20,14],[85,-23],[74,-6],[79,-32],[22,-2],[82,36],[59,60],[62,35],[62,80],[54,26],[42,52],[107,46],[21,-8],[48,-49],[27,-13],[46,2],[42,20],[7,69],[19,30],[40,15],[21,25],[42,2],[14,21],[49,17],[31,71],[35,13],[65,-12],[29,3],[50,35],[92,41],[38,30],[71,42],[35,42],[47,-15],[40,-101],[50,-80],[134,-111],[51,-4],[19,9],[11,39],[-18,21],[33,47],[67,0],[70,33],[16,41],[88,-8],[56,48],[35,-9],[39,-27],[36,4],[35,22],[32,44],[78,14],[35,-15],[17,-40],[-13,-63],[35,-26],[28,-2],[42,22],[49,10],[1,53],[18,23],[32,0],[58,-27],[24,25],[-18,64],[27,31],[11,48],[31,5],[39,-14],[28,12],[42,78],[41,-4],[10,24],[35,1],[6,20],[-25,30],[21,33],[23,-3],[36,-74],[27,-40],[11,-64],[56,-47],[23,30],[27,71],[31,17]],[[57591,40098],[-13,-52],[45,-70],[3,-32],[44,-18],[53,-168],[16,-17],[31,8],[24,74],[34,14],[39,-25],[-4,-20],[-35,-28],[-7,-27],[21,-27],[97,-24],[16,-37],[-63,-23],[-32,-26],[-53,-143],[3,-23],[37,-22],[63,-3],[-2,-27],[-98,-40],[-32,-31],[-25,23],[-26,-6],[-13,-30],[-42,-44],[-24,-51],[3,-63],[-55,-72],[10,-28],[66,-73],[24,-50],[-5,-28],[-82,-279],[2,-62],[40,-69],[-5,-66],[-100,-136],[-30,-33],[12,-88],[-28,-79],[-10,-64],[2,-60],[17,-108],[12,-31],[-19,-78],[-81,-32],[-36,-38],[6,-26],[-63,-12],[-37,-32],[-5,-20],[-41,-47],[-119,-111],[-62,-110],[-58,-34],[-68,-18],[-34,-35],[-10,-29],[-32,-34],[10,-21],[-14,-33],[3,-40],[19,-18],[-3,-74],[-24,-20],[14,-39],[-4,-73],[-25,-95],[-22,-25],[14,-40],[-28,-19],[6,-28],[-19,-15],[15,-53],[-28,-82],[-5,-40],[37,-59],[-12,-29],[17,-35],[-25,-19],[23,-70],[-5,-40],[-47,-59],[-23,-86],[-41,-39],[-21,-47],[0,-68],[-23,-50],[-40,-36],[-61,-113],[-18,-49],[-60,-18],[6,-35],[-10,-30],[-27,-25],[-1,-34],[-34,-73],[-80,-84],[-20,-65]],[[54127,32130],[-3,-48],[21,-99],[21,-61],[2,-127],[33,-74],[59,-104],[24,-65],[81,-145],[17,-54],[5,-54],[63,-163],[4,-67],[-6,-83],[9,-71],[22,-87],[41,-62],[34,-65],[82,-104],[-2,-45],[15,-44],[80,-120],[40,-44],[62,-52],[66,-36],[45,-2],[56,13],[53,0],[86,10],[80,26],[34,20],[46,53],[26,16],[155,20],[70,31],[46,35],[41,72],[78,28],[64,5],[90,79],[29,8],[81,-60],[74,-93],[64,-123],[0,-87],[-21,-40],[-38,-39],[0,-58],[72,-115],[21,-77],[-31,-46],[-55,-17],[-56,-34],[2,-50],[34,-44],[-5,-30],[-74,-134],[-55,-124],[-21,-84],[8,-171],[-59,-63],[-16,-29],[-5,-42],[32,-35],[74,-62],[10,-28],[9,-78],[50,-36],[57,-21],[130,-83],[147,-73],[64,-47],[41,-58],[12,-36],[-2,-48],[51,-33],[39,-80],[56,-26],[47,-56],[50,-43],[59,-85],[91,-35],[92,-83],[64,-31],[85,-66],[62,-77],[29,-72],[91,-200],[-5,-34],[-41,-49],[20,-101],[-14,-54],[31,-88],[-19,-45],[-9,-54],[39,-91],[14,-65],[45,-50],[-5,-33],[22,-49],[49,-47],[93,-73],[27,-40],[15,-63],[63,-85],[13,-26],[3,-62],[11,-69],[-14,-80],[-2,-61],[-23,-76],[-4,-174],[9,-23],[61,-74],[19,-53],[16,-201]],[[57670,25698],[-4,-47],[-28,-1],[-35,23],[-31,111],[-77,170],[-53,53],[-23,-7],[-44,-57],[-91,-149],[-3,-28],[25,-52],[-2,-108],[4,-31],[32,-51],[5,-33],[-20,-59],[-50,-29],[-159,-31],[-34,-20],[-23,-32],[26,-70],[1,-39],[-26,-24],[-149,60],[-38,-27],[-2,-72],[-41,-22],[-40,3],[-56,33],[-104,53],[-73,10],[-89,-41],[-26,-22],[-24,-46],[-57,-17],[-70,27],[-122,10],[-42,-50],[-55,-13],[-47,18],[-72,58],[-34,65],[-33,29],[-18,82],[-80,37],[-24,-3],[-65,-36],[-57,-5],[-35,46],[-2,137],[-13,42],[-90,112],[-29,48],[-40,32],[-50,6],[-44,-12],[-35,-33],[-59,-100],[-43,-14],[-112,56],[-80,19],[-35,-14],[-47,-36],[-42,-15],[-75,17],[-42,0],[-29,-27],[-6,-57],[-75,-47],[-30,-26],[-106,63],[-57,52],[-75,106],[-64,45],[-144,5],[-62,-10],[-28,-41],[-3,-82],[-56,-140],[10,-70],[16,-23],[70,-54],[67,-93],[45,-77],[22,-73],[-7,-33],[-35,-90],[-22,-38],[-42,-49],[-5,-30],[15,-60],[-7,-51],[-38,-53],[-35,-28],[-37,-48],[-32,-11],[-50,21],[-52,46],[-30,7],[-70,-23],[-47,-38],[-22,-35],[-79,-14],[-10,30],[-41,0],[-32,64],[-47,33],[-42,5],[-98,-17],[-93,23],[-34,-3],[-72,10],[-14,-20],[24,-41],[-2,-52],[-13,-43],[-7,-77],[-29,-57],[-92,-51],[-1,-27],[20,-33],[-11,-69],[-29,-65],[-113,-19],[-8,25],[-87,4],[-71,14],[-74,-29],[-48,-13],[-42,-44],[-17,-39],[-22,-10],[-94,-8],[-71,-42],[-7,-26],[-36,-9],[-50,-65],[-5,-29],[25,-106],[-50,-37],[-28,5],[-136,86],[-65,-6],[-22,-25],[2,-73],[15,-39],[72,-146],[27,-79],[-4,-78],[-45,-69],[-75,-96],[-35,-116],[-30,-70],[-67,-79],[-40,-109],[-24,-88],[-49,-34],[-22,-31],[10,-38],[33,-60],[46,-51],[24,-62],[64,-211],[4,-67],[-7,-44],[-25,-70],[-21,-7],[-52,-65],[-50,-20],[-52,50],[-31,17],[-37,-12],[-24,-52],[-21,-20],[-60,13],[-93,-14],[-67,-44],[-87,-8],[-30,-14],[-19,-35],[32,-92],[35,-49],[4,-33],[-14,-34],[-25,-23],[-57,-8]],[[51230,21610],[-61,25],[-57,-13],[-36,-56],[-73,-12],[-38,-31],[-18,-29],[-66,1],[-53,-9],[-81,-25],[-68,-4],[-95,36],[-22,17],[-46,61],[-27,8],[-41,-18],[-58,-83],[-12,-38],[-5,-62],[-16,-29],[-138,36],[-28,-28],[9,-72],[-34,-15],[-33,6],[-60,28],[-82,21],[-43,-10],[-116,-78],[-31,-12],[-31,24],[-39,63],[-43,35],[-61,17],[-67,36],[-37,45],[-38,20],[-98,-15],[-27,15],[14,56],[0,85],[-13,49],[-44,40],[-8,31],[38,50],[82,55],[117,128],[75,52],[19,53],[-30,86],[-28,37],[-46,36],[-98,26],[-92,14],[-39,37],[-4,63],[51,88],[16,44],[1,58],[-10,28],[-53,74],[-153,112],[-98,68],[-66,53],[-62,58],[-66,86],[-56,90],[-166,223],[-59,45],[-102,45],[-55,15],[-28,19],[-7,27],[13,49],[100,95],[-20,81],[57,76],[8,118],[26,43],[-5,45],[-33,50],[-25,82],[15,75],[-20,65],[-5,41],[10,30],[50,42],[1,17],[-26,72],[-69,102],[-54,45],[-126,88],[-60,59],[-67,121],[-8,46]],[[57670,25698],[23,22],[56,18],[24,18],[32,49],[22,78],[-3,70],[-24,135],[15,64],[31,17],[85,1],[74,-15],[42,-21],[81,-94],[3,-35],[-36,-39],[-29,-72],[2,-143],[8,-78],[-15,-50],[-42,-8],[-35,-20],[-30,-43],[-5,-28],[33,-89],[-8,-38],[-75,-78],[11,-35],[24,-24],[26,-80],[7,-79],[15,-34],[-26,-93],[26,-64],[-6,-45],[-24,-41],[4,-107],[36,-63],[-3,-38],[-79,-73],[-3,-33],[13,-55],[27,-54],[5,-33],[-33,-30],[-62,-22]],[[57857,24316],[-68,17],[-28,21],[-63,79],[-54,14],[-50,-39],[-58,-19],[-33,7],[-71,49],[-68,67],[-47,-2],[-38,-27],[-25,-92],[-42,-41],[-7,-21],[9,-54],[-5,-60],[-30,-118],[-22,-27],[-112,-24],[-47,-35],[-14,-33],[-12,-95],[-34,-27],[-67,-14],[-28,-23],[13,-88],[-2,-96],[-39,-28],[-21,6],[-40,61],[-60,37],[-53,16],[-167,15],[-44,41],[-26,11],[-95,-52],[-95,-12],[-54,-38],[-41,-18],[-26,-42],[-11,-55],[-14,-17],[-105,-65],[-47,-9],[-77,31],[-91,-24],[-42,-32],[-34,-70],[-27,-121],[29,-34],[42,7],[68,-4],[39,-26],[14,-26],[10,-71],[-13,-51],[14,-75],[-29,-82],[-32,-50],[-64,-61],[-44,-76],[-123,-48],[-29,-26],[-29,-46],[-54,-48],[-85,-23],[-58,1],[-51,35],[-35,8],[-46,-28],[-27,-59],[-27,-28],[-44,8],[-34,78],[-15,18],[-53,24],[-48,-5],[-22,-28],[-6,-86],[-23,-37],[-13,-91],[-46,-52],[-61,-110],[-55,-49],[-32,1],[-42,26],[-51,6],[-55,-22],[-65,14],[-66,-7],[-70,-38],[-93,-84],[-41,-51],[-35,-74],[-22,-16],[-46,18],[-70,-26],[-14,-31],[-4,-67],[-25,-25],[-92,8],[-139,-4],[-90,-55],[-56,-47],[-189,-147],[-62,-21],[-52,12],[-48,30],[-25,38],[-28,9],[-54,-28],[-8,-59],[-40,-14],[-180,-11],[-33,-7],[-211,-123],[-50,-15],[-119,11],[-114,-17],[-57,3],[-147,53],[-50,-6],[-8,-41],[17,-79],[0,-55],[-17,-87],[-42,5],[-19,31],[-54,30],[-28,-12],[-65,-53],[-44,-2],[-40,38],[-14,49],[-22,15],[-66,-3],[-18,-19],[-30,-62],[-40,-29],[-16,4],[-51,55],[-26,-1],[-27,-37],[-15,-52],[-20,-21],[-54,-17],[-40,67],[-24,63],[5,56],[74,72],[30,57],[-24,51],[-45,38],[-102,42],[-15,27],[-16,69],[-34,48]],[[81917,40903],[8,-41],[37,-72],[52,-16],[68,26],[70,-6],[112,-33],[158,-61],[102,-11],[108,-24],[94,-1],[15,14],[36,79],[25,32],[40,85],[59,84],[28,28],[45,20],[85,6],[237,51],[110,40],[38,-10],[60,-41],[68,-73],[75,-34],[53,-10],[52,-27],[40,-10],[128,0],[56,9],[56,-36],[30,-72],[46,-33],[46,-5],[77,8],[57,12],[40,-2],[104,-69],[114,-21],[44,-15],[154,-149],[49,-96],[28,-93],[40,-33],[101,-1],[53,17],[48,29],[54,-10],[74,-77],[26,-21],[49,-8],[69,27],[127,37],[72,37],[212,10],[62,16],[33,18],[33,38],[30,51],[25,88],[14,124],[46,56],[90,83],[127,78],[131,40],[118,17],[54,0],[78,-12],[76,40],[53,46],[49,67],[39,99],[10,55],[26,12],[111,-57],[73,-86],[49,-46],[37,-18],[43,2],[54,96],[64,77],[93,78],[63,85],[63,51],[51,19],[65,8],[57,-5],[48,-17],[72,-43],[59,15],[43,31],[25,33],[53,123],[52,92],[157,127],[95,91],[80,33],[64,1],[124,-22],[63,1],[66,32],[77,62],[40,23],[94,17],[127,3],[118,19],[51,17],[77,39],[53,40],[78,86],[64,132],[55,151],[25,26],[47,22],[65,-7],[26,-13],[101,-11],[49,45],[66,22],[48,71],[26,17],[24,-14],[18,-52],[73,-22],[47,-29],[39,-65],[46,-42],[9,-63],[-47,-96],[-11,-37],[-2,-90],[53,-111],[34,-49],[32,-72],[43,-48],[145,-88],[122,-10],[54,-24],[18,-23],[19,-55],[50,-53],[65,-20],[143,-25],[35,-23],[51,-62],[53,-22],[272,-1],[74,-38],[52,-53],[41,-76],[35,-111],[30,-52],[28,-76],[40,-77],[41,-128],[32,-43],[15,-68],[44,-30],[24,23],[24,48],[38,51],[74,61],[100,28],[148,87],[83,37],[85,53],[44,5],[64,-18],[96,7],[34,-21],[36,2],[45,40],[-2,69],[30,41],[48,42],[41,25],[76,30],[82,1],[84,-56],[57,-27],[53,-15],[80,-6],[92,9],[59,-21],[12,-28],[39,-22],[-4,-66],[36,-55],[-3,-36],[-63,-47],[-73,-10],[-19,-45],[11,-46],[37,-78],[-7,-107],[25,-29],[23,-67],[-27,-38],[-50,-13],[-26,-38],[-5,-88],[-16,-26],[-17,-78],[-24,-37],[66,-67],[67,-20],[33,-59],[14,-53],[61,22],[39,-27],[82,-22],[56,-5],[42,-17],[51,-7],[71,4],[102,28],[160,11],[85,33],[48,-1],[81,30],[84,8],[53,34],[52,52],[43,-11],[49,-70],[92,-44],[127,-27],[157,-45],[108,-83],[84,0],[22,-8],[61,12],[52,-16],[50,-5],[232,23],[14,-34],[-19,-37],[-61,-6],[-123,-33],[-32,-42],[-3,-52],[-80,-69],[-14,-50],[-17,-25],[-8,-64],[-36,-63],[-9,-46],[92,-68],[58,-77],[2,-63],[20,-75],[-16,-38],[-27,-21],[-34,-49],[83,3],[52,-51],[44,-18],[93,-15],[120,-40],[36,-58],[-1,-55],[17,-45],[-28,-29],[0,-154],[17,-53],[3,-47],[17,-26],[43,-38],[22,-51],[29,-41],[154,-133],[128,-91],[43,-50],[40,-25],[23,-32],[26,-67],[20,-121],[2,-62],[-41,-107],[-11,-96],[-1,-74],[30,-107],[-6,-70],[-33,-72],[-9,-41],[21,-152],[-32,-114],[4,-54],[50,-87],[69,-10],[43,-28],[55,-70],[55,-44],[2,-54],[57,-69],[49,-70],[-1,-52],[-60,-76],[-58,-47],[-110,-58],[-79,-34],[-14,-54],[5,-41],[25,-41],[62,-67],[54,-74],[62,-124],[51,-35],[15,-44],[37,-40],[36,-14],[57,2],[74,36],[182,5],[190,-22],[59,-31],[66,-69],[37,-69],[1,-74],[-18,-63],[-30,-41],[-64,-47],[-144,-23],[-55,-24],[-50,-60],[-62,-127],[-77,-79],[-70,-87],[-51,-127],[6,-57],[31,-34],[42,-21],[100,-22],[149,36],[77,-3],[22,-15],[11,-66],[1,-99],[-12,-168],[7,-67],[-15,-50],[-29,-33],[-119,-48],[-45,-64],[-56,-30],[-55,-7],[-39,-28],[-8,-28],[-4,-92],[-34,-78],[-68,-63],[-68,-29],[-43,-30],[-50,-51],[-18,-32],[1,-30],[125,-103],[34,-16],[66,-10],[46,3],[44,14],[102,15],[117,-4],[148,29],[367,192],[54,40],[47,62],[47,41],[81,20],[31,1],[104,-54],[44,-34],[25,-98],[-19,-99],[-34,-57],[-8,-31],[-1,-88],[7,-39],[47,-77],[30,-26],[266,-101],[59,-38],[81,-2],[28,21],[32,51],[73,14],[3,20],[-29,57],[19,20],[55,14],[163,131],[107,98],[107,71],[39,5],[45,-64],[110,-76],[29,-38],[-1,-129],[10,-35],[40,-60],[31,-102],[-7,-61],[-78,-24],[-30,-37],[3,-46],[77,-117],[41,-49],[-2,-47],[10,-48],[86,-84],[22,-101],[18,-36],[44,-48],[76,-63],[29,-45],[46,-142],[-8,-39],[-32,-41],[-19,-45],[-1,-75],[65,-153],[98,-119],[6,-74],[28,-64],[-32,-52],[-125,-72],[-122,-50],[-66,-40],[-38,-36],[-69,-81],[-56,-99],[-48,-35],[-19,-26],[-15,-99],[-19,-34],[-49,-53],[-57,-49],[-54,-73],[-36,-90],[-11,-76],[-17,-28],[-71,-36],[-78,-8],[-36,7],[-40,43],[-23,52],[0,110],[-33,15],[-138,-62],[-148,-125],[-148,-149],[-68,-98],[-16,-46],[-51,-67],[-38,-37],[-95,-51],[-91,-31],[-79,-46],[-82,-62],[-25,-30],[-53,-129],[-54,-51],[-55,-16],[-108,3],[-121,-20],[-72,0],[-19,-22],[-26,-82],[-66,-124],[-70,-86],[-46,-77],[-51,-36],[-25,-60],[4,-66],[-21,-48],[-71,-60],[-50,-77],[-86,-97],[-48,-15],[-134,9],[-46,-2],[-54,-24],[-157,-94],[-42,-10],[-41,-43],[-18,-6],[-41,28],[-34,-4],[-120,-57],[-43,-9],[-274,1],[-120,14],[-106,-3],[-104,26],[-56,-23],[-14,-74],[-74,-150],[-37,-26],[-80,-12],[-49,-16],[-33,-28],[-33,-69],[-19,-64],[-34,-72],[-63,-54],[-80,8],[-27,-14],[-19,-39],[-49,-22],[-53,-46],[-32,-18],[-59,3],[-41,-21],[-52,-78],[-59,-51],[-58,-13],[-48,35],[-146,37],[-77,2],[-66,21],[-54,-4],[-63,44],[-10,97],[-43,69],[-32,27],[-25,-6],[-143,-129],[-23,-29],[-25,-55],[-58,-33],[-33,-61],[-26,-25],[-73,15],[-85,2],[-67,-17],[-84,10],[95,101],[37,60],[-7,50],[-35,29],[-122,144],[-33,45],[-40,88],[-38,19],[-87,-26],[-52,-29],[-97,2],[-44,-7],[-100,-27],[-94,-11],[-85,16],[-30,13],[-49,48],[-68,9],[-61,-16],[-65,-64],[-47,3],[-153,-24],[-172,6],[-64,27],[-35,53],[-32,16],[-90,18],[-56,18],[-69,-1],[-50,-33],[-36,-47],[-22,-10],[-32,17],[-60,75],[-45,22],[-79,9],[-115,-24],[-128,1],[-18,34],[49,70],[23,64],[-35,17],[-41,-2],[-55,21],[-36,46],[-17,56],[-29,35],[-21,6],[-70,-19],[-224,11],[-37,29],[-4,27],[19,37],[27,24],[34,50],[24,89],[33,54],[43,50],[41,26],[47,13],[74,-16],[90,65],[24,37],[5,39],[-52,100],[-4,160],[3,115],[-14,25],[-65,21],[-10,49],[23,54],[66,101],[33,83],[12,54],[-18,27],[-54,1],[-40,11],[-23,61],[0,75],[-20,47],[-74,24],[-56,-16],[-28,-24],[-39,-7],[-66,62],[-90,0],[-161,-36],[-40,1],[-29,17],[-62,81],[-38,106],[-75,133],[-38,18],[-50,-27],[-6,-69],[-43,-43],[-54,-4],[-18,19],[-14,61],[-16,27],[-49,17],[-45,-6],[-35,-25],[-12,-44],[15,-176],[-20,-28],[-24,-2],[-54,20],[-136,76],[-27,0],[-26,-21],[-5,-27],[12,-95],[-6,-68],[-18,-25],[-73,-25],[-28,-39],[-1,-42],[12,-38],[56,-71],[8,-25],[-15,-33],[-115,-110],[-34,-16],[-53,1],[-69,30],[-54,69],[-98,112],[-21,12],[-48,3],[-73,-21],[-43,-27],[-44,-67],[-31,-29],[-55,-26],[-96,-13],[-42,-24],[-77,-15],[-97,10],[-37,18],[-2,21],[-31,51],[-2,48],[-28,28],[-42,-6],[-75,-84],[-50,-22],[-61,10],[-36,29],[-40,9],[-114,-14],[-91,2],[-113,25],[-39,2],[-41,-17],[-30,-27],[-75,-84],[-72,-122],[-30,-28],[-25,-5],[-114,20],[-73,-12],[-47,8],[-51,26],[-28,56],[-67,25],[-111,12],[-51,-12],[-146,-61],[-60,-3],[-63,36],[-32,-23],[-13,-134],[-8,-39],[-24,-25],[-56,-32],[-227,-69],[-38,-33],[0,-36],[26,-51],[19,-74],[-11,-47],[-40,-38],[-101,-27],[-108,-7],[-58,6],[-65,20],[-80,-1],[-29,-16],[-46,-43],[-37,-13],[-62,8],[-36,-20],[-70,-95]],[[55166,56493],[33,24],[49,19],[77,14],[121,0],[128,19],[50,20],[25,22],[-15,30],[-100,31],[-36,21],[-18,27],[-9,53],[7,118],[-23,23],[-2,28],[47,55],[18,46],[27,36],[29,18],[133,49],[82,-12],[52,8],[11,50],[-23,45],[6,69],[30,54],[113,91],[21,44],[66,93],[28,50],[53,155],[71,90],[5,41],[-17,61],[4,27],[46,40],[36,1],[36,-13],[93,18],[68,45],[190,25],[87,-11],[75,29],[116,34],[34,44],[92,86],[61,66],[63,59],[26,13],[77,6],[75,26],[49,0],[15,110],[19,43],[59,75],[46,72],[22,50],[34,46],[34,25],[75,27],[88,70],[35,34],[67,104],[23,24],[107,73],[167,150],[50,55],[48,72],[86,189],[46,51],[28,16],[115,43],[38,48],[32,173],[11,17],[62,32],[26,25],[26,49],[-22,90],[4,107],[29,58],[79,84],[28,46],[4,67],[13,46],[70,149],[13,57],[-12,115],[-21,35],[-91,39],[-76,86],[-19,36],[-11,112],[-19,59],[-49,85],[14,35],[79,32],[38,32],[19,33],[6,53],[-46,93],[-46,55],[-2,52],[81,108],[55,33],[82,19],[122,2],[56,-12],[57,-45],[32,-10],[57,29],[95,82],[49,24],[60,-4],[36,-34],[34,10],[17,32],[40,44],[95,67],[76,21],[52,48],[103,29],[85,39],[158,104],[39,15],[60,40],[37,83],[38,174],[26,83],[30,119],[57,46],[58,13],[63,-5],[72,-14],[56,-29],[47,-40],[87,-5],[76,-11],[44,-28],[43,-43],[51,-69],[92,-50],[89,3],[27,-35],[28,-79],[37,-54],[27,-20],[78,-21],[41,4],[44,17],[77,46],[43,69],[23,17],[71,14],[30,18],[40,54],[19,62],[51,-10],[78,1],[44,12],[68,44],[56,-1],[82,-43],[62,-23],[132,-29],[38,-24],[52,-64],[42,-25],[80,-15],[74,74],[39,29],[54,23],[73,16],[85,64],[50,16],[84,-12],[139,-71],[78,12],[46,-6],[32,-32],[37,4],[102,53],[51,7],[76,-14],[57,-30],[34,-43],[25,-72],[45,-56],[37,0],[36,23],[56,19],[80,11],[67,-8],[44,-19],[25,-34],[26,-89],[28,-79],[32,-72],[28,-90],[36,-85],[51,-53],[208,-44],[91,-3],[79,-16],[37,-37],[17,-77],[19,-40],[36,-32],[44,-11],[82,-3],[50,-16],[44,-51],[55,-35],[43,-36],[56,-72],[41,-36],[55,-33],[111,-39],[35,-43],[-9,-67],[31,-51],[56,-62],[83,-73],[31,-46],[32,5],[-7,53],[53,53],[45,13],[62,3],[60,-19],[75,-9],[87,6],[44,-22],[62,-97],[76,-28],[16,-24],[-4,-60],[-12,-32],[-19,-154],[-7,-123],[7,-158],[11,-53],[33,-27],[90,-14],[63,-25],[111,-77],[44,-14],[27,-25],[29,-60],[23,-85],[21,-35],[67,-48],[47,-18],[62,3],[44,11],[92,41],[58,0],[48,-28],[61,-113],[24,-23],[53,-23],[75,0],[45,-8],[39,-20],[112,-138],[56,-53],[110,-75],[40,-11],[65,21],[66,62],[59,11],[69,-21],[77,-42],[62,-55],[96,-69],[70,-108],[18,-54],[25,-22],[57,6],[81,34],[52,-3],[145,-70],[28,-7],[110,-9],[41,4],[140,36],[65,5],[64,-30],[17,-30],[-8,-79],[-67,-174],[-33,-65],[-33,-27],[-85,-7],[-31,-16],[-33,-40],[-8,-56],[11,-78],[-3,-44],[-31,-67],[-19,-63],[1,-27],[26,-44],[52,-52],[46,-86],[22,-91],[3,-62],[-45,-110],[-19,-63],[-2,-71],[13,-30],[26,-16],[87,-14],[140,-90],[56,-27],[86,0],[151,36],[44,2],[60,-9],[82,7],[-56,-57],[-45,-102],[-84,-37],[-21,-27],[-17,-70],[-17,-20],[-61,-10],[-23,-42],[15,-130],[-27,-51],[-26,-17],[-138,-64],[-8,-45],[102,-89],[10,-121],[-10,-222],[71,-140],[55,-35],[85,7],[167,89],[57,4],[22,-21],[21,-97],[23,-62],[46,-54],[41,-16],[63,-8],[21,-14],[150,-156],[56,-104],[-39,-88],[-1,-58],[17,-137],[111,-132],[43,-38],[134,-31],[111,-1],[144,28],[174,10],[59,16],[37,-8],[68,-43],[48,-91],[23,-33],[81,-37],[46,9],[31,24],[29,41],[72,120],[80,68],[17,68],[16,9],[243,24],[57,-6],[47,-20],[48,-62],[17,-38],[19,-117],[-61,-76],[31,-108],[-10,-56],[-59,-73],[-48,-70],[-10,-86],[2,-99],[24,-84],[35,-34],[31,-76],[52,-35],[92,-13],[51,-35],[35,-78],[35,-15],[40,16],[30,-2],[53,-48],[70,-17],[48,6],[73,-15],[143,-10],[24,-16],[28,-53],[101,-120],[-45,-91],[-7,-28],[-1,-96]],[[26436,42324],[-13,-55]],[[13602,39504],[-92,-7],[-30,12],[-35,34],[-80,-6],[-19,7],[-47,49],[-84,0],[-62,67],[-43,91],[-46,58],[-8,57],[3,56],[-40,41],[-5,57],[-18,28],[-153,133],[-172,184],[-40,117],[-17,101],[-15,44],[-31,34],[-64,45],[-24,39],[-23,73],[-58,94],[-26,101],[-49,49],[-67,24],[-128,-12],[-34,22],[-25,39],[-6,69],[32,76],[56,75],[81,83],[82,68],[26,31],[-15,75],[-31,42],[-110,109],[-52,69],[-30,56],[-2,34],[12,33],[84,81],[44,51],[138,179],[34,73],[47,177],[25,198],[3,76],[-9,23],[-47,60],[-68,69],[-63,31],[6,38],[21,46],[4,56],[-14,51],[28,42],[35,17],[51,8],[27,-12],[31,-37],[43,8],[2,52],[-25,23],[-75,26],[-18,44],[6,73],[27,48],[41,32],[20,32],[-8,47],[-78,31],[-22,59],[30,64],[47,32],[28,34],[8,46],[-28,10],[-62,-40],[-148,20],[-37,34],[-15,58],[-22,30],[-34,-16],[1,-79],[-68,-23],[-29,57],[-38,-7],[-34,13],[-43,34],[-57,-3],[-27,14],[-5,75],[-13,16],[-46,6],[-165,123],[-52,13],[-48,-28],[-39,-3],[-32,15],[-36,-9],[-74,-79],[-96,-19],[-33,19],[-117,83],[-27,37],[-11,50],[-36,96],[-40,45],[-85,5],[-89,41],[-30,61],[-25,26],[-57,20]],[[57857,24316],[71,-68],[115,-82],[28,-32],[16,-53],[19,-105],[21,-28],[85,-72],[35,-56],[80,-27],[49,-26],[103,14],[46,-20],[49,-46],[31,-79],[6,-81],[-12,-32],[-42,-44],[-52,-88],[-61,-69],[-49,-40],[-83,-35],[-39,-46],[1,-18]],[[61165,21375],[-21,-34],[-157,-184],[-132,-115],[-42,-47],[-52,-79],[-43,-36],[-130,-57],[-24,-19],[-85,-100],[-161,-109],[-83,-97],[-81,-81],[-82,-111],[-32,-53],[-29,-87],[-71,-56],[-67,-7],[-23,46],[-38,36],[-43,0],[-134,-43],[-57,-29],[-92,-73],[-63,-82],[-218,-211],[-40,-44],[22,-55],[-11,-20],[-64,-61],[-76,-87],[-60,-23],[-52,-65],[-112,-93],[-101,-113],[-18,-53],[-24,-27],[-43,-9],[-87,-6],[-55,-12],[-63,-53],[-8,1249],[-6,24],[-33,4],[-99,-22],[-79,2],[-50,30],[-45,14],[-26,34],[-47,-3],[-49,16],[-44,43],[-62,-5],[-33,16],[-15,42],[-28,22],[-78,4],[-50,21],[-20,50],[-57,-3],[-76,9],[-117,-8],[-100,-27],[-52,8],[-49,-12],[-135,-80],[-110,-75],[-73,-66],[-30,-44],[-54,-116],[-27,-34],[-71,-20],[-142,-8],[-47,47],[-70,-16],[-123,-35],[-114,-59],[1,-51],[14,-80],[-20,-39],[-37,-29],[-89,9],[-22,39],[-29,8],[-32,-44],[-68,-43],[-44,-21],[-65,10],[-30,-4],[-43,-29],[-20,3],[-44,43],[-20,37],[-30,4],[-54,-32],[-72,1],[-32,-7],[-107,-50],[-72,-2],[-61,27],[-14,39],[-49,22],[-59,7],[-45,35],[-55,56],[-37,-4],[-5,-41],[-22,-29],[-78,-46],[-24,-23],[-30,-53],[-97,-67],[-34,4],[-6,-64],[-13,-36],[26,-16],[63,27],[89,4],[58,-19],[23,-40],[-44,-100],[-44,-62],[-37,-95],[-13,-75],[-89,-125],[-10,-54],[-28,-46],[-11,-60],[-29,-34],[-79,-40],[-44,-45],[-50,-23],[-9,-49],[-44,-53],[-20,-11],[-33,12],[-14,-35],[3,-45],[-11,-31],[-64,-46],[-95,-4],[-81,34],[-175,-37],[-40,-16],[-77,-52],[-52,-43],[-79,-55],[-66,-84],[-28,-75],[-20,-1],[-35,66],[-47,55],[-10,49],[-21,10],[-111,-20],[-47,12],[-167,4],[-51,-14],[-35,15],[-32,-31],[-32,-3],[-41,23],[-33,-25],[-90,-10],[-64,-31],[-58,-14],[-17,-15],[-32,-110],[-53,-37],[-66,-9]],[[52492,18099],[-67,39],[-46,-49],[-29,-15],[-97,-12],[-63,9],[-49,35],[-67,12],[-28,22],[-33,103],[-31,9],[-81,-44],[-64,8],[-13,51],[-41,26],[-66,-13],[-55,-30],[-30,6],[-58,38],[-84,-24],[-54,-6],[-49,28],[-33,32],[-39,18],[-72,2],[-45,15],[-68,43],[-53,57],[-67,141],[7,75],[26,75],[30,53],[68,82],[26,117],[0,57],[-22,27],[-98,-2],[-132,4],[-122,39],[-44,22],[-53,14],[-105,-25],[-128,7],[-63,25],[-330,184],[-118,69],[-59,40],[-219,185],[-177,184],[-35,50],[-63,122],[-24,62],[-3,44],[18,109],[-21,33],[-34,17],[-74,7],[-54,-39],[-24,-5],[-41,28],[-42,49],[-30,67],[-44,39],[-71,31],[-34,36],[-26,145],[-22,29],[-57,45],[-45,10],[-49,30],[-51,3],[-32,27],[-40,82],[-75,39],[-77,102],[-73,35],[-90,23],[-57,42],[-9,37],[-27,39],[-26,135],[-17,48],[-79,135],[-48,52],[-74,55],[-210,107],[-103,65],[-72,53],[-77,86],[-77,110],[-159,183],[-262,287],[-109,113],[-45,55],[-33,103],[-48,73],[-97,61],[-92,64],[-49,6],[-56,-24],[-60,30],[-23,51],[-20,12],[-99,9],[-100,45],[-64,58],[-35,-30],[-25,-87],[-72,-54],[-53,-66],[-60,-17],[-52,-38],[-46,-21],[-30,5],[-74,58],[-41,-12],[-42,-49],[-226,-32],[-25,-7],[-46,-73],[-30,-14],[-111,18],[-30,-14],[-41,-48],[-57,-10],[-47,12],[-64,2],[-27,10],[-67,56],[-80,12],[-31,25],[23,93],[30,43],[42,42],[59,19],[166,-31],[127,21],[41,23],[85,78],[39,82],[69,76],[-16,66],[-48,87],[7,37],[25,47],[19,67],[-117,148],[-59,32],[-1,35],[22,68],[60,104],[79,91],[27,86],[34,152],[0,60],[-36,80],[-23,99],[-39,21],[0,37],[41,59],[14,63],[5,111],[-19,72],[-39,51],[-14,38],[-70,67],[-55,40],[-16,47],[-22,26],[-66,56],[68,150],[26,76],[75,49],[35,35],[95,44],[-33,95],[5,93],[53,35],[6,88],[-67,86],[-51,-3],[-21,40],[-31,-4],[-52,215],[-27,-12],[-35,-67],[-65,-60],[-43,-13],[-58,69],[-15,28],[-84,-28],[-56,-26],[-28,2],[-95,-63],[-86,-37],[-33,34],[-40,93],[-135,43],[-51,33],[-75,92],[-17,67],[9,34],[-65,46],[-93,36],[-20,22],[1,82],[-5,72],[-53,259],[-55,79],[-48,29],[3,37],[-24,66],[-129,123],[-28,14],[-51,44],[-131,72],[-35,5],[-179,-52],[-67,-5],[-66,-14],[-99,21],[-121,51],[-47,56],[-47,138],[-7,109],[22,34],[44,39],[24,89],[6,67],[-6,122],[-41,102],[-13,64],[12,92],[43,103],[6,61],[-4,63],[-37,89],[-264,382],[-152,227],[-97,179],[-21,24],[-88,71],[-50,113],[-71,79],[-57,34],[-109,29]],[[42009,29702],[72,129],[84,111],[112,57],[8,-14],[77,44],[54,78],[25,57],[57,-39],[131,-113],[17,-32],[33,-98],[33,-54],[39,-25],[22,9],[21,35],[30,272],[4,21],[201,114],[-18,60],[21,132],[1,64],[41,31],[13,25],[30,213],[4,110],[13,54],[16,116],[29,140],[44,84],[7,35],[46,61],[101,94],[80,59],[-184,321],[-46,74],[-58,69],[-39,35],[-87,57],[26,35],[30,11],[113,-23],[37,-1],[174,40],[-29,137],[-24,189],[30,21],[69,9],[-159,240],[-69,94]],[[52492,18099],[-59,-54],[-29,-38],[-118,-64],[-65,-30],[-25,-3],[-14,25],[10,33],[-19,12],[-82,-65],[-183,-90],[-94,-71],[-32,-33],[-105,-141],[-49,-38],[-62,-68],[-84,-38],[-41,-40],[-208,-54],[-116,-13],[-31,3],[-48,23],[-88,12],[8,83],[-19,20],[-32,-6],[-162,-90],[-61,-68],[-24,-48],[-2,-63],[62,-44],[0,-52],[-58,-30],[-25,13],[-21,59],[-37,18],[-18,-13],[-14,-68],[-21,-2],[-39,47],[-39,8],[-27,-14],[-107,-21],[-56,8],[-20,-15],[45,-98],[77,42],[77,20],[31,-13],[31,-46],[40,-32],[70,-5],[-2,-42],[-66,-68],[41,-43],[-49,-66],[-64,-44],[0,-69],[-42,-65],[-9,-33],[2,-109],[-11,-33],[-36,-59],[-73,-57],[1,-20],[42,-8],[37,-29],[32,51],[24,23],[124,69],[36,9],[19,-17],[15,-111],[56,-60],[-16,-46],[-53,-31],[-49,-76],[-32,-85],[-65,-138],[-66,-56],[-37,-94],[-45,-39],[-226,-50],[-54,-24],[-23,-21],[-54,-13],[-114,21],[-42,-8],[-37,-24],[-15,-58],[-48,-39],[-68,-20],[-42,-36],[-30,-46],[-21,-64],[-30,-44],[-19,-80],[-67,-60],[3,-65],[-35,-90],[-62,-17],[-20,-52],[-3,-91],[-42,-42],[-8,-21],[1,-92],[8,-11],[67,-25],[16,-50],[-47,-29],[-54,12],[-40,54],[-83,41],[-94,99],[-71,58],[-79,108],[-28,-4],[-65,-117],[-28,-101],[-49,-37],[-9,-32],[18,-20],[65,14],[33,-31],[-5,-35],[-41,-89],[-9,-57],[0,-82],[-27,-100],[-26,-32],[-44,-19],[-38,-109],[-37,-33],[-60,5],[-20,-13],[-40,-54],[-56,-17],[-23,-21],[-29,-86],[-60,-45],[-5,-83],[-27,-52],[-68,-45],[-74,-18],[-53,16],[-18,-6],[-6,-38],[-71,-114],[-58,-57],[-73,-146],[-48,-71],[-54,-47],[-60,-8],[-44,19],[-10,42],[20,24],[45,27],[-6,31],[-104,33],[-38,-4],[-102,-59],[-32,-27],[-37,-52],[-65,-133],[-48,-67],[-136,-126],[-32,-56],[-15,-81],[10,-88],[0,-110],[-6,-63],[-18,-44],[-87,-114],[-68,-59],[-33,-36],[-4,-31],[-51,-106],[-71,-63],[-82,-36],[-83,9],[-43,-29],[-118,-128],[-47,-21],[-41,-2],[-79,24],[-52,-30],[-70,15],[-47,28],[-59,6],[-58,-19],[-161,2],[-91,-33],[-36,-24],[-36,-50],[-37,-1],[-78,49],[-53,14],[-139,-17],[-39,-23],[-38,-83],[-39,-46],[-68,-29],[-4,-18],[40,-49],[7,-49],[-50,-39],[-14,-93],[21,-9],[60,33],[45,-17],[-8,-51],[-46,-49],[-104,-58],[-81,-10],[-26,-61],[-38,-71],[-40,-34],[-71,-25],[-61,-6],[-45,-34],[-77,0],[-70,-38],[-60,-14],[-32,-25],[-57,-72],[-21,-79],[-71,-23],[3,-30],[37,-38],[-1,-22],[-53,-101],[-57,-46],[-54,-1],[-15,-27],[-45,-14],[-57,26],[-140,7],[-15,-7],[-47,-59],[-133,-108],[-56,-59],[-12,-46],[51,-52],[-2,-19],[-34,-38],[-56,-41],[-23,-37],[-45,-18],[-39,4],[-60,29],[-38,-8],[17,-49],[1,-94],[-12,-68],[-16,-37],[-36,-44],[-83,-46],[0,-72],[-38,-54],[-55,7],[-16,-11],[-19,-56],[23,-94],[5,-47],[-15,-74],[-20,-20],[-86,-1],[-50,-24],[-106,-31],[-31,-27],[-19,-126],[-34,-60],[-51,-76],[-18,-43],[-68,-70],[-33,-18],[-40,-3],[-8,51],[-14,4],[-62,-60],[-83,-71],[-23,-27],[-15,-80],[-34,-50],[3,-139],[-11,-33],[-87,-64],[-62,-26],[-41,7],[-21,24],[-4,51],[17,50],[-15,85],[13,21],[81,64],[-9,29],[-60,-5],[-11,33],[11,41],[-9,52],[-23,22],[-61,17],[-53,29],[-23,-13],[12,-68],[-17,-76],[-24,-42],[-17,-74],[-31,-54],[-20,-75],[-57,-52],[-37,-13],[-98,-7],[-37,-13],[-48,-43],[-32,-63],[-49,-47],[-11,-54],[-26,-33],[-33,-2],[-103,48],[-50,39],[-13,-3],[-61,-54],[-21,-32],[-33,-83],[-33,-35],[-125,-53],[-18,-25],[1,-51],[-29,-26],[-99,-27],[-92,-11],[-24,-59],[-25,-21],[-116,-28],[-100,-9],[-21,-15],[-87,-96],[-40,-34],[-49,-28],[-51,15],[-22,71],[-63,48],[-49,10],[-148,-20],[-280,-104],[-49,-34],[-92,-8],[-40,-17],[-72,-99],[-62,-34],[-85,-18],[-68,3]],[[38995,9786],[35,-11],[89,-44],[36,-6],[34,48]],[[39297,11431],[42,68],[86,94],[47,19],[-33,23],[-264,-65],[2,39],[-38,46]],[[37715,16545],[29,67],[-8,177],[11,101]],[[38153,17472],[102,103],[57,45],[33,36],[27,54],[18,114],[28,140],[15,120],[6,152],[-10,81],[6,49],[6,374]],[[36587,23521],[-18,48],[-97,356],[50,-15]],[[40932,30337],[47,-53],[98,-68],[47,-42],[299,-332],[100,-133],[32,-24],[62,-16],[40,17],[55,59],[26,16],[51,1],[220,-60]],[[11716,15425],[34,9],[57,49],[20,43],[-4,27],[-32,24],[43,22],[49,-22],[29,6],[5,52],[13,28],[56,69],[-24,36],[16,22],[41,0],[61,22],[37,41],[-34,27],[11,49],[-8,40],[18,89],[49,32],[0,30],[19,30],[62,39],[38,12],[38,-7],[82,-67],[102,22],[57,82],[26,12],[7,-47],[32,-14],[27,29],[-2,30],[-24,57],[-10,61],[1,65],[28,52],[2,45],[65,13],[38,-8],[26,10],[-11,54],[-96,114],[-7,57],[35,37],[12,91],[31,34],[-6,21],[-52,28],[-41,52],[-56,102],[-41,13],[-35,29],[-66,24],[5,29],[67,11],[37,43],[-3,33],[-29,35],[-5,36],[-56,45],[-10,37],[30,62],[34,45],[57,52],[24,66],[35,21],[31,0],[77,-26],[45,-36],[34,1],[41,20],[64,10],[48,-8],[83,-44],[48,-15],[58,25],[41,49],[94,28],[89,45],[127,68],[24,2],[68,-36],[72,7],[45,23],[89,64],[40,12],[64,4],[49,11],[64,44],[38,74],[21,27],[40,24],[48,6],[50,-10],[43,29],[68,2],[50,26],[97,10],[9,29],[-8,37],[0,66],[45,94],[12,55],[45,34],[52,60],[-3,17],[-49,60],[-21,70],[-31,30],[-30,7],[-58,-8],[-87,-28],[-46,14]],[[9495,30841],[40,56],[51,98],[26,115],[15,42],[-9,50],[3,150],[35,80],[17,96],[38,50],[67,51],[30,8],[86,-2],[59,-22],[28,-55],[80,-37],[61,3],[15,11],[3,55],[93,40],[43,65],[4,45],[-27,52],[-12,50],[12,27],[102,63],[58,47],[46,10],[39,-4],[70,27],[20,18],[65,88],[-4,101],[25,131],[72,117],[35,92],[19,18],[58,26],[45,79],[5,29],[32,25],[23,51],[-4,53],[-61,94],[27,49],[41,23],[39,53],[57,30],[-5,50],[87,124],[34,102],[28,50],[13,60],[-2,56],[32,20],[13,56],[33,53],[-9,96],[-54,55],[-14,92],[19,77],[-9,54],[19,59],[31,34],[36,15],[112,25],[66,37]]],"transform":{"scale":[1.5442341362274885,1.5622909777560108],"translate":[275284.06369857443,7337223.405889291]},"objects":{"sub_s":{"type":"GeometryCollection","geometries":[{"arcs":[[0,1,2,3,4]],"type":"Polygon","properties":{"codigo":"SP-16","nome":"Cidade Ademar","muni_ibge":"3550308"},"id":"SP-16"},{"arcs":[[5,6,7,8,9]],"type":"Polygon","properties":{"codigo":"SP-18","nome":"M Boi Mirim","muni_ibge":"3550308"},"id":"SP-18"},{"arcs":[[10,11,12,13,14,15,16]],"type":"Polygon","properties":{"codigo":"SP-25","nome":"Mooca","muni_ibge":"3550308"},"id":"SP-25"},{"arcs":[[-16,17,18,19,20,21,22,23]],"type":"Polygon","properties":{"codigo":"SP-13","nome":"Ipiranga","muni_ibge":"3550308"},"id":"SP-13"},{"arcs":[[24,25,26,27,28,29,30]],"type":"Polygon","properties":{"codigo":"SP-08","nome":"Lapa","muni_ibge":"3550308"},"id":"SP-08"},{"arcs":[[-4,31,32,-22,33]],"type":"Polygon","properties":{"codigo":"SP-15","nome":"Jabaquara","muni_ibge":"3550308"},"id":"SP-15"},{"arcs":[[34,35,36,37,38]],"type":"Polygon","properties":{"codigo":"SP-28","nome":"Guaianases","muni_ibge":"3550308"},"id":"SP-28"},{"arcs":[[-3,39,-6,40,41,42,-32]],"type":"Polygon","properties":{"codigo":"SP-14","nome":"Santo Amaro","muni_ibge":"3550308"},"id":"SP-14"},{"arcs":[[43,44,45,46,47]],"type":"Polygon","properties":{"codigo":"SP-32","nome":"Sapopemba","muni_ibge":"3550308"},"id":"SP-32"},{"arcs":[[-35,48,49,50,51,52]],"type":"Polygon","properties":{"codigo":"SP-23","nome":"Sao Miguel","muni_ibge":"3550308"},"id":"SP-23"},{"arcs":[[53,54,55,56,57,58,59,60,61,62,63,64,65,66,67]],"type":"Polygon","properties":{"codigo":"SP-06","nome":"Jacana-Tremembe","muni_ibge":"3550308"},"id":"SP-06"},{"arcs":[[-28,68,69,70,71]],"type":"Polygon","properties":{"codigo":"SP-04","nome":"Casa Verde-Limao-Cachoeirinha","muni_ibge":"3550308"},"id":"SP-04"},{"arcs":[[-10,72,73,74,75,-41]],"type":"Polygon","properties":{"codigo":"SP-17","nome":"Campo Limpo","muni_ibge":"3550308"},"id":"SP-17"},{"arcs":[[-36,-53,76,77]],"type":"Polygon","properties":{"codigo":"SP-24","nome":"Itaim Paulista","muni_ibge":"3550308"},"id":"SP-24"},{"arcs":[[-31,78,-76,79,80,81]],"type":"Polygon","properties":{"codigo":"SP-10","nome":"Butanta","muni_ibge":"3550308"},"id":"SP-10"},{"arcs":[[-17,-24,82,83,-29,84]],"type":"Polygon","properties":{"codigo":"SP-09","nome":"Se","muni_ibge":"3550308"},"id":"SP-09"},{"arcs":[[-39,85,86,87,88,89,-49]],"type":"Polygon","properties":{"codigo":"SP-27","nome":"Itaquera","muni_ibge":"3550308"},"id":"SP-27"},{"arcs":[[-45,90,-87,91,92,93,94]],"type":"Polygon","properties":{"codigo":"SP-30","nome":"Sao Mateus","muni_ibge":"3550308"},"id":"SP-30"},{"arcs":[[95,96,97,98,99,100]],"type":"Polygon","properties":{"codigo":"SP-01","nome":"Perus-Anhanguera","muni_ibge":"3550308"},"id":"SP-01"},{"arcs":[[-38,101,102,-92,-86]],"type":"Polygon","properties":{"codigo":"SP-31","nome":"Cidade Tiradentes","muni_ibge":"3550308"},"id":"SP-31"},{"arcs":[[-23,-33,-43,103,-83]],"type":"Polygon","properties":{"codigo":"SP-12","nome":"Vila Mariana","muni_ibge":"3550308"},"id":"SP-12"},{"arcs":[[-15,104,-48,105,106,-18]],"type":"Polygon","properties":{"codigo":"SP-29","nome":"Vila Prudente","muni_ibge":"3550308"},"id":"SP-29"},{"arcs":[[-30,-84,-104,-42,-79]],"type":"Polygon","properties":{"codigo":"SP-11","nome":"Pinheiros","muni_ibge":"3550308"},"id":"SP-11"},{"arcs":[[-8,107,108,109,110,111,112,113,114,115,116,117,118,119,120,121,122,123,124,125]],"type":"Polygon","properties":{"codigo":"SP-20","nome":"Parelheiros","muni_ibge":"3550308"},"id":"SP-20"},{"arcs":[[-26,126,127,128,-101,129,130,131]],"type":"Polygon","properties":{"codigo":"SP-02","nome":"Pirituba-Jaragua","muni_ibge":"3550308"},"id":"SP-02"},{"arcs":[[-27,-132,132,133,-69]],"type":"Polygon","properties":{"codigo":"SP-03","nome":"Freguesia-Brasilandia","muni_ibge":"3550308"},"id":"SP-03"},{"arcs":[[-13,134,135,136,-89,137]],"type":"Polygon","properties":{"codigo":"SP-21","nome":"Penha","muni_ibge":"3550308"},"id":"SP-21"},{"arcs":[[-14,-138,-88,-91,-44,-105]],"type":"Polygon","properties":{"codigo":"SP-26","nome":"Aricanduva-Formosa-Carrao","muni_ibge":"3550308"},"id":"SP-26"},{"arcs":[[-11,-85,-72,138,-68,139]],"type":"Polygon","properties":{"codigo":"SP-05","nome":"Santana-Tucuruvi","muni_ibge":"3550308"},"id":"SP-05"},{"arcs":[[-12,-140,-67,140,-135]],"type":"Polygon","properties":{"codigo":"SP-07","nome":"Vila Maria-Vila Guilherme","muni_ibge":"3550308"},"id":"SP-07"},{"arcs":[[-50,-90,-137,141]],"type":"Polygon","properties":{"codigo":"SP-22","nome":"Ermelino Matarazzo","muni_ibge":"3550308"},"id":"SP-22"},{"arcs":[[-2,142,143,144,145,146,-108,-7,-40]],"type":"Polygon","properties":{"codigo":"SP-19","nome":"Capela Do Socorro","muni_ibge":"3550308"},"id":"SP-19"},{"arcs":[[147,148,149,150]],"type":"Polygon","properties":{"codigo":"3503901","nome":"Arujá","muni_ibge":"3503901"},"id":"3503901"},{"arcs":[[151,152,153,154,155,156]],"type":"Polygon","properties":{"codigo":"3505708","nome":"Barueri","muni_ibge":"3505708"},"id":"3505708"},{"arcs":[[157,158,159,160]],"type":"Polygon","properties":{"codigo":"3506607","nome":"Biritiba Mirim","muni_ibge":"3506607"},"id":"3506607"},{"arcs":[[-134,161,-130,-100,162,163,164,-70]],"type":"Polygon","properties":{"codigo":"3509007","nome":"Caieiras","muni_ibge":"3509007"},"id":"3509007"},{"arcs":[[165,166,167,-163,-99,168]],"type":"Polygon","properties":{"codigo":"3509205","nome":"Cajamar","muni_ibge":"3509205"},"id":"3509205"},{"arcs":[[-156,169,170,171]],"type":"Polygon","properties":{"codigo":"3510609","nome":"Carapicuíba","muni_ibge":"3510609"},"id":"3510609"},{"arcs":[[172,173,174,175,176,177,178,-171,179,-81,180]],"type":"Polygon","properties":{"codigo":"3513009","nome":"Cotia","muni_ibge":"3513009"},"id":"3513009"},{"arcs":[[-5,-34,-21,181,182]],"type":"Polygon","properties":{"codigo":"3513801","nome":"Diadema","muni_ibge":"3513801"},"id":"3513801"},{"arcs":[[-173,183,-74,184]],"type":"Polygon","properties":{"codigo":"3515004","nome":"Embu das Artes","muni_ibge":"3515004"},"id":"3515004"},{"arcs":[[-117,185,186,187,-125,188,-123,189,-121,190,-119,191]],"type":"Polygon","properties":{"codigo":"3515103","nome":"Embu-Guaçu","muni_ibge":"3515103"},"id":"3515103"},{"arcs":[[-78,192,193,194,195,-102,-37]],"type":"Polygon","properties":{"codigo":"3515707","nome":"Ferraz de Vasconcelos","muni_ibge":"3515707"},"id":"3515707"},{"arcs":[[196,197]],"type":"Polygon","properties":{"codigo":"3516309","nome":"Francisco Morato","muni_ibge":"3516309"},"id":"3516309"},{"arcs":[[-164,-168,198,-198,199,200]],"type":"Polygon","properties":{"codigo":"3516408","nome":"Franco da Rocha","muni_ibge":"3516408"},"id":"3516408"},{"arcs":[[-159,201,202,203,204]],"type":"Polygon","properties":{"codigo":"3518305","nome":"Guararema","muni_ibge":"3518305"},"id":"3518305"},{"arcs":[[-142,-136,-141,-66,205,-64,206,-62,207,208,209,210,-148,211,-51]],"type":"Polygon","properties":{"codigo":"3518800","nome":"Guarulhos","muni_ibge":"3518800"},"id":"3518800"},{"arcs":[[-126,-188,212,-174,-185,-73,-9]],"type":"Polygon","properties":{"codigo":"3522208","nome":"Itapecerica da Serra","muni_ibge":"3522208"},"id":"3522208"},{"arcs":[[-152,213,-178,214,215,216]],"type":"Polygon","properties":{"codigo":"3522505","nome":"Itapevi","muni_ibge":"3522505"},"id":"3522505"},{"arcs":[[-52,-212,-151,217,218,219,-77]],"type":"Polygon","properties":{"codigo":"3523107","nome":"Itaquaquecetuba","muni_ibge":"3523107"},"id":"3523107"},{"arcs":[[-157,-172,-179,-214]],"type":"Polygon","properties":{"codigo":"3525003","nome":"Jandira","muni_ibge":"3525003"},"id":"3525003"},{"arcs":[[220,221,-186,-116]],"type":"Polygon","properties":{"codigo":"3526209","nome":"Juquitiba","muni_ibge":"3526209"},"id":"3526209"},{"arcs":[[-71,-165,-201,222,-209,223,-60,224,-58,225,-56,226,-54,-139]],"type":"Polygon","properties":{"codigo":"3528502","nome":"Mairiporã","muni_ibge":"3528502"},"id":"3528502"},{"arcs":[[-46,-95,227,-93,-103,-196,228,229]],"type":"Polygon","properties":{"codigo":"3529401","nome":"Mauá","muni_ibge":"3529401"},"id":"3529401"},{"arcs":[[-150,230,-202,-158,231,232,233,-218]],"type":"Polygon","properties":{"codigo":"3530607","nome":"Mogi das Cruzes","muni_ibge":"3530607"},"id":"3530607"},{"arcs":[[-82,-180,-170,-155,234,-96,-129,235,-127,-25]],"type":"Polygon","properties":{"codigo":"3534401","nome":"Osasco","muni_ibge":"3534401"},"id":"3534401"},{"arcs":[[-166,236,237]],"type":"Polygon","properties":{"codigo":"3539103","nome":"Pirapora do Bom Jesus","muni_ibge":"3539103"},"id":"3539103"},{"arcs":[[-193,-220,238]],"type":"Polygon","properties":{"codigo":"3539806","nome":"Poá","muni_ibge":"3539806"},"id":"3539806"},{"arcs":[[-195,239,240,241,-229]],"type":"Polygon","properties":{"codigo":"3543303","nome":"Ribeirão Pires","muni_ibge":"3543303"},"id":"3543303"},{"arcs":[[-241,242,243]],"type":"Polygon","properties":{"codigo":"3544103","nome":"Rio Grande da Serra","muni_ibge":"3544103"},"id":"3544103"},{"arcs":[[-160,-205,244]],"type":"Polygon","properties":{"codigo":"3545001","nome":"Salesópolis","muni_ibge":"3545001"},"id":"3545001"},{"arcs":[[-149,-211,245,-203,-231]],"type":"Polygon","properties":{"codigo":"3546801","nome":"Santa Isabel","muni_ibge":"3546801"},"id":"3546801"},{"arcs":[[246,-153,-217,247,-237,-169,-98]],"type":"Polygon","properties":{"codigo":"3547304","nome":"Santana de Parnaíba","muni_ibge":"3547304"},"id":"3547304"},{"arcs":[[-242,-244,248,-233,249,250,251,-106,-47,-230]],"type":"Polygon","properties":{"codigo":"3547809","nome":"Santo André","muni_ibge":"3547809"},"id":"3547809"},{"arcs":[[-251,252,-114,253,-112,254,-110,255,-146,256,-144,257,-182,-20,258]],"type":"Polygon","properties":{"codigo":"3548708","nome":"São Bernardo do Campo","muni_ibge":"3548708"},"id":"3548708"},{"arcs":[[-19,-107,-252,-259]],"type":"Polygon","properties":{"codigo":"3548807","nome":"São Caetano do Sul","muni_ibge":"3548807"},"id":"3548807"},{"arcs":[[-175,-213,-187,-222,259]],"type":"Polygon","properties":{"codigo":"3549953","nome":"São Lourenço da Serra","muni_ibge":"3549953"},"id":"3549953"},{"arcs":[[-194,-239,-219,-234,-249,-243,-240]],"type":"Polygon","properties":{"codigo":"3552502","nome":"Suzano","muni_ibge":"3552502"},"id":"3552502"},{"arcs":[[-75,-184,-181,-80]],"type":"Polygon","properties":{"codigo":"3552809","nome":"Taboão da Serra","muni_ibge":"3552809"},"id":"3552809"},{"arcs":[[-177,260,-215]],"type":"Polygon","properties":{"codigo":"3556453","nome":"Vargem Grande Paulista","muni_ibge":"3556453"},"id":"3556453"}]}}}