{"type":"Topology","arcs":[[[36865,23678],[-134,-15],[-112,0]],[[36619,23663],[-45,174],[-134,351],[-125,117],[-238,86],[-200,110],[-100,89],[-100,130],[-48,133],[-24,449],[-133,222],[-175,78],[-299,60],[-166,45],[-198,73],[-105,55]],[[34529,25835],[52,100],[3,39],[66,24],[23,-7],[24,35],[18,62],[-21,45],[16,27],[65,10],[48,-7],[39,8],[16,-28],[88,23],[90,93],[55,52],[58,21],[60,4],[82,62],[10,34],[60,38],[58,20],[64,72],[65,108],[18,52],[-44,11],[3,110],[31,87],[-18,94],[29,111],[4,58],[-43,24],[-16,30],[-3,48],[6,127],[61,260],[-6,27],[-37,52],[13,39],[75,13],[37,21],[9,20],[-54,36],[-88,92],[-101,28],[-79,44],[-23,25],[-8,33],[-37,29],[-53,18],[-216,130],[-79,275],[-8,96],[-29,469],[7,32],[39,34],[141,185],[82,98],[228,311],[40,-47]],[[35449,29742],[1,-8],[83,-165],[43,-135],[-3,-17],[23,-74],[18,-19],[10,-75],[21,-67],[36,-58],[78,-65],[58,-76],[179,-200],[25,-41],[12,-46],[0,-47],[15,-54],[112,-160],[43,-46],[45,-32],[27,25],[7,71],[68,-8],[146,-81],[87,-37],[95,-94],[80,-35],[53,-64],[77,0],[42,-21],[47,27],[50,-25],[152,-101],[102,-169],[50,42],[51,-56],[20,-2],[58,25],[230,-64],[91,-40],[80,-48],[48,-71],[62,-42],[62,44],[12,57],[27,10],[45,-5],[29,33]],[[38146,27728],[29,-140],[39,-23],[25,-33],[-43,-61],[-7,-46],[9,-123],[-8,-39],[-87,-74],[-60,-31],[-21,-36],[-6,-47],[-25,-36],[22,-54],[-14,-37],[2,-121],[-17,-35],[6,-42],[-25,-68],[-57,-35],[-19,-23],[-10,-48],[-24,-35],[0,-74],[30,-22],[136,0],[27,-31],[9,-82],[52,-62],[-6,-88],[1,-99],[12,-18],[105,-39],[67,-53],[2,-87],[17,-66],[24,-27],[42,-22],[49,-40],[19,-67],[76,11],[44,37],[44,-32],[6,-103],[-13,-37],[8,-47],[-29,-25],[-2,-31],[31,-28],[88,-25],[43,-20],[52,-43],[64,-2],[32,-21],[65,-13],[53,-27],[62,-21],[44,-117],[-18,-61],[-54,-63],[-6,-37],[-68,-55],[-22,-28],[-47,-29],[-26,-5],[-39,-36],[-27,-44],[-68,-36],[-37,-31],[-195,-36],[-84,6],[-26,10],[-31,-12],[-10,-54],[-62,-41],[-36,-42],[-11,-43],[-129,-95],[-173,-169],[-57,-74],[-20,-63],[-35,-46],[-73,-42],[-92,-38],[-118,-57],[-169,-66],[-169,-59],[-177,-67],[-165,-29]],[[31850,29765],[-4,-145],[24,-131],[18,-54],[56,-94],[102,-132],[64,-90],[116,-136],[72,-93]],[[32298,28890],[-100,-19],[-34,-27],[-40,-76],[-71,-311],[-107,-405],[-37,-52],[-67,-43],[-69,-56],[14,-54],[32,-18],[34,-579],[66,-1100],[90,-348],[150,-354],[36,-111],[-2,-104],[-71,-201],[-369,-554],[-104,-288],[5,-204],[26,-333],[-30,-284],[-77,-194],[-115,-146]],[[31458,23029],[-197,-166],[-303,-109],[-264,3],[-258,83],[-418,202],[-218,44],[-253,71],[-141,-37],[-146,-303],[-50,-331],[13,-405],[-63,-101],[-137,-146]],[[29023,21834],[-1,116],[-24,96],[-27,30],[-126,66],[-60,3],[-94,-55],[-100,-20],[-57,45],[1,49],[-30,76],[-73,1],[-43,40],[-48,11],[-36,35],[-51,-81],[-49,-11],[-15,51],[-23,-21],[-20,21],[-50,84],[-109,63],[-64,21],[8,32],[-44,14],[-43,31],[-44,15],[-29,51],[-30,9],[-66,53],[-50,51],[-18,69],[42,104],[-10,24],[-111,34],[-80,55],[-111,31],[-88,42],[-3,35],[23,126],[5,51],[-9,40],[-80,97],[-66,148],[-34,53],[-8,58],[3,88],[17,38],[41,43],[144,86],[46,41],[33,105],[70,128],[55,111],[-13,43],[25,79],[32,57],[-49,58],[-6,86],[13,75],[-5,98],[-26,26],[-8,77],[3,53],[23,86],[-23,22],[-6,35],[9,47],[21,33],[4,76],[25,65],[-1,45],[25,61],[28,35],[2,44],[-12,63],[-15,18],[14,104],[-41,65],[-40,26],[-128,28],[-33,35],[-36,-6],[-97,29],[-66,36],[-123,20],[-45,36],[11,35],[55,38],[69,20],[42,-3]],[[27115,26062],[48,0],[54,67],[26,21],[52,-8],[24,28],[15,68],[47,-27],[24,50],[71,-32],[85,-10],[-19,44],[61,-14],[-29,84],[5,24],[79,111],[21,39],[4,37],[-54,80],[-27,128],[-25,75],[18,46],[23,-12],[22,-65],[52,61],[17,-19],[143,-67],[137,-78],[-9,-40],[10,-26],[191,38],[56,-1],[122,248],[176,341],[15,42],[-18,48],[1,31],[31,64],[49,63],[79,30],[11,-9],[3,-72],[15,-23],[74,-56],[125,-76],[23,-25],[8,-48],[51,-32],[5,-45],[49,-3],[68,149],[216,314],[12,-10],[50,114],[40,46],[10,62],[33,128],[-1,48],[19,26],[23,64],[-3,85],[-13,74],[11,36],[42,76],[89,65],[53,81],[36,31],[2,30],[37,102],[-12,55],[28,35],[25,12],[32,39],[-15,44],[68,130],[60,101],[5,36],[85,148],[52,167],[-51,10],[-18,23],[-79,10],[-208,-3],[-17,3],[15,62],[35,45],[81,61],[90,27],[107,-8],[35,8],[41,25],[76,13],[53,19],[125,83],[43,37],[35,77],[12,123],[38,-5],[40,-28],[179,-60],[43,-4],[51,8],[103,-19],[44,-17],[200,-37],[100,-28],[213,-40],[102,-29],[128,-7],[126,-14]],[[38522,38636],[140,-5],[83,15],[117,28],[87,-1]],[[38949,38673],[74,-8],[73,-30],[110,-77],[104,-92],[71,-57],[69,-30],[82,-25],[93,-1],[151,30],[56,8],[86,1],[100,-30],[97,-64],[189,-171],[111,-96],[89,-70],[47,-30],[140,-39],[103,1],[206,53],[271,81],[175,42],[147,44],[161,36],[72,5],[210,-20],[132,20],[73,25],[154,93],[99,48],[123,30],[146,-7],[125,7],[62,24]],[[42950,38374],[46,-73],[38,-74],[102,-157],[93,-148],[29,-112],[19,-26],[56,-5],[59,-58],[130,-53],[41,-30],[38,-58],[17,-56]],[[43618,37524],[-141,-31],[-122,-31],[-165,-36],[-220,-44],[-3,-6],[60,-244],[30,-143],[52,-145],[143,-584],[-18,-223],[-5,-9],[-115,22],[-211,60],[-109,61],[-76,56],[-342,35],[-122,-51],[-60,-221],[5,-14],[72,-83],[37,-17],[37,-31],[101,-128],[26,-58],[44,-41],[381,-209],[33,-13],[159,-93],[155,-154],[-16,-17],[-167,-391],[-19,4],[-10,-86]],[[43032,34659],[-46,-382],[-142,12],[-200,-48],[-31,-4],[-148,5],[-108,21],[-159,74],[-177,45],[-218,119],[-71,4],[-51,104],[-18,14],[-33,-8],[-61,14],[-11,21],[17,73],[-47,42],[-38,8],[-66,61],[-144,-70],[-79,-31],[4,-71],[-16,-53],[-166,-283],[-66,-54],[-77,-12],[-60,16],[32,-73],[-30,0],[-385,36],[-48,-9]],[[40389,34230],[-449,1014]],[[39940,35244],[-317,717],[-39,78],[-60,95],[-72,0],[-113,11],[-21,12],[-316,33],[-369,25],[-23,-9],[-50,5],[-29,18],[14,85],[-18,5],[20,99],[-37,108],[-45,75],[-18,49],[10,173],[9,14],[-35,140],[-77,107],[183,433],[19,57],[-10,105],[-51,111],[19,649],[8,197]],[[40389,34230],[91,-203],[56,-119],[39,-62],[152,-198],[834,-1060],[5,17],[-57,70],[2,26],[27,73],[-51,77],[-16,41],[13,29],[66,52],[86,-46],[62,-37],[35,-12],[49,-5],[44,-9],[32,-18]],[[41858,32846],[-50,21],[-75,11],[-21,5],[-14,7],[-11,5],[-99,57],[-41,-166],[-7,-61],[11,-75],[17,-45],[-77,-468],[-44,-254],[-55,-344],[-28,-161],[-19,-136],[-22,-112],[-4,-72],[14,-44],[67,-70],[25,-51],[4,-32],[-32,-153],[-30,-88],[-92,-61],[-52,-46],[-24,-49],[-5,-53],[19,-90],[84,-313]],[[41297,30008],[-5,-32],[-44,-108],[-22,-79],[-30,-48],[20,-28],[-190,-135],[-172,-136],[-126,-73],[-55,-40],[-82,-31],[-61,-39],[-34,-7],[-26,-46],[-47,-35],[-105,-17],[-54,8],[-50,-35],[-83,-26],[-30,-26],[-45,-9],[-25,-63],[-43,-41],[-41,-20],[-102,9],[-96,-24],[-47,-40],[-20,-3],[-71,-72],[-44,-10],[-61,-44],[-105,-34],[-79,-49],[-56,-27],[-25,0],[-38,40],[-18,52],[-26,36],[-44,23]],[[39115,28799],[-70,44],[-150,-73],[-8,-41],[-18,-29],[-51,-21],[-30,-48],[-86,11],[-42,-73],[-48,55],[-53,37],[-46,41],[-23,-1],[-34,-33],[1,-47],[-30,-181],[-2,-142],[5,-58],[-15,-124],[0,-87],[-72,-54],[-20,-27],[-9,-55],[-29,-25],[-43,-14],[-28,-22],[-29,-45]],[[38185,27787],[-37,58],[-42,95],[-32,125],[-12,78],[28,18],[32,46],[39,38],[74,32],[5,18],[-18,51],[-27,32],[-45,88],[-89,119],[-21,13],[-10,60],[-30,6],[-36,365],[-3,77],[5,61],[159,-46],[20,5],[19,56],[8,104],[14,57],[5,90],[106,-1],[21,-16],[117,-6],[27,-25],[37,-9],[14,50],[28,49],[25,-7],[0,87],[-19,46],[-73,104],[-10,53],[-33,85],[-8,75],[-37,86],[-2,57],[4,131],[-59,-29],[-102,19],[-24,-14],[31,592],[7,78]],[[38241,30838],[28,161],[72,254],[18,72],[8,74],[7,165],[47,231],[1,97],[-10,59],[-46,153],[-13,72],[3,54],[17,56],[154,383],[78,185],[69,144],[110,217],[33,84],[16,72],[60,325],[18,71],[22,57],[109,203],[21,23],[43,22],[68,15],[41,22],[56,89],[-17,10],[-246,195]],[[39008,34403],[-7,45],[-31,56],[27,45],[30,16],[39,45],[41,23],[50,61],[5,35],[68,52],[12,24],[-5,61],[42,46],[62,29],[48,193],[20,24],[57,28],[130,54],[17,-32],[58,-50],[200,86],[19,-16],[50,16]],[[29702,36555],[-109,169],[-11,82],[10,64],[1,103],[57,275],[-8,88],[-45,73],[-9,64],[21,120],[23,99],[-14,45],[-14,147],[22,54],[195,193],[33,58],[15,74],[115,-39],[106,-17],[104,0],[86,25],[82,58],[26,40],[96,234],[-138,-11],[-49,-13],[-63,-4],[-59,11],[-93,65],[-3,14],[14,149],[-14,24],[-99,36],[-123,13],[-64,22],[-19,18],[-5,72],[26,55],[-37,21],[5,38],[-29,23],[-28,-1],[-53,25],[-13,50],[-31,63],[-56,36],[-41,3],[-20,20],[13,30],[50,13],[-48,28],[-70,65],[-16,37],[-56,88],[10,57],[37,52],[75,126],[41,102],[72,40],[32,70],[45,23],[66,-9],[53,11],[6,123],[16,31],[58,64],[47,13],[3,22],[-31,78]],[[29895,40357],[13,11],[47,-56],[24,-63],[10,-78],[1,-220],[8,-62],[32,-89],[33,-52],[61,-75],[63,-87],[33,-32],[85,-45],[71,-14],[328,-27],[156,-16],[537,-48],[107,-22],[105,-43],[56,-33],[68,-58],[55,-78],[27,-77],[35,-126],[183,114],[63,64],[102,156],[91,87],[56,27],[93,19],[38,1],[170,-15],[22,3],[139,-15],[113,-5],[168,-18],[135,6]],[[33223,39391],[233,21],[71,9],[227,19],[109,-3],[142,-13],[175,-40],[89,-16]],[[34269,39368],[289,-53],[101,-28],[73,-35],[73,-56],[87,-81],[56,-38],[89,-37],[40,-11],[344,-52],[550,-70],[195,-30],[104,-11],[183,-27],[185,-21]],[[36638,38818],[-9,-63],[-90,-43],[-41,-28],[-185,-201],[-61,-96],[-55,-212],[1,-34],[-28,-14],[-6,-49],[0,-330],[-30,-74],[-147,-314],[-18,-81],[-3,-57],[-21,-74],[-119,-301],[-16,-20],[-97,-30],[-80,-35],[-78,-45],[-143,-111],[-53,-17],[-45,-4],[-10,-15],[-116,-260]],[[35188,36310],[-82,45],[-97,74],[-81,34],[-47,1],[-59,16],[-157,6],[-48,20],[-47,50],[-45,34],[-72,33],[-100,5],[-84,28],[-151,119],[-92,63],[-90,98],[-105,77],[-53,95],[-19,9],[-90,-23],[-118,11],[-93,14],[-168,40],[-76,36],[-27,37],[-29,18],[-77,11],[-53,38],[-63,78],[0,54],[-23,21],[-52,20],[-122,26],[-128,3],[-272,-44],[-37,-24],[-36,-63],[-90,-18],[-171,26],[-75,-5],[-73,-32],[-119,-116],[-50,-81],[-48,-44],[-39,-19],[-38,-36],[-147,-151],[-131,-139],[191,-169]],[[31505,36586],[-48,-69],[-19,-42],[-5,-44],[6,-102],[-38,-84],[-27,-31],[-122,-75],[-270,-160],[-35,-9],[-87,1],[-37,-9],[-102,-87],[-57,-16],[-138,17],[-66,-35],[-47,30],[-15,24],[-134,95],[-19,21],[-36,76],[-22,23],[-38,5],[-182,-67],[-45,-2],[-42,38],[-178,471]],[[35449,29742],[55,13],[21,41],[63,42],[135,30],[-2,46],[93,26],[10,13],[118,105],[154,172],[57,-52],[54,-61],[18,-91],[14,-15],[72,-123],[36,12],[104,106],[40,20],[108,-1],[90,66],[38,17],[54,2],[41,58],[63,139],[-8,60],[79,24],[-39,70],[20,14],[-50,76],[12,110],[152,96]],[[37051,30757],[30,-13],[29,-70],[21,-20],[70,79],[49,-11],[35,7],[55,33],[50,44],[64,25],[91,4],[323,-36],[140,5],[233,34]],[[38185,27787],[-19,-3],[-20,-56]],[[51276,38149],[25,32],[38,116],[54,-2]],[[51393,38295],[20,25],[2,99],[13,128],[45,66],[33,17],[180,-2],[172,-95],[118,-46],[156,83],[13,-18],[51,-132],[4,-83],[284,-52],[69,-18],[39,-25],[167,-142],[94,-46],[110,-72],[39,-35],[43,16],[31,-10],[21,14],[72,12],[46,29],[28,0],[65,50],[55,34],[35,-7],[75,45],[75,35],[34,-41],[34,133],[53,15],[-30,120],[13,43],[62,33],[37,10],[115,-6],[134,-1],[80,29],[14,35],[25,12],[25,-28],[41,-24],[98,16],[17,-33]],[[54300,38478],[13,-71],[23,-37],[88,-13],[31,-27],[-93,-84],[-65,-81],[-106,-55],[-16,-21],[-86,-57],[-64,-107],[-48,-48],[-53,-32],[-75,33],[-45,31],[-67,-9],[-29,-82],[19,-45],[54,-33],[24,-98],[18,-33],[0,-111],[8,-125],[28,-89],[47,-64],[46,-86],[46,-27],[52,-56],[22,-14],[68,-91],[40,-74],[3,-44],[19,-47],[12,-70],[-17,-46],[-82,-54],[-169,-100],[-88,1],[-79,7],[-37,18],[-1,-134],[23,-29],[99,-65],[5,-59],[16,-54],[30,-39],[-8,-75],[-13,-29],[32,-73],[-12,-34],[35,-41],[17,-4],[10,-48],[20,-21],[25,-58],[60,-28],[68,-66],[60,-27],[24,2],[49,-29],[80,-16],[55,-17],[36,-32],[44,5],[79,-25],[40,13],[51,1],[80,24],[10,-18],[-10,-66],[-36,-88],[-108,-79],[-39,-44],[-4,-31],[15,-79],[-16,-24],[-51,-22],[-14,-35]],[[54493,35093],[-2,-93],[-49,-1],[-78,-60],[-124,-26],[-68,10],[-132,59],[-151,-44],[-54,10],[-98,66],[-33,4],[-41,-10],[-29,31],[-44,21],[-91,54],[-153,110],[-33,20],[-41,41],[-148,164],[-91,57],[-248,85],[-102,8],[-24,-29],[-71,-22],[-59,-33],[-31,10],[-43,-27],[-32,12],[-54,43],[-42,5],[-96,-11],[-37,33],[-11,-44],[-76,-100]],[[52107,35436],[-13,-8],[-50,15],[-59,8],[-33,-6],[-111,25],[-213,211],[8,78],[29,100],[23,59],[55,94],[34,32],[12,28],[-16,118],[27,18],[-33,80],[-86,296],[-10,69],[22,99],[45,76],[-4,57],[8,40],[30,51],[-9,19],[127,213],[-31,13],[-21,44],[-58,83],[-37,43],[-58,53],[-114,76],[-42,33],[-38,50],[-81,254],[-89,202],[-45,90]],[[34529,25835],[-51,24],[-53,41],[-100,89],[-58,81],[-44,80],[-99,155],[-35,70],[-152,249],[-59,84],[-86,181],[-47,72],[-60,118],[-26,34],[-141,152],[-75,77],[-62,84],[-166,294],[-111,215],[-95,163],[-135,248],[-61,101],[-96,118],[-99,92],[-270,185],[-50,48]],[[31850,29765],[38,145],[41,98],[72,101],[203,240],[24,23],[461,530],[108,122],[60,58],[61,38],[112,54],[149,60],[84,30],[86,45],[72,62],[59,74],[23,56]],[[33503,31501],[78,-25],[25,2],[96,-36],[125,-168],[38,-34],[199,-106],[83,-32],[43,-6],[161,9],[28,-6],[65,-39],[151,229],[160,255],[174,263],[103,167],[60,165],[58,196]],[[35150,32335],[33,-54],[95,-134],[63,-49],[184,-93],[65,-40],[128,-110],[60,-35],[38,-13],[136,-31],[41,-14],[126,-68],[-11,-17],[327,-166],[129,-87],[-12,-19],[160,-291],[44,-122],[34,-70],[60,-92],[15,-9],[147,-45],[39,-19]],[[44522,34054],[66,-7],[105,54],[47,-3],[212,-69],[65,-53],[108,1],[290,32],[83,-46],[89,-36],[98,-82],[55,-16],[115,35],[78,-7],[48,-26],[144,-126],[68,-33],[84,-15],[80,-29]],[[46357,33628],[-3,-74],[2,-180],[11,-2],[248,-117],[31,-67],[125,-52],[16,28],[99,-32],[65,25],[48,52],[12,29],[46,13],[67,-5],[-1,-59],[-25,-105],[-45,-111],[-24,-185],[-15,-78],[25,-70],[1,-47],[-52,-226],[-31,-58],[-71,-69],[8,-52],[149,59],[37,24],[181,69],[183,43],[218,56],[39,1],[49,-28],[62,-78],[33,-166],[-48,16],[-60,-19],[85,-339],[27,-40],[43,-102],[-9,-48],[15,-57],[2,-99],[11,-69],[-24,-84],[-16,-100]],[[47871,31225],[-37,8],[-13,52],[-52,4]],[[47769,31289],[-54,10],[-45,-21],[-71,-66],[-35,7],[-45,-11],[-31,-34],[-55,-3],[-43,14],[-70,12],[-38,-34],[-29,-46],[-45,6],[-48,46],[-80,23],[-90,-37],[-52,17],[-45,60],[-102,-5],[-52,-45],[-82,-43],[-36,-26],[-136,-11],[-89,-12],[-70,31],[-97,72],[-71,41],[-50,81],[-64,55],[-31,76],[-73,123],[-41,29],[-70,22],[-72,4],[-51,19],[-71,46],[-38,85],[-93,52],[-61,12],[-26,27],[-25,61],[-29,13],[-62,-2]],[[45301,31937],[-19,51],[-36,42],[-32,51],[-45,35],[-6,26],[18,64],[23,42],[47,49],[47,94],[65,80],[-99,141],[-39,28],[-89,-18],[-61,58],[-37,16],[52,120],[-23,13],[-133,99],[-63,30],[-345,118],[-52,26],[-66,64],[260,603],[-11,46],[-50,90],[-41,89],[-44,60]],[[51276,38149],[-31,46],[-43,40],[-81,20],[-43,-9],[-155,-64],[-59,-10],[-61,10],[-71,31],[-55,15],[-81,2],[-52,-6],[-57,-23],[-43,-33],[-39,21],[34,79],[26,34],[69,47],[17,33],[-3,72],[-40,65],[-6,38],[33,309],[-14,84],[5,95],[-526,-44],[-212,-84],[-21,-5],[-524,-3],[-297,-49],[-17,-10],[-89,-159],[-41,-42],[-65,-28],[-214,29],[-35,22],[-64,110],[-43,20]],[[48378,38802],[-44,335],[-70,373],[-6,17],[225,108],[42,27],[140,119],[19,23],[42,92],[81,88],[38,31],[105,68],[-19,89],[-11,110],[-29,58],[-41,40],[-57,33],[-20,40],[35,157],[5,44],[-4,91],[10,30],[92,23],[17,49],[-70,188],[-22,37],[-111,103],[-17,42],[78,-14],[44,150]],[[48830,41353],[68,-29],[162,-58],[83,-24],[92,-16],[126,-13],[59,-1],[130,30],[88,-10],[64,8],[147,29],[124,17],[87,21],[239,51],[117,34],[197,67],[29,7],[79,-4],[43,-30],[37,-11],[128,18],[84,50],[76,35],[19,27],[-23,39],[-39,20],[-30,36],[-11,38],[11,36],[41,11],[118,-33],[30,-22],[11,-54],[94,-29],[29,-17],[40,7],[-2,27],[-35,22],[-15,55],[27,9],[36,-12],[44,11],[14,26],[-26,112],[20,59],[48,21],[108,69],[61,13],[49,-27],[70,-26],[120,-13],[80,-13],[47,-35],[71,-18],[65,-38],[41,21],[-12,49],[36,48],[57,22],[53,-27],[25,-39],[19,-52],[28,-21],[31,2],[40,25],[9,27],[-17,32],[-59,17],[5,29],[106,90],[90,55],[104,4],[27,-18],[-15,-37],[17,-31],[111,-34],[33,0],[22,-44],[-41,-48],[-97,-49],[-24,-21],[-4,-34],[23,-22],[85,-21],[13,-31],[-4,-38],[14,-32],[62,-50],[35,-9],[30,39],[22,59],[41,-8],[-4,-57],[48,-49],[14,-32],[-82,-35],[15,-46],[92,-83],[-7,-36],[-33,-15],[-66,11],[-37,-23],[-5,-74],[-20,-50],[-5,-43],[5,-79],[14,-32],[42,-40],[44,-4],[32,14],[54,75],[106,-81],[26,-46],[45,-9],[9,17],[3,72],[51,94],[18,66],[49,26],[24,-14],[69,-71],[30,-15],[42,12],[112,120],[95,76],[70,46],[63,8],[50,-50],[112,-66],[23,-3],[59,26],[21,27],[37,84],[35,48],[-4,54],[-32,79],[-10,74],[16,43],[31,25],[-3,27],[-24,36],[6,19]],[[54297,41804],[46,11],[44,-55],[54,-20],[56,4],[29,29],[-13,36],[-45,6],[-14,27],[47,47],[35,54],[73,45],[14,-33],[4,-85],[30,-130],[63,-83],[29,-92],[73,-56],[13,-62],[-3,-93],[13,-54]],[[54845,41300],[-112,-36],[-68,-31],[-253,-138],[-2,-7],[-116,-66],[-166,-83],[-59,-43],[-34,-34],[-160,-186],[-136,-148],[-41,-36],[-53,-27],[-65,-14],[-192,-16],[0,-9],[-146,-10],[-271,-4],[-154,22],[-171,18],[-16,-2],[-515,55],[-234,29],[-33,1],[-317,34],[-88,6],[-398,46],[39,-55],[43,-11],[94,-4],[172,-52],[53,-39],[17,-32],[7,-57],[19,-14],[53,-166],[16,-118],[0,-84],[-13,-83],[-79,-222],[-31,-59],[-39,-57],[-106,-190],[-9,-79],[43,-108],[24,-36],[12,-59],[43,-68],[15,-145],[33,-50],[-17,-70],[-37,-85],[22,-45],[-29,-94],[10,-42],[-23,-71],[16,-131]],[[37958,45031],[94,37],[68,21],[21,44],[3,71],[23,27],[88,49],[100,122],[32,19],[51,47],[36,5],[181,-5],[67,9],[35,12],[30,31],[11,92],[-25,113],[-44,72],[-5,44],[-31,33],[-13,42],[42,5],[106,-25],[22,-15],[43,-72],[29,-10],[214,31],[135,6],[60,9],[42,32],[2,40],[-25,60],[-48,74],[-46,146],[-1,66],[22,40]],[[39277,46303],[45,-8],[45,11],[28,18],[76,27],[-26,56]],[[39445,46407],[-33,110],[-23,55],[4,43],[29,55],[69,93],[71,123],[34,83],[32,43],[76,80],[52,80],[57,67],[76,51],[120,54]],[[40009,47344],[67,-19],[52,5],[29,19],[54,65],[33,15],[17,39]],[[40261,47468],[22,27],[15,68],[-16,81],[-38,43],[-78,60],[-20,65],[-9,60],[23,47],[25,19],[104,55],[41,15],[37,26],[46,49],[40,25],[56,22],[103,21],[62,19],[103,70],[89,68],[23,23],[64,94],[41,22],[116,20],[47,29],[94,99],[39,80],[79,42],[63,2],[23,15],[15,62],[7,104],[15,30],[58,32],[94,-8],[104,2],[52,-7],[71,-30],[44,-46],[52,-33],[205,-48],[50,2],[58,26],[15,18],[25,78],[61,60],[64,142],[15,23],[100,75],[106,48],[152,49],[22,18],[30,66],[51,80],[53,72],[64,52],[124,65],[14,17],[21,69],[83,99],[74,144],[12,74],[19,31],[67,35]],[[43452,50135],[70,28],[37,-16],[69,-59],[44,-26],[80,-7],[38,31]],[[43790,50086],[44,23]],[[43834,50109],[70,-21],[55,-39],[51,-15],[16,-27],[2,-37],[39,-52],[52,-55],[49,11],[45,-71],[77,-45],[80,-65],[29,-31]],[[44399,49662],[-22,-32],[-42,-83],[-21,-59],[1,-32],[34,-136],[-9,-48],[-22,-21],[-45,-15],[-35,-52],[-123,-142],[-70,-53],[-49,-52],[-71,-56],[-35,-12],[-58,-69],[-12,-58],[2,-135],[4,-56],[27,-92],[12,-135],[0,-101],[-20,-51],[-56,-50],[-7,-21],[19,-46],[-9,-35],[-86,-43],[-24,-21],[-111,-146],[-74,-77],[-111,-77],[-96,-108],[-39,-88],[-85,-104],[-68,-72],[-15,-33]],[[43083,47251],[-76,-53],[-103,-56],[-2,-24],[33,-89],[52,-63],[29,-24],[78,-13],[38,-31]],[[43132,46898],[-21,-27],[-19,-49],[-19,-87],[0,-136],[27,-67],[1,-32],[-19,-33],[-3,-48],[-63,-30],[-21,-52],[-38,-17],[-54,23],[-48,-13],[-59,-83]],[[42796,46247],[-30,9],[-35,-6],[-14,15],[-56,-55],[-65,-28],[-34,-64],[-64,-55]],[[42498,46063],[-47,-5],[-46,-53],[-15,-71],[43,-57],[51,-42],[-1,-31],[-43,-38],[-9,-100],[-16,-28],[4,-39],[-21,-53],[17,-50],[-4,-42],[10,-39],[41,-33],[-29,-54],[-4,-27],[37,-59],[3,-67],[-46,-105],[-34,-34],[-11,-28],[-14,-92],[-21,-37],[-59,-78],[4,-22],[58,-25],[14,-42],[34,-39],[15,-57],[75,-40],[35,-9],[7,-21],[-15,-47],[-20,-162],[11,-80],[-9,-92],[-24,-28],[-44,-8],[-21,-20],[-23,-119],[13,-61],[-11,-63],[-4,-71],[-68,-95],[-38,-105],[1,-31],[23,-56],[-14,-67],[-78,-105],[-38,-30],[-11,-49],[8,-112],[-27,-81],[13,-132],[30,-72],[48,-64],[24,-103],[56,-118],[27,-69],[65,-54],[27,-65],[37,-63],[17,-82],[61,-69],[75,-75],[105,-144],[12,-53],[-5,-85],[40,-65],[17,-60],[6,-75],[-10,-53],[-24,-45],[-4,-40],[17,-133],[-17,-74],[7,-63],[-13,-64],[0,-93],[21,-139]],[[42769,40912],[-24,14],[-200,139],[-16,17],[-462,890],[-31,-30],[-36,2],[-46,-12],[-37,-30],[-58,-6],[-58,10],[-112,-44],[-117,-8],[-58,-44],[-53,-55],[-38,-19],[-47,-78],[-29,-23],[-28,-48],[-29,-25]],[[41290,41562],[-87,77],[17,79],[-13,94],[-39,65],[-252,263],[-36,-8],[-38,133],[-84,-36],[-24,-2],[-70,22],[-67,35],[-69,59],[-210,123],[-77,11],[-38,31],[-40,59],[-26,11],[-60,-5],[-49,11],[-53,41],[-69,38],[-53,-33],[-301,-48],[-60,-31],[-32,34],[-65,107],[-56,23],[-34,-17],[-48,11],[-23,-24],[-59,-96],[-5,-28],[-73,16],[-2,-55],[-66,33],[-106,42],[-65,8],[-61,-18],[-88,2],[-69,23],[-70,37],[-102,-28],[-34,-27],[-65,-17],[-55,77],[-97,57],[-13,22],[-5,85],[-42,45],[-32,12],[-60,5],[-81,19],[-14,31],[-16,93],[-24,60],[-104,143],[-55,134],[0,34],[20,68],[-15,90],[49,53],[-5,25],[-38,45],[-62,-10],[-22,30],[0,57],[11,34],[67,74],[6,42],[36,37],[31,56],[55,48],[74,44],[36,49],[37,77],[60,82],[6,34],[-22,85],[-67,32],[-7,21],[20,111],[-21,42],[-45,52],[-34,95],[21,74],[0,25],[-23,26],[24,66],[-5,73]],[[34269,39368],[35,187],[25,109],[27,70],[135,288],[80,126],[28,79],[0,66],[-51,262],[-1,81],[16,59],[54,96],[340,387],[45,35],[284,146],[47,57],[12,61],[52,183],[22,41],[103,60],[24,24],[15,42],[-27,257],[-1,38],[21,131],[-9,102],[-30,67],[-75,105],[-34,60],[-17,57],[-12,110],[-24,79],[-48,51],[-71,91],[2,84],[-10,65],[5,30],[65,185],[-8,49],[-78,114],[1,26],[59,76],[13,47],[84,132],[43,27],[4,67],[16,35],[-19,33],[42,25],[-13,60],[0,46],[66,22],[60,66],[26,42],[0,52],[-45,49],[3,26],[41,71],[46,104],[7,65],[-12,28],[14,34],[66,53],[121,44],[59,-2],[67,31],[44,105],[-12,69],[-37,75],[-44,33],[-85,-25],[-38,-23],[-47,-15],[-99,-8],[-31,38],[-16,64],[-16,96],[-22,8],[-47,-13],[-48,30],[-142,184],[-11,68],[-47,84],[-79,95],[2,66],[-59,42],[-37,84],[-2,51],[13,101],[-14,33]],[[35085,46003],[56,-6],[39,-23],[126,-138],[105,-97],[39,-7],[52,14],[34,19],[55,16]],[[35591,45781],[53,-23],[148,-151],[92,-127],[71,-82],[63,-40],[82,-22],[80,-37],[65,-59],[28,-36],[42,-72],[28,-67],[84,-128],[44,-32],[75,0],[40,22]],[[36586,44927],[44,-16],[66,18],[96,-84],[31,-67],[0,-159],[-51,-73],[-11,-51],[-35,-52],[-100,-42],[-26,-34],[-33,-82],[9,-33],[35,-64],[16,-83],[42,-63],[0,-21],[-44,-58],[-10,-43],[23,-79],[23,-16],[52,-3],[31,-43],[-6,-46],[14,-25],[-4,-41],[-38,-29],[-4,-24],[71,-148],[-31,-206],[80,-46],[86,-68],[27,-47],[32,-38],[7,-71],[17,-62],[46,-51],[25,-62],[5,-56],[-22,-76],[-13,-10],[-29,-78],[-24,-27],[-13,-47],[27,-1],[44,-93],[12,-40],[115,-210],[-45,-4],[-123,-28],[-72,-45],[-74,-37],[-53,-12],[6,-38],[62,-55],[37,-85],[-1,-60],[-34,-70],[-11,-61],[9,-52],[-20,-56],[-13,-70],[-28,-19],[-186,-78],[0,-42],[-78,-58],[59,-64],[82,-133],[23,-87],[3,-67],[16,-50],[24,-38],[64,-69],[36,-105],[132,-176],[24,-23],[-26,-62],[229,-144],[58,-175],[53,-180],[42,-77],[120,-196],[-24,-14],[-79,-73],[-45,-26],[-426,-92],[19,-28],[33,-10],[-75,-38],[45,-60],[-67,-7],[-8,-11],[23,-210],[5,0],[23,-187],[-115,-4],[-76,-23],[-70,1],[-8,-61]],[[27115,26062],[36,20],[29,40],[2,30],[-32,65],[-34,54],[-21,82],[-32,100],[-7,64],[-158,243],[-11,49],[18,93]],[[26905,26902],[21,96],[27,41],[2,25],[26,58],[28,38],[-13,37],[-3,87],[-11,57],[13,42],[72,93],[13,110],[11,20],[69,65],[23,62],[15,3],[29,61],[15,51],[44,100],[4,82],[24,51],[-8,31],[9,66],[-18,12],[-14,91],[24,28],[15,44],[28,43],[16,65],[-17,77],[12,48],[21,43],[-25,42],[11,50],[56,71],[-2,96],[21,24],[1,66],[76,243],[-22,120],[-19,57],[13,32],[-17,55],[-9,88]],[[27466,29573],[28,16],[151,120],[38,37],[19,73],[19,33],[2,60],[32,69],[45,55],[68,56],[62,2],[26,26],[15,69],[160,64],[87,-5],[56,52],[173,108],[29,24],[-25,47],[3,20],[50,119],[14,58],[29,63],[90,56],[131,51],[60,66],[55,9],[67,40],[62,22],[16,19],[33,91],[84,147],[112,101],[30,70],[66,61],[78,115],[49,25],[63,51],[22,29],[10,77],[17,67],[22,25],[36,19],[32,47],[74,82],[106,45],[45,55],[28,6],[51,-17],[49,14],[92,65],[10,51],[32,67]],[[30169,32295],[46,-251],[53,-266],[35,-77],[74,11],[145,100],[17,44],[239,-18],[17,-11],[42,28],[59,3],[64,-48],[188,-93],[58,-3],[42,26],[93,107],[-5,11],[84,20],[85,-11],[37,67],[40,39],[168,127],[294,-32],[108,-9],[65,7],[48,31],[45,14],[72,-7],[73,-44],[40,-45],[93,-83],[76,-9],[7,-31],[33,-66],[63,-88],[17,-10],[319,-41],[247,-23],[94,-20],[20,-27],[-4,-72],[43,-44]],[[54845,41300],[51,-116],[14,-48],[95,-151],[54,-92],[35,-47],[58,-115],[60,-77],[30,-46],[50,-60],[22,-75],[49,-57],[39,-57],[22,-91],[0,-39],[19,-44],[71,-90],[27,-43],[41,-46],[12,-47],[28,-61],[64,-74],[36,-88],[-6,-99],[-31,-128],[-10,-92],[-13,-23],[12,-85],[-12,-78],[-26,-84]],[[55636,39147],[-204,44],[-82,23],[-100,-13],[-62,0],[-94,-79],[-44,-25],[-4,-19],[58,-62],[9,-72],[-40,-43],[-58,1],[-80,-38],[-125,-10],[-50,4],[-41,-15],[-53,-36],[-73,-70],[-71,-128],[-28,-24],[-40,-10],[-33,-26],[-17,-39],[-30,-27],[-74,-5]],[[31505,36586],[97,-76],[377,-201],[251,-132],[224,-122],[284,-143],[306,-157],[68,-42],[58,-48],[51,-64],[46,-79],[62,-194],[67,-200],[47,-106],[58,-99],[32,-44],[188,-186],[59,-63],[31,-43],[93,-173],[224,-430],[23,-111],[-5,-99],[-67,-203],[-68,-217],[-100,-308],[-47,-139],[-157,-485],[-30,-132],[-30,-184],[-17,-51],[-42,-197],[-55,-278],[-30,-79]],[[30169,32295],[9,47],[-24,76],[20,40],[94,28],[17,20],[19,60],[37,37],[-69,11],[-15,17],[-27,90],[-39,59],[-65,5],[-52,21],[-68,44],[-51,14],[-108,75],[-67,2],[-42,24],[-65,91],[18,50],[-13,33],[-65,83],[-32,55],[-42,-66],[-12,-33],[-112,-119],[-60,-37],[-106,-24],[-22,-21],[-120,-49],[-41,-37],[-36,7],[-99,-5],[-23,22],[-89,24],[-45,-11],[-73,-50],[-20,-29],[-31,-79],[-33,-57],[-29,-24],[-33,17],[-147,34],[-54,8],[-28,-75],[-81,-45],[-113,12],[-10,15],[-58,9],[-39,-5],[-90,-47],[-63,-25],[-62,-15],[-25,-19],[-44,-57],[-33,-27],[-74,20],[-26,42],[-56,14],[-70,-14],[-54,-32],[-39,-35],[-38,-6],[-42,17],[-53,72],[-37,19],[-83,13],[-48,-4],[-27,-40],[-32,-123],[-29,-44],[-139,-1],[-69,-41],[-25,-1],[-66,-26],[-27,-34],[-59,8],[-50,-26],[-27,-4],[-72,23]],[[26466,32266],[5,9]],[[26471,32275],[22,50],[-34,110],[-9,45],[39,80],[-14,78],[-83,74],[19,39],[69,16],[-27,38],[-5,41],[-52,79],[-6,87],[13,37],[28,38],[46,101],[19,67],[-5,67],[53,39],[-6,93],[31,98],[47,81],[31,87],[-40,103],[-37,28],[-65,62],[-8,23],[47,77],[17,41],[97,-9],[24,12],[117,22],[21,14],[26,57],[33,-4],[41,-41],[57,-11],[75,27],[25,0],[38,-46],[55,57],[35,20],[96,6],[49,43],[16,62],[50,35],[57,22],[24,73],[44,67],[35,37],[56,23],[35,2],[41,-15],[50,8],[37,21],[28,32],[41,101],[49,56],[52,23],[62,-5],[69,-23],[78,-14],[16,8],[16,63],[24,39],[76,81],[11,68],[15,26],[39,0],[30,-19],[85,12],[132,36],[73,0],[69,13],[23,39],[19,72],[16,120],[28,117],[110,53],[81,115],[31,26],[29,3],[63,-39],[19,-48],[43,-5],[60,27],[18,35],[19,82],[26,42],[54,9],[15,44],[2,43],[27,43],[5,37],[26,58],[-5,35],[29,58],[35,25],[79,84],[25,90],[25,36],[10,41],[-5,116],[-25,64],[60,100]],[[39008,34403],[-90,64],[-257,-4],[-306,-2],[-20,-28],[-64,-15],[-220,20],[-24,41],[-12,93],[-38,71],[-45,16],[22,31],[-96,-5],[-311,105],[-122,47],[-107,88],[-40,39],[-13,-14],[-304,250]],[[36961,35200],[-491,437],[-300,287],[-117,107],[-19,3],[-55,-35],[-45,-6],[-77,15],[-277,129],[-392,173]],[[36638,38818],[848,-122],[40,6],[304,-17],[344,-26],[348,-23]],[[52107,35436],[-50,-106],[-49,-63],[-35,-84],[4,-42],[-29,-94],[-40,-88],[-52,-51],[-2,-21],[59,-107],[108,-85],[39,-47],[58,-15],[33,-23],[46,-16],[48,46],[15,-18],[-24,-35],[9,-30],[90,-79],[27,-55],[15,-64],[-12,-77],[2,-63],[36,-25],[14,-82],[17,-198],[-4,-75],[-19,-104],[-16,-35],[-64,-56],[-20,-31],[-34,-97],[-56,-81]],[[52221,33435],[-43,29],[-49,-1],[-52,23],[-26,-27],[-99,-49],[-119,-23],[-107,-7],[-54,5],[-56,-30],[-129,-57],[-40,-10],[-52,12],[-24,49],[-36,-6],[-21,-38],[-112,61],[-95,-18],[-41,8],[-60,56],[-50,-41],[-68,12],[-39,27],[-33,37],[-23,59],[-42,-14],[-34,45],[-102,-19],[-29,-30],[3,-70],[-23,-13],[-30,18],[-84,14],[-54,-23],[-70,-15],[-83,9],[-76,-21],[-72,12],[-113,-6],[-111,-38],[-51,0],[-41,-35],[-28,-10],[-49,15],[-44,-31],[-137,-151],[-24,-19],[-7,-49],[-47,-8],[-34,5],[-61,80],[-101,97],[-91,53],[-63,21],[-15,35],[-40,46],[-35,21],[-50,13],[-350,17],[-71,12],[-37,14],[-68,41],[-94,75],[-72,36],[-92,27],[-32,18],[-45,42],[-78,98],[-51,29],[-59,18],[-161,-2],[-48,10],[-56,28],[-48,44],[-51,72],[-68,117],[-70,99],[-43,29],[-61,79],[-33,33],[-77,49],[-93,21],[-134,2],[-68,16],[-88,42],[-65,52],[-51,52]],[[46691,34608],[-45,55],[-50,77],[-25,49],[-22,92],[3,127],[-20,99],[-28,63],[-74,67],[-72,93],[-9,47],[-38,44],[-29,54],[-49,67],[-58,52],[-95,71],[-61,60],[-90,106],[-79,74],[-93,100],[-73,110]],[[45684,36115],[46,12],[124,56],[26,22],[36,76],[31,48],[107,103],[29,14],[63,6],[90,1],[22,7],[55,44],[52,33],[63,15],[62,-4],[134,-28],[89,-31],[68,-12],[70,3],[50,-8],[65,-23],[128,-90],[144,-95],[45,-26],[92,-27],[296,-32],[41,-9],[89,-33],[62,-4],[26,11],[52,44],[52,10],[63,-30],[21,29],[48,19],[41,39],[53,154],[47,91],[14,16],[31,134],[65,165],[53,40],[37,62],[44,37],[25,78],[24,162],[-84,114],[-28,79],[68,82],[30,88],[16,124],[-7,86],[-95,553]],[[48459,38320],[-81,482]],[[46357,33628],[11,56],[15,9],[90,142],[19,62],[2,89],[12,46],[65,122],[60,94],[52,72],[12,55],[-36,173],[0,30],[32,30]],[[52221,33435],[114,-160],[47,-110],[34,-61],[14,-75],[19,-44],[35,-38],[17,-81],[42,-47],[17,-42],[33,-35],[97,-11],[74,-36],[105,-32],[61,-57],[99,-33],[49,-53],[35,-48],[-4,-26],[115,-96],[49,-32],[22,-35],[40,-21],[81,-59],[14,-34],[22,-5],[72,-71],[16,-36],[24,-18],[9,-45],[35,-88],[-24,-50],[-3,-49]],[[53581,31807],[-22,-28],[-7,-163],[-15,-46],[-143,-104],[-41,-105],[-28,-30],[-64,-35],[-64,-54],[-27,-6],[-91,38],[-72,-4],[-30,-28],[-35,-88],[-10,-54],[-46,-87],[4,-29],[31,-57],[12,-59],[43,-34],[-4,-42],[-20,-40],[9,-52],[-13,-47],[-71,-49],[-45,-49],[-89,-42],[-40,-30],[-67,-80],[-109,-19],[-20,-13]],[[52507,30371],[-97,-55],[-9,-45],[-2,-87],[-21,-18],[-161,-42],[-36,-38],[-123,-75],[-30,-37],[-19,-57],[1,-47]],[[52010,29870],[-19,-60],[-118,-34],[-24,8],[-42,52],[-8,34],[10,164],[-18,42],[-76,57],[-42,65],[-104,94],[-35,9],[-112,53],[-102,-90],[-14,-69],[2,-48],[35,-95],[-9,-34],[-92,-63],[-73,-6],[-44,7],[-86,31],[-153,-43],[-100,7],[-76,-22],[-55,-40],[-56,-68],[-42,-18],[-34,9],[-42,-4],[-54,12],[-85,-25],[-61,30],[-76,18],[-54,23],[-85,17],[-22,20],[-81,10],[-27,28],[-84,59],[-7,16],[-101,0],[-93,-24],[-15,-17],[-69,-25],[-31,35],[-18,1],[-52,39],[-53,25],[-4,20],[-110,68],[-29,2],[-23,25],[-163,25],[-34,-25],[-40,28],[-26,-27],[-69,3],[-95,-6],[-110,23],[-75,-20],[-45,43],[-11,38],[-31,29],[5,54],[-39,76],[-58,62],[-21,50],[2,51],[-15,28],[5,78],[-10,37],[14,19],[-69,79],[-39,113],[-10,72],[1,69],[-16,20],[-52,23],[-55,6],[-46,24],[-159,98],[-50,11],[-65,-21]],[[28577,42553],[-55,-62],[-15,-5],[-101,11],[-34,-18],[-63,-1],[-40,15],[-9,62],[-21,16],[-55,-2],[-40,-22],[-9,-50],[-22,-17],[-27,-49],[-69,-20],[-107,9],[-64,21],[-32,50],[-137,131],[-93,43],[-30,23],[-41,52],[-21,-3],[-36,-30],[-92,-54],[-117,-16],[-11,-29],[-6,-67],[-27,-51],[1,-72],[16,-35],[-2,-54],[-17,-72],[-18,-39],[-10,-75],[-110,-41]],[[27063,42102],[-110,63]],[[26953,42165],[10,22],[-9,98],[-33,67],[-81,72],[-38,55],[-43,42],[-94,116],[-34,33],[-16,66],[-2,61],[-10,44],[7,71],[-11,75],[13,26],[-13,60],[-7,73],[-12,24],[-88,119],[-22,55],[-22,23],[-34,61],[-24,101],[6,105],[-16,28],[-9,59],[15,67],[-2,37],[-29,76],[4,201],[-46,59],[-93,53],[-15,68],[18,133],[-1,67],[-42,45],[-26,49],[-8,39],[-35,25],[-53,-11],[-8,19],[-53,50],[-24,35],[-3,66],[-20,69],[-22,17],[-29,58],[-34,49],[-112,23],[-38,31],[-25,3],[-58,55],[-65,73],[-76,126],[0,46],[-38,82],[-7,80]],[[25446,45511],[42,37],[17,89],[15,11],[122,30],[43,152],[-17,51],[-31,62],[1,70],[-32,47],[-55,47],[-27,48],[-8,76],[-26,38],[-33,-6],[-98,53],[-35,47],[-17,49],[-53,56],[40,60],[71,50],[21,77],[-53,67],[-6,33],[11,53],[17,35],[71,46],[-25,32],[56,59],[10,45]],[[25467,47025],[62,-1],[5,-31],[70,-38],[4,49],[52,1],[-15,34],[27,47],[45,7],[40,28],[40,13],[29,-19],[16,30],[27,-1],[34,-25],[33,-5],[57,-24],[43,-2],[80,21],[33,57],[20,20],[38,-7],[43,-30],[68,-32],[35,9],[86,3],[48,22],[-17,38],[50,19],[-34,18],[57,33],[55,60],[45,-11],[150,33],[-29,47],[-51,14],[7,44],[63,-17],[4,35],[24,3],[23,-45],[49,-9],[57,-112],[72,-64],[52,-79],[-2,-74],[-43,-13],[-53,-32],[-24,-40],[8,-22],[46,-38],[29,-41],[17,3],[13,47],[49,5],[21,-39],[22,6],[21,-23],[47,10],[-10,48],[-39,33],[56,41],[38,10],[36,38],[61,3],[25,40],[92,-12],[28,-79],[27,-20],[-23,-79],[63,-12],[77,13],[36,-3],[6,-39],[40,21],[39,-25],[-9,-24],[-37,4],[1,-38],[41,-37],[13,48],[55,-56],[79,-38],[46,60],[29,12],[79,-11],[30,6],[42,47],[-21,52],[4,32],[-20,51],[-34,35],[-9,50],[-21,61],[44,50],[51,-17],[47,8],[31,39],[41,15],[47,-23],[97,-19],[59,-4],[49,-15],[40,7],[9,24],[-60,36],[-1,24],[38,8],[56,29],[24,24],[48,-19],[41,-4],[74,14],[36,0],[90,-40],[20,24],[-11,129],[35,29],[-8,26],[21,83],[-47,35],[23,31],[35,15],[1,28],[-30,31],[3,141],[15,52],[35,29],[27,-2],[29,-21],[27,-47],[41,2],[11,47],[-29,67],[37,55],[20,12],[64,-3],[54,41],[36,61],[35,24],[30,-25],[-37,-51],[20,-16],[47,7],[46,-18],[64,-40],[34,-7],[53,74],[19,0],[34,-41],[65,22],[115,-18],[63,-21],[127,-58],[-7,-22],[45,-91],[44,-6],[57,-35],[16,-27],[43,6],[67,60],[84,-32],[46,16],[39,-11],[21,24],[58,-20],[59,16],[79,-7],[45,16],[46,-1],[71,-20],[73,28],[76,-4],[156,27],[106,49],[25,-40],[31,-15],[28,-65],[27,-21],[20,-54],[104,-121],[69,-40],[30,-49],[96,-42],[48,-1],[85,-30],[79,10],[48,-3],[68,-46],[56,-11],[24,-56],[79,3],[5,-23],[50,-63],[33,-11],[35,-72],[-1,-86],[-24,-60],[-9,-52],[28,-151],[31,-51],[102,-122],[78,-62],[69,-27],[108,4],[143,53],[50,11],[30,-9],[41,-65],[14,-116],[21,-49],[15,-58],[2,-104],[-6,-164],[13,-72],[44,-79],[19,-4]],[[33052,45926],[-17,-66],[-4,-117],[-16,-126],[-14,-31],[-53,-12],[-52,1],[-56,19],[-34,-21],[-80,-13],[-79,2],[-64,-6],[-80,-31],[-14,-12],[-17,-77],[10,-57],[-27,-48],[-33,-17],[-24,-68],[-75,-33],[-95,-15],[-62,-32],[-69,-18],[-42,23],[-1,54],[-49,75],[-19,4],[-9,95],[39,12],[2,23],[48,7],[-41,30],[-88,20],[-101,-52],[-66,8],[-34,33],[-34,50],[-38,-17],[-12,-24],[31,-107],[-22,-18],[-26,61],[-32,43],[-136,101],[-61,34],[-104,28],[-119,0],[-25,11],[-60,-6],[-45,-27],[-45,-4],[-51,-17],[-31,13],[-42,-4],[-43,-29],[-86,-3],[-22,-30],[-77,-40],[-37,-40],[-7,-40],[-23,-25],[-74,-48],[-46,-17],[-12,-40],[-43,-51],[-7,-63],[-2,-99],[19,-81],[33,-35],[-25,-12],[-8,-43],[-510,-42],[-229,-7],[-165,-9],[-13,-36],[-2,-58],[-34,-34],[-21,4],[-40,-28],[-51,-104],[-59,-47],[42,-70],[-5,-36],[-33,-32],[-2,-53],[-13,-89],[22,-107],[-9,-30],[6,-87],[-34,-27],[-24,-53],[-27,-18],[-20,-55],[30,-61],[-10,-50],[-65,-35],[-34,-41],[-66,-39],[-37,-11],[-21,-41],[-4,-38],[-20,-37],[22,-56],[-13,-54],[-36,-105],[-87,28],[-246,-66],[-5,-556],[1,-116],[-35,-52]],[[54493,35093],[7,-36],[-3,-62],[20,-68],[37,-45],[80,-18],[32,-82],[29,-18],[109,-11],[41,-16],[8,-40],[-33,-90],[-53,-37],[-56,-21],[-84,-3],[-122,-55],[0,-49],[-15,-51],[17,-79],[20,3],[74,-30],[19,-37],[43,-49],[19,-42],[63,-87],[-2,-80],[8,-25],[76,-99],[53,-44],[16,-38],[-1,-61],[-14,-41],[-56,33],[-88,28],[-38,-18],[-24,-31],[-13,-49],[-22,-33],[-49,-50],[-28,-49],[-8,-34],[-2,-91],[-11,-70],[-81,-116],[-9,-37],[13,-38],[52,-51],[12,-38],[5,-73],[-81,-87],[-43,-7],[-76,-30],[-72,17],[-37,-5],[-76,-23],[-54,-26],[-62,-58],[-71,-35],[-20,-1],[-43,72],[-57,15],[-91,-16],[-31,-21],[-116,-150],[-146,-103],[-13,-18],[51,-68],[10,-68],[20,-15],[112,-45],[37,-34],[25,-75],[49,-98],[7,-54]],[[53756,32032],[-34,-42],[-8,-85],[-67,-58],[-66,-40]],[[35150,32335],[78,211],[15,23],[14,58],[46,145],[20,148],[-2,156],[4,30],[42,105],[12,49],[23,234],[14,93],[73,262],[26,70],[36,66],[18,49],[21,21],[572,357],[27,22],[195,189],[362,353],[158,157],[57,67]],[[43032,34659],[491,-128],[380,-100],[199,-52],[44,-16],[35,-33],[173,-128],[57,-19],[33,-27],[78,-102]],[[45301,31937],[-50,-15],[-234,14],[-147,3],[-119,-61],[-46,33],[-56,5],[-85,-16],[-38,1],[-60,41],[-67,35],[-33,29],[-73,40],[-120,93],[-292,195],[-49,38],[-39,68],[-52,67],[-18,10],[-90,-31]],[[43633,32486],[-42,27],[-50,9],[-45,-8],[-58,-49],[-154,-182],[-31,-80],[-34,-42],[-155,-95],[-47,-3],[-52,23],[-150,100],[-356,234],[-55,40],[-81,73],[-66,47],[-399,266]],[[31458,23029],[263,-354],[43,-101],[67,-82],[15,-39],[2,-98],[19,-102],[18,-65],[-2,-30],[-35,-94],[-67,-65],[-22,-54],[8,-80],[44,-63],[36,-6],[43,22],[83,-18],[-18,-39],[-33,11],[13,-72],[-46,-22],[-14,-72],[26,-103],[36,-11],[-3,-66],[-15,-30],[6,-37],[21,-22],[24,-50],[-38,-11],[-36,-25],[-21,-42],[51,-71],[50,3],[24,13],[61,-13],[32,24],[59,7],[35,-21],[54,-1],[42,11],[23,-8],[76,18],[7,25],[53,-34],[133,-19],[102,-25],[64,-55],[32,-96],[30,-3],[-4,-421],[3,-77],[17,-88],[25,-79],[512,-1507],[153,-454],[18,-74],[5,-79],[-19,-122],[-112,-413],[-14,-83],[5,-104],[10,-50],[61,-210],[10,-44],[35,-82],[127,-245],[52,-131],[100,-317],[23,-103],[11,-129],[20,-306],[15,-92],[25,-69],[59,-133],[18,-65],[34,-254],[36,0],[29,-44],[42,-39],[54,-73],[57,-7],[12,-20],[40,-4],[19,-18],[46,29],[44,5],[51,37],[30,-11],[16,18],[-20,32],[42,33],[15,24],[10,55],[27,-32],[31,-1],[25,35],[49,-1],[30,-22],[117,-5],[30,104],[-19,60],[79,92],[104,17],[121,-67],[252,38],[165,-6],[130,-27],[87,-44],[68,-68],[135,-71],[148,-21],[158,-31],[127,16],[186,36],[285,203],[436,399],[195,136],[406,524]],[[37887,16514],[19,-204],[13,-61]],[[37919,16249],[-31,-67],[-8,-175],[65,-370],[104,-525],[47,-108],[73,-71],[84,-61],[139,-65],[177,-93],[132,-116],[125,-70],[142,-94],[113,-94],[26,-77],[1,-143],[-16,-120],[-1,-65],[-13,-69],[-2,-58],[20,-44],[26,-171],[0,-53],[18,-66],[-2,-25],[20,-62],[11,-63],[-29,-53],[-33,-77],[-33,-20],[-2,-25],[26,-74],[-9,-93],[-24,-93],[-29,-138],[-27,-58],[12,-39],[-2,-50],[16,-31],[-10,-81],[5,-52],[40,-138],[41,-95],[-4,-55],[38,-134],[40,-75],[-24,-97],[15,-45],[4,-116],[11,-40],[45,-61],[26,-17],[-3,-62],[23,-32],[12,-67],[-6,-64]],[[39288,11342],[25,-74],[23,-36],[27,1],[30,-31],[52,-86]],[[39445,11116],[-18,-28],[-56,-25],[-15,-32],[18,-67],[44,-45],[7,-31],[-17,-65],[4,-34],[24,-37],[-26,-99],[15,-28],[95,-5],[47,-24],[54,-13],[4,-63],[-46,-59],[-37,-90],[-8,-78],[62,-83],[-4,-61],[10,-33],[-9,-117],[-23,-29],[-74,-50],[-2,-48],[66,-82],[15,-79],[-80,-15],[-28,6],[-35,-44],[-11,-33],[9,-57],[-16,-34],[-81,-29],[-15,-46]],[[39318,9459],[-14,-12],[-78,9],[-42,28],[-51,6],[-10,-16]],[[39123,9474],[-28,-15],[7,-79],[-18,-113],[12,-48],[33,-48],[-16,-26],[10,-28],[32,-24],[26,-58],[68,4],[36,-10],[23,-62],[32,-21],[110,13],[46,34],[91,25],[65,-11],[39,-28],[38,-74],[-4,-44],[-36,-31],[-9,-62],[-60,-51],[23,-87],[87,-159],[-2,-19],[-46,-56],[24,-73],[-4,-46],[-21,-33],[5,-34],[-30,-16],[-64,-8],[-31,-27],[-11,-29],[-29,5],[-58,-47],[3,-64],[140,-108],[71,-65],[42,-10],[13,-108],[-20,-56],[9,-35],[47,-33],[-36,-51],[-52,-56],[-64,-36],[33,-47],[-40,-16],[-35,4],[-12,-33],[37,-70],[41,-3],[8,-26],[-16,-48],[26,-93],[-80,-69],[-92,-25],[-18,-37],[42,-27],[-29,-30],[-47,-15],[-25,-60],[18,-34]],[[39427,6837],[-7,-35],[0,-82],[-49,-1],[-24,27],[16,37],[-24,37],[-68,24],[-13,36],[-63,23],[-38,1],[-36,-56],[-20,-1],[-72,28],[-84,-104],[2,-48],[-52,-16],[-44,-40],[-22,-46],[-98,-15],[-61,-23],[-68,11],[-50,-87],[-44,-5],[-41,-22],[-55,11],[-33,-62],[-58,-2],[-65,14],[3,-35],[-64,-33],[-8,-42],[-99,-49],[-49,-6],[-143,-90],[-46,-20],[-2,-36],[44,-44],[-12,-77],[14,-89],[88,-130],[16,-54],[-4,-81],[23,-30],[-23,-76],[6,-36],[27,-49],[-19,-39],[77,-49],[52,-68],[92,-48],[44,-15],[-8,-36],[-85,-71],[-57,-20],[-76,-5],[-58,-14],[-31,-37],[-16,-63],[-34,-46],[-38,-21],[-38,6],[-83,41],[-53,-14],[-50,-50],[-25,-44],[-37,-116],[-71,-44],[-26,-5],[-74,20],[-39,-15],[-52,-45],[-90,-34],[-123,-35],[-46,-19],[-80,-46],[-98,-84],[-75,105],[-25,80],[-22,44],[-97,70],[-65,90],[-16,52],[-47,46],[-26,58],[-45,36],[-115,77],[-46,11],[-71,52],[-24,58],[-14,66],[-71,93],[-93,-18],[-92,23],[-48,2],[-54,-17],[-106,9],[-155,-33],[-127,-1],[-100,22],[-7,-24],[-74,-45],[-42,12],[-74,34],[-29,47],[-78,-62],[-66,8],[-98,-40],[-44,53],[-47,31],[-93,-2],[-28,15],[-28,-5],[-30,39],[22,63],[-4,19],[-45,19],[-23,21],[-29,56],[-9,45],[-80,18],[-33,-9],[-10,-29],[-40,-17],[-39,39],[-36,4],[-52,-27],[-24,10],[-36,-17],[-55,31],[-14,37],[-32,25],[-65,-91],[21,-61],[-24,-52],[-35,-5],[-31,-73],[-60,-63],[-19,-40],[-63,-9],[-58,-82],[-96,-48],[-55,31],[-15,-13],[-86,-16],[-30,-28],[-50,-1],[-56,-20],[-56,46],[-65,20],[-19,42],[-37,-8],[-25,13],[-37,-36],[-55,-14],[-35,-40],[19,-72],[-61,-21],[8,-43],[-18,-20],[-15,-61],[-22,-41],[-58,-40],[-87,-17],[-61,15],[-14,42],[-73,19],[-36,29],[-45,0],[-62,-37],[-31,-52],[-59,-17],[-50,9],[-54,54],[14,60],[-98,51],[-23,27],[-47,29],[-43,-2],[-23,-21],[-18,-43],[-66,-44],[-27,2],[-33,30],[-68,13],[-53,-25],[-80,13],[-14,-16],[-1,-42],[-26,-57],[-25,-34],[-53,24],[-25,38],[-23,5],[-29,-31],[-28,-8],[-43,-50],[-67,31],[-39,45],[-71,10],[-49,16],[-76,35],[-29,28],[-37,105],[-38,24],[-23,-2],[-61,-36],[-122,24],[-56,30],[-70,-13],[-16,-38],[9,-32],[-9,-31],[-41,-1],[-40,-40],[-44,5],[-38,-10],[-21,21],[-29,-3],[-5,-52],[-55,28],[-9,-19],[-46,22],[-37,-3],[-27,-32],[-3,-27],[14,-54],[-23,-18],[-51,-5],[-19,-55],[-42,-47],[-5,-56],[9,-35],[-12,-24],[-69,4],[-20,-8],[-3,-35],[-73,-9],[-23,-35],[-41,-27],[16,-33],[-13,-33],[-45,-46],[-71,6],[-50,-14],[-59,40],[-26,-2],[-12,-35],[-49,-34],[-73,3],[-61,-32],[-20,-27],[-10,-56],[-59,3],[-86,-32],[-97,38],[-51,-15],[-47,-30],[0,-32],[-27,-39],[-34,-18],[0,-42],[32,-56],[-30,-28],[-83,-29],[-29,0],[-20,22],[-55,-11],[-57,35],[-21,47],[-20,69],[-58,27],[-63,53],[18,42],[-24,55],[42,42],[-5,95],[84,18],[58,22],[46,2],[43,-15],[16,31],[1,38],[40,43],[28,-6],[75,66],[-27,22],[-7,42],[-65,103],[70,50],[76,-5],[13,53],[39,21],[-15,50],[24,32],[-2,102],[20,41],[7,45],[63,12],[53,27],[12,42],[-43,71],[17,20],[52,12],[11,20],[77,-21],[21,48],[-11,59],[4,29],[76,19],[19,74],[-32,38],[-8,36],[77,5],[2,90],[71,66],[31,19],[11,54],[-20,35],[-3,47],[-22,47],[2,34],[51,18],[22,51],[91,-8],[0,48],[33,98],[69,-8],[6,108],[-10,21],[17,56],[-16,23],[-49,30],[-33,4],[-31,-16],[-57,-68],[-19,10],[-34,47],[-23,-3],[-19,-46],[-50,-22],[-35,56],[-5,36],[17,55],[-17,63],[4,24],[-25,49],[-48,54],[-21,10],[-59,-1],[-56,73],[-15,130],[49,30],[25,46],[-2,64],[-106,55],[-43,33],[-46,-6],[-36,77],[-55,55],[-15,-3],[-30,-50],[-47,-30],[-29,-30],[-21,2],[-23,44],[-9,64],[-21,0],[-54,-57],[-47,14],[-29,65],[-36,29],[-55,7],[9,80],[-8,46],[-43,51],[-54,-19],[-21,32],[-34,80],[7,16],[57,48],[3,56],[26,26],[-29,40],[-59,35],[63,105],[34,30],[-4,49],[-74,38],[-73,1],[-28,-14],[-9,-30],[-27,-18],[-39,58],[-76,7],[-7,43],[-30,19],[-29,-2],[-38,-28],[-33,-4],[-29,41],[-10,41],[-32,26],[-19,33],[-49,3],[-38,25],[-15,61],[27,34],[-3,39],[-25,62],[-24,4],[-47,46],[-19,53],[-65,69],[-45,27],[-77,29],[-90,8],[-29,-18],[-86,-90],[-53,-13],[-14,-30],[-48,-38],[-61,9],[-39,32],[-24,48],[-40,48],[1,60],[-21,43],[-145,38],[-32,-9],[-56,16],[-55,-18],[-59,-7],[-21,9],[19,81],[-44,-3],[-44,20],[-56,7],[-50,-4],[-48,-21],[-42,-31],[-55,-27],[-46,58]],[[26536,8899],[-29,113],[-8,47],[21,73],[5,58],[-15,45],[-56,98],[-18,57],[-2,73],[22,108],[-11,55],[-43,95],[-87,292],[-10,88],[-26,94],[-14,13]],[[26265,10208],[-5,57],[17,20],[-4,77],[50,1],[7,15],[-71,52],[-39,-2],[1,39],[14,43],[22,11],[-7,62],[-22,27],[3,46],[-28,37],[5,62],[-7,34],[28,14],[46,45],[-39,8],[-28,-14],[-17,26],[17,35],[-20,25],[47,24],[-33,50],[26,37],[-14,42],[24,49],[34,16],[-19,46],[28,58],[26,1],[57,45],[8,37],[32,14],[4,67],[24,5],[-6,42],[49,53],[27,9],[39,59],[-20,60],[7,21],[87,99],[10,63],[17,26],[20,71],[-18,42],[26,11],[17,43],[-24,41],[-4,81],[49,5],[-15,44],[-68,71],[-52,-31],[-12,61],[-25,36],[-33,8],[31,33],[5,58],[-34,53],[0,32],[26,35],[-39,7],[-10,22],[18,25],[42,-16],[86,-53],[82,6],[79,-18],[47,-27],[64,-81],[26,-86],[-3,-165],[52,-56],[73,-13],[50,12],[70,33],[70,-7],[59,-36],[311,-47],[200,-27],[57,22],[106,20],[57,5],[411,55],[70,6],[21,41],[33,2617],[-26,19],[-24,39],[-91,104],[-31,47],[-18,72],[-11,98],[-27,139],[44,156],[-36,101],[-1,44],[-37,44],[-13,86],[7,59],[-14,57],[9,18],[58,-6],[52,-58],[88,-46],[38,0],[47,-26],[19,-40],[48,-29],[18,4],[38,-25],[58,-8],[58,28],[85,-8],[56,25],[39,-15],[62,9],[80,-14],[51,32],[84,26],[60,8],[18,25],[-12,50],[14,21],[65,51],[20,56],[-15,82],[15,109],[20,70],[-33,99],[-25,17],[-45,2],[-86,-24],[-13,25],[6,97],[11,21],[81,11],[23,15],[48,143],[0,66],[24,59],[2,74],[-38,52],[-37,9],[-20,30],[-60,37],[-9,29],[-32,15],[-32,39],[-73,35],[-38,41],[-49,98],[-48,47],[-59,34],[-18,30],[-37,7],[-59,37],[-48,61],[-23,17],[-57,65],[-26,16],[-60,-13],[-37,5],[-58,58],[-45,10],[2,21],[-39,20],[-44,36],[-72,44],[-15,18],[-141,65],[-39,31],[-139,25],[-64,29],[-34,-8],[-54,17],[-60,37],[-99,37],[-183,18],[-86,-12],[-112,-24],[-15,22],[-58,2],[-116,64]],[[27120,17994],[-122,72],[-26,41],[-23,57],[-76,43]],[[26873,18207],[-22,16],[13,75],[23,20],[45,86],[-4,27],[35,52],[-30,35],[14,97],[75,16],[15,25],[39,28],[8,29],[84,38],[49,14],[22,23],[13,52],[-4,25],[-28,24],[15,46],[73,135],[43,45],[-3,51],[51,19],[67,36],[23,20],[48,67]],[[27537,19308],[53,64]],[[27590,19372],[52,57],[30,76]],[[27672,19505],[25,108]],[[27697,19613],[15,57],[-11,39],[-50,53],[-36,59],[-29,100],[-13,150],[9,70]],[[27582,20141],[14,65],[132,314],[66,82],[32,17]],[[27826,20619],[88,45],[97,42],[154,76],[59,24],[70,55],[109,148],[59,68]],[[28462,21077],[28,31],[83,42],[167,26],[56,34],[60,58],[33,46],[31,61],[43,102],[32,120],[15,94],[-33,98],[46,45]],[[29895,40357],[-25,20],[-62,24],[-80,4],[-22,54],[-36,22],[-34,5],[-113,-6],[-46,15],[-48,39],[-45,-6],[-83,42],[-40,10],[-55,57],[-54,193],[-42,113],[-37,62],[-102,144],[-17,67],[11,127]],[[28965,41343],[10,40],[27,49],[3,43],[-20,56],[8,79],[17,35],[7,98],[-11,69],[-64,67],[-28,13],[-58,-2],[-101,27]],[[28755,41917],[-11,20],[-56,46],[-46,18],[-1,87],[-7,37],[-22,25],[-29,87],[7,94],[26,40],[14,46],[-2,40],[20,73],[26,30],[109,67],[49,67],[-4,61],[43,55],[13,43],[29,35],[61,16],[43,38],[-39,46],[-37,-31],[-58,-7],[-51,-17],[-37,-39],[-59,-83],[-36,-95],[-123,-163]],[[33052,45926],[57,5],[174,-32],[154,-42],[36,2]],[[33473,45859],[40,-123],[-7,-45],[49,-104],[-4,-60]],[[33551,45527],[-106,-6],[-58,-11],[-34,-27],[-4,-29],[6,-126],[0,-114],[14,-47],[2,-88],[19,-84],[-2,-29],[13,-99],[-30,-254],[-5,-128],[10,-108],[-44,4],[-53,24],[-34,31],[-90,18],[-56,-17],[-14,31],[-32,-24],[-14,-74],[-31,-33],[-119,-31],[-41,-32],[-37,-53],[-2,-27],[26,-97],[66,-77],[61,-44],[46,-22],[38,-3],[27,-31],[44,-14],[49,-59],[9,-23],[-15,-34],[9,-70],[-16,-159],[-36,-35],[-12,-43],[10,-25],[-28,-14],[-61,-57],[-53,-23],[-56,-1],[-47,-45],[-14,-29],[-43,-48],[-25,-8],[-25,-40],[-81,-80],[-43,-82],[-31,-41],[-14,-75],[-26,-51],[4,-57],[26,-61],[44,-62],[47,-133],[145,-210],[4,-63],[-19,-26],[-10,-42],[12,-48],[64,-26],[-22,-99],[23,-56],[18,-11],[20,-58],[-7,-36],[-32,-65],[22,-111],[87,-58],[71,-67],[39,-25],[-21,-43],[-48,-188],[7,-59],[-9,-48],[-75,-119],[-79,-100],[-9,-62],[27,-190],[33,-9],[31,-209],[31,-73],[127,-201],[29,-82],[32,-259],[20,-286],[11,-72],[12,-159]],[[33551,45527],[16,-28]],[[33567,45499],[32,-58],[52,-43],[72,-23],[96,-9],[81,5],[31,11],[74,48],[49,13],[82,0],[46,-34],[65,-67],[32,-52],[41,-41],[106,-52],[53,-10],[55,46],[23,60],[5,52],[-3,86],[7,49],[27,86],[-8,108],[16,56],[67,42],[96,75],[154,54],[140,93],[27,9]],[[42950,38374],[81,55],[56,68],[36,83],[4,103],[-53,259],[7,150],[18,88],[40,115]],[[43139,39295],[31,50],[57,64],[60,45],[92,42],[66,16],[186,25],[73,16],[71,41],[94,88],[58,64],[122,157],[17,62],[23,40],[141,128],[176,128],[39,34],[70,89],[53,87],[25,19],[104,51],[142,60],[83,31],[116,102],[45,48],[182,256],[72,67],[47,18],[73,5],[57,42],[39,59],[43,42],[126,65],[104,47],[115,34],[144,86],[208,36],[73,17],[129,38],[90,22],[150,18],[80,5]],[[46815,41639],[-41,-62],[10,-19],[-21,-32],[23,-19],[226,-358],[-112,-82],[-54,-7],[0,-20],[-206,-2],[-64,-19],[-41,-28],[-42,-53],[-42,-105],[49,-63],[167,-46],[94,-61],[151,-54],[8,-100],[10,-8],[1,-65],[8,-67],[30,-90],[82,-106],[21,-1],[47,-80],[66,-54],[24,-57],[-12,-64],[8,-154],[6,-26],[-23,-120],[-20,-55],[3,-31],[-50,3],[-65,-19],[-63,-40],[-64,3],[-72,-16],[-49,12],[-10,-32],[-26,-31],[-44,-27],[-88,14],[-81,22],[-100,-15],[-49,-32],[-33,3],[-34,-28],[-63,-18],[-44,11],[-72,-10],[-12,-25],[-93,-14],[-46,-37],[-88,-32],[-33,8],[-118,-48],[-92,-33],[-58,-40],[-67,-31],[-64,-58],[-59,-17],[22,-28],[62,-50],[124,-60],[185,-102],[86,-58],[44,-42],[35,-17],[98,-17],[58,-22],[178,-52],[154,-4],[83,-5],[229,33],[48,-5],[175,-58],[68,-19],[48,-31],[34,-72],[24,-32],[67,-52],[86,-75],[49,-55],[91,-138],[37,16],[87,123],[46,-35],[84,7],[125,64],[18,-1],[100,-53],[88,9],[269,104],[123,43]],[[45684,36115],[-64,96],[-6,30],[-66,61],[-12,-13],[-271,163],[-44,33],[-59,83],[-40,47],[-102,77],[-39,38],[-94,107],[-58,47],[-220,106],[-120,92],[-62,26],[-70,5],[-106,-3],[-62,15],[-317,140],[-64,26],[-61,46],[-31,37],[-53,146],[-45,4]],[[36586,44927],[140,48],[86,51],[35,9],[104,-1],[100,-15],[47,7],[93,72],[92,2],[52,15],[45,27],[41,5],[45,-8],[57,2],[86,22],[41,1],[111,-20],[78,-2],[40,-35],[28,-72],[51,-4]],[[41290,41562],[-97,-65],[-162,-104],[-46,-35],[-69,-40],[-58,-17],[-20,-25],[-80,-59],[-12,-30],[-109,-184],[-21,-71],[-40,-92],[-46,-80],[-47,-38],[-64,-29],[-96,-54],[-28,-39],[-41,-1],[-183,-36],[-19,-8],[-230,-54],[-69,-7],[-257,48],[-57,-7],[-27,-128],[-11,-105],[-9,-48],[-32,-72],[-110,-159],[-73,-98],[32,-223],[-25,-276],[-48,-59],[-321,-162],[-11,-17],[2,-153],[6,-54],[14,-26],[115,-154],[14,-31],[-6,-97]],[[42769,40912],[13,-61],[52,-56],[7,-26],[-1,-319],[-24,-151],[-24,-72],[-84,-162],[-2,-58],[36,-55],[55,-103],[88,-154],[4,-33],[-13,-48],[2,-49],[25,-60],[69,-71],[167,-139]],[[46815,41639],[222,15],[188,22],[99,-6],[234,-75],[39,1],[150,36],[87,9],[138,6],[226,-48],[185,-28],[79,-27],[81,-43],[160,-91],[127,-57]],[[36619,23663],[94,-186],[113,-176],[46,-62]],[[36872,23239],[52,-141],[38,-158],[107,-690],[28,-227],[46,-159],[51,-94],[124,-151],[591,-760],[334,-434],[301,-383],[69,-104],[35,-70],[29,-86],[14,-69],[-3,-214],[-15,-906],[-1,-157]],[[38672,18436],[-62,-127],[-6,-189],[44,-216],[-19,-169],[-126,-297],[-135,-267]],[[38368,17171],[-93,-103],[-219,-263],[-70,-110],[-31,-102]],[[37955,16593],[-68,-79]],[[56163,44456],[-64,24],[-55,45],[-52,71],[-101,105],[-52,67],[-49,32],[-38,59],[-34,30],[-72,34],[-36,39],[-48,102],[-6,51],[24,134],[-17,40],[8,78],[-23,76],[1,30],[34,6],[-50,83],[-69,80],[-3,51],[-25,26],[-54,100],[-50,15],[-26,112],[-22,197],[-21,92],[-51,60],[-151,223],[-34,25],[-4,63],[14,86],[15,50],[-62,53],[-60,75],[-23,54],[-12,67],[14,77],[21,63],[10,82],[-16,44],[26,49],[62,38],[172,67],[98,42],[101,23],[109,33],[-13,50],[6,50],[-8,50],[-37,105],[-31,49],[-43,33],[-8,38],[8,94],[-26,37],[-48,13],[-22,36],[-60,27],[-1,21],[25,33],[57,29],[46,48],[36,67],[0,79],[-13,18],[-44,16],[9,56],[73,148],[3,47],[-24,74],[19,77],[5,83],[-33,63],[-10,58],[-41,52],[-31,82],[-40,79],[-8,73],[25,116],[56,19],[40,40],[0,42],[41,64],[79,28],[93,59],[41,-2],[38,12],[101,74],[28,34],[70,62],[13,47],[-22,37],[28,47],[26,-1],[69,-29],[35,22],[81,22],[52,60],[43,-6],[-10,50],[66,51],[-15,50],[11,40],[-20,37],[34,28],[21,39],[66,49],[11,40],[24,4],[24,45],[63,1],[13,21],[46,7],[47,-10],[64,29],[8,26],[-20,24],[8,66],[49,24],[24,32],[28,-30],[28,9],[23,37],[49,47],[87,28],[47,60],[16,56],[30,37],[34,12],[57,45],[1,25],[-40,17],[-3,23],[24,25],[38,8],[48,28],[5,28],[-53,32],[-2,44],[33,8],[70,-2],[55,32],[9,34],[-29,50],[27,40],[54,25],[-31,20],[-13,37],[27,23],[-9,22],[47,42],[4,35],[33,20],[-10,36],[16,53],[26,13],[78,17],[81,3],[35,-8]],[[57609,51725],[95,-4],[21,7],[25,39],[-39,37],[11,63],[19,56],[21,28],[58,7],[63,33],[29,73],[29,-3],[26,-26],[58,13],[27,-43],[22,2],[20,53],[46,36],[64,15],[8,37],[-23,41],[18,29],[48,8],[44,-52],[25,6],[5,40],[28,21],[87,-27],[54,-30],[21,28],[-33,46],[15,29],[122,26],[30,38],[35,-11],[28,-29],[62,43],[-11,60],[43,25],[45,2],[38,38],[67,12],[28,30],[79,15],[28,26],[96,67],[45,-12],[-16,-38],[-41,-16],[-2,-70],[28,-30],[-2,-26],[46,2],[8,50],[41,10],[4,-26],[54,29],[-9,29],[26,20],[41,-11],[-7,35],[91,4],[89,57],[47,-29],[32,60],[42,-18],[37,-1],[32,-40],[-12,-30],[23,-42],[-16,-41],[-10,-64],[30,0],[19,26],[17,50],[49,11],[43,-3],[32,-53],[26,-10],[42,45],[53,-43],[11,-50],[-12,-38],[43,-118],[29,-40],[45,-37],[36,-62],[-26,-51],[-60,-84],[3,-21],[37,-26],[39,4],[16,-33],[-14,-20],[-4,-49],[28,-18],[80,-12],[62,12],[56,-69],[120,-67],[41,-40],[53,-36],[37,-47],[-60,-43],[-41,-9],[-82,-33],[-62,-37],[-11,-62],[14,-98],[-1,-58],[56,-85],[-1,-55],[10,-32],[36,-52],[19,-60],[-21,-62],[-7,-135],[-22,-73],[2,-77],[42,-80],[-78,-152],[-8,-45],[20,-147],[-16,-83],[6,-52],[-8,-43],[-66,-98],[-3,-36],[12,-62],[3,-63],[-13,-69],[28,-75],[-32,-80],[-10,-144],[-2,-83],[13,-32],[72,-83],[182,-186],[63,-52],[22,-3],[3,-36],[942,-965],[111,-10],[29,-15],[38,-91],[32,-40],[67,-48],[24,-26],[101,-139],[120,-123],[53,-45],[81,-36],[42,-29],[108,-91],[46,-51],[52,-45],[69,-33],[74,11],[30,-5],[28,-144],[64,-119],[15,-78],[27,-45],[12,-54],[95,66],[71,36],[57,9],[26,-18],[34,-55],[23,-15],[96,35],[114,15],[47,-28]],[[63480,46701],[-117,-110],[-10,-47],[-44,-16],[-17,-19],[11,-48],[-15,-48],[54,-101],[31,-38],[-31,-27],[29,-49],[-10,-83],[26,-32],[-49,-66],[-34,-14],[-58,-6],[-27,-36],[6,-30],[-43,-9],[-56,-26],[-42,9],[-121,-67],[-44,-2],[12,-66],[23,-38],[-19,-40],[-37,-42],[-95,-4],[37,-65],[15,-40],[-58,-10],[-19,-13],[-52,-5],[-57,-49],[6,-52],[-3,-61],[-24,-53],[-6,-76],[-75,-34],[-106,-6],[-86,-32],[-36,-33],[-14,-39],[-60,-50],[-29,3],[-66,-15],[-30,-41],[-76,-5],[-68,13],[-30,-3]],[[61966,44980],[-49,-4],[-79,63],[-44,-31],[-61,-200],[25,-39],[-31,-23],[-43,2],[-39,-47],[-95,-37],[-22,12],[-11,38],[-21,25],[-38,7],[-34,-20],[-47,-63],[-32,-1],[-52,22],[-174,-56],[-46,-25],[-35,-5],[-72,30],[-41,7],[-18,31],[-68,22],[-61,-36],[-38,11],[-58,48],[-28,59],[-37,22],[-26,1],[-71,55],[-24,65],[7,41],[-56,32],[-30,-11],[-12,-27],[-37,-10],[-69,-43],[-77,18],[-37,-3],[-24,66],[-9,65],[-42,85],[-36,35],[-64,21],[-28,19],[-79,21],[-38,20],[-16,25],[-24,89],[-375,61],[-66,-3],[-26,-14],[-80,58],[-6,23],[-17,197],[-10,45],[6,45],[16,23],[-8,66],[-23,51],[-67,47],[-49,-8],[-27,-20],[-58,-90],[-25,-86],[-52,-32],[-31,-34],[-17,-66],[-5,-54],[1,-90],[-26,-58],[-13,-10],[-158,-27],[-87,-43],[-74,-47],[2,55],[-36,5],[-58,-27],[-76,17],[-32,-17],[-16,36],[-7,51],[-84,25],[-7,-51],[-41,-34],[-29,-4],[-93,21],[-56,4],[-132,33],[-58,-5],[-91,40],[-90,2],[-58,34],[-37,1],[-114,-18],[-62,-31],[-54,81],[-49,28],[-121,29],[-45,28],[-58,12],[-53,32],[-77,-2],[-54,39],[-39,-2],[-38,11],[-73,-29],[-106,-18],[-50,-19],[-48,-51],[-63,-48],[-20,-26],[-20,-72],[-12,-73],[10,-81],[-4,-27],[-28,-48],[-37,-30],[-105,-113],[-30,-64],[2,-40],[21,-83],[-4,-82],[10,-144],[-41,-85],[-24,-94]],[[18421,39074],[3,25],[-82,-16],[-51,-2],[-79,22],[-193,100],[-86,56],[-142,102],[-194,119],[-34,1],[-86,-12],[-25,21],[-80,182],[-28,10],[-126,-51],[-48,16],[-53,44],[-23,0],[-69,-21],[-61,7],[-28,-9],[-15,-45],[-38,9],[-64,40],[-73,11],[-27,17],[-58,59],[-37,3],[-57,22],[-62,1],[-98,128],[-98,94],[-94,60],[-58,15],[-44,22]],[[16113,40104],[-48,21],[-9,39],[-1,56],[11,38],[64,121],[17,11],[45,-2],[-10,65],[74,38],[39,34],[34,10],[46,-22],[38,36],[76,36],[103,37],[42,79],[61,53],[-50,119],[44,27],[5,96],[-24,29],[10,22],[65,-6],[30,-48],[24,1],[52,72],[-9,45],[16,44],[328,-98],[50,23],[26,-1],[95,-57],[30,-9],[38,-29],[28,-101],[44,-9],[16,16],[34,71],[37,40],[30,3],[140,-23],[75,-67],[131,-43],[83,51],[58,-9],[95,27],[37,1],[68,-20],[36,-33],[28,-47],[29,-5],[80,29],[55,-10],[70,-34],[97,-18],[92,8],[139,45],[63,27],[51,32],[34,10],[48,-42],[71,-19],[101,-2],[63,-9],[37,-23],[15,-41],[13,-77],[40,-39],[82,-48],[93,-7],[62,10],[64,-2],[39,7],[125,44],[69,2],[69,-7],[123,-52],[36,4],[121,-17],[64,11],[35,24],[12,85],[21,18],[151,247],[-27,80],[116,41],[115,27],[114,-5],[73,-8],[106,7],[8,63],[-26,110],[-6,57],[42,122],[2,81],[-8,131],[-16,47],[24,58],[26,15],[108,25],[27,20],[35,63],[113,26],[97,-6],[97,36],[58,71],[46,24],[21,-42],[21,-68],[1,-88],[-24,-78],[-23,-117],[3,-62],[19,-83],[34,-62],[51,-56],[96,17],[98,37],[86,43],[120,29],[79,60],[42,5],[118,-52],[9,-62],[43,-24],[18,15],[41,-18],[79,-120],[0,-17],[113,15],[31,-10],[30,-62],[53,-54],[49,-9],[97,-3],[133,-17],[61,-23],[37,10],[46,-29],[79,-7],[97,5],[67,55],[94,38],[28,57],[69,62],[105,-61],[40,-70],[27,-5],[70,55],[47,16],[46,-12],[126,-71],[61,14],[61,-37],[26,4],[39,52],[68,-20],[53,-6],[25,-39],[88,-81],[77,9],[33,28],[22,42],[71,3],[8,48],[52,2],[79,25],[49,4],[53,34],[47,-28],[43,-13],[24,7],[32,45],[30,-6],[37,29],[60,0],[10,25],[60,3],[69,-46],[45,12],[50,64],[35,-32],[1,-23],[57,-69],[72,-26],[30,5],[35,-12],[52,-3],[26,-44],[37,-5],[36,-28],[18,-79],[2,-44],[19,-28],[39,-2],[20,20],[5,58],[13,24],[72,13],[108,-75],[98,43],[45,2],[23,18],[53,117],[32,57],[-15,107],[32,78],[10,60],[-24,58],[22,77],[5,63],[44,42],[20,55],[15,17],[77,40],[105,30],[73,97],[45,112]],[[26939,42111],[31,-17],[46,-56]],[[27016,42038],[-12,-42],[-8,-119],[16,-75],[55,-129],[-4,-35],[-23,-22],[-86,-31],[-55,-58],[-21,-52],[-10,-98],[23,-89],[26,-28],[40,-11],[44,-84],[-45,-40],[2,-36],[-80,2],[-73,-47],[-64,-10],[-43,-29],[-28,-58],[-31,-87],[-24,-51],[12,-48],[0,-54],[-37,-38],[-22,-63],[-32,-65],[-9,-42],[-68,-70],[-58,-25],[-22,-27],[-21,-64],[-53,-33],[-2,-26],[-49,-29],[-51,-74],[-35,-123],[0,-64],[25,-82],[61,-37],[10,-39],[48,-103],[35,-23],[71,-114],[18,-19],[12,-82],[-22,-162],[-45,-37],[-63,-126],[-49,-37],[-158,-72],[-42,-26],[-27,-37],[-137,-150],[-59,-119],[-21,-85],[11,-74]],[[25836,38540],[-44,19],[-42,-63],[-33,-23],[-62,-18],[-88,12],[-58,52],[-17,40],[-14,64],[-45,65],[-55,24],[-150,37],[-105,39],[-44,36],[-53,56],[-72,66],[-100,71],[-6,41],[12,41],[-12,22],[-89,60],[-90,47],[-99,26],[-128,1],[-48,-34],[-16,-55],[-56,-77],[-67,-62],[-46,-9],[-168,-115],[-77,-26],[-84,-14],[-285,-10],[-84,-9],[-50,2],[-73,-11],[-53,-58],[-9,-53],[-52,-22],[-21,-29],[-6,-36],[-27,-46],[-33,-21],[-92,-40],[-57,-89],[-30,-32],[-2,-49],[-47,42],[-40,49],[-88,-47],[29,-27],[-7,-55],[17,-39],[-23,-34],[13,-34],[31,-13],[28,-32],[45,2],[23,-19],[31,-67],[3,-47],[-12,-91],[-38,-16],[-72,-48],[-24,-7],[-18,-30],[14,-69],[40,-59],[48,-17],[4,-50],[-71,-96],[11,-30],[33,-33],[-14,-24],[32,-33],[13,-64],[-25,-14],[-43,6],[-19,-22],[11,-25],[-18,-77],[-30,-42],[3,-22],[51,-10],[4,-50],[-21,-46],[-50,-27],[0,-21],[44,-50],[13,-138],[19,-24],[73,19]],[[22979,36829],[-47,-33],[-102,-37],[-84,-21],[-41,-17],[-67,-42],[-37,-32],[-37,-58],[-87,-22],[-103,-2],[-37,-19],[-57,-50],[-90,-62],[-35,-8],[-68,15],[-60,45],[-36,16],[-10,52],[-42,19],[-58,-18],[-70,-44],[-42,-40],[-113,-90],[-53,-90],[-69,-5],[-102,-18],[-84,-39],[-75,8],[-117,61],[-100,118],[-63,40],[-18,50],[-1,108],[26,70],[-2,35],[24,26],[9,50],[-40,53],[0,39],[14,33],[-41,95],[-103,132],[-20,15],[-67,21],[-39,42],[-3,56],[14,50],[29,53],[-4,33],[53,100],[30,69],[40,25],[-1,57],[27,107],[-14,51],[-81,131],[-12,27],[-40,132],[-7,63],[-56,50],[-20,39],[-53,20],[-14,-20],[-48,-27],[-46,46],[-41,-16],[-48,9],[-58,31],[-53,45],[-66,77],[-56,124],[-41,66],[-35,11],[-113,-61],[-36,-3],[-39,26],[-42,-7],[-77,-104],[-19,-10],[-74,-1],[-44,7],[-64,21],[-81,45],[-40,31],[-78,114],[0,131],[-55,155],[-2,101],[6,45],[-102,7],[-49,-7],[-88,-39],[-121,-78],[-39,-4],[-41,12],[-84,72],[-24,-1],[-32,-88],[-27,-17],[-55,-4],[-112,36],[-96,46],[-82,15]],[[73179,24519],[61,55],[46,72],[18,116],[-3,56],[-16,50],[16,54],[71,128],[119,174],[60,76],[49,72],[55,58],[32,50],[43,257],[25,35],[5,56],[36,21],[36,80],[76,105],[-5,49],[7,96],[16,36],[52,35],[27,45],[16,77],[28,44],[39,21],[-23,24],[24,25],[13,62],[26,35],[-8,47],[37,56],[-1,20],[38,49],[28,-1],[19,27],[-2,37],[50,38],[4,49],[15,41],[-14,19],[20,26],[33,4],[32,34],[-4,41],[-30,53],[34,108],[38,17],[-4,36],[20,39],[-27,16],[6,42],[22,27],[-25,21],[17,43],[-35,15],[15,56],[-19,30],[20,38],[41,53],[8,50],[-31,55],[12,62],[-8,31],[22,57],[-20,42],[22,59],[4,42],[-28,57],[17,45],[-19,23],[-7,46],[-18,16],[-5,52],[-15,26],[-42,19],[-84,15],[-61,-21],[-40,-32],[-43,-13],[-71,-8],[-54,-40],[-45,27],[-28,-8],[-37,35],[-60,-4],[-40,-38],[-46,-2],[-31,-20],[-62,-1],[-36,-16],[-80,-70],[-37,-15],[-48,-3],[-179,34],[-14,-40],[-26,-5],[-63,22],[-18,55],[-44,30],[-58,14],[15,46],[86,82],[40,86],[34,31],[-8,31],[28,22],[29,-11],[50,39],[52,14],[25,17],[21,45],[-10,31],[-44,58],[8,34],[37,16],[-16,56],[22,39],[-28,16],[13,49],[-20,22],[17,41],[-5,23],[-48,35],[1,62],[29,26],[0,41],[13,27],[36,4],[47,42],[72,21],[26,29],[67,97],[47,48],[48,11],[38,26],[31,72],[-8,106],[28,67],[44,28],[-5,57],[21,48],[-25,31],[8,42],[24,29],[97,41],[6,14],[-9,65],[34,80],[-7,47],[-26,41],[1,66],[-50,68],[14,42],[-22,33],[-49,38],[10,65],[-11,34],[-62,45],[-47,116],[-26,27],[-6,28],[23,36],[-6,30],[-44,46],[-27,91],[-20,40],[-53,74],[12,46],[41,63],[-38,33],[-16,30],[1,46],[41,12],[13,41],[24,24],[-9,35],[88,42],[40,39],[0,23],[29,26],[4,37],[29,14],[3,65],[20,50],[35,28],[36,59],[2,30],[32,17],[-6,27],[35,51],[-16,35],[32,49],[-33,10],[9,51],[-9,60],[-25,48],[-7,66],[41,17],[8,55],[34,27],[-31,65],[-22,25],[21,19],[5,45],[20,5],[8,47],[-8,26],[18,46],[-1,54],[-48,46],[-25,10],[5,44],[-18,27],[17,67],[-25,37],[11,81],[-46,34],[2,64],[-29,28],[-2,46],[-30,31],[37,95],[-70,17],[-20,56],[43,118],[-27,41],[5,24],[56,12],[28,53],[-41,63],[4,38],[-9,53],[20,94],[-31,38],[27,33],[-23,43],[15,77],[-22,17],[11,59],[44,31],[10,22],[63,56],[-1,59],[26,21],[23,140],[-1,59],[-22,48],[19,45],[-25,28],[-9,38],[-26,27],[-11,39],[-15,125],[13,37],[-2,35],[-35,17],[-6,76],[-29,28],[-25,51],[-57,41],[-74,92],[-26,52],[-60,40],[38,9],[7,40],[-24,41],[-32,18],[-4,26],[-27,13],[0,57],[-81,46],[-43,5],[-26,-18],[-15,25],[-44,-11],[-9,23],[-31,13],[-19,30],[-33,-8],[-49,41],[8,27],[-19,23],[5,36],[-33,6],[-14,28],[-27,7],[-13,92],[-29,16],[-4,36],[-42,59],[-49,23],[-48,-15],[-22,42],[-54,1],[-20,20],[-26,-33],[-25,15],[-33,-37],[-34,24],[-56,9],[2,37],[-43,25],[-16,51],[-32,5],[-50,-21],[-27,44],[-41,27],[144,109],[-73,177],[0,14],[98,68],[-25,181],[-40,-2],[-38,59],[-126,210],[-13,17],[30,121],[44,219],[16,56],[23,44],[66,69],[37,67],[13,71],[44,57],[107,63],[87,71],[69,48],[46,52],[94,37],[26,22],[31,61],[69,59],[25,66],[-5,67],[-21,122],[-94,90],[-81,85],[-37,61],[-35,102],[-59,72],[-31,73],[-74,71],[-63,72],[-56,87],[31,10],[101,-54],[78,-30],[63,-3],[26,15],[17,46],[-27,66],[31,67],[1,39],[-17,39],[-9,69],[29,32],[117,-8],[93,-37],[39,26],[39,42],[57,-26],[9,-29],[-10,-80],[9,-61],[37,-35],[98,29],[53,-12],[46,-52],[20,1],[48,33],[64,63],[97,63],[57,24],[66,5],[51,-4],[49,-22],[24,-22],[70,-94],[11,-49],[0,-97],[21,-59],[46,-24],[150,-23],[70,-3],[86,4],[67,-9],[140,-73]],[[74756,38968],[-3,-30],[-44,-76],[0,-34],[38,-42],[116,-61],[19,-49],[2,-121],[11,-37],[28,-30],[87,-42],[82,-24],[28,-21],[8,-36],[-26,-105],[-40,-33],[-41,0],[-42,-25],[-24,-86],[-38,-44],[-69,-36],[-12,-28],[3,-69],[25,-121],[-20,-83],[-37,-42],[-1,-44],[13,-37],[52,-58],[73,-43],[76,-27],[29,-24],[73,-86],[54,-20],[48,5],[60,-6],[32,-16],[90,-71],[97,-26],[76,-41],[90,-21],[72,5],[66,-15],[83,-66],[58,-24],[85,-13],[27,-36],[44,-11],[87,43],[105,10],[61,26],[28,78],[57,57],[58,18],[42,3],[96,-5],[59,2],[71,16],[79,-2],[121,17],[90,-13],[49,11],[39,30],[32,91],[15,22],[89,51],[38,55],[113,117],[55,78],[11,39],[-6,72],[-33,115],[2,51],[109,200],[62,8],[40,-17],[85,3],[49,-6],[72,-55],[81,-18],[38,-31],[22,-83],[57,-41],[18,-30],[7,-58],[41,-15],[49,40],[20,5],[62,-28],[31,-54],[29,-27],[40,-4],[71,8],[17,9],[61,66],[62,31],[42,48],[46,9],[31,-27],[52,-20],[100,-15],[48,4],[55,22],[27,34],[23,63],[27,2],[54,-46],[73,5],[68,25],[74,14],[87,-3],[32,20],[14,115],[40,63],[41,37],[102,51],[39,33],[70,78],[110,72],[22,32],[30,68],[26,35],[52,35],[42,-5],[93,-67],[40,-50],[32,-11],[62,49],[92,23]],[[80331,38596],[44,-39],[63,-31],[29,-39],[23,-71],[41,-22],[189,-61],[72,-54],[23,-54],[-14,-79],[-17,-63],[-1,-31],[30,-52],[50,-35],[135,-40],[88,2],[7,-17],[-38,-29],[-17,-72],[14,-84],[20,-49],[-23,-24],[-81,-31],[-76,-111],[-82,-59],[-76,-70],[-30,-40],[-72,7],[-47,-8],[133,-95],[83,-39],[152,-81],[95,-28],[90,-44],[55,0],[96,14],[90,51],[56,49],[78,33],[67,18],[65,9],[84,-4],[112,30],[63,-45],[55,-76],[-5,-33],[-40,-67],[-4,-54],[36,-16],[97,9],[62,-29],[32,-30],[5,-59],[-43,-49],[-111,-27],[-28,-15],[-49,-69],[-11,-64],[9,-41],[39,-79],[106,-151],[53,-64],[47,-86],[-10,-1640],[-1,-289],[75,-27],[27,-1],[90,28],[153,15],[219,7],[204,-11],[251,-28],[99,7],[52,-5],[167,-41],[304,-126],[103,-65],[108,-83],[97,-56],[127,-146],[148,-223],[50,-105],[28,-75],[76,-318],[26,-237],[-5,-127],[-34,-186],[-54,-203],[-36,-70],[-57,-86],[-154,-153],[-156,-117],[-128,-109],[-46,-28],[-442,-388],[-89,-113],[-91,-96],[-81,-58],[-40,-56],[-74,-80],[-41,-27],[-70,-33],[-74,-90],[-88,-66],[-93,-50],[-115,-94],[-83,26],[-20,-39],[37,-38],[204,-46],[104,-13],[87,21],[26,15],[67,16],[122,1],[83,15],[48,-2],[46,-26],[-12,-46],[15,-50],[22,-6],[122,59],[69,56],[59,-9],[53,37],[25,3],[70,35],[72,60],[56,-2],[84,-101],[20,-82],[22,-12],[59,-6],[17,-27],[73,11],[33,25],[53,80],[38,29],[26,47],[52,5],[11,-59],[-55,-115],[2,-35],[64,-34],[86,-59],[70,-14],[51,4],[20,-21],[-17,-71],[14,-39],[-26,-45],[-128,-49],[-125,-69],[-5,-26],[35,-45],[64,-24],[-3,-27],[-58,-21],[-108,-4],[-82,20],[-30,16],[-33,-30],[-24,-44],[-9,-57],[-30,-75],[-3,-28],[21,-45],[55,-32],[130,-32],[10,-26],[-31,-39],[13,-48],[49,-17],[-8,-61],[11,-12],[61,-7],[13,-55],[-23,-35],[-57,-22],[-50,8],[-123,64],[-46,9],[-120,6],[-27,-21],[-26,-62],[4,-37],[37,-45],[27,-17],[97,-16],[32,-25],[5,-47],[-13,-50],[-33,-47],[-87,-92],[-7,-52],[36,-16],[60,2],[67,13],[20,-3],[63,-64],[-1,-62],[25,-26],[133,59],[33,-15],[31,-60],[25,2],[2,45],[-21,35],[8,29],[29,0],[13,-48],[31,-10],[15,33],[-4,34],[17,53],[55,46],[95,46],[96,-9],[85,11],[37,20],[-16,42],[-73,15],[21,24],[78,-2],[79,-22],[58,-3],[13,-32],[-62,-70],[1,-50],[20,-13],[46,-1],[50,20],[24,-21],[-1,-31],[-45,-47],[-8,-46],[16,-77],[0,-47],[11,-87],[-20,-66],[20,-27],[74,9],[31,-31],[35,-7],[42,-43],[58,3],[18,-14],[16,-75],[29,-31]],[[85388,28174],[11,-38],[-5,-40],[-80,-45],[-17,-38],[1,-80],[33,-82],[8,-55],[-12,-59],[-48,-64],[-14,-35],[0,-84],[-7,-114],[-18,-42],[-29,-29],[-58,-35],[-45,-16],[-61,-47],[-55,-27],[-61,-20],[-72,-43],[-18,-30],[15,-87],[61,-83],[16,-87],[15,-29],[48,-44],[128,-60],[21,-21],[14,-45],[-11,-47],[-69,-50],[-34,-12],[-93,9],[-55,-16],[-46,-39],[-37,-80],[-24,-77],[-51,-108],[-36,-29],[-38,-46],[-57,-36],[-52,-18],[-35,0],[-26,-24],[-56,-107],[-51,-56],[-147,-100],[-92,-67],[-80,-50],[-48,9],[-39,36],[-20,-4],[-44,-52],[-66,-11],[-49,3],[-25,15],[-46,82],[-55,6],[-92,-60],[-50,-10],[-69,12],[-86,-16],[-92,-39],[-77,-21],[-55,-23],[-36,-4],[-41,17],[-18,24],[25,77],[-7,47],[-52,27],[-37,-2],[-54,-21],[-101,-51],[-78,-8],[-45,12],[-17,58],[31,68],[12,108],[21,36],[98,60],[22,25],[-19,65],[-29,32],[-45,9],[-34,-6],[-52,-38],[-53,-16],[-125,8],[-36,-8],[-162,-69],[-210,-70],[-31,-4],[-109,14],[-113,-15],[-43,9],[-31,33],[-21,51],[-3,36],[-19,27],[-71,22],[-169,33],[-106,-3],[-51,-26],[-72,-91],[-16,-10],[-97,-25],[-91,-35],[-57,-36],[-56,-26],[-81,-14],[-68,-37],[-46,-44],[-62,-39],[-37,-36],[-34,-54],[-65,-70],[-90,-54],[-14,-16],[-29,-92],[-37,-80],[-22,-27],[-64,-20],[-62,30],[-35,43],[-67,18],[-92,-5],[-55,-14],[-72,-33],[-135,-78],[-83,-61],[-141,-68],[-123,-26],[-143,-9],[-56,-29],[-55,-52],[-35,-51],[-83,-50],[-115,-59],[-111,-91],[-61,-83],[-39,-27],[-225,-62],[-69,3],[-87,26],[-192,-12],[-51,-23],[-30,-127],[-24,-29],[-79,-61],[-185,-89],[-184,-50],[-85,-10],[-149,-1],[-110,20],[-106,34],[-73,13],[-111,-3],[-113,21],[-115,46],[-43,12],[-160,57],[-284,130],[-160,23],[-73,-28],[-88,-148],[-40,-34],[-120,-53],[-132,-87],[-116,-99],[-62,-91],[7,-35],[32,-24],[12,-48],[-12,-54],[-62,-78],[-42,-97],[-45,-49],[-56,-25],[-123,-34],[-87,-36],[-91,-55],[-78,11],[-42,-8],[-119,-87],[-44,-20],[-120,-11],[-116,-34],[-238,-40],[-102,-4],[-64,9],[-110,29],[-69,13],[-42,-1],[-112,-16],[-151,-16],[-77,-11],[-56,-29],[-51,-76],[-33,-21],[-52,-16],[-84,-15],[-72,-6],[-101,-17],[-27,4],[-29,26],[-17,39],[5,62],[-16,38],[-51,45],[-61,24],[-97,52],[-27,34],[-3,26],[17,37],[96,67],[54,29],[115,29],[114,-20],[45,-1],[57,23],[82,62],[83,99],[17,34],[-9,52],[-43,25],[-82,-3],[-32,17],[-85,81],[-28,33],[-26,50],[3,38],[40,72],[50,48],[0,44],[-22,37],[-24,64]],[[33567,45499],[-3,51],[13,42],[21,177],[0,51],[-12,49],[-33,9],[-80,-19]],[[25467,47025],[-1,43],[-19,2068],[-27,2857]],[[25420,51993],[122,-70],[32,-44],[13,-95],[18,-51],[56,-93],[46,-61],[46,-26],[124,-4],[110,-23],[69,-5],[47,13],[119,87],[35,2],[112,-58],[52,-50],[77,-60],[40,-15],[84,12],[38,-17],[74,-92],[53,-39],[59,-19],[66,-33],[17,-26],[25,-172],[20,-19],[59,-8],[170,-5],[78,-15],[80,-61],[81,-16],[42,20],[28,43],[18,58],[23,20],[84,14],[119,-12],[38,-14],[26,-24],[2,-23],[-36,-76],[22,-25],[105,2],[40,-35],[31,-63],[28,-39],[58,-45],[66,-30],[67,-5],[30,19],[79,185],[47,61],[34,60],[8,31],[-6,54],[-29,125],[-1,44],[8,82],[1,82],[12,68],[30,52],[27,27],[135,61],[124,78],[39,11],[88,-13],[90,7],[45,-24],[53,-11],[89,1],[64,33],[54,0],[53,12],[91,69],[41,5],[35,20],[65,19],[50,38],[70,65],[60,18],[26,28],[68,21],[25,34],[34,101],[25,44],[92,36],[45,44],[147,29],[32,-16],[17,-29],[-5,-58],[29,-8],[35,29],[41,-14],[-13,-35],[-4,-93],[16,-18],[65,-15],[36,-23],[-1,-66],[23,-28],[38,15],[45,-56],[-5,-37],[22,-58],[45,-39],[21,-41],[-1,-71],[30,-61],[94,-67],[33,-41],[-2,-64],[37,-38],[54,-119],[8,-51],[-3,-55],[-26,-118],[0,-32],[19,-86],[-3,-70],[8,-97],[25,-30],[65,1],[20,-14],[-36,-44],[-34,-7],[-37,-58],[19,-25],[28,27],[22,-28],[-42,-69],[-40,-10],[7,-35],[-20,-28],[-33,12],[-69,-31],[-26,-43],[6,-26],[33,-35],[33,-18],[17,19],[102,13],[77,-37],[60,-1],[105,-40],[256,-28],[96,-5],[84,-9],[160,-32],[63,-18],[80,-14],[88,-6],[82,16],[98,4],[-43,59],[46,34],[47,-48],[19,24],[46,13],[67,-29],[82,-1],[60,30],[20,27],[30,7],[36,-8],[301,-224],[102,-56],[35,-11],[45,-31],[57,-54],[34,-53],[34,-101],[20,-23],[160,-10],[225,16],[48,20],[27,78],[21,11],[73,-24],[90,-47],[75,-55],[109,-93],[93,-101],[53,-80],[31,-32],[51,-34],[52,-11],[77,1],[36,17],[48,50],[96,131],[48,24],[30,-26],[47,-76],[68,-62],[89,-36],[93,46],[204,44],[108,42],[71,52],[74,6],[88,27],[34,34],[80,96]],[[35562,49716],[36,-18],[29,-131],[21,-134],[29,-75],[36,-60],[30,-74],[-17,-259],[20,-40],[64,-52],[60,-29],[44,-8],[34,-30],[23,-2],[79,23],[73,29],[41,1],[30,27],[38,-52],[-17,-62],[6,-41],[40,-60],[-8,-138],[14,-96],[-22,-31],[-41,-32],[7,-38],[50,-22],[34,-62],[39,-26],[80,7],[36,-5],[29,-26],[17,-62],[18,-27],[7,-52],[-37,-45],[-91,-23],[-34,-15],[-70,-120],[-2,-24],[23,-36],[63,-32],[78,-16],[34,-32],[-27,-47],[-58,-56],[28,-57],[9,-40],[100,-14],[28,-28],[3,-58],[-10,-25],[-36,-27],[-65,-25],[-66,-77],[-52,-51],[-55,-141],[-85,-126],[-29,-83],[-144,-145],[-62,-79],[-13,-25],[-1,-69],[-10,-40],[-56,-91],[-27,-85],[-55,-146],[-81,-72],[-93,-95],[-20,-39],[-15,-78],[-2,-116]],[[18472,47983],[9,38],[-21,46],[-3,73],[-31,52],[-56,54],[-35,53],[-26,102],[-28,74],[-12,103],[35,15],[21,24],[49,-5],[60,19],[124,144],[86,-12],[134,-9],[52,-12],[176,-2],[28,10],[71,65],[84,49],[83,22],[142,126],[90,22],[43,26],[68,69],[60,150],[15,16],[62,19],[31,-4],[44,-26],[38,-59],[41,0],[70,36],[42,41],[12,79],[23,30],[71,10],[51,21],[47,37],[1,53],[-30,81],[21,101],[-46,57],[14,62],[46,84],[-3,66],[-42,59],[-78,27],[-38,57],[-46,40],[-86,20],[-163,57],[-14,21],[-31,85],[-35,26],[-29,42],[-53,13],[-44,-20],[-62,-15],[-155,-107],[-71,-72],[-41,-20],[-216,-40],[-88,-5],[-49,6],[-118,56],[-135,0],[-69,-9],[-58,-34],[-43,-69],[-21,-95],[7,-115],[-24,-67],[-92,-32],[-31,-17],[-91,-73],[-72,-97],[-17,-4],[-37,25],[-19,33],[-14,58],[6,46],[33,91],[-4,27],[-27,32],[-90,47],[-58,44],[-32,90],[-57,70],[-108,167],[-23,65],[-16,87],[1,27],[36,108],[66,102],[59,74],[21,75],[2,38],[-12,85],[23,1648]],[[17870,52640],[32,3],[-4,34],[23,20],[13,46],[-9,29],[42,32],[-3,37],[33,17],[-6,44],[31,39],[35,15],[21,32],[52,-21],[29,12],[1,89],[12,48],[23,30],[60,43],[24,100],[56,73],[28,7],[83,-8],[60,7],[115,50],[67,42],[58,53],[71,40],[52,60],[27,15],[42,-2],[45,-18],[102,-101],[44,-62],[30,-16],[32,9],[53,110],[26,23],[86,31],[42,-3],[50,-16],[46,-30],[27,-6],[68,24],[96,-1],[86,34],[39,-41],[33,-11],[61,46],[22,-2],[28,-35],[87,12],[46,20],[38,47],[21,14],[78,-14],[27,12],[18,104],[39,62],[31,11],[117,-4],[63,46],[48,11],[56,61],[16,69],[41,50],[46,11],[36,27],[36,4],[40,33],[63,4],[109,43],[26,19],[15,33],[14,69],[50,26],[53,59],[37,33],[28,38],[6,52],[-12,76],[4,51],[71,97],[-23,52],[14,39],[38,33],[55,28],[206,72],[67,-31],[54,-62],[53,-37],[58,-18],[60,19],[19,17],[4,37],[-51,86],[-13,62],[16,77],[100,189],[17,44],[109,75],[30,11],[65,8],[10,11],[134,-23],[59,27],[24,41],[7,136],[36,72],[34,34],[43,18],[43,-11],[40,-70],[71,-39],[42,3],[93,73],[36,4],[23,-25],[36,-162],[14,-22],[79,-51],[53,-17],[84,-14],[109,-29],[177,-69],[72,-37],[72,8],[28,-13],[42,-52],[65,-25],[42,2],[93,42],[46,38],[11,28],[19,121],[54,33],[36,5],[46,-9],[62,-37],[89,-84],[97,-143],[49,-79],[61,-61],[33,-16],[25,6]],[[24469,55052],[-16,-49],[-48,-51],[-54,-46],[-31,-38],[-59,-45],[-63,-19],[-44,-45],[8,-43],[-1,-88],[50,-122],[5,-55],[-10,-81],[26,-118],[20,-44],[6,-103],[29,-80],[95,-94],[113,-65],[92,-72],[61,-84],[-3,-27],[-30,-52],[56,-50],[29,-41],[72,-47],[31,-43],[29,-8],[60,9],[60,32],[139,5],[68,-42],[59,-21],[53,-59],[37,-10],[23,-29],[70,8],[40,-52],[54,-7],[40,-34],[14,-50],[-22,-110],[-30,-46],[-53,-41],[-47,-13],[-32,-33],[-27,-88],[-54,-67],[-5,-42],[12,-15],[59,-32],[10,-26],[-13,-85],[-38,-38],[-13,-52],[10,-52],[58,-69],[43,-80],[1,-93],[21,-94],[0,-79],[-9,-44]],[[25446,45511],[-65,38],[-39,-50],[-114,-35],[-17,-29],[-54,-40],[-67,-9],[-52,-20],[-12,-116],[-17,-61],[-33,-77],[11,-81],[-9,-37],[-36,-23],[-57,-20],[-23,5],[-81,44],[-38,36],[-50,126],[-45,69],[-44,36],[-79,9],[-59,-3],[-67,66],[-42,33],[-33,47],[-22,53],[-65,12],[-39,49],[-8,65],[-41,9],[-94,-20],[-82,6],[-59,-13],[-113,23],[-46,-35],[-49,25],[-1,66],[-16,4],[-48,-31],[-46,-41],[-46,-2],[-33,-19],[-40,-1],[-54,32],[-59,71],[-30,15],[-22,29],[-50,26],[-99,26],[-68,-25],[-25,27],[-91,-32],[-80,-9],[-64,-14],[-27,12],[-30,36],[-35,21],[-29,78],[-30,23],[-21,42],[-66,21],[-67,35],[-46,16],[-45,-13],[-23,14],[-9,35],[23,45],[61,41],[14,41],[-23,23],[20,81],[-70,-15],[-17,5],[-35,54],[13,78],[28,23],[9,32],[-12,82],[7,40],[37,97],[79,72],[-34,28],[-22,44],[-60,6],[-10,36],[-44,24],[-8,24],[14,52],[-32,-2],[-15,21],[-6,68],[-66,0],[-31,16],[-15,-47],[-51,63],[-2,52],[-30,29],[-44,12],[-43,-1],[-26,20],[-43,5],[14,37],[-40,14],[-3,-40],[-39,30],[-41,13],[-1,45],[-29,11],[-41,-36],[-6,66],[-29,-23],[-48,-16],[0,69],[-24,14],[-22,-26],[-89,46],[-37,-15],[-51,24],[-64,-1],[3,56],[-59,-18],[-86,-62],[-8,-21],[22,-30],[-30,-16],[13,-25],[40,-9],[-9,-48],[-43,4],[-25,-28],[-30,11],[-11,-29],[75,-24],[-18,-22],[-47,25],[-26,-29],[-26,43],[-39,-2],[-24,25],[30,35],[-23,16],[-26,-10],[-8,-38],[-19,-27],[-23,2],[-21,39],[-18,-6],[-58,-96],[-24,-8],[-10,39],[-23,9],[-120,-14],[-40,-37],[-36,5],[-44,23],[-83,10],[-112,-24],[-31,41],[-108,-26],[-13,27],[39,31],[-9,16],[-56,2],[-37,-23],[-22,-64],[-43,32],[21,73],[-76,11],[-15,27],[-82,35],[14,40],[-21,58],[-33,19],[-27,32],[-42,1],[-26,16],[-37,-4],[-15,43],[-26,-20],[-13,-67],[-33,-14],[-29,23],[-40,63],[-31,7],[-15,35],[-41,42],[-23,67],[-31,14],[-43,-32],[-73,12],[-16,27],[-9,76],[15,31],[74,10],[39,24],[8,32],[-36,50],[4,97],[-6,59],[-46,-6],[-52,-75],[-43,-45],[-82,-60],[-74,-25],[-43,-27],[-27,-5],[-74,20],[-96,-4],[-43,9],[-20,28],[-49,30],[-43,10],[-78,-35],[-77,11],[-98,-37],[-31,8],[-28,29],[23,16],[2,72],[-41,31]],[[25836,38540],[10,-72],[-4,-59],[-15,-60],[49,-72],[19,-39],[1,-54],[-4,-190],[-8,-39],[-44,-100],[-8,-244],[10,-387],[-6,-73],[-25,-106],[-108,-77],[-71,-41],[-22,-35],[-32,-88],[15,-47],[31,-49],[-1,-36],[-16,-30],[-61,-70],[-4,-28],[54,-128],[29,-117],[-13,-35],[53,-87],[4,-134],[-8,-13],[0,-69],[-35,-45],[-16,-38],[13,-40],[161,-196],[24,-51],[-25,-211],[4,-29],[53,-87],[56,-84],[30,-30],[75,-42],[30,-23],[-2,-34],[-34,-68],[25,-55],[-13,-79],[-38,-28],[-8,-59],[26,-35],[-44,-100],[12,-44],[-35,-42],[-5,-21],[-73,-92],[-1,-95],[-45,-51],[43,-77]],[[25839,34205],[-32,-58],[-34,-24],[-139,-69],[-69,-24],[-34,29],[-93,-6],[-93,10],[-11,30],[-59,48],[1,27],[-49,28],[-160,29],[-63,21],[-35,28],[-24,63],[-51,75],[-37,38],[-69,53],[-74,44],[-17,21],[-69,-27],[-115,-18],[-116,-6],[-57,8],[-68,0],[-47,12],[-96,-5],[-18,-20],[-19,-63],[36,-123],[8,-102],[-19,-49],[-35,-27],[-38,21],[-62,10],[-104,-21],[-55,-20],[-36,5],[-38,71],[-49,-12],[-108,14],[-61,-30],[-48,-41],[-36,-11],[-20,10],[-43,61],[-70,-6],[-46,21],[-33,68],[-31,20],[-65,6],[-60,20],[-102,102],[10,67],[-4,33],[-76,-17],[-23,-27],[-57,-2],[-37,10],[-31,-9],[-60,2],[-45,80],[-32,34],[-47,-19],[-38,0],[-28,37],[2,40],[23,64],[4,65],[-11,31],[-80,48],[-71,-1],[-41,-35],[-28,1],[-60,45],[-7,42],[-36,70],[-42,62],[-53,26],[-50,-18],[-30,-56],[-33,-28],[-18,24],[21,50],[-21,47],[-7,64],[-56,114],[-2,33],[53,67]],[[21966,35380],[12,28],[12,69],[1,97],[-10,67],[25,42],[67,-2],[81,-16],[54,-4],[55,-13],[22,10],[14,43],[-40,8],[14,30],[-25,30],[-9,66],[-42,18],[-11,44],[20,24],[77,11],[6,43],[-70,42],[-22,47],[11,69],[-9,27],[34,28],[34,-22],[79,-15],[51,24],[73,-20],[25,-43],[70,-9],[13,15],[2,52],[21,10],[48,-20],[21,29],[32,9],[-8,-53],[41,9],[48,-23],[30,39],[3,39],[17,22],[14,57],[31,13],[29,32],[33,18],[-32,30],[34,12],[26,47],[-13,92],[5,59],[-11,20],[-61,8],[-22,26],[33,28],[11,50],[66,72],[3,34]],[[26312,32201],[-81,-27],[-117,-26],[-85,-28],[-48,-69],[-30,-27],[-65,-28],[-139,-31],[-41,-37],[-44,-67],[-32,-85],[-75,-143],[-61,-66],[-48,-24],[-115,-41],[-100,-50],[-81,-53],[-87,-71],[-41,-26],[-129,-42],[-92,0],[-56,-31],[-120,-110],[-74,-73],[-128,-39],[-55,-25],[-28,12],[-19,96],[-16,38],[-61,58],[-112,65],[-61,28],[-115,38],[-23,39],[3,54],[-16,25],[-75,51],[-56,28],[-28,23],[-109,14],[-93,-9],[-120,-33],[-28,7],[-26,46],[-29,80],[-64,310],[-33,69],[-38,19],[-78,-1],[-64,-40],[-54,-59],[-54,-48],[-77,-37],[-13,-24],[-54,-12],[-56,-38],[-62,-63],[-27,-49],[-52,-41],[-58,-89],[-57,-34],[-24,-24],[-49,-106],[-21,-90],[-27,-65],[-32,-13],[-63,68],[-48,63],[-58,33],[-88,16],[-104,-9],[-44,1],[-115,19],[-59,42],[-31,72],[-38,37],[-83,10],[-69,-23],[-94,-16],[-141,-10],[-10,-104],[-17,-54],[-30,-40],[-63,-59],[-23,-70],[-64,-44],[-50,-17],[-148,-26],[-109,-44],[-44,-32],[-52,-64],[-56,-57],[-72,-25],[-125,24],[-92,38],[-32,-12],[-35,-97],[-65,-56],[-95,-17],[-45,-23],[-34,-4],[-44,33],[-32,7],[-56,-23],[-79,-9],[6,-36],[32,-50],[24,-55],[-6,-39],[-29,-66],[-38,-146],[-57,-97],[2,-31],[-21,-61],[-3,-39],[14,-51],[32,-88],[-7,-65],[-16,-40],[-54,-90],[-65,-48],[-85,-31],[-46,-39],[-44,-54],[-60,-112],[-24,-32],[-53,-47],[-16,-39],[41,-107],[8,-55],[-14,-31],[-81,-85],[-39,-34],[-29,-41],[-16,-58],[-43,-79],[3,-75],[22,-103],[15,-44],[55,-12],[32,3],[43,-13],[23,-79],[19,-28],[36,-27],[58,2],[39,18],[27,-17],[27,-44],[51,-35],[156,-36],[34,-11],[97,-48],[46,-1],[84,11],[67,-8],[53,-20],[36,-31],[12,-35],[5,-125],[33,-79],[33,-46],[50,-13],[44,26],[59,20],[57,4],[197,-34],[61,-24],[80,3],[30,22],[25,57],[21,19],[98,48],[65,18],[52,-25],[24,6],[69,-26]],[[21206,28107],[-47,-3],[-109,-46],[-50,-62],[-38,-9],[-26,-40],[0,-47],[-28,-28],[-90,7],[-14,-9],[-18,-57],[-44,-34],[-36,-65],[-18,-67],[0,-51],[-61,-70],[-9,-39],[-63,-39],[-12,-21],[7,-59],[27,-42],[30,-12],[34,7],[35,-70],[-6,-28],[-63,-61],[-8,-23],[-35,-5],[0,-35],[-45,-14],[-5,-50],[-38,-76],[18,-43],[-20,-115],[0,-77],[21,-15],[51,-11],[12,-31],[-50,-34],[-35,-43],[-25,-66],[-56,15],[-17,-21],[6,-32],[27,-43],[-19,-49],[-5,-54],[-16,-47],[8,-44],[-11,-30],[-1,-81],[-48,-52],[-4,-21],[52,-189],[-3,-50],[-26,-27],[-4,-27],[-42,-39],[-41,-58],[20,-59],[-24,-117],[-42,-174],[-29,-106],[8,-66],[-18,-76],[-33,-77],[-76,-71],[-46,-73],[-15,-69],[-54,-72],[-33,-56],[-53,-75],[-32,-57],[-69,-78],[-19,-36],[-48,-25],[-45,-50],[-60,-46],[-53,-67],[-117,-102],[-57,-78],[-21,-13],[-124,-44],[-128,-1],[-120,-8],[-52,-57],[-35,-28],[-10,-27],[12,-36],[3,-60],[-17,-165],[-11,-46],[-36,2],[-47,46],[-105,74],[-55,14],[-57,-13],[-31,-21],[-71,-79],[-103,-44],[-42,-44],[-53,-78],[-81,-163],[-35,-98],[-3,-76],[6,-36],[25,-58],[53,-51],[37,-23],[27,-103],[69,-96],[8,-56],[-15,-94],[21,-51],[84,-95],[99,-96],[15,-22],[-18,-49],[-77,-33],[-70,-17],[-23,-29],[13,-57],[-12,-30],[-30,-24],[-50,-88],[-11,-39],[5,-33],[37,-51],[10,-67],[67,-38],[31,-35],[-3,-54],[-34,-52],[-51,-109],[-106,-107],[-24,-54],[-36,-47],[-36,-64],[-30,-25],[-47,-3],[-37,-16],[-16,-23],[0,-46],[16,-65],[21,-54],[57,-103],[10,-48],[6,-85],[-34,-109],[-70,-65],[-42,7],[-46,-16],[-26,-58],[-27,-119]],[[17877,20394],[-16,-37],[-60,-55],[-18,-75],[-27,-49],[-31,-137],[37,-82],[11,-60],[0,-62],[-16,-47],[-36,-47],[-60,-40],[-85,-32],[-124,-5],[-71,15],[-40,21],[-39,1],[-25,-29],[-59,-26],[-12,-16],[7,-71],[-33,-85],[-31,-106],[-49,-60],[-80,-54],[-78,-1],[-67,54],[-50,20],[-87,15],[-60,-51],[-51,-15],[-70,-1],[-48,19],[-12,36],[8,24],[-31,121],[-24,55],[-33,48],[-93,96],[-114,86],[-72,45],[-115,60],[-17,42],[8,31],[104,115],[37,72],[4,46],[-20,36],[-66,78],[-84,136],[-24,99],[-34,22],[-54,-18],[-134,-78],[-115,-108],[-10,-25],[-9,-75],[-47,-20],[-99,21],[-66,-3],[-65,-25],[-80,-78],[-77,-89],[-158,-106],[-71,-68],[-16,-103],[-3,-88],[15,-42],[65,-108],[85,-72],[9,-21],[-9,-43],[-54,-69],[-6,-35],[14,-103],[-4,-70],[-18,-42],[-32,-27],[-139,-140],[-25,-4],[-50,24],[-40,-1],[-83,-24],[-46,-37],[-89,-101],[-19,-87]],[[14501,18679],[-110,-78],[-131,-100],[-65,-5],[-41,32],[-64,71],[-15,2],[-48,-51],[-33,-6],[-59,35],[-89,77],[-36,4],[-62,-44],[-26,11],[-47,120],[-44,65],[-50,17],[-65,-1],[-71,58],[-33,39],[-36,86],[-25,95],[-40,88],[-109,121],[-56,32],[-33,5],[-85,-35],[-129,-37],[-61,9],[-53,36],[-61,121],[-33,17],[-53,5],[-65,43],[-68,23],[-12,18],[25,73],[-52,31],[-46,38],[-38,70],[-39,119],[-17,101],[-27,33],[-12,66],[-24,44],[-53,49],[23,91],[-12,71],[26,60],[7,46],[-11,52],[-15,22],[-83,14],[-44,24],[21,52],[-6,37],[-43,71],[-61,49],[-93,32],[-99,40],[-43,38],[-5,33],[-54,-33],[-56,23],[-21,48],[4,73],[-19,14],[-51,-2],[-16,37],[48,30],[24,72],[-6,29],[-25,30],[5,51],[156,75],[29,48],[77,55],[-52,122],[32,118],[26,41],[-4,35],[-52,15],[-80,5],[-41,-15],[-44,18],[-37,32],[-19,-9],[-21,-71],[-35,-4],[-42,-28],[-23,16],[15,129],[-17,40],[-64,56],[-8,36],[-29,33],[8,29],[-20,62],[39,48],[12,31],[36,43],[-5,86],[-21,28],[-30,12],[-5,28],[43,38],[61,2],[58,32],[-12,35],[57,64],[-9,69],[4,70],[46,44],[-6,64],[18,45],[-8,60],[-87,78],[20,55],[-33,17],[0,25],[32,38],[2,41],[-35,49],[-40,85],[-90,15],[-41,-21],[-42,17],[-46,-8],[-16,25],[-53,9],[-50,-2],[-19,-37],[-39,1],[-26,-46],[-9,-39],[-49,-6],[-44,25],[-56,-17],[-64,-2],[-45,53],[-64,14],[-44,25],[-7,33],[-41,-2],[-23,25],[-106,158],[-22,56],[-25,40],[35,83],[-20,39],[8,37],[-26,14],[10,38],[-55,7],[-35,27],[6,28],[-21,48],[10,84],[-18,46],[8,44],[-24,39],[-40,3],[-1,52],[-58,110],[40,61],[-51,34],[-53,0],[-45,14],[-43,50],[-55,23],[7,104],[-75,82],[-12,50],[-19,13],[-11,43],[25,86],[-9,50],[-57,75],[-55,38],[-58,13],[-10,28],[10,48],[-60,29],[-34,5],[-35,26],[-14,60],[39,71],[22,201],[10,30],[61,44],[57,27],[12,64],[-26,94],[-12,93],[-71,156],[-1,85],[-48,108],[14,38],[4,133],[-75,107],[-20,48],[0,49],[27,61],[-14,30],[15,88],[9,119],[26,83],[-8,89],[-81,75],[-73,-29],[-65,-5],[-82,32],[-100,13],[-64,33],[-7,33],[-24,4],[-88,-41],[-98,11],[-65,-29],[-59,35],[-82,-21],[-33,16],[-14,56],[20,24],[-30,76],[-47,49],[-35,54],[-19,52],[18,52],[36,-11],[42,49],[1,22],[-27,36],[33,30],[-22,39],[-28,-2],[-14,35],[-44,-3],[-50,25],[-5,38],[-38,31],[-18,-25],[-30,6],[-16,30],[-39,-17],[-60,40],[-29,69],[-43,17],[-18,61],[-40,46],[28,21],[-1,27],[-35,5],[-47,40],[26,26],[29,51],[33,5],[37,44],[33,8],[2,31],[22,34],[-25,18],[8,25],[-17,28],[-48,-20],[41,65],[-45,48],[26,46],[46,-27],[-11,49],[33,21],[5,66],[-10,63],[-39,-24],[-36,35],[-13,43],[23,24],[-2,28],[74,119],[-7,71],[35,7],[15,23],[-61,52],[43,19],[82,-27],[11,-17],[60,-9],[45,35],[11,40],[80,-36],[10,-18],[54,25],[29,31],[1,33],[76,-8],[46,33],[0,26],[26,15],[-63,106],[40,89],[41,66],[-4,33],[25,21],[-30,45],[31,27],[10,44],[28,-16],[34,4],[14,-18],[84,-29],[77,-13],[41,10],[62,-1],[66,15],[34,25],[86,16],[118,65],[58,49],[51,60],[26,56],[42,35],[20,76],[-10,40],[72,26],[13,73],[-35,70],[61,69],[16,28],[7,48],[-24,83],[-8,59],[-2,83],[-29,92],[-9,61],[-44,75],[1,17],[51,49]],[[9869,30908],[210,-4],[75,-45],[55,-20],[57,-9],[39,-34],[-1,-57],[32,-4],[77,24],[68,-31],[72,-12],[84,15],[49,-23],[100,-21],[28,-26],[40,-68],[-5,-86],[28,-94],[16,-86],[100,-81],[127,-29],[72,-38],[63,-52],[101,-61],[40,-72],[-2,-46],[17,-33],[133,-82],[32,-9],[97,-6],[30,-13],[105,-19],[40,0],[83,24],[32,-4],[32,39],[28,10],[48,-6],[29,-27],[85,-17],[75,-69],[12,-78],[44,-54],[23,-61],[-9,-82],[10,-63],[37,-66],[7,-59],[50,-88],[13,-71],[14,-38],[86,-23],[23,-27],[3,-75],[30,-15],[15,-38],[121,-36],[38,6],[64,81],[53,10],[84,-12],[53,-55],[40,-13],[90,-60],[33,-72],[31,-26],[34,-6],[131,-108],[46,-72],[50,-31],[43,0],[74,19],[61,31],[84,28],[33,-10],[53,-36],[29,-1],[100,31],[53,-25],[14,-61],[-2,-83],[-26,-198],[-3,-124],[13,-59],[44,-85],[64,-37],[43,36],[86,188],[16,45],[24,26],[92,23],[126,49],[42,24],[11,39],[-20,77],[-51,163],[8,101],[17,61],[32,34],[82,7],[32,11],[22,30],[-1,28],[-40,103],[-1,43],[12,28],[43,23],[18,33],[-15,46],[-28,42],[-72,54],[-46,42],[-56,63],[-38,29],[-9,29],[-94,111],[-22,36],[-22,120],[-20,47],[18,28],[-10,31],[9,54],[50,94],[37,45],[16,42],[30,13],[12,67],[-2,192],[22,139],[27,85],[34,36],[68,42],[12,18],[-7,39],[-27,31],[-21,72],[-22,34],[3,73],[-6,73],[66,65],[-24,112],[-28,15],[-18,76],[22,89],[1,101],[-34,89],[-4,79],[-13,51],[-26,62],[-1,39],[68,103],[17,45],[-13,71],[8,131],[-17,53],[-51,60],[-100,92],[34,52],[33,15],[71,18],[93,0],[112,88],[120,118],[4,27],[-19,52],[27,68],[59,67],[74,34]],[[14995,32765],[138,8],[82,37],[67,-12],[66,-67],[121,-77],[70,0],[34,21],[35,57],[33,27],[74,28],[118,17],[71,2],[72,26],[64,0],[35,-9],[144,-60],[38,-22],[46,-1],[112,108],[80,103],[59,116],[25,65],[11,72],[-10,121],[-17,48],[25,68],[5,52],[32,84],[72,80],[84,56],[80,30],[72,47],[53,51],[26,37],[30,5],[40,-11],[73,25],[44,79],[17,106],[33,51],[14,99],[16,53],[-16,43],[60,22],[43,31],[25,33],[134,96],[79,77],[64,30],[55,53],[-29,59],[-8,64],[19,93],[-4,37],[46,55],[88,35],[63,19],[69,40],[63,29],[105,24],[40,33],[53,64],[139,83],[75,51],[12,27],[3,132],[64,-35],[78,-17],[42,-19],[65,-7],[77,8],[148,26],[32,-3],[56,-26],[66,-55],[60,-15],[33,14],[66,50],[33,16],[47,-1],[52,18],[137,25],[129,43]],[[19642,35537],[19,-14],[11,-59],[102,-143],[49,-48],[82,-47],[178,-57],[129,-25],[207,-3],[100,13],[208,6],[123,30],[72,12],[40,17],[58,-15],[49,10],[42,-28],[57,-13],[39,-44],[65,-40],[40,11],[108,8],[114,81],[62,16],[71,64],[84,35],[95,28],[120,48]],[[25839,34205],[51,-92],[-20,-76],[37,-69],[1,-112],[-27,-71],[29,-32],[65,-6],[24,-19],[81,2],[20,-9],[14,-46],[-14,-51],[-9,-71],[15,-45],[-10,-42],[13,-69],[-5,-21],[-85,-138],[-32,-26],[-46,-55],[-57,-91],[-65,-72],[-27,-50],[6,-42],[58,-104],[32,-45],[10,-31],[81,-57],[83,-38],[77,-44],[69,-11],[69,7],[46,-39],[12,-44],[42,-65],[10,-35],[84,-121]],[[26466,32266],[-8,-1],[-5,1],[-75,3],[-66,-68]],[[39115,28799],[3,-88],[76,-144],[27,-62],[112,-79],[4,-73],[-15,-83],[13,-55],[35,-38],[45,-24],[104,-75],[-13,-22],[93,-67],[71,64],[59,42],[84,44],[24,31],[38,97],[164,141],[41,54],[22,9],[87,10],[36,-5],[40,-37],[60,-13],[60,3],[58,-9],[-48,-80],[-37,-81],[-26,-79],[-75,-110],[8,-49],[-15,-16],[-54,-105],[158,-128],[419,-335],[64,40],[97,13],[67,34],[22,27],[71,112],[38,29],[128,61],[61,25],[39,8],[73,-6],[138,-21],[63,9],[49,31],[-17,-56],[-52,-72],[3,-43],[-47,-88],[-78,-58],[-13,-47],[31,-41],[36,-20],[32,-46],[29,-74],[4,-39],[-57,-120],[-31,-83],[2,-44],[-15,-78],[28,-46],[18,-83],[25,-45],[28,-123],[-7,-59],[-16,-37],[-38,-46],[-48,-27],[-59,-74],[-73,-20],[-90,-47],[-40,-15],[-55,-96],[-66,-69],[-50,-61],[-72,-25],[-54,-85],[22,-61],[-14,-42],[-30,-8],[-43,-49],[-16,-44],[15,-60],[-7,-34],[-40,-82],[-6,-47],[-19,-30],[36,-67],[-15,-47],[-38,-45],[-62,-42],[-43,-49],[-49,-41],[-91,-32],[-40,-38],[-105,-58],[-48,-76],[-25,-25],[-67,-31],[-35,-49],[-7,-36],[-46,-105],[12,-17],[-17,-46],[-41,-25],[-52,-51],[-41,-9],[-39,-27],[-66,4],[-46,-45],[-16,-73],[5,-52],[-25,-48],[-12,-95],[-29,-51],[-12,-69],[0,-168],[6,-47],[-27,-52],[-33,-18],[36,-117],[66,-118],[-46,-56],[-35,-23],[-58,-80],[-37,29],[-21,-8],[-57,-52],[-79,-114],[-17,-54],[-39,-75],[-59,-28],[-100,-18],[-56,5],[-47,-9],[-36,6],[-27,-12],[-70,45],[-36,-38],[-45,-33],[-64,-32],[-91,43],[-29,30],[-106,57],[-68,65],[-42,20],[-63,-51],[-27,-48],[-29,37],[-62,-6],[-57,43],[-9,42],[-29,24],[-45,3],[-48,-18],[-60,33],[-99,-32],[-82,-43],[-41,17],[-100,150],[-84,6],[-65,-12],[-16,6],[-25,49],[-31,35],[-8,51],[-58,25],[-74,-15],[-90,-29],[-91,28],[-99,-18],[-58,1],[-192,41],[-119,32]],[[36811,23629],[54,49]],[[26312,32201],[-39,-61],[-72,-73],[-50,-71],[-5,-39],[22,-48],[52,-69],[24,-67],[62,-61],[26,-58],[32,-17],[-20,-34],[-22,-82],[-1,-80],[-43,-76],[-54,-37],[-16,-26],[-2,-45],[-18,-42],[131,-89],[43,-48],[-31,-32],[-55,24],[-29,-67],[-59,-53],[-20,-63],[-30,-28],[10,-79],[-29,0],[-34,-45],[-56,-20],[-68,-47],[-37,-61],[-24,-148],[-11,-28],[-25,-4],[-68,-29],[-24,-46],[-45,-8],[-72,47],[-40,-23],[-59,8],[992,-417],[132,-50],[786,-329],[0,-7]],[[26905,26902],[-22,-37],[-30,-20],[-41,37],[-44,7],[-44,-38],[-48,-22],[-90,-17],[-64,-18],[-121,-55],[-62,-18],[-50,-3],[-87,11],[-56,-13],[-74,-43],[-61,-8],[-61,51],[-61,34],[-82,-29],[-38,24],[-61,2],[-37,-19],[-30,51],[-3,55],[-51,-1],[-18,34],[-52,52],[-2,48],[-26,25],[-13,64],[28,48],[-12,38],[-30,38],[9,46],[-27,113],[38,2],[-10,52],[-33,37],[-55,13],[-27,34],[-71,5],[-73,62],[-35,-7],[-152,-47],[-102,-57],[-54,-24],[-36,-46],[-23,-13],[-88,-8],[-85,-16],[-137,-18],[-133,-43],[-45,-19],[-124,-65],[-65,-16],[-83,7],[-87,16],[-54,-28],[-41,-43],[-22,-37],[-49,-118],[-17,-59],[-54,-31],[-74,32],[-78,64],[-42,23],[-134,60],[-39,1],[-73,-17],[-77,0],[-169,-34],[-34,1],[-35,27],[-24,81],[-98,25],[-7,-21],[-44,-22],[-204,-38],[-52,-1],[-72,23],[-94,-43],[-57,-18],[-40,-4],[-42,18],[-21,85],[-15,114],[-10,24],[-83,97],[-52,40],[-45,11],[-80,1],[-31,16],[-77,65],[-124,54],[-45,50],[-55,108],[-27,71],[-40,56],[-63,37],[-67,-11],[-48,73],[-21,11],[-50,87],[-44,65],[-34,24]],[[26265,10208],[-42,39],[-55,15],[-35,-5],[-192,-133],[-45,-46],[-34,-64],[-104,-94],[-41,-52],[-32,-129],[-31,-41],[-70,-57],[-111,-61],[-40,-5],[-38,35],[-22,45],[-25,9],[-62,-87],[-57,-48],[-79,-120],[-53,-35],[-44,-11],[-72,-2],[-25,-25],[-15,-51],[-67,-30],[-58,-36],[-86,21],[-155,-12],[-25,-18],[-51,-79],[-26,-20],[-39,10],[-62,69],[-53,-5],[-21,-21],[-16,-87],[-15,-43],[-46,-52],[-52,-28],[-14,11],[-48,130],[-10,61],[-34,14],[-28,-8],[-115,-82],[-46,-7],[-114,13],[-27,-18],[10,-87],[-7,-22],[-50,-43],[-150,8],[-61,28],[-37,7],[-27,-17],[-8,-92],[-13,-18],[-36,18],[-70,88],[-35,0],[-19,-49],[-33,-15],[-45,8],[-51,45],[-29,131],[-35,68],[-36,8],[-50,-46],[-67,0],[-45,35],[-11,78],[-27,57],[-65,17],[-183,-43],[-25,-13],[-101,-92],[-58,-30],[-31,0],[-61,22],[-63,13],[-22,51],[-22,103],[-10,134],[-20,46],[7,44],[-58,58],[-106,35],[-86,3],[-69,28],[-69,10],[-36,-5],[-169,-119],[-131,-46],[-40,-37],[-69,-146],[-56,-47],[-50,-4],[-44,20],[-45,35],[-44,10],[-46,-13],[-18,-18],[-43,-96],[-44,-26],[-59,-54],[-22,-45],[-15,-93],[-53,-31],[-82,-6],[-93,-30],[-84,12],[-29,-5],[-43,-41],[-6,-72],[-16,-21],[-77,19],[-165,34],[-34,-28],[-4,-96],[-17,-17],[-36,1],[-40,44],[-73,152],[-59,161],[-40,55],[-28,8],[-78,-42],[-41,-1],[-111,66],[-47,86]],[[19572,9208],[17,-4],[60,-57],[23,-7],[97,43],[72,-29],[28,11],[58,77],[23,115],[-2,59],[73,55],[40,132],[89,52],[67,68],[23,7],[57,-7],[72,-59],[65,0],[41,14],[31,31],[9,42],[-8,139],[2,43],[20,45],[43,59],[15,83],[25,54],[53,41],[37,38],[161,101],[141,79],[12,34],[-13,144],[17,70],[21,29],[53,40],[24,30],[4,106],[9,47],[-6,163],[-35,61],[-5,40],[26,54],[41,57],[15,59],[-46,120],[-1,69],[22,29],[59,40],[83,84],[59,48],[9,65],[15,38],[28,16],[88,18],[37,24],[13,25],[12,77],[17,44],[49,54],[47,3],[99,-59],[69,-4],[106,41],[43,4],[32,-16],[91,-78],[52,-4],[92,24],[65,-22],[49,3],[15,36],[-12,48],[0,48],[-17,61],[4,31],[44,37],[80,46],[44,56],[62,162],[38,47],[64,21],[77,-33],[76,-24],[50,9],[34,19],[37,37],[49,163],[60,128],[60,209],[18,85],[44,92],[29,16],[55,4],[21,20],[38,110],[2,128],[82,65],[16,90],[63,65],[21,81],[71,88],[92,216],[8,103],[40,33],[-6,45],[13,36],[-34,25],[24,54],[22,27],[0,51],[-31,32],[21,53],[-13,23],[-3,52],[46,13],[23,24],[-39,48],[-61,58],[-55,74],[-60,-10],[-131,-51],[-45,4],[-27,42],[-40,35],[-24,3],[-33,-23],[-45,-63],[-51,-13],[-62,45],[-35,13],[-72,44],[-63,99],[-21,-6],[-27,-58],[-27,-34],[-32,-8],[-54,10],[-44,-33],[-63,-10],[-43,5],[-54,47],[-63,24],[-39,5],[-59,-7],[-26,9],[-31,46],[-15,2],[-59,-34],[-33,-42],[-44,12],[-38,71],[-54,10],[-60,55],[-33,13],[-49,43],[3,32],[-25,73],[-51,6],[-44,41],[-28,84],[-22,7],[-69,-9],[-50,4],[-61,37],[-34,94],[-65,80],[-105,92],[-31,67],[-30,14],[-58,11],[-232,-13],[-137,21],[-28,45],[-11,103],[-19,33],[-82,45],[-102,8],[-25,24],[0,57],[11,22],[120,13],[18,16],[17,54],[19,15],[79,19],[49,-4],[39,12],[182,151],[37,66],[23,93],[43,73],[29,16],[132,34],[34,41],[1,105],[-72,217],[-82,93],[-22,41],[2,37],[60,234],[15,17],[258,39],[35,31],[22,50],[17,198],[59,90],[17,60],[-12,85],[-20,60],[-46,74],[-114,119],[-12,29],[-9,68],[-21,40],[5,38],[46,106],[75,131],[46,113],[48,46],[47,21],[52,10],[241,2],[43,11],[49,28]],[[22226,18937],[5,-28],[-22,-85],[8,-49],[42,-9],[85,35],[88,-15],[75,-39],[53,-39],[53,-82],[34,-80],[11,-135],[19,-9],[93,3],[30,24],[34,137],[14,30],[40,25],[177,54],[91,49],[34,35],[22,68],[-12,70],[-1,95],[17,44],[31,44],[50,37],[59,10],[45,-15],[57,-54],[40,-21],[81,-17],[65,-3],[39,-22],[24,7],[14,30],[18,198],[20,33],[52,7],[84,71],[170,289],[-1,51],[-24,43],[2,52],[44,63],[71,59],[24,7],[129,4],[35,31],[27,68],[4,49],[-9,37],[-31,60],[0,60],[13,35],[46,51],[28,-3],[150,-136],[46,-19],[142,-10],[52,11],[127,65],[42,39],[36,57],[49,94],[80,202],[101,100],[61,87],[33,27],[62,36],[22,40],[-7,58],[45,48],[76,14],[81,51],[134,-7],[74,12],[33,-13],[87,-68],[42,-26],[40,2],[28,25],[14,41],[18,13],[29,-17],[22,-36],[78,51],[31,59],[41,9],[65,-16],[96,22],[46,-18],[46,-2],[58,-37],[23,-49],[171,-55],[58,-74],[68,-51],[34,0],[45,-23],[26,6],[44,36],[72,25],[38,33],[53,21],[89,80],[90,113],[24,19],[58,12],[58,-1],[58,-37],[28,11],[44,39],[89,53],[22,3],[33,-38],[23,-8],[14,-32],[49,-2],[46,64],[27,20],[68,24],[69,-2],[99,-18],[83,-28],[73,-60],[83,-59]],[[27826,20619],[-55,-25],[-61,-52],[-70,-109],[-44,-117],[-19,-120],[5,-55]],[[27697,19613],[-27,-3],[-31,16],[-2,-62],[35,-59]],[[27590,19372],[-25,21],[-53,-41],[25,-44]],[[26873,18207],[-16,-28],[13,-65],[30,-20],[9,-49],[75,-2],[23,-20],[34,-4],[79,-25]],[[55636,39147],[-20,-73],[-7,-53],[18,-66],[-17,-73],[-8,-81],[-19,-40],[-24,-86],[-47,-56],[-9,-74],[-8,-196],[11,-40],[1,-55],[39,-68],[26,-28],[27,-77],[101,-25],[81,8],[84,-28],[66,-89],[74,-117],[59,-56],[45,-17],[64,-2],[34,-15],[88,-64],[11,-51],[74,-159],[1,-30],[31,-91],[-12,-24],[13,-55],[-7,-31],[11,-43],[27,-270],[-21,-43],[-66,-68],[-40,-73],[-49,-170],[-17,-28],[51,-53],[-28,-72],[5,-106],[16,-26],[38,-24],[61,-101],[19,-71],[80,-76],[32,-36],[-28,-44],[-26,-86],[-56,-71],[-42,-84],[-71,-94],[-16,-66],[-46,-81],[-51,-56],[-3,-42],[23,-18],[67,-2],[117,22],[50,-3],[43,-36],[21,-65],[15,-18],[-17,-48],[0,-43],[23,-26],[4,-49],[66,-58],[54,-58],[40,-109],[28,-44]],[[56720,34796],[1,-31],[-74,9],[-48,-12],[-50,10],[-30,-4],[2,-33],[-34,-77],[-47,-58],[-38,-4],[-17,-26],[18,-79],[-2,-35],[-18,-10],[-6,-66],[-46,-33],[18,-35],[-11,-23],[13,-40],[-32,-46],[-40,-5],[-69,4],[-36,15],[-34,-23],[-55,6],[-70,-45],[-49,-12],[-35,-21],[-22,-44],[-30,-27],[-5,-37],[-35,-48],[26,-75],[8,-57],[-7,-34],[-41,-65],[-70,-57],[-70,-103],[-28,-70],[-7,-41],[-39,-83],[-10,-65],[0,-81],[-49,-42],[-16,-63],[-57,-33],[20,-56],[-3,-38],[-39,-7],[5,-42],[-26,-16],[-12,-46],[-46,-52],[24,-22],[8,-50],[-22,-37],[-10,-73],[-32,-45],[-21,-72],[-52,-52],[-22,-75],[-50,-117],[-46,-54],[-80,-41],[-140,-37],[-28,-16],[-39,-46],[-11,-72],[-15,-35],[-29,-17],[-82,-24],[-54,-36],[-15,-26],[-23,-81],[-27,-53],[-46,-57],[-55,-36]],[[54511,31666],[-31,-4]],[[54480,31662],[-21,17],[-26,68],[0,85],[-82,56],[-59,12],[-67,41],[-82,33],[-43,64],[-84,18],[-104,-30],[-62,11],[-94,-5]],[[28063,56645],[4,85],[-42,137],[1,46],[16,51],[25,27],[76,43],[54,62],[75,69],[63,48],[47,51],[38,14],[62,-4],[30,-19],[42,-65],[157,-58],[67,-69],[33,-18],[56,-9],[69,8],[72,19],[152,6],[61,12],[45,23],[73,56],[62,24],[103,-38],[68,-6],[43,21],[8,44],[-8,53],[8,35],[27,29],[85,41],[46,58],[21,56],[35,16],[63,-24],[43,-26],[66,-26],[46,-50],[64,-39],[15,35],[64,50],[-23,20],[-14,36],[91,67],[50,12],[28,23],[145,83],[113,52],[60,10],[53,-1],[51,-12],[72,-31],[84,-75],[116,-53],[114,-18],[28,7],[72,35],[47,2],[109,-73],[29,-4],[83,13],[90,34],[93,67],[54,51],[23,36],[12,41],[46,61],[67,44],[25,4],[48,-17],[71,-3],[42,-23],[131,-134],[118,-75],[14,-67],[28,-24],[102,-8],[69,-16],[70,-1],[83,7],[170,28],[98,-11],[72,30],[58,49],[24,11],[126,29],[21,-3],[49,-35],[86,36],[57,-10],[186,-67],[89,-60],[51,-75],[-5,-36],[-112,-62],[-7,-19],[16,-45],[17,-11],[80,13],[74,-9],[32,-13],[30,-59],[72,-81],[48,-3],[64,41],[80,104],[46,13],[47,-15],[140,-92],[47,-23],[60,-5],[33,32],[32,84],[56,12],[60,-18],[111,-109],[222,-149],[33,-17],[87,-10],[51,-16],[31,6],[75,153],[36,93],[78,118],[24,26],[168,-14],[32,-11],[41,-44],[45,-92],[28,-22],[97,-22],[78,25],[68,1],[147,-43],[180,-17],[158,-36],[254,2],[74,28],[25,18],[90,101],[61,38],[105,26],[53,20],[122,110],[53,30],[44,3],[103,-53],[197,-165]],[[37660,57191],[-17,-99],[-61,-87],[-64,-54],[-41,-21],[-94,-26],[-56,-28],[-106,-33],[-75,-43],[-95,-31],[-61,-54],[-36,-59],[-39,-39],[-72,-51],[-27,-44],[-51,-29],[-101,-23],[-153,2],[-113,-23],[-122,0],[-49,14],[-73,34],[-69,-4],[-43,-24],[-58,-93],[-58,-24],[-74,6],[-101,-19],[-84,-26],[-55,-41],[-55,-51],[-32,-16],[-62,-17],[-64,6],[-28,-14],[-13,-33],[31,-55],[-41,-5],[-72,-27],[-56,33],[-19,-39],[-28,18],[-54,-6],[-11,-46],[-22,-13],[-45,24],[-31,-9],[-5,-52],[-16,-35],[-31,-29],[0,-55],[-28,-2],[-48,-45],[-2,-44],[-40,-27],[-11,-27],[-29,-10],[-43,16],[-69,-22],[-33,8],[-46,53],[-31,-28],[-30,-10],[-14,21],[-50,-11],[-38,6],[-41,-31],[17,-70],[2,-90],[9,-29],[56,-50],[54,-12],[83,5],[26,-4],[53,-41],[13,-33],[-25,-23],[-23,-54],[-53,-78],[-72,-62],[-17,-61],[-19,-31],[-31,1],[-49,43],[-15,-23],[-30,-105],[-45,-104],[-50,-37],[-113,7],[-110,61],[-85,-15],[-55,-2],[-83,30],[-45,9],[-45,-5],[-40,-33],[-16,-45],[9,-60],[-12,-16],[-62,-27],[-96,-26],[-86,-42],[-24,-26],[-21,-50],[0,-50],[-24,-15],[-76,7],[-26,-12],[-10,-38],[-37,-11],[-146,68],[-35,9],[-123,1],[-61,16],[-32,0],[-44,-33],[-58,-81],[-62,-72],[-36,-66],[-35,-41],[-67,-53],[-61,-33],[-29,-25],[-4,-73],[-22,-75],[-2227,50],[62,53],[14,20],[1,48],[-15,32],[-50,39],[1,26],[22,57],[-68,34],[-94,-4],[-22,23],[-60,-39],[-43,-6],[-31,13],[-33,99],[-82,168],[-22,66],[-29,26],[-97,54],[-16,33],[-41,-5],[-19,-26],[-42,-21],[-50,3],[-40,31],[-40,57],[-61,26],[-27,21],[-4,37],[11,47],[-8,109],[3,91],[-10,20],[-51,17],[-45,-2],[-54,-20],[-44,5],[-64,119],[-54,29],[-23,43],[-66,27],[-45,1],[-139,85],[-24,62],[-93,100],[-128,157],[-28,50],[-11,52],[9,49],[-26,48],[0,68],[-51,135],[-68,75],[-24,48],[-39,101],[-42,62],[-23,49],[-43,44],[-61,36]],[[24469,55052],[45,46],[77,32],[65,9],[50,27],[24,46],[3,55],[-21,138],[-15,55],[-6,76],[11,47],[41,30],[67,23],[55,38],[49,4],[81,-17],[102,-40],[49,-2],[47,-16],[178,-8],[97,1],[169,-42],[73,-11],[103,-74],[82,-46],[36,-1],[112,36],[36,84],[13,52],[-2,41],[-42,100],[-5,54],[11,28],[35,36],[76,38],[106,6],[23,12],[11,35],[38,45],[100,-6],[105,-35],[36,12],[42,28],[-34,103],[5,58],[125,70],[34,22],[23,34],[0,80],[-31,110],[1,45],[46,50],[18,44],[1,52],[-45,80],[-9,46],[17,121],[-2,41],[13,74],[23,64],[8,108],[-6,41],[20,9],[60,-18],[61,-64],[119,-36],[67,-53],[56,-19],[42,-26],[41,-6],[48,-23],[83,-19],[51,-35],[48,-57],[9,-36],[-39,-70],[-4,-29],[37,-86],[13,-80],[36,-33],[58,13],[64,1],[49,11],[70,-8],[36,58],[44,43],[106,3],[75,-26]],[[37660,57191],[52,-24],[36,-5]],[[37748,57162],[8,-53],[-27,-60],[-18,-71],[-6,-101],[11,-106],[-12,-60],[-53,-72],[-49,-6],[-67,18],[-63,34],[-40,0],[-76,-45],[-21,-27],[-62,-109],[-33,-50],[-7,-88],[-13,-40],[-30,-50],[-52,-57],[-59,-46],[-32,-38],[-16,-55],[9,-57],[19,-55],[-1,-25],[-29,-29],[-86,-32],[-123,-24],[-103,-41],[-84,13],[-56,-30],[-50,-55],[-29,-22],[-33,2],[-90,46],[-41,5],[-44,-19],[-33,-52],[-54,-115],[-19,-60],[1,-37],[19,-49],[35,-43],[60,-34],[82,9],[84,-24],[161,-35],[63,-22],[16,-18],[27,-66],[48,-138],[26,-30],[61,-15],[88,47],[66,12],[43,-19],[27,-57],[32,-117],[8,-87],[-27,-141],[2,-94],[13,-47],[53,-61],[83,-48],[105,-68],[80,-65],[133,-59],[69,-57],[60,-78],[109,-174],[21,-101],[-13,-29],[-77,-57],[-187,-95],[-58,-34],[-99,-87],[-21,-35],[5,-88],[-15,-17],[-53,-16],[-68,12],[-45,-23],[-10,-28],[-9,-120],[34,-193],[4,-97],[-16,-36],[-116,-67],[-134,-48],[-57,-34],[-59,-52],[-48,-16],[-131,4],[-43,-7],[-196,-68],[-47,-25],[-85,-29],[-174,-46],[-52,-28],[-38,-51],[-12,-36],[13,-67],[18,-31],[96,-77],[58,-34],[109,-26],[53,-48],[17,-47],[-11,-70],[-66,-71],[-66,-80],[-52,-97],[-22,-67],[-17,-79],[-26,-173],[-43,-130],[-22,-99],[-14,-103],[-14,-45],[-86,-165],[-21,-66],[-16,-117],[-8,-85],[-18,-70],[-79,-139],[-33,-64],[-36,-85],[-47,-145],[-28,-155],[-89,-217]],[[74756,38968],[-74,96],[-14,37],[3,34],[26,66],[90,103],[43,27],[49,1],[21,-12],[34,-89],[16,-24],[85,-54],[55,-8],[38,24],[28,41],[21,63],[40,87],[23,22],[106,58],[50,19],[44,6],[23,18],[18,39],[9,63],[3,107],[-12,80],[9,32],[43,68],[18,92],[-9,41],[13,70],[65,104],[19,98],[-5,78],[-24,93],[10,51],[34,18],[87,-18],[19,3],[139,97],[196,59],[76,32],[87,55],[34,16],[102,6],[45,9],[30,30],[-22,74],[-65,110],[-44,65],[-8,29],[28,68],[52,63],[10,37],[-7,33],[-25,32],[-74,34],[-34,45],[-26,68],[-3,41],[13,74],[-6,41],[19,55],[-15,37],[-5,49],[33,82],[3,44],[-61,100],[-48,48],[-27,52],[-31,36],[-6,63],[-59,85],[-59,102],[-27,30],[-36,85],[-980,896],[-49,5],[-113,-3],[-27,15],[-52,71],[-36,10],[-137,-51],[-59,-14],[-104,-44],[-77,-7],[-71,30],[-67,9],[-71,-21],[-48,-4],[-70,21],[-29,24],[-41,-2],[-70,-67],[-75,-46],[-47,-11],[-93,18],[-33,-2],[-136,-72],[-211,-87],[-28,-2],[-48,15],[-45,70],[-37,27],[-71,3],[-98,-80],[-48,-17],[-20,18],[-26,58],[2,42],[29,52],[1,35],[-35,100],[-4,155],[-16,57],[-68,51],[-146,55],[-69,18],[-55,37],[-64,136],[-29,34],[-9,31],[23,129],[-22,109],[-20,45],[-44,42],[-104,14],[-33,13],[-84,67],[-115,65],[-132,48],[-43,5],[-90,-10],[-107,-34],[-91,-12],[-82,25],[-33,-9],[-34,-40],[-92,-69],[-73,-37],[-50,2],[-68,32],[-49,39],[-32,0],[-60,-84],[-57,-45],[-73,-31],[-103,-56],[-73,-24],[-411,472],[-82,38],[-85,63],[-68,71],[-28,48],[-30,21],[-74,13],[-28,20],[-126,154],[-85,78],[-4,32],[36,30],[11,98],[40,54],[53,25],[66,8],[27,55],[25,27],[93,31],[33,22],[40,65],[76,57],[23,62],[76,53],[165,60],[47,30],[46,48],[3,42],[-9,65],[-56,106],[-4,28],[33,53],[1,38],[-20,28],[-57,9],[-49,35],[-38,39],[-100,83],[-42,15],[-20,26],[-20,62],[-5,39],[56,68],[11,47],[-50,67],[-11,91],[-19,54],[-103,95],[-24,58],[-161,170],[-72,80],[-56,76],[-9,45],[-33,52],[-52,32],[-43,53],[-65,48],[-84,-4],[9,57],[-38,19],[0,39],[-41,33],[17,50],[-62,63],[8,50],[49,64],[13,39],[-18,40],[3,31],[50,45],[25,70],[47,80],[2,28],[-17,45],[-41,62],[-5,44],[37,64],[34,21],[14,49],[19,27],[0,39],[31,68],[-20,81],[19,89],[40,50],[-16,73],[16,53],[29,17],[83,132],[70,40],[21,47],[7,43],[-12,39],[-133,200],[-43,43],[-14,37],[18,36],[53,160],[-26,128],[-17,39],[-23,139],[-62,180],[2,331],[7,243],[-29,118],[-22,39]],[[69440,51154],[-19,36],[74,97],[2,44],[28,34],[113,13],[30,20],[31,42],[100,17],[64,79],[-45,9],[-13,32],[52,50],[20,-28],[47,15],[7,41],[38,-20],[30,44],[9,32],[59,-18],[36,18],[1,37],[70,25],[51,66],[34,13],[30,87],[51,24],[90,12],[17,10],[37,54],[40,38],[1,49],[30,17],[37,-7],[29,-20],[21,9],[10,45],[49,9],[20,29],[28,-3],[13,32],[60,-4],[44,45],[55,39],[54,-4],[22,25],[11,127],[30,38],[56,25],[62,56],[25,2],[41,-40],[24,32],[83,26],[46,-15],[40,44],[37,25],[53,-6],[69,68],[39,10],[-8,27],[28,35],[50,29],[92,72],[157,119],[140,110],[70,47],[39,34],[82,31],[48,86],[18,62],[46,40],[-5,48],[29,30],[36,2],[41,-15],[56,-38],[93,14],[87,-25],[77,6],[86,-33],[97,45],[19,25],[58,8],[24,28],[46,18],[22,45]],[[73141,53580],[50,-18],[55,12],[17,-19],[42,3],[23,-23],[-10,-35],[6,-221],[24,-139],[11,-184],[20,-148],[-13,-102],[-16,-39],[-66,-117],[-15,-42],[-1,-40],[33,-81],[4,-41],[23,-18],[70,-25],[65,-89],[53,-44],[248,-157],[22,-30],[6,-73],[55,-70],[15,-30],[77,-65],[51,-57],[81,-21],[49,-32],[55,-18],[41,-25],[64,-67],[69,-100],[33,-26],[69,-16],[39,-19],[72,-117],[206,40],[38,-16],[107,-29],[63,-41],[47,-60],[39,-66],[30,-27],[33,-49],[13,-64],[16,-33],[26,-21],[85,-48],[70,-67],[20,-34],[28,-91],[0,-85],[9,-55],[28,-60],[-57,-108],[1,-41],[51,-52],[54,-36],[77,-31],[56,-57],[17,-70],[31,-27],[32,0],[73,27],[63,50],[26,-4],[0,-72],[16,-36],[33,-20],[9,-43],[15,-15],[115,-50],[28,-60],[-9,-54],[12,-24],[40,-26],[32,-83],[-3,-58],[17,-58],[75,-34],[30,-83],[39,-17],[115,6],[49,-57],[26,-83],[5,-62],[48,-42],[-7,-37],[77,-169],[75,-127],[140,-164],[86,-148],[72,-59],[72,-92],[67,-117],[64,-42],[40,-36],[66,-74],[24,-36],[49,-27],[59,-53],[34,-6],[31,13],[40,57],[32,6],[99,-66],[20,-23],[57,-95],[47,-44],[52,-19],[29,-28],[34,-51],[58,-15],[57,18],[78,-28],[57,15],[38,34],[53,105],[51,69],[41,34],[39,53],[45,0],[56,-32],[91,-7],[70,15],[75,-95],[40,-102],[36,-24],[29,1],[23,20],[23,83],[24,60],[40,69],[47,38],[130,8],[27,14],[5,69],[-8,71],[30,57],[32,6],[93,-17],[56,4],[35,14],[27,36],[26,-1],[48,-35],[117,-39],[97,-43],[71,-55],[34,-58],[64,-63],[23,-43],[18,-75],[40,-69],[25,-65],[2,-44],[-42,-68],[-2,-71],[64,-138],[20,-69],[40,-370],[20,-42],[87,-106],[56,-116],[81,-274],[39,-269],[66,-202],[42,-85],[40,-49],[52,-39],[187,-85],[35,19],[55,13],[84,-61],[55,0],[16,23],[40,11],[10,46],[64,-10],[45,46],[46,26],[29,-3],[28,-51],[10,-64],[-14,-117],[60,-43],[8,-27],[-44,-60],[1,-24],[37,-68],[4,-95],[84,-137],[36,-28],[55,-13],[42,1],[62,18],[132,74],[107,52],[50,8],[65,-8],[56,-16],[58,-37],[44,-44],[69,-114],[17,-69],[-2,-37],[-34,-95],[21,-70],[155,-146],[44,-67],[84,-184],[15,-98],[51,-65],[10,-54],[18,-33],[116,-148],[170,-117],[90,-82],[76,-100],[33,-64],[26,-114],[-14,-114],[-50,-256],[-42,-69],[-96,-268],[-14,-60],[-41,-66],[-92,-102],[-21,-46],[-2,-83],[50,-99],[5,-23],[-16,-37],[-42,-24],[-48,1],[-75,47],[-43,1],[-35,-34],[-35,-103],[-4,-70],[-84,-84],[-157,-109],[-41,-21],[-133,-37],[-60,-53],[-6,-44],[20,-25],[104,-41],[125,-73],[52,-65],[126,-135],[25,-42],[52,-145],[47,-20],[26,-24],[47,-83],[21,-91],[11,-18],[65,-60],[20,-28],[17,-54],[-1,-111],[13,-66],[67,-126],[7,-29],[-22,-45],[-34,-25],[-69,-24],[-72,-14],[-100,-54],[-71,-21],[-27,-18],[-17,-50]],[[82363,40218],[-44,-22],[-76,-71],[-109,-73],[-170,-72],[-143,-84],[-86,-59],[-73,-40],[-113,-6],[-64,-27],[-75,-118],[-88,-106],[-8,-36],[14,-104],[-2,-36],[-18,-36],[-115,-92],[-12,-15],[-60,-133],[-37,-50],[-82,-60],[-23,-27],[-49,-121],[-4,-48],[-30,-51],[-90,52],[-58,-13],[-88,-58],[-69,-34],[-181,-68],[-79,-14]],[[42498,46063],[41,19],[68,49],[29,36],[59,-7],[42,10],[10,65],[49,12]],[[43132,46898],[35,35],[9,52],[-8,33],[-45,113],[-39,68],[-1,52]],[[44399,49662],[67,39]],[[44466,49701],[44,25],[74,77],[53,14],[67,5],[77,30],[61,52],[67,44],[61,29],[101,31],[80,49],[212,170],[54,66],[35,31],[36,4],[57,-13],[59,2],[51,19],[106,8],[88,-21],[173,-62],[62,-10],[69,11],[72,28],[52,53],[46,87],[30,23],[58,27],[92,21],[118,-5],[78,11],[115,33],[72,36],[74,57],[51,52],[50,77],[15,8],[113,-11],[35,-34],[66,13],[61,-42],[37,-12],[26,15],[62,-41],[90,1],[77,-68],[34,-176],[5,-65],[-20,-68],[-1,-89],[28,-120],[50,-41],[115,-36],[45,-38],[62,-22],[27,-27],[5,-25],[81,-98],[63,-4],[113,70],[61,-4],[49,-36],[52,-22],[49,4],[70,33],[114,146],[36,60],[110,30],[31,73],[35,31],[47,12],[55,-45],[68,-7],[84,13],[79,-27],[117,-8],[206,60],[70,14],[86,-25],[50,6],[104,-15],[25,-39],[51,-13],[25,-23],[35,-12],[87,15],[109,11],[92,18],[111,-56],[80,-21],[49,116],[2,82],[-26,41],[-16,69],[-48,54],[-47,82],[-130,131],[-9,64],[72,97],[52,100],[104,99],[15,32],[7,55],[13,29],[40,36],[6,55],[-40,97],[6,31],[27,18],[48,4],[30,-13],[78,-80],[30,-15],[52,-7],[76,10],[-19,94],[40,73],[72,54],[49,14],[35,24],[77,67],[85,30],[155,110],[0,19],[-66,73],[-30,72],[-22,38],[-25,66],[1,46],[34,47],[124,52],[36,20],[31,37],[28,60],[18,65],[36,91],[26,51],[-1,25],[76,84],[50,15],[61,-27],[33,19],[16,46],[50,97],[12,73],[27,31],[53,26],[8,51],[-49,98],[-2,25],[29,48],[59,50],[58,17],[166,-68],[36,8]],[[52196,53033],[43,27],[43,59],[58,127],[53,83],[87,108],[19,35],[11,89],[13,39],[42,51],[56,40],[72,39],[29,49],[12,105],[-23,39],[-95,74],[-11,39],[18,35],[29,22],[85,29],[67,32],[88,13],[143,-51],[67,12],[34,22],[99,102],[7,52],[-17,65],[-36,62],[10,44],[97,-3],[44,12],[25,22],[17,63],[-4,142],[-12,76],[26,107],[6,64],[45,47],[89,56],[60,58],[21,35],[40,37],[38,8],[57,-12],[144,-68],[162,-44],[63,4],[93,23],[58,30],[16,33],[11,62],[25,37],[91,57],[23,40],[0,68],[19,82],[13,25],[54,61],[44,66],[62,75],[19,8],[96,-39],[80,-8],[113,13],[80,22],[119,76],[90,67],[62,38],[123,31],[35,16],[68,-13],[75,1],[22,12],[49,64],[23,14],[73,5],[31,-18]],[[55784,56027],[28,-46],[45,-38],[45,-51],[25,-51],[-1,-27],[-44,-91],[15,-78],[14,-109],[28,-126],[11,-25],[50,-60],[79,-46],[34,-34],[38,-70],[134,-136],[15,-37],[11,-65],[-20,-35],[-57,-34],[-33,-35],[-20,-43],[-4,-40],[15,-107],[66,-165],[71,-63],[31,-72],[-11,-71],[-31,-60],[-1,-109],[-14,-98],[-36,-52],[-82,-62],[-42,-65],[-2,-22],[27,-64],[-8,-50],[26,-55],[79,-38],[33,-29],[69,-95],[-14,-107],[-16,-69],[2,-99],[-7,-32],[-35,-52],[-60,-39],[-34,-45],[-21,-49],[5,-74],[30,-72],[49,-172],[25,-43],[138,-155],[15,-28],[11,-114],[43,-55],[65,-22],[66,-44],[63,-68],[75,-19],[81,14],[137,-20],[39,-1],[98,23],[105,7],[64,15],[81,5],[76,-5],[145,-27],[35,-23],[17,-27],[6,-54],[-17,-43],[10,-129],[-11,-83],[-24,-42]],[[56163,44456],[-35,-76],[-43,-7],[-91,87],[-42,75],[-51,45],[-43,21],[-62,4],[-63,-30],[-27,-21],[-35,-47],[-28,-70],[-45,-3],[-41,11],[-65,38],[-44,46],[-20,34],[-40,126],[-90,15],[-19,61],[-33,13],[-60,-30],[-50,12],[-122,57],[-22,-7],[-2,-41],[-70,1],[-54,-9],[-45,-25],[-67,-52],[-39,9],[-125,50],[-35,7],[-34,-80],[-28,-31],[-60,-39],[-161,-57],[-21,-13],[-37,-54],[-14,-56],[7,-33],[36,-47],[63,-36],[67,2],[51,-18],[52,-61],[-19,-26],[23,-85],[24,-128],[-5,-46],[-86,-69],[-41,-11],[-43,4],[-120,31],[-47,2],[-33,-72],[13,-96],[-5,-30],[-27,-33],[-93,-34],[-96,10],[-59,-5],[-36,12],[-25,35],[-2,66],[-16,21],[-56,37],[-45,16],[-49,6],[-39,-33],[8,-37],[-6,-52],[54,-72],[65,-167],[4,-28],[25,-35],[135,-111],[34,-64],[-12,-95],[-19,-65],[-21,-29],[19,-33],[1,-38],[34,-16],[32,-38],[-25,-51],[0,-94],[52,-91],[21,-80],[69,-105],[42,-48],[18,-83],[23,-65],[9,-86],[18,-59],[-2,-57],[-37,-25],[14,-21],[80,-60],[82,-74],[-45,-77],[5,-26],[26,-13]],[[22226,18937],[-95,56],[-29,32],[-103,81],[-61,35],[-42,15],[-112,-3],[-51,37],[-5,33],[-31,35],[-4,68],[-19,39],[-46,62],[-33,28],[-32,-14],[-12,-36],[-40,-24],[-44,-45],[-40,-3],[-45,23],[-42,-29],[-9,-58],[-51,-5],[-27,-22],[-65,-9],[-44,5],[-165,-123],[-81,5],[-81,-51],[-29,-11],[-81,23],[-22,-3],[-115,-67],[-35,2],[-56,26],[-14,57],[12,45],[-28,41],[-44,103],[-60,51],[-104,13],[-38,12],[-78,94],[-21,54],[-52,65],[-48,34],[-120,50],[-22,16],[-44,67],[-61,181],[-32,40],[-29,0],[-37,-20],[-22,-66],[-6,-64],[-35,-63],[1,-58],[-74,-147],[-73,71],[-56,80],[-20,60],[-9,185],[-7,12],[-191,33],[-93,23],[-132,49],[-103,29],[-260,98],[-59,14],[-145,5],[-79,27],[-40,46],[-11,29],[-1,55],[-190,10],[-64,24],[-62,-15],[-51,15]],[[18421,39074],[37,-318],[-45,-3],[-41,-39],[-4,-82],[11,-53],[35,-63],[25,-78],[20,-97],[67,-42],[70,16],[103,1],[28,12],[50,50],[65,17],[47,-15],[34,-26],[28,-40],[86,-179],[81,-146],[-64,-62],[-17,-63],[2,-71],[25,-79],[43,-81],[26,-17],[45,-6],[60,-59],[61,-114],[32,-107],[10,-50],[-1,-115],[-51,-11],[-31,-17],[-8,-52],[-28,-67],[-6,-49],[36,-58],[-25,-27],[5,-24],[32,-46],[-11,-59],[90,-117],[57,-39],[60,-18],[18,-40],[66,-59],[29,-48],[23,-79],[50,-56],[35,-12],[77,53],[56,-25],[38,-49],[24,-56],[13,-99],[-7,-34],[-46,-68],[-3,-36],[20,-113],[-27,-41],[-58,-52],[-22,-63],[-11,-67],[-32,-63],[-61,-37]],[[14995,32765],[-36,56],[-27,14],[-62,-16],[-101,-96],[-69,-14],[-151,1],[-85,21],[-25,23],[-11,64],[39,69],[12,52],[-14,29],[-50,59],[-10,47],[-37,21],[-33,52],[-58,50],[14,100],[-90,1],[-39,27],[-64,3],[-101,-6],[-66,6],[-67,43],[-42,5],[10,40],[-14,101],[-68,91],[13,33],[24,19],[8,36],[-14,78],[-24,56],[45,134],[47,68],[43,80],[77,101],[25,62],[-21,33],[6,64],[-63,0],[-53,-29],[-37,-38],[-30,1],[-48,35],[-61,-37],[-33,10],[-59,50],[-100,-31],[-37,15],[-58,67],[-74,33],[-58,32],[-40,2],[-29,-28],[-35,-73],[-42,-52],[-87,-38],[-116,-1],[-83,-9],[-57,-15],[-40,-29],[-56,-104],[-123,-158],[-44,-27],[-81,-36],[-28,-2],[-33,25],[-38,87],[-28,154],[-26,21],[-368,46]],[[11914,34243],[30,12],[84,11],[61,24],[43,44],[18,30],[1,59],[-22,70],[14,64],[-6,47],[-64,27],[-18,27],[0,48],[-21,16],[-36,-9],[-17,21],[-11,73],[-62,42],[-39,42],[-24,10],[-26,35],[-16,83],[6,79],[-34,36],[19,47],[20,20],[47,15],[34,-7],[63,-34],[57,3],[98,82],[32,11],[66,4],[71,-9],[75,-29],[44,-9],[43,36],[7,68],[27,62],[45,53],[48,18],[216,36],[34,29],[-6,50],[-68,114],[5,43],[33,15],[66,9],[24,17],[76,91],[76,38],[163,113],[63,49],[71,44],[40,41],[9,48],[-39,118],[-38,48],[-69,48],[-69,20],[-174,0],[-20,16],[-22,129],[-4,71],[6,58],[-29,66],[14,45],[3,64],[-40,85],[-18,117],[26,132],[-2,42],[19,57],[-3,61],[-15,52],[36,19],[72,-3],[52,10],[114,1],[14,21],[43,1],[85,48],[0,17],[45,24],[51,63],[70,2],[79,14],[31,29],[43,5],[21,17],[93,-9],[49,6],[98,33],[86,5],[39,29],[39,41],[129,32],[18,11],[54,74],[63,6],[4,56],[41,50],[-13,38],[-42,8],[-58,39],[-15,61],[18,27],[37,15],[-81,72],[-93,-2],[-52,18],[-10,27],[0,51],[-14,20],[-49,10],[-28,34],[4,35],[24,42],[6,37],[-16,61],[9,32],[38,36],[-24,33],[-1,34],[19,48],[-1,44],[-21,76],[3,38],[24,25],[68,27],[13,32],[19,105],[60,80],[-1,68],[9,60],[-15,54],[-63,80],[-25,15]],[[14097,39513],[115,9],[99,-9],[12,-27],[40,-4],[36,-30],[75,-22],[30,3],[63,46],[54,109],[7,37],[-7,58],[51,39],[53,30],[36,6],[47,-17],[76,-2],[139,-68],[74,-8],[42,16],[53,46],[66,37],[43,34],[95,44],[62,-1],[74,-31],[45,25],[54,69],[61,31],[75,0],[166,-42],[65,17],[49,70],[26,74],[40,52]],[[61966,44980],[6,-71],[-24,-72],[4,-39],[-28,-28],[2,-49],[-15,-49],[-15,-97],[-24,-57],[-69,-51],[-9,-44],[36,-99],[-1,-26],[-23,-29],[10,-27],[-8,-44],[22,-55],[-27,-118],[-36,-42],[22,-72],[-44,-32],[-49,-18],[-31,-36],[-47,-26],[54,-64],[56,-26],[5,-17],[-49,-61],[9,-43],[42,-43],[-29,-32],[-19,6],[-59,-55],[-30,-53],[-114,-64],[-13,-42],[-20,-103],[-28,-32],[-49,-104],[-65,-45],[-77,-16],[-46,0],[-23,-15],[-54,-76],[-37,-12],[-32,20],[-42,-6],[-53,-32],[-25,-5],[-38,-35],[19,-35],[33,-30],[3,-38],[-12,-37],[10,-41],[-9,-52],[2,-93],[17,-22],[-6,-88],[53,-121],[36,-101],[50,-22],[33,-25],[7,-65],[42,-63],[18,-71],[18,-41],[-11,-48],[9,-41],[34,-44],[21,-64],[4,-60],[-16,-86],[29,-215],[-9,-28],[-36,-16],[-45,-5],[-136,25],[-34,3],[-60,-13],[-20,-14],[-40,-77],[-34,-41],[-133,-99],[-23,-38],[-8,-49],[16,-95],[36,-80],[39,-53],[29,-18]],[[60808,40743],[-70,-40],[-11,-23],[-37,-26],[-35,-4],[-8,-31],[-50,-29],[-61,-69],[-32,-14],[-35,-47],[-89,-71],[-92,-27],[-25,4],[-26,-23],[-32,5],[-27,-38],[-61,-45],[-48,41],[-70,-27],[-43,-3],[-50,33],[-21,34],[-54,8],[-72,-37],[-36,18],[-18,25],[-27,3],[-39,42],[6,15],[-28,55],[-3,51],[-17,15],[-49,10],[-20,-23],[-41,16],[-21,37],[-48,20],[-34,2],[-14,-30],[-39,-31],[-65,-8],[-31,13],[-30,-19],[-41,2],[-39,39],[-28,-41],[-21,-1],[-61,28],[-25,27],[-33,-22],[-8,27],[-60,17],[-56,-21],[-51,8],[-38,-8],[-63,12],[-103,43],[-30,23],[-70,19],[-63,7],[-85,49],[-60,14],[-132,69],[-38,6],[-70,-9],[-63,-21],[-11,-37],[-68,-118],[-50,-41],[-5,-40],[41,-90],[-7,-44],[-34,12],[-34,51],[-49,-10],[-17,-27],[12,-37],[32,-34],[-16,-27],[-69,-4],[-16,-27],[68,-96],[12,-30],[-31,-63],[-55,-39],[-30,-58],[9,-90],[46,-3],[39,48],[22,-5],[8,-71],[34,6],[1,99],[11,28],[43,-4],[19,-30],[8,-54],[20,-30],[49,20],[5,42],[25,21],[34,-9],[18,-74],[-28,-73],[17,-34],[52,-36],[-9,-58],[-18,-37],[5,-85]],[[58050,39604],[-112,-6],[-197,-23],[-144,-10],[0,-30],[-54,-4],[-47,-15],[-98,-21],[-107,-10],[-66,-14],[-35,0],[-258,-22],[-107,-1],[-44,14],[-113,7],[-74,72],[-15,37],[-63,35],[-37,54],[-201,-159],[-189,-88],[-129,-77],[-229,-154],[-29,-24],[-66,-18]],[[26536,8899],[5,-45],[-15,-23],[-47,-19],[-70,-8],[-320,17],[-133,-63],[-110,-199],[-99,37],[-97,56],[-72,-97],[-67,-61],[-317,-143],[-88,-8],[-99,-51],[-5,-86],[66,-50],[25,-90],[74,-64],[99,-2],[65,-110],[84,-60],[47,-95],[-49,-76],[-122,-29],[-42,-115],[-64,87],[-205,-8],[-99,22],[-74,34],[-121,6],[-184,-102],[-71,-63],[-22,-116],[-40,-126],[-87,-36],[-282,-11],[-149,-127],[-75,-42],[-26,-89],[-152,-263],[-88,-31],[-87,-71],[-33,-83],[-60,-61],[-87,61],[-78,-89],[-193,8],[-103,-29],[-39,-125],[-161,-124],[-64,-95],[-88,-79],[-81,12],[-96,30],[-146,21],[-74,46],[-101,-46],[-312,-275],[-110,0],[-64,-58],[-39,-90],[19,-133],[-15,-175],[66,-64],[31,-86],[9,-120],[160,-102],[25,-113],[68,-72],[30,-100],[68,-79],[66,-132],[81,-9],[55,87],[32,113],[102,39],[78,-63],[45,-89],[-102,-129],[54,-179],[-11,-138],[26,-116],[78,-70],[-38,-106],[-198,-130],[-88,-76],[5,-147],[96,-32],[165,3],[71,-103],[41,-86],[-41,-116],[-100,-6],[-72,-77],[-64,-134],[-97,70],[-92,12],[-81,-102],[-99,25],[-169,-6],[-74,39],[-99,3],[-178,-77],[4,-100],[42,-92],[-55,-106],[-319,-183],[-66,-68],[-114,-150],[-22,-129],[117,-42],[152,52],[69,-58],[-72,-132],[-85,4],[-106,-84],[-46,-96],[-75,-45],[-143,39],[-114,-29],[-55,-64],[-72,-129],[-33,-131],[-134,35],[-73,36],[-105,6],[-121,-42],[-101,45],[-22,109],[-68,113],[-101,25],[-114,-48],[-117,-70],[-118,-39],[-79,29],[-73,73],[-112,55],[-136,-32],[-67,-74],[-89,-39],[-108,-28],[-103,-74],[-137,35],[-88,78],[-68,86],[-84,244],[19,93],[-36,125],[-80,58],[-55,105],[-117,-25],[-149,-83],[-110,-103],[145,-170],[-55,-90],[-214,-38],[-136,0],[-29,-103],[9,-112],[-177,77],[-110,3],[-66,-128],[-103,-64],[-66,96],[-77,-22],[-105,-55],[-130,0],[-136,-73],[-150,12],[-52,90],[-75,87],[-108,-35],[-77,-68],[-24,-102],[46,-87],[167,-74],[-143,-167],[-15,-170],[40,-102],[104,16],[87,-51],[17,-84],[-72,-148],[-80,-38],[-171,-26],[-42,-89],[-103,-75],[-79,-9],[-101,45],[-222,-102],[-122,-121],[-30,34],[-87,18],[-57,87],[-21,115],[-34,80],[-103,99],[-81,24],[-98,-4],[-71,-34],[-151,-32],[-110,19],[-166,140],[-74,138],[-55,129],[-49,48],[-80,4],[-58,-35],[-49,-78],[-80,-87],[-106,-99],[-42,-58],[-42,-87],[-35,-103],[-37,-73],[-40,-63],[-78,-161],[-22,-8],[-43,9],[-98,51],[-29,21],[-78,104],[-77,67],[-67,35],[-59,14],[-57,26],[-35,38],[-61,108],[-47,38],[-35,9],[-66,-43],[-35,-63],[-20,-20],[-53,12],[-32,37],[-45,125],[-24,39],[-117,96],[-43,-15],[-107,73],[-61,33],[-41,41],[-25,47],[-12,92],[20,107],[64,124],[7,28],[-8,54],[-36,109],[-2,95],[-20,49],[-25,11],[-58,-5],[-40,-13],[-41,1],[-29,17],[-72,196],[-65,324],[-154,285],[-24,11],[-127,27],[-77,53],[-18,79],[-15,8],[-68,-1],[-17,21],[-17,116],[-24,48],[-2,66],[-30,37],[-52,-3],[-57,-27],[-39,3],[-157,-81],[-29,-3],[-29,16],[-13,58],[-4,111],[31,87],[4,172],[-30,100],[-44,56],[-42,30],[-49,80],[-28,62],[-116,102],[-100,45],[-58,56],[-65,89],[-91,66],[-46,21],[-59,-9],[-36,-35],[-32,-53],[-42,-97],[-207,-311],[-71,-47],[-107,-39],[-27,-28],[-3,-37],[48,-61],[20,-37],[-18,-82],[-4,-50],[-16,-42],[-50,-26],[-38,-54],[-70,-48],[-35,-13],[-20,-34],[-50,-14],[-66,22],[-136,76],[-86,13],[-50,-10],[-55,5],[-90,48],[-66,53],[-41,17],[-103,16],[-100,40],[-50,44],[-74,42],[-51,39],[-41,19],[-97,21],[-84,33],[-65,39],[-66,50],[-22,8],[-184,-26],[-26,6],[-26,45],[-3,35],[14,166],[-4,116],[-9,46],[-6,114],[-13,26],[-103,-15],[-22,8],[-23,47],[-1,99],[-29,69],[-32,26],[-57,22],[-97,-7],[-47,13],[-33,24],[-3,52],[25,88],[-17,49],[-45,51],[0,45],[25,49],[-15,64],[64,65],[24,69],[-14,20],[-68,21],[-51,39],[-65,13],[-80,-19],[-89,17],[-14,10],[-23,76],[-39,55],[-84,16],[-16,11],[-16,51],[-14,7],[-109,-57],[-82,-30],[-288,-124],[-36,11],[-49,32],[-55,-13],[-41,-44],[-85,-65],[-21,-1],[-99,22],[-70,35],[-39,41],[-62,-6],[-40,-15],[-80,-55],[-4,-26],[45,-69],[83,-85],[12,-38],[9,-80],[8,-282],[-1,-108],[-8,-45],[-49,-36],[-40,-5],[-163,5],[-89,-25],[-109,-42],[-90,13],[-30,-22],[-38,-59],[-55,-19],[-48,-35],[-87,-37],[-42,-48],[-34,-7],[-93,-88],[-49,-29],[-104,-10],[-27,6],[-43,61],[-92,34],[-8,71],[-33,29],[-104,12],[-52,-19],[-53,5],[-76,-19],[-66,43],[-33,3],[-29,40],[-53,23],[-48,-37],[-27,8],[-59,76],[-18,40],[-30,19],[-12,40],[-39,36],[11,72],[-28,25],[-105,6],[-171,-22],[-33,23],[-77,124],[-74,-1],[-38,9],[-57,66],[-49,7],[-42,-36],[-52,-2],[-69,56],[-114,-17],[-65,51],[-69,21],[-38,3],[-94,-48],[-70,-57],[-78,7],[-95,-7],[-64,28],[-30,4],[-99,-22],[-57,2],[-118,69],[-87,71],[-87,49],[-42,1],[-50,-64],[-15,-6],[-69,15],[-75,-52],[-76,-21],[-20,5],[-51,61],[-21,97],[-59,44],[-31,37],[-89,-1],[-42,50],[-83,28],[4,-71],[-64,-49],[-90,-41],[-72,-67],[-47,-18],[-40,10],[-120,55],[-2,43],[-40,65],[3,50],[73,59],[155,85],[30,64],[-1,45],[81,114],[30,66],[143,66],[128,-36],[57,-5],[53,21],[33,37],[-1,45],[-25,34],[-68,61],[-6,25],[9,81],[-77,101],[-27,56],[-16,61],[-28,47],[-138,109],[-8,40],[46,37],[28,69],[-9,109],[-14,51],[-54,51],[-5,71],[31,42],[36,27],[-21,44],[-30,4],[-61,-11],[-42,-34],[0,-24],[-25,-25],[-27,-4],[-20,24],[-6,69],[14,42],[-8,30],[-48,61],[-95,43],[-38,-4],[-17,-18],[-23,-62],[-45,3],[-8,49],[44,125],[50,64],[6,23],[-21,24],[-54,33],[-34,0],[-33,-19],[-39,-77],[-51,-58],[-59,-31],[-38,7],[-42,43],[-55,96],[7,32],[42,92],[-1,41],[-29,65],[-24,27],[-133,53],[-10,40],[124,164],[69,101],[40,32],[107,68],[60,26],[67,18],[82,-11],[76,9],[135,5],[88,36],[14,41],[-14,88],[50,79],[34,90],[36,40],[-33,11],[-85,-1],[-71,-13],[-58,30],[-12,45],[-18,147],[-21,80],[-31,43],[-23,-5],[-40,-72],[-48,4],[-31,39],[-37,91],[-19,76],[-2,107],[10,94],[29,70],[-14,47],[4,34],[76,75],[13,59],[-33,51],[23,30],[43,-1],[68,-14],[28,-22],[26,-46],[43,-43],[49,-23],[92,-64],[36,-16],[103,73],[57,24],[99,21],[55,22],[35,28],[14,35],[-1,61],[-42,181],[6,68],[-10,15],[-123,50],[-21,18],[-9,47],[-17,191],[-3,108],[12,24],[39,17],[49,-7],[59,-44],[42,-100],[69,-61],[61,-9],[43,2],[142,88],[65,-1],[38,-25],[18,-51],[41,-197],[23,-35],[60,-52],[19,-57],[-2,-50],[25,-46],[34,-11],[44,6],[26,18],[23,49],[-12,54],[-57,89],[7,60],[21,27],[149,55],[43,35],[26,0],[46,-26],[106,-111],[75,-44],[73,-20],[364,2],[38,3],[49,23],[54,12],[64,-12],[22,-68],[39,-39],[32,-5],[53,17],[55,71],[51,169],[6,75],[-7,72],[1,77],[15,119],[19,90],[25,49],[60,56],[55,67],[12,72],[-39,73],[1,26],[39,33],[69,7],[71,-3],[185,166],[66,70],[26,94],[54,116],[70,44],[48,59],[24,14],[98,-3],[75,21],[64,53],[19,37],[4,84],[-34,61],[10,36],[165,183],[94,47],[20,38],[5,37],[25,83],[-29,9],[-72,-18],[-32,7],[-48,39],[4,56],[-12,15],[-53,7],[-70,-9],[-71,2],[-23,33],[99,75],[26,7],[77,-18],[73,31],[61,3],[24,20],[51,69],[36,82],[27,17],[58,72],[25,62],[28,21],[27,48],[-4,73],[-27,59],[20,71],[-14,21],[-48,13],[-64,-9],[-45,23],[44,20],[28,32],[-18,33],[-43,4],[-18,-40],[-53,-2],[-49,-39],[-31,4],[8,52],[29,31],[38,14],[24,25],[80,23],[13,36],[-23,27],[11,45],[-15,66],[29,32],[140,33],[27,37],[21,66],[32,23],[22,-13],[11,-64],[36,7],[-14,46],[-37,83],[-45,46],[-52,11],[5,35],[28,71],[67,77],[88,61],[49,14],[36,-5],[17,-32],[52,-7],[36,38],[47,31],[27,50],[39,38],[11,60],[35,64],[-52,12],[2,27],[-100,-56],[-59,12],[-26,23],[-23,47],[-57,-4],[-94,23],[-18,37],[67,25],[9,36],[-26,36],[30,41],[0,44],[-34,59],[79,2],[15,37],[2,49],[36,15],[8,35],[21,27],[-23,36],[15,16],[21,56],[-28,28],[32,51],[-10,27],[35,31],[-9,59],[-23,25],[7,47],[15,23],[-25,36],[36,11],[9,34],[57,3],[53,32],[36,-26],[58,27],[45,-35],[13,34],[33,21],[-32,63],[39,44],[-36,29],[65,26],[23,26],[35,9],[23,30],[-3,80],[-28,27],[-10,34],[-28,13],[3,43],[24,14],[6,40],[43,9],[35,48],[-8,23],[63,39],[48,-15],[47,52],[120,71],[14,49],[24,37],[-7,28],[-58,-23],[-1,31],[27,54],[43,51],[-21,31],[14,41],[-27,29],[36,26],[9,38],[34,78],[-62,44],[6,38],[37,33],[-7,36],[59,53],[58,20],[37,-5],[59,-75],[5,-39],[-13,-53],[13,-25],[81,-33],[76,49],[28,31],[55,-13],[27,-59],[13,-74],[44,-44],[6,-37],[58,-18],[19,-24],[5,-133],[12,-27],[27,-13],[83,-7],[113,0],[79,-20],[33,46],[12,48],[29,20],[43,-4],[15,-15],[82,-7],[73,31],[133,80],[64,15],[49,-36],[45,-57],[63,7],[71,-27],[92,57],[17,0],[63,-30],[36,3],[68,63],[71,9],[63,44],[49,-3],[106,53],[74,4],[154,40],[38,21],[38,41],[28,-1],[57,-39],[29,9],[48,-8],[36,16],[37,-12],[75,21],[50,62],[63,45],[63,-2],[96,-58],[44,7],[42,-54],[72,-5],[38,-15],[48,17],[43,-6],[14,36],[-26,34],[18,41],[-33,20],[6,50],[-17,32],[-16,71],[19,90],[25,18],[36,-6],[35,-34],[54,-24],[20,-32],[-3,-59],[31,-33],[70,-9],[46,-17],[37,-37],[16,-39],[55,-17],[30,-48],[50,-4],[31,-23],[45,24],[22,71],[25,29],[24,-8],[36,-71],[15,-56],[38,-33],[98,-11],[56,-15],[45,10],[75,1],[57,32],[42,11],[36,86],[28,46],[81,59],[134,42],[53,37],[36,3],[23,-23],[22,-46],[18,21],[-4,46],[-55,75],[-6,30],[20,40],[-49,26],[113,21],[57,-28],[51,-44],[31,24],[-115,100],[16,23],[71,-5],[39,15],[48,-17],[59,5],[-5,45],[54,5],[32,-18],[5,-54],[55,-68],[19,-11],[67,-1],[18,-29],[-7,-57],[-24,-31],[4,-34],[-17,-41],[11,-34],[79,-25],[61,-63],[27,-58],[47,-76],[146,-57],[29,-26],[-38,-41],[19,-28],[36,0],[51,-20]],[[11867,15461],[4,-92],[23,-41],[43,-20],[105,14],[38,-16],[31,-36],[25,-68],[47,-44],[22,-43],[58,-29],[47,-36],[47,-67],[70,-48],[96,-121],[47,-32],[87,-24],[35,-35],[22,-54],[53,-60],[92,-45],[68,-14],[74,62],[15,-10],[-12,-90],[6,-53],[20,-65],[47,-65],[36,-17],[61,-84],[124,-146],[73,-97],[18,-5],[60,-47],[47,-3],[66,34],[62,14],[18,-20],[6,-40],[-20,-125],[35,-54],[48,-28],[64,-69],[27,-7],[65,1],[59,-10],[61,-66],[2,-24],[-42,-69],[20,-36],[52,-52],[7,-18],[-10,-77],[8,-21],[46,-48],[-28,-60],[74,-98],[-19,-48],[8,-31],[70,-28],[10,-31],[-35,-31],[-6,-73],[25,-15],[16,-45],[20,-19],[49,2],[109,-22],[-9,-56],[58,-45],[1,-30],[63,-33],[31,-52],[14,-65],[15,-26],[-3,-66],[-47,-56],[-99,-26],[-51,-26],[21,-49],[-13,-37],[-71,-43],[21,-32],[73,-11],[118,32],[48,41],[30,0],[16,-42],[-2,-53],[9,-28],[25,0],[57,57],[38,14],[29,-51],[27,-23],[51,-3],[12,-19],[67,16],[-15,51],[15,48],[19,4],[27,-38],[35,-9],[23,18],[35,57],[3,22],[-45,44],[15,53],[135,116],[93,65],[87,18],[77,-6],[41,49],[2,52],[51,12],[73,-50],[40,-10],[23,-41],[23,-89],[23,-42],[34,-15],[33,-36],[76,-21],[70,-90],[32,-13],[56,-7],[33,-34],[31,-8],[116,15],[24,-19],[-23,-51],[45,-96],[62,-63],[6,-39],[0,-86],[20,-40],[-3,-90],[16,-16],[48,-9],[50,49],[61,-9],[51,20],[68,-33],[57,-4],[29,-38],[4,-57],[23,-42],[45,-126],[42,-64],[-6,-86],[26,-64],[-6,-34],[-77,-70],[-6,-18],[31,-27],[11,-51],[16,-21],[194,-39],[38,-42],[-2,-75],[-26,-53],[-8,-81],[44,-221],[56,-43],[-5,-29],[-59,-99],[-8,-26],[30,-39],[-22,-74],[32,-48],[50,6],[4,-28],[30,-22],[-6,-54],[6,-46],[25,-51],[65,-92],[8,-70],[13,-13],[63,5],[13,-27],[-4,-77],[45,-50],[63,-31],[50,-67],[39,-9],[85,19],[24,13],[39,60],[42,30],[31,7],[37,29],[42,-7],[50,-30],[64,2],[29,-24],[24,-68],[93,-10],[21,-18],[12,-105],[19,-36],[32,-21],[59,-3],[79,-44],[34,-60],[73,-23],[82,-4],[101,-22],[96,-38],[56,-40],[61,-18],[101,19],[63,-13],[35,23],[13,108],[30,58],[38,41],[63,1],[24,-8],[59,-47],[40,-51],[50,-110],[36,-123],[40,0],[26,28],[70,35],[43,32],[2,107],[27,55],[32,24]],[[37748,57162],[79,0],[81,44],[50,-10],[42,-44],[84,-6],[59,-13],[69,-40],[24,-4],[33,19],[42,56],[144,131],[46,-2],[114,-59],[54,-2],[27,26],[33,96],[6,76],[-38,113],[0,93],[21,59],[-11,115],[-11,230],[13,77],[39,119],[13,54],[96,11],[91,29],[69,59],[24,47],[-15,56],[-23,17],[-14,41],[34,104],[21,128],[33,137],[28,36],[68,46],[47,43],[20,56],[-1,47],[-28,73],[-40,85],[34,39],[108,34],[154,43],[90,29],[132,-35],[50,-29],[77,-72],[36,-52],[27,-80],[-1,-164],[17,-120],[20,-92],[47,-20],[96,38],[54,30],[157,-79],[43,-13],[107,-14],[149,-48],[48,-11],[109,8],[61,-1],[84,-17],[41,76],[53,51],[55,24],[131,19],[65,39],[64,61],[48,12],[145,-2],[121,17],[71,-10],[102,-1],[66,8],[123,-21],[51,-30],[114,-5],[178,-29],[37,-24],[55,-120],[65,-22],[67,5],[83,-38],[38,0],[71,49],[183,44],[109,-6],[122,-45],[40,-9],[80,-5],[62,-24],[44,-34],[32,-60],[14,-100],[14,-15],[167,-56],[59,-31],[55,-38],[58,-13],[57,2],[52,12],[86,29],[79,35],[166,37],[109,-12],[76,-17],[118,-13],[89,2],[88,-11],[93,-31],[54,-33],[71,-11],[43,10],[51,47],[62,79],[74,60],[68,32],[92,29],[181,34],[34,-2],[105,-33],[66,-33],[38,-8],[86,71],[-10,-114],[19,-92],[40,-81],[1,-43],[-39,-99],[-7,-43],[58,-131],[60,-88],[4,-16],[-11,-75],[-40,-100],[18,-18],[56,21],[41,-4],[46,-19],[58,5],[102,45],[50,13],[135,18],[149,30],[28,32],[56,19],[24,-37],[9,-74],[29,-85],[83,-38],[51,-93],[23,-21],[56,-11],[46,-20],[64,-11],[102,0],[25,-9],[2,-56],[24,-31],[43,-11],[100,2],[62,-23],[22,-20],[42,-72],[23,-88],[53,-19],[100,-71],[13,-22],[10,-69],[13,-42],[72,-85],[38,-35],[114,-84],[39,-40],[58,-74],[8,-38],[-21,-76],[53,-17],[88,-61],[109,-46],[49,-44],[29,-46],[22,-85],[86,-104],[2,-141],[26,-34],[60,-39],[80,-18],[53,-28],[29,-48],[-12,-37],[16,-86],[4,-108],[8,-43],[27,-52],[66,-65],[31,-16],[45,3],[71,92],[25,20],[67,32],[124,10],[84,23],[79,8],[18,11],[29,86],[32,29],[53,6],[24,15],[0,59],[22,52],[-3,73],[-38,64],[-58,117],[-3,34],[25,43],[86,71],[52,35],[58,-10],[65,-68],[14,-32],[41,-33],[83,-42],[93,-11],[111,35],[52,74],[72,51],[137,55],[33,3],[26,-15],[13,-65],[42,-31],[66,-4],[78,9],[93,-26],[67,-54],[60,-23],[52,-8],[41,-25],[21,-26],[21,-57],[44,-44],[101,-75],[73,-119],[65,-89],[32,-25],[1,-20],[-39,-39],[-48,-78],[-51,-66],[-63,-72],[-16,-43],[14,-35],[68,-36],[75,-54],[43,-19],[52,-35],[80,-72],[105,-55],[95,-66],[60,-62],[79,-100],[15,-49],[-28,-124],[-3,-47],[20,-42],[91,-69],[30,-45],[12,-64],[-3,-46],[-21,-79],[2,-63],[-15,-90],[6,-19],[58,-80],[40,-68],[29,-89],[29,-48],[37,-38],[63,-47],[22,-31],[19,-70],[38,-92],[3,-60],[19,-81],[15,-37],[50,-38],[40,-55],[27,-67],[8,-49],[-8,-66]],[[44466,49701],[-55,22],[-78,51],[-68,24],[-23,17],[-38,67],[-22,14],[-51,2],[-54,61],[-29,77],[-25,30],[-34,6],[-51,39],[-45,19],[-33,-1],[-26,-20]],[[43790,50086],[-38,-2],[-53,15],[-99,57],[-46,40],[-29,-4],[-73,-57]],[[40261,47468],[-29,-22],[-89,-36],[-134,-66]],[[39445,46407],[-1,-30],[-52,-31],[-80,-15],[-35,-28]],[[52010,29870],[0,44],[32,74],[47,26],[111,-33],[37,10],[61,33],[50,16],[92,74],[18,26],[31,126],[18,105]],[[54480,31662],[-44,-32],[-18,-45],[-76,-99],[-42,-11],[-43,-34],[-72,-123],[7,-19],[-28,-52],[-27,-26],[-55,-76],[-4,-33],[-62,-4],[-23,-30],[-52,-39],[8,-31],[-7,-45],[-34,-34],[21,-90],[-53,-60],[-61,-23],[-10,-32],[-4,-89],[28,-71],[-53,-122],[15,-75],[-3,-78],[-49,-49],[-46,-26],[-34,-46],[-30,-56],[-35,-35],[-63,-107],[-16,-39],[-42,-40],[-28,-61],[3,-41],[-35,-44],[16,-47],[-11,-33],[25,-22],[8,-42],[-4,-85],[26,-28],[-22,-49],[52,-41],[14,-50],[1,-51],[-35,-90],[-3,-84],[34,-79],[1,-37],[59,-41],[18,-33],[8,-108],[-4,-74],[28,-32],[9,-32],[33,-26],[52,-131],[-4,-51],[35,-40],[1,-26],[26,-58],[41,-65],[36,-39],[27,-15],[12,-68],[-20,-65],[9,-47],[24,-29],[45,-16],[-62,-79],[-33,-67],[-14,-54],[-25,-7],[-49,20],[-103,67],[-20,-10],[-61,-87],[-45,-84],[-61,-10],[-155,-81],[-78,-57],[-19,-28],[-29,-13],[-43,9],[-32,33],[-30,-8],[-74,-177],[-52,-76],[-54,-24],[-47,-4],[-52,-28],[-56,-19],[-43,-30],[-78,-73],[-6,-162],[-9,-36],[-47,-8],[-170,68],[-81,112],[-57,38],[-47,5],[-69,-5],[-22,19],[-25,50],[-41,49],[-66,66],[-47,37],[-52,-9],[-47,-37],[-46,9],[-39,52],[-66,41],[-64,1],[-19,-15],[-62,-117],[-37,-20],[-73,-12],[-12,-17],[-38,-105],[-8,-61],[23,-117],[-8,-38],[-32,-26],[-39,-3],[-55,-20],[-115,27],[-38,2],[-38,-14],[-20,-25],[-8,-43],[-38,-97],[-38,-49],[-58,-49],[-73,-50],[-46,-54],[-71,-42],[-51,-44],[-23,-36],[-28,-21],[-27,-62],[-35,-45],[24,-71],[3,-69],[-27,-64],[-44,-30],[-92,-34],[-39,-82],[-19,-22],[-68,-9],[-25,-12],[-37,-39],[-55,-37],[-47,-55],[5,-60],[-24,-45],[-64,-26],[-44,-47],[-95,-21],[-61,-6],[-57,-36],[-39,2],[-45,-14],[-34,-45],[-69,-36],[-62,-46],[-50,-10],[-29,49],[-23,-3],[-84,-51],[-31,-101],[4,-36],[-12,-45],[-36,-26],[-71,-6],[-91,-25],[-63,-6],[-123,-104],[-12,-30],[-59,-37],[25,-66],[0,-36],[-21,-43],[-7,-47],[-33,-62],[-37,-9],[-115,21],[-70,-18],[-49,16],[-132,-5],[-48,-15],[1,-26],[54,-65],[21,-40]],[[48461,24531],[-32,-21],[-22,-39],[-47,-25],[-106,-7],[-57,13],[-73,56],[-52,13],[-34,19],[-48,60],[-81,80],[-14,46],[19,87],[-4,36],[14,98],[-1,35],[-16,35],[-26,14],[-265,6],[-118,-17],[-25,6],[-34,52],[-62,67],[-24,47],[6,44],[30,38],[35,21],[104,47],[0,15],[-107,72],[-11,25],[-12,88],[8,90],[44,157],[-1,55],[-55,93],[-1,39],[23,29],[88,159],[21,23],[49,29],[125,25],[27,24],[22,43],[-12,73],[15,99],[1,49],[27,76],[55,55],[94,64],[7,22],[-47,70],[16,28],[9,54],[29,26],[29,47],[29,25],[48,67],[31,74],[30,52],[2,22],[-18,71],[-7,70],[1,115],[-16,82],[-12,112],[4,28],[-42,137],[-30,29],[-32,47],[-69,42],[-41,-1],[-61,54],[-15,78],[-1,46],[-27,59],[-31,37],[-38,78],[-99,52],[-35,1],[-26,31],[-29,142],[-18,20],[-43,18],[-128,37],[-4,53],[-51,17],[-253,-78],[-11,79],[-56,98],[-48,67],[-33,68],[43,-21],[68,1],[131,58],[90,137],[43,87],[65,79],[38,55],[55,28],[177,53],[107,71],[26,10],[53,-12],[72,-36],[102,19],[60,-20],[59,86],[-56,76],[-47,43],[-27,43],[-27,62],[-22,100],[-46,60],[-33,108],[-63,88],[120,410],[32,151],[24,47],[43,57],[16,48],[-5,144],[-42,121],[-9,39],[-65,70],[-15,91],[-40,36]],[[63480,46701],[51,-51],[27,-82],[19,-20],[80,11],[26,39],[31,8],[12,40],[45,43],[37,14],[33,41],[2,37],[-70,25],[-36,26],[-30,46],[1,23],[30,24],[50,7],[34,20],[32,50],[54,20],[36,35],[0,25],[-41,30],[-1,27],[33,57],[42,94],[-3,27],[-51,57],[-16,50],[26,80],[-41,67],[10,42],[22,22],[80,17],[42,-7],[50,9],[36,31],[4,52],[32,7],[44,-36],[78,-8],[53,34],[44,4],[55,-22],[87,49],[23,66],[35,52],[21,52],[49,28],[27,27],[35,69],[48,-12],[0,54],[15,20],[74,36],[-10,107],[48,30],[22,2],[101,-36],[36,-56],[68,-21],[87,-51],[72,-50],[60,17],[15,112],[50,74],[32,139],[59,27],[22,30],[44,164],[17,25],[64,41],[96,-23],[43,3],[40,-46],[26,-2],[13,61],[-21,66],[42,56],[-17,44],[4,23],[68,52],[67,-5],[79,31],[54,41],[58,22],[137,82],[17,29],[16,74],[43,38],[31,5],[18,22],[-19,90],[43,6],[84,49],[18,20],[43,16],[44,39],[52,10],[60,40],[96,21],[47,20],[82,70],[54,29],[85,19],[39,-11],[52,-49],[45,9],[31,19],[28,-3],[5,40],[35,9],[-4,25],[25,18],[28,92],[-10,25],[33,30],[8,28],[110,70],[69,50],[35,13],[28,28],[66,0],[33,13],[47,44],[47,26],[62,-8],[103,-67],[67,-34],[100,-26],[123,-8],[64,4],[142,51],[77,0],[37,-37],[25,-1],[52,27],[35,-1],[32,47],[7,67],[17,28],[-20,33],[43,16],[-2,44],[52,3],[-7,61],[37,15],[-3,40],[51,26],[28,39],[54,20],[38,33],[-15,23],[14,43],[43,6],[-17,35],[17,60],[-8,32],[-45,40],[11,31],[-34,4],[-19,27],[8,41],[18,31],[68,47],[109,67],[169,89],[11,17]],[[73179,24519],[-22,47],[-110,109],[-52,37],[-21,31],[3,27],[48,107],[8,39],[-23,58],[-42,40],[-65,22],[-60,-10],[-42,-29],[-48,-64],[-29,-52],[-37,-106],[-45,-42],[-35,-1],[-73,38],[-39,6],[-28,-18],[-51,-109],[-83,-76],[-74,-13],[-66,18],[-39,41],[-40,75],[-77,16],[-75,-26],[-22,-17],[-80,-91],[-93,-72],[-46,1],[-19,24],[-19,50],[2,50],[71,118],[-13,40],[-35,-3],[-46,-26],[-24,3],[-41,38],[-36,91],[-35,23],[-34,-21],[-19,-57],[-29,-158],[-20,-50],[-83,-115],[-43,-138],[-15,-15],[-92,-54],[-16,-42],[11,-57],[-13,-81],[-17,-43],[-63,-37],[-77,13],[-163,18],[-25,-8],[-35,-73],[-51,-38],[-38,-2],[-66,35],[-33,4],[-141,-43],[-207,-47],[-45,-20],[-99,-58],[-46,-15],[-23,-41],[-25,-91],[-22,-39],[-21,-13],[-34,-73],[-48,-55],[-150,-84],[-115,-101],[-72,-51],[-36,3],[-49,53],[-26,63],[8,81],[-11,33],[-47,36],[-136,36],[-54,-4],[-114,-49],[-62,-1],[-31,-15],[-82,-101],[-62,-4],[-71,51],[-67,62],[-45,33],[-58,5],[-32,-14],[-62,-58],[-80,-99],[-73,-64],[-39,-26],[-30,-3],[-88,33],[-51,-32],[13,-83],[17,-60],[-26,-45],[-46,-26],[-25,-29],[-9,-44],[-8,-108],[-10,-270],[-8,-28],[-58,-18],[-143,46],[-99,54],[-38,10],[-91,4],[-57,-9],[-42,-17],[-77,-57],[-89,-80],[-64,-72],[-8,-20],[16,-59],[-21,-54],[-13,-79],[-65,-77],[-100,-137],[-44,-28],[-42,-14],[-56,5],[-42,27],[-51,62],[-37,11],[-75,-23],[-54,-7],[-47,21],[-79,106],[-37,7],[-70,-1],[-56,25],[-37,0],[-65,-30],[-121,-21],[-60,5],[-53,37],[-14,31],[17,40],[0,44],[-13,31],[5,54],[25,69],[6,92],[-20,94],[-28,89],[-33,60],[-41,40],[-32,19],[-75,22],[-100,-40],[-98,-54],[-72,-34],[-46,-46],[-41,-17],[-62,0],[-80,39],[-79,57],[-59,29],[-55,48],[-32,66],[-38,26],[-128,-15],[-30,18],[1,42],[-27,107],[-27,49],[-60,40],[-54,13],[-59,-1],[-174,-42],[-83,2],[-43,15],[-108,-4],[-40,19],[-45,56],[-35,26],[-69,33],[-66,-3],[-58,-36],[-27,-39],[-46,-97],[-57,-87],[-13,-47],[-3,-78],[-32,-37],[-69,-11],[-40,-25],[-83,-83],[-15,-39],[-6,-111],[-21,-35],[-39,-23],[-34,2],[-52,-20],[-12,-20],[1,-53],[20,-186],[10,-50],[49,-89],[1,-50],[-16,-47],[-43,-64],[-9,-47],[-46,-63],[-28,-92],[-28,-31],[-52,-27],[-55,-40],[-74,-29],[-107,-55],[-117,-24],[-24,-23],[-5,-49],[33,-55],[10,-36],[-8,-67],[-19,-39],[-69,-72],[-37,-60],[-51,-52],[-81,-59],[-42,-51],[-28,-12],[-130,50],[-50,-9],[-59,-32],[-70,9],[-39,40],[-300,93],[-112,-34],[-86,20],[-53,-21],[-23,-80],[-16,-32],[-48,-25],[-76,-53],[-87,-47],[-48,-49]],[[61451,20842],[-63,56],[-185,108],[-63,50],[-38,51],[-9,44],[19,35],[5,55],[-23,33],[-86,48],[-22,30],[-5,39],[15,140],[-21,155],[-22,47],[-33,48],[-45,81],[-78,96],[-64,22],[-61,54],[-68,101],[-93,55],[-52,55],[-33,91],[-38,32],[-63,20],[-45,-1],[-39,-14],[-78,-76],[-31,-79],[-29,-8],[-100,15],[-94,-34],[-45,3],[-20,15],[-62,101],[-33,32],[-131,82],[-29,13],[-114,-38],[-24,2],[-70,47],[-49,17],[-89,-2],[-26,10],[-76,128],[-87,27],[-40,39],[-21,8],[-75,-30],[-101,-4],[-113,-31],[-70,19],[-45,27],[-15,21]],[[58574,22677],[54,-10],[85,7],[44,17],[98,53],[20,18],[51,72],[47,37],[74,33],[82,18],[53,28],[65,81],[58,46],[29,42],[32,73],[36,40],[58,24],[33,24],[28,72],[47,96],[-6,73],[11,40],[66,61],[88,46],[87,84],[50,17],[35,40],[-6,71],[9,41],[51,59],[58,15],[64,38],[55,64],[34,28],[37,47],[22,53],[-4,71],[11,47],[40,61],[37,31],[34,64],[2,80],[-7,46],[-33,57],[-45,28],[-19,38],[30,108],[57,117],[15,81],[-19,61],[-24,35],[-19,57],[-3,46],[-24,61],[-47,74],[-41,95],[15,38],[37,57],[37,29],[90,50],[55,74],[41,32],[57,29],[43,10],[90,93],[52,32],[182,77],[79,42],[76,85],[62,78],[123,28],[27,14],[55,62],[104,70],[49,21],[12,35],[37,33],[83,40],[42,-1],[35,27],[36,7],[33,-12],[39,42],[43,-1],[53,42],[30,6],[67,-5],[23,13],[29,57],[73,16],[43,39],[17,30],[85,67],[-1,46],[39,10],[15,38],[-24,25],[-58,33],[-15,42],[11,31],[49,82],[15,65],[36,25],[0,54],[13,51],[48,37],[21,31],[-6,55],[21,36],[29,-8],[33,17],[-26,39],[58,2],[0,61],[65,17],[-5,28],[37,50],[55,9],[-21,35],[23,84],[-14,34],[22,32],[-6,33],[56,50],[94,-35],[36,58],[-13,21],[11,65],[44,83],[-48,0],[-59,-18],[-8,31],[25,23],[-45,49],[56,23],[-20,21],[25,24],[-7,59],[20,44],[-12,26],[32,36],[-55,14],[-8,39],[-17,16],[15,68],[-1,42],[39,29],[38,9],[8,49],[-15,29],[37,76],[-48,21],[10,32],[59,84],[-25,38],[53,27],[-10,46],[30,16],[60,53],[48,170],[-29,42],[15,14],[-66,83],[10,13],[-18,61],[-34,38],[-73,49],[-5,37],[28,28],[-34,32],[-24,76],[-29,49],[31,17],[-4,29],[30,48],[6,49],[-33,52],[11,73],[-37,18],[-56,46],[8,23],[-40,31],[35,41],[-19,16],[-2,55],[20,40],[-7,30],[-25,8],[-51,54],[-47,29],[1,48],[-60,14],[-20,56],[-47,19],[-75,-12],[41,81],[-12,28],[-25,11],[-16,42],[19,37],[-44,11],[5,67],[64,82],[-29,43],[38,3],[-24,69],[26,78],[32,38],[0,25],[34,60],[26,24],[-8,23],[44,80],[-42,44],[27,27],[-26,70],[3,73],[-13,65],[39,51],[-13,52],[103,51],[20,72],[34,31],[-4,28],[36,38],[-3,24],[-33,24],[-19,-6],[-33,50],[-63,24],[-41,32],[-38,7],[-10,35],[-62,19],[-19,81],[0,45],[-44,28],[-41,42],[0,45],[-45,59],[-25,104],[68,134],[10,57],[-29,119],[-39,94],[-36,113],[-99,277],[-36,58],[-76,98],[-167,229],[-206,241],[-149,184],[-88,143],[-48,116],[-50,222],[-14,106],[-55,116],[-16,50],[-103,67],[-43,46],[13,35],[1,54],[-18,56],[-18,-13],[-43,56],[70,90],[4,39],[52,101],[25,32],[15,51],[22,18],[48,86],[60,70],[2,46],[-20,19],[-4,67],[9,65],[60,59],[40,0],[6,66],[15,13],[-14,60],[-61,34],[-12,38],[-27,-10],[-34,28],[1,33],[-17,59],[24,33],[-22,19],[15,54],[1,50],[69,29],[12,100],[24,70],[26,32],[55,33],[55,-14],[53,8],[135,-5],[196,11],[41,37],[-11,232],[31,33],[14,63],[28,22],[79,-10],[-2,26],[45,-8],[-25,47],[-36,-15],[11,45],[-33,37],[11,30],[89,68],[3,-42],[31,21],[-4,28],[33,20],[34,61],[19,-5],[37,-67],[22,5],[13,42],[41,-12],[28,31],[-13,68],[62,23],[-30,21],[-43,12],[0,24],[31,37],[-50,5],[0,45],[169,549],[-20,61],[-51,76],[-79,62],[-92,91],[-18,34],[0,94],[-5,37],[-33,89],[-32,107],[-16,86],[-38,27],[-100,48],[48,32],[29,54],[16,86],[0,68],[-45,177],[-29,145],[4,37],[22,42],[61,74],[80,51],[46,48],[37,64],[23,72],[32,58],[29,155],[2,72],[-9,66],[-46,82],[-17,56],[-3,147],[10,71],[-9,69],[-40,32],[-42,62],[-46,10],[-30,26],[6,37],[-17,23],[-42,15],[-68,-16],[-106,29],[-39,22],[-70,-32],[-67,16],[-27,-2],[-47,-25],[-35,-5],[-15,-30],[-67,-38],[-38,-4],[-146,2],[-36,-27],[-200,-24],[-84,-95],[-38,-19],[-73,-19],[-76,34],[-39,-12],[-30,-44]],[[27016,42038],[47,64]],[[28755,41917],[4,-22],[61,-26],[33,9],[76,-78],[36,-71],[15,-77],[-16,-114],[-27,-97],[2,-27],[26,-71]],[[18472,47983],[-63,0],[-67,17],[-52,37],[-26,53],[-66,56],[-137,18],[-40,-6],[-50,-48],[-3,-31],[48,-94],[-10,-67],[-45,-39],[-47,-3],[-77,15],[-78,4],[-54,-44],[-17,-77],[22,-71],[-15,-27],[-50,15],[-60,60],[-151,-49],[-77,25],[-83,-2],[-82,-41],[-47,-13],[-61,-45],[-73,-159],[-33,-62],[-61,-77],[-52,-11],[-66,16],[-56,41],[-31,-46],[-8,-50],[50,-85],[81,-22],[146,-26],[89,28],[146,2],[59,-25],[135,-87],[32,-44],[7,-48],[-18,-38],[-46,-37],[-148,-56],[-110,-55],[-33,-22],[-48,-56],[-21,-44],[-35,-100],[8,-58],[-5,-47],[-37,-35],[-58,-13],[-23,-64],[-15,-21],[-70,-15],[-35,13],[-46,44],[-31,5],[-56,-12],[-60,-26],[-65,-8],[-59,27],[-72,-24],[-46,-4],[-71,-16],[-62,26],[-33,-2],[-78,-53],[-32,-53],[-4,-61],[-19,-80],[-36,-98],[-10,-98],[-24,-69],[-14,-71],[-80,-62],[-39,-48],[-35,-85],[-7,-58],[-28,-113],[-21,-45],[-38,-46],[-40,-15],[-110,-8],[-52,-12],[-78,-37],[-50,-47],[-81,-47],[-78,-86],[-26,-20],[-78,-27],[-81,-62],[-84,-47],[-160,-114],[-46,-25],[-78,-14],[-145,-11],[-26,-10],[-47,9],[-30,40],[5,113],[-25,27],[-142,4],[-29,7],[-56,34],[-35,50],[-32,17],[-58,-1],[-49,-28],[-86,-71],[-142,-30],[-59,25],[-45,3],[-212,-35],[-106,2],[-43,-8],[-83,-30],[-96,-66],[-39,-7],[-115,5],[-132,18],[-121,21],[-139,-30],[-159,3],[-84,32],[-104,-13],[-132,-127],[-46,-12],[-108,-13],[-65,-14],[-111,-50],[-91,-23],[-56,-7],[-204,10],[-110,11]],[[11290,44577],[15,44],[72,34],[24,34],[21,51],[26,105],[-6,144],[-19,83],[-37,54],[30,18],[6,23],[-58,97],[-89,79],[-22,69],[-47,32],[-57,-38],[-61,-8],[-11,13],[42,85],[-18,23],[-48,-15],[-9,16],[7,56],[-14,45],[14,47],[-17,41],[5,33],[-13,51],[27,37],[-25,57],[18,64],[23,19],[43,14],[68,8],[23,24],[-10,64],[24,60],[8,66],[61,38],[10,40],[-52,29],[6,49],[-40,23],[-43,-11],[-30,21],[-2,44],[30,36],[91,15],[13,71],[40,39],[-26,61],[-62,2],[-59,70],[29,36],[-35,29],[9,53],[29,20],[65,20],[46,23],[33,32],[4,49],[-40,54],[0,23],[58,46],[22,46],[-39,147],[-52,48],[-71,41],[5,51],[16,34],[-1,39],[-21,10],[-110,6],[-55,43],[-18,96],[2,117],[-10,29],[-55,67],[-23,89],[3,58],[19,57],[47,62],[194,129],[55,46],[19,44],[19,159],[26,52],[53,7],[37,-17],[67,-48],[57,-4],[208,67],[46,49],[34,69],[19,64],[-1,62],[-33,130],[-27,60],[-45,75],[-66,34],[-112,-9],[-52,18],[-48,55],[-44,75],[-46,38],[-43,0],[-101,-26],[-26,9],[-8,87],[-31,43],[30,70],[11,99],[-13,34],[-53,83],[-24,115],[3,59],[26,51],[1,62],[-21,75],[-46,117],[-41,93],[-69,98],[-12,75],[-28,27],[65,1],[44,21],[98,85],[36,17],[71,15],[47,34],[76,79],[95,6],[58,36],[51,18],[97,108],[32,23],[40,4],[106,-14],[77,23],[190,4],[130,66],[119,51],[25,-3],[30,-31],[41,-13],[74,-40],[69,-7],[27,24],[-11,74],[92,74],[3,36],[-29,69],[25,25],[43,61],[80,23],[46,31],[121,25],[50,37],[127,1],[25,20],[30,61],[39,2],[33,-38],[137,5],[26,11],[7,39],[31,29],[83,-3],[36,-21],[42,-56],[44,-15],[30,13],[-7,128],[62,110],[-32,82],[4,18],[59,50],[103,24],[81,45],[22,30],[33,7],[54,-59],[79,-61],[23,-57],[22,-15],[66,-8],[20,24],[-27,18],[7,38],[48,-2],[65,-56],[74,-42],[26,1],[36,27],[10,61],[20,14],[84,-24],[74,-7],[79,-33],[21,-3],[83,35],[60,60],[61,34],[63,79],[55,26],[43,51],[107,45],[20,-9],[48,-50],[27,-13],[45,2],[43,19],[7,68],[20,31],[40,14],[22,25],[41,1],[14,21],[50,16],[32,70],[34,14],[66,-14],[28,3],[51,34],[92,40],[38,29],[72,42],[36,41],[46,-15],[38,-102],[49,-80],[132,-113],[51,-6],[20,10],[11,39],[-18,21],[33,46],[67,-1],[71,32],[17,41],[87,-9],[56,47],[35,-9],[39,-27],[36,3],[35,21],[32,44],[79,13],[34,-15],[17,-41],[-14,-62],[35,-27],[27,-3],[43,22],[48,9],[2,53],[18,23],[32,0],[58,-28],[25,25],[-18,64],[27,30],[13,49],[30,4],[39,-15],[28,12],[43,78],[41,-5],[10,24],[35,0],[6,20],[-24,31],[21,32],[23,-3],[34,-74],[27,-41],[10,-64],[56,-48],[23,30],[28,70],[31,17]],[[58050,39604],[-14,-52],[45,-71],[3,-32],[43,-18],[51,-168],[16,-18],[31,8],[25,74],[34,14],[39,-26],[-5,-19],[-35,-29],[-6,-27],[20,-27],[97,-24],[15,-38],[-62,-22],[-33,-26],[-55,-143],[4,-22],[36,-23],[63,-3],[-2,-27],[-98,-40],[-32,-31],[-26,24],[-26,-6],[-13,-30],[-42,-43],[-24,-51],[2,-63],[-56,-72],[10,-27],[65,-74],[24,-50],[-5,-29],[-85,-277],[1,-62],[40,-71],[-6,-65],[-102,-136],[-30,-32],[12,-88],[-29,-79],[-11,-64],[1,-60],[17,-109],[12,-30],[-20,-78],[-81,-31],[-37,-38],[6,-26],[-63,-11],[-38,-32],[-5,-20],[-41,-47],[-120,-109],[-63,-110],[-58,-33],[-69,-18],[-34,-35],[-10,-29],[-33,-34],[10,-20],[-14,-34],[3,-39],[19,-19],[-4,-73],[-25,-21],[14,-39],[-5,-73],[-25,-95],[-22,-24],[13,-40],[-28,-19],[6,-28],[-20,-15],[15,-53],[-28,-82],[-6,-40],[36,-59],[-12,-29],[17,-35],[-26,-19],[23,-70],[-6,-40],[-47,-58],[-24,-87],[-41,-38],[-22,-47],[0,-68],[-24,-49],[-40,-37],[-62,-112],[-18,-49],[-61,-18],[6,-34],[-11,-31],[-26,-24],[-2,-34],[-35,-73],[-81,-83],[-20,-65]],[[54511,31666],[-4,-49],[20,-99],[21,-60],[1,-128],[32,-74],[58,-104],[23,-66],[79,-146],[17,-54],[5,-54],[61,-164],[4,-67],[-7,-82],[8,-72],[21,-87],[40,-63],[34,-65],[81,-104],[-3,-46],[15,-44],[79,-120],[40,-45],[61,-52],[66,-37],[45,-2],[56,11],[53,0],[86,10],[81,24],[33,21],[47,52],[26,15],[155,19],[70,30],[47,35],[42,71],[78,28],[64,4],[91,78],[29,8],[80,-61],[73,-93],[63,-124],[0,-86],[-21,-41],[-39,-38],[-1,-59],[71,-115],[20,-77],[-31,-45],[-55,-18],[-57,-32],[2,-51],[33,-44],[-5,-31],[-75,-133],[-57,-123],[-21,-84],[6,-171],[-60,-62],[-15,-29],[-6,-43],[32,-35],[73,-63],[10,-27],[7,-78],[50,-37],[57,-22],[130,-84],[146,-74],[64,-48],[40,-58],[12,-36],[-3,-49],[51,-33],[38,-80],[56,-26],[46,-57],[50,-44],[58,-85],[91,-36],[91,-84],[64,-32],[84,-66],[62,-78],[28,-73],[89,-201],[-5,-34],[-42,-48],[20,-101],[-15,-54],[30,-88],[-19,-45],[-10,-54],[38,-91],[13,-66],[45,-50],[-5,-33],[21,-49],[50,-48],[92,-73],[26,-41],[15,-63],[62,-86],[13,-26],[1,-62],[12,-69],[-15,-79],[-3,-61],[-24,-77],[-5,-174],[9,-22],[59,-75],[19,-53],[14,-202]],[[57993,25198],[-4,-46],[-29,-1],[-34,23],[-30,111],[-75,171],[-53,54],[-23,-7],[-45,-57],[-92,-148],[-3,-28],[25,-52],[-4,-109],[4,-30],[31,-52],[5,-33],[-21,-59],[-50,-28],[-159,-30],[-34,-19],[-24,-33],[26,-69],[0,-40],[-26,-23],[-148,61],[-39,-26],[-3,-72],[-41,-22],[-40,3],[-55,34],[-104,54],[-73,11],[-89,-41],[-27,-21],[-24,-46],[-57,-16],[-70,27],[-122,11],[-43,-49],[-55,-13],[-47,19],[-71,58],[-34,66],[-32,29],[-17,82],[-81,38],[-23,-3],[-66,-36],[-57,-4],[-34,46],[-1,138],[-13,41],[-89,114],[-28,48],[-40,33],[-50,6],[-44,-12],[-35,-32],[-60,-100],[-43,-14],[-112,58],[-80,19],[-36,-13],[-47,-36],[-42,-14],[-75,17],[-42,0],[-28,-26],[-7,-57],[-76,-47],[-30,-25],[-106,64],[-56,53],[-75,106],[-63,46],[-144,6],[-62,-9],[-29,-41],[-4,-82],[-56,-140],[8,-69],[17,-23],[68,-55],[67,-94],[44,-78],[21,-73],[-7,-33],[-36,-89],[-22,-38],[-42,-49],[-6,-30],[15,-60],[-7,-51],[-39,-52],[-36,-28],[-37,-48],[-32,-11],[-50,22],[-52,47],[-30,7],[-70,-23],[-47,-37],[-23,-35],[-79,-14],[-10,31],[-41,0],[-31,64],[-47,34],[-41,5],[-99,-15],[-93,23],[-34,-2],[-72,10],[-14,-20],[23,-41],[-2,-51],[-14,-43],[-7,-78],[-29,-56],[-93,-51],[-2,-26],[20,-33],[-12,-69],[-29,-65],[-113,-18],[-8,25],[-88,4],[-71,16],[-73,-29],[-49,-12],[-43,-44],[-16,-39],[-22,-10],[-96,-7],[-70,-41],[-8,-26],[-36,-9],[-50,-64],[-6,-29],[24,-107],[-50,-35],[-29,5],[-134,87],[-66,-6],[-22,-24],[1,-73],[15,-40],[70,-146],[26,-80],[-4,-78],[-46,-69],[-76,-95],[-36,-115],[-31,-70],[-68,-78],[-41,-109],[-25,-87],[-50,-34],[-21,-31],[9,-38],[33,-60],[45,-52],[24,-62],[61,-212],[4,-67],[-7,-44],[-26,-70],[-22,-7],[-52,-64],[-51,-19],[-51,50],[-31,17],[-37,-11],[-25,-52],[-21,-20],[-60,14],[-92,-14],[-68,-42],[-88,-8],[-30,-14],[-19,-34],[31,-93],[34,-49],[4,-33],[-14,-34],[-25,-23],[-58,-7]],[[51507,21171],[-60,26],[-57,-13],[-38,-56],[-73,-11],[-37,-30],[-19,-29],[-66,2],[-54,-9],[-81,-24],[-68,-4],[-94,38],[-22,16],[-46,62],[-26,8],[-42,-17],[-59,-83],[-13,-37],[-5,-63],[-17,-28],[-137,37],[-29,-28],[9,-72],[-35,-15],[-32,6],[-60,29],[-82,22],[-43,-10],[-117,-76],[-31,-12],[-31,24],[-38,64],[-43,36],[-61,17],[-67,37],[-36,45],[-38,21],[-98,-15],[-27,16],[15,55],[0,86],[-13,49],[-43,40],[-8,31],[39,50],[82,54],[119,127],[76,51],[19,53],[-29,86],[-27,37],[-46,37],[-98,27],[-92,15],[-39,37],[-3,64],[52,87],[16,43],[2,59],[-10,28],[-52,75],[-152,113],[-97,69],[-66,54],[-61,58],[-65,87],[-56,91],[-164,225],[-58,45],[-101,46],[-55,16],[-28,19],[-7,27],[14,49],[101,94],[-20,81],[58,76],[10,118],[26,42],[-5,45],[-32,50],[-25,83],[16,75],[-19,65],[-4,41],[10,30],[50,42],[2,17],[-26,72],[-68,102],[-53,46],[-126,90],[-58,59],[-66,122],[-8,46]],[[57993,25198],[23,22],[57,17],[24,19],[32,48],[23,78],[-2,70],[-23,135],[15,64],[32,17],[85,0],[74,-16],[41,-21],[81,-94],[2,-36],[-36,-39],[-29,-71],[0,-144],[7,-77],[-15,-50],[-42,-8],[-36,-19],[-30,-43],[-5,-28],[32,-90],[-9,-38],[-76,-77],[12,-35],[23,-25],[26,-79],[6,-80],[15,-34],[-28,-92],[26,-65],[-7,-44],[-24,-42],[3,-107],[36,-63],[-4,-38],[-79,-72],[-4,-33],[13,-55],[26,-55],[5,-33],[-34,-29],[-62,-21]],[[58167,23815],[-67,17],[-28,21],[-63,80],[-54,14],[-50,-39],[-59,-18],[-32,7],[-70,50],[-68,68],[-47,-1],[-39,-27],[-25,-92],[-43,-41],[-7,-21],[9,-54],[-6,-60],[-32,-118],[-22,-27],[-112,-23],[-47,-34],[-15,-32],[-12,-95],[-35,-28],[-67,-13],[-28,-22],[12,-88],[-3,-97],[-39,-28],[-21,7],[-40,61],[-59,38],[-54,16],[-166,17],[-44,41],[-26,11],[-95,-51],[-96,-10],[-54,-39],[-42,-16],[-26,-43],[-11,-54],[-15,-18],[-105,-63],[-48,-9],[-76,31],[-92,-23],[-41,-31],[-36,-70],[-28,-121],[29,-34],[42,6],[68,-4],[39,-26],[14,-26],[9,-72],[-14,-50],[14,-75],[-30,-83],[-32,-49],[-65,-60],[-45,-76],[-123,-47],[-30,-26],[-29,-45],[-55,-48],[-85,-22],[-59,1],[-50,36],[-35,8],[-46,-27],[-28,-59],[-27,-28],[-44,8],[-33,79],[-15,19],[-53,24],[-48,-5],[-23,-28],[-6,-86],[-24,-36],[-14,-92],[-46,-50],[-63,-110],[-55,-49],[-32,1],[-42,27],[-50,6],[-56,-21],[-65,14],[-66,-6],[-71,-37],[-94,-83],[-41,-51],[-35,-74],[-22,-16],[-47,19],[-70,-26],[-15,-30],[-3,-68],[-26,-24],[-93,9],[-139,-3],[-90,-54],[-57,-46],[-191,-145],[-61,-21],[-53,13],[-47,30],[-25,39],[-28,9],[-54,-28],[-9,-58],[-40,-14],[-180,-10],[-33,-7],[-213,-121],[-50,-14],[-120,13],[-113,-16],[-58,3],[-147,54],[-49,-5],[-9,-41],[16,-79],[0,-55],[-18,-87],[-42,6],[-19,30],[-53,31],[-29,-11],[-65,-53],[-44,-1],[-40,38],[-14,49],[-22,15],[-65,-2],[-19,-19],[-30,-62],[-40,-28],[-16,4],[-51,56],[-26,-1],[-27,-37],[-16,-52],[-20,-21],[-54,-16],[-40,67],[-23,64],[5,56],[75,71],[31,57],[-24,50],[-45,39],[-101,43],[-15,28],[-15,68],[-34,49]],[[82363,40218],[7,-42],[37,-72],[52,-16],[68,26],[70,-7],[112,-34],[157,-62],[102,-12],[108,-24],[93,-2],[16,13],[37,79],[24,33],[41,84],[59,84],[28,28],[45,19],[86,5],[237,50],[110,40],[38,-10],[59,-42],[68,-73],[75,-35],[52,-10],[52,-28],[41,-10],[127,-1],[56,9],[56,-36],[29,-72],[46,-34],[46,-5],[77,7],[57,12],[40,-2],[104,-70],[114,-22],[43,-15],[153,-150],[48,-96],[28,-93],[40,-34],[101,-2],[52,17],[49,29],[54,-10],[73,-78],[26,-21],[49,-9],[69,27],[128,37],[71,36],[212,8],[62,16],[33,18],[34,38],[30,51],[25,87],[15,124],[47,56],[90,82],[128,77],[131,40],[117,16],[55,0],[77,-12],[76,39],[54,46],[49,66],[40,99],[11,56],[26,11],[110,-58],[72,-86],[49,-46],[37,-19],[43,2],[55,96],[64,76],[93,78],[64,85],[63,51],[51,18],[65,8],[57,-6],[48,-17],[72,-44],[58,16],[44,30],[24,33],[55,123],[52,91],[158,126],[95,90],[80,33],[64,1],[124,-23],[63,1],[66,31],[77,62],[41,23],[93,16],[127,3],[119,18],[51,16],[77,39],[53,40],[78,86],[65,131],[56,151],[25,26],[48,22],[64,-8],[26,-13],[101,-11],[49,44],[67,21],[48,71],[25,17],[24,-13],[18,-53],[73,-22],[47,-29],[38,-65],[46,-43],[9,-63],[-47,-96],[-12,-36],[-2,-91],[52,-111],[33,-49],[32,-73],[43,-48],[144,-89],[121,-11],[55,-24],[17,-23],[19,-55],[50,-53],[65,-20],[143,-26],[34,-23],[50,-63],[54,-22],[271,-3],[74,-38],[51,-54],[41,-77],[34,-110],[30,-53],[28,-76],[39,-77],[41,-129],[31,-43],[15,-68],[44,-30],[24,23],[24,48],[38,51],[75,60],[100,28],[148,86],[84,37],[85,52],[44,4],[63,-18],[97,7],[33,-21],[36,2],[45,40],[-1,69],[30,40],[48,42],[41,24],[77,30],[82,0],[83,-56],[57,-27],[53,-16],[80,-5],[91,8],[59,-22],[12,-28],[40,-22],[-5,-66],[36,-55],[-4,-36],[-63,-47],[-73,-9],[-19,-45],[11,-46],[37,-78],[-8,-107],[24,-29],[23,-68],[-27,-37],[-50,-14],[-26,-37],[-6,-89],[-16,-25],[-18,-78],[-23,-37],[64,-67],[68,-21],[32,-59],[14,-53],[61,21],[39,-26],[81,-23],[57,-5],[41,-17],[52,-8],[70,3],[103,28],[159,10],[86,32],[48,0],[81,29],[84,8],[53,33],[52,52],[43,-11],[49,-71],[91,-43],[128,-28],[156,-46],[107,-84],[84,-1],[22,-7],[61,11],[52,-16],[50,-6],[232,22],[14,-34],[-20,-37],[-61,-6],[-123,-32],[-32,-42],[-3,-51],[-80,-69],[-14,-50],[-17,-25],[-9,-64],[-36,-63],[-10,-46],[92,-68],[57,-77],[2,-64],[19,-75],[-16,-38],[-26,-20],[-35,-50],[83,3],[52,-52],[44,-18],[93,-15],[119,-41],[36,-58],[-1,-55],[16,-45],[-27,-29],[-1,-154],[17,-53],[2,-47],[17,-27],[43,-38],[21,-50],[29,-42],[153,-133],[127,-93],[44,-50],[39,-25],[23,-32],[26,-67],[19,-121],[2,-62],[-42,-108],[-11,-96],[-2,-73],[30,-108],[-6,-69],[-34,-73],[-9,-41],[20,-151],[-33,-114],[4,-55],[50,-87],[68,-11],[43,-27],[55,-70],[55,-45],[2,-54],[56,-69],[49,-71],[-2,-51],[-59,-76],[-59,-47],[-111,-58],[-78,-34],[-15,-53],[5,-41],[24,-42],[62,-66],[54,-75],[61,-125],[51,-34],[15,-45],[37,-40],[36,-14],[56,2],[75,35],[182,4],[190,-23],[58,-31],[67,-69],[36,-70],[0,-73],[-18,-64],[-30,-40],[-64,-47],[-144,-23],[-55,-23],[-51,-60],[-62,-127],[-78,-79],[-70,-87],[-52,-126],[6,-57],[30,-34],[42,-22],[101,-22],[149,35],[76,-3],[22,-15],[12,-67],[0,-99],[-14,-168],[7,-67],[-15,-49],[-29,-33],[-119,-47],[-45,-64],[-57,-30],[-55,-7],[-39,-28],[-8,-28],[-5,-91],[-34,-79],[-69,-62],[-68,-29],[-43,-30],[-50,-50],[-18,-32],[0,-30],[125,-105],[34,-15],[66,-11],[46,3],[44,14],[102,14],[117,-4],[148,28],[368,190],[54,40],[48,61],[47,41],[81,20],[31,1],[104,-55],[44,-34],[24,-98],[-19,-99],[-34,-56],[-9,-31],[-1,-89],[7,-39],[47,-77],[29,-26],[265,-102],[59,-39],[82,-2],[28,21],[32,51],[73,13],[3,20],[-28,57],[18,20],[56,14],[164,131],[107,97],[107,70],[39,5],[45,-64],[109,-76],[30,-39],[-2,-129],[9,-35],[41,-61],[30,-101],[-8,-61],[-78,-24],[-30,-37],[3,-46],[76,-118],[41,-49],[-2,-47],[10,-48],[86,-85],[21,-101],[18,-35],[43,-48],[76,-64],[29,-45],[45,-142],[-9,-40],[-31,-40],[-19,-45],[-2,-76],[64,-153],[98,-120],[5,-73],[28,-65],[-32,-51],[-126,-72],[-122,-49],[-66,-40],[-38,-36],[-69,-81],[-57,-98],[-48,-35],[-19,-26],[-16,-99],[-19,-34],[-49,-53],[-58,-49],[-55,-73],[-36,-89],[-11,-76],[-17,-28],[-72,-36],[-77,-8],[-36,7],[-40,44],[-23,52],[0,110],[-32,16],[-138,-62],[-149,-125],[-149,-147],[-69,-99],[-16,-45],[-51,-67],[-39,-37],[-95,-50],[-91,-31],[-79,-46],[-82,-61],[-26,-30],[-54,-129],[-54,-51],[-55,-15],[-108,3],[-121,-19],[-73,0],[-18,-21],[-27,-83],[-66,-123],[-71,-87],[-46,-76],[-51,-35],[-26,-61],[4,-66],[-22,-47],[-71,-61],[-51,-76],[-86,-97],[-48,-15],[-134,11],[-46,-3],[-55,-24],[-157,-92],[-42,-11],[-41,-42],[-18,-6],[-41,28],[-34,-4],[-121,-56],[-43,-9],[-274,3],[-120,15],[-106,-3],[-103,27],[-57,-23],[-14,-74],[-75,-150],[-37,-25],[-81,-12],[-49,-17],[-33,-27],[-33,-69],[-20,-63],[-34,-72],[-63,-54],[-80,8],[-28,-13],[-19,-40],[-49,-22],[-53,-46],[-33,-17],[-59,4],[-40,-22],[-53,-77],[-59,-51],[-58,-12],[-48,35],[-146,37],[-77,3],[-66,21],[-54,-4],[-63,45],[-9,97],[-43,69],[-32,27],[-25,-6],[-144,-128],[-23,-28],[-26,-56],[-58,-32],[-33,-61],[-26,-24],[-73,14],[-85,4],[-67,-18],[-84,11],[96,101],[37,59],[-6,51],[-35,29],[-122,144],[-33,45],[-39,89],[-38,19],[-87,-26],[-52,-28],[-98,3],[-44,-7],[-100,-27],[-94,-10],[-85,16],[-30,13],[-49,49],[-67,9],[-61,-16],[-66,-63],[-47,3],[-153,-24],[-172,7],[-64,28],[-35,53],[-32,17],[-90,18],[-55,18],[-70,-1],[-50,-32],[-37,-46],[-21,-11],[-33,18],[-59,75],[-45,22],[-79,10],[-115,-24],[-128,2],[-18,34],[50,70],[23,63],[-35,18],[-41,-1],[-55,20],[-36,47],[-17,55],[-28,36],[-21,7],[-71,-19],[-224,12],[-37,29],[-4,27],[20,37],[28,24],[33,49],[25,90],[34,54],[42,49],[42,26],[47,12],[74,-16],[91,65],[24,37],[5,38],[-52,101],[-2,160],[3,115],[-13,25],[-66,21],[-9,49],[23,54],[67,101],[33,83],[12,54],[-17,27],[-54,2],[-40,11],[-24,61],[1,75],[-20,47],[-74,25],[-56,-16],[-27,-24],[-40,-7],[-65,62],[-91,1],[-161,-35],[-39,2],[-29,16],[-62,82],[-37,106],[-75,134],[-38,18],[-50,-26],[-6,-70],[-43,-43],[-55,-3],[-18,19],[-13,61],[-16,27],[-48,18],[-46,-6],[-35,-25],[-13,-44],[15,-176],[-21,-29],[-24,-1],[-54,20],[-135,77],[-27,0],[-26,-21],[-6,-27],[12,-94],[-6,-69],[-19,-24],[-73,-25],[-28,-39],[-2,-42],[13,-38],[55,-72],[8,-25],[-16,-33],[-115,-109],[-34,-16],[-53,1],[-69,31],[-54,70],[-97,112],[-21,12],[-47,3],[-73,-20],[-44,-27],[-44,-67],[-32,-29],[-55,-25],[-96,-13],[-42,-23],[-77,-15],[-97,11],[-38,18],[-1,21],[-31,51],[-2,48],[-27,29],[-42,-6],[-76,-84],[-50,-21],[-61,10],[-36,29],[-40,9],[-115,-13],[-90,3],[-113,25],[-39,2],[-41,-17],[-30,-26],[-76,-83],[-73,-122],[-29,-28],[-25,-5],[-115,21],[-72,-12],[-48,9],[-50,26],[-28,55],[-68,26],[-110,13],[-51,-12],[-147,-60],[-60,-2],[-63,36],[-31,-22],[-14,-135],[-9,-39],[-24,-25],[-57,-31],[-227,-68],[-38,-33],[-1,-35],[27,-52],[18,-74],[-12,-47],[-40,-38],[-101,-26],[-108,-6],[-58,6],[-65,21],[-80,-1],[-29,-16],[-47,-42],[-37,-13],[-62,8],[-35,-20],[-71,-95]],[[55784,56027],[33,24],[49,18],[76,14],[121,-2],[128,18],[51,20],[25,22],[-16,29],[-99,32],[-36,22],[-17,28],[-9,53],[9,117],[-24,23],[-1,29],[47,54],[19,46],[27,35],[29,18],[133,48],[82,-13],[51,8],[12,50],[-22,45],[7,69],[30,54],[113,90],[22,44],[67,92],[28,50],[54,154],[72,90],[5,41],[-16,61],[4,27],[47,39],[35,1],[36,-13],[93,17],[69,44],[189,23],[86,-11],[76,28],[116,33],[34,44],[92,85],[62,66],[63,58],[26,13],[77,5],[75,26],[49,-1],[16,110],[19,43],[60,74],[46,72],[22,50],[35,45],[34,25],[75,27],[89,68],[35,34],[68,104],[23,23],[107,73],[168,148],[51,55],[48,72],[88,188],[45,50],[29,16],[115,43],[39,47],[33,173],[11,16],[62,32],[26,25],[26,48],[-21,91],[5,107],[29,57],[80,83],[29,46],[4,68],[14,46],[71,148],[13,57],[-11,115],[-20,35],[-91,40],[-75,87],[-18,36],[-11,112],[-18,59],[-48,85],[15,35],[79,32],[38,31],[19,33],[6,53],[-44,93],[-45,57],[-2,52],[81,106],[56,33],[81,18],[122,2],[56,-13],[56,-46],[32,-10],[57,29],[95,81],[49,23],[60,-4],[36,-35],[34,11],[17,31],[40,44],[95,66],[77,20],[52,48],[102,28],[86,38],[158,103],[39,15],[61,39],[37,83],[39,173],[27,83],[32,119],[56,46],[58,12],[63,-5],[71,-16],[56,-29],[47,-40],[86,-6],[77,-12],[43,-28],[42,-43],[51,-70],[90,-51],[89,2],[27,-35],[27,-79],[36,-55],[28,-19],[77,-22],[41,3],[44,17],[77,45],[44,69],[22,17],[72,13],[30,18],[40,54],[19,62],[51,-11],[78,1],[44,11],[68,44],[56,-2],[81,-43],[62,-24],[131,-30],[38,-25],[51,-64],[41,-25],[80,-16],[74,74],[40,28],[54,22],[73,16],[85,64],[50,15],[83,-13],[138,-72],[78,11],[47,-6],[31,-32],[37,4],[102,51],[51,7],[76,-14],[56,-31],[34,-44],[24,-71],[44,-57],[37,0],[37,23],[55,18],[80,10],[67,-8],[43,-20],[25,-34],[25,-90],[27,-79],[32,-72],[27,-90],[35,-85],[50,-54],[208,-46],[91,-3],[77,-17],[37,-37],[17,-78],[18,-40],[36,-32],[43,-12],[82,-3],[50,-17],[44,-51],[54,-35],[42,-37],[56,-72],[40,-37],[55,-33],[111,-40],[34,-43],[-9,-67],[29,-52],[56,-62],[83,-74],[30,-46],[32,5],[-7,53],[54,52],[44,13],[62,3],[60,-20],[75,-9],[87,4],[43,-22],[61,-97],[76,-29],[15,-24],[-4,-60],[-12,-32],[-20,-154],[-9,-122],[6,-158],[10,-54],[33,-27],[90,-15],[62,-26],[110,-78],[44,-14],[27,-25],[29,-61],[21,-85],[22,-35],[65,-48],[47,-19],[63,3],[43,10],[92,41],[59,0],[47,-29],[60,-114],[24,-23],[52,-24],[74,0],[46,-8],[38,-21],[111,-139],[55,-53],[110,-76],[39,-11],[65,20],[67,62],[58,11],[69,-22],[77,-43],[61,-55],[95,-70],[69,-108],[18,-55],[24,-23],[57,7],[81,32],[53,-3],[143,-71],[28,-7],[110,-10],[40,3],[140,36],[66,4],[63,-30],[17,-31],[-9,-79],[-69,-173],[-33,-65],[-32,-27],[-85,-6],[-32,-15],[-33,-41],[-9,-56],[11,-78],[-3,-44],[-32,-67],[-19,-62],[1,-27],[25,-44],[52,-53],[45,-86],[21,-92],[2,-61],[-45,-110],[-20,-63],[-3,-71],[14,-30],[25,-17],[87,-14],[138,-91],[57,-28],[85,0],[151,34],[44,2],[60,-9],[82,6],[-56,-57],[-46,-102],[-84,-35],[-22,-28],[-17,-70],[-17,-20],[-61,-9],[-23,-42],[13,-130],[-27,-51],[-26,-16],[-138,-64],[-8,-44],[101,-90],[9,-121],[-12,-222],[69,-141],[56,-35],[84,6],[168,87],[56,4],[22,-21],[20,-97],[22,-63],[46,-54],[40,-16],[63,-8],[21,-15],[149,-157],[55,-105],[-40,-87],[-2,-58],[16,-138],[110,-132],[43,-39],[133,-32],[111,-2],[144,27],[173,9],[59,16],[38,-8],[67,-44],[47,-92],[23,-33],[80,-37],[46,8],[31,24],[30,41],[72,119],[80,68],[18,68],[16,9],[243,21],[57,-5],[46,-22],[48,-62],[16,-38],[18,-117],[-61,-76],[30,-108],[-10,-56],[-59,-72],[-50,-70],[-10,-86],[2,-99],[23,-85],[35,-34],[30,-76],[52,-35],[91,-14],[50,-36],[35,-78],[35,-15],[40,16],[30,-3],[52,-48],[70,-18],[48,6],[72,-15],[143,-11],[24,-17],[27,-53],[100,-120],[-45,-92],[-8,-27],[-1,-97]],[[26953,42165],[-14,-54]],[[14097,39513],[-92,-6],[-29,13],[-35,35],[-80,-5],[-19,7],[-46,49],[-84,1],[-61,69],[-42,91],[-45,59],[-7,57],[4,55],[-39,42],[-5,57],[-18,29],[-150,134],[-170,187],[-37,118],[-17,100],[-14,45],[-30,34],[-64,46],[-23,40],[-22,73],[-56,94],[-25,102],[-49,50],[-66,25],[-128,-11],[-33,23],[-25,39],[-5,70],[33,75],[57,74],[82,82],[83,67],[26,31],[-13,75],[-31,43],[-108,110],[-51,70],[-29,56],[-2,34],[13,33],[84,79],[45,51],[140,177],[36,73],[49,176],[28,197],[4,76],[-9,24],[-46,60],[-67,70],[-62,32],[6,38],[22,46],[5,56],[-14,51],[29,42],[36,16],[50,7],[27,-12],[30,-37],[44,7],[2,51],[-24,25],[-75,26],[-17,45],[6,73],[28,47],[41,32],[21,31],[-7,48],[-78,32],[-21,59],[32,63],[46,32],[29,33],[8,46],[-27,10],[-63,-39],[-148,23],[-36,34],[-14,58],[-21,30],[-34,-15],[-1,-79],[-67,-22],[-29,58],[-38,-7],[-34,13],[-43,35],[-56,-2],[-27,14],[-4,75],[-13,17],[-45,6],[-163,125],[-52,14],[-49,-28],[-39,-2],[-31,16],[-36,-9],[-75,-78],[-96,-17],[-33,19],[-116,85],[-26,37],[-11,50],[-34,97],[-40,45],[-84,6],[-89,42],[-29,62],[-24,27],[-56,20]],[[58167,23815],[70,-70],[115,-82],[28,-33],[16,-54],[17,-104],[21,-28],[84,-73],[35,-57],[79,-28],[50,-26],[103,13],[46,-20],[48,-47],[31,-79],[4,-81],[-11,-31],[-43,-44],[-53,-88],[-61,-69],[-50,-39],[-83,-35],[-40,-45],[1,-18]],[[61451,20842],[-21,-34],[-158,-183],[-134,-113],[-42,-47],[-53,-78],[-43,-36],[-131,-56],[-25,-19],[-86,-99],[-162,-108],[-84,-96],[-82,-80],[-83,-110],[-32,-53],[-30,-87],[-71,-55],[-67,-6],[-24,45],[-37,37],[-44,0],[-134,-41],[-57,-29],[-93,-73],[-64,-81],[-220,-209],[-41,-43],[22,-55],[-12,-20],[-64,-60],[-77,-87],[-60,-23],[-52,-64],[-113,-93],[-103,-112],[-19,-53],[-24,-26],[-43,-9],[-87,-5],[-56,-11],[-63,-53],[4,1250],[-6,24],[-33,4],[-99,-21],[-80,2],[-49,31],[-45,14],[-26,35],[-47,-2],[-49,15],[-43,44],[-62,-4],[-34,16],[-14,42],[-28,22],[-78,5],[-49,22],[-21,50],[-56,-2],[-77,9],[-117,-6],[-101,-26],[-51,8],[-49,-12],[-136,-78],[-111,-75],[-74,-65],[-30,-44],[-56,-116],[-27,-33],[-71,-20],[-143,-6],[-46,48],[-70,-16],[-124,-34],[-114,-57],[0,-51],[13,-80],[-20,-39],[-37,-29],[-90,9],[-21,40],[-29,7],[-32,-43],[-69,-43],[-44,-20],[-65,11],[-30,-4],[-44,-29],[-20,4],[-43,43],[-20,37],[-30,4],[-55,-30],[-71,1],[-32,-7],[-109,-49],[-71,-2],[-61,29],[-14,39],[-48,22],[-60,7],[-44,36],[-55,57],[-37,-4],[-5,-41],[-23,-29],[-78,-45],[-24,-23],[-31,-52],[-97,-67],[-35,4],[-7,-63],[-13,-36],[26,-17],[63,27],[89,4],[58,-20],[23,-40],[-45,-101],[-44,-61],[-38,-95],[-14,-74],[-91,-124],[-11,-55],[-28,-45],[-11,-60],[-30,-34],[-79,-40],[-44,-44],[-51,-23],[-10,-48],[-44,-53],[-20,-10],[-34,12],[-13,-35],[2,-45],[-12,-31],[-64,-45],[-95,-3],[-80,34],[-177,-35],[-40,-16],[-77,-51],[-53,-43],[-80,-53],[-66,-84],[-29,-74],[-20,-2],[-35,67],[-46,55],[-10,49],[-21,11],[-111,-20],[-47,13],[-168,5],[-50,-13],[-35,15],[-32,-31],[-33,-2],[-41,23],[-32,-24],[-91,-9],[-64,-30],[-59,-14],[-17,-15],[-33,-110],[-54,-37],[-66,-8]],[[52735,17646],[-66,40],[-47,-49],[-29,-14],[-97,-11],[-63,10],[-49,35],[-67,12],[-28,23],[-32,103],[-31,10],[-81,-44],[-64,9],[-13,51],[-41,26],[-66,-12],[-56,-29],[-30,6],[-57,38],[-85,-22],[-53,-6],[-49,28],[-33,33],[-39,18],[-72,3],[-45,15],[-67,44],[-53,58],[-65,141],[7,75],[27,75],[31,53],[68,81],[28,117],[1,57],[-23,27],[-97,-1],[-133,5],[-121,41],[-44,22],[-53,14],[-106,-23],[-128,8],[-63,25],[-328,188],[-118,70],[-58,41],[-217,187],[-176,186],[-34,50],[-63,123],[-22,62],[-3,44],[19,108],[-20,34],[-35,18],[-74,7],[-54,-39],[-24,-4],[-41,29],[-42,49],[-28,67],[-45,39],[-70,33],[-34,36],[-25,145],[-21,30],[-56,45],[-45,10],[-49,31],[-51,3],[-32,28],[-39,82],[-75,40],[-76,102],[-73,36],[-90,25],[-56,42],[-9,37],[-27,39],[-24,136],[-17,48],[-78,136],[-47,52],[-74,56],[-208,109],[-103,66],[-71,55],[-77,86],[-75,111],[-157,184],[-260,291],[-108,114],[-44,55],[-32,103],[-48,74],[-96,61],[-91,66],[-49,6],[-57,-23],[-59,31],[-22,51],[-20,11],[-100,11],[-99,46],[-63,59],[-36,-30],[-26,-87],[-73,-53],[-54,-66],[-60,-15],[-52,-38],[-46,-21],[-30,6],[-74,58],[-41,-12],[-43,-48],[-226,-29],[-25,-7],[-47,-73],[-30,-13],[-112,18],[-30,-13],[-41,-47],[-57,-10],[-47,13],[-64,2],[-26,11],[-67,57],[-81,12],[-30,25],[24,93],[30,43],[43,42],[59,18],[166,-33],[128,20],[40,22],[86,78],[40,81],[70,75],[-15,66],[-47,88],[7,37],[26,47],[20,66],[-116,150],[-59,33],[-1,34],[23,68],[61,104],[81,90],[28,86],[35,151],[1,61],[-35,80],[-22,99],[-39,22],[1,36],[41,59],[15,63],[6,111],[-18,72],[-39,51],[-13,39],[-70,67],[-54,40],[-15,48],[-22,26],[-66,57],[70,149],[27,77],[75,48],[36,34],[96,43],[-33,95],[6,94],[53,33],[7,88],[-65,87],[-51,-2],[-21,40],[-31,-4],[-50,216],[-27,-12],[-36,-66],[-65,-59],[-44,-13],[-57,69],[-15,29],[-84,-27],[-57,-26],[-27,2],[-96,-61],[-87,-37],[-32,34],[-39,94],[-135,45],[-51,33],[-74,93],[-16,67],[10,34],[-65,47],[-93,37],[-20,22],[3,82],[-5,73],[-50,259],[-54,80],[-48,29],[4,37],[-24,66],[-128,124],[-28,14],[-50,45],[-131,74],[-34,5],[-180,-50],[-67,-4],[-66,-14],[-98,22],[-121,53],[-47,56],[-45,139],[-6,109],[22,34],[45,38],[24,89],[8,67],[-5,122],[-40,103],[-12,64],[12,91],[45,103],[6,61],[-3,63],[-36,90],[-259,385],[-150,228],[-96,180],[-20,24],[-87,73],[-49,114],[-70,79],[-57,35],[-109,30]],[[42366,29361],[74,128],[85,110],[113,56],[8,-15],[77,44],[56,78],[25,56],[57,-40],[129,-114],[17,-33],[32,-98],[32,-54],[39,-25],[22,9],[21,35],[33,271],[5,21],[202,112],[-17,60],[22,132],[2,64],[41,30],[14,25],[32,213],[5,110],[13,54],[18,116],[31,140],[44,83],[7,35],[47,60],[102,94],[81,58],[-181,322],[-44,75],[-58,70],[-38,35],[-87,58],[27,35],[29,11],[113,-24],[38,-2],[173,38],[-27,137],[-21,190],[30,20],[69,8],[-157,243],[-68,94]],[[52735,17646],[-59,-53],[-30,-38],[-118,-62],[-65,-30],[-26,-3],[-14,26],[10,32],[-18,12],[-83,-63],[-185,-89],[-94,-70],[-32,-33],[-107,-140],[-50,-37],[-62,-68],[-84,-36],[-42,-40],[-209,-52],[-117,-12],[-31,3],[-48,24],[-87,13],[8,83],[-19,19],[-31,-5],[-163,-89],[-62,-66],[-25,-49],[-3,-63],[62,-44],[0,-53],[-59,-29],[-25,14],[-20,59],[-37,19],[-18,-14],[-15,-68],[-22,-1],[-38,47],[-39,9],[-27,-14],[-107,-21],[-56,9],[-20,-14],[44,-99],[77,41],[78,20],[31,-14],[30,-46],[40,-33],[70,-5],[-2,-42],[-67,-68],[40,-43],[-50,-66],[-65,-43],[1,-69],[-43,-65],[-10,-33],[1,-108],[-11,-33],[-37,-59],[-74,-57],[1,-20],[42,-7],[36,-30],[33,51],[24,22],[126,68],[36,9],[19,-17],[14,-111],[55,-61],[-16,-46],[-54,-31],[-49,-75],[-33,-84],[-68,-138],[-66,-56],[-38,-93],[-45,-39],[-227,-47],[-55,-23],[-23,-21],[-54,-14],[-114,23],[-43,-8],[-36,-23],[-16,-58],[-49,-39],[-68,-19],[-42,-36],[-31,-46],[-21,-63],[-31,-43],[-20,-80],[-68,-60],[2,-65],[-36,-90],[-62,-16],[-20,-52],[-4,-91],[-43,-41],[-8,-21],[-1,-92],[9,-12],[67,-25],[15,-50],[-47,-29],[-54,13],[-40,54],[-82,42],[-94,100],[-70,59],[-78,108],[-28,-3],[-67,-117],[-29,-100],[-49,-37],[-9,-32],[18,-20],[65,14],[33,-32],[-6,-35],[-42,-88],[-10,-57],[-1,-82],[-28,-100],[-26,-32],[-44,-19],[-40,-108],[-37,-33],[-60,6],[-20,-13],[-41,-53],[-56,-17],[-23,-21],[-30,-85],[-61,-44],[-6,-84],[-28,-52],[-68,-43],[-74,-18],[-53,16],[-18,-5],[-6,-38],[-73,-114],[-59,-56],[-75,-145],[-48,-71],[-56,-46],[-59,-7],[-44,19],[-9,43],[20,23],[45,27],[-6,30],[-104,35],[-37,-4],[-104,-58],[-32,-27],[-38,-51],[-66,-133],[-49,-66],[-138,-125],[-33,-55],[-15,-82],[9,-88],[-1,-110],[-7,-63],[-18,-43],[-89,-113],[-69,-58],[-33,-36],[-4,-31],[-53,-105],[-71,-63],[-82,-35],[-84,10],[-43,-29],[-120,-127],[-47,-21],[-41,0],[-79,24],[-53,-29],[-69,15],[-47,29],[-60,6],[-58,-18],[-161,4],[-91,-32],[-37,-24],[-37,-49],[-37,-1],[-77,49],[-53,15],[-140,-15],[-39,-23],[-39,-83],[-40,-45],[-68,-28],[-5,-18],[40,-49],[6,-50],[-50,-39],[-15,-92],[20,-9],[61,32],[46,-17],[-9,-51],[-47,-49],[-105,-57],[-81,-9],[-26,-61],[-40,-70],[-41,-34],[-71,-24],[-61,-5],[-45,-34],[-78,1],[-70,-38],[-60,-12],[-33,-26],[-57,-71],[-23,-79],[-71,-22],[3,-30],[37,-38],[-2,-22],[-54,-101],[-58,-46],[-53,1],[-16,-27],[-46,-14],[-57,27],[-139,8],[-15,-6],[-48,-60],[-135,-106],[-56,-58],[-13,-46],[50,-52],[-2,-20],[-34,-37],[-57,-40],[-24,-37],[-45,-18],[-39,5],[-60,29],[-38,-8],[17,-49],[-1,-94],[-12,-67],[-16,-37],[-37,-44],[-84,-45],[-1,-72],[-39,-53],[-54,7],[-16,-11],[-20,-56],[21,-94],[5,-47],[-16,-74],[-20,-20],[-86,0],[-50,-23],[-107,-30],[-31,-26],[-21,-127],[-34,-59],[-52,-75],[-19,-44],[-69,-69],[-34,-17],[-40,-3],[-7,51],[-14,4],[-62,-59],[-85,-70],[-23,-27],[-16,-80],[-35,-49],[2,-139],[-11,-33],[-88,-63],[-63,-26],[-41,7],[-20,25],[-4,51],[18,50],[-15,85],[14,21],[81,63],[-8,29],[-61,-4],[-10,33],[11,40],[-8,52],[-23,23],[-60,18],[-54,30],[-22,-14],[11,-67],[-19,-76],[-24,-42],[-18,-74],[-31,-53],[-22,-75],[-57,-51],[-37,-13],[-98,-6],[-38,-12],[-49,-43],[-32,-63],[-50,-46],[-11,-55],[-27,-32],[-33,-2],[-102,50],[-50,39],[-14,-3],[-61,-53],[-22,-32],[-33,-83],[-34,-34],[-126,-52],[-19,-24],[0,-51],[-29,-26],[-99,-27],[-93,-9],[-24,-59],[-26,-21],[-116,-27],[-100,-7],[-22,-15],[-88,-95],[-40,-34],[-50,-27],[-51,16],[-21,70],[-62,50],[-50,10],[-148,-18],[-283,-101],[-48,-34],[-93,-7],[-40,-16],[-74,-98],[-62,-34],[-85,-17],[-69,4]],[[39123,9474],[35,-11],[88,-45],[36,-6],[36,47]],[[39445,11116],[42,68],[88,93],[48,18],[-34,24],[-266,-63],[4,39],[-39,47]],[[37919,16249],[30,67],[-6,177],[12,100]],[[38368,17171],[104,102],[57,44],[34,36],[28,53],[19,115],[30,139],[16,120],[8,152],[-9,81],[6,49],[11,374]],[[36872,23239],[-18,48],[-93,357],[50,-15]],[[41297,30008],[46,-54],[97,-69],[47,-43],[296,-334],[97,-135],[33,-25],[62,-16],[39,16],[56,59],[27,16],[50,0],[219,-62]],[[11867,15461],[34,8],[58,48],[20,43],[-3,28],[-32,24],[44,21],[49,-22],[29,5],[5,52],[14,28],[57,69],[-24,36],[17,21],[41,0],[61,21],[38,40],[-34,28],[12,49],[-7,40],[19,89],[49,31],[1,30],[19,29],[63,39],[38,11],[38,-7],[81,-68],[102,20],[59,81],[26,11],[6,-46],[32,-15],[28,29],[-2,30],[-23,57],[-10,61],[3,65],[29,52],[3,45],[64,12],[38,-8],[27,9],[-10,55],[-95,114],[-6,58],[35,36],[13,91],[33,33],[-7,21],[-51,30],[-40,52],[-55,103],[-41,13],[-34,30],[-66,24],[5,29],[68,11],[37,42],[-2,33],[-30,36],[-3,36],[-56,45],[-9,38],[31,61],[34,45],[58,51],[25,66],[35,20],[31,-1],[77,-26],[44,-37],[35,1],[41,19],[65,9],[48,-9],[82,-45],[47,-15],[59,23],[41,50],[95,26],[90,43],[128,67],[24,2],[68,-37],[71,6],[46,22],[90,62],[40,12],[65,3],[49,11],[64,43],[40,74],[21,25],[41,25],[48,5],[50,-11],[43,29],[68,1],[50,24],[97,9],[10,30],[-7,37],[0,65],[47,94],[12,55],[46,33],[53,59],[-2,17],[-49,61],[-19,70],[-31,30],[-31,8],[-57,-7],[-88,-27],[-46,14]],[[9869,30908],[41,55],[52,97],[28,115],[15,42],[-7,50],[5,150],[36,80],[18,95],[38,50],[69,50],[30,7],[86,-3],[58,-22],[27,-56],[80,-39],[60,3],[16,11],[4,54],[94,39],[43,65],[5,44],[-26,53],[-12,50],[13,27],[102,61],[60,47],[46,9],[38,-5],[71,26],[20,18],[66,87],[-2,101],[27,131],[73,116],[37,91],[19,18],[58,25],[46,79],[6,29],[32,25],[23,49],[-3,54],[-59,95],[27,49],[42,22],[40,52],[57,30],[-4,50],[88,123],[36,101],[28,50],[14,60],[-1,55],[33,20],[13,56],[34,52],[-7,96],[-54,56],[-12,92],[20,77],[-9,55],[21,58],[31,33],[36,15],[113,23],[66,37]]],"transform":{"scale":[0.000015133857937047547,0.000014103235878057951],"translate":[-47.20838149999997,-24.064250699999942]},"objects":{"sub_s":{"type":"GeometryCollection","geometries":[{"arcs":[[0,1,2,3,4]],"type":"Polygon","properties":{"codigo":"SP-16","nome":"Cidade Ademar","muni_ibge":"3550308"},"id":"SP-16"},{"arcs":[[5,6,7,8,9]],"type":"Polygon","properties":{"codigo":"SP-18","nome":"M Boi Mirim","muni_ibge":"3550308"},"id":"SP-18"},{"arcs":[[10,11,12,13,14,15,16]],"type":"Polygon","properties":{"codigo":"SP-25","nome":"Mooca","muni_ibge":"3550308"},"id":"SP-25"},{"arcs":[[-16,17,18,19,20,21,22,23]],"type":"Polygon","properties":{"codigo":"SP-13","nome":"Ipiranga","muni_ibge":"3550308"},"id":"SP-13"},{"arcs":[[24,25,26,27,28,29,30]],"type":"Polygon","properties":{"codigo":"SP-08","nome":"Lapa","muni_ibge":"3550308"},"id":"SP-08"},{"arcs":[[-4,31,32,-22,33]],"type":"Polygon","properties":{"codigo":"SP-15","nome":"Jabaquara","muni_ibge":"3550308"},"id":"SP-15"},{"arcs":[[34,35,36,37,38]],"type":"Polygon","properties":{"codigo":"SP-28","nome":"Guaianases","muni_ibge":"3550308"},"id":"SP-28"},{"arcs":[[-3,39,-6,40,41,42,-32]],"type":"Polygon","properties":{"codigo":"SP-14","nome":"Santo Amaro","muni_ibge":"3550308"},"id":"SP-14"},{"arcs":[[43,44,45,46,47]],"type":"Polygon","properties":{"codigo":"SP-32","nome":"Sapopemba","muni_ibge":"3550308"},"id":"SP-32"},{"arcs":[[-35,48,49,50,51,52]],"type":"Polygon","properties":{"codigo":"SP-23","nome":"Sao Miguel","muni_ibge":"3550308"},"id":"SP-23"},{"arcs":[[53,54,55,56,57,58,59,60,61,62,63,64,65,66,67]],"type":"Polygon","properties":{"codigo":"SP-06","nome":"Jacana-Tremembe","muni_ibge":"3550308"},"id":"SP-06"},{"arcs":[[-28,68,69,70,71]],"type":"Polygon","properties":{"codigo":"SP-04","nome":"Casa Verde-Limao-Cachoeirinha","muni_ibge":"3550308"},"id":"SP-04"},{"arcs":[[-10,72,73,74,75,-41]],"type":"Polygon","properties":{"codigo":"SP-17","nome":"Campo Limpo","muni_ibge":"3550308"},"id":"SP-17"},{"arcs":[[-36,-53,76,77]],"type":"Polygon","properties":{"codigo":"SP-24","nome":"Itaim Paulista","muni_ibge":"3550308"},"id":"SP-24"},{"arcs":[[-31,78,-76,79,80,81]],"type":"Polygon","properties":{"codigo":"SP-10","nome":"Butanta","muni_ibge":"3550308"},"id":"SP-10"},{"arcs":[[-17,-24,82,83,-29,84]],"type":"Polygon","properties":{"codigo":"SP-09","nome":"Se","muni_ibge":"3550308"},"id":"SP-09"},{"arcs":[[-39,85,86,87,88,89,-49]],"type":"Polygon","properties":{"codigo":"SP-27","nome":"Itaquera","muni_ibge":"3550308"},"id":"SP-27"},{"arcs":[[-45,90,-87,91,92,93,94]],"type":"Polygon","properties":{"codigo":"SP-30","nome":"Sao Mateus","muni_ibge":"3550308"},"id":"SP-30"},{"arcs":[[95,96,97,98,99,100]],"type":"Polygon","properties":{"codigo":"SP-01","nome":"Perus-Anhanguera","muni_ibge":"3550308"},"id":"SP-01"},{"arcs":[[-38,101,102,-92,-86]],"type":"Polygon","properties":{"codigo":"SP-31","nome":"Cidade Tiradentes","muni_ibge":"3550308"},"id":"SP-31"},{"arcs":[[-23,-33,-43,103,-83]],"type":"Polygon","properties":{"codigo":"SP-12","nome":"Vila Mariana","muni_ibge":"3550308"},"id":"SP-12"},{"arcs":[[-15,104,-48,105,106,-18]],"type":"Polygon","properties":{"codigo":"SP-29","nome":"Vila Prudente","muni_ibge":"3550308"},"id":"SP-29"},{"arcs":[[-30,-84,-104,-42,-79]],"type":"Polygon","properties":{"codigo":"SP-11","nome":"Pinheiros","muni_ibge":"3550308"},"id":"SP-11"},{"arcs":[[-8,107,108,109,110,111,112,113,114,115,116,117,118,119,120,121,122,123,124,125]],"type":"Polygon","properties":{"codigo":"SP-20","nome":"Parelheiros","muni_ibge":"3550308"},"id":"SP-20"},{"arcs":[[-26,126,127,128,-101,129,130,131]],"type":"Polygon","properties":{"codigo":"SP-02","nome":"Pirituba-Jaragua","muni_ibge":"3550308"},"id":"SP-02"},{"arcs":[[-27,-132,132,133,-69]],"type":"Polygon","properties":{"codigo":"SP-03","nome":"Freguesia-Brasilandia","muni_ibge":"3550308"},"id":"SP-03"},{"arcs":[[-13,134,135,136,-89,137]],"type":"Polygon","properties":{"codigo":"SP-21","nome":"Penha","muni_ibge":"3550308"},"id":"SP-21"},{"arcs":[[-14,-138,-88,-91,-44,-105]],"type":"Polygon","properties":{"codigo":"SP-26","nome":"Aricanduva-Formosa-Carrao","muni_ibge":"3550308"},"id":"SP-26"},{"arcs":[[-11,-85,-72,138,-68,139]],"type":"Polygon","properties":{"codigo":"SP-05","nome":"Santana-Tucuruvi","muni_ibge":"3550308"},"id":"SP-05"},{"arcs":[[-12,-140,-67,140,-135]],"type":"Polygon","properties":{"codigo":"SP-07","nome":"Vila Maria-Vila Guilherme","muni_ibge":"3550308"},"id":"SP-07"},{"arcs":[[-50,-90,-137,141]],"type":"Polygon","properties":{"codigo":"SP-22","nome":"Ermelino Matarazzo","muni_ibge":"3550308"},"id":"SP-22"},{"arcs":[[-2,142,143,144,145,146,-108,-7,-40]],"type":"Polygon","properties":{"codigo":"SP-19","nome":"Capela Do Socorro","muni_ibge":"3550308"},"id":"SP-19"},{"arcs":[[147,148,149,150]],"type":"Polygon","properties":{"codigo":"3503901","nome":"Arujá","muni_ibge":"3503901"},"id":"3503901"},{"arcs":[[151,152,153,154,155,156]],"type":"Polygon","properties":{"codigo":"3505708","nome":"Barueri","muni_ibge":"3505708"},"id":"3505708"},{"arcs":[[157,158,159,160]],"type":"Polygon","properties":{"codigo":"3506607","nome":"Biritiba Mirim","muni_ibge":"3506607"},"id":"3506607"},{"arcs":[[-134,161,-130,-100,162,163,164,-70]],"type":"Polygon","properties":{"codigo":"3509007","nome":"Caieiras","muni_ibge":"3509007"},"id":"3509007"},{"arcs":[[165,166,167,-163,-99,168]],"type":"Polygon","properties":{"codigo":"3509205","nome":"Cajamar","muni_ibge":"3509205"},"id":"3509205"},{"arcs":[[-156,169,170,171]],"type":"Polygon","properties":{"codigo":"3510609","nome":"Carapicuíba","muni_ibge":"3510609"},"id":"3510609"},{"arcs":[[172,173,174,175,176,177,178,-171,179,-81,180]],"type":"Polygon","properties":{"codigo":"3513009","nome":"Cotia","muni_ibge":"3513009"},"id":"3513009"},{"arcs":[[-5,-34,-21,181,182]],"type":"Polygon","properties":{"codigo":"3513801","nome":"Diadema","muni_ibge":"3513801"},"id":"3513801"},{"arcs":[[-173,183,-74,184]],"type":"Polygon","properties":{"codigo":"3515004","nome":"Embu das Artes","muni_ibge":"3515004"},"id":"3515004"},{"arcs":[[-117,185,186,187,-125,188,-123,189,-121,190,-119,191]],"type":"Polygon","properties":{"codigo":"3515103","nome":"Embu-Guaçu","muni_ibge":"3515103"},"id":"3515103"},{"arcs":[[-78,192,193,194,195,-102,-37]],"type":"Polygon","properties":{"codigo":"3515707","nome":"Ferraz de Vasconcelos","muni_ibge":"3515707"},"id":"3515707"},{"arcs":[[196,197]],"type":"Polygon","properties":{"codigo":"3516309","nome":"Francisco Morato","muni_ibge":"3516309"},"id":"3516309"},{"arcs":[[-164,-168,198,-198,199,200]],"type":"Polygon","properties":{"codigo":"3516408","nome":"Franco da Rocha","muni_ibge":"3516408"},"id":"3516408"},{"arcs":[[-159,201,202,203,204]],"type":"Polygon","properties":{"codigo":"3518305","nome":"Guararema","muni_ibge":"3518305"},"id":"3518305"},{"arcs":[[-142,-136,-141,-66,205,-64,206,-62,207,208,209,210,-148,211,-51]],"type":"Polygon","properties":{"codigo":"3518800","nome":"Guarulhos","muni_ibge":"3518800"},"id":"3518800"},{"arcs":[[-126,-188,212,-174,-185,-73,-9]],"type":"Polygon","properties":{"codigo":"3522208","nome":"Itapecerica da Serra","muni_ibge":"3522208"},"id":"3522208"},{"arcs":[[-152,213,-178,214,215,216]],"type":"Polygon","properties":{"codigo":"3522505","nome":"Itapevi","muni_ibge":"3522505"},"id":"3522505"},{"arcs":[[-52,-212,-151,217,218,219,-77]],"type":"Polygon","properties":{"codigo":"3523107","nome":"Itaquaquecetuba","muni_ibge":"3523107"},"id":"3523107"},{"arcs":[[-157,-172,-179,-214]],"type":"Polygon","properties":{"codigo":"3525003","nome":"Jandira","muni_ibge":"3525003"},"id":"3525003"},{"arcs":[[220,221,-186,-116]],"type":"Polygon","properties":{"codigo":"3526209","nome":"Juquitiba","muni_ibge":"3526209"},"id":"3526209"},{"arcs":[[-71,-165,-201,222,-209,223,-60,224,-58,225,-56,226,-54,-139]],"type":"Polygon","properties":{"codigo":"3528502","nome":"Mairiporã","muni_ibge":"3528502"},"id":"3528502"},{"arcs":[[-46,-95,227,-93,-103,-196,228,229]],"type":"Polygon","properties":{"codigo":"3529401","nome":"Mauá","muni_ibge":"3529401"},"id":"3529401"},{"arcs":[[-150,230,-202,-158,231,232,233,-218]],"type":"Polygon","properties":{"codigo":"3530607","nome":"Mogi das Cruzes","muni_ibge":"3530607"},"id":"3530607"},{"arcs":[[-82,-180,-170,-155,234,-96,-129,235,-127,-25]],"type":"Polygon","properties":{"codigo":"3534401","nome":"Osasco","muni_ibge":"3534401"},"id":"3534401"},{"arcs":[[-166,236,237]],"type":"Polygon","properties":{"codigo":"3539103","nome":"Pirapora do Bom Jesus","muni_ibge":"3539103"},"id":"3539103"},{"arcs":[[-193,-220,238]],"type":"Polygon","properties":{"codigo":"3539806","nome":"Poá","muni_ibge":"3539806"},"id":"3539806"},{"arcs":[[-195,239,240,241,-229]],"type":"Polygon","properties":{"codigo":"3543303","nome":"Ribeirão Pires","muni_ibge":"3543303"},"id":"3543303"},{"arcs":[[-241,242,243]],"type":"Polygon","properties":{"codigo":"3544103","nome":"Rio Grande da Serra","muni_ibge":"3544103"},"id":"3544103"},{"arcs":[[-160,-205,244]],"type":"Polygon","properties":{"codigo":"3545001","nome":"Salesópolis","muni_ibge":"3545001"},"id":"3545001"},{"arcs":[[-149,-211,245,-203,-231]],"type":"Polygon","properties":{"codigo":"3546801","nome":"Santa Isabel","muni_ibge":"3546801"},"id":"3546801"},{"arcs":[[246,-153,-217,247,-237,-169,-98]],"type":"Polygon","properties":{"codigo":"3547304","nome":"Santana de Parnaíba","muni_ibge":"3547304"},"id":"3547304"},{"arcs":[[-242,-244,248,-233,249,250,251,-106,-47,-230]],"type":"Polygon","properties":{"codigo":"3547809","nome":"Santo André","muni_ibge":"3547809"},"id":"3547809"},{"arcs":[[-251,252,-114,253,-112,254,-110,255,-146,256,-144,257,-182,-20,258]],"type":"Polygon","properties":{"codigo":"3548708","nome":"São Bernardo do Campo","muni_ibge":"3548708"},"id":"3548708"},{"arcs":[[-19,-107,-252,-259]],"type":"Polygon","properties":{"codigo":"3548807","nome":"São Caetano do Sul","muni_ibge":"3548807"},"id":"3548807"},{"arcs":[[-175,-213,-187,-222,259]],"type":"Polygon","properties":{"codigo":"3549953","nome":"São Lourenço da Serra","muni_ibge":"3549953"},"id":"3549953"},{"arcs":[[-194,-239,-219,-234,-249,-243,-240]],"type":"Polygon","properties":{"codigo":"3552502","nome":"Suzano","muni_ibge":"3552502"},"id":"3552502"},{"arcs":[[-75,-184,-181,-80]],"type":"Polygon","properties":{"codigo":"3552809","nome":"Taboão da Serra","muni_ibge":"3552809"},"id":"3552809"},{"arcs":[[-177,260,-215]],"type":"Polygon","properties":{"codigo":"3556453","nome":"Vargem Grande Paulista","muni_ibge":"3556453"},"id":"3556453"}]}}}