{"type":"Topology","arcs":[[[18099,17530],[-66,-13],[-105,0],[-66,24],[-17,20],[-83,38],[-22,24]],[[17740,17623],[0,34]],[[17740,17657],[19,16],[59,109]],[[17818,17782],[27,52]],[[17845,17834],[53,-65],[15,-81],[28,34],[43,-94],[32,-9],[83,-89]],[[17845,17834],[43,80],[11,168]],[[17899,18082],[221,-60]],[[18120,18022],[-52,-127],[33,-28],[32,-87],[-2,-86],[17,-54]],[[18148,17640],[30,-79],[-10,-71]],[[18168,17490],[-1,-17],[-57,-26]],[[18110,17447],[-11,83]],[[18110,17447],[0,-1]],[[18110,17446],[-32,-51],[-38,-7]],[[18040,17388],[-163,-10],[-97,16]],[[17780,17394],[26,81],[-11,59],[-55,89]],[[17780,17394],[-141,21],[-76,31],[-19,18],[-20,63]],[[17524,17527],[-17,42]],[[17507,17569],[-54,110]],[[17453,17679],[38,16],[126,-27],[75,8],[48,-19]],[[17453,17679],[-2,127],[9,71]],[[17460,17877],[32,26],[11,64]],[[17503,17967],[126,-71],[189,-114]],[[17503,17967],[177,136],[40,6]],[[17720,18109],[75,-1],[104,-26]],[[17720,18109],[-12,40],[-99,132],[-26,22],[-76,21]],[[17507,18324],[-21,-2]],[[17486,18322],[256,140],[22,-6]],[[17764,18456],[51,-14],[-10,-71],[282,-88],[33,-30],[24,-44]],[[18144,18209],[19,-70]],[[18163,18139],[-43,-117]],[[17486,18322],[-50,-8],[-1,33]],[[17435,18347],[-1,25],[-161,288],[-30,27]],[[17243,18687],[4,30]],[[17247,18717],[366,-44],[247,-11]],[[17860,18662],[-55,-40],[-33,-42],[14,-15],[-22,-109]],[[17860,18662],[141,-8]],[[18001,18654],[154,-11]],[[18155,18643],[-6,-354]],[[18149,18289],[-5,-80]],[[18155,18643],[101,4],[97,16]],[[18353,18663],[32,-4],[81,-38]],[[18466,18621],[-15,-87],[-33,-11],[-12,-36]],[[18406,18487],[-38,-56],[-114,-57],[-12,-48],[-93,-37]],[[18466,18621],[80,-70],[58,-29]],[[18604,18522],[54,-9],[72,10]],[[18730,18523],[28,-115],[13,-13],[-76,-84]],[[18695,18311],[-91,86],[-36,-14],[-17,45],[-101,34],[-44,25]],[[18695,18311],[-41,-45]],[[18654,18266],[-95,-101]],[[18559,18165],[-26,24],[-84,-93],[-89,7]],[[18360,18103],[-107,10],[-90,26]],[[18360,18103],[-2,-64],[41,3],[8,-102],[-55,-49]],[[18352,17891],[-91,81],[-141,50]],[[18559,18165],[125,-116],[22,-73]],[[18706,17976],[-134,-37],[-172,-117]],[[18400,17822],[-48,69]],[[18706,17976],[31,-114],[28,-27],[55,-85]],[[18820,17750],[-100,-31],[-224,-39]],[[18496,17680],[-9,0],[-90,139]],[[18397,17819],[3,3]],[[18148,17640],[22,52],[148,74],[79,53]],[[18496,17680],[142,-224]],[[18638,17456],[-315,26],[-155,8]],[[18638,17456],[72,-129],[135,-298]],[[18845,17029],[-29,2],[-108,-51]],[[18708,16980],[-34,41],[-91,-47],[-6,-32]],[[18577,16942],[-45,71],[-67,13],[-36,-4],[-34,22],[-105,141],[-37,17],[-41,-3]],[[18212,17199],[-40,7],[26,85],[-64,32],[-24,123]],[[18577,16942],[-18,-65],[-48,-36],[-5,-43],[-30,-22],[-12,-36],[-65,-52],[-11,-22],[14,-46]],[[18402,16620],[-36,28],[-195,-6]],[[18171,16642],[30,169]],[[18201,16811],[52,278],[-36,64],[-5,46]],[[18201,16811],[-73,14],[3,26],[-45,35],[36,69],[-67,52],[-12,-4],[-63,79]],[[17980,17082],[-9,100],[11,82]],[[17982,17264],[-5,61],[36,3],[27,60]],[[18171,16642],[-79,-1],[-33,-16],[-113,5],[-12,62],[-27,58],[-49,-3],[-80,25]],[[17778,16772],[15,59],[81,52],[-30,39],[76,58],[0,48],[60,54]],[[17778,16772],[-45,14]],[[17733,16786],[14,184],[109,142]],[[17856,17112],[126,152]],[[17733,16786],[-57,19]],[[17676,16805],[-2,1]],[[17674,16806],[12,195],[-3,67],[16,99]],[[17699,17167],[42,-10],[10,-39],[105,-6]],[[17699,17167],[5,43],[33,69],[43,115]],[[17524,17527],[-6,-30],[26,-234]],[[17544,17263],[-37,-6],[-8,73],[-56,-6],[-16,-79]],[[17427,17245],[-22,1],[-9,92]],[[17396,17338],[-3,50],[-40,5],[-38,89]],[[17315,17482],[60,37],[132,50]],[[17699,17167],[-152,36],[-3,60]],[[17674,16806],[-61,36],[-189,152]],[[17424,16994],[43,74],[-45,40],[5,137]],[[17424,16994],[-150,133]],[[17274,17127],[60,80],[3,87],[59,44]],[[17274,17127],[-66,58]],[[17208,17185],[-101,92]],[[17107,17277],[102,144],[11,5]],[[17220,17426],[95,56]],[[17080,17559],[-27,29]],[[17053,17588],[-8,59],[40,128],[-4,54],[26,40],[9,41]],[[17116,17910],[87,-30]],[[17203,17880],[151,-3]],[[17354,17877],[-43,-133],[-99,-117],[-8,7],[-124,-75]],[[17220,17426],[-13,76],[-41,36],[-49,-28],[-37,49]],[[17354,17877],[106,0]],[[17107,17277],[-120,123],[-34,-26]],[[16953,17374],[-96,14]],[[16857,17388],[53,61],[42,22],[-8,43],[67,10],[42,64]],[[16857,17388],[-142,69],[-143,61]],[[16572,17518],[55,124],[60,17],[78,59]],[[16765,17718],[111,53]],[[16876,17771],[0,-167],[20,-61],[93,75],[64,-30]],[[16876,17771],[59,154],[22,105]],[[16957,18030],[65,-61],[94,-59]],[[17203,17880],[70,267],[13,24],[167,120],[54,33]],[[16957,18030],[78,173],[-2,143],[15,62]],[[17048,18408],[239,-69],[148,8]],[[17048,18408],[24,101],[22,37],[100,115],[49,26]],[[18730,18523],[85,9],[92,-38],[108,-94]],[[19015,18400],[-131,-54],[4,-78],[46,-114]],[[18934,18154],[-58,-20],[-79,10],[-143,122]],[[19015,18400],[34,-30]],[[19049,18370],[56,-43],[52,-23],[78,-3]],[[19235,18301],[190,53]],[[19425,18354],[41,-108],[31,-127]],[[19497,18119],[-226,-54],[-126,-14],[-154,-34]],[[18991,18017],[-57,137]],[[19161,17826],[-6,17],[105,16],[302,68]],[[19562,17927],[66,-283]],[[19628,17644],[-59,-21],[18,-29],[-109,-114]],[[19478,17480],[-146,130],[-133,152],[-38,64]],[[18706,17976],[224,36],[61,5]],[[19497,18119],[21,-87],[32,-56],[12,-49]],[[19161,17826],[-144,-33],[-114,-35],[-83,-8]],[[19478,17480],[-100,-201]],[[19378,17279],[-260,121]],[[19118,17400],[-56,17],[7,70],[-49,6],[-29,34],[-24,-26],[-310,28],[-2,-75],[-17,2]],[[19378,17279],[-80,-169],[121,-117],[100,-7],[39,-37],[0,-111]],[[19558,16838],[-98,-48],[-17,-61],[-56,-97]],[[19387,16632],[-23,215],[3,63],[-34,67],[-209,116],[-45,37],[-100,132],[85,31],[54,107]],[[19387,16632],[-52,-65],[-36,-6],[-42,-31]],[[19257,16530],[-190,14]],[[19067,16544],[-222,485]],[[20302,16579],[-63,5],[-104,-27]],[[20135,16557],[-130,9],[-58,29],[-101,27],[-112,61],[-28,-4],[-25,53],[-54,10],[3,41]],[[19630,16783],[44,5],[2,65],[111,21],[26,-12],[123,-22],[16,20],[-20,37],[-5,195]],[[19927,17092],[73,92],[55,45]],[[20055,17229],[87,-54],[80,-29],[64,-33],[113,-88],[18,-28]],[[20417,16997],[-80,-191]],[[20337,16806],[-10,3],[-25,-230]],[[19378,17279],[122,-57],[107,-7],[56,-24],[64,25],[88,-73],[21,-28],[65,0],[26,-23]],[[19630,16783],[-72,55]],[[19628,17644],[40,-84],[62,-24],[45,-5],[97,16],[71,-49]],[[19943,17498],[-23,-111],[115,-111],[20,-47]],[[18171,16642],[-22,-116]],[[18149,16526],[-91,2],[-49,-32],[-80,-1],[-114,-46]],[[17815,16449],[-124,207],[-28,84]],[[17663,16740],[13,65]],[[18402,16620],[124,-96]],[[18526,16524],[-23,-40],[-80,-36],[-58,-108],[-16,-54]],[[18349,16286],[-73,14],[7,42],[-50,91],[-130,-4]],[[18103,16429],[6,69],[40,28]],[[18349,16286],[-25,-131]],[[18324,16155],[-29,-9],[-74,-82],[-23,-5],[-92,21],[-38,22],[-82,81],[-9,47]],[[17977,16230],[5,31],[34,48],[65,43],[22,77]],[[17977,16230],[-33,-10],[-78,-4]],[[17866,16216],[19,61],[-14,84],[-56,88]],[[18324,16155],[-24,-98],[-71,-141]],[[18229,15916],[-173,-4],[-230,1]],[[17826,15913],[0,256]],[[17826,16169],[40,47]],[[17826,15913],[-195,-4],[-166,13],[-87,23]],[[17378,15945],[10,159],[7,35]],[[17395,16139],[86,-37],[23,27],[89,-31],[54,5],[85,21],[33,-2],[61,47]],[[17395,16139],[29,34],[-13,32],[50,78]],[[17461,16283],[214,83],[140,83]],[[17461,16283],[-7,43],[20,44],[-3,53],[-48,67],[-16,46]],[[17407,16536],[256,204]],[[17407,16536],[-39,43],[11,189],[-69,43],[-27,32]],[[17283,16843],[38,39]],[[17321,16882],[103,112]],[[18229,15916],[-81,-207]],[[18148,15709],[-53,-135],[25,-103]],[[18120,15471],[-60,-28],[-105,-6],[-67,10],[-85,-41],[-15,46]],[[17788,15452],[6,184],[32,128],[0,149]],[[18120,15471],[14,-75],[-22,-122],[-6,-130]],[[18106,15144],[-57,-211],[0,-22]],[[18049,14911],[-128,-21],[-181,16],[-83,-13]],[[17657,14893],[7,85],[-34,82],[28,48],[-19,132],[-33,156]],[[17606,15396],[89,34],[-7,19],[100,3]],[[17657,14893],[-50,-37],[-44,-2],[-33,-39]],[[17530,14815],[-33,46]],[[17497,14861],[-102,32],[-35,61],[-73,170],[-49,73],[-29,20],[-165,84]],[[17044,15301],[96,108]],[[17140,15409],[197,235],[20,48],[10,138]],[[17367,15830],[46,-48],[10,-67],[59,-78],[72,-109],[52,-132]],[[17367,15830],[11,112]],[[17378,15942],[0,3]],[[17395,16139],[-18,61],[-79,-16],[-348,-130]],[[16950,16054],[-14,34],[0,59],[39,340],[8,43],[-29,19]],[[16954,16549],[88,55],[153,150]],[[17195,16754],[88,89]],[[17378,15942],[-45,-51],[-82,-36],[-41,-35],[-236,200],[-24,34]],[[17140,15409],[-494,416]],[[16646,15825],[10,156]],[[16656,15981],[21,79]],[[16677,16060],[215,-26],[58,20]],[[17044,15301],[-69,34],[-107,29],[-114,90],[-29,7],[-89,51],[-66,83]],[[16570,15595],[46,131],[30,99]],[[16677,16060],[15,145],[37,136],[17,47]],[[16746,16388],[16,38]],[[16762,16426],[192,123]],[[16746,16388],[-56,-20],[-62,-44],[-47,-59],[-31,-17],[-236,-71]],[[16314,16177],[-71,-4],[-175,56]],[[16068,16229],[21,103]],[[16089,16332],[54,7],[201,211],[103,-5],[41,6],[173,112],[66,10]],[[16727,16673],[36,-209],[-1,-38]],[[16656,15981],[-73,6],[-18,58],[-64,-18],[-8,25],[-67,-19],[-32,15],[-16,-30],[-53,26]],[[16325,16044],[28,9],[-39,124]],[[16570,15595],[-54,50],[-43,95],[-49,53],[-87,74],[-64,42]],[[16273,15909],[44,100],[8,35]],[[16570,15595],[-44,-148],[-18,-34]],[[16508,15413],[-114,-179]],[[16394,15234],[-128,73],[-67,46],[-107,29]],[[16092,15382],[21,46],[-68,56],[10,76],[54,66],[-29,24],[16,49],[44,51],[-15,37],[118,138],[30,-16]],[[16394,15234],[-156,-250]],[[16238,14984],[-36,21],[-113,1],[-133,67],[-74,93],[-90,26]],[[15792,15192],[7,18]],[[15799,15210],[47,234]],[[15846,15444],[113,-18],[50,-23],[83,-21]],[[15846,15444],[35,178],[103,335]],[[15984,15957],[84,272]],[[17321,16882],[-104,86],[-6,-6],[-113,104]],[[17098,17066],[110,119]],[[17195,16754],[-89,90],[-15,-17],[-80,72],[30,35],[-35,34]],[[17006,16968],[92,98]],[[16727,16673],[-23,49],[-184,234],[-26,24],[59,81],[-40,39]],[[16513,17100],[92,67]],[[16605,17167],[159,-118],[175,-151],[67,70]],[[16953,17374],[-63,-22],[-59,-45]],[[16831,17307],[-166,-98],[-60,-42]],[[16513,17100],[-116,171],[-20,42]],[[16377,17313],[-18,41],[112,122],[47,75]],[[16518,17551],[54,-33]],[[16831,17307],[121,-114],[-34,-35],[32,-29],[63,65],[38,-36],[-23,-25],[70,-67]],[[16513,17100],[-302,-177]],[[16211,16923],[-130,195],[-12,47],[-46,36]],[[16023,17201],[36,73],[82,-117],[236,156]],[[16089,16332],[-8,44],[-39,85],[-71,136],[-53,90]],[[15918,16687],[220,128],[-30,51],[103,57]],[[15918,16687],[-132,135]],[[15786,16822],[-60,111],[-44,134],[-21,48]],[[15661,17115],[186,170]],[[15847,17285],[116,-46],[60,-38]],[[15847,17285],[27,50]],[[15874,17335],[71,136],[34,133],[71,97],[-18,46]],[[16032,17747],[34,-22]],[[16066,17725],[60,-44],[46,-20],[37,3],[62,-30],[50,-38],[123,-5],[74,-40]],[[16697,17849],[-113,81]],[[16584,17930],[28,65],[1,120],[-37,68],[-39,23],[-18,68]],[[16519,18274],[113,-70]],[[16632,18204],[24,-16],[243,-51]],[[16899,18137],[-112,-164],[25,-27],[-21,-37],[-33,23],[-61,-83]],[[16765,17718],[-69,13],[-60,31],[65,36],[39,9],[-43,42]],[[16899,18137],[57,-36],[-15,-34],[16,-37]],[[16518,17551],[10,24],[26,281]],[[16554,17856],[30,74]],[[16066,17725],[51,79],[-24,159],[16,30]],[[16109,17993],[40,-7],[23,40],[186,-125],[23,-58],[140,-24],[33,37]],[[16109,17993],[33,52]],[[16142,18045],[219,340]],[[16361,18385],[36,-31],[122,-80]],[[16032,17747],[-67,66],[-35,21],[-37,57]],[[15893,17891],[-12,96],[8,109],[50,-2],[54,50],[9,45],[46,-23]],[[16048,18166],[30,-20],[-28,-42],[92,-59]],[[16048,18166],[83,128]],[[16131,18294],[63,100],[67,-1],[1,82]],[[16262,18475],[87,-42],[12,-48]],[[16700,18784],[147,-16]],[[16847,18768],[-27,-195],[-107,-130],[11,-12]],[[16724,18431],[-15,1]],[[16709,18432],[-203,16],[-58,18],[-113,57],[-80,28],[-76,4]],[[16179,18555],[-72,146],[-74,126],[-7,41],[-34,60],[-2,68]],[[15990,18996],[130,-28]],[[16120,18968],[177,-35],[68,-34],[88,-69],[50,-19],[197,-27]],[[17048,18408],[-324,23]],[[16847,18768],[400,-51]],[[16632,18204],[83,134],[-57,35],[51,59]],[[16262,18475],[-83,80]],[[15874,17335],[-59,49],[-8,27],[-89,52],[-17,59],[-176,115],[17,75],[26,22],[46,70],[-21,12],[35,70],[2,37]],[[15630,17923],[116,-31],[100,-11],[47,10]],[[15661,17115],[-56,76],[-44,36],[-113,58]],[[15448,17285],[-266,137]],[[15182,17422],[104,197],[140,136],[26,119],[46,-21],[68,103]],[[15566,17956],[42,-7],[22,-26]],[[15182,17422],[-129,64],[-211,112],[-24,16]],[[14818,17614],[-102,95]],[[14716,17709],[148,155]],[[14864,17864],[48,3],[22,68],[45,48],[48,25],[142,-7],[25,28]],[[15194,18029],[25,17],[135,24],[93,-4],[59,-24],[0,-30],[40,-46]],[[15546,17966],[20,-10]],[[15434,18583],[-116,8],[-93,37],[-191,-4]],[[15034,18624],[-43,46],[-30,95]],[[14961,18765],[62,37],[49,42],[75,107]],[[15147,18951],[70,37],[128,-1]],[[15345,18987],[59,-134],[60,-71],[51,-34],[119,-54],[-4,-12]],[[15630,18682],[-69,-15],[-127,-84]],[[16179,18555],[-216,0],[-53,15],[-208,94],[-72,18]],[[15345,18987],[227,-14],[43,3]],[[15615,18976],[269,29],[106,-9]],[[16131,18294],[-45,29],[-308,-3],[-57,-9],[-70,17]],[[15651,18328],[-37,0],[-82,36],[-21,58],[-133,-25]],[[15378,18397],[-2,28],[68,39],[-10,119]],[[15546,17966],[16,18],[29,84],[14,67],[3,134],[43,59]],[[15194,18029],[7,17],[-14,97],[11,38],[-30,101]],[[15168,18282],[-4,52],[-24,43]],[[15140,18377],[58,8],[-1,59],[46,23],[47,-49],[45,-21],[43,0]],[[15140,18377],[-47,168],[-42,55]],[[15051,18600],[-17,24]],[[15168,18282],[-53,36],[-16,46],[-60,18],[-51,-69]],[[14988,18313],[-67,36],[-104,68],[-38,61],[0,60]],[[14779,18538],[13,40],[219,11],[40,11]],[[14864,17864],[-18,96],[-46,48],[-145,171]],[[14655,18179],[113,102],[81,-92],[123,92],[16,32]],[[14716,17709],[-414,387],[-35,58],[-6,57]],[[14261,18211],[64,10],[50,27],[132,112]],[[14507,18360],[28,-42],[120,-139]],[[14507,18360],[107,92],[7,-6],[106,88],[52,4]],[[14261,18211],[-10,96],[-51,55],[-17,41]],[[14183,18403],[48,14],[29,27],[53,119]],[[14313,18563],[26,38],[48,38],[55,19],[101,3],[175,-7],[101,22],[142,89]],[[15438,19719],[-22,-26],[-74,-1],[-21,-20],[-72,-8],[-4,29],[-113,-19],[-43,-18],[-66,-52],[-88,75],[-69,-36],[-49,20],[-85,5],[-122,44]],[[14610,19712],[-62,18],[-85,62],[-59,2],[-62,-40]],[[14342,19754],[-50,21],[-34,-15],[-102,44],[-65,0],[-37,17],[-21,39],[54,58],[39,107],[2,45],[-27,94]],[[14101,20164],[-6,25],[6,118],[41,-9],[50,69],[1,22],[77,34],[65,-5],[-6,-38],[31,-82],[209,186]],[[14569,20484],[67,59],[540,141],[-13,37],[-37,21],[12,72],[37,31],[6,27],[77,38],[9,37],[58,-14],[68,-94],[-2,-20]],[[15391,20819],[-51,-60],[-37,-66],[-17,-74],[37,-66]],[[15323,20553],[28,-109],[50,-84],[6,-52],[30,-18],[-8,-47],[30,-66],[-18,-32],[7,-58],[105,-80],[-36,-105],[0,-56],[-42,-71],[-40,-31],[3,-25]],[[15147,18951],[-18,73],[-209,235],[-33,42],[-101,151],[-66,77],[-84,110],[-26,73]],[[15438,19719],[27,-123]],[[15465,19596],[24,-109],[55,-86],[27,-62],[19,-140],[25,-223]],[[14961,18765],[-24,84],[-34,51],[-70,47],[-93,24],[-453,33],[-70,12],[-68,53],[-68,97],[-12,58]],[[14069,19224],[88,23],[21,55],[1,69],[27,74],[-2,29],[-34,45],[31,87],[52,46],[40,68],[49,34]],[[14069,19224],[-10,148],[-23,51],[-48,21],[-52,3]],[[13936,19447],[-113,-5],[-84,30]],[[13739,19472],[-50,65],[-39,129],[-79,110],[-32,78],[1,44],[27,120],[-16,73],[-50,47]],[[13501,20138],[45,5],[27,-17],[44,-74],[71,23],[24,-49],[42,74],[116,69]],[[13870,20169],[165,-9],[24,-13],[42,17]],[[14313,18563],[-137,-16],[-61,33],[6,93],[-53,19],[-72,8],[-28,26],[5,49],[-12,36],[-43,15],[-29,52],[-46,25],[21,29],[-47,33],[-44,69],[1,24],[81,140],[47,55],[60,3],[21,20],[-7,39],[56,59],[-16,45],[-80,28]],[[13501,20138],[-170,68],[-37,40],[-10,44],[37,97],[-7,49]],[[13314,20436],[55,59],[38,69],[2,235],[96,55],[57,-12],[12,49],[1,87],[88,64]],[[13663,21042],[10,-158],[57,46],[73,8],[28,-10],[70,-73],[87,3],[54,-33],[-38,-55],[-6,-41],[18,-72],[58,-23],[21,-40],[-3,-86],[-66,-45],[-21,-53],[-11,-146],[-124,-95]],[[13663,21042],[30,18],[-12,56],[38,61],[10,37],[-11,44],[1,75],[13,45],[-8,37],[51,86],[41,31],[1,37]],[[13817,21569],[86,-6],[132,19],[213,20],[-32,47],[8,82],[18,55],[62,26],[43,66],[34,19]],[[14381,21897],[-8,-68],[-43,-72],[-28,-136],[-36,-95],[-7,-67],[33,-181],[97,-48],[23,-30],[34,-141],[-14,-129],[11,-49],[36,-49],[67,-43],[26,-51],[-3,-75],[-29,-45],[-54,-40],[83,-94]],[[14381,21897],[11,63],[108,-31],[49,14],[90,5],[143,-43],[30,-24],[44,33],[28,-36],[38,-9],[43,25],[43,-9],[-8,-61],[26,-86],[20,-30],[109,41],[56,83],[24,74],[19,16],[179,18],[51,11],[17,159],[122,-13],[24,-12]],[[15647,22085],[29,-9],[60,12],[15,-54],[-12,-44],[6,-70]],[[15745,21920],[-78,-5],[-21,-38],[-2,-67],[19,-45],[2,-51],[20,-37],[-14,-243],[2,-58],[-18,-18],[-82,45]],[[15573,21403],[-34,-10],[-45,-40]],[[15494,21353],[-93,-47],[-9,-33],[13,-42],[44,-43],[97,-57],[20,-35],[-4,-56],[-23,-105],[-38,-49],[-76,-22],[-34,-45]],[[11870,21866],[29,61],[63,25],[19,64],[-17,24],[-21,84],[-56,58],[1,42],[-66,21],[-48,85],[49,45],[1,37]],[[11824,22412],[527,-235],[217,-127],[352,-198],[50,-46],[32,-111],[50,-318],[2,-55],[-34,-218],[-11,-174],[21,-104],[81,-161],[203,-229]],[[13314,20436],[-63,-5],[-24,40],[-51,-10],[-25,-54],[-49,-14],[-59,13],[-88,89],[-56,28],[-20,25],[-86,-43],[-50,-14],[-17,-66],[10,-49],[-21,-113],[-53,-22],[-23,-28]],[[12639,20213],[-36,32]],[[12603,20245],[14,54],[-30,65],[-132,141],[-16,55],[3,67],[-17,121],[-70,95],[-26,89],[-7,58],[2,85],[-23,44],[9,69],[-12,22],[-52,28],[-10,42],[5,96],[-32,62],[-37,3],[-30,30],[-42,93],[-39,52],[-26,2],[-86,57],[-60,85],[-19,106]],[[11824,22412],[-17,36],[12,55],[50,87]],[[11869,22590],[42,-22],[47,11],[7,37],[85,34],[74,-27],[48,7],[50,35],[55,-27],[63,8],[69,88],[88,12],[-29,50],[80,-19],[16,-38],[68,-76],[-1,-35],[-54,-42],[37,-49],[22,28],[59,-26],[-1,31],[45,55],[56,22],[30,-6],[27,-88],[69,3],[54,-49],[58,-39],[37,35],[48,-3],[23,21],[-8,35]],[[13133,22556],[30,-3],[34,-43],[52,-20],[-2,-62],[28,-20],[48,-85],[40,-17],[27,-52],[33,-33],[-12,-39],[56,-27],[-13,-52],[33,-35],[9,-40],[30,-28],[62,-14],[100,22],[17,-24],[47,-16],[60,-103],[-23,-68],[37,-51],[6,-31],[-30,-48],[27,-64],[-12,-34]],[[13133,22556],[-39,98],[15,25],[52,1],[24,26],[135,-26],[-8,43],[57,29],[37,-13],[55,10],[42,-17],[6,66],[19,72],[-16,17],[11,123],[32,33],[52,-24],[-5,55],[58,27],[45,52],[37,-34],[62,-30],[33,34],[32,-16],[97,3],[43,-25]],[[14009,23085],[26,-9],[9,-52],[37,-9],[41,-33],[57,34],[122,-10],[156,18],[50,-12],[19,14],[85,25],[38,-11],[42,-78],[54,-57],[52,-18],[27,-35],[83,-15],[50,3],[18,-16],[92,-30],[60,-85],[-17,-113]],[[15110,22596],[14,-59],[37,-52],[74,-63],[86,-1],[82,41],[40,-48],[18,-78],[-2,-172],[37,-54],[31,1],[96,-14],[24,-12]],[[15745,21920],[40,-52],[48,-18],[91,4],[42,29],[39,6],[45,-23],[54,-61],[53,-41],[49,15],[15,53],[0,67],[16,29],[-23,57],[22,49],[37,8],[37,42],[49,2],[64,38],[26,34]],[[16449,22158],[21,-76],[49,-75],[6,-46],[32,-26],[7,-38],[32,-29],[54,-94],[59,-20],[6,-59],[32,-30],[97,48],[35,-20],[30,-39],[4,-58],[-22,-36],[-40,-15],[-76,0],[-32,-43],[6,-40],[-43,-105]],[[16706,21357],[-31,21],[-48,-24],[-12,-64],[-43,-28],[-19,46],[-34,6],[-10,-37],[-76,2],[-33,37],[-80,-42],[-40,19],[-25,-15],[3,-36],[-25,-15],[-18,-61],[-54,54],[-30,-26],[-79,5],[-50,48],[-59,5],[-37,53],[-34,3],[-74,-47],[-33,40],[-79,-26],[-37,8],[-38,35],[-38,85]],[[16706,21357],[13,-48],[-9,-32],[-62,-52],[10,-36],[-17,-69],[-31,-61],[-59,-83],[44,-88],[-38,-94],[7,-91],[53,-50]],[[16617,20653],[-37,7],[-39,-20],[-105,-28],[-4,-37],[20,-51],[-32,-56]],[[16420,20468],[-17,32],[-101,46],[-23,30],[-17,61],[-104,44],[-48,0],[-51,76],[-143,49],[-32,22],[-22,39],[-52,-15],[-24,18],[-33,104],[-55,42],[-31,54],[-58,42],[-12,76],[-84,85],[-19,80]],[[16420,20468],[12,-58],[44,-30],[-22,-48],[-51,-56],[-123,-54],[-28,23],[-24,62],[-116,19],[-17,-38],[-50,52],[-101,63],[-51,-4],[-49,-26]],[[15844,20373],[-108,138],[-3,25],[-79,44],[-35,8],[-104,-15],[-78,1],[-29,22],[-85,-43]],[[16617,20653],[27,-131],[38,-57],[26,-59],[5,-43]],[[16713,20363],[-8,-79],[16,-120]],[[16721,20164],[-67,0],[-30,-17],[-52,-60],[-35,-26],[-51,-8],[-54,11],[-47,-4],[-55,-43],[17,-76],[-79,-25],[-60,16],[14,40],[-29,33],[-49,24],[-207,-2]],[[15937,20027],[-34,60],[1,61],[-19,47],[-8,98],[-28,29],[-5,51]],[[15937,20027],[-14,-47],[14,-47],[-6,-57],[-42,-6],[-30,-78],[25,-19],[-34,-69],[11,-13]],[[15861,19691],[-39,-82],[-36,33],[-106,24],[-53,-17],[-43,13],[-40,-32],[-79,-34]],[[16721,20164],[-9,-34],[-60,-38],[-19,-55],[-20,-11],[-1,-53]],[[16612,19973],[-14,-33],[-163,-107],[-152,-178]],[[16283,19655],[-35,-13],[-59,10],[24,84],[-63,1],[-99,55],[-70,-128],[-61,6],[-59,21]],[[16283,19655],[-20,-27],[-17,-67],[30,-161],[-14,-52],[-29,-45],[-69,-155]],[[16164,19148],[-16,-38],[-28,-142]],[[18159,18913],[-125,-4]],[[18034,18909],[25,198],[-6,56]],[[18053,19163],[184,-3],[42,-9]],[[18279,19151],[-16,-19],[-101,-76],[-3,-143]],[[18053,19163],[8,129],[68,-3],[7,46],[104,-4]],[[18240,19331],[211,-13],[27,-32]],[[18478,19286],[-23,-31]],[[18455,19255],[-38,-25],[-94,-20],[-44,-59]],[[18455,19255],[11,-75]],[[18466,19180],[-7,-144],[-19,-31],[-162,-84]],[[18278,18921],[-24,-8],[-95,0]],[[18001,18654],[16,122],[31,15],[4,40],[-25,18],[7,60]],[[18278,18921],[7,-112],[62,-91],[6,-55]],[[17247,18717],[4,27],[49,-4],[76,20],[-23,200],[44,81]],[[17397,19041],[185,42]],[[17582,19083],[26,-42],[56,12],[132,127],[111,12],[71,25],[-2,-50],[77,-4]],[[17582,19083],[62,52],[-65,106],[-25,68]],[[17554,19309],[39,7],[-14,35],[38,19],[50,-25],[62,31],[75,80],[32,12],[42,65],[57,29],[-21,25],[28,41],[46,-37],[153,-2],[32,58]],[[18173,19647],[-13,-71],[53,-43],[38,-100],[-11,-102]],[[17554,19309],[-36,116],[-116,72],[17,36],[-77,92],[-24,54]],[[17318,19679],[114,23],[76,42],[152,11],[90,52],[32,45],[59,26],[94,-1]],[[17935,19877],[42,-43],[121,-101],[12,-63],[63,-23]],[[17935,19877],[56,10],[56,47],[59,34],[54,-3],[77,-64],[10,37],[-4,62]],[[18243,20000],[32,0],[272,-55]],[[18547,19945],[-44,-77],[-54,-48],[130,-86],[68,-18],[-62,-156]],[[18585,19560],[-28,-154],[-79,-120]],[[16700,18784],[20,255],[47,59]],[[16767,19098],[101,143],[26,28],[33,72]],[[16927,19341],[80,102],[15,-57],[20,-4],[152,-146],[-21,-19],[84,-66],[12,-46],[43,-63],[6,-28],[79,27]],[[16927,19341],[-79,62],[-33,167],[22,5],[34,52],[-6,31],[31,54],[-5,50],[28,64],[37,29]],[[16956,19855],[31,43],[25,-7],[56,-49],[120,71]],[[17188,19913],[71,-95],[20,-97],[39,-42]],[[16164,19148],[86,2],[92,-8],[116,18],[122,-3],[74,-11],[-12,-42],[125,-6]],[[16612,19973],[12,-8],[6,-78],[187,24],[44,-15],[50,-34],[45,-7]],[[16713,20363],[60,-9],[34,20],[26,84],[51,18],[26,52],[98,46],[100,-40],[44,-56],[51,15],[41,35],[38,51],[-7,55],[-27,-2],[-14,94],[36,61],[10,65]],[[17280,20852],[79,-54],[33,-38],[10,-62],[27,-38],[6,-53],[-35,-80],[-3,-32],[81,-160]],[[17478,20335],[-81,-18],[-91,-44],[55,-79],[1,-40],[-21,-50],[6,-37],[-15,-61],[-104,-45],[-40,-48]],[[16706,21357],[86,-33],[20,-72],[26,-51],[-62,-104],[12,-18],[-17,-56],[37,-11],[-7,-54],[84,-19],[81,37],[15,38],[49,26],[71,89],[31,-56],[95,-114],[65,-5]],[[17292,20954],[-12,-102]],[[16449,22158],[27,11],[52,-38],[64,-73],[72,-23],[33,23]],[[16697,22058],[29,-4],[77,-62],[14,-30],[73,-95],[73,-33],[70,-46],[34,-4],[-7,-40],[35,-66],[61,-37],[36,10]],[[17192,21651],[49,3],[42,-33],[25,-47],[1,-65],[-34,-77],[-55,-34],[-32,-54],[44,-101],[-34,-49],[9,-54],[51,-13],[20,-61],[-22,-37],[36,-75]],[[17478,20335],[57,14],[36,45],[61,31],[79,11],[129,47],[43,9],[34,-12],[8,-38],[33,-26]],[[17958,20416],[13,-76],[83,-4],[32,-37],[-16,-44],[75,-33],[77,-14],[12,15],[114,-28],[-35,-87],[-70,-108]],[[17292,20954],[25,98],[68,-19],[87,35],[70,10],[73,-78],[57,-15],[21,41],[0,64],[31,49],[32,-10]],[[17756,21129],[-16,-44],[52,-58],[-20,-36],[-6,-73],[35,-87]],[[17801,20831],[49,-68],[13,-62],[16,-15],[70,-13],[28,-29],[19,-54]],[[17996,20590],[17,-74],[-55,-100]],[[17192,21651],[108,61],[37,-12],[91,5],[57,29],[55,5],[29,19],[51,-9],[58,18],[86,-20],[31,10],[24,-30],[29,1]],[[17848,21728],[3,-111],[-10,-36],[18,-53],[30,-31],[-6,-64],[34,-23],[11,-47],[-53,-97],[-59,-40],[-44,-60],[-16,-37]],[[18825,20564],[-35,18],[-21,-17],[-147,-22],[-30,-20],[-26,35],[-47,18],[-53,-10],[-61,-29]],[[18405,20537],[34,98],[18,102],[18,40],[-2,43],[-34,95],[-25,36],[-65,23],[18,44],[-46,10],[24,107],[-18,37],[18,56]],[[18345,21228],[13,50],[53,21],[1,30]],[[18412,21329],[66,-8],[14,21],[55,-13],[66,56],[98,-1],[46,-15],[54,20],[-6,-48],[36,-83],[70,-33],[6,-66],[48,-47]],[[18965,21112],[-16,-35],[5,-69],[-63,-68],[-19,-38],[-30,-102],[11,-80],[-9,-82],[-19,-74]],[[17801,20831],[124,99],[39,55],[11,76],[62,43],[29,54],[32,16],[13,34],[58,13],[59,41],[71,3],[46,-37]],[[18405,20537],[0,-29],[-85,38],[-97,-6],[-72,29],[-91,-39],[-64,60]],[[17848,21728],[78,22],[15,69],[50,14],[76,89],[128,4],[38,27],[3,46],[-14,60],[-45,81],[16,10],[70,-20],[33,-62],[34,21],[42,-1],[45,16],[77,-3],[30,25],[-42,73],[-25,102],[50,37],[51,8],[2,21],[-33,93],[101,197],[52,62],[28,71],[88,43],[23,-13],[37,38],[67,7],[21,51],[0,62],[-68,59],[-2,62],[80,47],[19,28],[70,26],[58,4],[119,96],[43,51],[65,25],[83,57],[22,51],[56,13],[17,46],[-3,57],[44,16],[48,-11],[79,6]],[[19674,23611],[58,-42],[82,-30],[45,7],[28,57],[47,25],[54,76],[36,30],[123,66],[82,104],[66,42],[7,33],[47,37],[42,116],[15,24],[58,38],[45,-17]],[[20509,24177],[32,-35],[34,-3],[40,22],[84,-25],[47,-71],[127,-94],[29,-6]],[[20902,23965],[-35,-74],[-8,-41],[9,-79],[-45,-33],[-1,-25],[-136,-130],[-29,-10],[-29,-36],[-6,-63],[26,-112],[-7,-111],[-28,-26],[10,-34],[-62,-44],[-35,-57],[-38,-42],[-101,-84],[-47,-89],[-103,-111],[-55,-41],[84,-85],[21,-40],[-9,-60],[13,-25],[-15,-48],[15,-27],[-14,-46]],[[20277,22392],[-57,26],[-109,153],[-208,235],[71,3],[27,13],[-1,38],[-48,39],[-98,19],[7,33],[115,34],[-3,25],[-223,35],[23,71],[-10,18],[-97,-27],[-55,-54],[13,-64],[32,-56],[4,-68],[-43,-59],[-2,-81],[35,-70],[-11,-32],[-58,-16],[-53,17],[-76,-61],[-99,3],[-27,-97],[-28,-46],[-55,-52],[-33,-8],[-33,-54],[-19,-65],[-62,-42],[-43,-200],[-12,-18],[-77,7],[-74,-7],[-54,-23],[-13,-74],[34,-59],[-47,-34],[-49,-13],[-31,-45],[-43,-11],[-61,12],[35,-80],[-22,-28],[-72,-9],[-96,-42],[-60,-70],[-14,-76],[15,-52],[0,-51]],[[20277,22392],[-36,-44]],[[20241,22348],[-48,15],[-51,-42],[-28,2],[-57,-41],[-49,-60],[-30,0],[-46,-140],[34,-31],[5,-132],[24,-25],[-20,-28],[26,-64],[-47,-100]],[[19954,21702],[-60,38],[-59,-1],[57,-122],[22,-70],[17,-116],[-25,0],[-78,-70]],[[19828,21361],[-66,48],[-47,-1],[-71,-67],[-72,45],[-65,17],[-159,-3],[-19,-11],[-40,-100],[-101,83],[-75,-69],[-16,-52],[-35,-51],[-97,-88]],[[19828,21361],[-23,-24],[-33,-72],[-24,-23],[-36,-169],[-57,26],[-84,-30],[-7,-44],[-87,-97],[-20,-10],[-54,-81],[-49,-34],[136,-30]],[[19490,20773],[-84,-47],[-111,-186],[-76,16],[-95,-85],[-27,2],[-26,-30]],[[19071,20443],[-83,48],[-50,13],[-25,35],[-53,3],[-35,22]],[[18547,19945],[36,30],[-9,35],[32,69]],[[18606,20079],[104,-97],[161,-58],[46,44],[31,-25],[144,11],[148,-32]],[[19240,19922],[-31,-27],[-46,-74],[-33,-83],[-36,-67],[-98,-58],[-21,-28]],[[18975,19585],[-15,7],[-230,-53],[-122,23],[-23,-2]],[[18825,20564],[-14,-71],[12,-25],[-21,-111],[-54,-57],[-52,-70],[-30,-67],[-60,-84]],[[19071,20443],[74,-50],[41,-13],[52,19],[33,-61],[132,-137],[18,-65],[-9,-38],[43,-37]],[[19455,20061],[-135,-92],[-80,-47]],[[19954,21702],[-2,-27],[-43,-65],[31,-16],[82,-126],[-8,-152],[-28,-26]],[[19986,21290],[-25,-44],[7,-70],[17,-13],[-64,-97],[-26,-71],[27,-26],[-33,-52],[-30,-20],[11,-66],[-22,-42],[10,-65]],[[19858,20724],[3,-10]],[[19861,20714],[-51,-19],[-11,37],[-49,-12],[-113,-11],[-77,53],[-70,11]],[[19861,20714],[45,-71],[14,-61],[26,-55],[39,-27],[24,-65],[5,-51],[52,-32],[50,-69],[39,-77]],[[20155,20206],[-26,10],[-56,54],[-98,55],[-142,-76]],[[19833,20249],[-56,-2],[-27,-19],[-50,2],[-62,-24],[-48,-5],[-76,-62],[-59,-78]],[[20155,20206],[27,-54],[-13,-13],[4,-74],[-15,-42],[12,-37]],[[20170,19986],[-19,-129],[13,-35],[1,-69]],[[20165,19753],[-105,73],[-227,423]],[[19455,20061],[44,-38],[127,-240],[81,-98],[-25,-26],[64,-65],[-84,-122]],[[19662,19472],[-75,15],[-108,8],[-56,-12],[-92,-94],[-21,-32],[-50,-10],[-71,-47],[-31,13]],[[19158,19313],[-73,56],[-43,4],[-3,48],[-40,25],[17,114],[-41,25]],[[20165,19753],[39,-72],[1,-93],[-10,-62],[-35,-35],[-4,-80],[-19,-82]],[[20137,19329],[-180,-146]],[[19957,19183],[-42,12],[-47,42],[-1,31],[-112,116],[-93,88]],[[19957,19183],[-41,-37],[-364,-417]],[[19552,18729],[-12,68],[-259,184],[-37,15],[-72,55],[-32,-16],[-52,44],[-33,11]],[[19055,19090],[-12,19],[28,69],[70,51],[17,84]],[[19235,18301],[4,24],[205,277],[108,127]],[[20137,19329],[84,-149],[8,-90],[11,-19],[107,-80]],[[20347,18991],[-25,-107],[-2,-63],[27,-136],[-12,-63],[-43,-60],[-26,-18]],[[20266,18544],[-56,-16],[-103,0],[-76,-23],[-111,-62],[-53,-16]],[[19867,18427],[-139,4],[-53,-7],[-250,-70]],[[19049,18370],[66,96],[-32,44],[-4,73],[22,34],[2,159]],[[19103,18776],[4,216],[-15,46],[-37,52]],[[19103,18776],[-244,82],[14,26],[-114,56]],[[18759,18940],[-127,53],[-80,39],[28,50],[2,70],[-116,28]],[[18604,18522],[22,100],[44,105],[59,125],[30,88]],[[20039,17527],[-14,61],[-40,-8],[-68,301],[-29,119]],[[19888,18000],[6,1]],[[19894,18001],[376,83],[7,-16]],[[20277,18068],[42,-176],[38,-117],[62,-242],[-6,-89]],[[20413,17444],[-2,-24],[-147,35],[-94,58],[-131,14]],[[19562,17927],[95,26],[231,47]],[[20039,17527],[-41,-3],[-55,-26]],[[19867,18427],[79,-283],[-57,-31],[5,-112]],[[20266,18544],[151,-222],[34,-63],[89,-48],[47,-58]],[[20587,18153],[2,-7]],[[20589,18146],[-178,-41],[-48,-19],[-86,-18]],[[20347,18991],[32,46],[101,48]],[[20480,19085],[17,-80],[114,5]],[[20611,19010],[47,-106],[-8,-60],[99,12]],[[20749,18856],[34,-49],[37,13],[28,-38],[12,-58],[-29,-6],[15,-76],[-30,-6],[12,-66],[-17,-13],[37,-249],[0,-40],[-63,-10],[9,-54]],[[20794,18204],[-207,-51]],[[20749,18856],[55,16],[155,-39],[102,16],[129,3],[117,43],[49,2],[78,-42]],[[21434,18855],[38,-23]],[[21472,18832],[-31,-46],[-52,-33],[15,-27],[-59,-160],[-21,4],[-41,-116],[-33,-7],[9,-60],[-24,-71],[7,-64]],[[21242,18252],[-83,2],[-76,13],[-289,-63]],[[21472,18832],[132,-75],[105,-70],[56,1],[30,-22],[66,-19],[175,-5],[67,14],[152,-43]],[[22255,18613],[20,-37],[82,-76],[69,-89]],[[22426,18411],[38,-81],[-122,-135],[-33,-49]],[[22309,18146],[-57,12],[-157,115]],[[22095,18273],[-162,112],[-48,24],[-52,7],[-182,-34],[-171,-89]],[[21480,18293],[-31,-11],[-207,-30]],[[22276,19120],[-43,-6],[-46,-24],[-84,-3],[-44,-41],[-76,13],[-50,-10],[-55,-26],[-57,-2],[-247,-89],[-102,-68]],[[21472,18864],[-32,70],[-13,69],[-9,114],[13,43],[73,14],[-41,114],[6,48],[-50,-19],[-34,53]],[[21385,19370],[225,93],[139,20],[23,11],[97,102],[54,142]],[[21923,19738],[24,-29],[75,-20],[122,-74],[10,-86],[25,-61],[103,-109],[11,-144],[-17,-95]],[[20611,19010],[66,5],[33,14],[110,114],[295,190],[56,15],[150,-1],[64,23]],[[21472,18864],[-38,-9]],[[20480,19085],[113,25],[66,30],[32,30],[179,195],[68,87],[259,231],[107,135],[96,64]],[[21400,19882],[326,159],[325,122],[70,-6]],[[22121,20157],[-20,-34]],[[22101,20123],[-34,-57]],[[22067,20066],[-133,-188],[40,-55]],[[21974,19823],[-31,-30],[-20,-55]],[[22067,20066],[131,-179],[-21,-38],[-44,-10],[-125,-3],[-34,-13]],[[22121,20157],[58,-20],[319,-10]],[[22498,20127],[267,-11],[146,-48],[145,-74]],[[23056,19994],[-4,-17]],[[23052,19977],[-184,-18],[-113,-74]],[[22755,19885],[-11,78],[-33,9],[-167,8],[-105,-51],[-91,48],[-25,54],[-32,21],[-44,-11],[-101,44],[-45,38]],[[22755,19885],[24,-132],[-29,-58],[12,-81],[-53,-21],[-109,-60],[-91,-126],[-13,-31],[-34,-227],[-4,-52]],[[22458,19097],[-64,-7],[-76,29],[-42,1]],[[23052,19977],[-20,-85],[36,-33],[42,-109],[-61,-35],[3,-43],[-18,-97],[62,-85],[20,-107],[-42,-26],[-61,-62],[-22,-49],[-76,-65],[-124,-63]],[[22791,19118],[-54,-20],[-73,8],[-138,-3]],[[22526,19103],[-68,-6]],[[22526,19103],[-5,-50],[35,-15],[-15,-48],[-37,14],[-32,-103],[-2,-58],[-60,-6],[-18,-42],[-51,-69],[-4,-43],[-52,-72],[-30,2]],[[22791,19118],[35,-179],[21,-153]],[[22847,18786],[44,-241]],[[22891,18545],[-186,-73],[-42,-4],[-52,26],[-66,-34],[-59,11],[-41,-63],[-19,3]],[[23056,19994],[90,-27],[128,-20],[83,-1]],[[23357,19946],[93,11]],[[23450,19957],[28,-25],[86,-282],[-4,-34],[-47,-47],[-54,-157]],[[23459,19412],[-73,-67],[-2,-26],[31,-150],[72,-47],[4,-22],[-37,-35],[-6,-37],[21,-113],[46,-73]],[[23515,18842],[-268,-7],[-133,-27],[-48,-84],[-45,-28],[-110,20],[-31,60],[-33,10]],[[23459,19412],[65,18],[53,47],[38,-76],[55,20],[56,-6],[16,-34],[-11,-82],[6,-28],[41,-49],[24,-83],[59,-116],[19,-65]],[[23880,18958],[-4,-50]],[[23876,18908],[-257,-24],[-104,-42]],[[23831,17793],[-25,111],[-60,-10],[-92,87],[-5,30],[-78,93],[-26,47]],[[23545,18151],[40,38]],[[23585,18189],[144,119],[30,39],[87,134]],[[23846,18481],[70,29],[114,-25],[29,0],[108,36],[20,-1],[45,-45]],[[24232,18475],[97,-243]],[[24329,18232],[-96,-25],[-49,-38],[-70,-26],[-49,-43],[-37,-66],[-13,-46],[15,-82],[-84,-34],[-115,-79]],[[23831,17793],[18,-89],[4,-186],[-7,-81]],[[23846,17437],[-15,-2]],[[23831,17435],[-184,11],[-119,73]],[[23528,17519],[-148,90],[-75,32],[-26,-8]],[[23279,17633],[-6,71],[-78,-37],[-187,-28],[-47,68],[-140,0]],[[22821,17707],[52,142],[82,123],[-3,31]],[[22952,18003],[45,20],[105,-10],[51,-41],[49,-6],[84,35],[89,-10],[30,8],[88,72],[52,80]],[[23515,18842],[6,-41],[-18,-57],[7,-58],[-20,-67],[-9,-73],[-43,-53],[-16,-36],[44,-112],[55,-65],[64,-91]],[[22952,18003],[-34,23],[-20,42],[10,47],[27,48],[11,93],[-45,252],[-10,37]],[[23876,18908],[4,-98],[-14,-137],[25,-57],[-5,-46],[-37,-24],[-26,-54],[23,-11]],[[23880,18958],[65,7],[13,-22],[54,40],[52,17]],[[24064,19000],[44,-36],[104,-32],[44,51]],[[24256,18983],[23,-42],[20,-67],[9,-110],[-22,-32],[14,-41],[-12,-89],[7,-58]],[[24295,18544],[-23,4],[-19,-54],[-21,-19]],[[23450,19957],[382,61]],[[23832,20018],[-15,-42],[20,-33],[-30,-51],[4,-43],[-32,-79],[47,-19],[-7,-77],[18,-40],[87,-145],[-8,-88],[67,-11],[31,-308],[50,-82]],[[23832,20018],[155,35]],[[23987,20053],[18,-27],[-14,-78],[64,-23],[65,-61],[15,-78],[-34,-82],[-4,-15],[20,-26]],[[24117,19663],[194,-81],[29,-81],[32,-131],[-19,-80],[-29,-60],[0,-40],[-84,-107],[16,-100]],[[23987,20053],[118,32],[34,24],[-49,58],[29,23],[68,-24],[13,-30],[56,-19],[-3,55],[45,4],[-6,75],[19,26],[92,41],[79,-27],[88,-8],[22,-22],[62,-22],[12,54],[58,3],[24,-49],[49,25],[-31,35],[91,69],[54,0],[6,-34],[73,-22],[-9,-43],[-47,-23],[6,-37],[61,9],[-16,-66],[55,-23],[11,32],[52,-52],[-38,-30],[51,-55],[-4,-21],[-61,-17],[-15,-68],[18,-71],[47,-2],[36,28],[48,-52]],[[25185,19829],[-8,-51],[-76,-92],[-31,-83],[1,-31]],[[25071,19572],[-177,14],[-777,77]],[[25185,19829],[29,26],[33,88],[31,13],[47,-45],[25,4],[57,61],[82,59],[32,-3],[50,-44],[37,-8],[29,19],[37,69],[-1,36],[-22,64],[21,33],[-5,43]],[[25667,20244],[56,-31],[33,0],[11,30],[-29,21],[51,50],[30,-18],[19,-87],[40,-75],[44,-46],[4,-82]],[[25926,20006],[-97,-41],[-248,-141],[-58,-54],[-115,-132]],[[25408,19638],[-30,-28],[-51,-18],[-253,-20]],[[25074,19572],[-3,0]],[[25074,19572],[-38,-93],[-21,-81],[1,-30],[31,-84],[29,-41],[74,-219],[57,-50]],[[25207,18974],[2,-54],[-17,-49]],[[25192,18871],[-27,-19],[-43,-1],[-101,20],[-25,-17],[-94,18],[-35,164],[-131,41],[-79,42],[-38,-77],[-38,-36],[-39,50],[-51,-4],[-86,32],[-59,9],[2,-45],[-17,-31],[-75,-34]],[[25192,18871],[16,-65],[60,-59],[27,-53],[8,-58],[39,-107]],[[25342,18529],[8,-21],[-158,-86],[-92,-30],[-51,5],[-102,58],[-42,41],[-74,47],[-150,24]],[[24681,18567],[1,38],[-32,80],[-82,-45],[-135,66],[-90,1],[-34,-44],[-5,-108],[-9,-11]],[[24681,18567],[-1,-42],[19,-99],[17,-32],[43,-27],[17,-49],[-8,-52],[-29,-23],[-11,-71],[15,-41],[-19,-46],[29,-11],[19,-59],[-46,-36],[22,-47]],[[24748,17932],[-114,24],[-41,16],[-52,61]],[[24541,18033],[-59,60],[-117,89],[-36,50]],[[25342,18529],[38,15],[-15,54],[11,34],[34,12],[114,-1],[40,10],[21,27],[35,-24],[61,-8]],[[25681,18648],[22,-59],[48,-4],[-67,-86],[-56,-27],[-44,-35],[-28,-49],[-54,-45],[-88,30],[-12,-42],[38,-50],[16,-47],[5,-119],[32,-92],[31,-35],[76,-53],[47,-112],[-3,-35],[-101,-66],[-57,-16],[-75,8],[6,-62],[67,-57]],[[25484,17595],[-1,-2]],[[25483,17593],[-81,55],[-85,96],[-99,62],[-370,104],[-100,22]],[[25207,18974],[52,22],[81,1],[-11,29],[89,19],[22,-65],[33,-38],[67,-1],[48,28],[92,112]],[[25680,19081],[73,-33],[23,38],[67,79],[-60,65],[-27,49],[33,19],[19,-32],[61,53],[78,-18],[45,0],[113,29],[123,43],[-35,42],[25,55]],[[26218,19470],[66,-83],[20,-53],[36,-49],[10,-72],[-23,-135],[0,-98]],[[26327,18980],[-19,-6],[-121,29],[-71,-9],[-83,-54],[37,-43],[-15,-46],[-46,8],[-63,-27],[-57,-2],[-73,-61],[-23,-46],[-42,-32],[-42,-51],[-28,8]],[[25408,19638],[21,-54],[-10,-52],[31,-49],[113,-249],[117,-153]],[[25926,20006],[41,-95],[88,-132],[32,-60],[50,-65],[65,-109],[16,-75]],[[20589,18146],[51,-102],[75,-43],[159,-65],[110,-4],[24,-14]],[[21008,17918],[-58,-52],[72,-33],[-76,-160],[-39,19],[-16,-33],[-33,15],[-73,-156],[-40,-14],[-42,8],[-22,-48]],[[20681,17464],[-117,-30],[-7,32],[-42,8],[-64,-61],[-38,31]],[[21008,17918],[56,-40],[100,-48],[151,-136],[67,-75],[146,-89],[47,-66]],[[21575,17464],[-36,-42],[-75,-49],[-60,-187],[-49,-57],[-50,-33],[-32,-35],[-29,-63],[-55,-52]],[[21189,16946],[-53,56],[-40,83],[42,91],[-139,77],[-71,-42],[-29,24],[-63,0]],[[20836,17235],[-14,50],[-68,-26],[-73,205]],[[20836,17235],[-22,-54],[-41,-38],[-23,9],[-26,-53],[-26,-23],[15,-46],[-19,-70],[-55,-21],[-102,-16],[-94,49],[-26,25]],[[21189,16946],[-54,-28],[-38,-55],[11,-35],[65,-29],[45,-47],[67,-20],[56,-31],[-5,-59],[-97,-171]],[[21239,16471],[-105,31],[-66,-27],[-28,5]],[[21040,16480],[-48,58],[-37,15],[-108,85],[-243,62],[-77,41],[-190,65]],[[21189,16946],[80,-32],[-13,-62],[37,-28],[30,31],[47,-5],[4,-42],[110,-46],[160,-44],[87,-75],[63,-11],[212,98],[57,-112]],[[22063,16618],[-28,-22],[-22,-55],[-29,-35],[-9,-88],[-66,-133]],[[21909,16285],[-90,25],[-83,68],[-38,16],[-76,-17],[-28,6],[-58,43]],[[21536,16426],[-74,35],[-184,-19],[-39,29]],[[21575,17464],[52,-74],[140,-147],[24,-16]],[[21791,17227],[70,-72],[37,-77],[52,-52],[34,-56],[10,-111],[51,-86]],[[22045,16773],[27,-125],[-9,-30]],[[21480,18293],[20,-123],[61,-77],[-11,-15],[295,-232],[166,-94],[51,-15]],[[22062,17737],[-20,-73]],[[22042,17664],[-91,19],[-47,-8],[-53,-39],[-76,-5],[-75,-68],[-43,-63],[-82,-36]],[[22095,18273],[-29,-28],[123,-164],[38,-94],[89,-111],[-112,24],[-69,-37],[-61,-84],[-12,-42]],[[22952,18003],[-82,-86],[-26,-8],[-178,28],[-29,13],[-65,60],[-43,102],[-56,30],[-65,-6],[-99,10]],[[22821,17707],[-64,-167],[-52,-25],[-29,11],[-57,-38]],[[22619,17488],[-101,23],[-138,14],[-45,16],[-140,94],[-48,16],[-52,-1],[-53,14]],[[22619,17488],[58,9],[-7,-78],[22,5],[-17,-126],[-21,-15]],[[22654,17283],[-231,78],[-4,-21],[-78,-31],[32,-45],[-34,-45],[-4,-51],[-95,-33],[-48,32],[12,37],[-53,13],[-59,77],[-106,-6],[-17,28],[-72,-26],[-27,29],[-17,-76],[-34,26],[-28,-42]],[[23279,17633],[-59,-155],[-30,-16],[-12,-54],[-67,-11],[-66,-81],[-78,-35],[-41,6],[1,-174],[-9,-65],[-42,-38],[-86,-19],[-27,-19],[-71,34]],[[22692,17006],[-22,41],[5,48],[25,25],[-46,163]],[[22692,17006],[-82,-123],[-12,-113],[-58,-68],[-30,-82]],[[22510,16620],[-40,-19],[-60,-51]],[[22410,16550],[-72,90],[-39,20],[-128,16],[-93,52],[-33,45]],[[23528,17519],[-78,-123],[8,-49],[-85,11],[-7,-51],[92,-129],[14,-40],[-33,-106],[-32,-60]],[[23407,16972],[-38,15],[-98,86],[-138,49],[-31,-137],[-45,-51],[-108,-44],[-90,-81],[-82,-40],[-58,-99],[-32,-21],[-99,-7],[-78,-22]],[[23831,17435],[-18,-57],[11,-69],[-23,-233],[-23,-75],[71,-167],[64,-120],[45,-166],[0,-50],[-36,-55]],[[23922,16443],[-23,20],[-79,-78],[18,-15],[1,-50],[-71,-3],[2,41],[-42,22],[-15,65],[20,38],[-102,0],[-30,34],[-112,46],[28,37],[-33,34],[-56,15],[-24,24],[45,76],[-17,165],[-25,58]],[[23922,16443],[19,-105],[-59,-127]],[[23882,16211],[-59,-18],[-69,-5],[-33,26],[-85,-32],[-78,-17],[-65,-27],[-79,-80],[-42,-24],[-30,70]],[[23342,16104],[-40,59],[-53,-25],[-37,36],[-59,32],[-73,22],[-187,16],[-94,21],[-82,44],[-65,81],[-104,3],[-54,36],[-90,115],[6,6]],[[23846,17437],[88,18],[107,3],[79,-21],[21,10],[35,-44],[60,7],[103,28],[28,31],[115,72]],[[24482,17541],[-29,-39],[13,-57],[-46,-152],[88,-89],[62,-18],[85,-4]],[[24655,17182],[-27,-57],[-27,-31],[-32,-124],[-31,-47],[5,-36],[37,-47],[41,-33],[94,-39],[51,-53],[17,-41],[-8,-68],[22,-14],[13,-115],[-3,-92],[-44,-55],[-16,-57],[-32,-51]],[[24715,16222],[-64,23],[-86,-45],[-46,-8],[-62,6],[-38,-24],[-91,-31],[-21,30],[-42,-20],[-59,28]],[[24206,16181],[-42,-6],[-28,25],[-33,-26],[-30,3],[-80,79],[-61,-12],[-3,-45],[-47,12]],[[24541,18033],[-66,-108],[-9,-74],[-22,-42],[-5,-80],[43,-145],[0,-43]],[[25483,17593],[20,-68]],[[25503,17525],[-80,82],[-10,-22],[-56,-32],[-47,23],[-38,2],[-49,-49],[-66,12],[-85,44],[-20,-43],[-36,-10],[-46,-49],[-57,-19],[33,-41],[-15,-46],[-61,-32],[-83,-10],[-30,19],[-67,-23],[-19,-40],[18,-52]],[[24689,17239],[-34,-57]],[[25503,17525],[-8,-41],[9,-53],[31,-26],[29,-67],[30,-5],[77,-54],[77,-16],[31,-24],[57,0],[42,23],[36,-1]],[[25914,17261],[-15,-83],[-60,-39],[-10,-81],[-31,-19],[-7,-44]],[[25791,16995],[-72,-48],[-78,-7],[-73,31],[-72,-22],[-44,28],[-66,7],[-2,17],[-60,29],[-109,72],[-86,93],[-38,21],[-142,48],[-21,-2],[-85,-47],[-40,17],[-90,-5],[-24,12]],[[25450,15555],[-26,-62],[-67,-60]],[[25357,15433],[22,72],[-19,48],[-45,57],[-103,87],[-72,50],[-38,65],[-41,11],[-123,66],[-55,13],[-29,36],[-59,149],[12,41],[-92,94]],[[25791,16995],[3,-48],[65,-45],[30,-37],[43,-3],[24,-42],[-47,-59],[-70,-4],[-57,-32],[10,-59],[78,-55],[21,-54],[26,-21],[1,-65],[75,-79],[2,-48],[-44,3],[-21,25],[-37,-1],[-70,-117],[-5,-74],[-42,-71],[37,-62],[-5,-53],[-38,-37],[-53,-14],[-36,8],[-56,-16],[-61,-60],[-51,37],[-59,-1],[-88,-63],[-75,-64],[25,-29],[5,-47],[82,-44],[16,-67],[31,-42]],[[25357,15433],[-8,-91],[-60,-54],[-33,-57],[-57,-53],[-71,13],[-54,-24],[-35,-95],[25,-40],[-1,-38],[26,-36],[-10,-61],[-23,-32],[-102,-57],[-40,-42],[-52,-17],[-27,-109],[-51,-47],[-67,-27],[-47,13]],[[24670,14579],[-34,-19],[-10,-71],[-67,-47],[-32,41],[-3,103],[-103,120],[-71,31]],[[24350,14737],[-6,39],[13,55],[-5,91],[23,81],[-9,39],[-46,81]],[[24320,15123],[13,61],[3,70],[93,-5],[57,48],[65,21],[25,57],[-12,95],[-51,169],[-7,89],[-16,40],[-98,54],[-100,117],[31,76],[-37,10],[-15,42],[-42,54],[-23,60]],[[24320,15123],[-43,48],[-61,24],[-129,86]],[[24087,15281],[-22,31],[-90,70],[-105,23],[-28,-8],[-79,56],[-55,86],[-71,46],[-74,32]],[[23563,15617],[-55,139],[-23,1],[-26,51],[11,59],[-34,47],[-19,62],[-83,51]],[[23334,16027],[-18,49],[26,28]],[[24350,14737],[-46,-36],[-23,-51],[34,-45],[-24,-36],[-79,-35],[-65,24],[-66,-24],[-64,1],[-77,-61],[-74,3],[-25,-13],[-156,54],[-42,4],[-57,49],[-83,-17],[-18,-14],[-67,17],[-50,46],[-30,2],[-49,30]],[[23289,14635],[19,40],[14,103],[14,22],[16,121],[-22,142],[42,30],[10,61],[-24,63],[-21,16],[23,54],[25,1],[26,-45],[36,6],[50,39],[42,1],[67,-39],[35,-7],[95,-51],[102,4],[49,-25],[33,31],[1,32],[41,5],[56,60],[69,-18]],[[23289,14635],[-55,17],[-67,-16],[-109,6]],[[23058,14642],[-44,-6],[-36,45],[-3,39],[-58,88],[1,94],[-38,42],[-19,72],[5,48],[-67,22],[-75,46]],[[22724,15132],[41,22],[53,63],[12,86],[51,93],[26,112]],[[22907,15508],[32,9],[118,-60],[89,-7],[64,-34],[30,-30],[85,-5],[91,52],[27,25],[59,18],[61,141]],[[18762,16185],[-30,286]],[[18732,16471],[219,21]],[[18951,16492],[44,18],[1,-56],[35,-63],[3,-96],[14,-121]],[[19048,16174],[-182,-20],[-4,41],[-100,-10]],[[19048,16174],[12,-109]],[[19060,16065],[8,-75],[-12,-80],[-29,-45]],[[19027,15865],[-40,-57]],[[18987,15808],[-56,6],[-74,63],[-34,62],[-43,120]],[[18780,16059],[-18,126]],[[18987,15808],[-3,-11]],[[18984,15797],[-28,-14],[-64,-3],[-76,-87],[-21,-44],[-44,-137],[1,-16]],[[18752,15496],[-35,37],[-2,44],[-50,21],[-84,5],[-39,39]],[[18542,15642],[-33,199],[-36,92],[10,51],[-14,41]],[[18469,16025],[108,14],[203,20]],[[18526,16524],[61,-36],[5,-32],[140,15]],[[18469,16025],[-38,37],[-23,-2],[-58,51],[-26,44]],[[18708,16980],[7,-14],[12,-157],[-47,-124],[3,-44],[64,1],[-5,48],[141,14],[68,-212]],[[19067,16544],[56,-123],[65,-99],[104,-130]],[[19292,16192],[-147,-117],[-85,-10]],[[19292,16192],[318,-401]],[[19610,15791],[22,-55],[-15,-66],[-3,-29],[-23,-154]],[[19591,15487],[4,29],[-72,28],[-195,38],[-35,23],[-220,190],[-46,70]],[[18984,15797],[8,-39],[42,-77],[36,-29],[66,-114],[27,-58],[80,-266],[8,-54],[22,-45],[-7,-116],[-137,-49],[-23,-77]],[[19106,14873],[-18,63],[-131,231],[-129,-81],[-189,-30]],[[18639,15056],[-15,-2]],[[18624,15054],[-11,85],[8,46],[131,311]],[[19591,15487],[-72,-471],[51,-55],[6,-22],[-21,-103]],[[19555,14836],[-80,-78],[-7,-58],[45,-170]],[[19513,14530],[-33,-117]],[[19480,14413],[-296,237],[-34,49],[-44,174]],[[19480,14413],[-3,-29],[-176,-139],[-52,-28],[-145,-93],[-94,-14],[-52,-38],[-31,-5],[-30,-55],[-26,-9],[-59,11],[-41,-14],[-51,-58],[-165,-80],[-34,48],[-37,26]],[[18484,13936],[28,15],[57,95],[-24,113],[32,98],[-12,61],[6,39],[31,64],[1,37],[-40,54],[0,33]],[[18563,14545],[61,19],[27,110],[51,80],[6,58],[-32,92],[-37,152]],[[18484,13936],[-30,15],[-16,-57],[-86,-21],[-34,-25],[-15,-45],[-57,13],[-77,3],[-15,-241],[-43,-78],[-73,-59]],[[18038,13441],[-41,77],[-24,120],[75,51],[-33,39],[10,44],[-70,97],[-17,180]],[[17938,14049],[32,2],[15,58],[50,2],[10,121],[71,2],[75,-12],[42,60],[-56,86],[-26,102],[-17,39],[-2,54]],[[18132,14563],[20,36],[63,38],[137,55],[69,-51],[47,17],[59,-30],[26,8],[24,-33],[-14,-58]],[[18106,15144],[33,5],[13,-82],[70,-25],[114,-23],[53,0]],[[18389,15019],[235,35]],[[18132,14563],[-93,15],[10,333]],[[18148,15709],[41,-13],[51,-52],[80,-37],[46,25],[126,-32]],[[18492,15600],[-59,-49],[-7,-35],[18,-86],[-18,-89],[-29,-48],[-39,-30],[-25,-45],[5,-37],[51,-162]],[[18542,15642],[-50,-42]],[[19257,16530],[70,-146],[55,-49]],[[19382,16335],[-6,-37],[-41,-25],[84,-102],[62,-42],[138,-186]],[[19619,15943],[-33,-41],[25,-55],[-1,-56]],[[20135,16557],[7,-32],[-91,-11],[64,-176],[81,-113],[54,-58]],[[20250,16167],[-44,-28],[-35,-5],[-42,26],[-67,20],[-37,33],[-90,21],[-271,43],[-175,25],[-44,-24],[-63,57]],[[20250,16167],[23,-25],[73,-31],[30,-31],[39,-12],[47,-39],[61,-33]],[[20523,15996],[-4,-67],[27,-15],[-44,-94],[-4,-95],[18,-27]],[[20516,15698],[-52,-59],[-36,-71],[-85,-51],[-42,10],[-245,159],[-77,63],[-203,133],[-82,23],[-75,38]],[[20302,16579],[8,-36],[116,-21],[149,-67],[109,-102],[97,-129]],[[20781,16224],[-48,15],[-34,-61],[18,-9],[-194,-173]],[[21040,16480],[68,-121],[-9,-40],[-115,-275]],[[20984,16044],[-146,147],[-57,33]],[[20984,16044],[23,-24],[122,-44],[71,-12],[115,-82]],[[21315,15882],[-25,-53],[57,-34],[49,-2],[47,-68],[-71,-103],[-21,-58],[56,-65],[12,-32]],[[21419,15467],[-3,-1]],[[21416,15466],[-183,0],[-73,-34],[-32,20],[-87,-10],[-173,122],[-148,95],[-61,76],[-38,-16]],[[20621,15719],[-20,16],[-56,-3],[-29,-34]],[[21315,15882],[84,-17],[153,-15],[48,-13],[73,-4],[22,25],[65,-16]],[[21760,15842],[44,-47],[40,-1],[56,-76],[-22,-12],[34,-59],[25,11],[65,-55]],[[22002,15603],[-3,-64],[38,-78],[31,-19],[9,-45],[27,-38],[-98,-194],[21,-61],[-4,-28]],[[22023,15076],[-26,-1]],[[21997,15075],[-34,-10],[-49,17],[-68,48],[-33,45],[-38,20],[-40,92],[-46,24],[-93,27],[-38,51],[-65,29],[-32,41],[-42,8]],[[21536,16426],[-13,-48],[-32,-37],[-6,-34],[37,-63],[-14,-71],[74,-109],[64,-5],[46,27],[13,-34],[16,-112],[32,-19],[7,-79]],[[21909,16285],[11,-36],[1,-85],[121,-57],[14,-29],[58,-25],[82,6],[30,39],[55,7]],[[22281,16105],[-3,-51],[-30,-78],[-12,-138],[8,-46],[-28,-123],[-40,-45],[-26,-9]],[[22150,15615],[-54,-20],[1,-24],[-95,32]],[[22150,15615],[-14,-33],[165,67],[231,68],[38,-8],[45,-53],[9,-52],[-47,-7],[48,-177],[29,-51],[12,-132],[-18,-100]],[[22648,15137],[-26,27],[-72,12],[-33,-46],[-41,8],[-11,-24],[-66,7],[-45,-31],[-28,-1],[-47,30],[-54,-15],[-59,31],[-32,-5],[-84,-50],[-27,-4]],[[22724,15132],[-60,11]],[[22664,15143],[-16,-6]],[[22281,16105],[17,7],[43,-118],[44,-66],[113,-71],[64,20],[0,48],[124,99],[-31,38],[77,61],[-11,14]],[[22721,16137],[71,15],[84,-51],[110,-86],[81,10],[40,-23]],[[23107,16002],[-34,-63],[-31,-182],[-33,-41],[-10,-40],[-40,-23],[-16,-44],[-54,-70],[18,-31]],[[22063,16618],[83,-18],[79,-59],[96,-42],[57,-6],[31,-85],[115,-138],[132,-127],[36,11],[29,-17]],[[23334,16027],[-89,-20],[-138,-5]],[[16394,15234],[58,-19],[47,-62],[77,-75],[32,-72],[84,-132],[86,-100],[20,1],[27,66]],[[16825,14841],[-7,-132],[-11,-25],[-124,-146],[-8,-25],[38,-72],[-2,-52]],[[16711,14389],[-120,123],[-46,144],[-40,57],[-99,81],[-79,85],[-48,79],[-41,26]],[[16508,15413],[372,-310],[87,-93],[30,-52],[36,-19]],[[17033,14939],[-50,-21],[-88,-24]],[[16895,14894],[-51,-22],[-19,-31]],[[17044,15301],[-11,-27],[23,-291],[-23,-44]],[[17497,14861],[-69,-42],[-8,-45],[28,-85],[-39,-12]],[[17409,14677],[-83,-23],[-81,30],[9,35],[-19,70],[-76,2],[-58,-11],[-201,103],[-5,11]],[[17409,14677],[5,-30],[-34,-78],[-113,-62],[-57,-7],[-50,-50]],[[17160,14450],[-42,26],[-24,74],[-66,44],[-60,-71],[-59,-53],[-47,-22],[5,-21],[-72,-17],[-34,-38],[-35,-8]],[[16726,14364],[-15,25]],[[17160,14450],[51,-45],[73,-83],[103,-135],[60,-35],[61,19],[-26,-53]],[[17482,14118],[5,-104],[-41,-29],[-59,-83],[-8,-38],[-82,92],[-54,-46],[-47,52],[-33,-17],[-127,-30],[-23,-53]],[[17013,13862],[-9,36],[-177,194],[-65,207],[-36,65]],[[17530,14815],[110,-75],[50,-4],[8,-105],[-5,-148],[12,-134],[27,-48],[-7,-72],[66,-28],[-25,-42]],[[17766,14159],[-34,-61],[-15,-66],[-38,-59],[-87,14],[-6,56],[-85,51],[-19,24]],[[17938,14049],[5,86],[-43,20],[-26,-46],[-108,50]],[[18038,13441],[-8,-24]],[[18030,13417],[-48,-23],[-33,-47],[-51,56],[-96,45],[-98,26],[-41,-12],[-47,6],[-44,77],[-94,60],[-33,-10],[-60,17],[-127,90]],[[17258,13702],[-89,47],[-33,2],[-12,-50],[-41,36],[-60,85],[-10,40]],[[17258,13702],[-27,-53],[14,-46],[-55,-126],[-72,-90],[21,-20],[-42,-42]],[[17097,13325],[-41,31],[-81,27],[-114,80]],[[16861,13463],[-67,60],[-99,42],[-9,26],[-140,75]],[[16546,13666],[-44,150],[-16,239],[11,41]],[[16497,14096],[189,253],[25,40]],[[18030,13417],[21,-67],[71,-48],[-50,-25],[-93,-104],[31,5],[-56,-126],[19,-12],[-18,-125],[-36,-26],[-32,-60],[7,-22]],[[17894,12807],[2,-45],[-29,-20],[-76,3],[-98,-31],[-52,-34]],[[17641,12680],[-31,82]],[[17610,12762],[-7,65],[10,82],[-39,66],[-34,30],[-65,12],[-378,308]],[[17610,12762],[-24,-10],[-26,53],[-63,12],[-37,-5],[-20,70],[-70,48],[-29,64],[-253,-154],[-41,23],[-101,-4],[-35,15],[-67,-2],[-39,21]],[[16805,12893],[-8,88],[15,43],[-8,57],[11,66],[-24,14],[-4,95],[27,133],[-18,47],[65,27]],[[16334,13217],[-134,-118],[-110,-118],[-33,-42],[-56,-37]],[[16001,12902],[-57,107],[-57,87],[-102,114]],[[15785,13210],[-121,193],[-140,261]],[[15524,13664],[80,43],[113,106]],[[15717,13813],[145,53],[188,105],[86,59],[36,22]],[[16172,14052],[-36,-22],[-13,-46],[-3,-117],[-25,-43],[-7,-66],[39,-37],[84,-209],[89,-153],[34,-142]],[[16546,13666],[12,-49],[-6,-118],[15,-77],[-12,-45],[-39,-72],[-30,-27],[-152,-61]],[[16172,14052],[7,7]],[[16179,14059],[107,83],[138,-24],[46,-28],[27,6]],[[16805,12893],[-60,-84],[-54,-31],[-53,-50],[-43,-2],[-23,-22]],[[16572,12704],[-2,74],[-11,34],[-67,62],[-19,49],[-4,89],[-48,96],[-65,63],[-22,46]],[[16572,12704],[-60,-56],[-93,4],[-25,-14],[8,-39],[-29,-52],[-39,-17],[-8,-47]],[[16326,12483],[-27,13]],[[16299,12496],[-78,61],[-62,92],[-117,194],[-41,59]],[[17641,12680],[-48,-35],[-77,-34],[-50,3],[-67,35],[5,-53],[-80,-80],[-25,-73],[-45,-40],[-117,-68],[-65,-47],[-85,-30],[-204,-44]],[[16783,12214],[-39,106],[-49,60],[-133,21],[-114,34],[-122,48]],[[18121,12521],[12,-38],[31,-14],[18,-37],[64,-2],[-23,-53],[35,-26]],[[18258,12351],[-19,-27],[51,-42],[-6,-34],[41,-18],[104,-10],[1,-30],[37,-63],[-16,-26],[-46,-30],[-53,-49],[-89,-51],[-125,-54],[-67,-63],[-132,-151],[-58,-61],[-90,-52],[-201,-65],[-99,-36],[-95,-50]],[[17396,11439],[-33,63],[-48,70],[-134,154],[-147,136]],[[17034,11862],[-86,76],[-79,89],[-30,50],[-56,137]],[[17894,12807],[74,-24],[-4,-29],[-43,-30],[50,-123],[90,-5],[80,-24],[-20,-51]],[[15785,13210],[-107,-73],[-48,105],[-47,9],[-73,-8],[-47,73],[-68,21],[-5,-17],[-378,127],[-8,33]],[[15004,13480],[52,29],[31,86]],[[15087,13595],[57,250],[21,60],[58,46]],[[15223,13951],[45,-41],[102,-69],[63,-49],[91,-128]],[[16001,12902],[-50,-45],[-41,-144],[-40,-92],[-43,-192]],[[15827,12429],[-28,-105],[-23,-23],[-118,-5],[-20,-23],[-199,-96],[-143,-50],[-132,-28]],[[15164,12099],[25,79],[-5,94],[-20,86],[-52,125],[-66,136],[-16,65],[-3,62],[36,169],[0,96],[-17,93],[-8,171],[-16,80],[-38,82],[20,43]],[[15827,12429],[35,-168],[-49,-91],[28,-125],[-75,-46],[-62,19],[-42,-54],[53,-47],[-32,-27],[22,-60],[-26,-84],[83,-50],[51,-17],[-22,-28],[-63,-12]],[[15728,11639],[-54,-57],[6,-98],[-73,-17],[-111,-85],[-18,17],[-34,-44],[-41,24],[-14,-46],[-43,-13],[-17,-47],[48,-73],[26,-14],[39,-51],[72,-32],[40,-61],[-115,-121],[-32,-45],[-121,39],[-108,88],[-27,37],[-64,4],[-103,78]],[[14984,11122],[25,52],[-6,104],[-20,42],[-17,81],[11,138]],[[14977,11539],[14,211],[22,125],[41,65],[61,70],[49,89]],[[16299,12496],[-73,-261],[-91,-344],[-4,-56],[12,-173]],[[16143,11662],[-30,-49],[-58,38],[-20,-90],[-85,-16],[-43,16],[-95,-2],[-84,80]],[[17034,11862],[-75,-99],[-93,-138],[-52,-118]],[[16814,11507],[-105,-10],[-63,-19],[-50,-30],[-139,-65],[-34,-53],[-36,-88],[-73,-58],[-53,41],[-22,78],[3,65],[21,70],[-51,105],[-64,49]],[[16148,11592],[-5,70]],[[16148,11592],[-8,-114],[-27,-53],[-94,-133],[-308,-412],[-55,-114],[-108,-268],[-23,-88],[-1,-269]],[[15524,10141],[-73,75],[-85,17]],[[15366,10233],[-97,8],[-110,-12],[-71,-15],[-21,30],[49,44],[-28,94],[17,34],[4,55],[-20,36],[-60,61],[19,79],[-3,33],[-31,82],[4,94],[-7,51],[-35,66],[-31,113]],[[14945,11086],[39,36]],[[16814,11507],[-72,-142],[-49,-139],[-5,-78],[-50,-61],[-42,-87],[-46,-69],[-89,-101],[-56,-27],[-75,-66],[-53,-74],[-124,-103],[-24,-36],[-30,-6],[-18,-69],[-48,-46],[11,-19],[-50,-133],[-40,-61],[-14,-60],[-27,-37],[-27,-81],[16,-61],[45,-108],[24,-40]],[[15971,9803],[-67,-29],[-92,19],[-5,148],[8,56],[-78,-34],[-64,4],[-39,31],[-111,50]],[[15523,10048],[1,93]],[[17396,11439],[67,-215]],[[17463,11224],[70,-202],[14,-55],[-5,-115],[6,-69],[33,-81],[68,-191],[52,-75]],[[17701,10436],[-373,-134],[3,-145],[-13,-75],[1,-88],[-54,-10],[-63,13],[-90,-86],[-91,-25],[-13,-81],[-31,21],[-51,-31],[-50,2],[-7,-50],[-30,-13],[-140,41],[-64,55],[-75,6],[30,-80],[18,-78],[55,-19],[0,-114],[42,-3],[-28,-94],[-36,4],[-79,-37],[13,48],[-74,56],[-6,-49],[-50,-52],[-74,72],[-101,-32],[-36,8],[3,70],[29,37],[-37,37],[-134,-18],[-24,79],[-27,9],[12,48],[-33,80],[-52,-5]],[[17701,10436],[61,-79],[219,-246],[127,-147],[144,-173],[32,-59],[44,-112],[13,-98],[-4,-179]],[[18337,9343],[-6,-161],[1,-164],[-6,-394],[-30,-152],[-12,-26],[-96,-93],[-151,-187],[-42,-88],[4,-173],[22,-213]],[[18021,7692],[-158,5],[-184,-52],[-127,-58],[-153,-81],[-109,-83],[-80,-19],[-156,21],[-45,12],[-97,70],[-137,9],[-107,-18],[-87,4],[-36,-14],[-113,-101],[-66,-18],[-52,-51],[-49,-14],[-57,25],[-83,83],[-16,102],[-54,149],[-23,241],[-73,230],[-90,183],[-45,149],[-1,76],[61,253],[-11,99],[-159,457],[-91,177],[-62,220],[-37,177],[-1,123]],[[15366,10233],[-7,-24],[-50,5],[-150,-31],[-41,-46],[-55,-82],[8,-34],[77,-16],[11,-17],[81,-24],[-63,-68],[3,-56],[-58,-69],[-26,-49],[-45,39],[-62,18],[-45,-16],[-48,-47],[-51,29],[-85,-16],[-40,-62],[7,-37],[-44,-22],[-59,45],[-38,-23],[-71,29],[-51,-6],[-28,-61],[-29,-24],[-42,53],[-6,50],[-67,20],[-54,-29],[-48,-7],[-57,23],[-15,-35],[-79,-101],[-53,-34],[-73,-3],[-50,-22],[-19,-24],[53,-78],[24,-94],[80,-113],[25,-97],[-49,-61],[-36,-131],[-85,-109],[-18,-65],[12,-111],[-6,-88],[49,-85],[46,-13],[9,-25],[-17,-60],[-75,-51],[-30,-44]],[[13826,8234],[-22,15],[-54,72],[-119,79],[-23,32]],[[13608,8432],[-46,17],[-228,141],[-84,13],[-127,53],[-50,11],[-77,-1],[-74,19],[-48,-18],[-92,34],[-31,43],[-53,36],[10,50],[45,92],[-8,60],[33,9],[33,40],[65,27],[14,46],[-16,30],[55,88],[7,34],[54,24],[28,40],[1,37],[55,42],[20,40],[-15,45],[-44,34],[-25,77],[15,81],[1,91],[46,113],[53,52],[118,35],[72,13],[32,21],[124,185],[44,24]],[[13515,10210],[94,21],[40,43],[79,135],[-23,106],[12,52]],[[13717,10567],[74,35],[33,48],[21,76],[-14,81],[8,155],[23,78],[39,52],[61,33],[94,15],[219,-17],[31,-16],[38,-48],[108,-98],[57,-13],[65,15],[195,89],[108,16],[68,18]],[[18021,7692],[-1,-111],[16,-65],[1,-69],[39,-134],[49,-42],[93,-35],[89,-46],[57,-57],[23,-7],[140,-81],[47,-42],[12,-25],[-20,-48],[-14,-171],[23,-96],[0,-89],[25,-58],[-43,-83],[7,-69],[-14,-89],[-18,-47],[13,-57],[-2,-64],[40,-111],[17,-90],[20,-36],[-11,-47],[18,-101],[31,-32],[2,-35],[136,-77],[-3,-45]],[[18793,5533],[-29,-3],[-935,-209],[-2,91],[-13,42],[-86,203],[-20,31],[-101,98],[-39,57],[-75,137],[-26,86],[-2,42],[-1135,34],[-351,13],[-623,195],[-435,129],[-185,57],[-395,115],[-394,139],[-66,-19],[-51,7],[-41,-38],[-167,10],[-36,38],[-53,17]],[[13533,6805],[-2,376],[-56,57],[-47,77],[8,52],[-15,29],[24,83],[-28,52],[-9,99],[109,-8],[35,-38],[59,-18],[46,16],[159,10],[86,28],[42,107],[-9,25],[21,79],[-3,26],[-37,32],[-49,-7],[-10,27],[48,42],[33,63],[11,81],[-7,38],[-30,36],[-86,65]],[[18793,5533],[-54,-71],[-33,-28],[37,-69],[-11,-42],[13,-27],[-6,-56],[95,-19],[3,-31],[-39,-72],[-3,-37],[32,-49],[0,-79],[-41,-44],[-8,-30],[28,-31],[14,-51],[-70,-20],[-8,-60],[-38,-14],[-32,-45],[-71,30],[-13,-112],[18,-60],[26,-39],[51,-2],[27,-40],[42,3],[57,36],[49,-8],[39,-55],[-24,-59],[-29,-25],[53,-126],[-21,-28],[11,-35],[-8,-54],[-45,-12],[-59,-78],[101,-82],[21,-4],[1,-95],[21,-30],[-70,-56],[-25,-44],[47,-109],[-37,-39],[-44,-12],[9,-38]],[[18799,3485],[-33,-15],[-19,-66],[2,-41],[-34,-5],[-1,44],[-81,39],[-27,-28],[-41,11],[-37,-38],[-62,-83],[-111,-23],[-22,-34],[-59,6],[-21,-37],[-42,4],[-61,-61],[-94,-44],[-55,-42],[23,-34],[-1,-55],[49,-95],[11,-63],[-1,-106],[45,-22],[65,-48],[7,-32],[-43,-30],[-78,-18],[-54,-76],[-81,19],[-34,-37],[-16,-54],[-39,-36],[-52,4],[-44,-30],[-120,-43],[-78,-57],[-38,-14],[2,45],[-27,81],[-38,22],[-83,119],[-79,53],[-40,10],[-53,121],[-208,-4],[-56,-13],[-98,14],[-57,-40],[-67,35],[-111,-32],[-63,32],[-39,4],[-33,26],[4,36],[-26,14],[-31,55],[-33,4],[-40,-23],[-22,11],[-60,-12],[-63,17],[-29,-6],[-16,-36],[-5,-65],[-46,-56],[-74,5],[-19,-39],[-44,-24],[-97,-27],[-92,52],[-60,-41],[-28,-51],[1,-36],[-45,-57],[-75,-9],[-30,39],[-27,-23],[-43,20],[-14,-38],[-30,-8],[-65,37],[-22,64],[-66,4],[-14,-28],[-40,-22],[-26,19],[-84,-11],[-27,-61],[-39,29],[-57,-37],[-45,17],[-31,38],[-28,-7],[-54,22],[-47,63],[-50,-17],[-66,23],[-41,-14],[4,-33],[-55,-27],[-53,7],[-63,-10],[-21,-62],[-94,-26],[10,-40],[-80,-96],[-24,-57],[-87,1],[-103,-37],[-13,-44],[-64,-7],[-68,14],[-31,-15],[-3,-31],[-42,-40],[-23,-51],[-74,17],[-22,55],[-52,41],[-9,40],[21,27],[-3,55],[113,12],[19,41],[47,39],[-49,82],[73,17],[26,71],[-3,55],[13,30],[52,25],[-4,61],[39,24],[37,2],[2,49],[29,7],[15,46],[-21,16],[41,72],[49,51],[-23,81],[39,34],[29,-15],[17,69],[42,15],[6,77],[-60,32],[-29,-35],[-33,23],[-40,-35],[-17,35],[8,76],[-43,49],[-35,3],[-23,32],[-14,59],[35,39],[-19,48],[-116,82],[-58,-33],[-31,40],[-44,-29],[-24,41],[-40,27],[17,29],[-44,36],[-24,-4],[-27,40],[50,86],[-33,32],[17,45],[-1,44],[-56,18],[-24,-28],[-60,48],[-70,-1],[-32,42],[-50,35],[8,69],[-33,20],[-40,63],[-80,42],[-45,-2],[-38,-38],[-78,-49],[-38,20],[-43,100],[-61,11],[-44,24],[-51,-14],[-16,26],[-67,21],[-88,-46]],[[12631,4304],[-24,20],[-7,83],[7,43],[-20,83],[-23,24],[3,93],[-79,231],[-14,72]],[[12474,4953],[-1,69],[-29,68],[21,37],[-27,101],[28,28],[-17,51],[2,77],[11,41],[73,66],[1,33],[30,58],[30,23],[-5,40],[52,91],[17,67],[-12,55],[20,42],[-74,63],[-27,135]],[[12567,6098],[63,-25],[61,-5],[72,-48],[11,-40],[8,-104],[56,-19],[75,22],[58,-21],[213,-31],[59,17],[174,22],[112,23],[9,12],[-5,904]],[[16238,14984],[-99,-153],[-82,-92],[-91,-112],[-110,-198],[-50,-38]],[[15806,14391],[-144,-93],[-150,22]],[[15512,14320],[-138,22],[-359,9]],[[15015,14351],[20,83],[34,65],[52,67],[308,363]],[[15429,14929],[67,70],[77,47],[145,58],[47,43],[27,45]],[[16179,14059],[0,45],[49,101],[-22,39],[-43,33],[-102,-44],[-255,158]],[[15717,13813],[-45,69],[-27,13],[-29,71],[-104,354]],[[15223,13951],[-152,190],[-40,65],[-17,77],[1,68]],[[14031,13796],[-7,35],[38,41],[7,52],[34,57],[60,129],[28,80],[-72,18],[-119,-1]],[[14000,14207],[24,45],[39,26],[68,21],[50,-11],[23,27],[39,2],[69,45],[43,47],[14,79]],[[14369,14488],[125,-47],[88,-3],[67,-25],[59,-9]],[[14708,14404],[71,-17],[175,-29]],[[14954,14358],[-45,-13],[-26,-71],[-92,-136],[-12,-65],[-50,-71],[-146,-66],[-56,-38],[-42,-46],[-105,-45],[-38,-25],[-135,-28],[-51,28],[-70,-32],[-55,46]],[[15087,13595],[-150,-19],[-83,-15],[-50,-32],[-171,-61],[-88,-52],[-137,-62],[-87,-56],[-17,-29]],[[14304,13269],[-43,9],[-116,6],[-55,10],[-82,-12],[-3,34],[-51,140],[-57,23]],[[13897,13479],[16,47],[-5,104],[57,56],[48,62],[18,48]],[[14954,14358],[61,-7]],[[14977,11539],[-142,19],[-90,23],[-84,45],[-85,66],[-60,85],[-116,191],[-95,62]],[[14305,12030],[-40,28],[-40,61],[13,90],[51,88],[-26,9],[47,124],[-122,28],[-77,39]],[[14111,12497],[-18,40],[19,105],[69,69],[45,34],[14,52],[-62,114],[20,31],[53,38],[62,67],[15,43],[-50,65],[26,114]],[[13717,10567],[-19,78],[-80,39],[-106,-34],[-30,14],[-12,57],[-34,5],[-75,38],[-30,-26],[-39,9],[-24,54],[-75,23],[-85,73],[-26,2],[-42,53],[-5,43],[14,47],[-42,12],[-54,36],[-97,28],[17,98],[-48,71],[-43,107],[5,54],[24,34],[80,47],[28,87],[21,37]],[[12940,11653],[-6,-60],[38,7],[94,54],[90,9],[45,36],[24,47],[51,-26],[48,34],[74,-63],[14,43],[27,17],[40,86],[94,76],[22,-12],[43,55],[68,50],[53,69],[79,58],[72,7],[69,-13],[53,-39],[175,-18],[98,-40]],[[12940,11653],[28,63],[-2,41],[25,37],[-29,39],[-1,127],[-28,22],[10,104],[15,70]],[[12958,12156],[54,-14],[106,58],[-11,20],[43,34],[73,-24],[11,69],[34,36],[-12,30],[117,140],[-14,137],[6,25]],[[13365,12667],[138,-21],[233,5],[47,-31],[76,-4],[21,19],[94,-72],[33,-39],[104,-27]],[[12958,12156],[12,70],[24,71],[-13,94],[-44,36],[-149,33],[-113,50],[45,34],[65,11]],[[12785,12555],[30,7],[26,34],[26,-2],[20,45],[34,18],[58,-19],[19,66],[49,81],[-26,43],[-29,102],[24,14],[135,-53],[46,-31],[3,-31],[97,20],[25,18],[136,285],[-9,34],[41,71],[41,15]],[[13531,13272],[0,-35],[26,-30],[84,-51],[41,-69]],[[13682,13087],[-28,-16],[9,-78],[-10,-60],[-98,-126],[-64,-68],[-57,-23],[-69,-49]],[[13682,13087],[25,0],[28,69],[143,221],[19,102]],[[13531,13272],[34,175],[-10,37],[4,78],[58,46],[53,101],[35,87],[-40,22]],[[13665,13818],[35,23],[5,28],[64,42]],[[13769,13911],[30,46],[75,83],[48,39],[28,45],[55,33],[-5,50]],[[12785,12555],[22,19],[0,41],[-27,37],[-37,124],[-70,102],[-15,73]],[[12658,12951],[25,51]],[[12683,13002],[24,-56],[86,61],[58,143],[76,76],[49,27],[81,11],[24,28],[12,57],[28,65],[53,74],[57,95],[50,102],[121,104],[72,33],[29,2],[85,-18],[77,12]],[[12683,13002],[36,80],[-8,89],[33,56],[18,64],[23,26],[60,139],[18,110],[-17,47],[31,54],[-1,75],[16,44],[-11,36],[30,40],[-2,48],[46,163],[-20,75]],[[12935,14148],[32,26],[13,36],[48,30],[69,-31],[20,-32],[88,-44],[36,-1],[59,-29],[48,-6],[23,-21],[27,36],[-5,34],[71,-37],[48,-8],[38,-48],[88,-31]],[[13638,14022],[42,-15],[16,-33],[73,-63]],[[15559,15897],[-35,-37],[-34,8],[-106,146],[-80,29],[-52,-20],[-46,-93]],[[15206,15930],[-26,137],[-24,35],[-23,96],[-76,126]],[[15057,16324],[127,53],[62,12],[47,28],[104,46],[49,36],[36,63]],[[15482,16562],[73,55],[45,100]],[[15600,16717],[16,-21],[-1,-55],[24,-89],[2,-65],[-4,-252],[14,-44],[-18,-79],[-41,-68]],[[15592,16044],[-35,-77],[2,-70]],[[15984,15957],[-135,14],[11,56],[-59,-23],[-8,-73],[-23,-19],[-55,-4],[4,51],[-77,12],[13,81],[-18,21],[-45,-29]],[[15600,16717],[22,52],[46,31],[118,22]],[[15799,15210],[-23,58],[-72,12],[-123,8],[-135,20],[-55,95]],[[15391,15403],[37,45],[-5,81],[13,51],[5,142],[18,75],[71,38],[29,62]],[[15391,15403],[-31,-3],[-71,66],[-71,19],[-39,-21],[-42,-4],[-183,17]],[[14954,15477],[74,130],[11,85]],[[15039,15692],[2,98],[165,140]],[[15429,14929],[-46,27],[-116,32],[-58,6],[-3,20],[-47,28],[-19,52],[-53,10],[-48,64],[-37,-6],[-41,-50],[-19,29],[-59,40],[-30,-46],[-34,32],[-34,-21]],[[14785,15146],[15,59],[38,72],[7,83]],[[14845,15360],[14,33],[95,84]],[[14708,14404],[-22,63],[6,67],[-9,54],[-6,156],[30,160],[21,51],[34,50],[23,141]],[[14369,14488],[12,23],[53,8],[24,61],[89,127],[-93,179]],[[14454,14886],[-102,206],[-86,185]],[[14266,15277],[55,18],[63,59],[114,-7],[51,6]],[[14549,15353],[124,-67],[44,9],[53,64],[75,1]],[[13638,14022],[-25,32],[-22,110],[48,31],[82,81],[38,157]],[[13759,14433],[50,17],[11,-19],[73,5],[-8,34],[55,9],[94,42],[54,-45],[-6,-62],[63,-20],[-8,41],[-38,94],[-37,17],[-32,51],[-13,59],[6,57]],[[14023,14713],[3,10],[154,-26],[33,22],[0,38],[31,6],[63,60],[35,-9],[40,24],[49,7],[23,41]],[[12935,14148],[-5,92]],[[12930,14240],[94,71],[40,131],[50,46],[38,6],[11,32],[45,32],[62,6],[122,81],[6,54]],[[13398,14699],[112,-4],[101,11],[31,-34],[9,-62],[36,-21],[59,-72],[13,-84]],[[13398,14699],[28,88],[133,92],[87,37],[68,125],[49,48],[72,108],[23,19]],[[13858,15216],[0,-17],[111,-95],[25,-139],[-71,-6],[-21,-17],[57,-86],[57,-110],[7,-33]],[[13858,15216],[47,38]],[[13905,15254],[21,86],[81,80],[78,50],[39,-9],[57,39],[21,67]],[[14202,15567],[48,-254],[16,-36]],[[14549,15353],[-12,75],[25,15],[95,2],[28,30],[-20,55],[-58,50],[79,41],[-33,61]],[[14653,15682],[54,16],[-16,32],[40,90],[52,-118],[27,45],[74,16],[84,39],[44,-113],[27,3]],[[14202,15567],[-10,47],[12,25],[48,16],[32,55]],[[14284,15710],[44,129],[12,97],[14,33],[46,48],[63,33]],[[14463,16050],[26,-55],[-10,-42],[59,-40],[-24,-41],[11,-47],[58,-29],[35,-44],[35,-70]],[[14463,16050],[38,21],[56,53],[80,51],[69,31]],[[14706,16206],[85,42],[26,53],[35,40],[66,30],[57,50]],[[14975,16421],[50,45],[37,-48],[-5,-94]],[[14284,15710],[-45,21],[-28,59],[-116,41],[-46,33],[-57,14],[-28,39],[-3,45],[-42,65]],[[13919,16027],[13,32],[45,30],[147,63],[-15,45],[-29,6],[-24,57],[22,54]],[[14078,16314],[149,2],[76,9],[69,39],[57,9],[129,-6],[70,15],[78,-176]],[[13919,16027],[-21,1],[-30,-68],[-64,-48],[-103,-66],[-40,-14],[-60,6],[-44,22],[-70,-36],[-8,-40],[-37,-55],[-106,41],[-11,-22]],[[13325,15748],[-17,-33],[-71,-4],[-47,20],[-50,-35],[-60,-7],[-61,-64],[-40,32],[-77,7],[-31,-38],[-35,4],[-41,44]],[[12795,15674],[37,-18],[198,77],[21,-31],[39,19],[6,35],[-16,78],[17,24],[65,30],[89,54],[-64,76],[34,23],[-50,46],[38,47],[20,45],[36,19],[35,-2],[35,51],[-50,52],[-24,97]],[[13261,16396],[214,25]],[[13475,16421],[90,6],[60,-13],[81,-43],[87,-16]],[[13793,16355],[228,-41]],[[14021,16314],[57,0]],[[12795,15674],[-73,-5],[-23,-50],[-3,-41],[-66,1],[-37,-28],[-118,-35],[-38,11]],[[12437,15527],[9,22],[-21,74],[18,42],[-52,79],[45,18],[-40,82],[-1,44],[40,78],[5,63],[24,49]],[[12464,16078],[94,-6],[42,8],[120,55],[335,214],[56,26],[150,21]],[[12464,16078],[0,24],[48,119],[-17,44],[-56,53],[34,62],[43,-4],[73,28],[51,3]],[[12640,16407],[119,24],[62,6],[27,-15],[34,100],[64,72],[87,42],[54,57]],[[13087,16693],[22,25],[48,6],[67,-9]],[[13224,16715],[25,-36],[3,-47],[46,-9],[51,-45],[8,-43],[118,-114]],[[13793,16355],[-28,39],[-78,35],[-22,20],[-6,43],[9,69],[49,38],[39,47],[49,81],[-1,59],[33,63],[56,31],[122,50],[28,30],[35,76],[49,40],[111,39],[34,37],[40,119]],[[14312,17271],[87,1]],[[14399,17272],[14,-4]],[[14413,17268],[97,-141],[-60,-22],[55,-73],[-29,-22],[66,-87],[-28,-21],[80,-102],[66,-34]],[[14660,16766],[-64,-21],[-27,-33],[-96,-57],[-20,-39],[-48,-11],[-34,-30],[-71,32],[-44,-37],[10,-29],[-21,-36],[19,-36],[-7,-48],[-43,-1],[-28,-47],[-45,16],[-44,-6],[-17,-36],[-59,-33]],[[13224,16715],[64,88],[16,38],[43,-20],[32,19],[141,34],[17,127],[31,52],[25,15],[175,41],[12,68],[42,15],[-35,54],[49,41],[29,48],[71,45],[49,148]],[[13985,17528],[60,-153],[31,-15],[95,34],[25,-5],[33,-58],[83,-60]],[[13985,17528],[-20,56]],[[13965,17584],[-52,135],[-1,62],[17,137],[-10,57],[-34,51],[23,150]],[[13908,18176],[59,9],[99,-404],[4,-82],[50,38],[44,52],[81,-162],[91,-9],[65,-42],[27,-43],[41,-159],[-70,-102]],[[14818,17614],[-38,-65],[0,-62],[-26,-40],[-179,-109],[-96,-27],[-66,-43]],[[13908,18176],[-6,77]],[[13902,18253],[116,116],[4,47]],[[14022,18416],[117,-27],[44,14]],[[15448,17285],[-13,-59],[18,-342],[-113,36],[-251,-118]],[[15089,16802],[-126,-60]],[[14963,16742],[-12,28],[75,36],[-17,96],[-22,-9],[-82,46],[-80,-47],[-19,-46],[-37,16],[-80,-63],[-29,-33]],[[15482,16562],[-12,36],[-86,51],[-20,21],[-59,9],[-27,35],[5,63],[-47,-29],[-47,38],[-76,-34],[-24,50]],[[14975,16421],[-32,85],[-26,31],[10,34],[-34,78],[20,70],[50,23]],[[15110,22596],[207,27],[33,73],[80,148],[60,132],[38,15],[24,39],[31,-6],[60,88],[6,66],[51,12],[39,24],[26,52],[3,85],[-25,40],[-5,42],[23,85],[86,41],[-33,119],[-38,22],[-4,34],[-81,1],[-14,-10],[-72,4],[-122,27],[-85,8],[-83,74],[-101,50],[-33,41],[-20,50],[-78,1],[12,39],[0,145]],[[15095,24164],[38,-21],[64,37],[55,-15],[98,-80],[104,-53],[54,-103],[113,-13],[76,10],[59,33],[65,-18],[78,-67],[29,-10],[54,-50],[39,-74],[20,-10],[99,30],[3,25],[39,71],[28,2],[11,-40],[95,-61],[81,33],[57,5],[43,39],[65,14],[74,37],[48,69]],[[16684,23954],[17,-105],[13,-35],[10,-102],[35,-17],[-26,-46],[19,-15],[10,-76],[38,-32],[62,-29],[115,36],[26,-88],[7,-121],[-35,-31],[73,-69],[55,4],[22,-18],[21,-53],[-25,-29],[-62,-30],[-29,-47],[37,-55],[62,-4],[-31,-38],[18,-65],[50,-12],[5,-60],[-47,-1],[-64,-81],[-35,-70],[-25,-75],[-82,-63],[-18,-45],[-8,-70],[-27,-39],[-47,-36],[-18,-64],[-22,-23],[-25,-89],[-43,-18],[-16,-43],[3,-42]],[[14009,23085],[3,46],[-18,76],[-4,73],[3,121],[-5,86],[-17,65],[5,66],[28,66],[66,85],[56,49],[-28,66],[15,34],[32,17],[43,61],[18,76],[34,36],[59,15],[-267,88],[-254,57],[-40,61],[-88,-28],[-151,349],[-98,201]],[[13401,24851],[30,11],[105,-16],[61,25]],[[13597,24871],[36,-1],[78,37],[64,20],[19,22],[115,68],[0,32],[28,37],[55,41],[88,21],[91,-114],[5,-28],[79,-99],[41,-33],[-11,-26],[19,-53],[60,-57],[48,-98],[-18,-106],[11,-124],[29,-20],[-31,-60],[36,-5],[-36,-63],[-46,-8],[-20,-22],[7,-35],[90,1],[68,-23],[121,-18],[54,6],[138,-11],[115,-31],[109,7],[56,36]],[[11869,22590],[-19,872],[2,1416],[-1,107]],[[11851,24985],[31,-61],[-5,-30],[20,-55],[40,-70],[45,-35],[56,20],[87,-23],[95,58],[42,-21],[57,-59],[41,-15],[54,16],[31,-50],[100,-61],[-9,-33],[12,-61],[109,10],[27,-7],[38,-42],[74,-8],[17,34],[47,44],[101,-10],[7,-44],[63,-38],[8,-78],[66,-37],[49,8],[24,63],[42,20],[17,123],[-21,35],[-7,130],[13,50],[45,45],[21,3],[62,49],[51,-4]],[[11870,21866],[-37,15],[-27,-36],[-64,-33],[-72,-22],[-1,-67],[-20,-44],[-3,-72],[-73,-25],[-60,83],[-19,49],[-54,42],[-43,-13],[-85,85],[-42,72],[-129,-14],[-79,6],[-46,25],[-27,-28],[-68,-19],[-86,77],[-43,20],[-73,4],[-21,-12],[-87,-8],[-41,36],[14,33],[-48,29],[-118,37],[29,63],[-22,47],[-28,14],[17,76],[-8,49],[-26,32],[4,68],[-25,137],[-59,7]],[[10300,22579],[66,69],[-16,52],[34,36],[5,32],[-21,53],[25,30],[49,18],[7,33],[-32,17],[-33,43],[5,75],[91,18],[-79,120],[-40,101],[-15,110],[-43,56],[47,28],[23,42],[34,25],[-29,24],[-1,42],[-69,52],[-45,-1],[-115,-22],[-165,-2],[-23,18],[-36,89],[-34,8],[-102,104],[-53,71],[2,287],[55,23],[45,-13],[68,25],[6,-33],[58,15],[49,-23],[-14,-46],[52,-18],[24,-32],[38,24],[13,77],[19,38],[6,72],[167,15],[122,45],[121,99],[75,10],[85,-23],[38,2],[96,-38],[32,1],[64,26],[156,135],[23,75],[-12,124],[65,19],[-8,70],[89,41],[93,53],[-20,63],[-58,65],[-99,57],[152,101],[79,60],[44,-65],[41,-27],[34,-52],[77,45],[68,-4],[67,-25]],[[11747,25188],[33,-15],[31,-115],[2,-75],[38,2]],[[10300,22579],[-36,51],[-36,3],[-28,37],[-23,-18],[-49,28],[-19,27],[-36,2],[-70,31],[-67,1],[-6,27],[-64,-39],[16,-50],[-60,-60],[-74,11],[-45,-24],[-29,14],[-75,-22],[-62,14],[-61,-10],[-71,37],[-40,-2],[-24,-40],[-39,36],[-181,192],[-74,23],[-54,2],[-10,28],[40,46],[-19,103],[-58,-43],[-47,-21],[-41,-35],[-88,-1],[-58,27],[-115,-6],[-27,-17],[-53,68]],[[8517,22999],[-43,50],[-3,79],[-31,60],[-36,149],[41,-29],[70,-24],[25,75],[46,19],[101,-21],[75,5],[41,42],[85,20],[74,71],[69,26],[45,49],[-5,43],[45,43],[52,-17],[24,-29],[57,25],[-8,31],[26,47],[70,13],[0,35],[25,21],[-37,91],[32,59],[-11,52],[-56,40],[-22,30],[-43,0],[-102,36],[-34,73],[-31,26],[-122,-89],[-42,-42],[-162,-33],[-43,2],[-53,47],[-40,19],[-40,-6],[-51,-37],[6,-36],[-18,-51],[-4,-82],[-30,-25],[-34,-1],[-59,-65],[-42,7],[-12,23],[15,89],[-23,48],[-46,6],[-33,53],[-66,75],[-18,41],[-15,71],[-27,43],[80,146],[64,42],[-9,643],[2,178]],[[8236,25255],[28,97],[28,53],[50,-1],[3,48],[80,132],[80,15],[65,26],[64,48],[18,59],[36,15],[74,-44],[17,-45],[31,-16],[53,65],[44,9],[93,-25],[157,12],[55,-13],[77,59],[43,-6],[32,72],[71,13],[70,39],[25,71],[51,32],[50,2],[46,21],[114,127],[8,100],[38,100],[116,38],[45,-2],[24,-31],[67,-37],[24,-44],[24,11],[-2,64],[-36,41],[-2,39],[26,40],[7,82],[45,60],[78,27],[42,-24],[50,42],[-9,25],[29,76],[38,28],[39,-57],[32,-11],[23,23],[61,18],[24,-24],[28,-73],[27,-31],[39,8],[139,-44],[55,-34],[86,-4],[89,44],[30,36],[63,3],[44,-77],[35,-6],[89,-91],[28,-5]],[[11334,26430],[-91,-121],[-52,-16],[-12,-34],[41,-87],[-3,-91],[39,-156],[17,-29],[44,-3],[52,-27],[40,-61],[10,-66],[74,-72],[63,-8],[83,18],[121,-77],[37,2],[66,-64],[0,-46],[-38,-56],[-37,-23],[-57,-85],[49,-17],[-33,-123]],[[11334,26430],[27,25],[79,22],[19,49],[-24,117],[14,58],[65,5],[18,34],[76,-35],[96,-4],[68,-13],[55,2],[117,-36],[72,-39],[66,7],[26,72],[-37,100],[16,20],[121,30],[20,33],[74,-1],[60,15],[-25,66],[101,73],[-21,102],[26,71],[-34,60],[30,218],[116,-30],[93,-65],[76,-17],[38,-44],[-14,-46],[4,-66],[21,-48],[35,-20],[66,23],[53,-5],[13,44],[27,11]],[[12967,27218],[52,2],[60,-27],[49,-66],[38,-89],[29,-21],[33,-118],[6,-63],[18,-31],[96,-100],[51,-65],[91,-34],[36,-35],[17,-52]],[[13543,26519],[-512,-404],[13,-109],[44,3],[89,-565],[3,-46],[-132,-27],[-47,8],[-36,-18],[15,-41],[-9,-51],[-21,-42],[-66,-41],[267,-206],[52,56],[19,-100],[375,-65]],[[13543,26519],[96,31]],[[13639,26550],[30,-114],[-12,-49],[58,-42],[32,-42],[75,15],[38,-13],[61,-73],[9,-62],[26,-41],[70,19],[60,-13],[9,-60],[26,-34],[-35,-44],[1065,6],[3,40],[44,48],[38,14],[36,82],[27,12],[35,56],[105,-11],[114,-40],[5,33],[58,4],[5,51],[53,30]],[[15674,26322],[24,-26],[223,-307],[81,-126],[244,-285],[26,-65],[-48,-28],[-70,-64],[-60,-33],[-14,-44],[17,-64],[-43,-78],[7,-120],[-55,-23],[56,-21],[72,-41],[-7,-55],[63,-31],[138,37],[62,-9],[95,-47],[35,-9],[103,-5],[115,11],[55,-9],[129,-120]],[[16922,24760],[-33,-110],[6,-45],[-52,-107],[-18,-70],[6,-64],[-29,-70],[-37,-39],[-12,-69],[-23,-20],[7,-51],[-25,-40],[-33,-92],[5,-29]],[[15674,26322],[71,24],[22,63],[166,4],[71,-27],[36,-3],[40,39],[24,94],[44,-23],[14,43],[70,71],[9,59]],[[16241,26666],[-74,12],[-64,24],[-10,21],[12,67],[73,28],[91,-16],[28,15],[48,73],[26,69],[46,-2],[63,31],[17,-15],[51,14],[-2,46],[54,7],[77,49],[51,12],[20,26],[75,-1],[41,55],[40,17],[56,-26],[77,-2],[91,22],[31,-5],[71,14],[15,41],[32,21],[85,81],[114,32],[91,43],[29,24],[43,88]],[[17639,27531],[42,-29]],[[17681,27502],[-13,-165],[-10,-41],[-49,-47],[-41,32],[-50,-1],[-55,-68],[-21,-46],[-8,-59],[-73,-36],[-30,-61],[15,-87],[-52,-25],[-64,-2],[-38,-18],[-79,-13],[-38,-39],[-51,26],[-47,-14],[-20,-59],[-41,-32],[31,-61],[27,-30],[55,9],[64,-49],[75,13],[40,-56],[34,-25],[15,-58],[87,55],[21,-15],[6,-71],[34,-61],[-14,-87],[9,-57],[27,-32],[69,-37],[111,-84],[63,-58],[68,-77],[7,-22],[-59,-79],[-142,-67],[-32,-91],[-53,35],[-51,-67],[27,-57],[-5,-34],[23,-76],[-4,-32],[-45,-36],[-57,-26],[-40,-5],[-50,-51],[-123,-8],[-132,-76],[-17,-93],[42,-68],[14,-82],[-70,-29],[-26,-33],[0,-128],[-9,-45]],[[16936,24796],[-14,-36]],[[12967,27218],[69,30],[13,33],[-17,42],[16,50],[67,63],[35,20],[34,42],[60,8],[40,-51],[143,-58],[76,21],[66,-9],[78,59],[44,11],[33,-12]],[[13724,27467],[15,-77],[26,-39],[49,-25],[41,-2],[67,30],[66,-3],[44,-22],[35,-40],[9,-51],[-3,-87],[-83,-44],[-46,-77],[-54,-5],[-61,12],[-62,91],[-73,19],[-5,-48],[-20,-30],[12,-107],[-22,-59],[-11,-64],[45,-55],[11,-44],[-16,-60],[-46,-66],[-3,-64]],[[13724,27467],[67,4],[0,47],[16,31],[41,20],[31,55],[47,-4],[110,-77],[20,-3],[22,53],[-26,37],[65,70],[44,10],[31,31],[103,1],[67,-27],[33,-50],[56,-11],[25,-22],[106,31],[32,-50],[40,-17]],[[14654,27596],[80,-46],[8,-30],[60,-68],[-77,-66],[-11,-33],[-39,-11],[-8,-83],[62,-2],[42,-15],[-3,-48],[23,-33],[35,-1],[9,-41],[31,-23],[62,-16],[101,18],[1,54],[111,4],[-11,-26],[-8,-126],[101,-21],[14,25],[93,23],[82,-10],[115,-65],[27,-75],[-35,-106],[-17,-100],[21,-14],[76,-11],[109,-45],[64,39],[30,-10],[79,-49],[64,-14],[29,-21],[251,106],[16,10]],[[14654,27596],[19,25],[42,5],[66,36],[37,46],[99,40],[125,-15],[87,-94],[58,16],[61,-16],[136,53],[140,40],[52,-23],[82,-13],[21,-29],[76,-14],[14,-36],[-20,-68],[131,-83],[22,-2],[59,44],[54,17],[38,-2],[60,-43],[46,14],[37,40],[72,-24],[21,-35],[142,-82],[35,7],[32,50],[13,59],[29,10],[29,39],[40,25],[59,-8],[44,-63],[35,-24],[51,14],[65,-27],[100,10],[27,-20],[100,-15],[64,-25],[64,19],[26,89],[18,19],[43,-3],[79,24],[69,30],[56,-2],[42,-19],[44,3],[44,-54]],[[19674,23611],[-39,19],[-59,58],[25,12],[37,55],[-2,108],[-22,32],[4,44],[-43,21],[5,76],[-100,32],[-24,-15],[-68,-6],[-38,38],[-13,68],[-143,47],[-49,-48],[-123,-43],[-50,-33],[-121,-3],[-106,51],[-91,87],[-17,97],[1,46],[22,117],[-8,39],[58,125],[11,56],[22,27],[62,33],[78,77],[13,34],[-11,53],[-21,19],[-61,-20],[-130,0],[-77,17],[18,72],[-53,32],[-36,54]],[[18525,25089],[56,56],[36,7],[81,-16],[83,3],[113,57],[159,138],[-22,61],[22,25],[66,2],[24,48],[90,53],[40,12],[-11,40],[-99,-43],[-42,-32],[-135,39],[-29,45],[127,11],[85,71],[87,15],[-1,37],[-59,20],[-6,77],[37,42],[-60,184],[-72,-3],[-8,42],[-33,-7],[-35,25],[158,50],[15,35],[60,43],[36,68],[-13,30],[32,38],[130,-23],[141,-90],[7,-24],[42,-17],[138,34]],[[19765,26242],[129,-56],[12,-36],[51,18],[1,52],[-73,54],[6,15],[74,12],[46,30],[-17,27],[44,30],[88,-17],[6,-24],[51,-29],[10,-27],[-25,-46],[-27,-9],[21,-56],[40,-25],[65,4],[84,-62],[65,-29],[102,-19],[1,-58],[-45,-99],[8,-29],[56,-27],[39,1],[52,24],[51,7],[114,85],[-42,113],[89,78],[22,-5],[80,-89],[44,-4],[25,17],[10,119],[38,26],[57,20],[208,25],[36,0],[48,-33],[56,-52],[23,-105],[-81,-20],[-20,62],[-105,-13],[-64,37],[-34,-21],[10,-67],[-89,-48],[26,-79],[50,1],[-6,-49],[53,0],[-21,-42],[3,-48],[-53,-95],[-22,-20],[-21,-57],[33,-80],[-9,-36],[10,-117],[-11,-45],[-51,-130],[-38,-4],[-59,-52],[-48,-6],[-30,-47],[-5,-36],[-77,-50],[-106,-90],[-15,-39],[-44,-26],[48,-23],[32,-66],[-8,-70],[-32,-53],[-72,-68],[-9,-110],[-18,-16],[-5,-59],[-19,-64],[3,-74],[-12,-53],[-63,-13]],[[16936,24796],[77,3],[66,34],[67,13],[51,26],[42,-8],[75,-43],[75,-1],[63,-18],[43,33],[6,79],[25,31],[153,94],[70,22],[67,36],[63,13],[90,-13],[87,2],[38,-27],[28,-53],[63,-3],[83,74],[75,15],[61,29],[45,-7],[32,-40],[44,2]],[[17681,27502],[6,18],[66,33],[32,-6],[25,-34],[36,3],[38,-23],[40,-1],[81,32],[28,46],[75,-19],[37,38],[9,74],[-29,81],[16,27],[-4,93],[-13,63],[9,82],[30,33],[45,0],[84,62],[3,33],[-34,28],[-5,57],[26,50],[11,74],[15,33],[65,43],[3,54],[-28,68],[7,19],[140,53],[88,15],[33,-34],[55,-21],[1,-67],[19,-50],[24,-149],[63,16]],[[18778,28326],[87,-103],[29,-54],[20,-76],[33,-67],[115,-122],[21,-44],[-12,-49],[-43,-52],[-13,-34],[14,-66],[306,-332],[29,-58],[4,-48],[-80,-439],[-33,-81],[-67,-77],[-17,-35],[15,-46],[77,-65],[30,-58],[53,1],[38,55],[53,14],[45,-22],[40,-73],[93,-12],[84,-28],[51,-58],[15,-55]],[[18778,28326],[32,18],[46,-13],[60,-35],[103,-18],[29,-16],[118,3],[59,73],[72,3],[33,19],[42,56],[44,-1],[44,-19],[52,14],[52,-9],[44,14],[90,-17],[41,-32],[20,11],[115,-8],[26,-77],[42,14],[45,-22],[50,40],[51,-10],[106,19],[58,-18],[110,8],[-6,-78],[36,-73],[97,-2],[30,-41],[43,-7],[89,19],[71,25],[125,-9],[62,-15],[68,12],[120,-44],[62,52],[33,43],[78,28],[41,31],[106,-8],[99,3],[-2,-67],[26,-73],[-16,-71],[46,-115],[3,-40],[-21,-74],[34,12],[107,1],[45,22],[55,5],[89,27],[48,6],[1,-43],[25,-65],[60,-49],[123,-23],[28,-37],[107,-13],[33,-91],[56,-18],[39,-76],[61,-58],[98,-51],[19,-58],[2,-70],[33,-29],[67,-8],[34,-36],[11,-48],[44,-45],[0,-93],[95,-30],[18,-32],[9,-107],[44,-83],[26,-6],[41,32],[31,45],[142,25],[19,39],[45,24],[13,25],[1,71],[-26,124],[57,87],[83,-91],[61,-42],[90,15],[61,59],[80,32],[31,-43],[33,-16],[56,9],[149,-69],[19,-47],[73,-25],[14,-56],[54,-86],[-81,-126],[73,-78],[32,-9],[23,-36],[51,-22],[82,-58],[53,-65],[-17,-102],[58,-56],[15,-27],[3,-87],[-18,-55],[40,-64],[45,-103],[66,-63],[25,-124],[22,-36],[108,-22]],[[24670,25702],[-26,-65],[-53,-20],[-65,19],[-88,-34],[24,-92],[-35,-22],[-25,-51],[-10,-58],[-52,-11],[-34,-22],[-46,-61],[-16,-96],[-46,-18],[-69,-71],[11,-72],[59,-64]],[[24199,24964],[-24,-34],[-30,-6],[-39,-36],[-109,-41],[-30,6],[-12,-62],[5,-54],[-58,-5],[-70,43],[-17,-18],[11,-67],[-40,-20],[-12,-56],[-38,-23],[-25,-68],[-50,-66],[49,-53],[42,-25],[19,-43],[27,-17],[11,-43],[-9,-56],[-25,-54]],[[23775,24166],[-60,33],[-122,-14],[-92,11],[-53,27],[-26,-13],[-60,23],[-59,-13],[-41,-23],[-83,-7],[-33,31],[-68,-29],[-75,19],[-10,-35],[-86,-35],[-24,-66],[-74,-41],[-80,45],[-53,-48],[-49,2],[-20,64],[-140,63],[-43,76],[46,78],[-20,91],[-27,9],[-26,40],[-69,-8],[-61,38],[-99,10],[-23,-51],[-130,-64],[-82,43],[-63,7],[-56,-97],[-39,-52],[-34,-23],[-101,3],[-78,26],[-21,17],[-94,-36],[-50,26],[-74,-80],[-37,-19],[-33,-46],[-152,-65],[-20,-41],[-41,-12],[-43,8],[-51,-56],[-44,-17]],[[21287,20234],[-40,-21],[-81,23],[-158,-86],[7,22]],[[21015,20172],[15,53],[-138,95],[-18,32],[-7,94]],[[20867,20446],[51,40],[-50,85],[-32,-23],[-21,38],[60,33],[-15,68],[-60,60],[94,33],[11,-34],[59,31],[-24,45],[107,70],[139,-22]],[[21186,20870],[48,76],[41,-36],[107,17],[40,-20],[-3,68],[10,34],[39,32],[31,-32],[55,43],[31,-59],[93,-90],[18,-61],[-3,-35],[95,21],[-20,-37],[20,-88],[58,-5],[-22,-107]],[[21824,20591],[26,-42],[-78,-30],[-38,-3],[-60,18],[-41,-39],[-18,85],[-27,-29],[-35,-7],[30,-132],[-56,-20],[-150,-25],[-12,-74],[-33,4],[7,44],[-34,5],[-30,-22],[-37,2],[6,43],[-62,-13],[8,-47],[82,-39],[15,-36]],[[22498,20127],[10,102],[-24,83],[-30,169],[-31,96],[-46,67]],[[22377,20644],[-17,50],[7,67]],[[22367,20761],[82,25],[51,43],[19,35],[11,73],[96,57],[56,14]],[[22682,21008],[19,-47],[64,27],[113,-59],[10,-27],[204,-344],[38,49],[-15,46],[46,79],[66,-36],[-31,-72],[-6,-63],[28,-31],[22,-87],[87,-117],[17,-45],[-1,-96],[-25,-96],[6,-52],[30,-38],[3,-53]],[[21400,19882],[-113,352]],[[21824,20591],[54,23],[57,84],[-5,77],[95,21],[143,51],[16,-41],[43,-64],[-30,-16],[-45,-63],[36,-94],[189,75]],[[20170,19986],[27,18],[73,-38],[48,36],[120,-23],[-25,-149],[69,-16],[26,65],[37,-8],[19,83],[25,39],[63,-132],[36,-20],[44,4],[59,122],[62,16],[20,-33],[49,29],[37,122],[-30,8],[13,49],[73,14]],[[19858,20724],[195,84],[71,-21],[27,16],[77,-78],[32,13],[18,-75],[31,-12],[58,6],[9,-78],[42,-27],[211,-84],[53,2],[120,-39],[10,31],[55,-16]],[[19986,21290],[23,-47],[76,25],[110,21],[13,49],[88,16],[4,-17],[77,26],[38,26],[-1,27],[32,44],[-19,21],[3,70],[64,-1],[47,18],[76,-35],[27,29],[82,43],[79,4],[29,34],[57,21],[-8,48],[45,42],[45,-48]],[[20973,21706],[26,-58],[-2,-36],[28,-19],[0,-60],[64,-128],[4,-80],[-33,-45],[-25,-55],[-7,-69],[38,-60],[120,-226]],[[20973,21706],[21,4],[15,94],[-15,40],[32,37],[20,-54],[77,53],[32,-56],[143,81],[60,-4],[40,-34],[5,-59],[14,-18],[-7,-50],[108,36],[27,1],[92,59],[149,62],[66,68],[27,42],[100,42],[45,-1],[46,32],[69,109],[43,-3],[25,22],[40,-3],[3,53],[54,33],[36,7],[18,-48],[36,-35],[3,-170],[-30,-33],[4,-31]],[[22371,21982],[-53,-44],[-17,-29],[-21,-79],[-43,-348],[-29,-158],[1,-46],[34,-96],[9,-51],[43,-73],[21,-82],[32,-43],[31,-90],[-12,-82]],[[22371,21982],[66,49],[51,18]],[[22488,22049],[287,93],[99,22],[81,-33],[67,-54],[126,-15],[63,-14],[67,21],[52,-14],[83,-88],[59,1],[208,174]],[[23680,22142],[42,-70],[132,74],[166,-293],[-288,-164],[-84,-39],[-50,6],[-93,-39],[-109,-3],[-264,-108],[-43,-49],[-52,-169],[-44,-82],[-31,-80],[-155,-69],[-125,-49]],[[23680,22142],[146,53],[119,26],[33,0],[260,79],[45,-9],[89,-43],[74,-86],[41,-61],[301,-88],[197,-67],[-33,228],[0,127],[-13,75],[11,130],[99,199],[-14,25],[88,38],[72,-40],[18,14],[61,-49],[39,-18],[59,7],[35,-13],[120,31],[48,28],[1,39],[75,-9],[27,14],[48,71],[17,112],[99,-22],[86,-11]],[[25928,22922],[28,-44],[-4,-64],[-27,-89],[40,-41],[-1,-31],[35,-39],[22,0],[-14,-97],[91,-109],[26,-11],[12,-69],[-34,-27],[18,-57]],[[26120,22244],[20,-71],[24,-12],[84,-148],[-3,-84],[14,-52],[-9,-72],[58,-76],[38,-13],[12,-29],[125,-140],[42,-64]],[[26525,21483],[-21,-2],[-82,74],[-63,30],[-57,-32],[-28,-44],[-77,31],[1,53],[-35,29],[-66,27],[-63,4],[-48,23],[-26,-6],[-52,-56],[-19,-3],[-99,41],[-74,-71],[-74,-20],[4,-30],[-30,-61],[41,-31],[51,0],[52,-33],[-10,-60],[6,-63],[-30,-53],[-126,10],[-15,-43],[10,-27],[-15,-40],[-41,-12],[-108,14],[-22,51],[-83,50],[-60,-41],[86,-76],[43,-124],[46,-29],[31,-46],[-22,-72],[18,-64],[14,-101],[80,-121],[16,-66]],[[25578,20493],[12,-25],[18,-99],[21,-16],[-1,-44],[39,-65]],[[20241,22348],[49,-68],[9,-45],[39,-5],[141,59],[69,59],[21,-15],[58,59],[22,35],[33,95],[42,20],[3,35],[106,59],[35,29],[13,37],[91,-25],[89,13],[51,35],[70,106],[90,73],[36,20],[72,9],[13,57],[26,9],[90,-29],[86,-43],[39,-48],[25,27],[44,11],[52,79],[75,9],[79,-21],[28,-29],[79,-24],[31,11],[34,73],[58,20],[19,49],[24,8],[-17,68],[26,66],[64,34],[15,67],[87,8],[29,19],[19,65],[-7,71],[11,35],[56,34],[42,-3],[41,51],[81,-91],[47,-90],[29,-23],[4,-87],[62,-43],[25,-30],[9,-88]],[[22805,23155],[-16,-41],[32,-54],[-1,-43],[-54,-94],[-47,-46],[-92,-56],[-22,-112],[-22,-60],[-32,-16],[-1,-32],[126,27],[8,-49],[-21,-34],[-33,-90],[-90,1],[2,-80],[-25,-63],[-52,-54],[16,-69],[-18,-32],[25,-109]],[[23775,24166],[-60,-145],[-46,-47],[-53,-7],[-25,-35],[-18,-55],[0,-101],[-74,-71],[-45,-69],[-84,-61],[-37,-39],[-57,-42],[-42,-10],[-31,-51],[-155,-77],[-80,-77],[-37,-8],[-119,-97],[-7,-19]],[[24199,24964],[70,-1],[107,-19],[43,-28],[67,-67],[55,-25],[152,-13],[56,-35],[108,-95],[160,-88],[84,-36],[88,-49],[35,-45],[25,-67],[7,-65],[26,-55],[75,-114],[125,-129],[-2,-172],[19,-67],[35,-85],[18,-66],[-16,-58],[63,-142],[23,-9],[165,-18],[49,49],[79,31],[96,6],[25,23],[75,5],[47,-11]],[[26158,23519],[2,-79],[-20,-52],[20,-53],[-43,-96],[36,-21],[-5,-56],[-23,-19],[-170,-77],[-27,-144]],[[24670,25702],[76,125],[16,68],[29,36],[60,37],[4,47],[-43,64],[9,41],[42,31],[62,14],[65,-19],[48,-30],[40,33],[25,52],[-19,45],[-1,47],[70,23],[16,25],[-11,49],[18,52],[-31,93],[90,37],[30,23],[2,43],[27,33],[68,-23],[106,-47],[130,29],[37,24],[26,38],[-2,101],[58,54],[21,56],[45,5],[52,-13],[63,0],[102,60],[66,47],[79,28],[35,2],[55,31],[44,-6],[59,17]],[[26338,27074],[10,-56],[27,-34],[-13,-96],[22,-69],[24,-10],[-4,-52],[16,-44],[47,-33],[51,-68],[45,-37],[-4,-76],[-20,-16],[-25,-60],[29,-95],[37,-28],[19,-53],[-28,-41],[13,-51],[-27,-76],[-49,-57],[-6,-100],[47,-17],[49,-35],[3,-97],[-21,-69],[-22,-35],[-48,-44],[4,-44],[46,-60],[-14,-51],[21,-38],[54,-48],[21,-39],[-3,-57],[96,-48],[11,-32],[32,-14],[53,18],[34,-24],[90,18],[136,8],[81,-12],[7,-42],[42,-62],[-13,-54],[-44,-12],[-34,10],[-33,-30]],[[27097,25012],[-8,-52],[-29,-38],[-31,-91],[1,-56],[-55,-7],[3,-51],[-44,-25],[18,-35],[-54,-42],[-22,-50],[-37,-11],[-37,-33],[-92,-40],[18,-45],[-26,-26],[-71,-3],[-82,-79],[-10,-90],[-66,-75],[-50,-17],[-34,20],[-33,-28],[17,-22],[-72,-80],[-58,-19],[-106,-58],[-3,-64],[-14,-20],[-15,-82],[-26,-31],[47,-62],[13,-37],[42,-57],[-23,-87]],[[27097,25012],[153,-7],[23,24],[-24,28],[21,50],[36,9],[40,58],[81,-23],[15,35],[35,10],[2,51],[60,-3],[23,16],[41,-20],[30,44],[89,8],[35,20],[-6,29],[102,55],[31,6],[61,43],[15,-96],[69,41],[28,33],[54,10],[33,25],[90,-5],[6,-49],[60,-7],[18,-21],[36,16],[28,-31],[-5,-37],[23,-58],[58,-67],[-44,-48],[29,-37],[17,-60],[64,8],[24,-34],[67,-34],[47,-51],[-99,-59],[-14,-44],[17,-81],[23,-40],[24,-74],[-9,-61]],[[28604,24584],[-88,24],[-55,-50],[-35,-13],[-5,-28],[-38,-39],[-26,-50],[-48,-6],[-29,-34],[-13,-50],[-44,-41],[-32,-14],[-63,10],[10,-87],[17,-53],[6,-69],[-123,-151],[-24,-98],[30,-110],[-54,-13],[24,-38],[-96,-100],[-33,-66],[-75,59],[-25,77],[-41,36],[-88,-77],[-35,8],[-52,-14],[-3,-28],[-37,-17],[-69,24],[-92,16],[-15,-13],[-79,-11],[-14,-33],[15,-47],[-1,-119],[11,-68],[-64,-10],[-33,17],[-97,24],[106,-198],[53,-90],[26,-95],[23,-55],[-440,-161],[6,-69],[-44,-5],[-63,18],[-102,6],[-99,-55],[-89,-81],[-76,-77],[-19,-34],[-12,-71],[-44,-45],[-49,-29],[-148,-47]],[[28604,24584],[-18,-80],[6,-45],[27,-26],[-43,-87],[8,-41],[-1,-128],[-33,-58],[14,-30],[-12,-76],[15,-32],[-26,-116],[43,-79],[114,-126],[40,-16],[108,-110],[313,-329]],[[29159,23205],[-344,-167],[-61,-34],[-147,-97],[-43,-20],[-138,-28],[-152,-64],[-368,-74],[-81,-10],[43,-46],[43,-96],[-10,-35],[-145,-90],[5,-23],[55,-47],[-4,-14],[64,-99],[50,-57]],[[27926,22204],[-20,-42],[-29,-4],[-39,-48],[-13,-44],[25,-44],[-30,-36],[-59,-7],[-70,-31],[-55,3],[-68,42],[-76,-17],[-131,-1],[-165,36],[-90,-18],[-16,32],[-89,38],[-89,29],[-109,20],[-45,-18],[-73,-53],[-31,-104],[6,-44],[-12,-34],[-51,-7],[-109,4],[14,-56],[27,-21],[-10,-35],[53,-19],[-3,-120],[-19,-13],[-15,-104],[-10,-5]],[[29159,23205],[84,-37],[19,-44],[57,-56],[92,-107],[126,-78],[36,-40],[60,-45],[48,6],[24,-68],[36,-52],[0,-41],[24,-27],[99,36],[35,-33],[45,13],[80,-4]],[[30024,22628],[-60,-57],[-29,-68],[32,-84],[16,-84],[-25,-43],[-86,-47],[-108,-43],[20,-49],[-31,-42],[-34,0],[13,-45],[-83,-34],[-4,-70],[-13,-49],[-76,-18],[-61,-30],[-43,-51],[-36,0],[-21,-28],[-93,2]],[[29302,21788],[-66,23],[-33,-91],[12,-34],[-100,-40],[-37,34],[-62,-38],[-43,6],[-104,-40],[-144,25],[-32,58],[-71,35],[-13,59],[-103,-41],[-39,9]],[[28467,21753],[-21,69],[-35,42],[-91,48],[-37,66],[-66,15],[-119,8],[-40,-13],[-3,95],[-41,71],[4,69],[-41,26],[-30,-6],[-21,-39]],[[32664,24685],[6,-44],[48,-64],[-25,-57],[4,-78],[-31,-37],[12,-75],[-7,-59],[-50,-63],[-38,-4],[-97,42],[-28,22],[-78,4],[-47,-26],[-90,5],[-36,-17],[-40,30],[-27,52],[-86,-42],[-33,3],[-102,-75],[-21,-87],[-22,-30],[-67,-32],[-49,42],[-79,-48],[-9,-26],[-113,-51],[-47,3],[-61,-51],[-33,-57]],[[31418,23865],[-93,174],[-28,70],[30,28],[13,93],[-69,53],[-175,-37],[13,231],[-118,138],[-30,19],[1,55],[-324,-1],[-22,15],[-86,22],[-35,-6],[11,68],[-86,51],[-28,4],[-57,-21],[-31,35],[-38,-8],[-163,-11],[-49,73],[2,81],[-29,3],[16,50],[62,40],[117,30],[61,8],[97,60],[28,39],[-11,77],[-113,16],[-6,28],[-52,-11],[-37,68],[92,7],[-42,87],[25,73],[1,121],[-18,25],[5,42],[-13,72],[-21,24],[15,61],[66,178],[62,-57],[65,-94],[23,-63],[25,12],[36,62],[23,92],[-10,115],[66,148],[42,50],[139,83],[-11,120],[14,24],[6,108],[37,6],[26,-73],[48,11],[66,155],[126,55],[-8,-47],[8,-60],[21,-49],[33,-163],[38,-40],[41,0],[2,-127],[-22,-73],[6,-111],[-23,-27],[43,-151],[8,-60],[96,-158],[7,-27],[97,-24],[77,-9],[47,-61],[49,0],[71,67],[39,72],[49,65],[60,123],[54,50],[46,0],[61,65],[55,25],[45,7],[61,-11],[4,-67],[18,-60],[37,-44],[13,-34],[-8,-45],[34,-24],[122,-189],[40,36],[29,-63],[-8,-80],[23,-133],[22,-38],[-12,-55],[-48,-71],[-34,-11],[-110,-74],[-27,-62],[7,-53],[-31,-45],[-12,-60],[26,-15],[36,-50],[0,-56],[27,-96],[-9,-42],[64,-18],[51,-99],[117,37],[150,77]],[[26338,27074],[145,38],[13,18],[-41,55],[-3,71],[-31,29],[30,33],[170,73],[15,68],[36,48],[64,60],[36,111],[38,46],[-7,60],[167,56],[92,43],[70,-19],[39,12],[74,89],[59,26],[62,5],[26,26],[15,73],[54,79],[43,43],[49,17],[16,31],[83,78],[94,70],[53,52],[39,112],[39,53],[95,23],[-11,85],[26,42],[55,24],[-17,100],[68,104],[3,38],[46,83],[-19,89],[-111,101],[-14,45],[11,55],[45,31],[48,14],[-14,45],[-41,17],[-4,49],[49,34],[14,31],[62,21],[188,27],[264,156],[73,24],[38,24],[28,55],[24,83],[63,100],[42,28],[45,0],[135,-52],[70,-55],[101,-66],[59,-27],[59,-11],[104,38],[38,35],[25,45],[114,0],[78,-15],[123,-78],[155,108],[69,38],[27,-6],[67,-69],[47,4],[75,31],[107,-28],[40,-86],[58,16],[63,2],[44,-27],[56,-140],[25,-15],[27,-55],[112,-34],[56,-7],[24,-28],[8,-43],[51,-29],[61,-3],[10,-34],[35,-7],[50,-69],[53,-28],[52,-13],[1,-57],[32,-34],[48,-28],[103,22],[44,-37],[50,20],[28,-4],[7,-41],[26,-37],[41,-19],[-8,-68],[6,-45],[46,-61],[-50,-59],[16,-29],[59,-16],[78,-50],[82,-102],[44,-24],[126,12],[23,-20],[16,-55],[19,-15],[59,8],[29,-14],[63,-58],[59,-74],[63,-12],[30,51],[43,10],[71,-33],[15,-29],[73,-50],[13,-44],[25,-20],[45,38],[91,-54],[71,-26],[72,11],[26,29],[37,-4],[19,-37],[-4,-81],[-36,-68],[-73,-44],[-14,-84],[-27,-52],[6,-31],[52,-63],[19,-77],[-27,-75],[22,-78],[32,6],[49,-30],[38,-2],[29,-28],[102,27],[17,-16],[56,1],[-42,-75],[-49,-18],[2,-29],[-57,-45],[-1,-103],[-27,-1],[-64,-33],[47,-42],[15,-38],[-1,-91],[-14,-40],[59,-84],[49,-3],[124,54],[12,-103],[45,-3],[41,-22],[36,-63],[62,-28],[7,-40],[-28,-50],[13,-31],[-4,-51],[30,-22],[28,-57],[79,3],[24,-15],[67,1],[24,12],[59,-10],[72,17],[80,-79],[59,-8],[67,85],[16,34],[47,15],[100,-8],[53,-27],[17,-38],[-2,-129],[-14,-43],[-41,-28],[-6,-56],[10,-75],[20,-14],[24,-59],[76,-10],[24,-56],[57,-5],[40,-27],[138,-9],[38,-43],[27,-58],[-16,-47],[12,-53]],[[34627,25952],[-64,-45],[-60,8],[-20,-29],[-36,23],[-33,-20],[-86,5],[-62,24],[-13,-43],[-33,-26],[-19,-54],[-47,-20],[-240,-180],[-25,-49],[-44,-33],[-30,18],[-29,-56],[-37,11],[-53,-9],[-101,-60],[-15,-73],[-36,-36],[-61,6],[-37,-47],[-68,-32],[-47,-60],[-54,-5],[-33,-55],[-39,-17],[-27,-43],[-51,-33],[-35,7],[-59,-89],[-77,-50],[-63,-16],[-41,-89]],[[32852,24785],[-188,-100]],[[31418,23865],[-20,-51],[-30,-27],[-133,-78],[-70,-10],[3,-50],[-39,-60],[-80,15],[-36,-18],[-6,-68],[-31,-43],[-56,-17],[6,-65],[-29,-25],[-23,-49],[-23,-1],[-44,32],[-30,0],[-33,35],[-47,11],[-24,-34],[7,-32],[-43,-22],[-36,-52],[-25,-64],[-35,-38],[-163,-46],[-38,23],[-22,-47],[-57,-1],[-3,-158],[-22,-49],[-36,-21],[38,-57],[-35,-43],[-69,-29],[9,-25],[54,-37],[3,-22],[-72,-53],[-34,-37],[-31,10],[-39,66]],[[25484,17595],[46,-58],[46,-29],[41,-4],[225,45],[35,43],[19,89],[61,73],[24,51],[50,56],[126,55],[315,254],[136,91],[16,1]],[[26624,18262],[22,-20],[32,-65],[13,-64],[-2,-54],[20,-68],[3,-88],[-50,-50],[-13,-39]],[[26649,17814],[-7,-58],[-22,-44],[18,-27],[6,-59],[54,-109],[44,-47],[1,-32],[-56,-113],[-44,-43],[3,-47],[-60,-88],[100,38],[37,-53],[37,-100],[8,-81],[-28,-79]],[[26740,16872],[-5,-44],[-44,-30]],[[26691,16798],[-41,93],[-83,2],[-47,21],[-56,-39],[-73,14],[-97,-32],[-49,5],[-32,77],[5,37],[-30,37],[-111,67],[-55,64],[-49,40],[-59,77]],[[26691,16798],[6,-28]],[[26697,16770],[-1,-55],[-22,-31],[9,-40],[-12,-36],[-84,3],[-102,-28],[-46,-74],[4,-62],[-18,-51],[-44,-62],[-38,-70],[-5,-51],[-25,-37],[15,-52],[-13,-29],[-45,-32],[15,-41],[-25,-19],[-38,-106],[-11,-73],[-52,-50],[-9,-80],[-35,-38],[-112,-38],[-59,-94],[-38,1],[-41,-23],[10,-52],[-31,-52],[-46,-18]],[[25798,15380],[-28,49],[0,36],[-143,69],[-22,29],[-76,-11],[-79,3]],[[26327,18980],[-25,-82],[8,-69],[-13,-55],[-29,-34],[-22,-53],[-1,-95],[14,-54],[34,-46],[16,-45],[121,-2],[93,-129],[71,-13],[30,-41]],[[26649,17814],[74,-21],[101,192],[96,55],[11,-29],[90,-77],[140,37],[111,-25]],[[27272,17946],[-25,-7],[-39,-70],[-84,-68],[-4,-63],[24,-34],[-14,-25],[11,-39],[-36,-35],[-14,-46],[-1,-60],[-15,-80],[17,-64],[-24,-46],[6,-66],[-45,-54],[-58,-96],[-47,-39],[-34,-121],[-63,-46],[-87,-15]],[[26327,18980],[89,63],[299,186],[91,-96],[121,-8],[36,22],[77,6],[174,31],[60,2],[192,39]],[[27466,19225],[-6,-48],[46,-60],[27,-81],[100,-31],[-34,-32],[-28,-87],[18,-34],[-31,-25],[-31,8],[-37,-63],[2,-38],[-20,-29],[44,-70],[-42,-154]],[[27474,18481],[29,-70],[-71,-97],[4,-43],[-19,-87],[14,-75],[-5,-32],[-40,-19],[-55,-46],[-59,-66]],[[25578,20493],[111,35],[155,27],[129,7],[104,-5],[113,-17],[211,-46],[127,-13],[94,11],[81,19],[106,47],[55,36],[122,107],[417,388],[87,64],[96,43],[141,35]],[[27727,21231],[4,-26],[39,-36],[36,-4],[87,-95],[-43,-169],[14,-62],[30,-46],[-11,-116],[-15,4],[-17,-112],[-49,4],[-6,-95],[-41,-20],[10,-36],[-17,-59],[-27,-33],[11,-52],[-76,-31],[-24,16],[-89,24],[-105,62],[-10,-29],[-64,-47],[-53,-15],[-20,67],[-61,1],[-54,14],[-46,-29],[-114,-5],[-16,-66],[57,-23],[-6,-45],[16,-75],[46,-28],[70,-12],[32,37],[67,-15],[83,37],[34,-44],[51,28],[21,-15],[-30,-53],[6,-40],[34,-11],[-36,-84],[-3,-52],[-23,-73]],[[27419,19772],[-60,-121],[19,-30],[-97,-82],[42,-53],[-7,-25],[-42,-44],[1,-47],[65,17],[30,22],[17,-46],[64,29],[3,-85],[33,5],[20,-31],[-38,-25],[-3,-31]],[[28467,21753],[3,-71],[-59,-50],[-33,-41],[-26,-102],[-56,-60],[-39,-75],[-530,-123]],[[29302,21788],[17,-19],[-7,-43]],[[29312,21726],[-44,-165],[-34,-16],[16,-40],[-12,-61],[16,-74],[-31,-97],[-64,-33],[17,-43],[32,-14],[-18,-40],[15,-35],[-31,-20],[-38,-49],[-45,-28],[-39,-121],[-69,-48],[-36,3],[-44,-45],[-49,3],[-52,-38],[27,-38],[6,-97],[-7,-28],[17,-73],[34,-90],[30,-11],[47,-123],[2,-38],[48,-84],[-10,-43],[11,-27],[-29,-100],[-96,23],[-45,1],[-48,-71],[-28,-20],[-45,-66],[-20,-53],[4,-47],[72,-31]],[[28772,19749],[-205,-163],[-46,-10],[-77,-43],[-22,17],[-54,-18],[-41,46],[-54,-19],[-35,24],[0,35],[-34,38],[-41,-3],[-55,34],[-54,-36],[-41,2],[-40,21],[-25,-16],[-68,23],[-122,0],[-79,43],[-46,-2],[-121,57],[-53,6],[-40,-13]],[[28772,19749],[30,34],[63,-14],[56,49],[81,8],[64,26],[68,4],[50,35],[81,25],[39,0],[52,-22],[48,6],[85,-102],[39,-145],[4,-88],[-25,-155],[-67,-111],[-43,-8],[-21,-60],[49,-160],[-9,-56],[-51,-47],[59,-20],[20,-74],[55,-141],[8,-41],[100,-81],[-33,-179]],[[29574,18432],[-24,-124],[21,-55],[-31,-53],[-82,-9],[-59,-36],[-16,-24],[39,-58],[-67,-7],[-31,-68]],[[29324,17998],[-52,12],[-288,-18],[-23,242],[-207,-25],[-303,-44],[-79,-7],[-41,8],[-307,114],[-306,109],[-244,92]],[[29324,17998],[8,-86],[-25,-25],[-120,-10],[-121,15],[-45,-50],[-14,-162],[11,-74],[69,-32],[-15,-53],[-42,-20],[7,-83],[-82,-128],[-24,-76],[-32,-40]],[[28899,17174],[-45,-52],[-98,-62],[-23,-31],[9,-32],[193,-166],[63,-63],[86,-99],[85,-121],[71,-59]],[[29240,16489],[-136,-189],[-60,-37],[-59,4],[-45,72],[-39,-26],[8,-30],[-89,-50],[-14,-64],[-75,12],[-19,-33],[-5,-81],[-65,-69],[-9,-56],[-26,-40],[6,-26],[-31,-26],[11,-25],[-30,-44],[-36,-128],[-20,-38]],[[28507,15615],[-13,26],[-47,27],[40,62],[-18,82],[-64,35],[-68,11],[-58,42],[-70,108],[-2,93],[5,120],[9,46],[-1,136],[-98,84],[-39,-75],[-60,-17],[-22,29],[9,29],[-8,83],[-68,150],[-37,59],[-26,19],[28,94],[-23,17],[-67,-5],[-43,-32],[-122,-55],[-189,22],[-69,25],[-65,4],[-99,73],[-46,146],[-68,-79],[-21,-44],[-65,-42],[-67,-19],[-55,-32],[-90,-81],[-16,-26],[-97,40]],[[29240,16489],[54,-35],[92,-90],[29,-48],[53,-52],[41,-107],[18,-144],[18,-60],[-8,-36],[8,-122],[40,-32],[-4,-48],[38,-30],[30,-1],[28,-37],[52,-32],[-38,-81],[-26,-17],[-33,-64],[21,-129],[-18,-56],[-50,-70],[11,-67],[-32,-67],[29,-88],[106,-119],[25,-13],[14,-121],[40,-30],[10,-60],[-21,-77],[32,-56],[14,-46],[36,-41],[2,-34],[36,-63],[-16,-78],[-46,-41],[-19,-67],[-32,-32],[39,-31],[-3,-71],[-37,-8],[-18,-52],[26,-63],[-24,-119],[30,-45],[-10,-55],[-82,-14],[11,-61],[-30,-46],[-33,-22],[-20,-63],[-78,-99],[-18,-61],[-8,-93],[25,-27],[-40,-23],[-10,-63],[-39,-2],[-63,-39],[-59,-18],[-14,-47],[-67,-13],[-23,-20],[-59,-7],[4,-69],[-54,-26],[-28,14],[-50,-66],[-50,-6],[-31,-34],[-75,-5],[3,-34],[-92,-15],[-43,-33],[-30,-60],[-61,-23],[-57,-69],[-48,-8],[-27,-34],[17,-61],[31,-30],[-7,-52],[13,-27],[49,-27],[1,-48],[-23,-4],[-3,-48],[-29,-56],[36,-59],[14,-78],[-59,-82],[-3,-77],[-30,-47],[-44,-5],[-76,-57],[-5,-60],[-42,-49],[-30,-12],[-69,-66],[-9,-52],[-38,-98],[-63,-33],[-6,-29],[-43,-54],[-54,-51],[-62,-8],[-98,-87],[-51,-20],[-21,-24]],[[27827,11067],[-49,29],[109,95],[52,79],[1,69],[-71,48],[-39,-16],[-61,40],[-51,61],[-15,80],[-92,60],[-7,36]],[[27604,11648],[38,12],[-26,51],[8,36],[34,45],[-19,34],[-15,72],[25,22],[-18,96],[10,19],[-12,67],[30,86],[-17,40],[42,60],[0,114],[33,37],[-15,67],[-27,19],[-101,-10],[-15,-36],[23,-43],[-5,-68],[-22,-47],[-53,-17]],[[27502,12304],[-10,110],[-29,38],[-8,59],[8,96],[11,32],[-5,99],[-24,19],[-41,80],[-61,51],[-42,99],[11,78],[-18,40],[-4,55],[19,68],[-53,143],[-39,31],[-59,25],[-59,57],[-102,82],[-42,43],[-36,83]],[[26919,13692],[6,42],[40,20],[72,111],[84,84],[23,-3],[73,74],[34,23],[26,47],[0,38],[56,33],[16,32],[58,16],[78,106],[-24,46],[42,38],[29,107],[47,75],[38,36],[8,48],[44,43],[24,42],[41,14],[7,38],[51,8],[43,25],[38,50],[57,18],[34,93],[72,40],[49,60],[162,18],[26,38],[40,9],[14,28],[-10,129],[16,137],[94,108],[36,6],[44,46]],[[26919,13692],[-46,38],[-77,32],[-32,39],[-69,9],[-24,31],[6,34],[-63,76]],[[26614,13951],[31,33],[8,94],[22,88],[5,49],[52,32],[-25,54],[60,21],[10,60],[-36,58],[39,19],[0,50],[-42,25],[-1,50],[29,110],[-10,56],[-102,-59],[-42,-50],[-69,-15],[-39,-52],[-65,-28],[-94,-16],[-36,53],[-80,5],[-33,47],[-120,9],[-51,47],[-52,99],[-7,97],[-32,85],[-8,64],[-34,43],[-13,50],[-48,64],[-33,187]],[[31791,17101],[51,234],[-23,134],[-175,215],[12,36],[-50,57],[-50,110],[-4,65],[-20,50],[-120,48],[-51,66],[-63,43],[-83,-19],[-85,34],[-63,2],[-27,14],[-29,60],[18,38]],[[31029,18288],[207,161],[202,147],[136,82],[366,178]],[[31940,18856],[15,-96],[50,7],[4,-176],[68,-14],[73,-82],[83,-22],[-11,-40],[40,-11],[-13,-51],[146,-77],[69,-49],[32,1],[50,-24],[74,-77],[13,-140],[50,-48],[65,-45],[-60,-47],[-8,-21],[-50,-20],[-8,-34],[-73,-18],[-55,-29],[-48,-70],[-57,-46],[6,-48],[-54,-28],[-60,41],[-6,-78],[-59,-10],[-14,-37],[-40,2],[-84,-68],[-64,-16],[-10,-56],[-86,-113],[-127,-115]],[[31029,18288],[12,21],[-24,42],[3,40],[-34,110],[-27,49],[-79,84]],[[30880,18634],[18,31],[-36,138],[13,50],[-9,30],[41,29],[41,94],[38,112],[38,78],[-2,48]],[[31022,19244],[32,2],[106,-36],[30,-35],[39,-12],[62,6],[38,-14],[44,-83],[28,-34],[20,41],[42,31],[59,8],[24,20],[46,75],[22,76],[50,48],[44,-5],[137,22],[68,98],[56,-5],[38,94],[15,153],[60,8],[94,-43],[105,-91],[165,-112]],[[32446,19456],[-93,-79],[-5,-50],[-57,-59],[11,-70],[60,-59],[-7,-53],[23,-49],[50,-36],[72,-11],[0,49],[35,-14],[34,15],[-1,64],[47,-32],[-30,-57]],[[32585,19015],[-80,-44],[-59,-22],[-144,21],[-50,-3],[-141,-35],[-74,-26],[-97,-50]],[[32585,19015],[18,-44],[36,-31],[37,-64],[-1,-34],[21,-84],[48,-2],[46,-27],[25,-49],[-34,-87],[25,-6],[36,-88],[8,-87],[76,-29],[34,14],[49,-101],[80,17],[40,-19],[29,11],[32,-28],[57,-95],[-47,-44],[30,-45],[-37,-19],[-19,-43],[9,-68],[78,-89],[16,18],[55,14],[42,-8],[51,16],[44,-8],[-10,-37],[50,-10],[70,27],[72,-1],[74,-35]],[[33725,17850],[31,-98],[16,-124],[-28,-107],[11,-46],[-38,-46],[-86,5],[-170,-23],[1,-35],[-22,-62],[-65,-92],[-7,-100],[-46,-83],[-78,-67],[-6,-16],[-74,-63],[-45,-49],[-76,-110],[-65,-5],[-83,-45],[-130,52],[-98,-8],[-12,-34],[-62,-54],[-26,-62],[119,-93],[25,-34],[63,-53],[70,-78],[36,-21],[-6,-43],[-48,-29],[-17,-91],[-28,-20],[-98,-10],[-48,-85],[-34,-42],[-125,-33],[-51,3],[-28,33],[-39,153],[-52,68],[-73,-9],[22,86],[-59,109],[-58,1],[-50,15],[-50,64],[12,88],[-19,49],[-61,36],[-109,38],[-53,-28],[-25,10],[-36,87]],[[31747,16749],[39,211],[5,141]],[[31747,16749],[-178,114],[-82,-7],[-21,-54],[-49,42],[-189,-24],[0,-62],[-64,0],[0,65],[-78,-9],[-96,-223],[-41,49],[-15,36],[-38,-5],[-52,28],[-32,-17]],[[30812,16682],[-40,24],[-14,76],[-40,22],[-64,117],[-8,59],[19,7],[-1,54],[14,30],[64,55],[8,82],[-15,10],[33,74],[-34,43],[-12,47],[-28,15],[-19,46],[-104,50],[-23,-9],[-42,60],[-53,12],[-15,32],[-61,47],[-19,44],[-57,56],[7,65],[-10,28],[-51,65],[-77,67],[-14,40],[-41,39],[-125,-6],[-29,15],[-33,72],[-1,40],[55,56]],[[29982,18216],[85,37],[27,28],[-12,39],[53,35],[-13,56],[30,4],[39,66],[48,-1],[21,58],[53,0],[-15,-39],[50,0],[45,-17],[66,84],[32,28],[46,8],[19,-19],[-29,-40],[57,-20],[64,31],[46,-20],[33,6],[25,-41],[26,33],[86,41],[-22,63],[38,-2]],[[29574,18432],[111,-97],[50,26],[19,-41],[40,2],[26,-45],[34,54],[24,-28],[-22,-73],[34,-13],[63,27],[29,-28]],[[30812,16682],[-140,-149],[3,-68],[-22,-49],[-49,-64],[-83,-18],[-54,-144],[-29,-9],[-59,67],[-52,98],[-83,73],[-43,14],[-106,52],[-98,30],[-28,39],[-78,74],[-46,20],[0,107],[-192,59],[-368,154],[-55,17],[-196,17],[-100,73],[-1,63],[-34,36]],[[29312,21726],[177,-120],[52,-40],[149,-100],[294,-203],[49,-40],[15,-34],[42,-198],[0,-43],[64,-502],[33,-101],[37,-61],[66,-55],[123,-72],[93,-34],[38,-64],[-9,-48],[24,-35],[-26,-62],[30,-57],[-38,-91],[24,-38],[125,-4],[21,-41],[-9,-55],[57,-54],[1,-34],[27,-38],[-2,-32],[-34,-37],[-5,-78],[50,-47],[66,-7],[38,-17],[54,-52],[84,12]],[[32852,24785],[31,-64],[-7,-198],[1,-73],[24,-54],[35,-199],[-27,-100],[36,-38],[32,-62],[12,-76],[-56,-77],[-38,-23],[2,-65],[-20,-52],[12,-64],[-23,-58],[-42,-42],[26,-51],[2,-62],[-31,-27],[-23,-79],[-6,-133],[44,-73],[30,2],[53,-33],[34,-39],[16,-42],[80,-95],[53,-50],[18,-38],[81,-89],[28,-49],[-48,-48],[-14,-45],[66,-40],[46,-60],[49,-9],[16,-19],[-15,-46],[38,-75],[-15,-48],[-50,-40],[-39,-1],[-36,-35],[-24,5],[-40,-56],[-21,-50],[-58,-15],[-35,-37],[-60,-32],[-34,-83],[42,-43],[50,-74],[62,-21],[13,-35],[93,-74],[27,-8],[52,-69],[138,-158],[48,36],[43,9],[103,77],[61,-23],[79,26],[26,40],[64,-13],[64,18],[29,19],[63,-9],[15,17],[85,-41],[18,-31],[74,-24],[46,-50],[35,-72],[-10,-73],[63,-81],[37,-7],[97,-54],[23,-33],[8,-53],[-10,-57],[16,-95],[34,-8],[45,26],[49,7],[27,-43],[105,18],[123,52],[49,-15],[36,16],[40,46],[54,-13],[31,14],[72,-11]],[[35174,21081],[-14,-77],[-38,-72],[-173,-148],[-94,-27],[-91,-17],[-78,-2],[-80,19],[-125,47],[-124,-42],[-39,-74],[-47,-47],[-376,-101],[-63,-75],[-87,-70],[-61,-15],[14,-43],[-31,-19],[-210,-161],[-34,-71],[-42,-64],[-73,-13],[-29,-18],[-77,-185],[17,-45],[-17,-49],[-59,-35],[-30,-66]],[[33113,19611],[-229,299],[-89,-67],[-16,-41],[-30,-2],[-44,-44],[5,-29],[-36,-45],[-76,-22],[-23,-54],[-69,-35],[-28,-44],[-3,-43],[-29,-28]],[[35174,21081],[47,-22],[34,26],[135,27],[47,-30],[173,-145],[195,-154],[168,-124],[34,-42],[29,-57],[29,-17],[13,-71],[73,-90],[6,-31],[-17,-51],[11,-34],[65,-26],[-20,-78],[0,-51],[17,-65],[-39,-52],[23,-74],[24,-15],[27,-54],[-90,-20],[-55,-32],[-43,-7],[-88,-40],[-55,-41],[-69,1],[-12,-59],[17,-45],[-20,-74],[-32,-50],[14,-56],[-31,-69],[17,-95],[-14,-61],[-68,5],[-69,-63],[-15,-47],[-54,-46],[-36,25],[-40,66],[-43,-15],[-57,-55],[-9,-38],[31,-72],[-22,-74]],[[35405,18889],[-20,-11],[-83,56],[-34,40],[-79,27],[-33,59],[3,52],[-30,58],[-22,15],[-106,-17],[-71,-42],[-34,-37],[-29,39],[-72,-15],[-9,67],[-25,38],[-31,4],[-68,-20],[-51,16],[-10,-35],[7,-58],[-19,-26],[20,-61],[-37,-1],[-84,25],[-12,-25],[67,-84]],[[34543,18953],[-34,6],[-47,-43],[-42,-16],[-53,54],[-20,56],[-40,38],[-9,40],[-85,86],[-8,30],[-140,-28],[-25,-26],[-114,-58],[-47,3],[-114,-31],[-34,37],[-145,109],[-143,68],[-35,63],[-88,63],[-207,207]],[[34543,18953],[84,-114],[14,-41],[32,-24],[25,-45],[25,-90],[22,-32],[-127,-89],[-102,-83],[-95,-131],[-47,-103],[9,-59],[-10,-73],[27,-97],[33,-41],[-28,-29],[5,-99],[-49,-36],[-25,-113]],[[34336,17654],[-611,196]],[[34336,17654],[14,17],[66,-33],[32,5],[27,-50],[46,-15],[40,22],[70,-18],[39,-34],[22,-81],[118,-104],[62,-2],[30,-25],[24,-54],[6,-47],[87,-88],[54,-89],[0,-70],[30,-96],[8,-50],[-9,-82],[-17,-58],[-35,-23],[-13,-49],[0,-140],[23,-82],[-34,-25],[5,-61],[-16,-18],[80,-249],[-5,-18],[40,-99],[-18,-81],[17,-39],[-11,-36],[-36,-25],[17,-27],[20,-87],[-25,-70],[-56,-84],[-27,-82],[-57,-39],[-10,-43],[-28,-36],[16,-39],[-22,-16],[49,-127],[34,-28],[30,-114],[52,-81],[26,-112],[-40,-47],[-32,-60],[24,-24],[-44,-51],[-7,-100],[13,-41],[-111,-109],[-85,-60],[-23,-65],[24,-12],[12,-76],[-29,-53],[31,-32],[-9,-58],[-97,-51],[-2,-30],[-32,-44],[1,-43],[54,-59],[42,13],[90,3],[94,53],[65,20],[60,-22],[56,28],[75,6],[31,26],[44,-15],[10,-69],[20,-51],[-13,-54],[11,-135],[-40,-89],[26,-13],[-2,-69],[13,-19],[-39,-43],[-10,-71],[16,-18],[-26,-52],[-31,-31],[-33,-57],[-48,-143],[-22,-9],[-6,-58],[-41,-24],[-26,-67],[10,-57],[-34,-28],[-23,-46],[-45,-157],[-2,-35],[-78,-89],[-57,-102],[-30,-25],[-108,-167]],[[34698,12091],[-44,55],[-5,60],[-46,56],[-35,6],[-60,-67],[-27,-69],[-67,12],[-112,-127],[-79,-53],[-26,-69],[-56,-31],[-71,37],[30,79],[-31,6],[-9,51],[-45,8],[27,47],[10,77],[-77,-14],[-16,15],[-47,-14],[-1,-65],[-56,-62],[-36,-85],[-36,-46],[-18,-91],[-18,-8],[-117,24],[-27,-21],[-35,-60],[-43,-43],[-40,60],[-57,-31],[-84,14],[-76,-73],[-72,-120],[-51,-59],[-113,-55],[-46,5],[-46,62],[-51,27],[-54,4],[-36,-15],[-75,-62],[-16,-2],[-87,50],[-50,41],[-83,-38],[14,-40],[-67,-67],[-51,26],[-18,-30],[-2,-66],[-20,-13],[-25,-62],[-13,-65],[12,-33],[-12,-75],[-45,-5],[-23,22],[-59,1],[-24,32],[-84,-6],[-109,-101],[2,-42],[-81,-131],[-29,-62],[-78,9],[-67,50],[-45,-9],[-68,40],[-62,-2],[-4,24],[-56,-11],[-106,18],[13,44],[-26,27],[25,43],[-5,120],[-14,25],[-38,6],[-61,45],[-145,-70],[-21,-25],[-60,16],[-29,33],[-54,34],[-27,38],[-81,8],[-35,92],[-71,-10],[-36,41],[-66,-21],[-75,16],[-45,-14],[-32,47],[-69,26],[-38,-29],[-22,-51],[-27,-19],[-15,-72],[-20,-32],[-45,-18],[-37,-39],[-22,-105],[-51,2],[-19,-24],[10,-111],[36,-87],[-30,-71],[-27,-33],[1,-31],[-66,-47],[-112,-57],[-47,-14],[10,-41],[-2,-73],[-70,-80],[-86,-80],[-61,27],[-144,-64],[-91,3],[-71,-26],[-60,47],[-68,-20],[-77,-59]],[[29165,10226],[-18,29],[-46,19],[-22,27],[-63,28],[-22,36],[15,57],[-51,55],[18,60],[-67,161],[-63,68],[-25,11],[-60,64],[-44,10],[-49,75],[-65,28],[-38,-35],[-32,-57],[-75,26],[-60,-3],[-36,43],[-110,48],[-58,2],[-69,27],[-30,-21],[-28,72],[-30,14],[-28,54],[-87,-50],[-9,-37],[-40,22],[-46,8]],[[35405,18889],[37,-22],[58,-9],[-4,-71],[10,-52],[90,-38],[15,-57],[-8,-41],[-57,-47],[-45,-5],[-23,-49],[18,-105],[25,-64],[-5,-49],[73,-27],[29,-57],[121,-45],[44,3],[56,-23],[111,-20],[48,-40],[84,-30],[61,28],[67,9],[7,34],[61,27],[102,-3],[28,20],[44,-11],[46,31],[40,-18],[48,3],[19,65],[44,9],[27,60],[38,6],[22,63],[25,29],[-27,75],[-9,51],[25,9],[23,73],[50,-9],[46,12],[117,-47],[17,-54],[39,-43],[46,9],[35,-16],[22,-31],[44,-6],[118,66],[92,-12],[90,41],[76,1],[71,27],[26,25],[14,48],[24,22],[73,39],[58,74],[55,28],[53,41],[61,-6],[46,29],[59,-32]],[[38105,18807],[58,-40],[30,-73],[42,1],[76,-16],[18,-42],[-17,-64],[5,-51],[44,-22],[29,-92],[40,-46],[-22,-45],[-58,-33],[-71,-81],[28,-13],[42,20],[42,-36],[-2,-40],[23,-33],[67,-29],[63,9],[33,-16],[90,83],[132,13],[47,-4],[25,-22],[22,-60],[21,-97],[-40,-55],[-17,-50],[27,-73],[82,-96],[3,-512],[-1,-365],[949,0],[29,-158],[58,-219],[75,-204],[26,-80],[38,-84],[-7,-129],[-34,-126],[-84,-128],[-108,-96],[-73,-77],[-133,-91],[-85,-71],[-35,-43],[-49,-79],[-73,-53],[-26,-37],[-81,-65],[-38,-47],[-100,-64],[-62,-13],[-3,-18],[74,-14],[80,-28],[90,31],[126,13],[20,-44],[41,-17],[66,49],[31,1],[104,61],[38,-26],[52,-68],[35,-13],[38,13],[67,81],[23,-34],[-24,-66],[50,-29],[93,-32],[-6,-72],[-112,-45],[-2,-36],[20,-40],[-74,1],[-32,12],[-44,-61],[-11,-59],[18,-17],[70,-21],[-1,-54],[24,-14],[0,-83],[-90,32],[-54,6],[-38,-29],[0,-37],[38,-25],[51,-10],[10,-33],[-69,-93],[10,-20],[81,-4],[30,-72],[68,28],[76,-3],[7,52],[80,43],[80,0],[16,53],[78,-22],[-36,-64],[23,-13],[43,22],[-13,-69],[11,-20],[-10,-136],[41,2],[77,-41]],[[40514,13881],[4,-81],[11,-19],[-31,-65],[33,-61],[-31,-77],[-15,-94],[-27,-20],[-113,-27],[-7,-64],[-55,-15],[20,-63],[32,-6],[9,-82],[30,-30],[59,-5],[9,-16],[-27,-75],[-70,-3],[-52,-40],[-35,-1],[-13,-41],[26,-22],[-3,-40],[-51,-39],[-126,-120],[-57,-28],[-77,-68],[-44,38],[-47,-14],[-126,27],[-37,-60],[-59,1],[-128,-32],[-55,-21],[-27,27],[9,43],[-40,35],[-79,-19],[-20,6],[-21,89],[65,44],[-15,47],[-36,12],[-44,-16],[-93,-6],[-81,-34],[-128,-44],[-106,3],[-57,89],[-61,-24],[-32,1],[-41,28],[-72,-60],[-82,-19],[-29,-35],[-59,9],[-99,-79],[-31,-49],[-64,-48],[-41,-82],[-42,-11],[-53,46],[-35,-29],[-40,10],[-45,-16],[-26,-35],[-38,-13],[-124,-79],[-101,-16],[-88,-58],[-23,-44],[-58,-32],[-136,-92],[-98,-18],[-12,-21],[-75,30],[-93,-41],[-28,-46],[-44,-42],[-44,-25],[-154,-49],[-46,25],[-87,-1],[-33,-17],[-79,33],[-39,-8],[-113,49],[-59,35],[-53,-9],[-39,31],[-77,24],[-97,-4],[-38,-69],[-46,-48],[-30,-7],[-43,-44],[-53,-13],[-37,-60],[18,-32],[-20,-30],[9,-28],[-53,-43],[5,-38],[-26,-26],[-71,-21],[-78,-47],[-69,1],[-65,-47],[-50,-13],[-25,9],[-80,-34],[-27,6],[-62,-24],[-69,4],[-137,22],[-112,-6],[-30,-15],[-86,-74],[-105,-8],[-38,-12],[-23,18],[6,64],[-84,52],[-27,57],[127,81],[26,35],[88,-30],[43,2],[23,63],[-18,52],[-53,-13],[-18,67],[-47,24],[-6,22],[77,81],[16,55],[-16,36],[-50,17],[-46,-8]],[[38105,18807],[87,21],[57,24],[60,42],[51,2],[28,26],[22,69],[31,14],[39,48],[14,41],[86,90],[-6,72],[35,51],[68,71],[62,8],[53,42],[143,83],[38,41],[56,17]],[[39029,19569],[43,-20],[23,-50],[42,-1],[55,27],[44,-15],[95,-68],[37,52],[71,143],[51,8],[56,-41],[60,36],[39,-2],[34,32],[49,-13],[84,26],[62,-41],[56,9],[26,-53],[63,-8],[46,8],[50,-51],[65,-19],[27,9],[63,-39],[92,-13],[28,-36],[44,-27],[33,-41],[6,-51],[31,-12],[67,10],[44,29],[56,-64],[46,29],[54,4],[45,30],[24,-5],[96,19],[18,18],[16,67],[66,59],[115,72],[97,7],[73,16],[28,48],[73,77],[89,-50],[40,-1],[92,50],[121,100],[126,-16],[22,27],[4,45],[73,71],[49,76],[115,41],[95,-15],[88,53],[190,45],[19,16],[82,27],[15,88],[40,71],[34,30],[33,5],[53,-16],[92,52],[1,24],[75,-31],[61,-101],[-36,-91],[3,-34],[30,-71],[95,-75],[106,-52],[44,-63],[17,24],[97,-12],[28,-56],[79,-13],[38,11],[58,-38],[60,-18],[9,-58],[26,-61],[12,-94],[42,-35],[43,-10],[34,39],[64,-6],[24,63],[68,0],[25,-31],[96,27],[30,23],[54,-4],[11,33],[78,99],[44,-34],[54,5],[36,-37],[38,-9],[58,31],[51,-34],[-1,-31],[32,-31],[-13,-30],[-66,-10],[24,-122],[8,-82],[-42,-13],[-27,-123],[58,-37],[13,-51],[148,-25],[139,15],[126,32],[61,9],[38,33],[29,-9],[66,-83],[57,3],[41,15],[71,-61],[75,5],[54,-8],[21,-49],[-11,-34],[-44,-46],[-9,-60],[-22,-40],[31,-20],[52,-65],[-6,-55],[-18,-27],[33,-37],[60,-31],[84,-19],[24,-27],[8,-43],[-29,-81],[27,-77],[40,-59],[129,-92],[52,-61],[27,-65],[-7,-53],[-37,-135],[24,-50],[-29,-94],[13,-67],[-15,-83],[17,-25],[51,-7],[66,-71],[27,-52],[59,-32],[-6,-51],[-92,-42],[-62,-47],[-33,-7],[35,-70],[33,-27],[0,-53],[23,-42],[67,-51],[57,-14],[56,21],[76,15],[67,-2],[58,-92],[-5,-113],[-38,-23],[-117,-5],[7,-47],[-14,-67],[-72,-31],[-49,-160],[42,-12],[97,11],[28,-23],[39,5],[24,-41],[-6,-103],[-54,-33],[-78,-86],[-45,-13],[-36,-109],[-48,-29],[-42,-58],[19,-41],[100,-25],[87,10],[34,20],[95,4],[80,53],[51,10],[33,93],[38,62],[72,33],[77,-22],[45,-54],[1,-24],[-39,-105],[-33,-45],[16,-39],[12,-86],[114,-35],[74,-36],[89,50],[-5,44],[124,59],[50,50],[56,18],[55,-27],[19,-26],[30,-100],[27,-27],[9,-85],[-51,-32],[3,-52],[45,-22],[-4,-72],[67,-61],[22,-44],[-5,-57],[39,-65],[14,-54],[-26,-51],[-58,-49],[21,-60],[46,0],[56,-27],[26,-36],[12,-47],[-30,-33],[-143,-57],[-52,-58],[-12,-57],[-63,-70],[-26,-43],[-40,-26],[-34,-121],[-66,-32],[-31,34],[-9,68],[-33,25],[-85,-52],[-54,-44],[-50,-67],[-27,-22],[-67,-96],[-39,-23],[-66,-10],[-69,-53],[-67,-110],[-92,10],[-37,-33],[-30,4],[-21,-63],[-39,-42],[-25,-61],[-61,-50],[-1,-52],[-79,-69],[-13,-32],[-47,-31],[-70,5],[-125,-79],[-38,-4],[-32,46],[-95,-3],[-85,-50],[-44,-11],[-44,12],[-29,-12],[-52,10],[-62,-54],[-18,-68],[-75,-24],[-47,-61],[-34,-63],[-50,-3],[-65,-59],[-72,-15],[-22,-46],[-37,-17],[-87,26],[-67,5],[-65,40],[-38,71],[-19,4],[-47,-40],[-100,-115],[-85,18],[-15,25],[20,73],[-48,23],[-65,65],[-81,23],[-154,-27],[-67,13],[-58,32],[-45,-25],[-78,-25],[-129,-6],[-54,58],[-83,16],[-74,-48],[-67,-33],[16,82],[-49,18],[-48,-15],[-65,27],[22,56],[-68,8],[-21,51],[-28,23],[-65,4],[-69,-13],[-11,29],[38,64],[33,87],[48,38],[34,-23],[53,30],[10,22],[-34,86],[6,99],[-49,29],[60,123],[6,49],[-35,5],[-44,105],[-29,-2],[-26,-54],[-67,64],[-88,-12],[-64,26],[-50,76],[-12,34],[-51,26],[5,-42],[-45,-33],[-68,81],[-53,-40],[-37,-87],[-53,29],[-16,-47],[8,-61],[-57,-33],[-29,-48],[33,-41],[-9,-43],[-44,-41],[-43,0],[-12,45],[-63,16],[-38,34],[-55,8],[-42,-60],[-42,-19],[-48,17],[-25,65],[-38,6],[-43,-30],[-59,-4],[-7,-33],[-40,-16],[-103,36],[-61,-21],[-14,36],[-79,-8],[-6,-28],[-43,-29],[-26,-42],[-44,-25],[-30,19],[-49,-35],[-74,23],[-8,31],[-82,23],[-36,-39],[-57,-13],[-103,-103],[-33,-45],[-66,-58],[-12,-43],[-84,-27],[-27,27],[-46,13],[-84,-40],[-19,-32],[-39,1],[-30,-39],[-59,39]],[[34627,25952],[55,4],[35,-29],[-10,-52],[11,-44],[-11,-53],[8,-54],[13,-196],[-50,-89],[-1,-53],[25,-34],[159,-98],[60,-46],[15,-42],[39,-64],[176,-101],[53,-67],[17,-42],[39,-5],[52,-45],[83,24],[87,-21],[28,-20],[58,-88],[15,-51],[66,-38],[45,-62],[3,-81],[24,-82],[35,-31],[25,-64],[56,-65],[72,31],[23,-61],[42,-38],[35,3],[20,-84],[43,-43],[-15,-49],[42,-17],[21,-46],[32,-15],[70,11],[14,-50],[-6,-39],[32,-44],[15,-71],[57,-85],[47,-50],[51,-81],[62,-57],[41,-76],[21,-12],[76,-82],[67,-30],[32,31],[27,-7],[66,-55],[37,-47],[84,11],[97,-21],[41,44],[13,41],[50,15],[122,-28],[-14,-47],[0,-64],[22,-11],[36,32],[46,3],[12,77],[47,27],[18,29],[49,-1],[8,46],[31,41],[50,22],[77,-2],[113,-19],[54,-77],[7,-34],[39,-50],[29,-62],[-22,-62],[47,-108],[0,-58],[24,-18],[-5,-120],[45,-56],[76,-134],[16,-42],[-4,-103],[35,-58],[33,-77],[15,-58],[86,-45],[75,-14],[54,-33],[79,56],[29,7],[40,-115],[0,-51],[19,-41],[5,-59],[47,-60],[52,23],[65,-5],[41,13],[3,35],[47,19],[13,-35],[56,-12],[50,-29],[33,-60],[13,-59],[36,-49],[-8,-44],[21,-43],[43,-49],[30,-53],[32,-142],[71,-65],[8,-23],[54,-24],[105,-67],[27,-60],[4,-59],[-32,-78],[25,-71],[-17,-32],[-67,-60],[4,-87],[-43,-38],[-53,-88],[-8,-51],[5,-74],[-37,3],[-49,-19],[-23,-29],[-1,-42],[-27,-41],[-55,-41],[-92,-26],[-27,-54],[111,-76],[50,-60],[25,-91],[24,-40],[57,-22],[57,-112],[-3,-75],[38,-141],[-89,-63],[-73,-24],[-53,-34]],[[19749,14897],[-4,257],[25,0],[16,139],[19,81]],[[19805,15374],[146,-4],[-2,125],[49,-17],[1,-108],[354,-7],[27,3],[-4,58],[100,-34],[47,-29]],[[20523,15361],[52,-35]],[[20575,15326],[-183,-124],[-50,-53],[-10,-92],[-68,0],[-54,-46],[-61,59],[-76,7],[-2,-106],[-39,-30],[49,-102],[-51,-19],[-24,45],[-46,0],[0,-43],[-135,53],[-22,-13],[-54,35]],[[19555,14836],[79,-69],[68,14],[-61,60],[65,74],[43,-18]],[[20575,15326],[35,-38],[112,-195]],[[20722,15093],[-82,-57],[-55,-75],[-18,-59],[-29,-295],[-22,-123],[-95,-56],[-16,-136],[-34,-18],[-60,110],[-74,56],[-41,-68],[-86,-34],[-81,-119]],[[20029,14219],[-100,27],[-30,-1],[-44,-37],[-49,7],[-54,69],[-162,178],[-77,68]],[[19591,15487],[4,30],[100,-42],[1,-69],[29,-32],[80,0]],[[20621,15719],[106,-158],[-42,-6],[-1,-48],[22,-120],[-91,-17],[-59,11],[-33,-20]],[[21046,13536],[-77,73],[16,12],[-35,53],[44,32],[-32,30],[24,25],[-53,49],[-117,54],[-14,62],[27,10],[-2,85],[27,14],[-3,63],[-35,-1],[-38,-30],[-39,36],[39,27],[0,66],[-44,8],[182,104],[-57,99],[-39,-2]],[[20820,14405],[87,63],[21,43],[5,62],[64,39]],[[20997,14612],[61,28],[26,-52],[67,8],[7,-39],[41,8],[37,54],[-17,47],[4,51],[30,25],[66,-7]],[[21319,14735],[-9,-70],[130,-15],[-4,-35],[64,-7],[4,34],[48,-6],[-62,-93]],[[21490,14543],[-31,-9],[-115,-260],[61,-38],[-73,-108],[-3,-18],[162,-74]],[[21491,14036],[-3,-18],[55,-47],[70,-76],[-31,-11],[11,-53],[-10,-37],[7,-83],[103,37],[82,55],[91,-46],[63,-109],[-205,-93],[-68,-22],[-35,1],[-21,36],[-52,-29],[26,-48],[-63,-5],[1,-43],[-18,-74],[-87,22],[-36,-2],[-20,-24],[-132,139],[-31,27],[-27,62],[-30,22],[-49,-33],[-36,-48]],[[21046,13536],[-33,-79],[2,-59],[-13,-73],[-70,-92],[-142,-102],[-37,-11],[-6,-33]],[[20747,13087],[-138,-37],[-111,25],[-23,15],[-33,90],[-6,50],[36,31],[10,47],[2,95],[-26,54],[3,69],[20,55]],[[20481,13581],[-2,72],[-218,326]],[[20261,13979],[51,-37],[7,-39],[76,-6],[35,8],[53,35],[48,14],[43,28],[34,54],[10,48],[2,97],[72,109],[128,115]],[[20722,15093],[275,-481]],[[20261,13979],[-50,87],[-47,33],[-11,39],[-66,70],[-58,11]],[[21416,15466],[25,-57],[-33,-172],[-17,-40],[-24,-100],[-49,-79],[-32,-78],[40,-24],[7,-59],[-14,-122]],[[21997,15075],[29,-39],[-2,-88],[26,-107],[2,-77],[-165,-55],[-65,-52],[-65,-109],[-98,13],[-109,-36],[-60,18]],[[22664,15143],[-7,-84],[22,-97],[-40,-112],[-6,-54],[-58,-199],[70,-143],[11,-44],[73,-88],[-19,-42],[-76,-10],[-76,17],[-79,-46],[-73,-23],[-127,-177],[-49,-30],[-59,-2],[58,-99],[9,-28]],[[22238,13882],[-74,-19],[-84,11],[-300,70],[-211,55],[-78,37]],[[22238,13882],[4,-15],[126,39],[23,-27],[73,-22],[29,-95],[76,-29],[28,-49],[30,-24],[21,-73],[39,-12],[63,-84],[22,-154],[-6,-40],[18,-57],[-39,-99],[-66,-89],[21,-52],[-8,-20],[-67,-42],[-23,-58],[12,-94],[-17,-24],[-44,-8]],[[22553,12754],[-14,16],[-156,29],[0,-99],[-92,-2],[-73,-71],[-32,0],[-85,53],[-31,-8],[17,-51],[-102,-14],[-221,-127],[-68,-42],[-100,-38]],[[21596,12400],[-42,55],[-29,62],[-28,-45],[-37,-14],[-40,28],[-50,-1],[-60,-38],[-57,-22],[-43,70],[-54,11],[-30,22]],[[21126,12528],[-30,38],[-3,48],[-85,50],[-6,99],[-22,99],[-49,52],[2,34],[-104,97],[-82,42]],[[22553,12754],[-65,-44],[-4,-32],[-36,-52],[26,-60],[-22,-132],[20,-75],[39,-38],[-71,-39],[-8,-34],[56,-80],[52,-10],[74,21],[83,-19],[-9,-50],[22,-33],[-36,-49],[10,-35],[86,-64],[58,-29],[88,-3],[46,42]],[[22962,11939],[23,-70],[33,-58],[76,-43],[43,-8],[14,-77],[-26,-27],[-2,-35],[33,-29],[-25,-50],[30,-69],[-24,-95],[-19,-16],[-68,7],[-13,-19],[6,-71],[23,-40],[126,-58],[49,-33],[122,-138],[56,-74],[39,-84],[38,-7],[71,-45],[-10,-43],[-43,-49],[-1,-42],[85,-23],[16,-35],[36,2],[18,-63],[-36,-11],[-23,-48],[-103,-96],[29,-53],[-4,-60],[34,13],[56,-32],[34,-44]],[[23655,10216],[-22,-69],[-30,-34],[-93,-43],[-35,-46],[-24,-77],[6,-81],[-63,-66],[-46,-22]],[[23348,9778],[-23,28],[-10,72],[-38,26],[-66,21],[-36,47],[-51,38],[-23,33],[-93,52],[-25,40],[-24,89],[-49,99],[-121,55],[-51,33],[-98,81],[-116,129]],[[22524,10621],[-138,153],[-54,66],[-37,83],[-86,58],[-62,1],[-33,34],[-74,12],[-70,34],[-26,-62],[-54,-49],[-41,-9],[-36,-32],[-33,11],[-32,41],[-18,-38],[-51,7],[-48,-10],[-49,-61],[-54,2],[-45,-29],[-49,20],[-81,17],[-40,23],[6,51],[34,36],[36,12],[56,-21]],[[21445,10971],[82,11],[47,46],[11,43],[54,49],[-18,31],[3,103],[-9,26],[-79,58],[13,44],[39,75],[25,20],[30,87],[4,71],[-21,75],[-24,22],[28,94],[-22,76],[-76,81],[-52,70],[22,23],[17,55],[39,48],[58,28],[7,23],[-20,70],[40,31],[5,27],[-52,42]],[[29165,10226],[-69,-117],[-58,-45],[-35,-76],[-99,-30],[-28,-46],[-124,-79],[-97,-139],[-27,-56],[-45,-18],[-45,-2],[-19,36],[-34,3],[-64,-24],[-32,-43],[-123,-106],[-48,-55],[17,-31],[-35,-16],[-12,-41],[-155,-113],[-50,-79],[-83,-8],[3,338],[0,342],[-102,-93],[-57,-2],[-35,27],[-39,0],[-37,36],[-44,-4],[-62,28],[-20,31],[-48,19],[-68,-6],[-106,-31],[-69,-32],[-24,-29],[-64,-35],[-42,-95],[-131,-23],[-80,31],[-63,-22],[-36,-25],[-29,-55],[-116,-17],[-57,-17],[-19,11],[-106,-16],[-82,-25],[-58,2],[-47,42],[-48,3],[-106,-85],[-43,-6],[-15,-46],[11,-32],[65,-5],[43,15],[10,-24],[-50,-85],[-10,-84],[-50,-43],[-33,-62],[-43,-27],[-57,-78],[-97,-34],[-3,-31],[-56,3],[-78,-23],[-71,-51],[-67,-60],[-36,-14],[-68,44],[-19,-15],[-123,18],[-66,-18],[-30,36],[-70,-67],[-41,-6],[-28,-62],[-23,-13]],[[25060,8669],[-47,19],[-46,-41],[-76,-1],[-70,32],[-22,53],[-67,-16],[-20,36],[-86,-17],[-27,25],[-53,-18],[-29,7],[-24,35],[-61,-8],[-18,20],[14,72],[-58,24],[-28,63],[37,86],[34,22],[-20,69],[-39,-7],[-86,23],[-60,3],[-13,31],[-60,-46],[-57,36],[-40,9],[-157,101],[-194,157],[-59,109],[-47,124],[-44,35],[-35,-9],[-79,15],[-17,42],[-58,24]],[[23655,10216],[53,-3],[31,-32],[30,-6],[77,33],[99,-38],[17,55],[58,1],[13,40],[41,57],[90,-60],[62,-14],[72,27],[15,36],[45,3],[21,38],[46,-19]],[[24425,10334],[36,-47],[53,-16],[13,-57],[-32,-90],[19,-39],[37,-18],[18,50],[26,6],[27,-37],[54,72],[71,-66],[55,36],[29,-26],[37,30],[-15,59],[31,41],[73,-35],[80,38],[36,-29],[48,-13],[59,58],[48,19],[61,-1],[39,53],[95,-5],[37,-33],[84,76],[48,66],[65,-18],[34,15],[33,-14],[45,74],[37,0],[20,34],[57,13],[93,-13],[71,12],[114,168],[26,46],[11,62],[38,12],[17,-54],[36,-2],[40,64],[94,-48],[48,42],[30,57],[52,5],[42,56],[38,118],[-36,45],[-58,41],[39,78],[31,20]],[[26609,11239],[17,33],[111,-24],[23,56],[42,36],[54,9],[40,34],[16,-36],[61,11],[69,-12],[27,37],[107,49],[20,66],[75,17],[20,77],[-6,66],[22,18],[-7,43],[63,7],[56,-42],[75,0],[50,-32],[60,-4]],[[23058,14642],[130,-21],[14,-21],[-16,-114],[19,-47],[-41,-59],[-15,-45],[-43,-27],[-51,-86],[94,-143],[-25,-105],[23,-48],[-10,-30]],[[23137,13896],[-58,47],[-43,50],[-22,-42],[44,-19],[29,-36],[-18,-49],[115,-76],[-48,-28],[-2,-96],[-10,-79],[-12,-189],[7,-213],[33,0],[-3,-49],[59,-70],[-6,-19],[78,-82],[56,-76],[40,-84],[51,-62],[10,-69],[-12,-50],[20,-36],[40,-132],[-9,-78],[8,-18]],[[23484,12341],[-43,17],[-42,-19],[-40,-106],[-111,-23],[-58,-48],[-32,-43],[10,-36],[-15,-56],[-22,-20],[-169,6],[-30,-19],[30,-55]],[[23137,13896],[2,-49],[17,-25],[68,-32],[33,6],[47,48],[84,3],[96,-62],[19,-41],[90,9],[11,-27],[74,13],[50,48],[18,-12],[107,-28],[76,8],[66,-18],[37,3],[28,-38],[-7,-115],[-12,-53],[9,-77],[25,-60],[88,-69],[25,-92],[-46,-92],[-81,-46],[6,-30],[110,-74]],[[24177,12994],[-105,-94],[-50,-32],[-62,-85],[13,-88],[-78,-46],[-19,-39],[-93,-53],[-17,-19],[-10,-56],[-64,-45],[-56,-9],[-17,-20],[-52,-6],[-83,-61]],[[24670,14579],[-2,-17],[84,-47],[33,45],[45,0],[24,-33],[24,25],[46,-9],[-10,-59],[-52,-77],[-51,-14],[-107,0],[-1,-51],[-65,-110],[23,-40],[-3,-81],[34,-48],[9,-110],[-19,-45],[-43,-16],[46,-106],[108,17],[88,28],[12,-38],[-28,-28],[2,-36],[47,-55],[-7,-68],[-17,-29],[-22,-96],[47,-41],[-11,-46],[42,-58],[81,-75]],[[25027,13261],[-80,-53],[-9,-107],[-17,-16]],[[24921,13085],[-89,41],[-30,57],[-28,20],[-82,-1],[0,24],[-69,77],[-26,6],[-46,-32],[-43,49],[-66,-20],[-27,-38],[-46,-16],[-27,-85],[17,-51],[-23,-37],[-52,-13],[-75,10],[-24,-28],[-8,-54]],[[25798,15380],[-22,-7],[-28,-70],[-35,-12],[-64,-75],[-18,-49],[-77,-61],[-23,-50],[-5,-64],[-43,-55],[7,-80],[-26,-60],[9,-43],[-12,-46],[-38,-27],[-53,-77],[-60,-109],[-4,-113],[28,-163],[-4,-86],[63,-97],[-2,-44],[45,-78],[31,-119],[25,-38],[40,-15],[-3,-83],[29,-37],[-55,-92],[-81,40],[-63,-92],[-116,-49],[-24,-23],[-69,-4],[-22,-76],[-27,-33],[-74,-32]],[[24921,13085],[-27,-77],[13,-43],[-43,-36],[19,-131],[106,18],[27,-110],[41,9],[47,-11],[21,50],[89,53],[59,6],[146,-32],[5,-40],[-18,-56],[6,-45],[-10,-67],[-34,-83],[82,-7],[84,37],[33,65],[106,-24],[23,13],[155,-28],[109,-53],[55,52],[25,-2]],[[26040,12543],[14,-56],[29,-19],[20,-74],[78,-31],[4,-37],[-69,-60]],[[26116,12266],[-24,-21],[-2,-51],[-84,12],[-58,98],[-77,8],[-57,-20],[-32,-61],[-16,-64],[51,-66],[46,-24],[-8,-37],[23,-31],[-23,-48],[2,-48],[-28,-40],[-5,-62],[-45,-22],[-6,-33],[-52,26],[-32,-15],[-33,13],[-28,-32],[-42,-12],[-7,44],[-34,56],[-39,-32],[-60,-12],[-24,20],[-45,-30],[-1,-73],[-20,-51],[-46,-18],[-5,-72],[-21,-17],[-62,-9],[-35,20]],[[25187,11562],[-90,-29],[-23,-37],[-68,-5],[-72,-58],[10,-77],[-48,4],[-30,34],[-53,-26],[-2,-52],[46,-54],[10,-86],[-33,-55],[-46,-115],[-38,-48],[-31,-93],[-25,-20],[-1,-37],[35,-22],[15,-51],[6,-72],[27,-65],[-41,-75],[-47,-12],[-44,41],[-27,-38],[-140,-36],[-33,-21],[14,-100],[-33,-23]],[[26614,13951],[-41,36],[-66,18],[-46,-22],[-47,-46],[-31,-8],[-5,-33],[-56,-89],[-21,-84],[-80,2],[-29,-62],[44,-68],[-36,-58],[2,-89],[-12,-33],[-67,-98],[-66,-28],[-22,18],[-38,-35],[6,-30],[-66,-16],[6,-46],[-20,-56],[-24,-22],[-11,-69],[52,-76],[48,-29],[93,-91],[3,-80],[-16,-73],[-37,-45],[-17,-55],[26,-41]],[[27502,12304],[-26,-14],[-49,134],[-46,25],[-44,-52],[-18,-42],[11,-28],[-7,-81],[24,-39],[-27,-39],[-87,-22],[-45,-68],[-67,16],[-6,-63],[-44,-4],[-77,52],[-38,-9],[-85,-51],[-92,15],[-33,-41],[-50,29],[-66,110],[-33,11],[-10,31],[-69,19],[-11,33],[-44,51],[-87,31],[-38,-62],[13,-73],[-40,-7],[-90,62],[-29,31],[-28,-9],[-48,16]],[[26609,11239],[-97,9],[-86,57],[-33,-1],[-39,49],[-16,48],[-74,43],[-6,25],[-99,56],[9,-40],[-40,-59],[-29,-4],[-7,-39],[-53,-12],[-37,-31],[-36,0],[-46,-59],[-24,-14],[-28,-52],[-43,19],[-122,-186],[-52,-118],[-22,87],[-23,55],[-34,41],[-56,34],[-134,43],[-91,47],[-50,63],[-19,75],[-1,39],[-24,71],[-10,77]],[[20329,11922],[-41,-36],[-182,-92],[-112,-35],[-56,-41],[-70,-18],[-43,-41],[-23,33],[-120,12]],[[19682,11704],[-28,97],[-34,58],[-19,73],[-36,57],[-83,52],[-39,98],[-64,96],[-38,103],[-28,28]],[[19313,12366],[22,51],[-9,39],[12,37],[36,27],[-6,47],[18,31],[57,38],[61,92],[100,44],[47,46],[3,32],[28,22],[-15,77],[-32,82],[15,91],[31,62],[-29,75],[-32,20],[3,37],[49,51],[38,98]],[[19710,13465],[214,8],[39,-124]],[[19963,13349],[233,-698],[32,-111],[7,-52],[5,-236],[-1,-164],[29,-101],[61,-65]],[[20481,13581],[-276,-48],[-30,-16],[-114,-22],[-31,3],[-44,-63],[-5,-68],[-18,-18]],[[19710,13465],[-57,-22],[-94,20],[-31,-26],[-72,-13],[-77,-109],[-92,-18],[-107,78],[-8,-8],[-174,146]],[[18998,13513],[38,86],[26,33],[54,127],[-50,3],[-67,24],[-58,-11],[-85,-85],[-19,-51],[-115,-89],[-104,78],[-27,31],[1,94],[-60,48],[-39,74],[-9,61]],[[21126,12528],[-28,-36],[-6,-53],[-42,-93],[-59,-38],[-10,-268],[-49,-55],[12,-12],[-45,-53],[-26,6],[7,-68],[16,-25],[51,-15],[-18,-30],[-170,-16],[-98,28],[-41,-14],[-29,-48],[-47,-36],[-215,220]],[[21445,10971],[20,64],[-52,38],[9,72],[-92,74],[-65,9],[-36,-9],[4,-63],[-83,-4],[-105,-23],[-26,11],[-42,51],[-92,-48],[-46,-100],[-96,-63],[20,-24],[-8,-42],[-42,-42],[5,-36],[-25,-18],[-56,18],[-125,-29],[-11,89],[-29,40],[-32,-5],[-115,-114],[-37,-66],[-87,42],[-51,15],[-143,-3],[-18,-11],[-98,43],[-79,67],[-78,-28]],[[19734,10876],[-36,106],[-57,81],[25,90],[5,94],[20,3],[-21,75],[55,211],[-43,168]],[[22524,10621],[-83,-54],[-87,-68],[-109,-94],[-183,-135],[-133,-65],[-79,-9],[-109,75],[-82,0],[-199,-81],[-123,-59],[-69,-43],[-87,-40],[-190,-119],[-128,-67],[-68,-24],[-67,-37],[-66,-50],[-106,-31],[-60,-2],[-274,80],[-169,-9],[-297,-141],[-106,-57],[-101,-69],[-72,-39],[-28,-3]],[[19449,9480],[3,66],[-9,166],[2,101],[11,98],[25,53],[-29,42],[-128,42],[42,51],[-9,58],[5,96],[53,79],[42,24],[15,44],[-12,39],[36,317],[26,53],[68,47],[144,20]],[[18337,9343],[661,-1],[70,100],[41,71],[59,19],[72,-9],[89,-25],[120,-18]],[[25060,8669],[-65,-38],[-9,-67],[-35,-49],[-9,-78],[31,-69],[-26,-7],[-82,39],[-40,-5],[-66,-53],[-46,-19],[75,131],[78,5],[-42,47],[18,51],[-36,-4],[-113,-73],[-42,-67],[-56,-30],[-33,-39],[-91,-29],[-36,-3],[-57,-36],[-74,29],[19,32],[-35,34],[-64,-24],[-54,-36],[-38,-45],[-84,-66],[-77,-10],[20,-38],[92,16],[77,-40],[-15,-44],[32,-27],[-73,-40],[-47,-89],[-11,-90],[-78,-63],[41,-6],[56,32],[36,38],[43,-2],[8,-65],[36,-33],[-63,-51],[-38,-96],[-119,-122],[-60,-23],[-47,-32],[-109,1],[-18,-39],[-102,-40],[-14,-90],[-45,-41],[-5,-75],[-28,-21],[-45,-72],[-6,-68],[-70,32],[-90,116],[-46,-46],[-38,-116],[59,-6],[-30,-63],[-12,-61],[-38,-55],[-33,-74],[-106,-59],[-53,-79],[-1,-69],[-14,-18],[-84,-22],[-45,-41],[-80,-113],[-59,-37],[-14,49],[-53,12],[-34,-36],[-104,-73],[-7,-64],[-85,-79],[23,-97],[-21,-102],[-101,-89],[-16,-54],[-105,-29],[-89,-93],[-59,9],[-58,-26],[-47,23],[-45,-24],[-56,9],[-112,-40],[-43,50],[-45,9],[-76,-29],[-35,-47],[-23,-55],[53,-14],[-74,-53],[-6,-38],[51,-2],[18,-23],[-65,-43],[-44,-4],[-49,-63],[-78,-21],[-68,-32],[-39,-3],[-58,-73],[9,-32],[-33,-21],[21,-28],[-15,-51],[10,-53],[-46,-25],[-44,2],[-34,-32],[-74,30],[-40,-58],[-53,-33],[8,-38],[-40,-64],[-47,-28],[-44,23],[-6,-63],[-25,-46],[-69,-41],[-13,-46],[-44,-25],[-14,-84],[-86,-36],[-48,-38],[0,-62],[-26,-78],[-48,-56],[-41,12],[-105,-89],[-63,-111],[-15,4],[-20,107],[19,46],[-21,23],[-54,-4],[-60,-111],[-19,-62],[-55,-30],[-48,-10],[-15,-23],[4,-72],[-38,-49],[-37,-1],[-12,27],[-54,32],[-48,-11],[-11,-49],[-65,-30],[-39,-39],[-152,-88],[-41,-1],[-104,-86],[-26,-3],[-28,55],[-61,-36],[-35,-43],[-133,-33],[-4,30],[-36,7],[-70,-13],[-17,-31],[-45,31],[-36,5]],[[17463,11224],[136,-67],[45,-8],[99,1],[121,12],[102,27],[79,-12],[-3,88],[11,46],[91,27],[26,22],[137,-124],[114,-56],[70,44],[28,-6],[118,6],[43,24],[10,47],[37,51],[59,27],[51,46],[20,32],[-42,97],[-13,118],[38,181],[8,2]],[[18848,11849],[85,96],[66,8],[10,48],[32,83],[43,16],[30,45],[106,58],[77,77],[18,30],[-2,56]],[[18998,13513],[-20,-8],[-40,-59],[42,-86],[24,-3],[132,-112],[-15,-45],[33,-45],[-62,-53],[-30,-45],[-53,-54],[-52,-93],[-60,-9],[-87,-67],[-62,-16],[-104,-8],[-81,-34],[-83,-58],[-69,-26],[-132,-32],[-53,-55],[-23,-40],[-43,-13],[-39,-31]],[[18848,11849],[64,336],[-67,33],[-25,36],[-54,-80],[-96,30],[-64,46],[-33,59],[-89,36],[-164,-19],[-62,25]],[[13905,15254],[-26,16],[-48,-43],[-25,14],[-35,-41],[-44,-2],[-63,-24],[-45,26],[-110,12],[-75,30],[-53,81],[-71,47],[-2,31],[75,33],[-25,78],[-64,62],[-7,84],[38,66],[0,24]],[[12930,14240],[-916,373]],[[12014,14613],[47,8],[49,-23],[18,28],[44,16],[11,69],[22,45],[70,42],[28,36],[8,56],[38,56],[-42,66],[20,61],[45,55],[7,61],[-12,52],[-38,40],[-16,47],[28,30],[17,96]],[[12358,15454],[36,71],[43,2]],[[12658,12951],[-47,-4],[-120,-55],[-83,-30],[-108,-5],[-40,-33],[-95,60],[-70,-56],[-24,35],[-1,51],[-33,15],[-44,78],[1,99],[-19,48],[4,40],[-91,39],[-26,22],[-159,-70],[-38,-25],[-69,-18],[-87,-10],[-146,-71],[-54,8],[-51,-12]],[[11258,13057],[-85,96],[58,-10],[46,25],[-34,58],[14,104],[-52,40],[-36,55],[14,39],[50,22],[-2,29],[61,117],[45,28],[23,41],[-30,27],[-33,60],[22,65],[54,-34],[29,20],[19,46],[0,73],[50,61],[146,103],[65,34],[12,56],[104,65],[11,35],[39,57],[40,32],[-12,54],[-53,23],[-25,116],[147,48],[24,-29],[45,0]],[[11258,13057],[-39,-38],[-41,-99],[-149,76],[-37,10],[-38,-12],[-74,12],[-30,-7]],[[10850,12999],[18,121],[50,142],[19,161],[25,104],[67,167],[-3,37],[34,86],[3,42],[-55,1],[-73,94],[-38,17],[-41,-152],[-38,-43],[18,-62],[-41,-31],[-72,-18],[-21,84],[13,73],[-11,35],[55,39],[-46,32],[27,123],[-63,2],[-7,79],[-19,44],[111,-18],[34,-32],[32,15],[35,-31],[33,-3],[26,59],[81,-4],[15,40],[-60,53],[-6,29],[-46,21],[-46,36],[-71,84],[118,-37],[46,62],[32,-6],[9,71],[62,12],[8,32],[114,30],[26,-7],[39,59],[37,8],[35,33],[-16,22],[10,54],[30,45],[54,-6],[55,28],[34,-5],[-1,57],[50,4],[29,71]],[[11560,14952],[71,94],[22,7],[80,-29],[38,36],[107,75],[100,47],[39,49],[26,73],[29,32],[0,49],[39,8],[71,-12],[34,22],[16,42],[33,20],[93,-11]],[[10850,12999],[-52,-4],[-24,23],[-50,15],[-57,-15],[-67,-35],[-53,11],[-58,-34],[-38,15],[-13,45],[2,64],[-67,34],[-27,55],[-106,56],[-33,34],[-24,66],[-108,28],[-25,14],[-52,65],[-22,42],[-37,18]],[[9939,13496],[-87,17],[-38,-9],[-31,-64],[-51,-27],[-35,28],[-80,11],[-60,-21],[-31,-29],[-29,17],[-4,49],[-29,35],[9,74],[-21,4],[-29,55],[-80,-56],[-8,26],[-65,35],[-71,4],[-41,40],[-65,-11],[-42,73],[-47,-2],[-29,78],[20,76]],[[8995,13899],[5,59],[44,26],[26,46],[-12,75],[42,48],[2,46],[43,16],[27,37],[72,37],[19,54],[37,59],[-48,69],[46,126],[16,87],[15,25],[-37,41],[78,6],[20,-20],[112,36],[26,86],[70,-30],[66,-9],[78,80],[65,39],[43,-8],[37,21],[46,64],[49,31],[1,80],[72,-4],[72,29],[83,-47]],[[10210,15104],[24,-29],[108,2],[74,-8],[46,-19],[12,-62],[40,12],[-6,52],[31,58],[63,54],[19,35],[68,71],[70,8],[41,75],[23,20],[70,24],[48,-128],[49,-37],[-28,-46],[40,-38],[54,3],[58,-13],[38,10],[50,-22],[27,-27],[6,-55],[77,-10],[56,-28],[76,-79],[36,-13],[80,38]],[[13515,10210],[-54,33],[-113,9],[-151,25],[-59,-16],[2,-28],[-85,-49],[-41,25],[-69,-42],[-55,-61],[-100,-55],[-57,-41],[-27,54],[-39,43],[-81,24],[-27,32],[-150,9],[-59,-52],[-28,11],[-42,-29],[-81,52],[-41,17],[-150,-76],[-4,-52],[-73,-52],[-69,-101],[-40,-84],[-10,-41],[-56,-56],[-65,-10],[-63,5],[-85,60]],[[11543,9764],[1,48],[39,88],[-9,70],[-23,59],[21,95],[-12,123],[-20,64],[-30,41],[-58,26],[-16,75],[10,17],[74,25],[11,51],[-81,65],[-22,53],[-33,29],[-54,9],[-77,53],[-14,38],[-38,-3],[-41,38],[-25,-28],[-44,-97],[0,-32],[-28,-33],[-27,-69],[-54,33],[-28,2],[-69,41],[-145,17],[-58,48],[-24,72],[-54,104],[33,86],[1,52],[-49,-16],[-59,-42],[-30,-37],[-92,-7],[4,52],[-13,57],[-100,-60],[-45,23],[-21,140],[10,44],[-4,52],[20,45],[38,37],[-44,84],[32,107],[-27,50],[-103,32],[-9,56],[-41,86],[-3,40]],[[10113,11767],[73,85],[163,283],[104,170],[45,46],[70,50],[57,65],[64,125],[55,164],[81,141],[25,103]],[[11543,9764],[-49,-26],[2,-37],[24,-35],[-11,-62],[-57,-21],[-55,-4],[-40,-38],[15,-88],[-36,-37],[-4,-59],[-44,-22],[-15,-41],[-41,-22],[-41,-116],[-92,10],[-63,66],[-60,-21],[-9,-99],[12,-57],[-53,-76],[-51,-17],[-39,12],[-33,-34],[2,-47],[-24,-23],[-69,-10],[-22,84],[-71,77],[-60,31],[-39,-33],[-32,13],[-19,72]],[[10469,9104],[-4,21],[-71,69],[-66,28],[-46,-7],[-36,54],[-6,47],[-47,37],[-31,-40],[-59,0],[-30,-44],[-109,-28],[-45,-40],[-43,-3],[-44,-34],[-75,5],[-27,-23],[-59,2],[-7,68],[-34,63],[-91,24],[-63,79],[-10,25],[-78,44],[-37,10],[-42,36],[-22,1],[2,-110],[23,-60],[23,-21],[-11,-34],[-62,20],[-39,37],[-29,58]],[[9194,9388],[13,55],[-17,50],[-65,147],[-14,47],[7,73],[72,150],[83,116],[90,155],[126,203],[25,53],[26,135],[62,353],[18,48],[54,90],[39,125],[99,385],[31,46],[30,18],[81,22],[96,73],[63,35]],[[9194,9388],[-45,87],[0,50],[-14,40],[-71,10],[-42,33],[-56,-20],[-49,66],[-38,-14],[-91,67],[-25,-11],[-57,27],[-86,17],[-78,53],[-18,35],[-47,40]],[[8477,9868],[45,48],[4,86],[-40,81],[-9,83],[59,8],[32,37],[97,165],[-4,34],[-28,27],[-14,73],[4,41],[29,89],[72,16],[10,34],[-84,88],[-20,36],[10,66],[-55,70],[-11,36],[-51,61],[33,74],[5,68],[36,73],[41,22],[100,82],[19,34],[65,18]],[[8822,11418],[50,34],[39,42],[108,3],[74,36],[139,158],[37,15],[38,48],[91,158],[7,39],[60,60],[17,45],[15,145],[22,94],[-10,24],[42,50],[14,34],[-24,113],[31,35],[-8,64],[23,70],[-21,42],[43,1],[35,67],[-29,34],[17,143],[15,32],[59,70],[-8,39],[-35,12],[-22,45],[34,22],[34,68],[17,63],[45,60],[49,-1],[44,33],[1,41],[74,40]],[[11073,7191],[5,-29],[94,26],[42,-18],[78,-8],[-17,-62],[-23,-13],[-1,-75],[-20,-62],[14,-41],[-31,-68],[-39,-149],[-35,-30],[-21,-46],[-74,-86],[8,-72],[-53,-52],[-3,-36],[-41,-52],[-13,-136],[-38,-50],[-19,-66],[-81,-6],[-52,18],[-29,-17],[0,-43],[-39,-68],[-88,-64],[26,-106],[-60,34],[-44,-23],[-34,7],[-14,34],[-66,12],[-43,-22],[-37,14],[-89,-1],[-32,-80],[-52,-17],[-27,-67],[-81,-67],[-9,-68],[10,-37],[-29,-77],[23,-75],[7,-84],[-15,-31],[22,-48],[-6,-24],[-85,-14],[15,-49],[0,-76],[-74,-27],[-68,-35],[-40,-66],[-8,-77],[-38,-14],[-5,-90],[-57,3],[-108,-40],[-15,-38],[-49,-25],[9,-30],[-36,-29],[-15,-80],[-78,-46]],[[9395,4427],[-37,-22],[-61,29],[-22,-25],[0,-62],[-15,-19],[-55,-14],[-61,68],[-23,45],[-39,11],[-44,-21],[-55,6],[-35,-26],[-68,-26],[-42,1],[-74,28],[-71,11],[-50,50],[-46,28],[-88,89],[-85,28],[-44,-22],[-24,-47],[-46,-10],[-47,19],[-56,47],[-8,61],[-30,-3],[-49,115],[0,43],[-48,20],[2,44],[-16,38],[37,66],[-18,14],[-33,77],[-10,58],[24,63],[-10,37],[-51,14],[-51,-3],[-29,61],[30,14],[26,39],[-28,35],[14,35],[-32,36],[-34,97],[-23,22],[-60,26],[-45,0],[-23,-31],[-34,24],[-14,87],[6,23],[-50,48],[0,47],[-67,3],[-62,25],[-21,43],[-54,12],[-32,33],[-19,61],[-46,31],[-35,6],[-27,-47],[-53,3],[-111,-74],[-36,-55],[27,-30],[-15,-23],[-62,-31],[-52,-14],[-26,39],[-40,-38],[-23,52],[-97,-27],[-3,62],[-46,119],[24,35],[39,22],[-26,45],[9,36],[-77,11],[-27,38],[14,59],[-33,21],[-2,35],[-32,35],[-16,115],[-37,37],[24,37],[-37,51],[-54,-22],[-76,72],[-1,87],[-14,12],[-56,-29],[-63,35],[-112,142],[-56,44],[-51,16],[-93,72],[-24,29],[-14,57],[-59,17],[-28,56],[-74,68],[-37,20],[-84,87],[-35,16],[-35,-9],[-29,30],[4,47]],[[5582,7374],[47,37],[9,43],[39,-2],[14,104],[56,-2],[8,92],[33,63],[32,29],[39,2],[35,-34],[56,13],[12,24],[59,19],[-20,60],[6,45],[49,25],[16,39],[-43,54],[39,110],[-54,41],[-72,89],[29,41],[-47,75],[67,106],[29,14],[68,-21],[84,14],[9,-29],[44,-20],[48,22],[6,25],[78,18],[78,46],[53,-17],[116,57],[82,28],[13,46],[77,13],[30,16],[81,13],[19,30],[18,112],[-46,89],[-44,24],[-23,106]],[[6811,9033],[49,-3],[54,23],[74,6],[38,23],[42,72],[6,52],[-21,31],[46,54],[-36,67],[-62,83],[44,103],[93,35],[13,42],[50,29],[8,34],[96,3],[34,9],[-13,59],[50,10],[58,46],[44,4],[35,-64],[83,-8],[13,-25],[-11,-69],[-23,-65],[-43,-37],[1,-58],[37,-6],[33,-46],[82,-19],[43,-41],[24,-55],[14,-73],[26,-14],[101,13],[122,-18],[31,33],[45,88],[-17,48],[18,39],[93,-9],[30,22],[50,-41],[28,29],[47,12],[42,54],[-24,88],[-11,77],[23,31],[40,20],[-2,73],[38,77],[31,-3]],[[10469,9104],[-74,-22],[-126,36],[-18,-137],[-50,-47],[15,-42],[-15,-37],[31,-37],[26,-73],[22,-7],[13,-44],[-18,-57],[15,-36],[-31,-129],[-38,-42],[-69,-5],[-49,-16],[6,-52],[-16,-105],[35,-50],[40,-114],[-14,-34],[-35,-29],[-45,-15],[-54,-123],[-87,-55],[-20,-31],[-126,-47],[23,-26],[67,-41],[5,-25],[42,-61],[107,-4],[67,9],[23,-12],[38,-56],[61,-53],[16,-44],[57,-23],[25,6],[40,-61],[41,-11],[8,-52],[98,-56],[22,-38],[50,38],[24,-18],[74,-9],[40,-29],[119,24],[30,38],[50,-34],[25,-40],[50,-16],[56,55],[28,-24]],[[13608,8432],[-6,-9],[-422,-503],[-190,-232],[17,-31],[-16,-75],[-103,-80],[-4,-66],[-46,-92],[-97,-65],[-104,31],[-35,18],[-62,8],[-56,-49],[-10,-57],[19,-21],[-12,-63]],[[12481,7146],[-51,-4],[-120,-67],[-13,-32],[-60,-45],[-26,33],[-32,-20],[-66,26],[-42,-7],[-48,37],[-42,-42],[-81,-22],[-26,-39],[13,-74],[-10,-60],[-27,-35],[-65,-49],[-18,-60],[-84,117],[-9,56],[-69,70],[-21,70],[-1,50],[-25,87],[26,81],[-18,44],[-71,27],[-91,-25],[-74,9],[-79,37],[-42,49],[-32,-22],[-9,-35],[-31,-6],[-9,-39],[-26,-12],[-29,-53]],[[12567,6098],[-43,19],[-14,53],[-33,28],[-73,92],[-14,134],[57,135],[-77,114],[-7,68],[36,57],[-5,69],[90,31],[3,64],[18,28],[-24,156]],[[12474,4953],[-31,19],[-90,15],[0,-36],[-53,-78],[-52,-27],[-29,-38],[-21,-125],[-60,-15],[-37,17],[-21,-22],[-51,-7],[-37,-21],[-19,-59],[-33,-44],[-43,30],[-25,-50],[-42,-21],[-29,-35],[-25,22],[-95,9],[-31,-56],[-30,-20],[-58,29],[-28,-64],[-43,-27],[-43,46],[-37,20],[-19,-34],[-69,7],[-31,14],[-23,-60],[-50,-22],[-77,36],[-24,-34],[-35,-1],[-39,-54],[-75,10],[-5,57],[-36,58],[-71,11],[-16,59],[-32,16],[-83,0],[-27,-37],[-52,-45],[-96,-10],[-21,121],[13,40],[-52,81],[-36,25],[-34,-2],[-58,26],[-70,3],[-44,-37],[-24,-53],[-47,-21],[-44,3],[-10,-87],[-80,-4],[-78,30],[-50,-98],[-19,-20],[4,-72],[-40,-7],[-31,-41],[-30,-11],[-64,31],[-24,-60],[-21,-4],[-105,27],[-35,-36],[-58,-8],[17,48],[-26,85],[-89,82]],[[12631,4304],[-120,-49],[-39,25],[-94,27],[-32,-19],[-42,-60],[-11,-36],[-57,-19],[-55,31],[-31,-26],[-8,-37],[-72,-33],[-37,9],[-19,-38],[-53,-30],[-33,9],[-40,-29],[45,-54],[-31,-44],[20,-32],[56,9],[70,-73],[35,-10],[28,-74],[-27,-39],[-45,-10],[-103,22],[-53,-25],[-39,22],[-56,-25],[-34,26],[-31,-9],[-15,-42],[-52,2],[-47,-38],[7,-41],[-57,-33],[-10,-56],[-33,6],[-69,-39],[-57,19],[-62,-65],[-24,-12],[-8,-50],[-33,-28],[-41,-78],[-42,-15],[-66,-113],[-27,58],[-36,9],[-4,-43],[-42,-57],[-14,20],[-111,-3],[-32,-37],[-44,-23],[-13,-26],[-5,-71],[-54,-13],[-22,-37],[-51,12],[-49,-5],[-91,49],[-32,-38],[-28,-2],[-44,-34],[-8,-42],[-45,-22],[-41,-74],[-69,-17],[-12,-30],[45,-100],[-42,-38],[41,-57],[13,-59],[30,-66],[33,13],[29,-42],[4,-59],[40,-13],[6,-38],[79,-39],[11,-42],[36,-25],[78,7],[20,-39],[17,-102],[-8,-62],[40,-36],[-29,-105],[52,-34],[4,-47],[54,-37],[2,-27],[-64,-18],[-16,-35],[16,-40],[-3,-48],[-31,-8],[-20,31],[-57,-33],[26,-57],[-18,-19],[-61,16],[-37,-38],[-32,11],[-37,-33],[-40,28],[-36,-21],[-11,37],[-71,0],[-30,-18],[-30,17],[-56,-68],[41,-68],[-5,-44],[-75,2],[-16,-56],[-48,-5],[-18,-32],[-43,-28],[-61,-86],[8,-72],[65,-2],[8,40],[27,2],[54,-26],[-39,-32],[1,-32],[-90,-29],[-16,-22],[-60,-25],[-51,30],[-85,-92],[-20,-3],[-24,-64],[-63,-6],[-46,-41],[-18,-38],[-99,-61],[-32,32],[-33,-12],[14,-45],[-55,-35],[-37,70],[-62,-3],[-35,50],[7,40],[-40,18],[-71,7],[-19,-17],[-39,35],[-53,97],[-31,-14],[-22,-41],[-6,-57],[-46,-45],[-19,22],[-88,25],[-17,47],[-58,12],[-30,25],[-2,42],[-41,44],[-28,3],[-15,51],[39,33],[0,27],[-86,88],[-37,14],[-31,-17],[-13,-50],[8,-48],[-51,-8],[19,-76],[-21,-29],[-61,-22],[-19,-26],[-45,-4],[-31,17],[-80,-15],[-17,-33],[-56,-25],[-56,-57],[-14,-38],[-50,-8],[-85,29],[-37,-13],[-39,23],[-41,-27],[-23,-39],[-65,3],[-36,35],[-22,54],[-22,-8],[-30,-100],[20,-41],[36,-7],[13,-28],[-21,-68],[24,-28],[10,-47],[-59,-10],[-29,-41],[-42,-21],[7,-41],[-21,-29],[68,-24],[66,10],[-2,-42],[-31,-16],[-62,-6],[-32,-42],[-45,-27],[-19,-33],[-52,-2],[-47,29],[-31,-29],[-48,-20],[-15,-39],[-40,4],[-35,33],[-59,19],[-24,30],[-71,16],[-6,59],[-44,60],[-37,13],[-28,-44],[-62,-4],[-68,29],[-39,5],[-40,38],[-34,51],[-13,52],[-36,11],[-9,35],[-70,43],[-4,45],[-32,31],[-44,10],[-31,-70],[-41,-2],[-46,-37],[19,-67],[-42,-64],[26,-41],[4,-88],[-24,-33],[-54,-5],[-23,56],[-52,58],[-41,2],[-92,-83],[-49,-4],[-32,53],[-35,24],[-30,-56],[-44,42],[-20,69],[-47,31],[-79,-3],[-78,51],[-7,41],[-30,48],[28,37],[-12,22],[46,42],[8,37],[-35,41],[9,88],[-26,26],[-56,-35],[-45,0],[11,51],[-1,65],[-50,8],[-6,56],[54,46],[-16,52],[-49,64],[-51,-6],[-28,13],[-64,-1],[-35,78],[-31,11],[7,63],[-40,34],[8,84],[-30,4],[-57,-46],[-48,24],[-59,6],[-13,36],[35,19],[-53,137],[10,34],[-49,6],[-35,46],[29,25],[-45,88],[-30,12],[-20,-27],[-45,8],[-8,47],[-41,44],[-112,-29],[-41,-97],[-74,-80],[-5,-40],[-61,-6],[6,-74],[-38,-45],[8,-27],[-45,-29],[8,-56],[-44,-2],[-25,-28],[-64,10],[-56,36],[-75,-1],[-65,40],[-63,5],[-43,18],[-61,63],[-118,34],[-51,22],[-14,23],[-41,-2],[-11,-37],[-47,-2],[-40,29],[-37,97],[15,63],[-21,109],[-62,21],[4,60],[-27,61],[-29,-9],[-18,-38],[-74,48],[15,63],[-2,53],[-32,77],[39,52],[-29,41],[-103,-7],[-29,9],[-18,43],[-85,67],[-49,-11],[-42,-34],[-53,19],[-38,-8],[-26,-62],[-51,-2],[-57,-23],[-31,-30],[-45,-4],[-63,36],[-68,-17],[9,-65],[60,-36],[-21,-161],[-35,-36],[-14,-63],[-78,-4],[-78,-41],[-17,-19],[-81,-9],[-164,-131],[-68,8],[-46,41],[-8,29],[-59,29],[-40,0],[-31,-20],[-45,0],[-60,44],[-69,14],[-52,115],[-57,20],[-31,-17],[-97,24],[-25,36],[-49,10],[-34,36],[-39,-29],[-26,28],[-64,-18],[-87,59],[-68,-71],[-83,-1],[-16,17],[-73,5],[-62,-16],[-78,68],[-72,45],[-14,-45],[-38,12],[-99,-63],[-34,48],[-3,33],[-55,35],[-31,-6],[-50,38],[-21,-48],[-94,-50],[-55,-6],[-70,21],[32,68],[32,42],[55,35],[18,65],[50,77],[55,27],[36,3],[82,-15],[17,44],[-33,48],[-16,65],[-27,32],[-37,81],[-75,69],[35,36],[2,51],[-13,43],[-26,22],[-1,42],[33,33],[-27,35],[-33,-2],[-16,-56],[-29,-4],[-18,95],[-68,30],[-24,-46],[-33,12],[12,51],[34,48],[-3,26],[-64,6],[-51,-82],[-28,0],[-57,69],[18,46],[-3,64],[-82,38],[-3,24],[57,64],[38,63],[45,36],[97,38],[112,2],[51,25],[4,60],[18,17],[32,88],[-79,-13],[-35,13],[-29,126],[-19,22],[-35,-50],[-20,7],[-50,117],[-2,58],[29,38],[-4,53],[31,29],[9,47],[47,21],[49,-52],[53,-17],[99,12],[64,25],[40,53],[2,36],[-22,41],[-6,44],[-54,30],[-19,27],[0,87],[-9,27],[15,53],[21,16],[39,-26],[51,-80],[48,-5],[53,44],[55,-8],[40,-113],[52,-73],[7,-46],[54,9],[7,34],[-21,56],[18,37],[95,37],[54,-51],[72,-41],[89,4],[34,11],[88,-2],[39,12],[40,-17],[13,-52],[42,5],[44,49],[10,58],[-16,62],[-5,72],[9,65],[105,135],[17,86],[61,17],[89,84],[24,72],[26,47],[59,56],[72,1],[48,40],[9,46],[-19,38],[85,105],[55,36],[10,57],[-77,-1],[-21,60],[-55,-17],[-41,16],[45,50],[51,-5],[54,11],[37,37],[17,42],[71,39],[-9,25],[34,49],[-29,49],[1,51],[-68,7],[-35,72],[49,23],[-8,68],[48,43],[35,-2],[37,59],[-14,46],[-27,31],[26,53],[42,38],[38,18],[33,-27],[75,51],[44,88],[-19,20],[-79,-31],[-23,35],[-76,14],[18,32],[-8,35],[42,111],[18,1],[18,86],[-11,20],[26,58],[-19,25],[19,77],[88,10],[33,-11],[14,34],[3,61],[49,19],[8,51],[-34,50],[15,45],[50,47],[105,59],[-6,51],[11,124],[49,45],[-38,48],[9,36],[35,33],[94,-56],[-12,-25],[25,-28],[52,41],[59,-7],[-16,-58],[63,-51],[-9,-76],[82,-29],[6,32],[43,-3],[22,-28],[35,9],[-4,38],[29,26],[79,-8],[95,62],[7,-37],[40,-26],[32,15],[27,-27],[44,26],[75,0],[42,37],[52,5],[56,34],[82,17],[62,30],[80,-35],[102,24],[30,59],[45,-24],[131,-40],[32,12],[4,36],[-27,67],[-1,42],[63,21],[26,-24],[9,-46],[56,-10],[67,-67],[30,-17],[75,28],[26,-46],[40,0],[59,-18],[16,16],[76,22],[29,69],[125,64],[38,-6],[-28,80],[31,17],[52,-22],[-4,51],[64,15],[12,20],[54,-3],[-4,-27],[26,-39],[33,-15],[-17,-77],[54,-20],[37,-68],[40,-44],[69,-29],[-12,-33],[50,-13]],[[9844,18814],[-32,37],[-30,-12],[-77,68],[-45,-16],[-42,28],[-59,17],[7,38],[-61,-11],[-231,-74]],[[9274,18889],[-17,39],[22,31],[-107,44],[-24,48],[156,52],[47,9],[9,43],[-49,72],[-28,12],[-55,60],[-54,37],[-69,15],[-75,4],[-13,16],[1,168]],[[9018,19539],[64,-52],[123,6],[59,21],[66,-1],[48,-18],[75,-12],[42,6],[39,32],[-14,24],[80,123],[-10,29],[79,33],[158,4],[12,22],[-19,95],[19,59],[-4,149],[75,25],[27,39],[94,10],[46,17],[32,38],[21,-78],[-21,-121],[16,-70],[37,-31],[30,-5]],[[10192,19883],[85,-159],[44,-62],[81,-68],[52,-20],[54,-52],[15,-30],[21,-157],[27,-47],[130,-85]],[[10701,19203],[25,-55],[17,-115],[48,-61],[53,-51],[74,-49],[68,-12],[440,-4],[82,15],[64,-43]],[[11572,18828],[-51,28],[-48,6],[-51,-25],[-54,-76],[-51,-40],[-55,-16],[-49,-33],[-118,-2],[-168,-15]],[[10927,18655],[28,65],[-34,48],[-42,-1],[-144,-71],[-69,16],[-69,36],[-56,106],[-29,23],[-69,-3],[-88,-82],[-89,-21],[-132,3],[-213,81],[-33,-2],[-44,-39]],[[12370,18898],[-57,27],[-71,12],[-9,94],[-59,87],[-79,149],[2,28],[-92,-7],[-310,50],[8,26],[-33,70],[-32,21],[-264,62],[-185,-28],[31,-206],[-109,-18],[-21,162],[-139,-17],[-23,-122],[-89,10],[-90,-38],[-48,-57]],[[10192,19883],[82,23],[33,21],[56,7],[66,38],[40,-9],[55,-47],[38,-74],[73,10],[35,-50],[25,-11],[216,-19],[55,-13],[82,50],[37,51],[17,0],[80,-56],[55,25],[68,-31],[67,-3],[36,24],[56,-3],[4,-27],[82,-21],[130,65],[53,8],[31,-15],[98,50],[59,-19],[56,31],[34,-68],[78,-10],[46,-32],[20,-53],[28,-30],[49,60],[53,-33],[27,-2],[59,28],[52,101],[-6,27],[15,122],[-9,45],[44,69],[78,25],[37,49],[21,59]],[[12639,20213],[-9,-86],[35,-91],[-20,-30],[-44,-23],[-28,-50],[-1,-50],[17,-44],[27,-9],[20,-37],[-32,-55],[-26,9],[-46,-29],[-47,-7],[-44,-74],[-2,-20]],[[12439,19617],[24,-51],[-26,-48],[-26,-16],[-8,-60],[-54,-28],[-12,-31],[-81,-85],[-14,-47],[9,-80],[41,-23],[18,-57],[66,-82],[8,-34],[-14,-77]],[[12370,18898],[-8,-29]],[[12362,18869],[-24,-69],[-76,-21],[-51,-25],[-82,-94],[-51,-125]],[[12078,18535],[-44,-62],[-55,1],[-71,25],[-78,-12],[-73,59],[-135,225],[-50,57]],[[10927,18655],[-27,-52],[-35,-21],[-5,-35],[-65,-40],[-53,-83],[-54,34],[-12,-64],[19,-48],[46,-41]],[[10741,18305],[-51,-40],[-64,24],[-33,-60],[-31,18],[-96,-8],[-26,-12],[-73,-98],[-91,10],[-45,-29],[-103,37],[-11,-41]],[[10117,18106],[-56,28],[-2,47],[-38,19],[-44,89],[-16,53],[-26,29],[-41,17],[-55,59],[-82,66],[24,27],[27,83]],[[9808,18623],[28,173],[8,18]],[[10741,18305],[15,-15],[-12,-61],[-62,-60],[23,-49],[26,-18],[-32,-76],[34,-68],[-41,-16],[8,-36],[-21,-47],[29,-23],[-37,-45],[25,-49],[4,-53]],[[10700,17689],[45,1]],[[10745,17690],[-23,-17],[-99,-32],[-91,-66],[-96,-22],[-68,-55],[-72,17],[-11,32],[-34,10],[-68,-33],[-61,-51],[-48,-56],[-73,-8],[-51,-24],[-44,15],[-60,43]],[[9846,17443],[24,26],[24,72],[82,45],[26,45],[-14,153],[34,34],[53,22],[42,92],[3,37],[-18,46],[15,91]],[[9846,17443],[-55,40],[-4,97],[23,74],[-35,117],[-50,58],[-56,43],[7,44],[63,130],[12,85],[-22,63],[-35,45],[-21,87]],[[9673,18326],[-57,16]],[[9616,18342],[15,108],[38,83],[65,88],[18,11],[56,-9]],[[9616,18342],[-74,42],[-73,12],[-58,21],[-35,40],[-42,14],[-17,39],[-40,20],[-66,-79],[-31,-11],[-36,22],[-67,20],[-68,113],[16,91],[-42,81]],[[8983,18767],[38,37],[253,85]],[[8983,18767],[-52,-63],[-72,-12],[-47,-29],[-59,29],[-59,-1],[-85,18],[-19,46],[-33,-10]],[[8557,18745],[-69,-19],[-52,35],[-75,20],[-68,61],[-49,20],[-100,67],[-57,-2],[-20,74],[-67,15],[-30,-10],[-114,10],[-21,-26],[-83,28],[-41,36],[-75,11],[-59,73],[-81,61],[-72,26],[-29,-1]],[[7395,19224],[23,34],[27,90],[88,64],[25,-9],[34,34],[91,38],[8,30],[33,21],[-29,63],[41,81],[41,-13],[15,68],[161,-46],[36,11],[78,-44],[14,-48],[76,58],[67,-10],[36,-32],[63,-19],[40,25],[72,10],[51,-9],[31,-38],[52,12],[106,-28],[44,4],[66,23],[63,34],[64,-29],[79,-4],[27,-56]],[[12078,18535],[13,-42],[2,-67],[18,-25]],[[12111,18401],[16,-39],[-7,-115],[-17,-54],[-4,-167],[-25,-184],[-32,-64],[-53,-24],[-19,-60],[7,-32],[31,-28]],[[12008,17634],[-14,-18]],[[11994,17616],[-76,13],[-47,-11],[-19,-45],[-75,-51],[-59,-30],[-140,2],[-25,-17],[-6,-48],[-91,9],[-32,31],[-54,25],[-75,7],[-29,12]],[[11266,17513],[-96,95],[-30,56],[-50,33],[-151,13],[-57,20],[-100,-1],[-82,-40]],[[11994,17616],[-25,-37],[24,-88],[29,-34],[-16,-42]],[[12006,17415],[-65,-93],[-25,-7],[-43,-131],[-33,-25],[-25,-89],[-56,-56],[3,-53],[-25,-23],[-40,6],[-53,-28],[-19,-53],[-67,-43],[-31,24],[-100,-3],[-44,-39],[-36,8]],[[11347,16810],[49,96],[-47,47],[-24,-12],[-67,36],[-2,50],[-78,25],[-11,23],[4,59],[55,98],[9,89],[86,125],[-45,36],[-10,31]],[[12006,17415],[17,-6],[15,-75],[-23,-60],[-46,-34],[59,-30],[53,-69],[25,-76],[-4,-71],[35,-78],[69,-25],[-16,-80],[11,-37]],[[12201,16774],[-25,-17],[3,-67],[-24,-22],[13,-43],[-37,-84],[-11,-67],[18,-56]],[[12138,16418],[-56,-14],[-46,-35],[-52,-13],[-64,15],[-61,31],[-5,68],[-51,-25],[-65,20],[-39,32],[-58,79],[-65,41],[-24,-16],[-71,-10],[-88,-1],[-77,9],[-25,-63],[25,-82],[-22,-42],[-85,7],[-49,-18],[-13,32],[-96,10]],[[11051,16443],[6,20],[-19,173],[39,58],[-16,42],[-56,38],[31,36],[54,16],[33,-13],[37,16],[93,-3],[37,-18],[57,2]],[[11051,16443],[-69,-45],[-13,35],[-72,4],[-26,50],[-71,17],[-44,48],[-11,52],[-35,-33],[-34,-4],[-58,15],[-24,56],[-55,-10],[17,80],[-13,31],[-48,29],[-76,-23],[-56,104],[-75,-8],[-31,95],[17,55]],[[10274,16991],[10,122],[17,36],[34,-21],[85,-5],[-5,42],[-39,80],[50,18],[-43,48],[-9,51],[92,12],[55,-9],[41,9],[55,-7],[31,11],[38,53],[44,29],[-2,75],[10,42],[-42,31],[49,82]],[[13511,17941],[-106,17],[-138,42],[-20,16],[-128,130],[-69,77],[-82,-50],[-34,50],[-20,63],[4,84]],[[12918,18370],[69,75],[58,15]],[[13045,18460],[215,-67],[37,-16],[179,-130]],[[13476,18247],[22,-107],[13,-199]],[[13965,17584],[-72,34],[-62,59],[-88,-103],[-47,68],[-26,-41],[-76,-35],[-121,-17],[-46,-18],[12,97]],[[13439,17628],[75,29],[22,70],[-21,111],[-4,103]],[[13476,18247],[62,-50],[45,-26],[122,-46],[85,12],[112,116]],[[13087,16693],[-78,10],[-44,58],[-1,93],[139,101],[6,15],[79,75],[-5,47],[35,148],[10,17]],[[13228,17257],[5,49],[48,96],[89,85],[49,122],[20,19]],[[13228,17257],[-30,-1],[-131,51],[-186,88],[6,31],[110,300],[29,54],[-68,2],[-30,64],[-87,39],[-28,-35],[-51,19],[-106,4]],[[12656,17873],[-10,148],[13,59],[-27,1],[-10,80],[35,4],[22,194],[-53,26]],[[12626,18385],[229,-25],[63,10]],[[12437,15527],[-94,141],[-66,10],[-117,59],[-36,72],[-9,62],[116,142],[29,51],[-8,34],[-1,108],[-9,19],[-86,11],[-4,119],[-14,63]],[[12201,16774],[6,50],[33,40],[67,12],[65,-38],[53,8],[4,-27],[87,21],[49,-23],[26,-136],[-55,-6],[-47,-34],[-14,-25],[4,-75],[32,-69],[113,16],[16,-81]],[[12008,17634],[103,-39],[120,-11],[54,-56],[36,-16],[24,14],[23,55],[27,-34],[100,-97],[86,-76],[23,-8],[63,142],[-11,30],[26,96],[-7,29],[-41,34],[4,33],[-15,140],[33,3]],[[12111,18401],[131,29],[32,-1],[137,35],[54,-6],[131,-66],[30,-7]],[[12362,18869],[87,-6],[162,-52],[306,-119],[40,-22],[144,-55]],[[13101,18615],[-5,-38],[-51,-117]],[[13101,18615],[147,-46],[165,-23],[77,-47],[109,31],[47,3],[65,-14],[311,-103]],[[12439,19617],[309,-126],[16,25],[43,-14],[86,-1],[100,51],[40,60],[45,2],[24,-67],[102,-14],[45,11],[12,-67],[40,-34]],[[13301,19443],[-74,8],[-82,-142],[-5,-33],[16,-137],[13,-41],[-10,-50],[45,-27],[38,4],[42,-36],[-38,-86],[-33,-32],[-77,-122],[-35,-134]],[[13301,19443],[81,13],[220,10],[33,-87],[21,-18],[77,59],[-33,45],[39,7]],[[9673,18326],[-66,-39],[-93,12],[-119,-75],[-16,15],[-121,-36],[-108,-69],[-47,3],[-81,52],[-123,5],[-62,-12]],[[8837,18182],[-26,76],[23,73],[-45,76],[-37,-4],[-70,-42],[-67,6],[-37,96],[9,53],[-22,74],[4,139],[-12,16]],[[9846,17443],[-71,-38],[-136,4],[-81,-15],[-108,32],[-76,-21],[-38,-72],[-52,-23]],[[9284,17310],[-13,65],[-36,51],[-58,-11],[-29,8],[-57,96],[-90,67],[-32,49],[14,28],[-29,78],[13,75],[44,21],[-25,118],[-54,78],[-53,26],[-34,68],[-8,55]],[[10274,16991],[-63,-35],[-75,-17],[-54,-53],[-72,-36],[-57,-6],[-47,12],[-20,27]],[[9886,16883],[-60,18],[-47,-3],[-57,-23],[-77,-13],[-29,11],[-72,-16],[-176,0],[-75,35],[-67,46],[-51,69],[19,57]],[[9194,17064],[19,25],[1,53],[37,53],[-1,78],[34,37]],[[10210,15104],[15,66],[-36,76],[-4,52],[-32,15],[-15,39],[-52,61],[-52,26],[-58,131],[-51,45],[-42,18],[0,59],[81,35],[-8,30],[20,52],[-86,15],[-79,26],[-142,-30],[30,59],[-5,102],[-41,100],[20,40],[-2,54],[48,94],[50,39],[21,90],[-26,90],[-63,-58],[-49,-13],[-78,26],[-65,31],[113,42],[59,-19],[28,20],[67,22],[33,111],[61,47],[1,38],[65,78],[-50,70]],[[8995,13899],[-54,-39],[-16,-65],[-75,14],[-27,-16],[-15,-60],[-53,-51]],[[8755,13682],[-117,138],[-44,-118],[-116,35],[-50,-4],[-55,-49],[-89,-128],[-250,0],[-75,50],[-70,-35],[-63,8],[-127,110],[-40,78],[-47,70],[13,71],[22,22],[-53,147],[-27,37],[-40,-15],[-55,18],[-94,-14],[10,-33],[-19,-37],[11,-54],[27,-10],[8,-52],[-105,-5],[-389,8],[-68,4]],[[6853,13924],[0,55],[-71,32],[-57,38],[-22,48],[-41,42],[41,103],[-7,47],[30,91],[-9,66],[9,75],[45,88],[35,29],[-52,75],[2,82],[26,17],[-30,85],[17,50],[0,50],[-24,36],[4,69],[-22,66],[34,88],[-19,94],[-44,46],[-22,72],[46,15],[65,-11],[55,60],[48,16],[-4,50],[38,96]],[[6924,15694],[26,10],[78,0],[23,-22],[55,4],[92,-51],[70,62],[60,-3],[24,16],[113,27],[103,-52],[5,-47],[53,2],[14,44],[7,80],[25,15],[46,125],[-12,87],[24,91]],[[7730,16082],[55,61],[46,13],[47,32],[38,53],[50,-11],[37,57],[26,68],[3,93],[69,48],[146,116],[-25,57],[25,87],[74,27],[29,29],[81,25],[61,69],[90,43],[18,75],[41,-19],[79,-7],[122,12],[45,-52],[40,7],[84,57],[79,-5],[104,47]],[[8822,11418],[-240,311],[-25,39],[-79,49],[24,45],[-18,61],[-96,8],[-18,34],[3,66],[-33,25],[3,33],[-26,118],[16,31],[-14,47],[-62,27],[-9,56],[23,46],[51,42],[7,29],[-23,39],[21,62],[-8,34],[23,50],[109,-13],[26,17],[32,54],[84,10],[65,-5],[48,-48],[73,70],[13,38],[-7,58],[-22,55],[-71,59],[-17,29],[-44,0],[-2,38],[67,76],[-12,59],[3,99],[56,95],[47,7],[14,40],[-9,32],[-37,30],[15,67],[-40,100],[22,45]],[[6811,9033],[23,-107],[-52,-17],[-69,-69],[-33,-4],[-35,36],[-48,7],[-38,-11],[-50,57],[-54,-31],[-68,98],[-57,32],[-53,15],[-22,111],[-25,21],[1,37],[-32,33],[-193,-16],[-48,53],[-3,32],[60,91]],[[6015,9401],[100,104],[145,79],[85,123],[-3,57],[-24,63],[-53,60],[51,130],[-63,18],[-41,177],[116,89],[-27,72],[-70,128],[48,67],[5,132],[-46,41],[88,155],[-36,91],[-4,73],[11,64],[67,118],[29,39],[30,67],[-8,76],[-71,136],[8,125],[-33,71],[-12,60],[102,111],[36,86],[34,21],[16,66],[-10,141],[-17,37],[-59,59],[-14,49],[31,57],[64,86],[44,23],[23,37],[28,85],[-26,77],[-53,53],[-10,40],[46,117],[-20,53],[-6,78],[10,67],[29,78],[38,53],[-30,42],[8,35]],[[6571,13367],[24,9],[41,112],[64,21],[50,34],[-15,141],[29,81],[58,16],[9,49],[-13,65],[35,29]],[[6015,9401],[-60,-91],[-13,-26],[-27,6],[-45,43],[-6,32],[-56,40],[-26,62],[-17,81],[-39,57],[-9,105],[3,83],[-48,7],[-26,39],[11,26],[-20,44],[-80,20],[-104,37],[-12,64],[-26,34],[20,46],[-27,35],[66,31],[61,76],[-20,30],[30,122],[-57,12],[-130,-41],[6,80],[-35,29],[-31,90],[52,51],[-30,37],[-6,36],[50,18],[36,82],[26,116],[-45,77],[3,85],[-22,35],[-112,15],[-40,-7],[-82,-94],[-53,10],[-56,72],[-56,15],[-46,51],[-45,71],[0,71],[-15,54],[-49,52],[4,98],[-36,5],[1,34],[-29,44],[-12,44],[-100,86],[-34,81],[3,66],[-15,41],[-47,16],[-85,100],[18,59],[-39,45],[-10,53],[22,32],[53,-17],[49,12],[8,58],[-28,96],[-24,44],[-3,53],[-36,83],[-7,68],[-41,43],[25,49],[9,101],[25,69],[-23,67],[-49,0],[-149,32],[-22,20],[-54,-23],[-42,7],[-46,-16],[-92,30],[1,34],[-38,40],[-10,44],[35,48],[1,61],[-169,76],[-35,46],[0,26],[-34,51],[11,54],[49,36],[-10,74],[-24,43],[46,36],[-6,28],[-47,40],[15,42],[35,42],[-10,35],[59,53],[25,-28],[95,8],[27,54],[55,3],[-7,66],[9,59],[24,44],[-8,40],[46,19],[63,-25],[168,30],[84,58],[3,20],[56,85],[30,27],[-7,83],[29,38],[-15,65],[-3,82],[-46,96],[27,27]],[[4526,14761],[95,9],[52,-31],[32,-3],[63,-50],[34,33],[23,-31],[61,-16],[22,12],[52,-19],[42,-45],[1,-54],[15,-55],[44,-50],[105,-38],[36,-36],[49,-19],[35,-84],[45,-25],[66,-5],[36,-16],[103,22],[44,-1],[80,-37],[27,-75],[29,-39],[-4,-90],[46,-61],[21,-68],[23,-5],[39,-69],[46,-19],[39,11],[46,38],[102,-43],[51,-62],[77,-47],[42,-61],[83,24],[88,49],[73,-3],[40,-36],[-15,-140],[13,-43],[-1,-62],[45,-54]],[[4526,14761],[60,108],[1,114],[14,53],[34,10],[39,39],[51,23],[81,-27],[25,15],[21,42],[40,20],[22,45],[-24,36],[35,36],[58,4],[52,28],[40,85],[2,74],[73,135],[44,36],[37,73],[-30,87],[54,33],[22,34],[-13,24],[41,32],[3,38],[31,52],[44,110],[-4,46],[-25,21],[-4,55],[18,55],[91,55]],[[5459,16352],[199,-59],[-5,-51],[16,-19],[63,-14],[97,81],[40,84],[59,23],[78,-20],[68,41],[70,67],[75,-52],[90,-24],[54,-6],[45,34],[36,9],[31,-49],[-34,-48],[-18,-50],[-33,-47],[-24,-58],[9,-126],[20,-40],[3,-49],[30,-28],[220,-92],[69,-95],[-31,-66],[25,-40],[32,-8],[49,14],[53,0],[79,30]],[[5459,16352],[19,21],[56,8],[39,31],[7,71],[-46,110],[-33,22],[-22,38],[-58,56],[0,66],[-34,35],[7,30],[132,-10],[37,30],[139,-2],[20,54],[45,60],[90,2],[36,30],[-7,39],[35,38],[1,35],[27,31],[55,33],[124,106],[37,2],[-11,52]],[[6154,17340],[27,32],[26,-89],[62,-48],[23,19],[-7,41],[52,40],[-17,91],[-16,29],[8,36],[57,28],[90,22],[56,0],[61,46],[40,-9],[56,27],[43,46],[98,26],[64,37],[13,-47],[45,-49],[45,-72],[53,-39],[-60,-31],[-23,-30],[-16,-71],[-20,-39],[-32,-13],[-15,-50],[6,-87],[-29,-75],[-46,-23],[-7,-32],[15,-40],[-33,-44],[-8,-59],[-31,-19],[-42,6],[-94,-86],[-29,-12],[-21,-40],[9,-57],[45,-51],[71,10],[46,-12],[44,-77],[97,-40],[33,3],[137,-72],[32,-29],[42,9],[64,-52],[85,-84],[24,11],[66,68],[31,48],[58,7],[64,-29],[75,-125],[74,-59],[32,-66],[64,-16],[-23,-47],[12,-20]],[[6154,17340],[-29,56],[-55,37],[-118,9],[-6,108],[-17,34],[14,35],[-8,54],[-25,44],[40,185],[48,26],[88,5],[34,22],[48,54],[31,-3],[90,33],[71,5],[73,16],[40,38],[69,15],[58,50],[15,66],[-34,8],[-10,39],[16,28],[-39,32],[-62,5],[-15,50],[-39,15],[15,51],[0,172],[10,36],[28,11],[22,78],[15,23],[8,89],[-19,53]],[[6511,18919],[47,0],[113,-43],[31,19],[34,56],[-13,57],[9,25],[61,-3],[28,11],[81,-17],[53,-25],[27,34],[101,36],[47,-10],[142,77],[62,-18],[55,21],[6,85]],[[6511,18919],[-115,31],[-138,25],[-2,22],[-57,51],[-9,60],[28,16],[-4,37],[-166,157],[-29,56],[-25,91],[-53,41],[-36,82],[8,60],[-45,49],[-111,-4],[-12,27],[42,63],[25,83],[44,11],[25,23],[-11,41],[-56,86],[-26,22],[29,52],[38,22],[30,39],[-4,63],[43,59],[37,106],[4,59],[-21,72],[-78,69],[19,62],[-6,44],[46,18],[-4,82],[54,63],[-53,33],[0,58],[45,24],[7,36],[-75,-18],[-58,17],[-78,-12],[-31,27],[-68,33],[-9,33],[-72,63],[-40,16],[-39,-28],[-46,13],[-36,-56],[-56,-7],[-45,49],[-34,56],[-26,66],[-65,6],[-51,65],[-28,-5]],[[5117,21328],[67,26],[77,1],[42,-23],[41,0],[72,28],[25,25],[88,19],[65,42],[33,-14],[102,3],[64,25],[90,-35],[105,3],[76,49],[50,13],[34,-7],[69,34],[62,-25],[60,9],[66,56],[47,-29],[45,-5],[87,-30],[22,-27],[78,-13],[15,-21],[59,-9],[46,38],[63,32],[50,45],[64,30],[28,50],[37,23],[124,50],[11,45],[39,17],[29,37],[18,80],[68,83],[6,99],[51,137],[37,13],[35,-14],[94,23],[70,-17],[45,25],[13,-25],[66,-4],[23,48],[44,11],[-9,60],[17,63],[28,36],[64,42],[79,20],[45,27],[-6,20],[-75,74],[-31,12],[-78,-4],[-152,13],[-16,48],[95,38],[40,30],[17,49],[31,47],[63,39],[150,23],[86,-30],[1,84],[32,25],[64,-8],[36,41],[-20,78],[19,18],[47,-14],[40,10],[75,-77],[56,-14]],[[5117,21328],[59,63],[35,96],[-12,109],[-22,8],[3,52],[-53,53],[-9,46],[-118,65],[18,51],[-13,138],[70,32],[33,81],[-29,99],[-27,-23],[-7,70],[57,7],[26,51],[-44,19],[-36,41],[13,69],[32,4],[59,43],[-31,34],[30,51],[-28,72],[-43,50],[10,65],[-61,0],[-29,94],[-47,42],[-21,110],[6,20],[64,62],[48,14],[49,60],[7,94],[42,22],[46,-35],[60,9],[66,33],[23,24],[9,55],[-25,29],[-11,61],[-43,61],[-64,9],[-32,18],[-32,44],[-90,20],[-7,49],[16,76],[-44,93],[16,85],[-13,56],[-43,103],[-35,47],[-28,60],[48,1],[47,46],[46,2],[45,47],[59,24],[32,-7],[35,17],[27,65],[63,35],[46,-27],[21,17],[66,-11],[49,9],[60,53],[40,11],[26,-28],[75,-20],[12,45],[31,41],[12,74],[99,44],[55,10],[63,26],[40,36],[16,-15],[72,-4],[22,50],[44,-1],[51,-58],[56,-10],[23,23],[-47,49],[41,115],[24,-2],[68,29],[12,25],[74,-95],[28,35],[36,5],[32,-18],[21,-39],[42,17],[-15,35],[21,20],[28,-34],[29,12],[85,-4],[113,61],[31,56],[75,29],[41,-38],[53,18],[7,30],[40,26],[-2,22],[58,51],[67,-3],[51,18],[75,73],[49,-37],[17,-66],[69,-64],[26,28],[-7,38],[83,11],[76,45],[32,-19],[54,40],[39,10],[28,-76],[56,7],[14,42],[32,-15],[38,84],[34,-6],[69,92],[19,-11],[31,-81],[34,2],[14,31],[43,23]]],"transform":{"scale":[3.238356043208163,3.2596738962734517],"translate":[275274.06786939444,7337272.19016594]},"objects":{"zonas_2007_s":{"type":"GeometryCollection","geometries":[{"arcs":[[0,1,2,3,4]],"type":"Polygon","properties":{"codigo":"1","nome":"Sé","municipio_nome":"São Paulo"},"id":"1"},{"arcs":[[-5,5,6,7,8,9,10]],"type":"Polygon","properties":{"codigo":"2","nome":"Parque Dom Pedro","municipio_nome":"São Paulo"},"id":"2"},{"arcs":[[-1,-11,11,12,13,14]],"type":"Polygon","properties":{"codigo":"3","nome":"Praça João Mendes","municipio_nome":"São Paulo"},"id":"3"},{"arcs":[[-2,-15,15,16,17,18]],"type":"Polygon","properties":{"codigo":"4","nome":"Ladeira da Memória","municipio_nome":"São Paulo"},"id":"4"},{"arcs":[[-3,-19,19,20,21]],"type":"Polygon","properties":{"codigo":"5","nome":"República","municipio_nome":"São Paulo"},"id":"5"},{"arcs":[[-4,-22,22,23,-6]],"type":"Polygon","properties":{"codigo":"6","nome":"Santa Efigênia","municipio_nome":"São Paulo"},"id":"6"},{"arcs":[[-7,-24,24,25,26,27,28,29]],"type":"Polygon","properties":{"codigo":"7","nome":"Luz","municipio_nome":"São Paulo"},"id":"7"},{"arcs":[[-27,30,31,32,33,34]],"type":"Polygon","properties":{"codigo":"8","nome":"Bom Retiro","municipio_nome":"São Paulo"},"id":"8"},{"arcs":[[-28,-35,35,36,37,38]],"type":"Polygon","properties":{"codigo":"9","nome":"Ponte Pequena","municipio_nome":"São Paulo"},"id":"9"},{"arcs":[[-38,39,40,41,42]],"type":"Polygon","properties":{"codigo":"10","nome":"Canindé","municipio_nome":"São Paulo"},"id":"10"},{"arcs":[[-42,43,44,45,46]],"type":"Polygon","properties":{"codigo":"11","nome":"Bom Jardim","municipio_nome":"São Paulo"},"id":"11"},{"arcs":[[-29,-39,-43,-47,47,48,49,50]],"type":"Polygon","properties":{"codigo":"12","nome":"Pari","municipio_nome":"São Paulo"},"id":"12"},{"arcs":[[-30,-51,51,52]],"type":"Polygon","properties":{"codigo":"13","nome":"João Teodoro","municipio_nome":"São Paulo"},"id":"13"},{"arcs":[[-50,53,54,55,-52]],"type":"Polygon","properties":{"codigo":"14","nome":"Oriente","municipio_nome":"São Paulo"},"id":"14"},{"arcs":[[-55,56,57,58,59]],"type":"Polygon","properties":{"codigo":"15","nome":"Bresser","municipio_nome":"São Paulo"},"id":"15"},{"arcs":[[-9,60,-59,61,62]],"type":"Polygon","properties":{"codigo":"16","nome":"Brás","municipio_nome":"São Paulo"},"id":"16"},{"arcs":[[-8,-53,-56,-60,-61]],"type":"Polygon","properties":{"codigo":"17","nome":"Gasômetro","municipio_nome":"São Paulo"},"id":"17"},{"arcs":[[-10,-63,63,64,65,66,67,-12]],"type":"Polygon","properties":{"codigo":"18","nome":"Independência","municipio_nome":"São Paulo"},"id":"18"},{"arcs":[[-67,68,69,70,71]],"type":"Polygon","properties":{"codigo":"19","nome":"Cambuci","municipio_nome":"São Paulo"},"id":"19"},{"arcs":[[-13,-68,-72,72,73,74]],"type":"Polygon","properties":{"codigo":"20","nome":"Glicério","municipio_nome":"São Paulo"},"id":"20"},{"arcs":[[-71,75,76,-73]],"type":"Polygon","properties":{"codigo":"21","nome":"Aclimação","municipio_nome":"São Paulo"},"id":"21"},{"arcs":[[-74,-77,77,78,79]],"type":"Polygon","properties":{"codigo":"22","nome":"Pires da Mota","municipio_nome":"São Paulo"},"id":"22"},{"arcs":[[-79,80,81,82,83]],"type":"Polygon","properties":{"codigo":"23","nome":"Centro Cultural","municipio_nome":"São Paulo"},"id":"23"},{"arcs":[[-14,-75,-80,-84,84]],"type":"Polygon","properties":{"codigo":"24","nome":"Liberdade","municipio_nome":"São Paulo"},"id":"24"},{"arcs":[[-17,85,86,87,88,89]],"type":"Polygon","properties":{"codigo":"25","nome":"Treze de Maio","municipio_nome":"São Paulo"},"id":"25"},{"arcs":[[-16,-85,90,-86]],"type":"Polygon","properties":{"codigo":"26","nome":"Bexiga","municipio_nome":"São Paulo"},"id":"26"},{"arcs":[[-83,91,92,-87,-91]],"type":"Polygon","properties":{"codigo":"27","nome":"Bela Vista","municipio_nome":"São Paulo"},"id":"27"},{"arcs":[[-88,-93,93,94]],"type":"Polygon","properties":{"codigo":"28","nome":"São Carlos do Pinhal","municipio_nome":"São Paulo"},"id":"28"},{"arcs":[[-89,-95,95,96,97,98]],"type":"Polygon","properties":{"codigo":"29","nome":"Masp","municipio_nome":"São Paulo"},"id":"29"},{"arcs":[[99,100,101,102,103]],"type":"Polygon","properties":{"codigo":"30","nome":"Higienópolis","municipio_nome":"São Paulo"},"id":"30"},{"arcs":[[-18,-90,-99,104,-104,105,-20]],"type":"Polygon","properties":{"codigo":"31","nome":"Vila Buarque","municipio_nome":"São Paulo"},"id":"31"},{"arcs":[[-98,106,107,108,-100,-105]],"type":"Polygon","properties":{"codigo":"32","nome":"Consolação","municipio_nome":"São Paulo"},"id":"32"},{"arcs":[[-109,109,110,111,112]],"type":"Polygon","properties":{"codigo":"33","nome":"Pacaembu","municipio_nome":"São Paulo"},"id":"33"},{"arcs":[[-101,-113,113,114]],"type":"Polygon","properties":{"codigo":"34","nome":"FAAP","municipio_nome":"São Paulo"},"id":"34"},{"arcs":[[-21,-106,-103,115,-25,-23]],"type":"Polygon","properties":{"codigo":"35","nome":"Santa Cecília","municipio_nome":"São Paulo"},"id":"35"},{"arcs":[[-26,-116,-102,-115,116,117,-31]],"type":"Polygon","properties":{"codigo":"36","nome":"Marechal Deodoro","municipio_nome":"São Paulo"},"id":"36"},{"arcs":[[-32,-118,118]],"type":"Polygon","properties":{"codigo":"37","nome":"Rudge","municipio_nome":"São Paulo"},"id":"37"},{"arcs":[[-46,119,120,121,-48]],"type":"Polygon","properties":{"codigo":"38","nome":"Catumbi","municipio_nome":"São Paulo"},"id":"38"},{"arcs":[[-121,122,123,124,125,126,127]],"type":"Polygon","properties":{"codigo":"39","nome":"Belém","municipio_nome":"São Paulo"},"id":"39"},{"arcs":[[128,129,130,131]],"type":"Polygon","properties":{"codigo":"40","nome":"Quarta Parada","municipio_nome":"São Paulo"},"id":"40"},{"arcs":[[-57,132,-127,133,-129,134]],"type":"Polygon","properties":{"codigo":"41","nome":"Belenzinho","municipio_nome":"São Paulo"},"id":"41"},{"arcs":[[-49,-122,-128,-133,-54]],"type":"Polygon","properties":{"codigo":"42","nome":"Celso Garcia","municipio_nome":"São Paulo"},"id":"42"},{"arcs":[[-58,-135,-132,135,136,137,-62]],"type":"Polygon","properties":{"codigo":"43","nome":"Moóca","municipio_nome":"São Paulo"},"id":"43"},{"arcs":[[-137,138,139,140]],"type":"Polygon","properties":{"codigo":"44","nome":"Alto da Moóca","municipio_nome":"São Paulo"},"id":"44"},{"arcs":[[-64,-138,-141,141,142,143]],"type":"Polygon","properties":{"codigo":"45","nome":"Parque da Moóca","municipio_nome":"São Paulo"},"id":"45"},{"arcs":[[144,145,146,147,148,149,150]],"type":"Polygon","properties":{"codigo":"46","nome":"Água Rasa","municipio_nome":"São Paulo"},"id":"46"},{"arcs":[[-139,151,-147,152]],"type":"Polygon","properties":{"codigo":"47","nome":"Vila Bertioga","municipio_nome":"São Paulo"},"id":"47"},{"arcs":[[-131,153,154,-148,-152,-136]],"type":"Polygon","properties":{"codigo":"48","nome":"Regente Feijó","municipio_nome":"São Paulo"},"id":"48"},{"arcs":[[-76,155,156,157,158,-81,-78]],"type":"Polygon","properties":{"codigo":"49","nome":"Ana Rosa","municipio_nome":"São Paulo"},"id":"49"},{"arcs":[[-70,159,160,161,162,-156]],"type":"Polygon","properties":{"codigo":"50","nome":"Jardim da Glória","municipio_nome":"São Paulo"},"id":"50"},{"arcs":[[-162,163,164,165]],"type":"Polygon","properties":{"codigo":"51","nome":"Chácara Klabin","municipio_nome":"São Paulo"},"id":"51"},{"arcs":[[-157,-163,-166,166,167]],"type":"Polygon","properties":{"codigo":"52","nome":"Vila Mariana","municipio_nome":"São Paulo"},"id":"52"},{"arcs":[[-165,168,169,170,171,-167]],"type":"Polygon","properties":{"codigo":"53","nome":"Santa Cruz","municipio_nome":"São Paulo"},"id":"53"},{"arcs":[[-171,172,173,174]],"type":"Polygon","properties":{"codigo":"54","nome":"Vila Clementino","municipio_nome":"São Paulo"},"id":"54"},{"arcs":[[-168,-172,-175,175,176]],"type":"Polygon","properties":{"codigo":"55","nome":"França Pinto","municipio_nome":"São Paulo"},"id":"55"},{"arcs":[[-158,-177,177,178]],"type":"Polygon","properties":{"codigo":"56","nome":"Rodrigues Alves","municipio_nome":"São Paulo"},"id":"56"},{"arcs":[[-82,-159,-179,179,180,181,-92]],"type":"Polygon","properties":{"codigo":"57","nome":"Paraíso","municipio_nome":"São Paulo"},"id":"57"},{"arcs":[[-170,182,183,184,185]],"type":"Polygon","properties":{"codigo":"58","nome":"Bosque da Saúde","municipio_nome":"São Paulo"},"id":"58"},{"arcs":[[-185,186,187,188,189,190]],"type":"Polygon","properties":{"codigo":"59","nome":"Saúde","municipio_nome":"São Paulo"},"id":"59"},{"arcs":[[-190,191,192,193,194,195,196]],"type":"Polygon","properties":{"codigo":"60","nome":"Planalto Paulista","municipio_nome":"São Paulo"},"id":"60"},{"arcs":[[-173,-186,-191,-197,197,198]],"type":"Polygon","properties":{"codigo":"61","nome":"Mirandópolis","municipio_nome":"São Paulo"},"id":"61"},{"arcs":[[-176,199,200,201,202,-180,-178]],"type":"Polygon","properties":{"codigo":"62","nome":"Parque Ibirapuera","municipio_nome":"São Paulo"},"id":"62"},{"arcs":[[-199,203,-200,-174]],"type":"Polygon","properties":{"codigo":"63","nome":"Jardim Luzitânia","municipio_nome":"São Paulo"},"id":"63"},{"arcs":[[-196,204,205,206,207,-204,-198]],"type":"Polygon","properties":{"codigo":"64","nome":"Moema","municipio_nome":"São Paulo"},"id":"64"},{"arcs":[[-195,208,209,-205]],"type":"Polygon","properties":{"codigo":"65","nome":"Bandeirantes","municipio_nome":"São Paulo"},"id":"65"},{"arcs":[[-201,-208,210,211,212]],"type":"Polygon","properties":{"codigo":"66","nome":"Vila Nova Conceição","municipio_nome":"São Paulo"},"id":"66"},{"arcs":[[213,214,215,216,217,-212]],"type":"Polygon","properties":{"codigo":"67","nome":"Chácara Itaim","municipio_nome":"São Paulo"},"id":"67"},{"arcs":[[-207,218,219,-214,-211]],"type":"Polygon","properties":{"codigo":"68","nome":"Vila Olimpia","municipio_nome":"São Paulo"},"id":"68"},{"arcs":[[-206,-210,220,221,-219]],"type":"Polygon","properties":{"codigo":"69","nome":"Hélio Pelegrino","municipio_nome":"São Paulo"},"id":"69"},{"arcs":[[-221,222,223,224,225]],"type":"Polygon","properties":{"codigo":"70","nome":"Brooklin","municipio_nome":"São Paulo"},"id":"70"},{"arcs":[[-225,226,227,228,229,230]],"type":"Polygon","properties":{"codigo":"71","nome":"Vila Cordeiro","municipio_nome":"São Paulo"},"id":"71"},{"arcs":[[-215,-220,-222,-226,-231,231,232]],"type":"Polygon","properties":{"codigo":"72","nome":"Berrini","municipio_nome":"São Paulo"},"id":"72"},{"arcs":[[-94,-182,233,234,-96]],"type":"Polygon","properties":{"codigo":"73","nome":"Campinas","municipio_nome":"São Paulo"},"id":"73"},{"arcs":[[-181,-203,235,236,-234]],"type":"Polygon","properties":{"codigo":"74","nome":"Pamplona","municipio_nome":"São Paulo"},"id":"74"},{"arcs":[[-202,-213,-218,237,238,239,-236]],"type":"Polygon","properties":{"codigo":"75","nome":"Jardins","municipio_nome":"São Paulo"},"id":"75"},{"arcs":[[-108,240,241,-239,242,243,244,-110]],"type":"Polygon","properties":{"codigo":"76","nome":"Clínicas","municipio_nome":"São Paulo"},"id":"76"},{"arcs":[[-237,-240,-242,245]],"type":"Polygon","properties":{"codigo":"77","nome":"Oscar Freire","municipio_nome":"São Paulo"},"id":"77"},{"arcs":[[-97,-235,-246,-241,-107]],"type":"Polygon","properties":{"codigo":"78","nome":"Trianon","municipio_nome":"São Paulo"},"id":"78"},{"arcs":[[-243,246,247,248]],"type":"Polygon","properties":{"codigo":"79","nome":"Jardim Paulistano","municipio_nome":"São Paulo"},"id":"79"},{"arcs":[[-217,249,250,-247,-238]],"type":"Polygon","properties":{"codigo":"80","nome":"Jardim Europa","municipio_nome":"São Paulo"},"id":"80"},{"arcs":[[-248,-251,251,252,253,254]],"type":"Polygon","properties":{"codigo":"81","nome":"Pinheiros","municipio_nome":"São Paulo"},"id":"81"},{"arcs":[[-244,-249,-255,255,256,257,258]],"type":"Polygon","properties":{"codigo":"82","nome":"Vila Madalena","municipio_nome":"São Paulo"},"id":"82"},{"arcs":[[259,260,261,262,263]],"type":"Polygon","properties":{"codigo":"83","nome":"PUC","municipio_nome":"São Paulo"},"id":"83"},{"arcs":[[-112,264,-264,265,-114]],"type":"Polygon","properties":{"codigo":"84","nome":"Cardoso de Almeida","municipio_nome":"São Paulo"},"id":"84"},{"arcs":[[-111,-245,266,267,-260,-265]],"type":"Polygon","properties":{"codigo":"85","nome":"Zéquinha de Abreu","municipio_nome":"São Paulo"},"id":"85"},{"arcs":[[-259,268,269,-267]],"type":"Polygon","properties":{"codigo":"86","nome":"Sumaré","municipio_nome":"São Paulo"},"id":"86"},{"arcs":[[-261,-268,-270,270,271,272]],"type":"Polygon","properties":{"codigo":"87","nome":"Perdizes","municipio_nome":"São Paulo"},"id":"87"},{"arcs":[[-258,273,274,275,-271,-269]],"type":"Polygon","properties":{"codigo":"88","nome":"Vila Anglo Brasileira","municipio_nome":"São Paulo"},"id":"88"},{"arcs":[[-272,-276,276,277,278]],"type":"Polygon","properties":{"codigo":"89","nome":"Pompéia","municipio_nome":"São Paulo"},"id":"89"},{"arcs":[[279,280,281,282,283,284,285]],"type":"Polygon","properties":{"codigo":"90","nome":"Santa Marina","municipio_nome":"São Paulo"},"id":"90"},{"arcs":[[-119,286,-281,287,-33]],"type":"Polygon","properties":{"codigo":"91","nome":"Barra Funda","municipio_nome":"São Paulo"},"id":"91"},{"arcs":[[-117,-266,-263,288,-282,-287]],"type":"Polygon","properties":{"codigo":"92","nome":"Francisco Matarazzo","municipio_nome":"São Paulo"},"id":"92"},{"arcs":[[-262,-273,-279,289,-283,-289]],"type":"Polygon","properties":{"codigo":"93","nome":"Água Branca","municipio_nome":"São Paulo"},"id":"93"},{"arcs":[[-257,290,291,-274]],"type":"Polygon","properties":{"codigo":"94","nome":"Vila Beatriz","municipio_nome":"São Paulo"},"id":"94"},{"arcs":[[-254,292,293,294,295,-291,-256]],"type":"Polygon","properties":{"codigo":"95","nome":"Alto de Pinheiros","municipio_nome":"São Paulo"},"id":"95"},{"arcs":[[-295,296,297,298,299,300,301]],"type":"Polygon","properties":{"codigo":"96","nome":"Boaçava","municipio_nome":"São Paulo"},"id":"96"},{"arcs":[[302,303,304,305,306,307]],"type":"Polygon","properties":{"codigo":"97","nome":"Vila Anastácio","municipio_nome":"São Paulo"},"id":"97"},{"arcs":[[-284,308,-307,309,310]],"type":"Polygon","properties":{"codigo":"98","nome":"Lapa de Baixo","municipio_nome":"São Paulo"},"id":"98"},{"arcs":[[-278,311,312,313,-308,-309,-290]],"type":"Polygon","properties":{"codigo":"99","nome":"Lapa","municipio_nome":"São Paulo"},"id":"99"},{"arcs":[[-275,-292,-296,-302,314,-312,-277]],"type":"Polygon","properties":{"codigo":"100","nome":"Vila Ipojuca","municipio_nome":"São Paulo"},"id":"100"},{"arcs":[[-301,315,316,317,-313,-315]],"type":"Polygon","properties":{"codigo":"101","nome":"Alto da Lapa","municipio_nome":"São Paulo"},"id":"101"},{"arcs":[[-303,-314,-318,318,319]],"type":"Polygon","properties":{"codigo":"102","nome":"Gavião Peixoto","municipio_nome":"São Paulo"},"id":"102"},{"arcs":[[-317,320,321,322,-319]],"type":"Polygon","properties":{"codigo":"103","nome":"Bela Aliança","municipio_nome":"São Paulo"},"id":"103"},{"arcs":[[-300,323,324,-321,-316]],"type":"Polygon","properties":{"codigo":"104","nome":"Vila Hamburguesa","municipio_nome":"São Paulo"},"id":"104"},{"arcs":[[-299,325,326,327,-324]],"type":"Polygon","properties":{"codigo":"105","nome":"CEASA","municipio_nome":"São Paulo"},"id":"105"},{"arcs":[[-322,-325,-328,328]],"type":"Polygon","properties":{"codigo":"106","nome":"Vila Leopoldina","municipio_nome":"São Paulo"},"id":"106"},{"arcs":[[-304,-320,-323,-329,-327,329,330,331]],"type":"Polygon","properties":{"codigo":"107","nome":"Emissário","municipio_nome":"São Paulo"},"id":"107"},{"arcs":[[332,333,334,335,336,337,338]],"type":"Polygon","properties":{"codigo":"108","nome":"Vila Zatt","municipio_nome":"São Paulo"},"id":"108"},{"arcs":[[-306,339,-333,340,341,-310]],"type":"Polygon","properties":{"codigo":"109","nome":"Pirituba","municipio_nome":"São Paulo"},"id":"109"},{"arcs":[[-305,342,343,-334,-340]],"type":"Polygon","properties":{"codigo":"110","nome":"São Domingos","municipio_nome":"São Paulo"},"id":"110"},{"arcs":[[-335,-344,344,345,346,347,348]],"type":"Polygon","properties":{"codigo":"111","nome":"Jardim Mutinga","municipio_nome":"São Paulo"},"id":"111"},{"arcs":[[-332,349,-345,-343]],"type":"Polygon","properties":{"codigo":"112","nome":"Vila Jaguara","municipio_nome":"São Paulo"},"id":"112"},{"arcs":[[-348,350,351,352]],"type":"Polygon","properties":{"codigo":"113","nome":"Jaraguá","municipio_nome":"São Paulo"},"id":"113"},{"arcs":[[-336,-349,-353,353,354,355]],"type":"Polygon","properties":{"codigo":"114","nome":"Nova Jaraguá","municipio_nome":"São Paulo"},"id":"114"},{"arcs":[[-337,-356,356,357,358,359,360]],"type":"Polygon","properties":{"codigo":"115","nome":"Parada de Taipas","municipio_nome":"São Paulo"},"id":"115"},{"arcs":[[361,362,363,364,365]],"type":"Polygon","properties":{"codigo":"116","nome":"Parque Morro Doce","municipio_nome":"São Paulo"},"id":"116"},{"arcs":[[-352,-363,366,367,368,-354]],"type":"Polygon","properties":{"codigo":"117","nome":"Anhanguera","municipio_nome":"São Paulo"},"id":"117"},{"arcs":[[-355,-369,369,370,371,-357]],"type":"Polygon","properties":{"codigo":"118","nome":"Perus","municipio_nome":"São Paulo"},"id":"118"},{"arcs":[[-359,372,373,374]],"type":"Polygon","properties":{"codigo":"119","nome":"Vista Alegre","municipio_nome":"São Paulo"},"id":"119"},{"arcs":[[-360,-375,375,376,377]],"type":"Polygon","properties":{"codigo":"120","nome":"Jardim Damasceno","municipio_nome":"São Paulo"},"id":"120"},{"arcs":[[-338,-361,-378,378,379]],"type":"Polygon","properties":{"codigo":"121","nome":"Vila Terezinha","municipio_nome":"São Paulo"},"id":"121"},{"arcs":[[-377,380,381,382,383,-379]],"type":"Polygon","properties":{"codigo":"122","nome":"Brasilândia","municipio_nome":"São Paulo"},"id":"122"},{"arcs":[[-339,-380,-384,384,385,-341]],"type":"Polygon","properties":{"codigo":"123","nome":"Vila Morro Grande","municipio_nome":"São Paulo"},"id":"123"},{"arcs":[[-383,386,387,388,-385]],"type":"Polygon","properties":{"codigo":"124","nome":"Itaberaba","municipio_nome":"São Paulo"},"id":"124"},{"arcs":[[-285,-311,-342,-386,-389,389,390]],"type":"Polygon","properties":{"codigo":"125","nome":"Freguesia do Ó","municipio_nome":"São Paulo"},"id":"125"},{"arcs":[[391,392,393,394]],"type":"Polygon","properties":{"codigo":"126","nome":"Carandiru","municipio_nome":"São Paulo"},"id":"126"},{"arcs":[[-394,395,396,397,398]],"type":"Polygon","properties":{"codigo":"127","nome":"Santana","municipio_nome":"São Paulo"},"id":"127"},{"arcs":[[-395,-399,399,400,401]],"type":"Polygon","properties":{"codigo":"128","nome":"Zaki Narchi","municipio_nome":"São Paulo"},"id":"128"},{"arcs":[[-37,402,-392,-402,403,-40]],"type":"Polygon","properties":{"codigo":"129","nome":"Tietê","municipio_nome":"São Paulo"},"id":"129"},{"arcs":[[-34,404,405,406,-393,-403,-36]],"type":"Polygon","properties":{"codigo":"130","nome":"Parque Anhembi","municipio_nome":"São Paulo"},"id":"130"},{"arcs":[[-396,-407,407,408,409]],"type":"Polygon","properties":{"codigo":"131","nome":"Alfredo Pujol","municipio_nome":"São Paulo"},"id":"131"},{"arcs":[[-409,410,411,412]],"type":"Polygon","properties":{"codigo":"132","nome":"Santa Terezinha","municipio_nome":"São Paulo"},"id":"132"},{"arcs":[[-397,-410,-413,413,414,415,416]],"type":"Polygon","properties":{"codigo":"133","nome":"Jardim São Paulo","municipio_nome":"São Paulo"},"id":"133"},{"arcs":[[-280,417,418,419,-405,-288]],"type":"Polygon","properties":{"codigo":"134","nome":"Casa Verde","municipio_nome":"São Paulo"},"id":"134"},{"arcs":[[-406,-420,420,421,422,-411,-408]],"type":"Polygon","properties":{"codigo":"135","nome":"Parque Peruche","municipio_nome":"São Paulo"},"id":"135"},{"arcs":[[-286,-391,423,-418]],"type":"Polygon","properties":{"codigo":"136","nome":"Limão","municipio_nome":"São Paulo"},"id":"136"},{"arcs":[[-388,424,-421,-419,-424,-390]],"type":"Polygon","properties":{"codigo":"137","nome":"Casa Verde Alta","municipio_nome":"São Paulo"},"id":"137"},{"arcs":[[-382,425,426,427,-422,-425,-387]],"type":"Polygon","properties":{"codigo":"138","nome":"Cachoeirinha","municipio_nome":"São Paulo"},"id":"138"},{"arcs":[[-376,428,429,-426,-381]],"type":"Polygon","properties":{"codigo":"139","nome":"Jardim Peri","municipio_nome":"São Paulo"},"id":"139"},{"arcs":[[-374,430,431,432,-429]],"type":"Polygon","properties":{"codigo":"140","nome":"Reserva da Cantareira","municipio_nome":"São Paulo"},"id":"140"},{"arcs":[[-412,-423,-428,433,434,-414]],"type":"Polygon","properties":{"codigo":"141","nome":"Mandaqui","municipio_nome":"São Paulo"},"id":"141"},{"arcs":[[-427,-430,435,436,437,438,-434]],"type":"Polygon","properties":{"codigo":"142","nome":"Horto Florestal","municipio_nome":"São Paulo"},"id":"142"},{"arcs":[[-433,439,440,-436]],"type":"Polygon","properties":{"codigo":"143","nome":"ETA Guaraú","municipio_nome":"São Paulo"},"id":"143"},{"arcs":[[441,442,443,444,445]],"type":"Polygon","properties":{"codigo":"144","nome":"Parque Palmas do Tremembé","municipio_nome":"São Paulo"},"id":"144"},{"arcs":[[-438,446,-443,447]],"type":"Polygon","properties":{"codigo":"145","nome":"Tremembé","municipio_nome":"São Paulo"},"id":"145"},{"arcs":[[-437,-441,448,449,450,451,452,-444,-447]],"type":"Polygon","properties":{"codigo":"146","nome":"Cantareira","municipio_nome":"São Paulo"},"id":"146"},{"arcs":[[-445,-453,453,454,455,456]],"type":"Polygon","properties":{"codigo":"147","nome":"Jardim das Pedras","municipio_nome":"São Paulo"},"id":"147"},{"arcs":[[-446,-457,457,458,459]],"type":"Polygon","properties":{"codigo":"148","nome":"Jardim Guapira","municipio_nome":"São Paulo"},"id":"148"},{"arcs":[[-416,460,461,462,463]],"type":"Polygon","properties":{"codigo":"149","nome":"Parada Inglesa","municipio_nome":"São Paulo"},"id":"149"},{"arcs":[[-461,-415,-435,-439,-448,-442,464]],"type":"Polygon","properties":{"codigo":"150","nome":"Tucuruvi","municipio_nome":"São Paulo"},"id":"150"},{"arcs":[[-460,465,466,-462,-465]],"type":"Polygon","properties":{"codigo":"151","nome":"Vila Gustavo","municipio_nome":"São Paulo"},"id":"151"},{"arcs":[[-456,467,468,469,470,-458]],"type":"Polygon","properties":{"codigo":"152","nome":"Cohab Jova Real","municipio_nome":"São Paulo"},"id":"152"},{"arcs":[[-459,-471,471,472,473,-466]],"type":"Polygon","properties":{"codigo":"153","nome":"Jaçanã","municipio_nome":"São Paulo"},"id":"153"},{"arcs":[[-473,474,475,476]],"type":"Polygon","properties":{"codigo":"154","nome":"Parque Edu Chaves","municipio_nome":"São Paulo"},"id":"154"},{"arcs":[[-463,-467,477,478,479]],"type":"Polygon","properties":{"codigo":"155","nome":"Vila Medeiros","municipio_nome":"São Paulo"},"id":"155"},{"arcs":[[-474,-477,480,481,482,-478]],"type":"Polygon","properties":{"codigo":"156","nome":"Jardim Brasil","municipio_nome":"São Paulo"},"id":"156"},{"arcs":[[-479,-483,483,484,485]],"type":"Polygon","properties":{"codigo":"157","nome":"Jardim Japão","municipio_nome":"São Paulo"},"id":"157"},{"arcs":[[-125,486,-484,-482,487,488,489,490]],"type":"Polygon","properties":{"codigo":"158","nome":"Parque Novo Mundo","municipio_nome":"São Paulo"},"id":"158"},{"arcs":[[-124,491,492,-485,-487]],"type":"Polygon","properties":{"codigo":"159","nome":"Vila Maria","municipio_nome":"São Paulo"},"id":"159"},{"arcs":[[-398,-417,-464,-480,-486,-493,493,494,-400]],"type":"Polygon","properties":{"codigo":"160","nome":"Vila Isolina Mazzei","municipio_nome":"São Paulo"},"id":"160"},{"arcs":[[-45,495,-494,-492,-123,-120]],"type":"Polygon","properties":{"codigo":"161","nome":"Vila Guilherme","municipio_nome":"São Paulo"},"id":"161"},{"arcs":[[-41,-404,-401,-495,-496,-44]],"type":"Polygon","properties":{"codigo":"162","nome":"Corôa","municipio_nome":"São Paulo"},"id":"162"},{"arcs":[[496,497,498,499,500]],"type":"Polygon","properties":{"codigo":"163","nome":"Gomes Cardim","municipio_nome":"São Paulo"},"id":"163"},{"arcs":[[-130,501,-497,502,-154]],"type":"Polygon","properties":{"codigo":"164","nome":"Tatuapé","municipio_nome":"São Paulo"},"id":"164"},{"arcs":[[-126,-491,503,-498,-502,-134]],"type":"Polygon","properties":{"codigo":"165","nome":"Chácara do Piqueri","municipio_nome":"São Paulo"},"id":"165"},{"arcs":[[-490,504,505,506,-499,-504]],"type":"Polygon","properties":{"codigo":"166","nome":"Parque São Jorge","municipio_nome":"São Paulo"},"id":"166"},{"arcs":[[-489,507,508,509,510,511,-505]],"type":"Polygon","properties":{"codigo":"167","nome":"Penha","municipio_nome":"São Paulo"},"id":"167"},{"arcs":[[-511,512,513,514,515]],"type":"Polygon","properties":{"codigo":"168","nome":"Ticoatira","municipio_nome":"São Paulo"},"id":"168"},{"arcs":[[-515,516,517,518,519,520,521]],"type":"Polygon","properties":{"codigo":"169","nome":"Vila Esperança","municipio_nome":"São Paulo"},"id":"169"},{"arcs":[[522,523,524,525]],"type":"Polygon","properties":{"codigo":"170","nome":"Rui Barbosa","municipio_nome":"São Paulo"},"id":"170"},{"arcs":[[-510,526,-524,527,-513]],"type":"Polygon","properties":{"codigo":"171","nome":"Cangaíba","municipio_nome":"São Paulo"},"id":"171"},{"arcs":[[-509,528,529,530,531,532,533,-525,-527]],"type":"Polygon","properties":{"codigo":"172","nome":"Engenheiro Goulart","municipio_nome":"São Paulo"},"id":"172"},{"arcs":[[-533,534]],"type":"Polygon","properties":{"codigo":"173","nome":"USP Leste I","municipio_nome":"São Paulo"},"id":"173"},{"arcs":[[-531,535,536,537,538,539]],"type":"Polygon","properties":{"codigo":"174","nome":"USP Leste II","municipio_nome":"São Paulo"},"id":"174"},{"arcs":[[-526,-534,-535,-532,-540,540,541]],"type":"Polygon","properties":{"codigo":"175","nome":"Ermelino Matarazzo","municipio_nome":"São Paulo"},"id":"175"},{"arcs":[[-539,542,543,544,-541]],"type":"Polygon","properties":{"codigo":"176","nome":"Parque Buturussu","municipio_nome":"São Paulo"},"id":"176"},{"arcs":[[-514,-528,-523,-542,-545,545,-517]],"type":"Polygon","properties":{"codigo":"177","nome":"Ponte Rasa","municipio_nome":"São Paulo"},"id":"177"},{"arcs":[[-518,-546,-544,546,547,548]],"type":"Polygon","properties":{"codigo":"178","nome":"Águia de Haia","municipio_nome":"São Paulo"},"id":"178"},{"arcs":[[-538,549,550,551,552,553,-547,-543]],"type":"Polygon","properties":{"codigo":"179","nome":"Limoeiro","municipio_nome":"São Paulo"},"id":"179"},{"arcs":[[-553,554,555,556]],"type":"Polygon","properties":{"codigo":"180","nome":"Vila Jacuí","municipio_nome":"São Paulo"},"id":"180"},{"arcs":[[557,558,559,560,561,562]],"type":"Polygon","properties":{"codigo":"181","nome":"Parada XV","municipio_nome":"São Paulo"},"id":"181"},{"arcs":[[-558,563,564,565,566,567,568,569]],"type":"Polygon","properties":{"codigo":"182","nome":"Itaquera","municipio_nome":"São Paulo"},"id":"182"},{"arcs":[[-548,-554,570,-559,-570,571]],"type":"Polygon","properties":{"codigo":"183","nome":"Vila Campanela","municipio_nome":"São Paulo"},"id":"183"},{"arcs":[[-557,572,-560,-571]],"type":"Polygon","properties":{"codigo":"184","nome":"Rio Verde","municipio_nome":"São Paulo"},"id":"184"},{"arcs":[[-556,573,574,575,576,-561,-573]],"type":"Polygon","properties":{"codigo":"185","nome":"Saudade","municipio_nome":"São Paulo"},"id":"185"},{"arcs":[[-552,577,578,-574,-555]],"type":"Polygon","properties":{"codigo":"186","nome":"São Miguel Paulista","municipio_nome":"São Paulo"},"id":"186"},{"arcs":[[-575,-579,579,580,581]],"type":"Polygon","properties":{"codigo":"187","nome":"Cidade Nitro-Operária","municipio_nome":"São Paulo"},"id":"187"},{"arcs":[[582,583,584,-581]],"type":"Polygon","properties":{"codigo":"188","nome":"Jardim Helena","municipio_nome":"São Paulo"},"id":"188"},{"arcs":[[-584,585,586,587,588,589]],"type":"Polygon","properties":{"codigo":"189","nome":"Jardim Romano","municipio_nome":"São Paulo"},"id":"189"},{"arcs":[[-582,-585,-590,590,591,592]],"type":"Polygon","properties":{"codigo":"190","nome":"Vila Curuçá","municipio_nome":"São Paulo"},"id":"190"},{"arcs":[[-576,-593,593,594,595]],"type":"Polygon","properties":{"codigo":"191","nome":"Jardim Robru","municipio_nome":"São Paulo"},"id":"191"},{"arcs":[[-562,-577,-596,596,597,598]],"type":"Polygon","properties":{"codigo":"192","nome":"Lageado","municipio_nome":"São Paulo"},"id":"192"},{"arcs":[[-595,599,600,601,602,-597]],"type":"Polygon","properties":{"codigo":"193","nome":"Fabrica Bandeirantes","municipio_nome":"São Paulo"},"id":"193"},{"arcs":[[-592,603,604,605,606,-600,-594]],"type":"Polygon","properties":{"codigo":"194","nome":"Fazenda Itaim","municipio_nome":"São Paulo"},"id":"194"},{"arcs":[[-589,607,-604,-591]],"type":"Polygon","properties":{"codigo":"195","nome":"Itaim Paulista","municipio_nome":"São Paulo"},"id":"195"},{"arcs":[[-588,608,-605,-608]],"type":"Polygon","properties":{"codigo":"196","nome":"Jardim das Oliveiras","municipio_nome":"São Paulo"},"id":"196"},{"arcs":[[-500,-507,609,610,611]],"type":"Polygon","properties":{"codigo":"197","nome":"Vila California","municipio_nome":"São Paulo"},"id":"197"},{"arcs":[[-611,612,613,614,615]],"type":"Polygon","properties":{"codigo":"198","nome":"Vila Carrão","municipio_nome":"São Paulo"},"id":"198"},{"arcs":[[-149,-155,-503,-501,-612,-616,616]],"type":"Polygon","properties":{"codigo":"199","nome":"Jardim Anália Franco","municipio_nome":"São Paulo"},"id":"199"},{"arcs":[[-150,-617,-615,617,618,619]],"type":"Polygon","properties":{"codigo":"200","nome":"Vila Formosa","municipio_nome":"São Paulo"},"id":"200"},{"arcs":[[-618,620,621,622,623]],"type":"Polygon","properties":{"codigo":"201","nome":"Sapopemba","municipio_nome":"São Paulo"},"id":"201"},{"arcs":[[-614,624,625,626,-621]],"type":"Polygon","properties":{"codigo":"202","nome":"Aricanduva","municipio_nome":"São Paulo"},"id":"202"},{"arcs":[[-506,-512,-516,-522,627,628,629,-613,-610]],"type":"Polygon","properties":{"codigo":"203","nome":"Vila Matilde","municipio_nome":"São Paulo"},"id":"203"},{"arcs":[[-521,630,-628]],"type":"Polygon","properties":{"codigo":"204","nome":"Vila Guilhermina","municipio_nome":"São Paulo"},"id":"204"},{"arcs":[[-519,-549,-572,631]],"type":"Polygon","properties":{"codigo":"205","nome":"Cidade A.E.Carvalho","municipio_nome":"São Paulo"},"id":"205"},{"arcs":[[-520,-632,-569,632,633,-629,-631]],"type":"Polygon","properties":{"codigo":"206","nome":"Artur Alvim","municipio_nome":"São Paulo"},"id":"206"},{"arcs":[[-625,-630,-634,634,635]],"type":"Polygon","properties":{"codigo":"207","nome":"Cidade Lider","municipio_nome":"São Paulo"},"id":"207"},{"arcs":[[-568,636,637,-635,-633]],"type":"Polygon","properties":{"codigo":"208","nome":"Santa Marcelina","municipio_nome":"São Paulo"},"id":"208"},{"arcs":[[-626,-636,-638,638,639,640]],"type":"Polygon","properties":{"codigo":"209","nome":"Parque Savoy","municipio_nome":"São Paulo"},"id":"209"},{"arcs":[[-567,641,642,-639,-637]],"type":"Polygon","properties":{"codigo":"210","nome":"Vila Carmosina","municipio_nome":"São Paulo"},"id":"210"},{"arcs":[[-566,643,644,-642]],"type":"Polygon","properties":{"codigo":"211","nome":"Fazenda Caguaçú","municipio_nome":"São Paulo"},"id":"211"},{"arcs":[[-640,-643,-645,645,646,647]],"type":"Polygon","properties":{"codigo":"212","nome":"Parque do Carmo","municipio_nome":"São Paulo"},"id":"212"},{"arcs":[[-565,648,649,650,651,652,-646,-644]],"type":"Polygon","properties":{"codigo":"213","nome":"Gleba do Pessêgo","municipio_nome":"São Paulo"},"id":"213"},{"arcs":[[-599,653,-649,-564,-563]],"type":"Polygon","properties":{"codigo":"214","nome":"José Bonifácio","municipio_nome":"São Paulo"},"id":"214"},{"arcs":[[-598,-603,654,655,656,-650,-654]],"type":"Polygon","properties":{"codigo":"215","nome":"Guaianazes","municipio_nome":"São Paulo"},"id":"215"},{"arcs":[[-656,657,658,659]],"type":"Polygon","properties":{"codigo":"216","nome":"Juscelino Kubitschek","municipio_nome":"São Paulo"},"id":"216"},{"arcs":[[660,661,-651,-657,-660,662]],"type":"Polygon","properties":{"codigo":"217","nome":"Cidade Tiradentes","municipio_nome":"São Paulo"},"id":"217"},{"arcs":[[-652,-662,663,664,665,666]],"type":"Polygon","properties":{"codigo":"218","nome":"Terceira Divisão","municipio_nome":"São Paulo"},"id":"218"},{"arcs":[[-647,-653,-667,667,668,669,670]],"type":"Polygon","properties":{"codigo":"219","nome":"Iguatemi","municipio_nome":"São Paulo"},"id":"219"},{"arcs":[[-666,671,672,-668]],"type":"Polygon","properties":{"codigo":"220","nome":"Parque São Rafael","municipio_nome":"São Paulo"},"id":"220"},{"arcs":[[-669,-673,673,674,675,676]],"type":"Polygon","properties":{"codigo":"221","nome":"Rodolfo Pirani","municipio_nome":"São Paulo"},"id":"221"},{"arcs":[[677,678,679,680]],"type":"Polygon","properties":{"codigo":"222","nome":"Ipiranga","municipio_nome":"São Paulo"},"id":"222"},{"arcs":[[-681,681,682,683,684,685]],"type":"Polygon","properties":{"codigo":"223","nome":"Sacomã","municipio_nome":"São Paulo"},"id":"223"},{"arcs":[[-685,686,687,688,689,690]],"type":"Polygon","properties":{"codigo":"224","nome":"Alto do Ipiranga","municipio_nome":"São Paulo"},"id":"224"},{"arcs":[[691,-678,-686,-691,692,-164,-161]],"type":"Polygon","properties":{"codigo":"225","nome":"Vila São josé","municipio_nome":"São Paulo"},"id":"225"},{"arcs":[[-66,693,-679,-692,-160,-69]],"type":"Polygon","properties":{"codigo":"226","nome":"Vila Monumento","municipio_nome":"São Paulo"},"id":"226"},{"arcs":[[-65,-144,694,695,-682,-680,-694]],"type":"Polygon","properties":{"codigo":"227","nome":"Vila Independência","municipio_nome":"São Paulo"},"id":"227"},{"arcs":[[-683,-696,696,697,698]],"type":"Polygon","properties":{"codigo":"228","nome":"Vila Carioca","municipio_nome":"São Paulo"},"id":"228"},{"arcs":[[-688,699,700,701,702]],"type":"Polygon","properties":{"codigo":"229","nome":"Moinho Velho","municipio_nome":"São Paulo"},"id":"229"},{"arcs":[[-684,-699,703,704,705,706,-700,-687]],"type":"Polygon","properties":{"codigo":"230","nome":"São João Clímaco","municipio_nome":"São Paulo"},"id":"230"},{"arcs":[[-701,-707,707,708,709]],"type":"Polygon","properties":{"codigo":"231","nome":"Anchieta","municipio_nome":"São Paulo"},"id":"231"},{"arcs":[[-709,710,711,712,713]],"type":"Polygon","properties":{"codigo":"232","nome":"Parque do Estado","municipio_nome":"São Paulo"},"id":"232"},{"arcs":[[-188,714,715,-702,-710,-714,716]],"type":"Polygon","properties":{"codigo":"233","nome":"Água Funda","municipio_nome":"São Paulo"},"id":"233"},{"arcs":[[-184,717,718,-715,-187]],"type":"Polygon","properties":{"codigo":"234","nome":"Jardim da Saúde","municipio_nome":"São Paulo"},"id":"234"},{"arcs":[[-169,-693,-690,719,-718,-183]],"type":"Polygon","properties":{"codigo":"235","nome":"Vila Gumercindo","municipio_nome":"São Paulo"},"id":"235"},{"arcs":[[-689,-703,-716,-719,-720]],"type":"Polygon","properties":{"codigo":"236","nome":"Jardim Previdência","municipio_nome":"São Paulo"},"id":"236"},{"arcs":[[-143,720,721,722,-697,-695]],"type":"Polygon","properties":{"codigo":"237","nome":"Tamanduatei","municipio_nome":"São Paulo"},"id":"237"},{"arcs":[[-140,-153,-146,723,724,-721,-142]],"type":"Polygon","properties":{"codigo":"238","nome":"Orfanato","municipio_nome":"São Paulo"},"id":"238"},{"arcs":[[-722,-725,725,726,727]],"type":"Polygon","properties":{"codigo":"239","nome":"Vila Zelina","municipio_nome":"São Paulo"},"id":"239"},{"arcs":[[-145,728,729,-726,-724]],"type":"Polygon","properties":{"codigo":"240","nome":"Linhas Corrente","municipio_nome":"São Paulo"},"id":"240"},{"arcs":[[-151,-620,730,731,-729]],"type":"Polygon","properties":{"codigo":"241","nome":"Vila Ema","municipio_nome":"São Paulo"},"id":"241"},{"arcs":[[-727,-730,-732,732,733,734,735,736]],"type":"Polygon","properties":{"codigo":"242","nome":"Parque São Lucas","municipio_nome":"São Paulo"},"id":"242"},{"arcs":[[-734,737,738,739,740,741]],"type":"Polygon","properties":{"codigo":"243","nome":"Parque Sta Madalena","municipio_nome":"São Paulo"},"id":"243"},{"arcs":[[-619,-624,742,-738,-733,-731]],"type":"Polygon","properties":{"codigo":"244","nome":"Jardim Colorado","municipio_nome":"São Paulo"},"id":"244"},{"arcs":[[-623,743,744,745,-739,-743]],"type":"Polygon","properties":{"codigo":"245","nome":"Teotêonio Vilela","municipio_nome":"São Paulo"},"id":"245"},{"arcs":[[-740,-746,746,747]],"type":"Polygon","properties":{"codigo":"246","nome":"Fazenda da Juta","municipio_nome":"São Paulo"},"id":"246"},{"arcs":[[-676,748,749,-747,-745,750,751,752]],"type":"Polygon","properties":{"codigo":"247","nome":"São Mateus","municipio_nome":"São Paulo"},"id":"247"},{"arcs":[[-622,753,-751,-744]],"type":"Polygon","properties":{"codigo":"248","nome":"Cidade IV Centenário","municipio_nome":"São Paulo"},"id":"248"},{"arcs":[[-627,-641,-648,-671,754,-752,-754]],"type":"Polygon","properties":{"codigo":"249","nome":"Rio Claro","municipio_nome":"São Paulo"},"id":"249"},{"arcs":[[-670,-677,-753,-755]],"type":"Polygon","properties":{"codigo":"250","nome":"Cidade Satélite","municipio_nome":"São Paulo"},"id":"250"},{"arcs":[[-227,755,756,757]],"type":"Polygon","properties":{"codigo":"251","nome":"Joaquim Nabuco","municipio_nome":"São Paulo"},"id":"251"},{"arcs":[[-224,758,759,760,-756]],"type":"Polygon","properties":{"codigo":"252","nome":"Vieira de Moraes","municipio_nome":"São Paulo"},"id":"252"},{"arcs":[[761,-759,-223,-209]],"type":"Polygon","properties":{"codigo":"253","nome":"Campo Belo","municipio_nome":"São Paulo"},"id":"253"},{"arcs":[[-194,762,763,-760,-762]],"type":"Polygon","properties":{"codigo":"254","nome":"Congonhas","municipio_nome":"São Paulo"},"id":"254"},{"arcs":[[-757,-761,-764,764,765,766]],"type":"Polygon","properties":{"codigo":"255","nome":"Jardim Aeroporto","municipio_nome":"São Paulo"},"id":"255"},{"arcs":[[-766,767,768,769]],"type":"Polygon","properties":{"codigo":"256","nome":"Vila Santa Catarina","municipio_nome":"São Paulo"},"id":"256"},{"arcs":[[-193,770,771,-768,-765,-763]],"type":"Polygon","properties":{"codigo":"257","nome":"Jabaquara","municipio_nome":"São Paulo"},"id":"257"},{"arcs":[[-189,-717,-713,772,-771,-192]],"type":"Polygon","properties":{"codigo":"258","nome":"Cidade Vargas","municipio_nome":"São Paulo"},"id":"258"},{"arcs":[[-712,773,774,775,-769,-772,-773]],"type":"Polygon","properties":{"codigo":"259","nome":"Jardim Bom Clima","municipio_nome":"São Paulo"},"id":"259"},{"arcs":[[-767,-770,-776,776,777,778,779,780]],"type":"Polygon","properties":{"codigo":"260","nome":"Cupecê","municipio_nome":"São Paulo"},"id":"260"},{"arcs":[[-775,781,782,783,784,-777]],"type":"Polygon","properties":{"codigo":"261","nome":"Jardim Miriam","municipio_nome":"São Paulo"},"id":"261"},{"arcs":[[-778,-785,785,786]],"type":"Polygon","properties":{"codigo":"262","nome":"Vila Missionária","municipio_nome":"São Paulo"},"id":"262"},{"arcs":[[787,788,789,790,791,792]],"type":"Polygon","properties":{"codigo":"263","nome":"Jurubatuba","municipio_nome":"São Paulo"},"id":"263"},{"arcs":[[-780,793,-793,794,795]],"type":"Polygon","properties":{"codigo":"264","nome":"Vila São Pedro","municipio_nome":"São Paulo"},"id":"264"},{"arcs":[[-779,-787,796,797,-794]],"type":"Polygon","properties":{"codigo":"265","nome":"Campo Grande","municipio_nome":"São Paulo"},"id":"265"},{"arcs":[[-788,-798,798,799,800]],"type":"Polygon","properties":{"codigo":"266","nome":"Vila Sabará","municipio_nome":"São Paulo"},"id":"266"},{"arcs":[[-784,801,802,-799,-797,-786]],"type":"Polygon","properties":{"codigo":"267","nome":"Mar Paulista","municipio_nome":"São Paulo"},"id":"267"},{"arcs":[[803,804,805,806,-802,-783,807]],"type":"Polygon","properties":{"codigo":"268","nome":"Pedreira","municipio_nome":"São Paulo"},"id":"268"},{"arcs":[[-790,808,809,810,811]],"type":"Polygon","properties":{"codigo":"269","nome":"Vila Socorro","municipio_nome":"São Paulo"},"id":"269"},{"arcs":[[-789,812,813,814,-809]],"type":"Polygon","properties":{"codigo":"270","nome":"Parque Interlagos","municipio_nome":"São Paulo"},"id":"270"},{"arcs":[[-814,815,816,817,818]],"type":"Polygon","properties":{"codigo":"271","nome":"Jardim Represa","municipio_nome":"São Paulo"},"id":"271"},{"arcs":[[-801,819,820,-816,-813]],"type":"Polygon","properties":{"codigo":"272","nome":"Rio Bonito","municipio_nome":"São Paulo"},"id":"272"},{"arcs":[[-800,-803,-807,821,822,823,-820]],"type":"Polygon","properties":{"codigo":"273","nome":"SESC Interlagos","municipio_nome":"São Paulo"},"id":"273"},{"arcs":[[-817,-821,-824,824,825,826,827]],"type":"Polygon","properties":{"codigo":"274","nome":"Jardim Presidente","municipio_nome":"São Paulo"},"id":"274"},{"arcs":[[-823,828,829,830,-825]],"type":"Polygon","properties":{"codigo":"275","nome":"Grajaú","municipio_nome":"São Paulo"},"id":"275"},{"arcs":[[-806,831,832,833,-829,-822]],"type":"Polygon","properties":{"codigo":"276","nome":"Cocaia","municipio_nome":"São Paulo"},"id":"276"},{"arcs":[[-830,-834,834,835,836]],"type":"Polygon","properties":{"codigo":"277","nome":"Bororé","municipio_nome":"São Paulo"},"id":"277"},{"arcs":[[-827,837,838,839,840,841]],"type":"Polygon","properties":{"codigo":"278","nome":"Jaceguava","municipio_nome":"São Paulo"},"id":"278"},{"arcs":[[-826,-831,-837,842,843,844,-838]],"type":"Polygon","properties":{"codigo":"279","nome":"Parelheiros","municipio_nome":"São Paulo"},"id":"279"},{"arcs":[[-844,845,846,847,848,849]],"type":"Polygon","properties":{"codigo":"280","nome":"Marsilac","municipio_nome":"São Paulo"},"id":"280"},{"arcs":[[-228,850,851,852,853,854]],"type":"Polygon","properties":{"codigo":"281","nome":"Granja Julieta","municipio_nome":"São Paulo"},"id":"281"},{"arcs":[[-758,-781,-796,855,-851]],"type":"Polygon","properties":{"codigo":"282","nome":"Chácara Flora","municipio_nome":"São Paulo"},"id":"282"},{"arcs":[[-792,856,-852,-856,-795]],"type":"Polygon","properties":{"codigo":"283","nome":"Santo Amaro","municipio_nome":"São Paulo"},"id":"283"},{"arcs":[[-791,-812,857,-853,-857]],"type":"Polygon","properties":{"codigo":"284","nome":"Vila Miranda","municipio_nome":"São Paulo"},"id":"284"},{"arcs":[[858,859,860,861,862]],"type":"Polygon","properties":{"codigo":"285","nome":"Jardim São Luis","municipio_nome":"São Paulo"},"id":"285"},{"arcs":[[-811,863,864,865,-863,866,-858]],"type":"Polygon","properties":{"codigo":"286","nome":"Centro Empresarial","municipio_nome":"São Paulo"},"id":"286"},{"arcs":[[-810,-815,-819,867,868,869,-864]],"type":"Polygon","properties":{"codigo":"287","nome":"Guarapiranga","municipio_nome":"São Paulo"},"id":"287"},{"arcs":[[-818,-828,-842,870,871,-868]],"type":"Polygon","properties":{"codigo":"288","nome":"Jardim Capela","municipio_nome":"São Paulo"},"id":"288"},{"arcs":[[-869,-872,872,873,874]],"type":"Polygon","properties":{"codigo":"289","nome":"Riviera","municipio_nome":"São Paulo"},"id":"289"},{"arcs":[[-874,875,876,877,878]],"type":"Polygon","properties":{"codigo":"290","nome":"M' Boi Mirim","municipio_nome":"São Paulo"},"id":"290"},{"arcs":[[-865,-870,-875,-879,879]],"type":"Polygon","properties":{"codigo":"291","nome":"Jardim Angela","municipio_nome":"São Paulo"},"id":"291"},{"arcs":[[-859,-866,-880,-878,880,881,882]],"type":"Polygon","properties":{"codigo":"292","nome":"Capão Redondo","municipio_nome":"São Paulo"},"id":"292"},{"arcs":[[-877,883,884,885,-881]],"type":"Polygon","properties":{"codigo":"293","nome":"Adventista","municipio_nome":"São Paulo"},"id":"293"},{"arcs":[[-882,-886,886,887,888]],"type":"Polygon","properties":{"codigo":"294","nome":"Parque Fernanda","municipio_nome":"São Paulo"},"id":"294"},{"arcs":[[889,890,891,892,893,894]],"type":"Polygon","properties":{"codigo":"295","nome":"Morumbi","municipio_nome":"São Paulo"},"id":"295"},{"arcs":[[-216,-233,895,-894,896,-252,-250]],"type":"Polygon","properties":{"codigo":"296","nome":"Joquei Clube","municipio_nome":"São Paulo"},"id":"296"},{"arcs":[[-230,897,898,-895,-896,-232]],"type":"Polygon","properties":{"codigo":"297","nome":"Fazenda Morumbi","municipio_nome":"São Paulo"},"id":"297"},{"arcs":[[-890,-899,899,900,901]],"type":"Polygon","properties":{"codigo":"298","nome":"Real Parque","municipio_nome":"São Paulo"},"id":"298"},{"arcs":[[-229,-855,902,903,904,-900,-898]],"type":"Polygon","properties":{"codigo":"299","nome":"Paraisópolis","municipio_nome":"São Paulo"},"id":"299"},{"arcs":[[-854,-867,-862,905,-903]],"type":"Polygon","properties":{"codigo":"300","nome":"Jardim Vitória Régia","municipio_nome":"São Paulo"},"id":"300"},{"arcs":[[-861,906,907,908,909,-904,-906]],"type":"Polygon","properties":{"codigo":"301","nome":"Vila Suzana","municipio_nome":"São Paulo"},"id":"301"},{"arcs":[[-860,-883,-889,910,911,912,-907]],"type":"Polygon","properties":{"codigo":"302","nome":"Parque Arariba","municipio_nome":"São Paulo"},"id":"302"},{"arcs":[[-888,913,914,915,-911]],"type":"Polygon","properties":{"codigo":"303","nome":"Jardim Mitsutani","municipio_nome":"São Paulo"},"id":"303"},{"arcs":[[-912,-916,916,917]],"type":"Polygon","properties":{"codigo":"304","nome":"Pirajussara","municipio_nome":"São Paulo"},"id":"304"},{"arcs":[[-908,-913,-918,918,919,920]],"type":"Polygon","properties":{"codigo":"305","nome":"Jardim Umarizal","municipio_nome":"São Paulo"},"id":"305"},{"arcs":[[-901,-905,-910,921,922]],"type":"Polygon","properties":{"codigo":"306","nome":"Portal do Morumbi","municipio_nome":"São Paulo"},"id":"306"},{"arcs":[[-909,-921,923,924,925,-922]],"type":"Polygon","properties":{"codigo":"307","nome":"Jardim Jussara","municipio_nome":"São Paulo"},"id":"307"},{"arcs":[[-891,-902,-923,-926,926,927,928]],"type":"Polygon","properties":{"codigo":"308","nome":"Vila Sonia","municipio_nome":"São Paulo"},"id":"308"},{"arcs":[[-925,929,930,931,-927]],"type":"Polygon","properties":{"codigo":"309","nome":"Jardim Maria do Carmo","municipio_nome":"São Paulo"},"id":"309"},{"arcs":[[-931,932,933,934,935,936,937,938]],"type":"Polygon","properties":{"codigo":"310","nome":"Jardim Cambará","municipio_nome":"São Paulo"},"id":"310"},{"arcs":[[-935,939,940,941]],"type":"Polygon","properties":{"codigo":"311","nome":"Jardim João XXIII","municipio_nome":"São Paulo"},"id":"311"},{"arcs":[[-936,-942,942,943,944,945]],"type":"Polygon","properties":{"codigo":"312","nome":"Raposo Tavares","municipio_nome":"São Paulo"},"id":"312"},{"arcs":[[-938,946,947,948,949,950]],"type":"Polygon","properties":{"codigo":"313","nome":"Rio Pequeno","municipio_nome":"São Paulo"},"id":"313"},{"arcs":[[-937,-946,951,952,-947]],"type":"Polygon","properties":{"codigo":"314","nome":"Jardim Adalgiza","municipio_nome":"São Paulo"},"id":"314"},{"arcs":[[-948,-953,953,954,955]],"type":"Polygon","properties":{"codigo":"315","nome":"Parque Continental","municipio_nome":"São Paulo"},"id":"315"},{"arcs":[[-298,956,-949,-956,957,958,959,-330,-326]],"type":"Polygon","properties":{"codigo":"316","nome":"Jaguaré","municipio_nome":"São Paulo"},"id":"316"},{"arcs":[[-294,960,961,962,-950,-957,-297]],"type":"Polygon","properties":{"codigo":"317","nome":"Cidade Universitária","municipio_nome":"São Paulo"},"id":"317"},{"arcs":[[-253,-897,-893,963,-961,-293]],"type":"Polygon","properties":{"codigo":"318","nome":"Butantã","municipio_nome":"São Paulo"},"id":"318"},{"arcs":[[-892,-929,964,-962,-964]],"type":"Polygon","properties":{"codigo":"319","nome":"Jardim Caxingui","municipio_nome":"São Paulo"},"id":"319"},{"arcs":[[-928,-932,-939,-951,-963,-965]],"type":"Polygon","properties":{"codigo":"320","nome":"Jardim Bonfiglioli","municipio_nome":"São Paulo"},"id":"320"},{"arcs":[[965,966,967,-431,-373,-358,-372]],"type":"Polygon","properties":{"codigo":"321","nome":"Melhoramentos","municipio_nome":"Caieiras"},"id":"321"},{"arcs":[[-371,968,969,970,-966]],"type":"Polygon","properties":{"codigo":"322","nome":"Caieiras","municipio_nome":"Caieiras"},"id":"322"},{"arcs":[[-368,971,972,-969,-370]],"type":"Polygon","properties":{"codigo":"323","nome":"Santa Inês","municipio_nome":"Caieiras"},"id":"323"},{"arcs":[[-362,973,974,975,-972,-367]],"type":"Polygon","properties":{"codigo":"324","nome":"Cajamar","municipio_nome":"Cajamar"},"id":"324"},{"arcs":[[-975,976,977,978,979]],"type":"Polygon","properties":{"codigo":"325","nome":"Jordanésia","municipio_nome":"Cajamar"},"id":"325"},{"arcs":[[-970,-973,-976,-980,980,981,982]],"type":"Polygon","properties":{"codigo":"326","nome":"Cristais","municipio_nome":"Franco da Rocha"},"id":"326"},{"arcs":[[-967,-971,-983,983,984,985,986]],"type":"Polygon","properties":{"codigo":"327","nome":"Franco da Rocha","municipio_nome":"Franco da Rocha"},"id":"327"},{"arcs":[[-986,987,988,989,990,991]],"type":"Polygon","properties":{"codigo":"328","nome":"Juqueri","municipio_nome":"Franco da Rocha"},"id":"328"},{"arcs":[[-982,992,993,-984]],"type":"Polygon","properties":{"codigo":"329","nome":"Sete Voltas","municipio_nome":"Francisco Morato"},"id":"329"},{"arcs":[[-985,-994,994,995,-988]],"type":"Polygon","properties":{"codigo":"330","nome":"Francisco Morato","municipio_nome":"Francisco Morato"},"id":"330"},{"arcs":[[-989,-996,996]],"type":"Polygon","properties":{"codigo":"331","nome":"Cascatas","municipio_nome":"Francisco Morato"},"id":"331"},{"arcs":[[-450,997,998,999]],"type":"Polygon","properties":{"codigo":"332","nome":"Mairiporã","municipio_nome":"Mairiporã"},"id":"332"},{"arcs":[[-968,-987,-992,1000,-998,-449,-440,-432]],"type":"Polygon","properties":{"codigo":"333","nome":"Paiva Castro","municipio_nome":"Mairiporã"},"id":"333"},{"arcs":[[-991,1001,1002,-999,-1001]],"type":"Polygon","properties":{"codigo":"334","nome":"Colinas","municipio_nome":"Mairiporã"},"id":"334"},{"arcs":[[-451,-1000,-1003,1003,1004,1005,1006]],"type":"Polygon","properties":{"codigo":"335","nome":"Pirucaia","municipio_nome":"Mairiporã"},"id":"335"},{"arcs":[[1007,1008,1009,1010,1011]],"type":"Polygon","properties":{"codigo":"336","nome":"Guarulhos","municipio_nome":"Guarulhos"},"id":"336"},{"arcs":[[-537,1012,1013,1014,1015,-550]],"type":"Polygon","properties":{"codigo":"337","nome":"Cumbica","municipio_nome":"Guarulhos"},"id":"337"},{"arcs":[[-530,1016,-1012,1017,-1013,-536]],"type":"Polygon","properties":{"codigo":"338","nome":"Rodovia Presidente Dutra","municipio_nome":"Guarulhos"},"id":"338"},{"arcs":[[-476,1018,-1008,-1017,-529,-508,-488,-481]],"type":"Polygon","properties":{"codigo":"339","nome":"Ponte Grande","municipio_nome":"Guarulhos"},"id":"339"},{"arcs":[[-470,1019,-1009,-1019,-475,-472]],"type":"Polygon","properties":{"codigo":"340","nome":"Vila Galvão","municipio_nome":"Guarulhos"},"id":"340"},{"arcs":[[-469,1020,1021,-1010,-1020]],"type":"Polygon","properties":{"codigo":"341","nome":"Vila Rosália","municipio_nome":"Guarulhos"},"id":"341"},{"arcs":[[-1011,-1022,1022,1023,-1014,-1018]],"type":"Polygon","properties":{"codigo":"342","nome":"Jardim América","municipio_nome":"Guarulhos"},"id":"342"},{"arcs":[[-1015,-1024,1024,1025,1026]],"type":"Polygon","properties":{"codigo":"343","nome":"Aeroporto","municipio_nome":"Guarulhos"},"id":"343"},{"arcs":[[-551,-1016,-1027,1027,1028,1029,1030,1031,-586,-583,-580,-578]],"type":"Polygon","properties":{"codigo":"344","nome":"Pimentas","municipio_nome":"Guarulhos"},"id":"344"},{"arcs":[[-455,1032,1033,-1025,-1023,-1021,-468]],"type":"Polygon","properties":{"codigo":"345","nome":"Picanço","municipio_nome":"Guarulhos"},"id":"345"},{"arcs":[[-452,-1007,1034,-1033,-454]],"type":"Polygon","properties":{"codigo":"346","nome":"Morro dos Macacos","municipio_nome":"Guarulhos"},"id":"346"},{"arcs":[[-1006,1035,1036,-1028,-1026,-1034,-1035]],"type":"Polygon","properties":{"codigo":"347","nome":"Estrada de Nazaré Paulista","municipio_nome":"Guarulhos"},"id":"347"},{"arcs":[[-1005,1037,1038,1039,-1036]],"type":"Polygon","properties":{"codigo":"348","nome":"Vasconcelândia","municipio_nome":"Guarulhos"},"id":"348"},{"arcs":[[-1029,-1037,-1040,1040,1041]],"type":"Polygon","properties":{"codigo":"349","nome":"Arujazinho","municipio_nome":"Arujá"},"id":"349"},{"arcs":[[-1030,-1042,1042,1043,1044]],"type":"Polygon","properties":{"codigo":"350","nome":"Arujá","municipio_nome":"Arujá"},"id":"350"},{"arcs":[[-1044,1045,1046,1047,1048]],"type":"Polygon","properties":{"codigo":"351","nome":"Fazenda Velha","municipio_nome":"Arujá"},"id":"351"},{"arcs":[[1049,1050]],"type":"Polygon","properties":{"codigo":"352","nome":"Santa Isabel","municipio_nome":"Santa Isabel"},"id":"352"},{"arcs":[[-1039,1051,1052,1053,-1051,1054,-1046,-1043,-1041]],"type":"Polygon","properties":{"codigo":"353","nome":"Jaguari","municipio_nome":"Santa Isabel"},"id":"353"},{"arcs":[[-655,-602,1055,1056,1057,1058,1059,-658]],"type":"Polygon","properties":{"codigo":"354","nome":"Ferraz de Vasconcelos","municipio_nome":"Ferraz de Vasconcelos"},"id":"354"},{"arcs":[[-659,-1060,1060,1061,1062,-663]],"type":"Polygon","properties":{"codigo":"355","nome":"Paiol Velho","municipio_nome":"Ferraz de Vasconcelos"},"id":"355"},{"arcs":[[-601,-607,1063,-1056]],"type":"Polygon","properties":{"codigo":"356","nome":"Santos Dumont","municipio_nome":"Ferraz de Vasconcelos"},"id":"356"},{"arcs":[[-1058,1064,1065]],"type":"Polygon","properties":{"codigo":"357","nome":"Jardim São José","municipio_nome":"Poá"},"id":"357"},{"arcs":[[-1057,-1064,1066,1067,1068,-1065]],"type":"Polygon","properties":{"codigo":"358","nome":"Poá","municipio_nome":"Poá"},"id":"358"},{"arcs":[[-1032,1069,1070,1071,-1067,-606,-609,-587]],"type":"Polygon","properties":{"codigo":"359","nome":"Itaquaquecetuba","municipio_nome":"Itaquaquecetuba"},"id":"359"},{"arcs":[[-1031,-1045,-1049,1072,-1070]],"type":"Polygon","properties":{"codigo":"360","nome":"Bonsucesso","municipio_nome":"Itaquaquecetuba"},"id":"360"},{"arcs":[[-1048,1073,1074,1075,-1071,-1073]],"type":"Polygon","properties":{"codigo":"361","nome":"Pinheirinho","municipio_nome":"Itaquaquecetuba"},"id":"361"},{"arcs":[[-1068,-1072,-1076,1076,1077,1078]],"type":"Polygon","properties":{"codigo":"362","nome":"Miguel Badra","municipio_nome":"Suzano"},"id":"362"},{"arcs":[[-1059,-1066,-1069,-1079,1079,1080,1081,1082,-1061]],"type":"Polygon","properties":{"codigo":"363","nome":"Suzano","municipio_nome":"Suzano"},"id":"363"},{"arcs":[[-1082,1083,1084,1085,1086,1087]],"type":"Polygon","properties":{"codigo":"364","nome":"Guaió","municipio_nome":"Suzano"},"id":"364"},{"arcs":[[-1083,-1088,1088,1089,-1062]],"type":"Polygon","properties":{"codigo":"365","nome":"Ouro Fino","municipio_nome":"Suzano"},"id":"365"},{"arcs":[[1090,1091,1092]],"type":"Polygon","properties":{"codigo":"366","nome":"Mogi das Cruzes","municipio_nome":"Mogi das Cruzes"},"id":"366"},{"arcs":[[-1092,1093,1094,1095,1096,1097]],"type":"Polygon","properties":{"codigo":"367","nome":"Estudantes","municipio_nome":"Mogi das Cruzes"},"id":"367"},{"arcs":[[-1098,1098,1099,1100,-1093]],"type":"Polygon","properties":{"codigo":"368","nome":"Vila Oliveira","municipio_nome":"Mogi das Cruzes"},"id":"368"},{"arcs":[[-1091,-1101,1101,1102,1103,-1094]],"type":"Polygon","properties":{"codigo":"369","nome":"Brás Cubas","municipio_nome":"Mogi das Cruzes"},"id":"369"},{"arcs":[[-1078,1104,-1103,1105,-1080]],"type":"Polygon","properties":{"codigo":"370","nome":"Jundiapeba","municipio_nome":"Mogi das Cruzes"},"id":"370"},{"arcs":[[-1075,1106,-1095,-1104,-1105,-1077]],"type":"Polygon","properties":{"codigo":"371","nome":"Jardim Graziella","municipio_nome":"Mogi das Cruzes"},"id":"371"},{"arcs":[[-1047,-1055,-1050,-1054,1107,1108,1109,-1096,-1107,-1074]],"type":"Polygon","properties":{"codigo":"372","nome":"Itapeti","municipio_nome":"Mogi das Cruzes"},"id":"372"},{"arcs":[[-1109,1110,1111,1112]],"type":"Polygon","properties":{"codigo":"373","nome":"Sabaúna","municipio_nome":"Mogi das Cruzes"},"id":"373"},{"arcs":[[-1097,-1110,-1113,1113,1114,-1099]],"type":"Polygon","properties":{"codigo":"374","nome":"César de Souza","municipio_nome":"Mogi das Cruzes"},"id":"374"},{"arcs":[[-1081,-1106,-1102,-1100,-1115,1115,1116,1117,-1084]],"type":"Polygon","properties":{"codigo":"375","nome":"Reservatório de Jundiaí","municipio_nome":"Mogi das Cruzes"},"id":"375"},{"arcs":[[-1112,1118,1119,1120,-1116,-1114]],"type":"Polygon","properties":{"codigo":"376","nome":"Biritiba Mirim","municipio_nome":"Biritiba-Mirim"},"id":"376"},{"arcs":[[-1120,1121,1122]],"type":"Polygon","properties":{"codigo":"377","nome":"Salesópolis","municipio_nome":"Salosópolis"},"id":"377"},{"arcs":[[-1053,1123,-1122,-1119,-1111,-1108]],"type":"Polygon","properties":{"codigo":"378","nome":"Guararema","municipio_nome":"Guararema"},"id":"378"},{"arcs":[[1124,1125,1126,1127]],"type":"Polygon","properties":{"codigo":"379","nome":"Boa Vista","municipio_nome":"São Caetano do Sul"},"id":"379"},{"arcs":[[-705,1128,-1128,1129,1130,1131]],"type":"Polygon","properties":{"codigo":"380","nome":"Vila Gerti","municipio_nome":"São Caetano do Sul"},"id":"380"},{"arcs":[[-704,1132,-1125,-1129]],"type":"Polygon","properties":{"codigo":"381","nome":"Santo Antônio","municipio_nome":"São Caetano do Sul"},"id":"381"},{"arcs":[[-698,-723,-728,-737,1133,-1126,-1133]],"type":"Polygon","properties":{"codigo":"382","nome":"São Caetano do Sul","municipio_nome":"São Caetano do Sul"},"id":"382"},{"arcs":[[1134,1135,1136,1137,1138,1139]],"type":"Polygon","properties":{"codigo":"383","nome":"Santo André","municipio_nome":"Santo André"},"id":"383"},{"arcs":[[-1135,1140,1141,1142,1143]],"type":"Polygon","properties":{"codigo":"384","nome":"Valparaíso","municipio_nome":"Santo André"},"id":"384"},{"arcs":[[-1131,1144,-1136,-1144,1145]],"type":"Polygon","properties":{"codigo":"385","nome":"Campestre","municipio_nome":"Santo André"},"id":"385"},{"arcs":[[-736,1146,-1137,-1145,-1130,-1127,-1134]],"type":"Polygon","properties":{"codigo":"386","nome":"Utinga","municipio_nome":"Santo André"},"id":"386"},{"arcs":[[-742,1147,-1138,-1147,-735]],"type":"Polygon","properties":{"codigo":"387","nome":"Vila Lucinda","municipio_nome":"Santo André"},"id":"387"},{"arcs":[[-741,-748,-750,1148,1149,-1139,-1148]],"type":"Polygon","properties":{"codigo":"388","nome":"Parque das Nações","municipio_nome":"Santo André"},"id":"388"},{"arcs":[[-1140,-1150,1150,1151,1152,1153,-1141]],"type":"Polygon","properties":{"codigo":"389","nome":"Jardim do Estádio","municipio_nome":"Santo André"},"id":"389"},{"arcs":[[-1152,1154,1155,1156,1157,1158,1159]],"type":"Polygon","properties":{"codigo":"390","nome":"Parque do Pedroso","municipio_nome":"Santo André"},"id":"390"},{"arcs":[[-1085,-1118,1160,1161,-1157,1162,1163,1164]],"type":"Polygon","properties":{"codigo":"391","nome":"Paranapiacaba","municipio_nome":"Santo André"},"id":"391"},{"arcs":[[-675,1165,1166,1167,-1155,-1151,-1149,-749]],"type":"Polygon","properties":{"codigo":"392","nome":"Capuava","municipio_nome":"Mauá"},"id":"392"},{"arcs":[[-1167,1168,1169]],"type":"Polygon","properties":{"codigo":"393","nome":"Mauá","municipio_nome":"Mauá"},"id":"393"},{"arcs":[[-665,1170,1171,1172,-1169,-1166,-674,-672]],"type":"Polygon","properties":{"codigo":"394","nome":"Alto da Boa Vista","municipio_nome":"Mauá"},"id":"394"},{"arcs":[[-661,-1063,1173,-1171,-664]],"type":"Polygon","properties":{"codigo":"395","nome":"Vista Alegre","municipio_nome":"Mauá"},"id":"395"},{"arcs":[[-1156,-1168,-1170,-1173,1174,1175,1176,1177,-1163]],"type":"Polygon","properties":{"codigo":"396","nome":"Ribeirão Pires","municipio_nome":"Ribeirão Pires"},"id":"396"},{"arcs":[[-1090,1178,-1175,-1172,-1174]],"type":"Polygon","properties":{"codigo":"397","nome":"Jardim Santa Luzia","municipio_nome":"Ribeirão Pires"},"id":"397"},{"arcs":[[-1087,1179,-1176,-1179,-1089]],"type":"Polygon","properties":{"codigo":"398","nome":"Ouro Fino Paulista","municipio_nome":"Ribeirão Pires"},"id":"398"},{"arcs":[[-1086,-1165,1180,-1177,-1180]],"type":"Polygon","properties":{"codigo":"399","nome":"Parque Sete Pontes","municipio_nome":"Rio Grande da Serra"},"id":"399"},{"arcs":[[-1164,-1178,-1181]],"type":"Polygon","properties":{"codigo":"400","nome":"Rio Grande da Serra","municipio_nome":"Rio Grande da Serra"},"id":"400"},{"arcs":[[1181,1182,1183,1184,1185]],"type":"Polygon","properties":{"codigo":"401","nome":"Planalto","municipio_nome":"São Bernardo do Campo"},"id":"401"},{"arcs":[[-706,-1132,-1146,-1143,1186,-1185,1187,1188,-708]],"type":"Polygon","properties":{"codigo":"402","nome":"Rudge Ramos","municipio_nome":"São Bernardo do Campo"},"id":"402"},{"arcs":[[-1142,-1154,1189,-1186,-1187]],"type":"Polygon","properties":{"codigo":"403","nome":"São Bernardo do Campo","municipio_nome":"São Bernardo do Campo"},"id":"403"},{"arcs":[[-1153,-1160,1190,1191,-1182,-1190]],"type":"Polygon","properties":{"codigo":"404","nome":"Demarchi","municipio_nome":"São Bernardo do Campo"},"id":"404"},{"arcs":[[-1159,1192,1193,-1191]],"type":"Polygon","properties":{"codigo":"405","nome":"Riacho Grande","municipio_nome":"São Bernardo do Campo"},"id":"405"},{"arcs":[[-836,1194,-1193,-1158,-1162,1195,-846,-843]],"type":"Polygon","properties":{"codigo":"406","nome":"Caminho do Mar","municipio_nome":"São Bernardo do Campo"},"id":"406"},{"arcs":[[-833,1196,1197,-1183,-1192,-1194,-1195,-835]],"type":"Polygon","properties":{"codigo":"407","nome":"Reservatório Billings","municipio_nome":"São Bernardo do Campo"},"id":"407"},{"arcs":[[-711,-1189,1198,-808,-782,-774]],"type":"Polygon","properties":{"codigo":"408","nome":"Diadema","municipio_nome":"Diadema"},"id":"408"},{"arcs":[[-804,-1199,-1188,-1184,-1198,1199]],"type":"Polygon","properties":{"codigo":"409","nome":"Piraporinha","municipio_nome":"Diadema"},"id":"409"},{"arcs":[[-805,-1200,-1197,-832]],"type":"Polygon","properties":{"codigo":"410","nome":"Eldorado","municipio_nome":"Diadema"},"id":"410"},{"arcs":[[-920,1200,-933,-930,-924]],"type":"Polygon","properties":{"codigo":"411","nome":"Taboão","municipio_nome":"Taboão da Serra"},"id":"411"},{"arcs":[[-917,-915,1201,1202,1203,-940,-934,-1201,-919]],"type":"Polygon","properties":{"codigo":"412","nome":"Parque Pinheiros","municipio_nome":"Taboão da Serra"},"id":"412"},{"arcs":[[-887,-885,1204,1205,-1202,-914]],"type":"Polygon","properties":{"codigo":"413","nome":"Santo Eduardo","municipio_nome":"Embu"},"id":"413"},{"arcs":[[-1203,-1206,1206,1207,1208]],"type":"Polygon","properties":{"codigo":"414","nome":"Embu","municipio_nome":"Embu"},"id":"414"},{"arcs":[[-1208,1209,1210,1211,1212]],"type":"Polygon","properties":{"codigo":"415","nome":"Ressaca","municipio_nome":"Embu"},"id":"415"},{"arcs":[[-841,1213,1214,1215,-1207,-1205,-884,-876,-873,-871]],"type":"Polygon","properties":{"codigo":"416","nome":"Itapecerica da Serra","municipio_nome":"Itapecerica da Serra"},"id":"416"},{"arcs":[[-1215,1216,1217,1218]],"type":"Polygon","properties":{"codigo":"417","nome":"Jardim Petrópolis","municipio_nome":"Itapecerica da Serra"},"id":"417"},{"arcs":[[-1216,-1219,1219,1220,1221,-1210]],"type":"Polygon","properties":{"codigo":"418","nome":"Embu-Mirim","municipio_nome":"Itapecerica da Serra"},"id":"418"},{"arcs":[[1222,1223,1224,1225,-1220,-1218,1226]],"type":"Polygon","properties":{"codigo":"419","nome":"São Lourenço da Serra","municipio_nome":"São Lourenço da Serra"},"id":"419"},{"arcs":[[-840,1227,1228,-1227,-1217,-1214]],"type":"Polygon","properties":{"codigo":"420","nome":"Embu Guaçu","municipio_nome":"Embu-Guaçu"},"id":"420"},{"arcs":[[-839,-845,-850,1229,-1228]],"type":"Polygon","properties":{"codigo":"421","nome":"Cipó","municipio_nome":"Embu-Guaçu"},"id":"421"},{"arcs":[[-1230,-849,1230,-1223,-1229]],"type":"Polygon","properties":{"codigo":"422","nome":"Santa Rita","municipio_nome":"Embu-Guaçu"},"id":"422"},{"arcs":[[-848,1231,-1224,-1231]],"type":"Polygon","properties":{"codigo":"423","nome":"Juquitiba","municipio_nome":"Juquitiba"},"id":"423"},{"arcs":[[1232,1233,1234,1235,1236,1237,1238]],"type":"Polygon","properties":{"codigo":"424","nome":"Barueri","municipio_nome":"Barueri"},"id":"424"},{"arcs":[[1239,-1236,1240,-365,1241,1242]],"type":"Polygon","properties":{"codigo":"425","nome":"Aphaville","municipio_nome":"Barueri"},"id":"425"},{"arcs":[[-1237,-1240,1243,1244,1245]],"type":"Polygon","properties":{"codigo":"426","nome":"Tamboré","municipio_nome":"Barueri"},"id":"426"},{"arcs":[[1246,1247,1248,1249,-1239]],"type":"Polygon","properties":{"codigo":"427","nome":"Antônio João","municipio_nome":"Barueri"},"id":"427"},{"arcs":[[-1248,1250,1251,1252,1253]],"type":"Polygon","properties":{"codigo":"428","nome":"Vutopoca","municipio_nome":"Barueri"},"id":"428"},{"arcs":[[-1249,-1254,1254,1255,1256]],"type":"Polygon","properties":{"codigo":"429","nome":"Jardim Silveira","municipio_nome":"Barueri"},"id":"429"},{"arcs":[[-1233,-1250,-1257,1257,1258]],"type":"Polygon","properties":{"codigo":"430","nome":"Jardim Belval","municipio_nome":"Barueri"},"id":"430"},{"arcs":[[-1234,-1259,1259,1260,1261]],"type":"Polygon","properties":{"codigo":"431","nome":"Pedreira","municipio_nome":"Barueri"},"id":"431"},{"arcs":[[-1238,-1246,1262,1263,1264,1265,1266,-1251,-1247]],"type":"Polygon","properties":{"codigo":"432","nome":"Carapicuiba","municipio_nome":"Carapicuiba"},"id":"432"},{"arcs":[[-1266,1267,1268,1269]],"type":"Polygon","properties":{"codigo":"433","nome":"Jardim Planalto","municipio_nome":"Carapicuiba"},"id":"433"},{"arcs":[[-1269,1270,1271,1272,1273]],"type":"Polygon","properties":{"codigo":"434","nome":"Aldeia da Carapicuiba","municipio_nome":"Carapicuiba"},"id":"434"},{"arcs":[[-1252,-1267,-1270,-1274,1274,1275]],"type":"Polygon","properties":{"codigo":"435","nome":"Vila Silvana","municipio_nome":"Carapicuiba"},"id":"435"},{"arcs":[[1276,1277,1278,1279]],"type":"Polygon","properties":{"codigo":"436","nome":"Osasco","municipio_nome":"Osasco"},"id":"436"},{"arcs":[[-955,1280,1281,-1280,1282,-958]],"type":"Polygon","properties":{"codigo":"437","nome":"Bussocaba","municipio_nome":"Osasco"},"id":"437"},{"arcs":[[-945,1283,1284,-1281,-954,-952]],"type":"Polygon","properties":{"codigo":"438","nome":"Bussocaba City","municipio_nome":"Osasco"},"id":"438"},{"arcs":[[-1277,-1282,-1285,1285,1286,1287]],"type":"Polygon","properties":{"codigo":"439","nome":"Novo Osasco","municipio_nome":"Osasco"},"id":"439"},{"arcs":[[-941,1288,-1272,1289,-943]],"type":"Polygon","properties":{"codigo":"440","nome":"Jardim das Flores","municipio_nome":"Osasco"},"id":"440"},{"arcs":[[-944,-1290,-1271,-1268,-1265,1290,-1286,-1284]],"type":"Polygon","properties":{"codigo":"441","nome":"Jardim Veloso","municipio_nome":"Osasco"},"id":"441"},{"arcs":[[-1264,1291,-1287,-1291]],"type":"Polygon","properties":{"codigo":"442","nome":"Quitaúna","municipio_nome":"Osasco"},"id":"442"},{"arcs":[[-1245,1292,1293,-1278,-1288,-1292,-1263]],"type":"Polygon","properties":{"codigo":"443","nome":"Jardim Piratininga","municipio_nome":"Osasco"},"id":"443"},{"arcs":[[-959,-1283,-1279,-1294,1294]],"type":"Polygon","properties":{"codigo":"444","nome":"Presidente Altino","municipio_nome":"Osasco"},"id":"444"},{"arcs":[[-1243,1295,1296,-1293,-1244]],"type":"Polygon","properties":{"codigo":"445","nome":"Munhoz Junior","municipio_nome":"Osasco"},"id":"445"},{"arcs":[[-331,-960,-1295,-1297,1297,-346,-350]],"type":"Polygon","properties":{"codigo":"446","nome":"Mutinga","municipio_nome":"Osasco"},"id":"446"},{"arcs":[[-347,-1298,-1296,-1242,-364,-351]],"type":"Polygon","properties":{"codigo":"447","nome":"Três Montanhas","municipio_nome":"Osasco"},"id":"447"},{"arcs":[[-1256,1298,1299,-1260,-1258]],"type":"Polygon","properties":{"codigo":"448","nome":"Ribeirão Itaqui","municipio_nome":"Jandira"},"id":"448"},{"arcs":[[-1255,1300,1301,-1299]],"type":"Polygon","properties":{"codigo":"449","nome":"Jandira","municipio_nome":"Jandira"},"id":"449"},{"arcs":[[-1253,-1276,1302,1303,1304,-1301]],"type":"Polygon","properties":{"codigo":"450","nome":"Ribeirão das Pombas","municipio_nome":"Jandira"},"id":"450"},{"arcs":[[-1204,-1209,-1213,1305,-1303,-1275,-1273,-1289]],"type":"Polygon","properties":{"codigo":"451","nome":"Granja Viana","municipio_nome":"Cotia"},"id":"451"},{"arcs":[[-1212,1306,1307,1308,1309,1310,-1304,-1306]],"type":"Polygon","properties":{"codigo":"452","nome":"Cotia","municipio_nome":"Cotia"},"id":"452"},{"arcs":[[-1211,-1222,1311,-1307]],"type":"Polygon","properties":{"codigo":"453","nome":"Capueira","municipio_nome":"Cotia"},"id":"453"},{"arcs":[[-1226,1312,1313,1314,-1308,-1312,-1221]],"type":"Polygon","properties":{"codigo":"454","nome":"Caucaia","municipio_nome":"Cotia"},"id":"454"},{"arcs":[[-1314,1315,1316]],"type":"Polygon","properties":{"codigo":"455","nome":"Caucaia do Alto","municipio_nome":"Cotia"},"id":"455"},{"arcs":[[-1309,-1315,-1317,1317,1318]],"type":"Polygon","properties":{"codigo":"456","nome":"Vargem Grande Paulista","municipio_nome":"Vargem Grande Paulista"},"id":"456"},{"arcs":[[-1310,-1319,1319,1320]],"type":"Polygon","properties":{"codigo":"457","nome":"Quatro Encruzilhadas","municipio_nome":"Itapevi"},"id":"457"},{"arcs":[[-1261,-1300,-1302,-1305,-1311,-1321,1321,1322]],"type":"Polygon","properties":{"codigo":"458","nome":"Itapevi","municipio_nome":"Itapevi"},"id":"458"},{"arcs":[[-366,-1241,-1235,-1262,-1323,1323,1324,-977,-974]],"type":"Polygon","properties":{"codigo":"459","nome":"Santana de Parnaíba","municipio_nome":"Santana de Parnaíba"},"id":"459"},{"arcs":[[-978,-1325,1325]],"type":"Polygon","properties":{"codigo":"460","nome":"Pirapora do Bom Jesus","municipio_nome":"Pirapora do Bom Jesus"},"id":"460"}]}}}