{"type":"Topology","arcs":[[[18308,17396],[-66,-13],[-106,1],[-65,25],[-17,20],[-82,39],[-22,24]],[[17950,17492],[0,34]],[[17950,17526],[20,16],[60,109]],[[18030,17651],[27,51]],[[18057,17702],[52,-65],[15,-82],[28,34],[42,-95],[32,-9],[82,-89]],[[18057,17702],[44,80],[13,168]],[[18114,17950],[221,-63]],[[18335,17887],[-54,-127],[33,-28],[30,-87],[-3,-86],[17,-54]],[[18358,17505],[29,-80],[-11,-70]],[[18376,17355],[-1,-18],[-57,-25]],[[18318,17312],[-10,84]],[[18318,17312],[-1,-1]],[[18317,17311],[-32,-51],[-38,-6]],[[18247,17254],[-163,-8],[-97,17]],[[17987,17263],[28,81],[-11,59],[-54,89]],[[17987,17263],[-140,23],[-76,32],[-19,18],[-19,63]],[[17733,17399],[-16,42]],[[17717,17441],[-53,111]],[[17664,17552],[38,15],[126,-28],[75,7],[47,-20]],[[17664,17552],[0,127],[9,71]],[[17673,17750],[33,25],[11,64]],[[17717,17839],[125,-72],[188,-116]],[[17717,17839],[179,134],[40,5]],[[17936,17978],[75,-1],[103,-27]],[[17936,17978],[-12,41],[-97,133],[-26,22],[-76,22]],[[17725,18196],[-20,-1]],[[17705,18195],[256,136],[23,-5]],[[17984,18326],[50,-15],[-10,-71],[280,-92],[33,-30],[24,-44]],[[18361,18074],[17,-71]],[[18378,18003],[-43,-116]],[[17705,18195],[-51,-8],[0,33]],[[17654,18220],[-1,25],[-158,290],[-30,27]],[[17465,18562],[5,31]],[[17470,18593],[365,-49],[247,-14]],[[18082,18530],[-56,-39],[-33,-42],[14,-15],[-23,-108]],[[18082,18530],[141,-10]],[[18223,18520],[154,-12]],[[18377,18508],[-11,-354]],[[18366,18154],[-5,-80]],[[18377,18508],[100,3],[97,15]],[[18574,18526],[32,-4],[80,-40]],[[18686,18482],[-15,-86],[-33,-11],[-12,-36]],[[18626,18349],[-40,-55],[-113,-56],[-13,-48],[-94,-36]],[[18686,18482],[80,-70],[58,-30]],[[18824,18382],[53,-10],[72,10]],[[18949,18382],[27,-115],[13,-14],[-77,-83]],[[18912,18170],[-90,87],[-35,-14],[-17,46],[-101,34],[-43,26]],[[18912,18170],[-42,-45]],[[18870,18125],[-95,-100]],[[18775,18025],[-26,24],[-85,-91],[-89,7]],[[18575,17965],[-107,12],[-90,26]],[[18575,17965],[-3,-63],[42,2],[6,-102],[-55,-49]],[[18565,17753],[-90,83],[-140,51]],[[18775,18025],[123,-117],[21,-73]],[[18919,17835],[-134,-36],[-173,-115]],[[18612,17684],[-47,69]],[[18919,17835],[30,-115],[28,-27],[54,-86]],[[19031,17607],[-101,-30],[-224,-36]],[[18706,17541],[-9,0],[-88,140]],[[18609,17681],[3,3]],[[18358,17505],[22,52],[149,72],[80,52]],[[18706,17541],[139,-226]],[[18845,17315],[-314,30],[-155,10]],[[18845,17315],[71,-130],[132,-300]],[[19048,16885],[-29,4],[-109,-50]],[[18910,16839],[-34,40],[-91,-45],[-6,-32]],[[18779,16802],[-45,71],[-66,15],[-36,-4],[-34,22],[-103,142],[-37,17],[-41,-2]],[[18417,17063],[-40,7],[26,85],[-63,33],[-23,123]],[[18779,16802],[-19,-65],[-48,-36],[-6,-42],[-30,-22],[-12,-36],[-66,-51],[-11,-22],[13,-46]],[[18600,16482],[-35,28],[-196,-3]],[[18369,16507],[32,168]],[[18401,16675],[55,278],[-35,64],[-4,46]],[[18401,16675],[-73,15],[4,25],[-44,37],[36,68],[-66,53],[-12,-4],[-63,80]],[[18183,16949],[-8,99],[13,83]],[[18188,17131],[-5,61],[36,2],[28,60]],[[18369,16507],[-78,-1],[-34,-16],[-112,7],[-12,62],[-26,58],[-49,-2],[-80,26]],[[17978,16641],[16,59],[82,50],[-30,40],[76,58],[1,47],[60,54]],[[17978,16641],[-45,15]],[[17933,16656],[16,183],[111,141]],[[18060,16980],[128,151]],[[17933,16656],[-57,19]],[[17876,16675],[-1,1]],[[17875,16676],[13,195],[-1,67],[17,98]],[[17904,17036],[41,-10],[10,-39],[105,-7]],[[17904,17036],[6,43],[33,69],[44,115]],[[17733,17399],[-7,-30],[23,-234]],[[17749,17135],[-36,-6],[-7,73],[-56,-5],[-17,-80]],[[17633,17117],[-22,2],[-8,92]],[[17603,17211],[-3,51],[-40,5],[-37,90]],[[17523,17357],[61,35],[133,49]],[[17904,17036],[-152,38],[-3,61]],[[17875,16676],[-61,36],[-187,155]],[[17627,16867],[44,74],[-45,40],[7,136]],[[17627,16867],[-148,135]],[[17479,17002],[61,79],[3,87],[60,43]],[[17479,17002],[-65,58]],[[17414,17060],[-101,94]],[[17313,17154],[104,142],[11,6]],[[17428,17302],[95,55]],[[17290,17436],[-27,29]],[[17263,17465],[-7,60],[41,127],[-4,54],[28,40],[9,41]],[[17330,17787],[86,-32]],[[17416,17755],[151,-4]],[[17567,17751],[-44,-133],[-101,-115],[-8,7],[-124,-74]],[[17428,17302],[-12,76],[-41,36],[-49,-27],[-36,49]],[[17567,17751],[106,-1]],[[17313,17154],[-118,124],[-34,-25]],[[17161,17253],[-96,14]],[[17065,17267],[53,61],[43,21],[-8,44],[67,9],[43,63]],[[17065,17267],[-142,71],[-141,62]],[[16782,17400],[56,124],[60,17],[79,57]],[[16977,17598],[112,52]],[[17089,17650],[-2,-166],[19,-62],[94,74],[63,-31]],[[17089,17650],[61,154],[22,104]],[[17172,17908],[64,-62],[94,-59]],[[17416,17755],[73,267],[13,24],[169,117],[54,33]],[[17172,17908],[80,173],[0,143],[15,61]],[[17267,18285],[239,-71],[148,6]],[[17267,18285],[26,101],[22,37],[101,114],[49,25]],[[18949,18382],[86,8],[92,-39],[106,-96]],[[19233,18255],[-132,-53],[4,-77],[44,-114]],[[19149,18011],[-58,-20],[-79,11],[-142,123]],[[19233,18255],[33,-30]],[[19266,18225],[56,-44],[51,-24],[79,-4]],[[19452,18153],[190,51]],[[19642,18204],[40,-108],[30,-128]],[[19712,17968],[-227,-50],[-126,-13],[-154,-33]],[[19205,17872],[-56,139]],[[19372,17680],[-6,17],[106,14],[303,65]],[[19775,17776],[62,-283]],[[19837,17493],[-59,-21],[18,-30],[-110,-112]],[[19686,17330],[-145,132],[-131,154],[-38,64]],[[18919,17835],[225,34],[61,3]],[[19712,17968],[19,-86],[32,-57],[12,-49]],[[19372,17680],[-144,-32],[-115,-33],[-82,-8]],[[19686,17330],[-102,-200]],[[19584,17130],[-259,124]],[[19325,17254],[-56,18],[8,69],[-50,7],[-27,34],[-25,-25],[-310,31],[-2,-75],[-18,2]],[[19584,17130],[-83,-168],[120,-119],[99,-7],[40,-39],[-2,-110]],[[19758,16687],[-99,-47],[-17,-60],[-57,-97]],[[19585,16483],[-20,215],[3,63],[-33,68],[-208,118],[-45,37],[-97,134],[84,30],[56,106]],[[19585,16483],[-53,-64],[-36,-6],[-42,-30]],[[19454,16383],[-189,15]],[[19265,16398],[-217,487]],[[20499,16420],[-63,6],[-104,-26]],[[20332,16400],[-130,10],[-58,29],[-100,29],[-112,62],[-27,-3],[-25,53],[-54,11],[3,40]],[[19829,16631],[44,4],[3,66],[111,19],[26,-12],[123,-23],[17,20],[-21,37],[-2,195]],[[20130,16937],[74,91],[55,44]],[[20259,17072],[87,-54],[80,-30],[63,-34],[112,-90],[17,-27]],[[20618,16837],[-81,-191]],[[20537,16646],[-10,3],[-28,-229]],[[19584,17130],[120,-58],[108,-9],[55,-25],[64,25],[87,-73],[21,-29],[65,-1],[26,-23]],[[19829,16631],[-71,56]],[[19837,17493],[39,-85],[62,-25],[45,-5],[96,14],[72,-49]],[[20151,17343],[-25,-111],[113,-112],[20,-48]],[[18369,16507],[-23,-116]],[[18346,16391],[-91,3],[-49,-32],[-80,0],[-115,-45]],[[18011,16317],[-121,209],[-27,84]],[[17863,16610],[13,65]],[[18600,16482],[123,-97]],[[18723,16385],[-23,-40],[-81,-36],[-59,-106],[-17,-55]],[[18543,16148],[-73,15],[8,42],[-49,92],[-130,-2]],[[18299,16295],[7,68],[40,28]],[[18543,16148],[-26,-131]],[[18517,16017],[-29,-8],[-75,-81],[-23,-5],[-91,22],[-38,23],[-82,81],[-8,48]],[[18171,16097],[5,30],[35,48],[65,42],[23,78]],[[18171,16097],[-33,-11],[-78,-2]],[[18060,16084],[19,61],[-12,84],[-56,88]],[[18517,16017],[-25,-97],[-73,-141]],[[18419,15779],[-172,-1],[-231,3]],[[18016,15781],[4,256]],[[18020,16037],[40,47]],[[18016,15781],[-195,-1],[-165,15],[-88,23]],[[17568,15818],[12,159],[8,35]],[[17588,16012],[85,-38],[24,27],[88,-32],[55,4],[85,20],[33,-2],[62,46]],[[17588,16012],[29,34],[-12,32],[51,77]],[[17656,16155],[215,81],[140,81]],[[17656,16155],[-7,43],[21,44],[-3,53],[-47,68],[-15,46]],[[17605,16409],[258,201]],[[17605,16409],[-38,43],[12,189],[-68,45],[-27,32]],[[17484,16718],[39,38]],[[17523,16756],[104,111]],[[18419,15779],[-83,-205]],[[18336,15574],[-55,-135],[25,-104]],[[18306,15335],[-61,-26],[-106,-6],[-67,11],[-84,-39],[-15,45]],[[17973,15320],[8,185],[34,127],[1,149]],[[18306,15335],[12,-75],[-23,-121],[-8,-130]],[[18287,15009],[-59,-210],[0,-22]],[[18228,14777],[-129,-20],[-181,18],[-83,-12]],[[17835,14763],[8,85],[-32,82],[28,48],[-18,132],[-30,156]],[[17791,15266],[88,34],[-6,18],[100,2]],[[17835,14763],[-50,-37],[-44,-1],[-34,-39]],[[17707,14686],[-32,47]],[[17675,14733],[-101,33],[-34,62],[-72,170],[-48,74],[-29,20],[-163,86]],[[17228,15178],[96,107]],[[17324,15285],[200,233],[21,47],[12,138]],[[17557,15703],[45,-48],[9,-67],[58,-79],[71,-110],[51,-133]],[[17557,15703],[11,112]],[[17568,15815],[0,3]],[[17588,16012],[-17,61],[-79,-15],[-350,-126]],[[17142,15932],[-13,34],[1,59],[42,339],[9,44],[-29,20]],[[17152,16428],[89,54],[154,148]],[[17395,16630],[89,88]],[[17568,15815],[-45,-50],[-82,-35],[-41,-35],[-234,202],[-24,35]],[[17324,15285],[-488,422]],[[16836,15707],[11,156]],[[16847,15863],[23,78]],[[16870,15941],[214,-28],[58,19]],[[17228,15178],[-69,35],[-107,30],[-113,92],[-28,7],[-89,52],[-65,84]],[[16757,15478],[48,130],[31,99]],[[16870,15941],[16,145],[38,136],[19,46]],[[16943,16268],[16,38]],[[16959,16306],[193,122]],[[16943,16268],[-57,-19],[-63,-44],[-47,-58],[-31,-16],[-237,-68]],[[16508,16063],[-72,-3],[-173,57]],[[16263,16117],[22,103]],[[16285,16220],[54,7],[203,208],[103,-5],[41,5],[174,110],[67,9]],[[16927,16554],[33,-210],[-1,-38]],[[16847,15863],[-73,7],[-17,58],[-64,-18],[-8,26],[-67,-19],[-32,16],[-16,-30],[-53,26]],[[16517,15929],[28,9],[-37,125]],[[16757,15478],[-54,50],[-41,95],[-49,54],[-86,75],[-63,43]],[[16464,15795],[45,100],[8,34]],[[16757,15478],[-46,-148],[-18,-33]],[[16693,15297],[-117,-179]],[[16576,15118],[-126,75],[-67,46],[-107,31]],[[16276,15270],[22,45],[-67,58],[10,75],[55,66],[-28,24],[16,49],[44,51],[-14,37],[120,136],[30,-16]],[[16576,15118],[-159,-248]],[[16417,14870],[-35,22],[-113,2],[-132,69],[-73,94],[-90,27]],[[15974,15084],[7,18]],[[15981,15102],[51,233]],[[16032,15335],[112,-19],[49,-24],[83,-22]],[[16032,15335],[36,177],[107,335]],[[16175,15847],[88,270]],[[17523,16756],[-103,87],[-7,-6],[-111,106]],[[17302,16943],[112,117]],[[17395,16630],[-88,90],[-15,-17],[-79,74],[30,35],[-34,33]],[[17209,16845],[93,98]],[[16927,16554],[-23,50],[-181,235],[-26,24],[61,81],[-41,39]],[[16717,16983],[93,67]],[[16810,17050],[158,-120],[173,-153],[68,68]],[[17161,17253],[-64,-22],[-59,-44]],[[17038,17187],[-167,-96],[-61,-41]],[[16717,16983],[-113,172],[-20,43]],[[16584,17198],[-17,41],[113,121],[48,74]],[[16728,17434],[54,-34]],[[17038,17187],[120,-115],[-34,-36],[31,-28],[64,64],[37,-36],[-24,-26],[70,-67]],[[16717,16983],[-303,-173]],[[16414,16810],[-128,197],[-11,47],[-46,36]],[[16229,17090],[37,73],[80,-118],[238,153]],[[16285,16220],[-8,45],[-37,85],[-70,137],[-52,91]],[[16118,16578],[222,125],[-30,51],[104,56]],[[16118,16578],[-130,136]],[[15988,16714],[-59,111],[-42,135],[-21,49]],[[15866,17009],[188,167]],[[16054,17176],[116,-47],[59,-39]],[[16054,17176],[28,50]],[[16082,17226],[72,135],[35,133],[73,96],[-18,46]],[[16244,17636],[34,-23]],[[16278,17613],[60,-44],[46,-21],[36,3],[62,-30],[50,-39],[123,-7],[73,-41]],[[16911,17731],[-113,82]],[[16798,17813],[29,64],[2,120],[-35,69],[-40,24],[-16,67]],[[16738,18157],[111,-70]],[[16849,18087],[25,-17],[242,-54]],[[17116,18016],[-115,-162],[25,-28],[-21,-37],[-33,23],[-61,-81]],[[16977,17598],[-70,15],[-59,31],[66,36],[38,8],[-41,43]],[[17116,18016],[56,-36],[-15,-34],[15,-38]],[[16728,17434],[10,25],[30,280]],[[16768,17739],[30,74]],[[16278,17613],[52,79],[-22,160],[16,30]],[[16324,17882],[40,-8],[24,40],[184,-127],[22,-59],[140,-26],[34,37]],[[16324,17882],[34,51]],[[16358,17933],[223,338]],[[16581,18271],[35,-32],[122,-82]],[[16244,17636],[-66,67],[-35,22],[-36,57]],[[16107,17782],[-11,96],[9,109],[51,-3],[54,49],[10,45],[46,-23]],[[16266,18055],[29,-20],[-28,-42],[91,-60]],[[16266,18055],[84,127]],[[16350,18182],[64,99],[67,-1],[2,82]],[[16483,18362],[87,-44],[11,-47]],[[16924,18666],[147,-18]],[[17071,18648],[-29,-195],[-108,-129],[11,-12]],[[16945,18312],[-16,1]],[[16929,18313],[-202,19],[-58,18],[-112,58],[-80,29],[-76,5]],[[16401,18442],[-71,148],[-71,126],[-7,41],[-34,61],[0,67]],[[16218,18885],[129,-29]],[[16347,18856],[176,-36],[68,-36],[87,-70],[50,-20],[196,-28]],[[17267,18285],[-322,27]],[[17071,18648],[399,-55]],[[16849,18087],[85,133],[-56,35],[51,58]],[[16483,18362],[-82,80]],[[16082,17226],[-59,50],[-8,27],[-87,53],[-17,59],[-174,117],[18,75],[26,22],[46,69],[-20,13],[35,69],[3,37]],[[15845,17817],[116,-33],[99,-12],[47,10]],[[15866,17009],[-55,76],[-44,37],[-111,59]],[[15656,17181],[-265,140]],[[15391,17321],[107,196],[141,135],[27,118],[47,-21],[68,101]],[[15781,17850],[42,-7],[22,-26]],[[15391,17321],[-128,66],[-210,114],[-23,17]],[[15030,17518],[-101,96]],[[14929,17614],[150,153]],[[15079,17767],[48,2],[22,69],[46,47],[49,24],[141,-8],[26,27]],[[15411,17928],[25,17],[135,23],[93,-6],[59,-25],[-1,-30],[40,-46]],[[15762,17861],[19,-11]],[[15657,18479],[-116,10],[-92,38],[-192,-2]],[[15257,18525],[-42,46],[-28,96]],[[15187,18667],[62,36],[50,42],[76,106]],[[15375,18851],[70,36],[128,-2]],[[15573,18885],[57,-135],[60,-72],[50,-35],[118,-55],[-4,-12]],[[15854,18576],[-69,-14],[-128,-83]],[[16401,18442],[-215,4],[-53,15],[-208,96],[-71,19]],[[15573,18885],[226,-17],[44,2]],[[15843,18870],[268,26],[107,-11]],[[16350,18182],[-44,29],[-308,1],[-58,-8],[-69,18]],[[15871,18222],[-37,0],[-82,37],[-20,58],[-133,-23]],[[15599,18294],[-2,28],[69,38],[-9,119]],[[15762,17861],[16,18],[30,83],[15,67],[4,134],[44,59]],[[15411,17928],[7,17],[-13,97],[12,38],[-30,102]],[[15387,18182],[-3,52],[-23,42]],[[15361,18276],[58,8],[-1,59],[47,23],[46,-50],[45,-21],[43,-1]],[[15361,18276],[-46,169],[-41,56]],[[15274,18501],[-17,24]],[[15387,18182],[-52,36],[-15,46],[-60,19],[-52,-68]],[[15208,18215],[-66,36],[-104,70],[-37,61],[1,60]],[[15002,18442],[14,40],[218,8],[40,11]],[[15079,17767],[-18,96],[-44,48],[-143,174]],[[14874,18085],[114,100],[80,-92],[123,90],[17,32]],[[14929,17614],[-409,392],[-34,58],[-6,58]],[[14480,18122],[65,9],[50,26],[133,110]],[[14728,18267],[28,-42],[118,-140]],[[14728,18267],[108,91],[7,-6],[107,87],[52,3]],[[14480,18122],[-9,96],[-50,56],[-16,41]],[[14405,18315],[48,13],[30,26],[54,119]],[[14537,18473],[27,37],[48,38],[54,18],[102,2],[174,-9],[102,20],[143,88]],[[15675,19616],[-22,-27],[-74,1],[-22,-20],[-72,-8],[-4,29],[-112,-17],[-43,-17],[-67,-52],[-88,76],[-68,-35],[-50,20],[-85,7],[-121,46]],[[14847,19619],[-61,18],[-85,63],[-58,3],[-63,-39]],[[14580,19664],[-50,21],[-34,-15],[-101,46],[-65,0],[-37,18],[-20,39],[55,58],[40,106],[3,45],[-27,95]],[[14344,20077],[-6,25],[8,118],[42,-10],[50,68],[2,22],[76,34],[65,-7],[-6,-37],[30,-82],[211,183]],[[14816,20391],[67,58],[541,135],[-12,37],[-37,21],[13,72],[38,30],[6,28],[77,37],[10,36],[58,-14],[66,-94],[-2,-21]],[[15641,20716],[-52,-60],[-37,-65],[-18,-74],[36,-66]],[[15570,20451],[26,-109],[49,-85],[6,-52],[30,-19],[-9,-46],[29,-67],[-19,-32],[7,-57],[104,-82],[-37,-104],[-1,-56],[-43,-70],[-40,-32],[3,-24]],[[15375,18851],[-18,73],[-205,237],[-33,43],[-99,153],[-65,77],[-82,111],[-26,74]],[[15675,19616],[25,-124]],[[15700,19492],[23,-109],[54,-87],[26,-62],[18,-141],[22,-223]],[[15187,18667],[-24,84],[-32,51],[-70,49],[-93,24],[-452,39],[-70,13],[-67,54],[-66,98],[-12,58]],[[14301,19137],[88,22],[22,55],[2,68],[27,74],[-1,29],[-33,46],[31,86],[53,45],[41,68],[49,34]],[[14301,19137],[-8,148],[-23,52],[-47,21],[-52,3]],[[14171,19361],[-113,-3],[-83,31]],[[13975,19389],[-49,65],[-38,130],[-78,111],[-31,78],[2,45],[28,119],[-14,73],[-50,47]],[[13745,20057],[45,5],[26,-18],[44,-74],[71,23],[23,-50],[43,74],[117,68]],[[14114,20085],[165,-12],[24,-13],[41,17]],[[14537,18473],[-138,-15],[-60,34],[7,93],[-52,20],[-72,9],[-28,26],[6,49],[-11,36],[-44,15],[-28,52],[-45,26],[21,29],[-47,33],[-43,71],[2,23],[82,140],[47,54],[60,3],[22,19],[-6,39],[56,58],[-16,45],[-79,29]],[[13745,20057],[-168,71],[-38,40],[-9,45],[39,96],[-7,49]],[[13562,20358],[56,58],[39,69],[4,235],[97,54],[57,-13],[12,49],[2,87],[88,63]],[[13917,20960],[9,-158],[57,45],[73,7],[29,-10],[69,-74],[87,2],[52,-34],[-38,-54],[-7,-41],[18,-72],[58,-24],[20,-40],[-4,-87],[-66,-44],[-22,-52],[-13,-146],[-125,-93]],[[13917,20960],[31,18],[-11,56],[38,60],[11,37],[-10,44],[2,75],[13,45],[-8,37],[52,86],[41,30],[2,37]],[[14078,21485],[86,-6],[132,16],[213,18],[-32,48],[10,81],[18,55],[62,25],[45,65],[33,20]],[[14645,21807],[-8,-68],[-45,-72],[-29,-135],[-37,-95],[-8,-67],[31,-181],[96,-50],[23,-30],[32,-142],[-15,-128],[9,-50],[37,-49],[66,-43],[25,-53],[-4,-74],[-29,-45],[-55,-39],[82,-95]],[[14645,21807],[12,62],[108,-32],[48,13],[90,4],[143,-44],[29,-25],[45,33],[27,-37],[39,-9],[42,25],[43,-10],[-8,-61],[25,-86],[19,-31],[109,40],[57,82],[25,74],[19,16],[180,16],[50,10],[19,159],[122,-15],[23,-12]],[[15911,21979],[30,-9],[59,11],[14,-54],[-12,-43],[5,-71]],[[16007,21813],[-78,-4],[-21,-38],[-3,-66],[19,-46],[1,-51],[19,-37],[-17,-243],[2,-58],[-19,-18],[-80,46]],[[15830,21298],[-34,-10],[-46,-39]],[[15750,21249],[-93,-46],[-10,-32],[13,-42],[43,-45],[97,-58],[19,-34],[-5,-56],[-24,-105],[-38,-49],[-77,-22],[-34,-44]],[[12139,21806],[29,61],[63,24],[20,64],[-17,24],[-19,84],[-55,59],[1,42],[-66,21],[-47,86],[50,45],[1,37]],[[12099,22353],[523,-242],[215,-129],[350,-203],[49,-47],[30,-110],[46,-320],[2,-55],[-38,-217],[-12,-174],[20,-105],[78,-161],[200,-232]],[[13562,20358],[-63,-4],[-23,40],[-52,-9],[-26,-53],[-48,-14],[-59,13],[-87,91],[-56,28],[-19,25],[-87,-41],[-50,-14],[-17,-65],[9,-50],[-23,-113],[-53,-20],[-23,-29]],[[12885,20143],[-36,33]],[[12849,20176],[15,54],[-29,65],[-130,143],[-16,55],[5,67],[-16,121],[-69,96],[-24,90],[-7,58],[3,85],[-22,44],[10,69],[-11,22],[-53,28],[-9,43],[6,95],[-31,63],[-37,4],[-30,30],[-40,94],[-38,51],[-26,4],[-86,57],[-58,86],[-17,106]],[[12099,22353],[-17,36],[13,55],[51,87]],[[12146,22531],[42,-23],[47,10],[7,37],[86,34],[73,-28],[49,5],[49,35],[55,-28],[64,7],[69,88],[88,10],[-29,50],[81,-19],[15,-38],[67,-77],[-2,-35],[-54,-41],[36,-50],[22,28],[59,-27],[0,31],[45,54],[56,22],[30,-7],[26,-88],[69,2],[54,-50],[57,-39],[37,35],[48,-4],[24,20],[-8,36]],[[13408,22481],[30,-4],[33,-43],[51,-21],[-2,-62],[27,-20],[47,-86],[40,-17],[26,-53],[33,-33],[-12,-39],[55,-27],[-14,-53],[33,-35],[8,-40],[30,-28],[62,-15],[100,20],[16,-23],[48,-17],[58,-104],[-24,-67],[36,-52],[6,-31],[-31,-48],[27,-64],[-13,-34]],[[13408,22481],[-38,99],[16,24],[51,1],[24,25],[135,-28],[-8,43],[58,28],[36,-13],[55,9],[42,-17],[7,66],[20,72],[-16,17],[13,123],[31,33],[52,-25],[-4,55],[59,26],[45,52],[37,-35],[61,-30],[33,34],[32,-17],[97,2],[43,-26]],[[14289,22999],[26,-9],[8,-52],[37,-10],[40,-33],[57,33],[122,-12],[156,17],[50,-13],[19,14],[85,24],[38,-11],[41,-79],[53,-58],[52,-18],[26,-36],[83,-16],[49,3],[19,-17],[91,-30],[59,-87],[-18,-112]],[[15382,22497],[13,-60],[36,-51],[73,-65],[86,-2],[83,41],[38,-50],[18,-78],[-4,-172],[36,-54],[31,0],[96,-15],[23,-12]],[[16007,21813],[40,-53],[48,-18],[90,3],[42,28],[39,7],[45,-24],[54,-62],[52,-42],[49,15],[16,52],[0,67],[17,29],[-23,58],[23,48],[37,8],[37,42],[50,1],[64,37],[26,34]],[[16713,22043],[20,-76],[48,-75],[6,-47],[31,-26],[7,-38],[31,-30],[53,-94],[59,-21],[6,-59],[31,-31],[97,47],[35,-20],[30,-40],[2,-57],[-21,-36],[-41,-14],[-76,0],[-32,-42],[6,-40],[-45,-105]],[[16960,21239],[-31,21],[-47,-23],[-13,-64],[-44,-28],[-18,47],[-34,6],[-10,-37],[-76,3],[-32,37],[-81,-41],[-40,20],[-25,-15],[3,-36],[-26,-15],[-18,-61],[-54,55],[-30,-26],[-79,6],[-49,49],[-59,6],[-36,53],[-34,3],[-75,-46],[-32,41],[-79,-26],[-37,9],[-38,35],[-36,86]],[[16960,21239],[13,-48],[-10,-32],[-62,-51],[9,-37],[-17,-68],[-32,-61],[-60,-82],[43,-88],[-39,-94],[6,-91],[52,-52]],[[16863,20535],[-36,8],[-40,-20],[-106,-26],[-4,-37],[20,-51],[-33,-56]],[[16664,20353],[-16,32],[-101,48],[-23,30],[-16,61],[-103,46],[-48,0],[-50,76],[-142,51],[-32,22],[-21,40],[-53,-15],[-23,18],[-31,105],[-55,43],[-31,54],[-57,43],[-11,75],[-83,86],[-18,81]],[[16664,20353],[11,-58],[44,-30],[-22,-49],[-52,-55],[-124,-52],[-27,23],[-23,62],[-116,21],[-17,-38],[-50,53],[-100,64],[-51,-4],[-50,-25]],[[16087,20265],[-106,140],[-2,24],[-79,45],[-34,8],[-105,-14],[-78,2],[-28,22],[-85,-41]],[[16863,20535],[26,-130],[37,-58],[25,-60],[5,-43]],[[16956,20244],[-9,-78],[15,-120]],[[16962,20046],[-68,0],[-30,-16],[-52,-60],[-35,-26],[-51,-7],[-55,12],[-47,-4],[-55,-42],[16,-76],[-79,-25],[-60,18],[15,39],[-29,34],[-48,24],[-208,1]],[[16176,19918],[-32,61],[1,60],[-18,48],[-7,98],[-28,29],[-5,51]],[[16176,19918],[-14,-48],[13,-47],[-6,-56],[-42,-6],[-31,-77],[24,-20],[-34,-68],[11,-14]],[[16097,19582],[-41,-81],[-34,34],[-106,25],[-53,-17],[-43,13],[-40,-31],[-80,-33]],[[16962,20046],[-10,-34],[-60,-37],[-20,-56],[-20,-10],[-2,-53]],[[16850,19856],[-14,-33],[-165,-105],[-153,-177]],[[16518,19541],[-35,-12],[-59,10],[25,85],[-63,1],[-98,56],[-72,-127],[-60,6],[-59,22]],[[16518,19541],[-20,-26],[-18,-67],[28,-162],[-15,-52],[-29,-44],[-71,-154]],[[16393,19036],[-16,-38],[-30,-142]],[[18384,18777],[-126,-2]],[[18258,18775],[27,198],[-4,56]],[[18281,19029],[183,-5],[42,-9]],[[18506,19015],[-16,-19],[-102,-75],[-4,-144]],[[18281,19029],[9,129],[68,-3],[7,46],[105,-6]],[[18470,19195],[210,-15],[26,-32]],[[18706,19148],[-23,-31]],[[18683,19117],[-38,-25],[-94,-19],[-45,-58]],[[18683,19117],[10,-76]],[[18693,19041],[-8,-143],[-20,-31],[-163,-82]],[[18502,18785],[-23,-8],[-95,0]],[[18223,18520],[17,123],[31,14],[5,40],[-25,19],[7,59]],[[18502,18785],[6,-113],[61,-92],[5,-54]],[[17470,18593],[4,26],[49,-5],[76,20],[-20,200],[45,80]],[[17624,18914],[185,41]],[[17809,18955],[25,-43],[57,12],[133,125],[111,11],[71,24],[-3,-50],[78,-5]],[[17809,18955],[62,51],[-64,106],[-23,69]],[[17784,19181],[38,7],[-13,35],[38,18],[50,-25],[62,30],[76,79],[32,12],[43,64],[57,28],[-21,26],[29,41],[45,-39],[153,-3],[32,58]],[[18405,19512],[-13,-71],[52,-44],[38,-100],[-12,-102]],[[17784,19181],[-35,117],[-115,73],[17,35],[-75,93],[-24,55]],[[17552,19554],[114,21],[77,41],[151,9],[91,52],[33,45],[58,24],[95,-1]],[[18171,19745],[41,-44],[120,-103],[11,-62],[62,-24]],[[18171,19745],[56,9],[56,46],[60,34],[53,-4],[77,-65],[10,37],[-4,62]],[[18479,19864],[33,0],[271,-59]],[[18783,19805],[-45,-76],[-54,-47],[128,-87],[68,-19],[-64,-156]],[[18816,19420],[-30,-154],[-80,-118]],[[16924,18666],[23,255],[48,58]],[[16995,18979],[103,142],[26,27],[34,72]],[[17158,19220],[80,101],[15,-57],[20,-5],[150,-147],[-21,-19],[83,-67],[12,-45],[42,-64],[5,-28],[80,25]],[[17158,19220],[-79,63],[-30,168],[21,4],[35,51],[-6,32],[32,54],[-4,50],[28,63],[37,29]],[[17192,19734],[32,43],[25,-8],[55,-49],[121,69]],[[17425,19789],[70,-96],[19,-97],[38,-42]],[[16393,19036],[86,1],[92,-10],[116,17],[122,-4],[74,-12],[-13,-42],[125,-7]],[[16850,19856],[12,-8],[5,-78],[187,21],[44,-15],[50,-35],[44,-7]],[[16956,20244],[60,-9],[34,19],[27,84],[50,18],[28,52],[98,45],[100,-42],[43,-56],[51,14],[41,35],[38,50],[-6,55],[-27,-2],[-13,95],[37,60],[11,65]],[[17528,20727],[77,-54],[34,-39],[8,-62],[27,-39],[6,-52],[-37,-80],[-3,-32],[80,-161]],[[17720,20208],[-82,-18],[-91,-42],[54,-80],[0,-40],[-21,-50],[6,-37],[-16,-61],[-105,-44],[-40,-47]],[[16960,21239],[86,-34],[19,-72],[25,-52],[-63,-103],[12,-18],[-17,-56],[36,-12],[-7,-53],[83,-20],[82,35],[14,39],[50,25],[72,88],[30,-56],[94,-115],[65,-6]],[[17541,20829],[-13,-102]],[[16713,22043],[27,10],[51,-38],[63,-74],[72,-23],[34,22]],[[16960,21940],[28,-4],[77,-63],[13,-30],[72,-96],[73,-34],[69,-47],[34,-4],[-8,-41],[34,-65],[61,-39],[36,10]],[[17449,21527],[49,2],[41,-33],[25,-46],[0,-66],[-34,-76],[-56,-34],[-32,-54],[42,-102],[-34,-47],[8,-55],[51,-13],[19,-62],[-23,-36],[36,-76]],[[17720,20208],[56,13],[37,44],[62,31],[78,10],[129,45],[44,9],[33,-12],[8,-38],[32,-27]],[[18199,20283],[12,-76],[84,-4],[31,-38],[-16,-44],[74,-34],[77,-14],[12,14],[114,-29],[-36,-87],[-72,-107]],[[17541,20829],[26,98],[67,-20],[88,34],[70,9],[71,-79],[57,-16],[22,41],[0,64],[32,49],[32,-10]],[[18006,20999],[-16,-44],[51,-58],[-20,-36],[-8,-73],[35,-88]],[[18048,20700],[47,-68],[14,-62],[15,-16],[70,-14],[28,-29],[18,-54]],[[18240,20457],[16,-74],[-57,-100]],[[17449,21527],[108,60],[37,-12],[92,4],[57,28],[55,4],[29,19],[51,-10],[58,18],[85,-21],[32,10],[23,-30],[29,0]],[[18105,21597],[2,-111],[-10,-36],[17,-53],[29,-31],[-6,-64],[33,-24],[11,-47],[-55,-97],[-58,-39],[-46,-59],[-16,-37]],[[19067,20422],[-34,19],[-21,-18],[-148,-20],[-30,-20],[-25,35],[-47,19],[-54,-9],[-60,-29]],[[18648,20399],[35,98],[18,102],[19,40],[-2,43],[-32,95],[-25,37],[-65,23],[19,44],[-45,11],[25,107],[-18,36],[18,56]],[[18595,21091],[14,50],[53,21],[2,30]],[[18664,21192],[66,-9],[13,21],[55,-14],[66,56],[98,-3],[47,-15],[54,20],[-7,-49],[35,-84],[70,-33],[5,-66],[47,-48]],[[19213,20968],[-16,-34],[4,-69],[-64,-68],[-19,-38],[-31,-101],[10,-80],[-9,-83],[-21,-73]],[[18048,20700],[125,98],[39,55],[12,76],[62,41],[30,54],[32,16],[14,33],[57,13],[60,41],[71,2],[45,-38]],[[18648,20399],[-1,-28],[-84,39],[-97,-5],[-72,29],[-92,-37],[-62,60]],[[18105,21597],[78,21],[16,69],[50,13],[76,89],[129,2],[38,26],[3,46],[-13,61],[-44,82],[16,9],[70,-20],[32,-63],[34,21],[42,-2],[45,16],[77,-4],[31,24],[-42,74],[-24,103],[50,36],[52,8],[2,20],[-32,94],[103,196],[53,60],[28,72],[89,42],[23,-13],[37,37],[67,7],[22,50],[0,62],[-67,60],[-2,62],[81,46],[20,28],[69,25],[58,3],[121,95],[43,50],[65,25],[83,56],[23,50],[56,14],[17,45],[-2,57],[44,16],[48,-12],[79,5]],[[19949,23460],[58,-43],[81,-31],[45,7],[29,57],[46,25],[55,74],[37,30],[123,65],[83,103],[66,42],[8,33],[47,36],[43,116],[15,24],[59,36],[44,-17]],[[20788,24017],[32,-35],[34,-3],[40,21],[84,-25],[46,-72],[125,-95],[29,-7]],[[21178,23801],[-35,-74],[-9,-41],[9,-79],[-46,-32],[-2,-26],[-136,-128],[-30,-9],[-29,-36],[-6,-63],[24,-113],[-8,-111],[-28,-25],[9,-34],[-62,-43],[-35,-57],[-39,-41],[-102,-84],[-48,-88],[-103,-110],[-55,-40],[82,-86],[20,-41],[-8,-60],[11,-25],[-15,-48],[15,-27],[-15,-46]],[[20537,22234],[-56,27],[-107,154],[-205,237],[70,2],[28,13],[-1,39],[-48,39],[-97,20],[8,33],[114,32],[-2,26],[-222,37],[23,71],[-9,19],[-97,-27],[-56,-53],[12,-64],[32,-57],[3,-68],[-44,-59],[-3,-80],[35,-71],[-12,-32],[-58,-15],[-52,17],[-77,-60],[-99,4],[-28,-97],[-29,-45],[-55,-52],[-33,-7],[-34,-54],[-19,-64],[-63,-42],[-45,-200],[-12,-17],[-77,8],[-73,-7],[-55,-22],[-14,-74],[34,-59],[-48,-34],[-48,-12],[-32,-45],[-44,-11],[-60,13],[34,-80],[-23,-28],[-72,-8],[-96,-41],[-61,-69],[-15,-76],[15,-52],[0,-51]],[[20537,22234],[-36,-43]],[[20501,22191],[-48,15],[-51,-41],[-28,2],[-57,-41],[-50,-59],[-30,0],[-47,-138],[33,-32],[3,-132],[24,-26],[-20,-28],[25,-64],[-48,-99]],[[20207,21548],[-59,38],[-59,0],[55,-123],[22,-69],[16,-117],[-26,0],[-78,-69]],[[20078,21208],[-65,49],[-47,0],[-72,-67],[-71,46],[-66,18],[-158,-2],[-19,-11],[-42,-100],[-99,85],[-76,-68],[-16,-52],[-36,-51],[-98,-87]],[[20078,21208],[-24,-23],[-33,-73],[-25,-22],[-37,-168],[-56,25],[-85,-28],[-7,-44],[-88,-97],[-21,-9],[-55,-81],[-48,-33],[135,-32]],[[19734,20623],[-85,-45],[-112,-185],[-76,16],[-96,-84],[-27,3],[-26,-30]],[[19312,20298],[-83,49],[-49,13],[-25,36],[-53,3],[-35,23]],[[18783,19805],[36,30],[-9,36],[34,68]],[[18844,19939],[102,-98],[160,-60],[47,44],[30,-26],[145,10],[147,-34]],[[19475,19775],[-32,-26],[-46,-74],[-34,-83],[-37,-66],[-99,-58],[-21,-27]],[[19206,19441],[-15,7],[-230,-50],[-121,24],[-24,-2]],[[19067,20422],[-15,-71],[12,-26],[-22,-110],[-55,-56],[-53,-70],[-30,-67],[-60,-83]],[[19312,20298],[73,-51],[41,-13],[52,18],[32,-61],[131,-139],[17,-65],[-10,-38],[43,-37]],[[19691,19912],[-136,-91],[-80,-46]],[[20207,21548],[-2,-27],[-44,-65],[32,-16],[79,-127],[-9,-152],[-28,-25]],[[20235,21136],[-26,-45],[6,-70],[17,-13],[-65,-97],[-26,-70],[26,-26],[-33,-52],[-30,-19],[10,-66],[-23,-43],[10,-65]],[[20101,20570],[2,-10]],[[20103,20560],[-50,-18],[-11,37],[-49,-12],[-113,-9],[-77,54],[-69,11]],[[20103,20560],[45,-71],[13,-61],[25,-56],[39,-27],[24,-65],[4,-52],[52,-32],[49,-70],[38,-77]],[[20392,20049],[-26,10],[-55,55],[-98,56],[-142,-74]],[[20071,20096],[-56,-2],[-28,-18],[-49,2],[-63,-23],[-48,-4],[-76,-62],[-60,-77]],[[20392,20049],[26,-54],[-13,-13],[3,-74],[-15,-42],[11,-37]],[[20404,19829],[-20,-128],[13,-36],[0,-69]],[[20397,19596],[-104,75],[-222,425]],[[19691,19912],[43,-39],[125,-241],[80,-99],[-25,-26],[62,-66],[-85,-121]],[[19891,19320],[-75,17],[-108,9],[-56,-12],[-92,-93],[-21,-31],[-51,-11],[-71,-45],[-31,12]],[[19386,19166],[-73,58],[-42,4],[-3,49],[-39,25],[17,113],[-40,26]],[[20397,19596],[38,-72],[0,-93],[-10,-62],[-36,-35],[-5,-80],[-19,-82]],[[20365,19172],[-182,-144]],[[20183,19028],[-42,12],[-46,43],[-1,31],[-111,117],[-92,89]],[[20183,19028],[-41,-37],[-369,-413]],[[19773,18578],[-11,68],[-256,188],[-38,15],[-71,55],[-32,-15],[-51,45],[-34,11]],[[19280,18945],[-11,19],[28,68],[71,51],[18,83]],[[19452,18153],[3,25],[208,275],[110,125]],[[20365,19172],[82,-149],[6,-91],[12,-19],[105,-81]],[[20570,18832],[-26,-107],[-2,-63],[25,-137],[-12,-62],[-44,-60],[-26,-17]],[[20485,18386],[-57,-16],[-103,1],[-76,-22],[-111,-61],[-53,-15]],[[20085,18273],[-139,6],[-53,-7],[-251,-68]],[[19266,18225],[68,95],[-32,44],[-3,74],[22,33],[4,160]],[[19325,18631],[6,215],[-14,46],[-37,53]],[[19325,18631],[-242,84],[13,26],[-113,57]],[[18983,18798],[-126,54],[-80,41],[29,49],[2,70],[-115,29]],[[18824,18382],[23,99],[44,105],[62,124],[30,88]],[[20246,17371],[-13,61],[-40,-8],[-64,302],[-29,119]],[[20100,17845],[7,2]],[[20107,17847],[377,79],[7,-17]],[[20491,17909],[39,-176],[37,-118],[60,-242],[-8,-90]],[[20619,17283],[-2,-23],[-146,37],[-93,58],[-132,16]],[[19775,17776],[94,25],[231,44]],[[20246,17371],[-40,-2],[-55,-26]],[[20085,18273],[76,-284],[-58,-30],[4,-112]],[[20485,18386],[148,-224],[34,-63],[88,-49],[46,-59]],[[20801,17991],[3,-7]],[[20804,17984],[-179,-39],[-49,-18],[-85,-18]],[[20570,18832],[33,46],[102,47]],[[20705,18925],[16,-81],[113,4]],[[20834,18848],[47,-107],[-9,-59],[98,11]],[[20970,18693],[34,-50],[38,13],[27,-38],[11,-59],[-29,-5],[14,-77],[-30,-5],[12,-66],[-18,-14],[34,-249],[0,-39],[-63,-10],[8,-55]],[[21008,18039],[-207,-48]],[[20970,18693],[56,15],[154,-41],[102,15],[129,2],[118,41],[48,2],[78,-43]],[[21655,18684],[38,-23]],[[21693,18661],[-31,-46],[-53,-32],[15,-27],[-61,-160],[-21,4],[-42,-116],[-33,-6],[8,-60],[-24,-71],[6,-64]],[[21457,18083],[-83,3],[-76,14],[-290,-61]],[[21693,18661],[131,-76],[104,-72],[56,0],[29,-22],[67,-19],[174,-7],[67,14],[152,-45]],[[22473,18434],[20,-38],[80,-76],[68,-91]],[[22641,18229],[37,-81],[-123,-133],[-34,-49]],[[22521,17966],[-56,12],[-156,117]],[[22309,18095],[-161,114],[-47,25],[-52,7],[-182,-32],[-172,-88]],[[21695,18121],[-31,-10],[-207,-28]],[[22499,18941],[-43,-6],[-47,-23],[-83,-3],[-44,-40],[-76,13],[-51,-9],[-54,-25],[-58,-2],[-248,-86],[-102,-67]],[[21693,18693],[-32,70],[-12,69],[-7,115],[13,42],[73,14],[-39,114],[6,48],[-50,-19],[-33,54]],[[21612,19200],[225,91],[139,18],[23,11],[98,100],[56,143]],[[22153,19563],[23,-30],[75,-21],[122,-75],[8,-86],[25,-62],[102,-109],[9,-145],[-18,-94]],[[20834,18848],[66,4],[34,14],[111,113],[297,187],[55,14],[150,-2],[65,22]],[[21693,18693],[-38,-9]],[[20705,18925],[112,23],[67,30],[32,29],[181,193],[69,86],[261,229],[108,133],[97,64]],[[21632,19712],[328,155],[326,119],[69,-7]],[[22355,19979],[-20,-33]],[[22335,19946],[-35,-57]],[[22300,19889],[-135,-187],[40,-55]],[[22205,19647],[-31,-30],[-21,-54]],[[22300,19889],[130,-181],[-22,-37],[-45,-10],[-125,-1],[-33,-13]],[[22355,19979],[58,-21],[318,-13]],[[22731,19945],[267,-13],[145,-50],[144,-75]],[[23287,19807],[-4,-17]],[[23283,19790],[-184,-16],[-113,-73]],[[22986,19701],[-11,78],[-33,9],[-166,9],[-106,-49],[-90,49],[-24,54],[-33,21],[-43,-9],[-101,44],[-44,39]],[[22986,19701],[22,-133],[-30,-57],[11,-81],[-52,-21],[-110,-58],[-92,-125],[-13,-31],[-36,-227],[-5,-52]],[[22681,18916],[-64,-6],[-75,29],[-43,2]],[[23283,19790],[-21,-85],[36,-33],[41,-110],[-61,-34],[2,-43],[-19,-97],[61,-85],[19,-108],[-42,-25],[-61,-62],[-23,-48],[-77,-65],[-124,-62]],[[23014,18933],[-55,-19],[-73,9],[-138,-2]],[[22748,18921],[-67,-5]],[[22748,18921],[-5,-50],[35,-16],[-15,-47],[-37,14],[-33,-102],[-3,-58],[-59,-6],[-19,-42],[-52,-69],[-5,-42],[-52,-71],[-30,2]],[[23014,18933],[33,-179],[20,-153]],[[23067,18601],[41,-242]],[[23108,18359],[-187,-71],[-42,-4],[-52,27],[-66,-33],[-59,11],[-41,-62],[-20,2]],[[23287,19807],[90,-28],[128,-22],[83,-1]],[[23588,19756],[93,10]],[[23681,19766],[27,-25],[84,-283],[-4,-34],[-49,-47],[-55,-157]],[[23684,19220],[-74,-66],[-2,-26],[29,-150],[72,-47],[4,-23],[-37,-34],[-6,-38],[19,-113],[46,-73]],[[23735,18650],[-269,-4],[-133,-26],[-49,-83],[-45,-28],[-109,21],[-31,60],[-32,11]],[[23684,19220],[65,18],[54,46],[37,-76],[55,20],[56,-7],[16,-34],[-12,-82],[5,-29],[41,-49],[23,-83],[57,-117],[19,-65]],[[24100,18762],[-5,-50]],[[24095,18712],[-256,-21],[-104,-41]],[[24040,17597],[-25,111],[-60,-9],[-90,88],[-5,30],[-78,95],[-25,46]],[[23757,17958],[40,38]],[[23797,17996],[145,117],[31,39],[88,133]],[[24061,18285],[71,28],[113,-26],[29,0],[109,35],[19,-1],[45,-45]],[[24447,18276],[95,-245]],[[24542,18031],[-97,-24],[-49,-37],[-71,-25],[-48,-43],[-39,-66],[-12,-46],[13,-82],[-84,-33],[-115,-78]],[[24040,17597],[17,-89],[1,-186],[-7,-81]],[[24051,17241],[-15,-2]],[[24036,17239],[-184,13],[-118,74]],[[23734,17326],[-147,92],[-75,33],[-26,-8]],[[23486,17443],[-5,71],[-79,-36],[-186,-27],[-47,70],[-140,1]],[[23029,17522],[54,141],[82,122],[-2,31]],[[23163,17816],[45,19],[105,-10],[50,-42],[50,-6],[83,34],[89,-11],[30,8],[89,71],[53,79]],[[23735,18650],[5,-41],[-18,-57],[6,-58],[-21,-67],[-10,-73],[-44,-52],[-15,-36],[42,-113],[54,-65],[63,-92]],[[23163,17816],[-33,24],[-20,42],[10,47],[27,48],[12,93],[-42,252],[-9,37]],[[24095,18712],[4,-98],[-16,-137],[24,-57],[-5,-46],[-37,-24],[-27,-53],[23,-12]],[[24100,18762],[65,7],[13,-23],[54,40],[52,16]],[[24284,18802],[44,-36],[103,-33],[45,51]],[[24476,18784],[23,-43],[19,-67],[8,-110],[-23,-32],[14,-41],[-13,-89],[7,-58]],[[24511,18344],[-23,4],[-19,-54],[-22,-18]],[[23681,19766],[382,57]],[[24063,19823],[-15,-42],[19,-33],[-30,-51],[3,-42],[-33,-80],[47,-19],[-7,-77],[17,-40],[85,-146],[-8,-88],[66,-12],[28,-308],[49,-83]],[[24063,19823],[155,33]],[[24218,19856],[17,-27],[-14,-78],[64,-23],[64,-62],[15,-79],[-35,-81],[-5,-15],[20,-26]],[[24344,19465],[193,-83],[29,-82],[29,-131],[-19,-80],[-29,-59],[-1,-41],[-85,-106],[15,-99]],[[24218,19856],[119,32],[33,23],[-48,58],[30,23],[67,-25],[13,-30],[55,-19],[-2,55],[45,4],[-5,74],[19,26],[93,40],[78,-28],[88,-8],[22,-22],[61,-23],[12,54],[59,2],[23,-49],[49,24],[-31,36],[92,68],[55,0],[5,-35],[73,-22],[-10,-43],[-47,-23],[6,-37],[61,9],[-17,-66],[55,-24],[11,32],[51,-52],[-38,-30],[50,-56],[-3,-21],[-62,-16],[-16,-68],[18,-71],[47,-2],[36,27],[48,-52]],[[25413,19621],[-9,-52],[-77,-90],[-31,-83],[0,-31]],[[25296,19365],[-177,16],[-775,84]],[[25413,19621],[29,25],[34,88],[30,12],[47,-44],[26,3],[57,61],[82,58],[33,-4],[49,-44],[36,-8],[30,18],[38,69],[-1,36],[-22,65],[22,32],[-4,43]],[[25899,20031],[55,-32],[33,0],[11,30],[-29,21],[52,50],[30,-18],[18,-88],[39,-75],[44,-46],[2,-83]],[[26154,19790],[-96,-39],[-250,-140],[-59,-53],[-116,-131]],[[25633,19427],[-30,-27],[-51,-18],[-253,-17]],[[25299,19365],[-3,0]],[[25299,19365],[-39,-93],[-22,-81],[2,-30],[29,-84],[29,-42],[72,-219],[56,-50]],[[25426,18766],[2,-55],[-18,-48]],[[25410,18663],[-27,-20],[-43,-1],[-101,22],[-25,-17],[-94,19],[-33,164],[-130,43],[-79,42],[-39,-76],[-38,-35],[-38,49],[-51,-3],[-86,33],[-59,10],[2,-46],[-18,-31],[-75,-32]],[[25410,18663],[16,-66],[59,-60],[26,-53],[8,-58],[38,-107]],[[25557,18319],[7,-22],[-158,-84],[-92,-29],[-51,6],[-101,59],[-43,41],[-72,48],[-150,26]],[[24897,18364],[1,37],[-32,80],[-81,-44],[-134,68],[-91,1],[-34,-43],[-6,-109],[-9,-10]],[[24897,18364],[-1,-43],[17,-99],[17,-33],[43,-27],[16,-49],[-8,-51],[-30,-24],[-11,-70],[14,-41],[-19,-46],[29,-11],[18,-60],[-46,-35],[21,-48]],[[24957,17727],[-114,25],[-41,16],[-51,62]],[[24751,17830],[-58,60],[-116,92],[-35,49]],[[25557,18319],[38,14],[-14,55],[11,33],[34,12],[114,-2],[39,10],[22,26],[35,-24],[61,-8]],[[25897,18435],[21,-60],[48,-5],[-68,-85],[-56,-26],[-44,-34],[-29,-50],[-54,-44],[-88,31],[-13,-42],[38,-51],[15,-46],[5,-119],[31,-93],[30,-35],[76,-54],[45,-113],[-2,-35],[-103,-64],[-56,-16],[-75,8],[5,-61],[66,-58]],[[25689,17383],[0,-2]],[[25689,17381],[-81,56],[-84,97],[-99,63],[-369,107],[-99,23]],[[25426,18766],[53,21],[80,-1],[-10,30],[89,18],[22,-65],[32,-38],[66,-2],[49,27],[93,112]],[[25900,18868],[73,-34],[23,38],[67,78],[-59,65],[-27,50],[34,18],[18,-31],[62,52],[77,-19],[45,0],[114,27],[123,42],[-34,43],[25,54]],[[26441,19251],[65,-83],[20,-53],[35,-50],[10,-72],[-25,-135],[-1,-97]],[[26545,18761],[-19,-6],[-121,29],[-70,-8],[-84,-52],[37,-44],[-16,-46],[-45,9],[-64,-27],[-56,-2],[-74,-60],[-24,-46],[-42,-31],[-42,-51],[-28,9]],[[25633,19427],[21,-53],[-10,-53],[30,-49],[110,-251],[116,-153]],[[26154,19790],[41,-95],[86,-133],[32,-61],[49,-65],[64,-109],[15,-76]],[[20804,17984],[49,-102],[74,-45],[158,-66],[111,-5],[23,-15]],[[21219,17751],[-58,-50],[71,-35],[-77,-158],[-39,18],[-17,-33],[-32,16],[-75,-156],[-40,-12],[-42,8],[-23,-48]],[[20887,17301],[-117,-29],[-6,32],[-42,9],[-65,-61],[-38,31]],[[21219,17751],[55,-40],[100,-50],[150,-137],[65,-75],[145,-91],[48,-67]],[[21782,17291],[-37,-41],[-75,-49],[-62,-186],[-50,-56],[-51,-33],[-32,-35],[-29,-62],[-56,-51]],[[21390,16778],[-53,56],[-39,83],[43,91],[-138,79],[-71,-41],[-29,24],[-63,1]],[[21040,17071],[-13,50],[-68,-26],[-72,206]],[[21040,17071],[-23,-55],[-41,-37],[-22,9],[-27,-52],[-27,-23],[15,-47],[-20,-69],[-55,-21],[-102,-15],[-94,51],[-26,25]],[[21390,16778],[-55,-29],[-39,-54],[11,-35],[66,-29],[44,-48],[67,-21],[55,-31],[-6,-59],[-98,-170]],[[21435,16302],[-105,32],[-66,-27],[-28,6]],[[21236,16313],[-47,59],[-37,15],[-107,86],[-243,65],[-77,42],[-188,66]],[[21390,16778],[79,-34],[-14,-61],[37,-29],[31,31],[46,-5],[5,-43],[109,-47],[159,-46],[87,-75],[63,-12],[212,96],[56,-112]],[[22260,16441],[-28,-23],[-23,-54],[-30,-36],[-9,-87],[-67,-132]],[[22103,16109],[-90,26],[-83,68],[-38,17],[-76,-17],[-28,7],[-57,44]],[[21731,16254],[-74,35],[-183,-17],[-39,30]],[[21782,17291],[50,-74],[139,-149],[24,-16]],[[21995,17052],[69,-73],[35,-77],[52,-52],[33,-57],[9,-111],[50,-86]],[[22243,16596],[26,-126],[-9,-29]],[[21695,18121],[18,-122],[61,-78],[-11,-15],[292,-236],[165,-95],[51,-16]],[[22271,17559],[-21,-72]],[[22250,17487],[-90,19],[-47,-7],[-55,-38],[-75,-5],[-76,-67],[-44,-62],[-81,-36]],[[22309,18095],[-28,-27],[120,-165],[37,-96],[88,-112],[-112,26],[-69,-36],[-62,-84],[-12,-42]],[[23163,17816],[-83,-85],[-26,-7],[-178,29],[-28,14],[-65,60],[-42,102],[-55,31],[-66,-5],[-99,11]],[[23029,17522],[-66,-167],[-52,-24],[-29,11],[-57,-37]],[[22825,17305],[-101,24],[-138,15],[-45,16],[-138,96],[-48,16],[-52,0],[-53,15]],[[22825,17305],[58,8],[-7,-78],[22,5],[-20,-126],[-21,-15]],[[22857,17099],[-229,80],[-4,-20],[-79,-31],[31,-45],[-33,-44],[-6,-51],[-95,-32],[-47,32],[12,37],[-52,14],[-59,77],[-106,-5],[-16,29],[-73,-26],[-26,29],[-19,-76],[-33,27],[-28,-42]],[[23486,17443],[-61,-155],[-30,-15],[-12,-54],[-67,-11],[-67,-80],[-79,-34],[-41,6],[0,-174],[-10,-65],[-42,-37],[-86,-18],[-27,-20],[-71,36]],[[22893,16822],[-22,41],[6,48],[25,25],[-45,163]],[[22893,16822],[-83,-122],[-14,-113],[-58,-68],[-31,-81]],[[22707,16438],[-40,-19],[-61,-50]],[[22606,16369],[-71,90],[-38,21],[-129,17],[-92,53],[-33,46]],[[23734,17326],[-80,-122],[8,-49],[-85,12],[-7,-51],[90,-130],[14,-40],[-34,-106],[-33,-59]],[[23607,16781],[-37,15],[-97,87],[-138,50],[-33,-136],[-45,-51],[-108,-43],[-92,-80],[-82,-39],[-59,-99],[-32,-20],[-99,-6],[-78,-21]],[[24036,17239],[-19,-57],[11,-69],[-26,-233],[-24,-74],[69,-168],[63,-121],[44,-166],[-1,-51],[-37,-54]],[[24116,16246],[-23,20],[-79,-77],[18,-15],[1,-50],[-72,-3],[3,42],[-42,22],[-14,65],[20,37],[-102,2],[-30,34],[-111,47],[28,38],[-32,34],[-56,15],[-24,24],[46,76],[-16,165],[-24,59]],[[24116,16246],[18,-105],[-60,-127]],[[24074,16014],[-59,-17],[-69,-5],[-32,27],[-86,-32],[-78,-15],[-65,-26],[-80,-80],[-42,-23],[-30,69]],[[23533,15912],[-39,60],[-53,-24],[-37,36],[-59,33],[-73,22],[-186,19],[-94,21],[-82,45],[-63,82],[-104,4],[-54,37],[-89,116],[6,6]],[[24051,17241],[88,18],[107,1],[79,-21],[20,9],[35,-44],[60,6],[103,27],[29,31],[115,71]],[[24687,17339],[-29,-39],[12,-57],[-47,-151],[88,-90],[60,-20],[85,-4]],[[24856,16978],[-26,-57],[-28,-31],[-33,-124],[-31,-46],[4,-36],[36,-47],[42,-33],[93,-41],[50,-53],[16,-41],[-8,-68],[22,-15],[12,-115],[-4,-92],[-44,-54],[-18,-57],[-32,-51]],[[24907,16017],[-63,24],[-87,-45],[-46,-7],[-62,6],[-38,-23],[-91,-30],[-21,30],[-43,-19],[-59,28]],[[24397,15981],[-41,-5],[-28,25],[-33,-26],[-30,3],[-80,80],[-60,-12],[-4,-44],[-47,12]],[[24751,17830],[-67,-107],[-9,-74],[-23,-42],[-6,-79],[41,-146],[0,-43]],[[25689,17381],[19,-68]],[[25708,17313],[-79,82],[-10,-21],[-57,-31],[-47,23],[-38,2],[-49,-49],[-66,14],[-84,44],[-21,-43],[-36,-9],[-46,-49],[-57,-19],[32,-40],[-16,-47],[-61,-31],[-82,-10],[-30,20],[-67,-23],[-20,-39],[17,-52]],[[24891,17035],[-35,-57]],[[25708,17313],[-9,-41],[9,-53],[31,-26],[28,-68],[30,-5],[76,-55],[77,-17],[31,-23],[57,-1],[42,23],[36,-2]],[[26116,17045],[-16,-83],[-60,-38],[-10,-81],[-32,-20],[-8,-43]],[[25990,16780],[-72,-47],[-78,-7],[-73,32],[-71,-22],[-45,29],[-65,8],[-2,16],[-60,30],[-109,73],[-85,95],[-37,21],[-141,49],[-22,-2],[-85,-46],[-40,18],[-90,-4],[-24,12]],[[25636,15343],[-27,-62],[-68,-60]],[[25541,15221],[23,73],[-18,47],[-45,58],[-102,89],[-71,50],[-38,65],[-41,12],[-122,66],[-55,14],[-28,37],[-58,149],[12,41],[-91,95]],[[25990,16780],[3,-48],[65,-46],[29,-37],[43,-4],[24,-42],[-47,-58],[-70,-4],[-58,-31],[9,-59],[77,-56],[21,-54],[26,-22],[1,-65],[74,-79],[1,-48],[-43,3],[-22,26],[-37,-1],[-71,-117],[-5,-74],[-43,-70],[37,-62],[-6,-54],[-39,-36],[-52,-14],[-36,9],[-56,-16],[-63,-59],[-50,37],[-59,0],[-88,-62],[-76,-63],[24,-30],[5,-47],[82,-45],[15,-67],[31,-42]],[[25541,15221],[-8,-91],[-61,-53],[-34,-56],[-57,-53],[-71,14],[-55,-24],[-35,-94],[24,-41],[-1,-37],[26,-37],[-11,-61],[-24,-31],[-102,-56],[-40,-42],[-53,-16],[-28,-110],[-51,-46],[-67,-26],[-47,13]],[[24846,14374],[-34,-18],[-11,-71],[-68,-47],[-31,41],[-3,104],[-101,121],[-71,31]],[[24527,14535],[-5,39],[13,55],[-4,91],[24,81],[-8,39],[-46,81]],[[24501,14921],[14,62],[3,69],[93,-5],[58,47],[65,20],[26,57],[-12,95],[-49,170],[-6,89],[-16,41],[-96,55],[-99,117],[31,76],[-37,10],[-14,43],[-42,54],[-23,60]],[[24501,14921],[-42,49],[-61,24],[-128,88]],[[24270,15082],[-22,32],[-90,70],[-104,24],[-28,-7],[-78,56],[-55,87],[-70,47],[-74,32]],[[23749,15423],[-54,140],[-22,1],[-26,52],[12,58],[-34,48],[-18,62],[-83,52]],[[23524,15836],[-17,49],[26,27]],[[24527,14535],[-46,-35],[-23,-51],[33,-45],[-24,-36],[-80,-34],[-65,25],[-65,-24],[-65,2],[-78,-61],[-73,4],[-25,-13],[-156,56],[-42,4],[-57,50],[-82,-16],[-18,-14],[-67,18],[-50,46],[-30,3],[-49,30]],[[23465,14444],[19,39],[16,104],[14,21],[17,121],[-20,143],[42,30],[11,60],[-23,63],[-22,17],[24,53],[25,1],[25,-45],[37,6],[50,38],[42,1],[67,-40],[34,-7],[95,-52],[102,2],[49,-25],[33,31],[1,31],[41,5],[57,59],[69,-18]],[[23465,14444],[-54,18],[-68,-16],[-109,7]],[[23234,14453],[-43,-5],[-36,46],[-3,38],[-57,89],[2,94],[-37,42],[-19,73],[5,48],[-67,23],[-74,46]],[[22905,14947],[41,21],[54,63],[13,85],[52,93],[27,112]],[[23092,15321],[32,9],[117,-62],[90,-7],[63,-35],[30,-31],[84,-5],[93,51],[27,24],[59,18],[62,140]],[[18955,16043],[-26,286]],[[18929,16329],[219,19]],[[19148,16348],[44,17],[0,-56],[35,-63],[1,-96],[13,-122]],[[19241,16028],[-182,-17],[-4,41],[-100,-9]],[[19241,16028],[10,-108]],[[19251,15920],[8,-76],[-13,-79],[-29,-46]],[[19217,15719],[-41,-56]],[[19176,15663],[-56,6],[-74,64],[-32,63],[-42,121]],[[18972,15917],[-17,126]],[[19176,15663],[-3,-11]],[[19173,15652],[-29,-14],[-64,-2],[-76,-86],[-22,-44],[-46,-137],[1,-15]],[[18937,15354],[-35,37],[-1,44],[-50,22],[-83,6],[-38,39]],[[18730,15502],[-31,200],[-35,92],[10,51],[-14,40]],[[18660,15885],[108,14],[204,18]],[[18723,16385],[61,-37],[4,-33],[141,14]],[[18660,15885],[-37,38],[-23,-1],[-57,51],[-26,44]],[[18910,16839],[7,-14],[10,-158],[-48,-123],[3,-45],[63,1],[-4,48],[141,13],[66,-213]],[[19265,16398],[54,-123],[63,-100],[103,-131]],[[19485,16044],[-149,-116],[-85,-8]],[[19485,16044],[314,-405]],[[19799,15639],[21,-55],[-15,-66],[-4,-29],[-25,-153]],[[19776,15336],[5,29],[-72,28],[-195,40],[-35,24],[-218,192],[-44,70]],[[19173,15652],[7,-39],[42,-77],[35,-30],[65,-114],[26,-59],[77,-267],[8,-54],[21,-46],[-8,-116],[-138,-47],[-24,-77]],[[19284,14726],[-17,64],[-129,232],[-129,-79],[-189,-28]],[[18820,14915],[-16,-2]],[[18804,14913],[-10,85],[9,46],[134,310]],[[19776,15336],[-77,-471],[50,-56],[6,-22],[-22,-103]],[[19733,14684],[-81,-77],[-7,-57],[43,-171]],[[19688,14379],[-35,-117]],[[19653,14262],[-293,240],[-33,50],[-43,174]],[[19653,14262],[-3,-28],[-178,-138],[-52,-27],[-147,-91],[-94,-14],[-52,-37],[-30,-4],[-32,-55],[-25,-9],[-60,11],[-41,-13],[-52,-57],[-165,-79],[-34,49],[-36,27]],[[18652,13797],[27,14],[59,94],[-23,113],[34,98],[-12,62],[7,38],[32,64],[1,37],[-40,55],[1,33]],[[18738,14405],[61,17],[28,111],[52,79],[7,58],[-31,93],[-35,152]],[[18652,13797],[-30,14],[-17,-56],[-87,-20],[-34,-24],[-15,-46],[-57,13],[-77,5],[-17,-241],[-44,-78],[-74,-57]],[[18200,13307],[-41,77],[-22,120],[76,50],[-33,39],[11,44],[-69,99],[-15,180]],[[18107,13916],[32,1],[16,58],[50,1],[11,121],[71,2],[75,-13],[43,59],[-55,86],[-25,103],[-17,39],[-1,55]],[[18307,14428],[20,35],[64,38],[137,53],[69,-52],[47,17],[59,-31],[26,8],[23,-34],[-14,-57]],[[18287,15009],[34,4],[12,-82],[69,-26],[114,-24],[53,0]],[[18569,14881],[235,32]],[[18307,14428],[-93,15],[14,334]],[[18336,15574],[40,-14],[51,-53],[79,-37],[47,23],[125,-33]],[[18678,15460],[-59,-47],[-8,-36],[18,-86],[-19,-89],[-30,-47],[-39,-30],[-26,-45],[5,-37],[49,-162]],[[18730,15502],[-52,-42]],[[19454,16383],[68,-147],[55,-50]],[[19577,16186],[-7,-38],[-41,-24],[82,-103],[62,-43],[136,-187]],[[19809,15791],[-33,-41],[24,-55],[-1,-56]],[[20332,16400],[7,-32],[-92,-10],[63,-177],[79,-115],[54,-58]],[[20443,16008],[-44,-28],[-36,-4],[-41,27],[-67,20],[-37,33],[-89,22],[-271,46],[-174,27],[-45,-23],[-62,58]],[[20443,16008],[22,-25],[72,-32],[30,-31],[40,-12],[46,-40],[61,-34]],[[20714,15834],[-5,-67],[26,-15],[-44,-93],[-5,-95],[17,-28]],[[20703,15536],[-52,-59],[-37,-69],[-86,-51],[-42,11],[-242,161],[-77,64],[-201,135],[-83,24],[-74,39]],[[20499,16420],[8,-36],[116,-22],[148,-70],[108,-103],[95,-130]],[[20974,16059],[-47,16],[-35,-61],[17,-8],[-195,-172]],[[21236,16313],[67,-122],[-10,-39],[-118,-275]],[[21175,15877],[-144,149],[-57,33]],[[21175,15877],[22,-24],[122,-45],[71,-13],[114,-83]],[[21504,15712],[-25,-53],[57,-35],[48,-2],[47,-69],[-72,-102],[-22,-57],[55,-67],[12,-31]],[[21604,15296],[-3,-1]],[[21601,15295],[-183,1],[-73,-33],[-32,20],[-87,-8],[-172,124],[-148,97],[-59,76],[-38,-16]],[[20809,15556],[-21,17],[-55,-3],[-30,-34]],[[21504,15712],[85,-18],[152,-17],[48,-13],[72,-5],[23,25],[64,-17]],[[21948,15667],[44,-47],[40,-1],[56,-78],[-23,-11],[33,-59],[26,10],[64,-56]],[[22188,15425],[-4,-63],[38,-79],[31,-19],[8,-45],[26,-39],[-99,-193],[20,-61],[-4,-28]],[[22204,14898],[-26,-1]],[[22178,14897],[-34,-9],[-49,17],[-67,49],[-33,46],[-38,20],[-39,93],[-46,24],[-92,28],[-38,51],[-65,29],[-31,42],[-42,9]],[[21731,16254],[-13,-48],[-33,-37],[-6,-34],[36,-63],[-14,-71],[72,-110],[64,-6],[46,27],[13,-34],[15,-112],[31,-19],[6,-80]],[[22103,16109],[10,-36],[1,-85],[120,-58],[14,-30],[57,-25],[82,5],[31,39],[55,6]],[[22473,15925],[-4,-51],[-31,-78],[-13,-138],[8,-46],[-30,-122],[-40,-45],[-27,-9]],[[22336,15436],[-53,-19],[0,-24],[-95,32]],[[22336,15436],[-14,-33],[166,65],[231,66],[39,-8],[43,-53],[9,-53],[-47,-7],[46,-177],[29,-52],[10,-132],[-19,-99]],[[22829,14953],[-26,27],[-71,12],[-34,-45],[-41,8],[-11,-24],[-66,9],[-46,-31],[-27,-1],[-47,30],[-54,-14],[-59,32],[-32,-5],[-84,-49],[-27,-4]],[[22905,14947],[-60,11]],[[22845,14958],[-16,-5]],[[22473,15925],[16,7],[42,-119],[44,-67],[111,-71],[65,18],[0,49],[125,97],[-30,39],[78,60],[-11,14]],[[22913,15952],[71,14],[83,-51],[110,-87],[80,8],[41,-23]],[[23298,15813],[-36,-62],[-32,-183],[-34,-40],[-10,-39],[-40,-24],[-17,-43],[-55,-69],[18,-32]],[[22260,16441],[83,-20],[78,-59],[96,-44],[57,-6],[30,-85],[113,-140],[130,-128],[37,10],[29,-17]],[[23524,15836],[-88,-19],[-138,-4]],[[16576,15118],[59,-19],[46,-62],[76,-77],[30,-72],[83,-133],[85,-101],[20,0],[28,66]],[[17003,14720],[-8,-132],[-12,-24],[-126,-144],[-8,-26],[37,-72],[-2,-52]],[[16884,14270],[-119,125],[-44,144],[-40,57],[-98,82],[-77,86],[-47,80],[-42,26]],[[16693,15297],[368,-315],[86,-95],[29,-52],[36,-19]],[[17212,14816],[-50,-21],[-88,-22]],[[17074,14773],[-51,-22],[-20,-31]],[[17228,15178],[-12,-27],[20,-291],[-24,-44]],[[17675,14733],[-70,-41],[-8,-46],[27,-85],[-39,-12]],[[17585,14549],[-83,-21],[-81,30],[9,36],[-17,70],[-77,2],[-58,-10],[-199,106],[-5,11]],[[17585,14549],[4,-30],[-35,-77],[-113,-61],[-57,-6],[-51,-49]],[[17333,14326],[-41,26],[-24,75],[-65,44],[-61,-70],[-60,-52],[-47,-22],[5,-21],[-72,-16],[-35,-38],[-35,-8]],[[16898,14244],[-14,26]],[[17333,14326],[51,-46],[72,-84],[101,-137],[59,-35],[62,18],[-26,-52]],[[17652,13990],[3,-104],[-41,-29],[-60,-82],[-8,-38],[-82,93],[-54,-46],[-47,53],[-32,-17],[-128,-28],[-24,-53]],[[17179,13739],[-8,36],[-175,196],[-63,208],[-35,65]],[[17707,14686],[109,-76],[50,-5],[7,-105],[-6,-148],[11,-134],[26,-48],[-8,-72],[66,-28],[-25,-43]],[[17937,14027],[-36,-60],[-15,-66],[-39,-59],[-87,16],[-5,55],[-85,52],[-18,25]],[[18107,13916],[6,86],[-43,20],[-26,-46],[-107,51]],[[18200,13307],[-8,-25]],[[18192,13282],[-48,-23],[-35,-46],[-50,57],[-95,46],[-97,27],[-42,-11],[-47,6],[-43,77],[-93,61],[-34,-9],[-60,17],[-125,92]],[[17423,13576],[-89,48],[-33,3],[-12,-51],[-41,38],[-59,85],[-10,40]],[[17423,13576],[-28,-53],[14,-46],[-57,-125],[-73,-89],[21,-21],[-43,-41]],[[17257,13201],[-41,32],[-80,27],[-114,81]],[[17022,13341],[-65,62],[-99,42],[-9,26],[-139,78]],[[16710,13549],[-42,150],[-13,239],[11,41]],[[16666,13979],[192,251],[26,40]],[[18192,13282],[20,-67],[70,-49],[-50,-24],[-94,-103],[31,4],[-58,-125],[20,-12],[-21,-125],[-36,-25],[-32,-60],[6,-22]],[[18048,12674],[2,-46],[-29,-19],[-76,4],[-99,-30],[-52,-34]],[[17794,12549],[-30,83]],[[17764,12632],[-7,65],[11,82],[-38,66],[-34,31],[-64,12],[-375,313]],[[17764,12632],[-24,-10],[-25,54],[-64,12],[-37,-5],[-18,71],[-70,49],[-29,64],[-255,-150],[-40,23],[-101,-3],[-35,15],[-67,-1],[-39,21]],[[16960,12772],[-7,88],[16,43],[-8,58],[12,65],[-24,15],[-3,94],[29,133],[-17,47],[64,26]],[[16493,13102],[-136,-116],[-112,-117],[-33,-42],[-56,-36]],[[16156,12791],[-56,107],[-56,88],[-101,115]],[[15943,13101],[-118,195],[-137,263]],[[15688,13559],[81,41],[114,106]],[[15883,13706],[146,51],[189,102],[86,58],[36,22]],[[16340,13939],[-36,-22],[-14,-46],[-4,-117],[-25,-42],[-8,-66],[39,-38],[81,-210],[87,-153],[33,-143]],[[16710,13549],[11,-50],[-7,-118],[14,-77],[-12,-44],[-40,-72],[-30,-27],[-153,-59]],[[16340,13939],[7,7]],[[16347,13946],[109,82],[137,-26],[46,-29],[27,6]],[[16960,12772],[-61,-83],[-55,-30],[-53,-49],[-43,-2],[-24,-22]],[[16724,12586],[-1,74],[-10,34],[-66,64],[-19,49],[-3,89],[-47,96],[-63,63],[-22,47]],[[16724,12586],[-60,-55],[-93,5],[-25,-14],[7,-39],[-29,-52],[-40,-16],[-8,-47]],[[16476,12368],[-27,13]],[[16449,12381],[-77,62],[-61,93],[-114,195],[-41,60]],[[17794,12549],[-49,-33],[-77,-34],[-50,4],[-66,36],[3,-53],[-80,-80],[-26,-72],[-45,-40],[-118,-67],[-66,-46],[-86,-29],[-204,-41]],[[16930,12094],[-38,106],[-49,61],[-131,22],[-114,35],[-122,50]],[[18272,12385],[12,-37],[31,-15],[18,-37],[63,-3],[-23,-53],[34,-27]],[[18407,12213],[-19,-26],[51,-43],[-7,-34],[41,-19],[104,-11],[1,-29],[35,-63],[-15,-27],[-47,-29],[-53,-49],[-90,-50],[-126,-52],[-68,-62],[-133,-150],[-59,-60],[-90,-51],[-202,-63],[-100,-35],[-96,-48]],[[17534,11312],[-32,63],[-48,70],[-132,155],[-145,138]],[[17177,11738],[-85,77],[-78,91],[-29,50],[-55,138]],[[18048,12674],[74,-25],[-4,-29],[-44,-30],[49,-123],[90,-6],[80,-25],[-21,-51]],[[15943,13101],[-107,-72],[-47,106],[-47,10],[-73,-8],[-46,74],[-68,22],[-5,-17],[-377,132],[-7,33]],[[15166,13381],[51,28],[33,86]],[[15250,13495],[60,249],[21,60],[59,45]],[[15390,13849],[45,-41],[101,-70],[62,-50],[90,-129]],[[16156,12791],[-51,-44],[-43,-144],[-41,-92],[-45,-191]],[[15976,12320],[-29,-105],[-23,-23],[-119,-3],[-20,-23],[-201,-94],[-143,-48],[-132,-26]],[[15309,11998],[25,78],[-3,94],[-20,87],[-50,126],[-64,136],[-15,65],[-3,62],[38,169],[2,96],[-16,93],[-6,171],[-16,80],[-36,83],[21,43]],[[15976,12320],[33,-169],[-50,-90],[27,-126],[-76,-45],[-62,20],[-43,-53],[53,-48],[-33,-26],[22,-61],[-27,-83],[82,-52],[51,-17],[-23,-28],[-63,-11]],[[15867,11531],[-55,-56],[5,-98],[-72,-17],[-113,-84],[-17,17],[-35,-43],[-41,25],[-15,-46],[-42,-12],[-18,-47],[47,-74],[26,-15],[38,-51],[72,-32],[39,-62],[-117,-120],[-32,-44],[-121,40],[-106,90],[-27,36],[-64,6],[-103,79]],[[15116,11023],[26,51],[-4,105],[-20,42],[-16,81],[12,138]],[[15114,11440],[18,211],[23,125],[42,64],[61,69],[51,89]],[[16449,12381],[-76,-260],[-95,-343],[-5,-56],[10,-173]],[[16283,11549],[-30,-49],[-58,39],[-21,-90],[-85,-15],[-44,17],[-95,-1],[-83,81]],[[17177,11738],[-76,-98],[-95,-137],[-54,-117]],[[16952,11386],[-105,-8],[-63,-19],[-50,-29],[-140,-64],[-35,-53],[-36,-87],[-75,-57],[-52,41],[-21,79],[4,65],[21,69],[-49,106],[-64,50]],[[16287,11479],[-4,70]],[[16287,11479],[-10,-114],[-27,-52],[-95,-132],[-314,-409],[-56,-113],[-112,-267],[-24,-88],[-4,-269]],[[15645,10035],[-72,76],[-85,18]],[[15488,10129],[-97,9],[-110,-11],[-71,-13],[-21,30],[49,43],[-26,94],[17,34],[4,55],[-19,37],[-59,62],[20,78],[-3,33],[-30,82],[5,95],[-6,50],[-34,67],[-30,113]],[[15077,10987],[39,36]],[[16952,11386],[-73,-142],[-50,-138],[-7,-78],[-50,-60],[-43,-86],[-47,-69],[-91,-100],[-56,-26],[-76,-66],[-54,-73],[-125,-101],[-25,-36],[-30,-6],[-18,-68],[-49,-46],[11,-19],[-52,-133],[-40,-60],[-16,-60],[-27,-37],[-28,-80],[15,-62],[44,-108],[24,-40]],[[16089,9692],[-68,-29],[-92,20],[-3,149],[8,56],[-78,-33],[-64,4],[-38,32],[-111,51]],[[15643,9942],[2,93]],[[17534,11312],[64,-216]],[[17598,11096],[69,-204],[13,-55],[-7,-115],[6,-69],[32,-81],[66,-192],[51,-75]],[[17828,10305],[-375,-130],[1,-145],[-13,-75],[0,-88],[-55,-10],[-63,15],[-91,-86],[-92,-23],[-14,-82],[-30,22],[-51,-31],[-51,3],[-7,-50],[-31,-12],[-139,42],[-63,56],[-76,7],[29,-80],[17,-78],[56,-20],[-2,-114],[42,-4],[-29,-93],[-36,4],[-80,-36],[14,48],[-74,57],[-5,-49],[-52,-52],[-73,73],[-102,-31],[-35,9],[3,69],[30,37],[-36,37],[-135,-16],[-23,80],[-27,9],[13,48],[-33,80],[-51,-4]],[[17828,10305],[60,-80],[217,-249],[125,-148],[142,-174],[31,-60],[43,-112],[11,-98],[-5,-179]],[[18452,9205],[-8,-162],[-1,-164],[-10,-394],[-32,-151],[-13,-26],[-97,-92],[-153,-185],[-43,-88],[1,-173],[20,-214]],[[18116,7556],[-158,7],[-185,-49],[-127,-57],[-155,-80],[-110,-81],[-80,-18],[-156,23],[-46,12],[-96,71],[-137,11],[-107,-17],[-87,5],[-37,-13],[-113,-100],[-67,-17],[-53,-50],[-49,-14],[-57,26],[-82,84],[-15,102],[-52,149],[-20,242],[-71,231],[-88,183],[-42,151],[-1,75],[65,253],[-11,99],[-154,458],[-88,179],[-60,221],[-34,177],[0,123]],[[15488,10129],[-7,-24],[-50,6],[-151,-29],[-41,-46],[-56,-81],[7,-35],[77,-16],[11,-18],[80,-25],[-64,-67],[3,-56],[-59,-68],[-27,-48],[-44,39],[-62,19],[-45,-15],[-48,-47],[-51,30],[-86,-16],[-40,-61],[6,-37],[-44,-22],[-59,46],[-38,-22],[-71,29],[-51,-5],[-29,-61],[-29,-24],[-41,54],[-6,51],[-67,20],[-54,-28],[-48,-6],[-57,23],[-15,-35],[-81,-100],[-53,-33],[-73,-3],[-51,-21],[-19,-24],[52,-79],[23,-94],[79,-113],[23,-98],[-50,-60],[-37,-131],[-86,-107],[-19,-66],[10,-110],[-7,-89],[48,-86],[46,-13],[9,-25],[-19,-59],[-75,-51],[-30,-43]],[[13922,8149],[-23,15],[-53,73],[-118,80],[-22,32]],[[13706,8349],[-47,17],[-226,144],[-83,15],[-127,54],[-50,12],[-77,0],[-74,20],[-48,-17],[-92,35],[-31,43],[-53,36],[12,50],[46,92],[-8,61],[34,8],[33,39],[65,27],[15,46],[-15,29],[56,88],[7,34],[55,23],[28,40],[2,37],[56,41],[20,40],[-14,45],[-44,34],[-24,78],[16,81],[2,91],[47,112],[54,51],[119,34],[71,12],[33,20],[127,184],[44,24]],[[13635,10129],[94,19],[41,43],[80,134],[-21,106],[13,52]],[[13842,10483],[74,34],[34,48],[22,75],[-13,82],[9,154],[25,78],[39,52],[62,32],[94,14],[219,-20],[31,-16],[37,-49],[107,-99],[57,-14],[65,14],[197,87],[108,16],[68,16]],[[18116,7556],[-2,-111],[16,-65],[0,-68],[37,-135],[49,-43],[92,-35],[89,-48],[57,-57],[22,-8],[139,-83],[47,-41],[12,-26],[-21,-48],[-15,-170],[21,-97],[-1,-89],[24,-58],[-44,-83],[7,-69],[-15,-88],[-19,-47],[12,-58],[-2,-64],[39,-111],[16,-91],[19,-36],[-12,-46],[18,-102],[30,-32],[2,-35],[135,-79],[-4,-45]],[[18864,5388],[-29,-2],[-939,-199],[-1,92],[-12,42],[-84,203],[-20,32],[-99,99],[-39,58],[-73,137],[-26,86],[-1,43],[-1137,47],[-352,18],[-621,201],[-435,135],[-184,59],[-395,121],[-392,143],[-67,-18],[-51,8],[-41,-38],[-167,12],[-36,39],[-53,18]],[[13610,6724],[3,375],[-55,58],[-47,78],[9,51],[-14,29],[25,83],[-28,53],[-8,99],[109,-9],[35,-39],[59,-19],[46,16],[159,8],[87,26],[43,107],[-9,25],[23,79],[-3,26],[-36,33],[-50,-7],[-9,27],[48,42],[34,63],[12,80],[-7,38],[-29,36],[-85,67]],[[18864,5388],[-54,-70],[-34,-28],[37,-69],[-11,-42],[12,-27],[-7,-56],[96,-20],[2,-31],[-40,-71],[-4,-37],[32,-50],[-1,-79],[-41,-44],[-9,-29],[28,-32],[14,-51],[-71,-19],[-9,-60],[-38,-14],[-33,-45],[-71,32],[-14,-113],[18,-60],[25,-39],[52,-3],[26,-40],[43,3],[57,35],[49,-8],[38,-56],[-25,-59],[-29,-24],[52,-127],[-22,-28],[11,-35],[-9,-53],[-45,-12],[-60,-77],[101,-84],[20,-4],[0,-95],[21,-30],[-70,-55],[-26,-44],[46,-110],[-38,-38],[-45,-12],[10,-38]],[[18848,3340],[-34,-15],[-20,-66],[2,-40],[-34,-5],[-1,44],[-81,40],[-27,-27],[-41,11],[-38,-37],[-62,-83],[-112,-22],[-22,-34],[-60,7],[-21,-36],[-43,4],[-62,-60],[-94,-43],[-55,-42],[22,-34],[-2,-55],[49,-95],[10,-64],[-2,-106],[44,-22],[65,-49],[6,-32],[-43,-30],[-79,-16],[-55,-76],[-80,20],[-35,-37],[-17,-54],[-39,-35],[-52,4],[-45,-29],[-121,-41],[-79,-57],[-38,-13],[3,45],[-26,81],[-39,22],[-80,120],[-79,54],[-40,11],[-52,122],[-209,-3],[-56,-12],[-98,15],[-58,-38],[-67,36],[-111,-32],[-63,33],[-39,5],[-33,26],[5,36],[-27,15],[-30,55],[-33,4],[-40,-22],[-22,10],[-60,-10],[-64,17],[-28,-5],[-17,-36],[-5,-65],[-47,-56],[-75,7],[-19,-39],[-45,-24],[-98,-26],[-91,54],[-61,-41],[-28,-51],[0,-36],[-45,-56],[-76,-9],[-30,40],[-27,-23],[-42,21],[-15,-38],[-31,-7],[-64,37],[-21,65],[-66,4],[-14,-27],[-41,-22],[-26,20],[-85,-11],[-27,-60],[-39,29],[-58,-36],[-45,18],[-30,37],[-28,-6],[-54,23],[-47,64],[-50,-17],[-66,23],[-41,-13],[3,-32],[-55,-27],[-53,8],[-63,-9],[-23,-63],[-94,-24],[9,-40],[-81,-96],[-25,-56],[-87,2],[-104,-36],[-13,-43],[-64,-7],[-68,15],[-31,-15],[-4,-30],[-43,-40],[-23,-51],[-75,18],[-20,56],[-52,41],[-9,40],[22,27],[-3,55],[114,10],[19,41],[48,39],[-48,82],[73,17],[27,71],[-2,54],[13,30],[52,25],[-2,60],[39,24],[37,1],[2,50],[30,6],[15,46],[-20,16],[42,71],[49,51],[-22,82],[40,33],[29,-15],[17,69],[43,14],[7,77],[-60,32],[-30,-35],[-32,25],[-41,-35],[-16,35],[9,76],[-42,49],[-35,4],[-24,32],[-13,60],[36,38],[-18,48],[-116,83],[-59,-32],[-30,40],[-44,-27],[-24,40],[-40,28],[18,29],[-44,36],[-24,-3],[-27,41],[52,84],[-34,33],[19,44],[-1,45],[-56,18],[-25,-27],[-59,48],[-70,0],[-31,43],[-50,35],[9,70],[-33,20],[-39,63],[-80,43],[-46,-1],[-38,-37],[-78,-49],[-38,20],[-42,101],[-61,12],[-44,24],[-52,-13],[-15,26],[-67,22],[-88,-45]],[[12675,4233],[-25,21],[-6,83],[8,42],[-18,84],[-23,24],[4,93],[-77,232],[-13,72]],[[12525,4884],[1,69],[-29,69],[21,36],[-26,102],[29,28],[-17,51],[4,77],[11,40],[74,66],[2,32],[30,58],[31,23],[-5,40],[54,91],[18,66],[-11,56],[20,41],[-74,64],[-25,135]],[[12633,6028],[63,-26],[61,-6],[72,-48],[11,-40],[5,-105],[57,-19],[75,21],[58,-22],[213,-33],[59,15],[175,21],[112,22],[10,11],[6,905]],[[16417,14870],[-100,-152],[-84,-90],[-91,-111],[-113,-198],[-50,-37]],[[15979,14282],[-145,-91],[-150,24]],[[15684,14215],[-138,23],[-359,14]],[[15187,14252],[21,83],[35,64],[52,66],[313,360]],[[15608,14825],[68,69],[78,46],[145,56],[48,43],[27,45]],[[16347,13946],[1,45],[50,100],[-21,40],[-42,33],[-103,-43],[-253,161]],[[15883,13706],[-44,69],[-27,13],[-29,71],[-99,356]],[[15390,13849],[-150,192],[-39,65],[-16,78],[2,68]],[[14196,13709],[-7,35],[39,40],[8,52],[34,56],[62,129],[29,80],[-72,19],[-119,0]],[[14170,14120],[25,44],[39,26],[68,20],[51,-11],[22,26],[39,2],[70,44],[44,47],[15,78]],[[14543,14396],[124,-48],[88,-4],[66,-26],[60,-9]],[[14881,14309],[71,-18],[174,-31]],[[15126,14260],[-45,-13],[-27,-71],[-93,-134],[-14,-66],[-50,-70],[-147,-64],[-57,-38],[-42,-45],[-106,-43],[-38,-25],[-136,-27],[-50,29],[-71,-31],[-54,47]],[[15250,13495],[-150,-17],[-83,-15],[-51,-31],[-172,-59],[-88,-51],[-139,-60],[-86,-55],[-18,-28]],[[14463,13179],[-43,9],[-116,7],[-56,11],[-81,-11],[-3,34],[-49,140],[-57,24]],[[14058,13393],[17,47],[-4,104],[58,55],[48,61],[19,49]],[[15126,14260],[61,-8]],[[15114,11440],[-141,20],[-90,25],[-84,46],[-83,67],[-59,86],[-115,192],[-94,63]],[[14448,11939],[-39,28],[-39,62],[14,90],[52,88],[-26,9],[49,123],[-122,30],[-77,39]],[[14260,12408],[-18,41],[20,105],[71,68],[45,33],[15,52],[-61,115],[20,30],[54,38],[63,66],[16,43],[-50,66],[28,114]],[[13842,10483],[-19,78],[-79,40],[-107,-32],[-29,14],[-11,57],[-34,6],[-75,39],[-31,-26],[-39,9],[-23,55],[-74,23],[-85,74],[-25,3],[-42,53],[-4,43],[14,48],[-42,12],[-53,36],[-97,30],[18,98],[-47,72],[-42,107],[6,54],[24,34],[81,45],[29,88],[22,36]],[[13078,11579],[-7,-60],[38,6],[94,53],[91,9],[45,34],[25,48],[51,-27],[48,34],[74,-65],[14,43],[27,16],[42,86],[94,75],[22,-12],[44,54],[68,49],[54,69],[81,57],[72,6],[69,-14],[52,-39],[174,-21],[98,-41]],[[13078,11579],[29,63],[-2,40],[25,38],[-28,39],[0,127],[-27,22],[11,104],[17,69]],[[13103,12081],[53,-14],[107,57],[-11,20],[44,33],[72,-24],[12,68],[35,36],[-13,30],[120,138],[-12,138],[6,25]],[[13516,12588],[137,-23],[234,2],[46,-32],[77,-5],[21,19],[93,-73],[33,-39],[103,-29]],[[13103,12081],[12,71],[25,70],[-12,94],[-44,37],[-148,35],[-113,51],[46,34],[65,10]],[[12934,12483],[30,7],[26,33],[26,-2],[21,44],[34,19],[58,-20],[20,65],[50,81],[-25,43],[-28,102],[24,15],[134,-56],[46,-31],[3,-31],[97,18],[26,18],[139,284],[-9,33],[42,71],[42,14]],[[13690,13190],[-1,-34],[25,-31],[84,-52],[40,-69]],[[13838,13004],[-28,-16],[8,-78],[-11,-60],[-99,-125],[-66,-67],[-57,-22],[-69,-48]],[[13838,13004],[25,0],[29,68],[146,219],[20,102]],[[13690,13190],[36,175],[-10,37],[5,78],[59,46],[54,100],[36,87],[-40,22]],[[13830,13735],[36,23],[5,28],[65,41]],[[13936,13827],[30,45],[76,83],[49,38],[28,44],[56,32],[-5,51]],[[12934,12483],[22,18],[1,41],[-27,38],[-35,124],[-68,103],[-15,73]],[[12812,12880],[25,52]],[[12837,12932],[24,-57],[87,60],[60,142],[76,75],[50,26],[81,10],[25,29],[12,56],[29,65],[54,73],[58,95],[51,101],[123,102],[72,32],[29,2],[85,-18],[77,10]],[[12837,12932],[38,79],[-7,89],[33,55],[19,65],[23,25],[63,138],[19,110],[-16,47],[31,54],[1,75],[16,43],[-11,37],[31,39],[-1,48],[47,163],[-19,75]],[[13104,14074],[33,26],[14,35],[47,30],[69,-32],[20,-32],[87,-45],[37,-1],[58,-30],[48,-7],[22,-21],[28,35],[-5,34],[71,-37],[47,-9],[39,-48],[87,-32]],[[13806,13940],[41,-16],[16,-34],[73,-63]],[[15750,15791],[-35,-36],[-34,9],[-104,146],[-80,31],[-53,-20],[-47,-93]],[[15397,15828],[-25,138],[-22,35],[-23,96],[-74,127]],[[15253,16224],[128,52],[62,11],[47,28],[105,44],[49,36],[37,62]],[[15681,16457],[73,55],[46,99]],[[15800,16611],[16,-21],[-1,-55],[22,-89],[2,-65],[-7,-252],[14,-45],[-20,-78],[-42,-68]],[[15784,15938],[-35,-76],[1,-71]],[[16175,15847],[-135,15],[12,56],[-59,-22],[-9,-74],[-23,-18],[-55,-3],[4,51],[-77,12],[14,81],[-18,21],[-45,-28]],[[15800,16611],[23,52],[47,31],[118,20]],[[15981,15102],[-22,58],[-72,12],[-123,10],[-135,22],[-53,95]],[[15576,15299],[37,45],[-3,81],[13,51],[7,142],[19,74],[71,38],[30,61]],[[15576,15299],[-31,-2],[-70,67],[-71,20],[-40,-21],[-42,-4],[-182,19]],[[15140,15378],[75,129],[12,86]],[[15227,15593],[4,97],[166,138]],[[15608,14825],[-45,27],[-116,34],[-58,6],[-3,21],[-46,28],[-19,52],[-53,11],[-48,65],[-36,-6],[-41,-49],[-20,28],[-58,42],[-31,-46],[-33,32],[-34,-20]],[[14967,15050],[15,59],[39,71],[8,83]],[[15029,15263],[15,33],[96,82]],[[14881,14309],[-21,63],[6,66],[-8,55],[-5,156],[33,159],[21,51],[35,50],[25,141]],[[14543,14396],[12,23],[53,8],[24,61],[91,125],[-90,181]],[[14633,14794],[-100,206],[-84,187]],[[14449,15187],[56,17],[63,58],[114,-8],[51,6]],[[14733,15260],[124,-69],[44,8],[54,64],[74,0]],[[13806,13940],[-25,32],[-21,110],[49,31],[83,80],[40,156]],[[13932,14349],[50,16],[11,-18],[73,3],[-8,35],[56,7],[94,42],[53,-46],[-6,-62],[63,-21],[-8,41],[-37,95],[-37,17],[-31,51],[-12,60],[6,57]],[[14199,14626],[4,9],[153,-27],[34,22],[0,38],[31,5],[64,60],[35,-10],[40,23],[49,7],[24,41]],[[13104,14074],[-3,92]],[[13101,14166],[94,71],[42,130],[51,45],[38,5],[11,32],[46,32],[61,5],[124,79],[6,54]],[[13574,14619],[113,-5],[100,10],[31,-34],[9,-63],[35,-21],[58,-73],[12,-84]],[[13574,14619],[29,88],[135,91],[87,36],[70,124],[49,47],[73,108],[24,18]],[[14041,15131],[-1,-17],[110,-97],[24,-139],[-72,-5],[-21,-16],[56,-87],[56,-111],[6,-33]],[[14041,15131],[47,37]],[[14088,15168],[22,86],[82,79],[79,49],[39,-9],[57,38],[22,67]],[[14389,15478],[45,-255],[15,-36]],[[14733,15260],[-10,75],[25,14],[95,1],[28,30],[-19,55],[-58,51],[80,40],[-32,61]],[[14842,15587],[53,16],[-15,32],[41,90],[51,-119],[27,44],[75,16],[84,37],[42,-113],[27,3]],[[14389,15478],[-10,47],[13,24],[48,16],[33,55]],[[14473,15620],[45,128],[14,97],[14,33],[47,48],[63,32]],[[14656,15958],[25,-55],[-11,-43],[59,-40],[-25,-41],[11,-47],[57,-30],[35,-44],[35,-71]],[[14656,15958],[38,20],[57,52],[81,50],[69,31]],[[14901,16111],[85,40],[27,53],[35,40],[67,29],[57,49]],[[15172,16322],[50,45],[37,-48],[-6,-95]],[[14473,15620],[-45,22],[-28,59],[-115,42],[-45,33],[-57,15],[-28,39],[-2,46],[-41,65]],[[14112,15941],[14,32],[45,29],[147,62],[-14,45],[-29,6],[-23,57],[22,54]],[[14274,16226],[149,1],[76,7],[70,39],[56,8],[129,-7],[70,13],[77,-176]],[[14112,15941],[-21,1],[-31,-67],[-64,-48],[-104,-64],[-41,-13],[-59,6],[-44,23],[-71,-35],[-8,-41],[-37,-54],[-107,42],[-11,-22]],[[13514,15669],[-17,-33],[-71,-2],[-47,20],[-50,-35],[-61,-6],[-61,-63],[-40,33],[-76,8],[-32,-38],[-34,5],[-41,44]],[[12984,15602],[37,-18],[198,75],[21,-32],[39,18],[6,36],[-14,78],[17,23],[65,30],[90,53],[-63,76],[34,23],[-49,47],[39,46],[20,44],[36,20],[35,-3],[36,50],[-50,53],[-22,97]],[[13459,16318],[214,23]],[[13673,16341],[90,5],[59,-15],[81,-43],[87,-17]],[[13990,16271],[228,-44]],[[14218,16227],[56,-1]],[[12984,15602],[-73,-4],[-24,-50],[-4,-40],[-66,1],[-37,-28],[-119,-32],[-37,10]],[[12624,15459],[0,1]],[[12624,15460],[10,21],[-21,75],[18,41],[-50,80],[45,18],[-39,83],[-1,43],[42,77],[5,64],[25,48]],[[12658,16010],[93,-7],[43,7],[121,54],[337,210],[57,25],[150,19]],[[12658,16010],[0,24],[50,119],[-17,44],[-55,53],[34,62],[44,-4],[73,27],[51,2]],[[12838,16337],[119,23],[63,5],[26,-16],[35,100],[65,71],[87,42],[55,56]],[[13288,16618],[23,24],[47,5],[67,-9]],[[13425,16638],[25,-36],[2,-48],[46,-9],[51,-46],[7,-43],[117,-115]],[[13990,16271],[-27,39],[-78,36],[-22,20],[-5,43],[10,69],[49,38],[40,47],[50,80],[-1,59],[34,62],[57,31],[121,49],[29,28],[36,77],[50,39],[111,38],[35,36],[41,118]],[[14520,17180],[87,0]],[[14607,17180],[14,-3]],[[14621,17177],[95,-143],[-61,-21],[54,-74],[-28,-22],[65,-87],[-29,-21],[79,-103],[66,-35]],[[14862,16671],[-65,-20],[-27,-32],[-97,-56],[-20,-39],[-49,-11],[-34,-29],[-70,33],[-45,-37],[10,-29],[-22,-35],[19,-37],[-8,-48],[-43,0],[-28,-47],[-45,16],[-44,-5],[-17,-36],[-59,-32]],[[13425,16638],[66,87],[16,38],[43,-21],[32,19],[142,32],[18,127],[31,51],[26,15],[175,39],[14,68],[41,14],[-34,55],[49,41],[30,47],[71,45],[51,147]],[[14196,17442],[58,-154],[31,-16],[96,34],[25,-6],[31,-58],[83,-62]],[[14196,17442],[-19,56]],[[14177,17498],[-50,135],[-1,62],[19,137],[-9,57],[-33,51],[24,151]],[[14127,18091],[59,8],[95,-406],[2,-82],[51,38],[45,52],[79,-163],[90,-10],[64,-44],[27,-43],[39,-159],[-71,-102]],[[15030,17518],[-39,-65],[0,-62],[-27,-40],[-181,-106],[-96,-26],[-66,-42]],[[14127,18091],[-4,77]],[[14123,18168],[116,115],[5,47]],[[14244,18330],[117,-29],[44,14]],[[15656,17181],[-14,-58],[14,-343],[-113,37],[-252,-115]],[[15291,16702],[-126,-58]],[[15165,16644],[-13,27],[76,35],[-16,97],[-22,-8],[-81,47],[-81,-46],[-20,-46],[-37,16],[-81,-62],[-28,-33]],[[15681,16457],[-12,37],[-85,52],[-20,21],[-58,10],[-28,35],[6,63],[-46,-28],[-48,38],[-76,-34],[-23,51]],[[15172,16322],[-31,86],[-26,31],[11,34],[-33,79],[21,70],[51,22]],[[15382,22497],[207,25],[34,72],[81,147],[61,131],[39,15],[24,38],[30,-6],[62,88],[7,65],[51,12],[38,23],[28,52],[3,85],[-25,40],[-4,42],[24,85],[87,40],[-32,120],[-37,22],[-5,35],[-80,1],[-14,-10],[-71,5],[-123,29],[-84,9],[-82,74],[-100,52],[-33,41],[-20,50],[-77,2],[13,39],[1,145]],[[15385,24065],[38,-21],[64,36],[55,-16],[96,-81],[104,-54],[53,-104],[112,-14],[76,9],[60,32],[64,-18],[78,-68],[28,-11],[53,-50],[39,-75],[19,-10],[100,29],[3,25],[40,70],[27,2],[11,-40],[94,-62],[81,32],[57,4],[44,39],[65,13],[74,37],[49,68]],[[16969,23837],[15,-106],[13,-34],[9,-102],[35,-18],[-27,-46],[18,-15],[10,-77],[37,-32],[62,-30],[115,35],[25,-88],[5,-121],[-35,-31],[72,-70],[55,4],[22,-19],[21,-52],[-26,-30],[-63,-29],[-29,-46],[37,-56],[62,-5],[-32,-37],[17,-65],[50,-13],[4,-60],[-46,-1],[-65,-80],[-36,-69],[-26,-75],[-82,-62],[-19,-45],[-9,-70],[-27,-39],[-47,-35],[-20,-64],[-21,-22],[-27,-90],[-42,-17],[-17,-43],[3,-42]],[[14289,22999],[3,46],[-17,76],[-3,73],[5,121],[-4,87],[-16,65],[5,65],[29,67],[67,83],[57,49],[-28,66],[15,34],[33,17],[44,60],[18,76],[34,35],[59,15],[-265,91],[-252,60],[-39,61],[-89,-26],[-146,350],[-95,203]],[[13704,24773],[30,11],[104,-18],[61,25]],[[13899,24791],[36,-2],[78,36],[64,19],[20,22],[115,66],[1,32],[28,37],[56,41],[87,19],[90,-115],[5,-28],[77,-99],[41,-34],[-12,-26],[19,-53],[59,-58],[46,-99],[-19,-105],[10,-125],[29,-20],[-32,-60],[35,-5],[-36,-63],[-46,-7],[-21,-22],[7,-34],[90,-1],[68,-24],[120,-19],[55,6],[137,-14],[114,-32],[109,6],[56,35]],[[12146,22531],[-7,871],[19,1417],[1,107]],[[12159,24926],[30,-62],[-5,-29],[19,-56],[38,-70],[45,-36],[57,19],[85,-24],[96,57],[42,-22],[56,-59],[41,-16],[54,16],[30,-51],[99,-62],[-10,-33],[12,-61],[109,8],[27,-7],[37,-42],[73,-9],[19,34],[47,43],[100,-11],[7,-44],[63,-38],[6,-78],[65,-39],[50,7],[24,63],[43,20],[18,123],[-21,35],[-5,130],[13,50],[46,44],[21,3],[63,49],[51,-5]],[[12139,21806],[-37,16],[-28,-36],[-65,-32],[-72,-21],[-2,-67],[-20,-44],[-3,-72],[-74,-24],[-59,84],[-18,49],[-53,42],[-44,-11],[-84,86],[-40,72],[-130,-13],[-78,8],[-46,26],[-28,-29],[-67,-17],[-85,77],[-43,21],[-73,5],[-21,-12],[-87,-6],[-40,36],[15,33],[-48,29],[-117,39],[29,62],[-21,48],[-28,14],[18,76],[-8,49],[-25,32],[5,68],[-23,137],[-59,8]],[[10580,22539],[67,69],[-16,52],[35,36],[6,31],[-21,54],[25,30],[50,16],[7,34],[-32,17],[-33,43],[7,76],[91,16],[-78,121],[-38,101],[-14,110],[-42,58],[47,27],[24,42],[34,24],[-28,25],[-1,42],[-68,53],[-45,-1],[-115,-21],[-165,1],[-22,18],[-35,90],[-34,7],[-101,106],[-51,72],[6,287],[55,22],[44,-14],[69,25],[5,-34],[58,14],[48,-23],[-14,-46],[51,-19],[24,-32],[39,24],[13,77],[20,38],[7,71],[167,13],[122,44],[122,97],[75,9],[84,-24],[39,1],[95,-39],[32,0],[64,26],[157,134],[24,74],[-11,124],[66,18],[-8,70],[90,40],[93,52],[-18,63],[-57,66],[-99,58],[153,100],[80,58],[43,-65],[40,-28],[34,-52],[77,44],[68,-5],[67,-26]],[[12058,25130],[32,-15],[30,-116],[1,-75],[38,2]],[[10580,22539],[-35,52],[-36,3],[-28,38],[-22,-18],[-49,29],[-19,27],[-36,2],[-70,32],[-66,2],[-6,27],[-64,-38],[15,-50],[-60,-60],[-75,13],[-45,-24],[-28,15],[-75,-22],[-62,16],[-62,-10],[-69,38],[-41,-1],[-24,-41],[-38,37],[-179,195],[-73,23],[-54,3],[-10,29],[41,45],[-17,103],[-59,-42],[-47,-20],[-41,-34],[-89,-1],[-57,29],[-115,-6],[-27,-16],[-52,69]],[[8806,22983],[-42,50],[-3,79],[-30,61],[-33,149],[40,-29],[70,-26],[26,75],[46,19],[100,-23],[75,5],[41,41],[86,19],[75,69],[68,26],[46,48],[-4,43],[45,43],[52,-18],[24,-29],[57,24],[-8,31],[27,47],[70,12],[1,34],[25,22],[-36,91],[33,59],[-11,52],[-55,40],[-21,31],[-44,0],[-101,38],[-33,73],[-30,27],[-123,-87],[-43,-42],[-162,-31],[-42,3],[-53,48],[-39,19],[-41,-6],[-51,-37],[6,-36],[-19,-50],[-6,-82],[-29,-25],[-34,0],[-60,-64],[-42,8],[-12,22],[17,90],[-23,47],[-46,8],[-32,52],[-64,76],[-18,42],[-14,71],[-26,44],[82,144],[64,41],[0,643],[4,178]],[[8556,25242],[29,97],[28,53],[51,-2],[3,48],[81,131],[81,14],[65,25],[65,47],[18,59],[36,14],[74,-44],[16,-45],[31,-17],[54,64],[44,8],[92,-26],[157,10],[55,-13],[77,58],[43,-7],[32,71],[71,13],[71,38],[26,71],[51,31],[50,1],[46,20],[115,126],[10,100],[39,99],[116,37],[45,-2],[23,-32],[67,-37],[23,-45],[25,11],[-2,64],[-35,41],[-2,39],[27,39],[8,83],[46,59],[78,26],[41,-24],[50,41],[-8,25],[29,76],[39,27],[38,-57],[32,-11],[23,22],[62,18],[23,-25],[27,-73],[27,-32],[38,7],[138,-45],[55,-35],[86,-4],[89,42],[30,35],[63,3],[43,-77],[35,-8],[88,-91],[27,-6]],[[11661,26377],[-92,-119],[-52,-16],[-13,-34],[40,-87],[-4,-91],[37,-157],[17,-29],[43,-3],[52,-28],[39,-62],[9,-66],[73,-73],[63,-9],[83,17],[119,-78],[38,1],[64,-65],[0,-45],[-38,-56],[-37,-22],[-59,-84],[49,-18],[-34,-123]],[[11661,26377],[28,26],[79,20],[19,49],[-22,117],[15,58],[64,4],[19,34],[75,-36],[95,-5],[69,-14],[54,1],[116,-38],[72,-39],[66,6],[26,72],[-35,100],[16,20],[121,28],[21,33],[73,-1],[60,13],[-23,67],[101,71],[-20,103],[27,71],[-33,60],[33,218],[115,-31],[92,-67],[75,-18],[38,-44],[-15,-46],[4,-66],[20,-49],[34,-20],[67,23],[52,-6],[14,44],[27,10]],[[13300,27145],[51,1],[60,-27],[49,-66],[36,-90],[29,-21],[31,-119],[5,-63],[17,-31],[96,-102],[49,-65],[90,-35],[36,-36],[16,-52]],[[13865,26439],[-515,-397],[12,-109],[43,1],[82,-565],[3,-46],[-133,-26],[-46,9],[-36,-18],[14,-41],[-9,-51],[-22,-41],[-66,-41],[264,-209],[52,55],[17,-101],[374,-68]],[[13865,26439],[97,30]],[[13962,26469],[28,-114],[-12,-49],[57,-43],[31,-43],[75,14],[38,-13],[60,-74],[9,-62],[24,-41],[71,18],[60,-14],[8,-60],[25,-34],[-35,-43],[1062,-8],[4,41],[44,47],[38,14],[37,82],[28,11],[34,56],[105,-12],[114,-42],[5,33],[58,3],[6,51],[53,30]],[[15989,26217],[23,-26],[219,-310],[79,-128],[240,-287],[25,-65],[-48,-27],[-70,-64],[-60,-32],[-15,-44],[16,-64],[-44,-78],[6,-119],[-55,-23],[56,-22],[70,-42],[-6,-54],[61,-32],[139,34],[61,-9],[95,-48],[35,-9],[103,-7],[114,10],[55,-10],[127,-121]],[[17215,24640],[-34,-110],[5,-44],[-53,-107],[-19,-70],[6,-64],[-29,-70],[-38,-39],[-12,-68],[-24,-20],[7,-51],[-26,-40],[-34,-92],[5,-28]],[[15989,26217],[71,22],[23,64],[165,2],[70,-28],[36,-4],[41,39],[24,93],[45,-23],[13,43],[72,70],[9,59]],[[16558,26554],[-73,13],[-64,25],[-10,21],[13,67],[73,27],[91,-17],[28,15],[49,72],[27,68],[45,-2],[63,30],[17,-15],[51,14],[-1,46],[53,6],[78,49],[51,11],[21,26],[74,-2],[42,54],[40,17],[55,-27],[77,-3],[91,21],[30,-5],[72,13],[15,40],[32,21],[86,80],[114,31],[91,42],[29,24],[44,88]],[[17962,27404],[42,-30]],[[18004,27374],[-15,-165],[-11,-40],[-49,-47],[-40,32],[-50,0],[-56,-68],[-22,-46],[-8,-58],[-73,-36],[-31,-60],[15,-88],[-53,-24],[-64,-1],[-37,-17],[-80,-13],[-38,-38],[-51,26],[-47,-13],[-21,-59],[-40,-31],[29,-62],[28,-30],[55,8],[62,-50],[75,13],[39,-57],[35,-25],[13,-59],[88,55],[20,-15],[6,-72],[33,-61],[-15,-87],[9,-57],[26,-33],[68,-37],[110,-85],[62,-59],[67,-77],[7,-23],[-60,-78],[-142,-66],[-33,-90],[-53,35],[-51,-66],[26,-57],[-5,-35],[22,-76],[-4,-32],[-46,-35],[-57,-26],[-40,-4],[-51,-50],[-122,-7],[-133,-75],[-18,-93],[41,-68],[13,-82],[-70,-28],[-26,-33],[-2,-128],[-9,-45]],[[17230,24676],[-15,-36]],[[13300,27145],[69,30],[13,33],[-16,42],[17,50],[67,62],[35,20],[34,41],[61,7],[39,-52],[142,-59],[76,20],[65,-10],[79,58],[43,11],[33,-12]],[[14057,27386],[15,-78],[25,-39],[49,-26],[40,-2],[67,29],[67,-4],[44,-23],[33,-40],[9,-52],[-4,-86],[-83,-44],[-48,-75],[-53,-5],[-61,12],[-60,93],[-73,20],[-6,-48],[-20,-30],[11,-108],[-24,-58],[-11,-64],[44,-56],[10,-44],[-16,-59],[-46,-66],[-4,-64]],[[14057,27386],[68,2],[0,47],[17,31],[40,19],[32,55],[47,-4],[108,-79],[20,-3],[23,52],[-25,38],[65,69],[44,10],[32,30],[103,0],[66,-27],[32,-51],[56,-12],[25,-22],[106,30],[31,-50],[40,-18]],[[14987,27503],[79,-47],[7,-30],[59,-69],[-77,-65],[-11,-32],[-40,-11],[-9,-83],[63,-3],[41,-16],[-3,-47],[22,-33],[35,-2],[8,-41],[31,-23],[61,-18],[102,18],[2,53],[110,3],[-11,-25],[-10,-126],[100,-23],[15,25],[93,22],[81,-11],[115,-66],[26,-75],[-36,-107],[-18,-99],[20,-15],[76,-12],[108,-45],[64,37],[30,-9],[78,-51],[64,-14],[29,-22],[251,103],[16,10]],[[14987,27503],[18,25],[42,4],[67,36],[38,45],[99,39],[124,-17],[86,-95],[58,16],[60,-17],[137,51],[140,39],[51,-24],[82,-14],[20,-29],[76,-15],[14,-36],[-21,-68],[130,-85],[21,-1],[60,42],[54,17],[38,-3],[59,-43],[46,14],[37,39],[72,-25],[20,-35],[141,-84],[36,7],[32,49],[13,60],[30,9],[29,39],[40,25],[58,-10],[44,-63],[35,-24],[50,13],[65,-27],[100,8],[27,-20],[99,-16],[64,-26],[63,19],[27,88],[19,18],[43,-3],[78,23],[70,29],[55,-2],[42,-20],[44,3],[43,-54]],[[19949,23460],[-39,19],[-58,59],[25,12],[38,54],[-2,109],[-21,32],[4,44],[-43,22],[6,75],[-99,34],[-24,-15],[-68,-5],[-38,37],[-12,69],[-142,49],[-49,-48],[-124,-41],[-50,-33],[-121,-2],[-105,53],[-90,88],[-15,96],[1,47],[23,116],[-7,40],[59,124],[12,56],[22,26],[63,33],[78,76],[13,34],[-10,54],[-21,19],[-61,-20],[-129,2],[-77,17],[19,72],[-53,33],[-35,54]],[[18819,24951],[56,55],[36,7],[81,-17],[83,3],[113,55],[160,137],[-21,61],[22,24],[65,2],[25,48],[91,51],[40,12],[-11,40],[-99,-42],[-42,-31],[-135,40],[-28,46],[127,9],[86,70],[86,14],[0,37],[-58,21],[-5,77],[37,42],[-58,185],[-72,-3],[-8,43],[-33,-8],[-35,26],[159,48],[15,35],[60,42],[37,68],[-13,30],[33,37],[129,-23],[140,-92],[7,-24],[41,-17],[138,31]],[[20068,26090],[128,-57],[12,-36],[51,17],[2,53],[-73,54],[6,15],[74,11],[47,30],[-17,27],[44,30],[87,-18],[6,-24],[51,-30],[9,-27],[-25,-46],[-26,-9],[20,-56],[40,-25],[64,3],[84,-62],[64,-30],[101,-20],[1,-58],[-46,-99],[7,-29],[56,-27],[39,0],[53,23],[50,7],[115,84],[-41,113],[89,78],[22,-6],[79,-90],[44,-5],[26,17],[11,119],[38,26],[57,19],[208,24],[35,-1],[48,-33],[56,-54],[21,-105],[-80,-19],[-20,63],[-105,-12],[-63,37],[-35,-21],[10,-67],[-89,-47],[25,-79],[49,1],[-6,-49],[53,-1],[-21,-42],[2,-48],[-54,-95],[-22,-19],[-21,-57],[31,-80],[-9,-36],[8,-117],[-11,-45],[-52,-130],[-37,-3],[-60,-51],[-49,-6],[-30,-46],[-5,-36],[-77,-50],[-107,-89],[-16,-38],[-43,-26],[47,-23],[32,-67],[-9,-70],[-33,-53],[-73,-66],[-10,-111],[-18,-15],[-5,-60],[-20,-64],[2,-74],[-13,-52],[-63,-13]],[[17230,24676],[77,2],[66,33],[67,13],[51,25],[42,-9],[74,-44],[76,-1],[62,-19],[43,33],[7,78],[25,32],[153,91],[71,22],[67,35],[63,12],[90,-14],[87,1],[37,-27],[28,-53],[63,-4],[83,73],[76,14],[60,29],[45,-8],[31,-41],[45,2]],[[18004,27374],[6,18],[66,32],[32,-6],[24,-35],[37,3],[37,-23],[40,-2],[81,31],[29,46],[74,-20],[38,38],[9,74],[-27,82],[15,26],[-2,93],[-12,63],[9,82],[30,33],[45,-1],[85,61],[3,33],[-34,29],[-4,57],[27,50],[11,74],[16,33],[65,41],[4,54],[-27,69],[7,18],[140,52],[88,14],[33,-34],[54,-22],[0,-67],[19,-49],[22,-150],[63,15]],[[19107,28186],[85,-103],[29,-56],[18,-76],[34,-67],[112,-123],[21,-45],[-13,-48],[-43,-52],[-14,-33],[14,-66],[301,-336],[29,-59],[3,-48],[-85,-438],[-33,-80],[-68,-76],[-17,-36],[14,-46],[76,-65],[30,-59],[52,0],[39,55],[53,13],[44,-22],[40,-74],[92,-13],[83,-28],[51,-59],[14,-56]],[[19107,28186],[32,18],[46,-14],[59,-36],[103,-18],[29,-17],[117,1],[60,73],[72,2],[33,19],[42,56],[44,-2],[44,-19],[52,13],[51,-9],[45,13],[89,-18],[40,-33],[21,11],[114,-8],[25,-79],[43,14],[44,-22],[50,40],[51,-11],[106,18],[57,-19],[110,7],[-7,-77],[36,-74],[96,-3],[30,-42],[43,-7],[89,18],[71,24],[124,-11],[62,-15],[68,11],[119,-44],[62,50],[34,44],[78,27],[41,30],[106,-9],[99,2],[-3,-67],[24,-73],[-16,-71],[45,-115],[3,-41],[-22,-73],[34,11],[106,0],[46,21],[54,5],[89,26],[48,5],[1,-42],[24,-66],[60,-49],[122,-25],[28,-37],[106,-14],[32,-92],[55,-18],[39,-77],[60,-58],[97,-52],[18,-58],[2,-70],[32,-30],[67,-9],[34,-36],[10,-48],[43,-46],[-1,-92],[95,-31],[18,-33],[7,-107],[44,-83],[26,-6],[41,32],[31,44],[142,23],[20,40],[45,23],[13,25],[2,70],[-26,125],[59,87],[81,-92],[61,-43],[90,14],[61,59],[80,31],[30,-44],[34,-16],[55,8],[148,-70],[19,-47],[72,-26],[14,-56],[53,-87],[-82,-124],[71,-79],[32,-10],[23,-36],[50,-23],[82,-58],[52,-66],[-17,-102],[57,-56],[15,-27],[1,-87],[-18,-56],[39,-64],[44,-103],[66,-64],[23,-125],[21,-35],[109,-23]],[[24957,25501],[-27,-66],[-53,-19],[-65,20],[-88,-34],[23,-92],[-35,-21],[-26,-51],[-10,-58],[-53,-10],[-33,-22],[-47,-61],[-17,-96],[-46,-17],[-69,-71],[9,-71],[59,-66]],[[24479,24766],[-25,-33],[-29,-5],[-40,-37],[-109,-39],[-29,6],[-13,-62],[5,-54],[-59,-5],[-69,45],[-18,-18],[10,-67],[-39,-20],[-13,-56],[-38,-22],[-26,-69],[-50,-65],[48,-53],[42,-26],[18,-43],[28,-18],[9,-42],[-9,-57],[-25,-53]],[[24048,23973],[-60,34],[-122,-13],[-91,12],[-53,27],[-26,-13],[-60,24],[-59,-13],[-41,-22],[-83,-6],[-33,31],[-67,-28],[-75,19],[-10,-34],[-86,-35],[-25,-65],[-75,-40],[-79,45],[-54,-47],[-48,2],[-20,64],[-139,65],[-42,76],[47,78],[-19,91],[-27,9],[-25,41],[-70,-7],[-60,38],[-99,11],[-23,-50],[-131,-64],[-81,44],[-63,8],[-56,-96],[-40,-52],[-34,-22],[-101,3],[-78,28],[-20,17],[-94,-35],[-50,26],[-74,-79],[-38,-19],[-34,-46],[-152,-63],[-21,-41],[-40,-11],[-44,8],[-51,-55],[-44,-17]],[[21523,20066],[-41,-21],[-80,24],[-159,-85],[7,22]],[[21250,20006],[16,53],[-136,96],[-19,32],[-6,95]],[[21105,20282],[52,39],[-49,86],[-33,-23],[-20,38],[60,33],[-13,68],[-60,60],[94,32],[11,-34],[59,30],[-23,46],[107,68],[139,-22]],[[21429,20703],[48,75],[41,-37],[108,16],[39,-20],[-2,68],[9,34],[40,31],[31,-32],[55,43],[30,-60],[92,-91],[18,-61],[-3,-35],[94,20],[-20,-37],[19,-88],[58,-6],[-23,-106]],[[22063,20417],[26,-42],[-79,-30],[-37,-2],[-61,18],[-41,-39],[-17,85],[-27,-28],[-35,-6],[28,-133],[-56,-20],[-150,-23],[-12,-74],[-33,4],[6,45],[-33,5],[-30,-21],[-37,2],[6,42],[-61,-12],[7,-47],[81,-40],[15,-35]],[[22731,19945],[11,103],[-22,83],[-29,169],[-30,96],[-45,68]],[[22616,20464],[-16,50],[7,67]],[[22607,20581],[83,24],[51,42],[19,35],[12,73],[96,57],[56,13]],[[22924,20825],[19,-48],[64,27],[112,-60],[10,-28],[200,-345],[38,48],[-14,47],[47,78],[65,-37],[-32,-71],[-6,-63],[28,-32],[20,-87],[86,-118],[17,-45],[-2,-96],[-26,-96],[6,-52],[29,-38],[3,-53]],[[21632,19712],[-109,354]],[[22063,20417],[54,22],[58,84],[-4,77],[95,20],[143,49],[16,-41],[42,-65],[-30,-15],[-46,-62],[36,-95],[189,73]],[[20404,19829],[28,18],[72,-39],[48,36],[120,-25],[-27,-149],[69,-17],[27,66],[37,-9],[20,83],[25,38],[61,-132],[36,-20],[45,2],[60,122],[62,16],[19,-34],[50,29],[37,121],[-29,9],[13,49],[73,13]],[[20101,20570],[196,82],[70,-21],[27,15],[77,-79],[31,13],[18,-75],[31,-13],[58,6],[7,-78],[42,-28],[210,-86],[54,2],[118,-40],[11,30],[54,-16]],[[20235,21136],[22,-48],[76,24],[110,20],[14,49],[88,15],[4,-17],[77,25],[38,26],[0,27],[32,43],[-19,22],[4,70],[64,-2],[47,18],[76,-36],[27,28],[83,43],[79,2],[29,34],[57,20],[-7,49],[44,42],[45,-49]],[[21225,21541],[25,-58],[-2,-36],[28,-19],[-1,-61],[62,-129],[4,-80],[-34,-44],[-25,-55],[-8,-69],[37,-60],[118,-227]],[[21225,21541],[21,3],[16,95],[-15,40],[33,37],[19,-55],[77,52],[32,-56],[143,79],[60,-4],[40,-34],[4,-60],[15,-17],[-9,-51],[109,35],[27,1],[92,58],[150,60],[66,68],[28,42],[101,41],[45,-2],[45,31],[70,108],[43,-3],[26,23],[40,-4],[3,53],[54,32],[36,6],[18,-48],[36,-35],[0,-170],[-30,-33],[4,-31]],[[22624,21802],[-53,-43],[-18,-29],[-22,-78],[-46,-349],[-31,-157],[0,-46],[34,-96],[9,-52],[42,-74],[19,-81],[32,-44],[30,-90],[-13,-82]],[[22624,21802],[66,49],[52,17]],[[22742,21868],[287,90],[99,21],[80,-33],[67,-55],[125,-17],[63,-14],[67,20],[53,-15],[81,-88],[59,0],[209,172]],[[23932,21949],[42,-70],[133,72],[162,-294],[-289,-161],[-84,-39],[-51,7],[-92,-38],[-110,-3],[-265,-105],[-43,-49],[-53,-167],[-45,-82],[-32,-80],[-156,-68],[-125,-47]],[[23932,21949],[147,51],[119,26],[33,-1],[260,77],[45,-10],[89,-44],[72,-87],[41,-61],[299,-91],[197,-69],[-31,228],[1,127],[-12,76],[12,130],[101,197],[-14,26],[89,37],[71,-41],[18,15],[61,-50],[38,-18],[60,6],[34,-14],[120,30],[48,28],[2,39],[75,-10],[26,14],[49,71],[18,111],[99,-23],[85,-11]],[[26184,22708],[28,-45],[-5,-64],[-28,-88],[41,-42],[-2,-31],[35,-40],[22,0],[-15,-96],[89,-110],[26,-12],[12,-69],[-34,-27],[16,-57]],[[26369,22027],[20,-71],[24,-12],[82,-148],[-3,-85],[13,-52],[-10,-72],[57,-76],[38,-14],[13,-29],[123,-141],[41,-65]],[[26767,21262],[-21,-2],[-81,75],[-63,31],[-57,-32],[-28,-44],[-77,32],[1,53],[-34,30],[-66,27],[-63,5],[-47,23],[-26,-6],[-53,-55],[-19,-2],[-99,41],[-74,-70],[-74,-20],[4,-30],[-31,-61],[40,-31],[52,0],[51,-33],[-10,-60],[5,-64],[-31,-52],[-125,11],[-16,-43],[10,-27],[-15,-40],[-41,-11],[-108,14],[-21,52],[-83,51],[-61,-40],[86,-78],[42,-124],[45,-29],[31,-47],[-23,-72],[18,-63],[13,-102],[78,-122],[16,-66]],[[25812,20281],[12,-26],[16,-98],[21,-17],[-1,-43],[39,-66]],[[20501,22191],[48,-68],[9,-45],[39,-7],[141,59],[69,58],[21,-16],[59,59],[23,35],[33,94],[42,20],[4,34],[106,59],[35,28],[14,37],[90,-26],[90,12],[51,34],[71,106],[90,72],[37,20],[71,8],[14,57],[26,8],[90,-30],[85,-43],[39,-49],[24,27],[45,11],[53,78],[75,8],[78,-21],[28,-30],[78,-25],[31,11],[35,73],[58,19],[19,48],[24,8],[-16,69],[27,65],[65,34],[15,66],[87,7],[29,19],[20,65],[-7,72],[12,34],[56,34],[42,-3],[41,50],[80,-92],[46,-90],[29,-24],[3,-87],[62,-43],[24,-31],[9,-88]],[[23070,22971],[-17,-41],[31,-54],[-1,-43],[-55,-94],[-48,-45],[-91,-55],[-24,-112],[-22,-59],[-33,-16],[-1,-32],[126,25],[7,-48],[-21,-34],[-33,-91],[-90,3],[0,-81],[-25,-62],[-52,-53],[14,-70],[-17,-32],[24,-109]],[[24048,23973],[-62,-145],[-46,-47],[-53,-5],[-25,-35],[-18,-56],[-2,-100],[-74,-70],[-46,-70],[-85,-59],[-37,-40],[-57,-40],[-42,-10],[-31,-50],[-157,-77],[-80,-75],[-37,-8],[-120,-96],[-6,-19]],[[24479,24766],[69,-1],[107,-20],[42,-28],[67,-68],[55,-26],[152,-14],[55,-36],[107,-96],[159,-90],[83,-36],[87,-50],[35,-46],[24,-66],[7,-66],[25,-55],[73,-115],[124,-130],[-3,-172],[18,-68],[34,-85],[17,-66],[-16,-57],[62,-143],[22,-9],[165,-20],[49,48],[79,31],[96,4],[25,24],[76,3],[46,-11]],[[26420,23302],[1,-79],[-20,-51],[19,-54],[-44,-96],[36,-21],[-6,-55],[-22,-20],[-171,-75],[-29,-143]],[[24957,25501],[76,124],[17,67],[29,36],[60,37],[5,47],[-43,64],[10,41],[42,31],[62,13],[65,-20],[48,-31],[39,34],[26,51],[-19,46],[0,46],[70,23],[17,25],[-11,49],[18,52],[-30,93],[90,36],[31,23],[2,43],[27,32],[68,-23],[105,-48],[130,27],[37,25],[26,37],[0,102],[58,53],[21,56],[45,4],[51,-13],[64,-1],[102,59],[66,47],[79,27],[35,1],[55,31],[44,-6],[59,16]],[[26633,26857],[10,-56],[26,-34],[-14,-96],[21,-69],[24,-10],[-4,-53],[15,-44],[47,-34],[50,-68],[45,-38],[-4,-75],[-21,-16],[-25,-60],[28,-95],[36,-29],[19,-53],[-29,-40],[13,-51],[-28,-76],[-49,-57],[-7,-100],[47,-18],[48,-34],[3,-97],[-22,-69],[-23,-36],[-48,-43],[4,-44],[45,-60],[-14,-51],[20,-39],[53,-48],[22,-40],[-4,-57],[95,-48],[11,-33],[32,-14],[53,17],[34,-23],[89,16],[136,8],[80,-13],[7,-43],[41,-62],[-13,-54],[-44,-11],[-33,10],[-34,-29]],[[27371,24788],[-9,-53],[-29,-38],[-31,-90],[0,-56],[-55,-7],[3,-51],[-44,-24],[17,-35],[-54,-42],[-22,-50],[-37,-11],[-38,-32],[-92,-40],[17,-44],[-25,-27],[-72,-2],[-82,-78],[-11,-90],[-67,-75],[-50,-16],[-33,21],[-33,-28],[16,-23],[-72,-79],[-58,-18],[-107,-58],[-3,-63],[-15,-20],[-15,-81],[-27,-31],[47,-63],[12,-37],[41,-58],[-23,-87]],[[27371,24788],[153,-9],[23,24],[-23,27],[20,51],[37,8],[40,58],[81,-24],[15,35],[35,10],[2,51],[60,-4],[23,16],[41,-20],[30,43],[89,8],[36,19],[-6,29],[102,54],[31,7],[62,42],[13,-96],[70,40],[28,33],[54,9],[34,25],[89,-6],[5,-49],[60,-7],[18,-22],[36,16],[27,-32],[-4,-37],[22,-58],[57,-67],[-44,-48],[29,-37],[16,-60],[64,7],[23,-34],[67,-34],[46,-52],[-99,-59],[-14,-43],[16,-81],[23,-41],[23,-74],[-9,-61]],[[28872,24345],[-89,25],[-55,-49],[-35,-13],[-5,-28],[-38,-39],[-26,-50],[-49,-5],[-29,-34],[-13,-50],[-45,-41],[-32,-13],[-63,10],[10,-86],[17,-54],[5,-69],[-125,-150],[-24,-97],[28,-111],[-54,-13],[24,-38],[-97,-99],[-33,-65],[-75,59],[-24,77],[-40,37],[-89,-77],[-35,8],[-52,-13],[-3,-28],[-37,-16],[-69,25],[-92,16],[-15,-13],[-78,-10],[-14,-33],[13,-47],[-1,-119],[10,-68],[-64,-10],[-33,18],[-97,25],[105,-200],[51,-90],[25,-95],[23,-55],[-441,-157],[6,-70],[-44,-4],[-63,19],[-102,6],[-99,-54],[-90,-80],[-76,-76],[-19,-34],[-14,-71],[-44,-44],[-49,-29],[-149,-46]],[[28872,24345],[-19,-80],[5,-44],[26,-26],[-43,-88],[8,-40],[-2,-129],[-34,-57],[14,-31],[-13,-75],[15,-32],[-27,-116],[42,-80],[113,-127],[39,-16],[107,-111],[310,-332]],[[29413,22961],[-345,-164],[-62,-33],[-147,-96],[-43,-20],[-138,-26],[-152,-63],[-369,-71],[-80,-9],[42,-46],[43,-97],[-12,-35],[-144,-89],[4,-23],[55,-48],[-4,-14],[63,-99],[48,-58]],[[28172,21970],[-19,-41],[-29,-4],[-40,-48],[-13,-43],[24,-45],[-30,-36],[-59,-6],[-70,-30],[-55,3],[-68,43],[-75,-17],[-132,0],[-163,38],[-91,-17],[-16,32],[-88,39],[-89,30],[-109,21],[-44,-18],[-74,-52],[-32,-103],[6,-45],[-12,-34],[-52,-6],[-109,4],[14,-56],[27,-21],[-11,-34],[53,-20],[-4,-120],[-19,-13],[-16,-104],[-10,-5]],[[29413,22961],[84,-38],[18,-44],[56,-57],[91,-107],[126,-80],[35,-40],[59,-45],[49,5],[23,-68],[35,-52],[0,-42],[23,-27],[100,36],[34,-34],[46,13],[79,-5]],[[30271,22376],[-60,-56],[-30,-68],[32,-84],[15,-84],[-25,-43],[-87,-47],[-108,-42],[20,-48],[-31,-42],[-34,0],[12,-46],[-83,-32],[-5,-71],[-13,-48],[-77,-18],[-60,-30],[-44,-50],[-35,1],[-22,-29],[-93,3]],[[29543,21542],[-66,24],[-33,-90],[11,-35],[-100,-40],[-37,35],[-62,-37],[-42,6],[-105,-39],[-143,27],[-32,57],[-70,36],[-13,59],[-104,-39],[-38,8]],[[28709,21514],[-20,70],[-35,42],[-90,49],[-37,66],[-66,16],[-118,9],[-40,-12],[-2,94],[-41,71],[5,70],[-41,26],[-30,-6],[-22,-39]],[[32924,24412],[6,-44],[47,-65],[-26,-56],[4,-78],[-32,-37],[12,-75],[-7,-59],[-50,-63],[-39,-3],[-96,42],[-28,23],[-78,4],[-47,-25],[-90,6],[-36,-18],[-39,31],[-27,52],[-86,-42],[-33,4],[-103,-74],[-21,-87],[-22,-30],[-68,-31],[-48,42],[-80,-47],[-9,-26],[-112,-50],[-47,3],[-62,-51],[-33,-56]],[[31674,23602],[-92,174],[-27,71],[30,28],[14,93],[-68,54],[-176,-36],[15,231],[-116,139],[-30,19],[1,55],[-323,2],[-22,15],[-85,22],[-35,-5],[11,68],[-85,52],[-28,4],[-57,-20],[-31,35],[-38,-8],[-163,-10],[-48,74],[3,81],[-29,3],[16,50],[62,39],[118,29],[61,8],[97,59],[28,39],[-10,78],[-113,16],[-5,28],[-53,-10],[-35,68],[91,6],[-41,87],[25,74],[3,121],[-18,25],[5,42],[-12,72],[-21,24],[15,61],[68,177],[62,-58],[63,-94],[22,-64],[26,13],[36,61],[24,92],[-9,116],[67,147],[42,49],[139,82],[-9,121],[14,24],[6,108],[38,5],[25,-73],[49,10],[66,155],[127,54],[-9,-47],[8,-60],[21,-50],[31,-162],[37,-40],[41,-1],[1,-127],[-22,-73],[4,-111],[-22,-27],[41,-151],[8,-61],[94,-158],[7,-28],[97,-25],[76,-9],[46,-62],[49,0],[72,66],[39,72],[49,65],[61,122],[55,50],[46,0],[61,64],[55,25],[45,7],[61,-12],[4,-67],[17,-60],[36,-44],[13,-35],[-9,-45],[35,-24],[120,-190],[40,36],[28,-63],[-8,-81],[21,-133],[23,-37],[-14,-56],[-48,-71],[-34,-10],[-110,-74],[-28,-61],[7,-54],[-31,-44],[-12,-60],[25,-15],[35,-51],[0,-56],[27,-96],[-10,-41],[63,-20],[51,-98],[117,35],[150,76]],[[26633,26857],[145,37],[13,17],[-40,56],[-2,71],[-31,29],[31,33],[170,71],[15,69],[37,47],[64,60],[37,110],[38,46],[-7,59],[168,55],[92,42],[70,-19],[39,12],[74,88],[59,25],[62,5],[26,26],[16,73],[55,78],[43,42],[49,17],[16,32],[83,77],[94,68],[54,52],[40,112],[40,53],[94,22],[-10,85],[26,41],[56,24],[-16,100],[68,104],[4,38],[46,82],[-18,90],[-110,102],[-13,45],[11,55],[45,30],[49,14],[-14,45],[-41,17],[-3,49],[49,34],[14,31],[62,20],[188,26],[264,153],[73,24],[39,23],[28,55],[25,83],[63,100],[42,27],[45,0],[135,-53],[68,-56],[100,-67],[59,-28],[59,-11],[104,37],[38,35],[25,44],[114,-1],[78,-15],[121,-79],[156,106],[69,38],[27,-7],[66,-69],[47,3],[75,31],[106,-29],[40,-87],[58,16],[62,2],[44,-28],[55,-141],[24,-15],[27,-54],[112,-35],[55,-8],[24,-29],[8,-43],[50,-29],[60,-3],[10,-34],[36,-8],[49,-69],[52,-29],[52,-13],[0,-57],[32,-34],[48,-28],[103,20],[44,-37],[49,20],[28,-5],[7,-41],[25,-37],[41,-19],[-9,-68],[6,-45],[45,-62],[-50,-58],[16,-29],[58,-17],[78,-51],[81,-102],[44,-25],[125,11],[23,-20],[15,-55],[19,-15],[59,7],[29,-13],[62,-59],[58,-75],[63,-12],[31,51],[43,9],[70,-34],[15,-29],[72,-50],[12,-44],[26,-20],[45,37],[90,-55],[71,-27],[72,11],[25,29],[38,-4],[18,-38],[-4,-81],[-36,-67],[-74,-44],[-15,-83],[-27,-52],[6,-32],[51,-63],[18,-77],[-27,-75],[22,-78],[32,5],[48,-30],[38,-2],[29,-28],[101,26],[17,-16],[56,0],[-42,-75],[-49,-18],[2,-28],[-58,-45],[-2,-103],[-26,-1],[-65,-32],[47,-42],[14,-39],[-2,-91],[-14,-40],[59,-84],[49,-3],[124,53],[11,-103],[45,-4],[41,-22],[35,-63],[62,-29],[6,-40],[-28,-50],[13,-31],[-5,-51],[30,-22],[27,-57],[79,2],[24,-15],[66,0],[25,12],[59,-11],[71,17],[80,-80],[58,-8],[69,84],[15,34],[48,15],[99,-9],[52,-27],[17,-38],[-3,-130],[-14,-43],[-41,-27],[-7,-56],[10,-75],[20,-14],[23,-59],[76,-11],[23,-56],[58,-6],[40,-27],[137,-10],[38,-43],[25,-59],[-15,-46],[11,-54]],[[34893,25664],[-64,-44],[-60,8],[-20,-29],[-36,23],[-33,-19],[-85,5],[-63,26],[-13,-43],[-33,-26],[-19,-55],[-47,-19],[-241,-178],[-25,-49],[-45,-32],[-29,18],[-30,-57],[-36,12],[-53,-9],[-102,-59],[-15,-72],[-37,-37],[-61,7],[-37,-46],[-68,-33],[-47,-59],[-54,-4],[-34,-55],[-38,-17],[-28,-43],[-51,-32],[-35,7],[-60,-89],[-77,-49],[-63,-16],[-41,-89]],[[33113,24510],[-189,-98]],[[31674,23602],[-21,-51],[-30,-27],[-133,-77],[-70,-9],[2,-50],[-39,-60],[-80,16],[-36,-18],[-7,-68],[-31,-42],[-56,-17],[5,-65],[-28,-25],[-24,-49],[-23,-1],[-44,33],[-30,0],[-32,35],[-47,12],[-24,-34],[7,-32],[-44,-22],[-36,-52],[-26,-63],[-35,-38],[-163,-44],[-37,22],[-23,-46],[-57,0],[-5,-158],[-22,-50],[-35,-20],[37,-57],[-36,-43],[-69,-28],[9,-26],[53,-37],[3,-23],[-72,-52],[-35,-37],[-30,11],[-39,66]],[[25689,17383],[46,-59],[45,-29],[41,-4],[226,43],[36,43],[19,89],[62,72],[24,51],[51,55],[126,54],[318,251],[136,89],[16,2]],[[26835,18040],[22,-21],[31,-66],[13,-63],[-3,-54],[20,-68],[1,-89],[-49,-49],[-14,-39]],[[26856,17591],[-8,-58],[-22,-44],[18,-27],[5,-59],[53,-109],[44,-48],[1,-32],[-57,-113],[-45,-42],[2,-47],[-60,-87],[100,37],[36,-54],[37,-100],[7,-82],[-29,-79]],[[26938,16647],[-6,-43],[-43,-29]],[[26889,16575],[-41,93],[-83,2],[-46,22],[-57,-39],[-72,15],[-98,-31],[-49,6],[-31,77],[6,37],[-31,37],[-109,69],[-56,64],[-48,40],[-58,78]],[[26889,16575],[5,-29]],[[26894,16546],[-1,-55],[-23,-30],[9,-41],[-12,-36],[-84,4],[-102,-27],[-48,-74],[4,-62],[-18,-50],[-45,-62],[-39,-69],[-5,-52],[-25,-37],[14,-52],[-13,-28],[-46,-32],[15,-41],[-25,-19],[-39,-105],[-12,-74],[-52,-49],[-10,-80],[-35,-38],[-112,-37],[-61,-93],[-38,1],[-41,-23],[9,-51],[-31,-52],[-47,-17]],[[25981,15165],[-27,49],[1,35],[-142,71],[-22,30],[-76,-11],[-79,4]],[[26545,18761],[-26,-83],[8,-69],[-13,-55],[-30,-33],[-22,-53],[-2,-95],[13,-54],[34,-46],[16,-46],[120,-3],[92,-130],[71,-13],[29,-41]],[[26856,17591],[74,-22],[103,191],[96,54],[11,-29],[89,-78],[141,36],[110,-25]],[[27480,17718],[-25,-7],[-39,-71],[-85,-67],[-5,-62],[24,-34],[-14,-26],[10,-38],[-36,-35],[-15,-47],[-1,-59],[-16,-80],[17,-64],[-25,-46],[5,-67],[-45,-52],[-59,-96],[-47,-38],[-36,-121],[-63,-46],[-87,-15]],[[26545,18761],[90,61],[301,183],[89,-96],[121,-10],[37,23],[76,4],[175,30],[60,2],[192,37]],[[27686,18995],[-6,-48],[44,-60],[27,-81],[99,-33],[-34,-32],[-28,-86],[17,-34],[-31,-26],[-31,9],[-37,-63],[1,-38],[-20,-29],[43,-69],[-43,-155]],[[27687,18250],[28,-70],[-72,-96],[4,-43],[-20,-87],[13,-75],[-5,-32],[-40,-19],[-55,-45],[-60,-65]],[[25812,20281],[111,34],[155,25],[129,6],[104,-5],[112,-19],[211,-48],[127,-14],[94,10],[80,18],[107,46],[55,36],[123,106],[420,384],[88,63],[96,42],[142,34]],[[27966,20999],[3,-26],[38,-37],[36,-4],[87,-96],[-45,-168],[13,-62],[29,-46],[-11,-117],[-16,5],[-17,-113],[-49,5],[-7,-95],[-41,-20],[10,-36],[-18,-58],[-27,-33],[11,-52],[-77,-31],[-24,17],[-88,24],[-105,64],[-10,-30],[-65,-46],[-52,-15],[-20,68],[-61,2],[-53,14],[-47,-29],[-114,-4],[-16,-65],[57,-24],[-7,-45],[15,-75],[46,-29],[70,-12],[32,36],[67,-16],[83,37],[34,-44],[51,27],[21,-15],[-31,-53],[6,-39],[33,-12],[-36,-84],[-3,-52],[-24,-72]],[[27644,19543],[-62,-121],[20,-31],[-98,-80],[42,-54],[-7,-25],[-43,-43],[1,-48],[64,17],[31,22],[16,-47],[64,29],[3,-85],[33,5],[20,-31],[-39,-25],[-3,-31]],[[28709,21514],[2,-70],[-59,-50],[-34,-41],[-27,-101],[-56,-60],[-40,-74],[-529,-119]],[[29543,21542],[17,-19],[-7,-43]],[[29553,21480],[-45,-164],[-35,-16],[16,-40],[-12,-61],[14,-74],[-31,-97],[-65,-33],[17,-43],[32,-14],[-18,-41],[15,-34],[-32,-20],[-38,-48],[-45,-28],[-40,-121],[-70,-47],[-36,4],[-44,-46],[-49,3],[-53,-36],[27,-39],[6,-97],[-8,-28],[16,-73],[33,-90],[31,-11],[45,-125],[2,-38],[47,-83],[-11,-43],[12,-28],[-30,-99],[-96,24],[-45,0],[-49,-70],[-28,-20],[-45,-65],[-21,-53],[3,-47],[72,-32]],[[28995,19507],[-206,-161],[-45,-10],[-78,-42],[-22,18],[-54,-18],[-41,46],[-54,-19],[-35,25],[1,35],[-34,39],[-41,-3],[-54,34],[-54,-35],[-42,2],[-40,21],[-25,-15],[-67,23],[-122,2],[-78,43],[-47,-2],[-120,59],[-53,6],[-40,-12]],[[28995,19507],[31,34],[63,-14],[56,48],[81,7],[64,25],[68,4],[50,34],[81,25],[40,-1],[51,-22],[49,6],[83,-103],[38,-145],[4,-89],[-27,-155],[-68,-110],[-43,-8],[-22,-60],[48,-160],[-10,-55],[-51,-47],[59,-21],[19,-74],[54,-142],[7,-40],[100,-83],[-35,-178]],[[29785,18183],[-25,-124],[20,-55],[-31,-53],[-82,-8],[-59,-36],[-16,-24],[38,-58],[-67,-7],[-32,-68]],[[29531,17750],[-52,13],[-287,-15],[-21,242],[-207,-23],[-303,-42],[-79,-5],[-41,8],[-307,116],[-304,113],[-243,93]],[[29531,17750],[7,-85],[-25,-25],[-120,-9],[-121,16],[-45,-49],[-16,-163],[12,-74],[68,-32],[-16,-53],[-41,-20],[6,-83],[-83,-128],[-26,-75],[-31,-40]],[[29100,16930],[-47,-52],[-97,-61],[-24,-30],[9,-33],[191,-167],[63,-64],[85,-100],[83,-121],[71,-60]],[[29434,16242],[-138,-188],[-60,-36],[-59,4],[-45,72],[-38,-25],[7,-30],[-90,-49],[-14,-65],[-75,13],[-19,-33],[-6,-81],[-66,-68],[-9,-56],[-27,-39],[6,-26],[-31,-26],[11,-25],[-31,-45],[-36,-127],[-21,-38]],[[28693,15374],[-12,26],[-47,27],[40,62],[-17,82],[-64,36],[-68,11],[-58,43],[-68,109],[-2,93],[6,121],[10,45],[0,136],[-97,84],[-40,-74],[-60,-16],[-21,29],[9,29],[-7,83],[-67,150],[-37,60],[-25,19],[28,94],[-23,17],[-66,-4],[-44,-32],[-122,-53],[-188,23],[-69,26],[-65,5],[-99,73],[-44,147],[-69,-79],[-21,-43],[-66,-41],[-67,-19],[-55,-32],[-91,-80],[-16,-25],[-97,40]],[[29434,16242],[54,-36],[91,-90],[28,-48],[53,-53],[40,-107],[17,-144],[17,-61],[-8,-36],[7,-122],[40,-32],[-5,-48],[37,-31],[31,-1],[27,-37],[52,-32],[-39,-81],[-26,-17],[-34,-64],[20,-129],[-18,-55],[-50,-70],[9,-67],[-32,-68],[28,-87],[105,-120],[25,-14],[13,-121],[40,-30],[10,-61],[-22,-76],[32,-56],[13,-47],[35,-41],[2,-34],[36,-64],[-18,-77],[-45,-41],[-20,-67],[-32,-32],[38,-31],[-3,-71],[-37,-8],[-18,-51],[25,-64],[-26,-118],[31,-45],[-12,-56],[-81,-14],[10,-60],[-30,-46],[-34,-22],[-20,-63],[-79,-98],[-18,-60],[-9,-93],[24,-28],[-40,-22],[-10,-63],[-40,-2],[-63,-38],[-59,-18],[-15,-47],[-67,-12],[-23,-20],[-59,-6],[3,-70],[-54,-25],[-28,14],[-50,-65],[-50,-6],[-32,-34],[-75,-4],[3,-35],[-93,-13],[-43,-33],[-31,-60],[-61,-22],[-57,-69],[-49,-7],[-27,-34],[17,-61],[31,-31],[-8,-51],[12,-28],[50,-27],[0,-48],[-23,-4],[-4,-48],[-29,-56],[35,-59],[14,-78],[-60,-81],[-3,-78],[-31,-46],[-45,-5],[-76,-57],[-5,-59],[-43,-49],[-30,-12],[-70,-65],[-9,-52],[-39,-98],[-63,-32],[-7,-29],[-43,-54],[-55,-50],[-62,-8],[-99,-86],[-51,-20],[-22,-23]],[[27970,10831],[-48,30],[110,93],[53,79],[2,69],[-71,48],[-39,-15],[-61,40],[-51,63],[-13,79],[-92,61],[-7,36]],[[27753,11414],[38,12],[-25,51],[8,36],[35,44],[-19,35],[-14,72],[25,22],[-17,96],[10,19],[-12,67],[31,86],[-17,40],[43,59],[1,115],[34,36],[-15,68],[-27,18],[-101,-8],[-16,-36],[24,-43],[-6,-69],[-22,-46],[-53,-17]],[[27658,12071],[-10,110],[-28,38],[-8,59],[8,97],[12,32],[-4,98],[-23,20],[-41,80],[-61,52],[-40,100],[11,77],[-17,41],[-4,54],[20,69],[-52,143],[-38,31],[-60,26],[-58,57],[-102,84],[-41,43],[-35,84]],[[27087,13466],[6,42],[41,19],[72,111],[86,83],[23,-4],[73,74],[34,23],[27,46],[0,38],[57,33],[16,31],[57,15],[80,107],[-24,45],[43,38],[29,106],[48,75],[38,36],[9,47],[45,43],[24,42],[41,14],[7,38],[51,8],[44,24],[38,50],[57,17],[36,93],[72,40],[50,59],[162,16],[26,38],[39,9],[15,28],[-8,129],[16,137],[95,107],[36,5],[45,46]],[[27087,13466],[-46,38],[-77,32],[-32,40],[-69,10],[-23,31],[6,34],[-62,76]],[[26784,13727],[32,33],[8,94],[24,87],[4,50],[53,32],[-24,53],[60,21],[11,60],[-36,58],[39,19],[1,50],[-42,25],[0,51],[29,108],[-9,57],[-103,-58],[-42,-50],[-70,-14],[-39,-52],[-66,-27],[-93,-15],[-36,53],[-79,6],[-34,47],[-120,10],[-50,48],[-51,99],[-5,97],[-32,86],[-7,64],[-34,43],[-13,50],[-47,65],[-32,188]],[[31989,16833],[53,233],[-21,134],[-174,217],[13,35],[-50,58],[-49,110],[-3,66],[-20,49],[-119,50],[-51,66],[-62,44],[-83,-18],[-85,35],[-63,1],[-27,15],[-28,60],[18,38]],[[31238,18026],[208,159],[203,146],[137,81],[367,175]],[[32153,18587],[14,-96],[51,6],[3,-176],[67,-15],[72,-82],[83,-23],[-12,-40],[41,-12],[-14,-50],[145,-78],[69,-50],[32,1],[50,-25],[73,-77],[12,-140],[50,-48],[65,-46],[-61,-47],[-9,-21],[-49,-20],[-9,-33],[-73,-17],[-55,-29],[-48,-70],[-58,-46],[5,-48],[-54,-27],[-59,42],[-7,-78],[-59,-10],[-15,-37],[-39,2],[-85,-67],[-64,-15],[-11,-56],[-86,-113],[-129,-113]],[[31238,18026],[12,21],[-23,42],[3,40],[-34,111],[-26,48],[-78,86]],[[31092,18374],[19,30],[-35,139],[13,50],[-9,29],[42,30],[41,93],[39,112],[38,78],[-1,47]],[[31239,18982],[33,2],[104,-37],[30,-35],[39,-12],[62,6],[38,-15],[43,-84],[28,-34],[20,42],[43,30],[58,7],[25,20],[47,74],[22,76],[51,49],[43,-6],[138,21],[69,97],[55,-5],[39,94],[16,153],[61,6],[92,-43],[105,-92],[163,-114]],[[32663,19182],[-92,-77],[-6,-51],[-57,-58],[9,-70],[60,-59],[-7,-53],[22,-50],[50,-37],[73,-11],[0,49],[35,-15],[33,16],[0,63],[47,-32],[-31,-56]],[[32799,18741],[-81,-44],[-59,-21],[-143,22],[-50,-2],[-141,-35],[-74,-25],[-98,-49]],[[32799,18741],[17,-45],[37,-30],[36,-65],[-1,-34],[20,-84],[48,-2],[45,-28],[26,-49],[-35,-87],[24,-7],[36,-88],[7,-87],[76,-30],[34,14],[48,-101],[80,17],[40,-20],[29,11],[32,-29],[56,-95],[-47,-44],[29,-45],[-37,-19],[-19,-43],[8,-68],[78,-90],[16,18],[55,14],[42,-8],[51,15],[44,-8],[-11,-36],[51,-12],[70,27],[72,-2],[73,-35]],[[33929,17566],[30,-98],[15,-125],[-28,-106],[10,-46],[-39,-46],[-85,5],[-171,-22],[2,-34],[-23,-62],[-66,-91],[-8,-100],[-46,-83],[-79,-66],[-6,-16],[-75,-63],[-44,-49],[-78,-109],[-64,-4],[-84,-45],[-129,53],[-98,-7],[-13,-34],[-63,-54],[-26,-61],[118,-95],[25,-33],[63,-54],[69,-78],[36,-22],[-7,-43],[-48,-29],[-17,-91],[-29,-19],[-98,-9],[-49,-85],[-34,-42],[-125,-31],[-51,2],[-27,34],[-39,153],[-51,69],[-73,-8],[22,85],[-58,110],[-58,1],[-49,16],[-50,64],[13,88],[-18,49],[-61,37],[-109,39],[-53,-28],[-25,11],[-36,87]],[[31942,16481],[42,210],[5,142]],[[31942,16481],[-176,115],[-82,-6],[-21,-54],[-49,42],[-190,-22],[0,-62],[-64,0],[1,65],[-79,-8],[-98,-223],[-40,50],[-14,36],[-38,-4],[-52,28],[-33,-16]],[[31007,16422],[-39,24],[-14,76],[-39,23],[-64,116],[-7,60],[19,7],[-1,54],[15,30],[64,54],[9,82],[-15,11],[34,73],[-34,43],[-12,47],[-27,16],[-19,46],[-103,51],[-24,-9],[-41,61],[-53,11],[-15,32],[-61,49],[-18,44],[-56,56],[7,65],[-9,29],[-50,64],[-78,68],[-13,40],[-41,40],[-124,-5],[-29,15],[-32,72],[-1,41],[55,55]],[[30191,17963],[85,36],[28,29],[-12,38],[53,35],[-13,56],[31,4],[39,66],[49,-2],[21,57],[52,0],[-15,-39],[50,0],[45,-18],[66,84],[33,28],[46,7],[19,-18],[-30,-41],[57,-20],[64,30],[46,-20],[33,6],[25,-41],[26,33],[87,39],[-22,64],[38,-2]],[[29785,18183],[110,-98],[50,25],[19,-41],[40,1],[26,-44],[34,54],[24,-29],[-23,-73],[34,-13],[63,27],[29,-29]],[[31007,16422],[-141,-148],[2,-69],[-22,-48],[-49,-64],[-84,-18],[-54,-143],[-30,-9],[-58,68],[-51,98],[-82,74],[-44,14],[-106,53],[-97,31],[-28,39],[-77,75],[-46,20],[2,108],[-192,60],[-366,158],[-56,17],[-195,19],[-100,74],[-1,63],[-32,36]],[[29553,21480],[175,-121],[52,-41],[148,-101],[291,-206],[49,-40],[15,-34],[40,-199],[0,-43],[59,-502],[32,-101],[37,-63],[65,-55],[122,-73],[93,-34],[38,-65],[-10,-48],[24,-35],[-27,-63],[30,-56],[-39,-91],[24,-38],[125,-5],[20,-42],[-10,-54],[57,-55],[1,-34],[26,-38],[-2,-32],[-34,-37],[-6,-78],[50,-47],[66,-8],[37,-18],[54,-52],[84,11]],[[33113,24510],[30,-64],[-9,-197],[1,-73],[23,-55],[34,-199],[-28,-100],[35,-38],[32,-62],[11,-77],[-56,-76],[-39,-23],[2,-65],[-20,-52],[11,-64],[-23,-57],[-43,-42],[26,-52],[2,-62],[-32,-26],[-23,-79],[-7,-133],[43,-73],[30,1],[53,-34],[34,-39],[15,-42],[79,-95],[53,-51],[17,-38],[81,-90],[27,-49],[-49,-48],[-14,-45],[66,-40],[45,-61],[49,-9],[16,-19],[-15,-46],[37,-75],[-15,-48],[-51,-40],[-39,-1],[-35,-34],[-24,5],[-41,-56],[-21,-50],[-59,-14],[-34,-37],[-60,-32],[-35,-82],[41,-43],[49,-75],[62,-22],[13,-35],[92,-75],[27,-7],[51,-70],[137,-159],[49,35],[42,9],[103,76],[62,-24],[78,26],[27,40],[63,-13],[65,17],[29,19],[62,-9],[16,16],[85,-42],[18,-30],[73,-25],[45,-50],[35,-73],[-10,-72],[62,-82],[37,-8],[96,-54],[23,-33],[8,-54],[-11,-57],[15,-94],[34,-9],[45,25],[49,8],[27,-44],[105,17],[123,51],[49,-15],[37,15],[40,46],[53,-13],[32,14],[71,-12]],[[35402,20787],[-15,-77],[-38,-72],[-174,-146],[-94,-27],[-91,-16],[-78,-2],[-80,20],[-124,48],[-124,-41],[-40,-74],[-47,-46],[-377,-99],[-63,-73],[-88,-70],[-60,-15],[13,-43],[-31,-19],[-211,-159],[-35,-71],[-42,-63],[-74,-13],[-29,-17],[-78,-185],[16,-45],[-17,-49],[-58,-35],[-31,-65]],[[33332,19333],[-226,301],[-90,-67],[-16,-41],[-30,-2],[-45,-43],[5,-29],[-36,-45],[-77,-22],[-23,-53],[-69,-35],[-29,-43],[-3,-43],[-30,-29]],[[35402,20787],[47,-22],[34,26],[135,26],[47,-30],[171,-147],[194,-155],[167,-126],[34,-43],[28,-57],[29,-17],[13,-71],[72,-90],[5,-31],[-16,-52],[10,-33],[65,-27],[-21,-78],[-1,-50],[17,-66],[-39,-51],[23,-74],[23,-16],[27,-54],[-90,-20],[-56,-32],[-42,-6],[-88,-39],[-56,-41],[-69,1],[-13,-58],[18,-46],[-21,-73],[-32,-50],[13,-56],[-31,-69],[16,-96],[-15,-60],[-68,6],[-69,-63],[-16,-47],[-53,-46],[-36,25],[-40,66],[-43,-14],[-57,-55],[-10,-38],[31,-71],[-22,-74]],[[35617,18593],[-21,-11],[-82,56],[-34,41],[-79,27],[-32,59],[4,53],[-30,58],[-22,15],[-107,-16],[-71,-42],[-34,-36],[-29,39],[-71,-15],[-9,67],[-24,38],[-32,5],[-68,-20],[-51,17],[-10,-35],[7,-58],[-20,-26],[19,-62],[-36,0],[-84,25],[-12,-24],[66,-84]],[[34755,18664],[-33,6],[-48,-44],[-42,-15],[-53,55],[-20,55],[-38,39],[-10,40],[-84,87],[-8,30],[-140,-27],[-25,-26],[-114,-57],[-47,4],[-114,-31],[-34,38],[-144,109],[-142,70],[-35,63],[-87,64],[-205,209]],[[34755,18664],[83,-115],[14,-42],[31,-24],[26,-45],[23,-91],[22,-32],[-127,-87],[-102,-83],[-96,-130],[-49,-103],[9,-59],[-11,-73],[27,-97],[33,-41],[-29,-29],[5,-99],[-50,-36],[-26,-113]],[[34538,17365],[-609,201]],[[34538,17365],[15,17],[65,-33],[32,4],[27,-50],[45,-15],[41,21],[69,-18],[40,-34],[21,-81],[117,-105],[62,-3],[30,-25],[23,-55],[6,-47],[86,-88],[54,-90],[-1,-70],[30,-96],[7,-50],[-9,-82],[-18,-58],[-36,-23],[-13,-48],[-1,-140],[22,-83],[-34,-25],[5,-61],[-16,-17],[78,-250],[-5,-18],[39,-99],[-19,-81],[17,-39],[-11,-37],[-36,-25],[17,-27],[19,-86],[-26,-70],[-56,-84],[-28,-82],[-57,-39],[-10,-42],[-29,-37],[16,-38],[-23,-16],[49,-128],[33,-28],[29,-115],[52,-81],[25,-112],[-40,-46],[-33,-60],[24,-25],[-44,-50],[-8,-100],[13,-41],[-113,-109],[-85,-59],[-24,-65],[25,-12],[11,-76],[-29,-52],[30,-33],[-9,-58],[-98,-50],[-1,-30],[-33,-44],[1,-43],[53,-60],[42,14],[90,2],[95,52],[65,19],[60,-22],[56,28],[75,5],[31,26],[44,-16],[10,-69],[19,-52],[-13,-53],[10,-135],[-41,-89],[26,-13],[-2,-69],[12,-19],[-39,-43],[-11,-71],[17,-18],[-27,-51],[-32,-32],[-32,-56],[-50,-143],[-22,-9],[-7,-58],[-40,-23],[-27,-68],[10,-56],[-35,-28],[-24,-46],[-45,-157],[-3,-35],[-78,-89],[-59,-101],[-30,-25],[-109,-165]],[[34857,11798],[-44,54],[-4,61],[-46,56],[-34,6],[-62,-66],[-27,-70],[-66,13],[-113,-126],[-80,-52],[-27,-69],[-56,-31],[-71,38],[30,79],[-30,6],[-9,51],[-45,8],[27,48],[11,77],[-77,-15],[-16,16],[-47,-14],[-2,-64],[-57,-62],[-35,-85],[-38,-45],[-18,-92],[-18,-7],[-117,25],[-28,-21],[-35,-60],[-44,-43],[-39,60],[-57,-30],[-84,15],[-77,-73],[-73,-120],[-51,-58],[-114,-53],[-46,4],[-45,62],[-51,28],[-55,4],[-35,-14],[-76,-62],[-16,-1],[-87,50],[-49,42],[-83,-37],[13,-40],[-68,-67],[-51,27],[-18,-31],[-2,-66],[-20,-12],[-26,-62],[-13,-65],[11,-33],[-13,-75],[-44,-5],[-23,22],[-59,2],[-24,32],[-85,-6],[-109,-100],[1,-41],[-82,-131],[-30,-61],[-77,9],[-67,51],[-45,-9],[-68,40],[-62,-1],[-4,24],[-56,-10],[-106,18],[14,44],[-27,28],[26,43],[-4,120],[-13,25],[-39,6],[-61,45],[-145,-68],[-21,-25],[-61,16],[-28,34],[-54,34],[-27,39],[-81,8],[-33,92],[-72,-9],[-35,42],[-66,-22],[-75,18],[-46,-14],[-32,47],[-68,27],[-39,-29],[-22,-51],[-27,-18],[-16,-72],[-20,-32],[-46,-18],[-37,-38],[-23,-105],[-50,3],[-20,-25],[9,-110],[35,-88],[-31,-71],[-27,-33],[1,-31],[-66,-46],[-113,-56],[-48,-14],[11,-41],[-4,-72],[-70,-80],[-87,-79],[-61,27],[-145,-63],[-90,4],[-72,-25],[-60,48],[-68,-20],[-77,-58]],[[29303,9978],[-19,29],[-45,19],[-22,28],[-63,28],[-21,36],[16,57],[-52,55],[19,60],[-65,162],[-63,68],[-25,11],[-60,66],[-43,10],[-48,76],[-66,28],[-38,-35],[-33,-56],[-74,26],[-60,-3],[-36,44],[-110,49],[-57,3],[-69,27],[-31,-20],[-27,72],[-30,14],[-27,54],[-88,-49],[-10,-37],[-39,23],[-47,8]],[[35617,18593],[36,-23],[58,-9],[-5,-71],[10,-52],[90,-39],[14,-57],[-8,-41],[-58,-46],[-45,-5],[-23,-50],[18,-104],[24,-65],[-5,-48],[72,-28],[29,-57],[121,-46],[44,2],[56,-23],[110,-20],[48,-41],[83,-31],[62,28],[66,8],[8,35],[62,26],[102,-4],[28,20],[43,-12],[47,31],[39,-18],[48,3],[19,65],[45,9],[27,59],[38,5],[23,64],[25,28],[-27,76],[-8,51],[25,9],[24,73],[49,-10],[46,12],[117,-48],[16,-54],[40,-43],[45,8],[36,-16],[21,-31],[44,-6],[119,65],[91,-13],[91,41],[76,0],[70,26],[27,25],[14,48],[24,22],[73,38],[58,74],[56,28],[53,40],[61,-7],[47,30],[58,-33]],[[38314,18491],[58,-40],[29,-73],[43,1],[75,-17],[18,-42],[-17,-65],[4,-50],[44,-22],[29,-93],[39,-46],[-22,-46],[-58,-32],[-72,-80],[27,-14],[43,21],[41,-37],[-2,-40],[23,-33],[67,-30],[63,9],[32,-16],[92,82],[131,13],[47,-5],[25,-22],[22,-61],[20,-97],[-41,-55],[-16,-49],[26,-73],[81,-97],[0,-513],[-4,-365],[949,-6],[28,-158],[57,-220],[74,-204],[24,-81],[38,-84],[-8,-129],[-35,-126],[-84,-127],[-109,-96],[-74,-76],[-133,-90],[-85,-70],[-36,-44],[-49,-78],[-73,-53],[-27,-37],[-81,-64],[-39,-47],[-100,-63],[-62,-13],[-3,-18],[73,-14],[80,-28],[91,29],[126,13],[19,-44],[42,-18],[66,49],[31,1],[104,60],[38,-26],[51,-68],[35,-13],[38,12],[68,80],[23,-34],[-24,-65],[49,-29],[93,-33],[-6,-72],[-113,-44],[-2,-37],[19,-40],[-74,2],[-31,12],[-45,-60],[-11,-59],[17,-18],[70,-21],[-1,-54],[24,-14],[0,-84],[-90,33],[-54,7],[-39,-29],[0,-37],[38,-26],[51,-10],[10,-33],[-70,-92],[10,-21],[82,-5],[29,-71],[68,28],[76,-4],[8,52],[79,42],[80,-1],[17,54],[78,-23],[-36,-64],[22,-13],[44,21],[-13,-68],[10,-20],[-11,-137],[41,2],[77,-41]],[[40690,13547],[4,-81],[10,-19],[-31,-65],[32,-61],[-31,-77],[-16,-94],[-26,-20],[-114,-26],[-7,-64],[-55,-15],[19,-63],[32,-6],[9,-82],[29,-31],[60,-5],[8,-16],[-27,-75],[-71,-2],[-51,-40],[-36,0],[-13,-41],[26,-23],[-4,-40],[-50,-39],[-128,-118],[-57,-29],[-77,-66],[-44,37],[-47,-14],[-126,28],[-37,-60],[-59,2],[-129,-31],[-55,-20],[-27,27],[9,43],[-39,35],[-80,-19],[-19,6],[-21,89],[65,44],[-14,47],[-36,13],[-44,-17],[-93,-5],[-82,-33],[-128,-43],[-107,4],[-56,89],[-61,-24],[-32,1],[-41,28],[-72,-58],[-82,-19],[-30,-35],[-59,9],[-99,-78],[-32,-49],[-64,-47],[-41,-82],[-43,-11],[-53,46],[-35,-28],[-40,10],[-45,-16],[-26,-34],[-38,-14],[-125,-78],[-101,-14],[-89,-58],[-23,-44],[-58,-31],[-137,-91],[-98,-18],[-12,-21],[-76,31],[-93,-40],[-28,-47],[-44,-41],[-45,-25],[-154,-48],[-45,25],[-88,0],[-33,-17],[-79,34],[-39,-8],[-113,50],[-58,36],[-54,-9],[-39,31],[-76,25],[-98,-3],[-38,-69],[-47,-48],[-29,-7],[-44,-43],[-53,-13],[-38,-60],[19,-31],[-21,-31],[9,-27],[-53,-43],[4,-38],[-26,-26],[-71,-21],[-78,-46],[-69,2],[-67,-47],[-49,-13],[-26,9],[-80,-33],[-27,6],[-62,-24],[-69,6],[-137,22],[-112,-4],[-30,-15],[-87,-74],[-105,-7],[-38,-12],[-23,18],[7,64],[-84,53],[-27,57],[128,80],[26,35],[88,-31],[43,2],[23,62],[-17,53],[-53,-12],[-18,66],[-47,25],[-5,22],[78,80],[16,55],[-16,36],[-50,18],[-46,-7]],[[38314,18491],[87,20],[57,24],[61,42],[51,2],[28,26],[23,68],[31,14],[39,48],[14,40],[86,90],[-5,72],[36,50],[67,71],[63,8],[53,42],[143,82],[39,40],[56,17]],[[39243,19247],[42,-20],[24,-50],[41,-1],[55,26],[44,-15],[95,-69],[37,52],[72,142],[51,8],[56,-42],[60,36],[39,-1],[34,31],[49,-14],[84,27],[62,-42],[56,8],[26,-53],[62,-8],[46,7],[50,-51],[65,-20],[27,10],[62,-39],[92,-15],[28,-35],[43,-28],[33,-41],[6,-52],[31,-11],[67,9],[44,29],[56,-64],[46,28],[54,4],[45,30],[24,-6],[96,19],[19,18],[16,67],[66,59],[115,71],[98,6],[72,16],[29,47],[73,77],[89,-51],[40,-1],[92,50],[121,99],[126,-17],[22,28],[4,44],[74,71],[49,76],[116,40],[95,-16],[88,52],[190,44],[19,17],[82,26],[16,88],[40,71],[34,29],[33,5],[52,-16],[93,51],[1,25],[75,-32],[60,-101],[-36,-92],[3,-33],[29,-71],[94,-76],[106,-52],[44,-64],[17,24],[97,-13],[28,-56],[78,-13],[39,11],[58,-38],[59,-19],[9,-58],[25,-62],[12,-93],[42,-35],[43,-11],[34,39],[63,-7],[25,63],[68,0],[25,-31],[95,26],[31,23],[54,-4],[11,32],[79,100],[44,-35],[53,5],[36,-38],[38,-8],[58,30],[51,-34],[-1,-32],[31,-31],[-13,-29],[-66,-9],[23,-124],[8,-81],[-42,-13],[-28,-123],[58,-37],[13,-52],[148,-25],[138,14],[127,31],[61,9],[37,33],[30,-10],[65,-83],[58,3],[41,15],[70,-61],[75,4],[54,-9],[21,-48],[-11,-35],[-44,-45],[-10,-60],[-22,-40],[30,-20],[53,-65],[-7,-56],[-18,-26],[33,-38],[59,-31],[84,-19],[24,-28],[8,-43],[-29,-81],[26,-77],[40,-59],[129,-93],[51,-61],[27,-65],[-8,-53],[-38,-135],[24,-50],[-29,-94],[13,-67],[-16,-83],[17,-25],[51,-7],[65,-72],[27,-52],[59,-32],[-7,-51],[-92,-42],[-62,-47],[-32,-6],[34,-71],[33,-27],[-1,-52],[23,-43],[67,-51],[57,-14],[56,20],[76,15],[67,-2],[58,-93],[-6,-113],[-38,-23],[-117,-4],[7,-47],[-15,-67],[-72,-31],[-49,-160],[42,-12],[96,11],[28,-23],[40,5],[23,-42],[-6,-103],[-54,-32],[-79,-86],[-45,-13],[-37,-109],[-48,-28],[-42,-58],[18,-41],[100,-26],[88,10],[34,19],[95,4],[80,53],[51,10],[34,92],[38,62],[72,32],[77,-21],[45,-55],[0,-24],[-39,-105],[-33,-45],[15,-39],[12,-86],[114,-35],[74,-37],[89,50],[-5,44],[125,58],[50,50],[56,18],[54,-28],[20,-26],[29,-100],[27,-27],[8,-85],[-51,-32],[3,-52],[45,-23],[-4,-71],[67,-62],[22,-43],[-7,-58],[39,-65],[15,-54],[-27,-51],[-58,-48],[20,-61],[46,0],[57,-27],[25,-37],[12,-46],[-30,-34],[-144,-56],[-51,-57],[-13,-58],[-64,-69],[-26,-44],[-40,-25],[-35,-121],[-65,-31],[-32,34],[-8,68],[-34,25],[-84,-52],[-55,-44],[-50,-67],[-27,-21],[-68,-96],[-39,-22],[-65,-11],[-71,-52],[-67,-110],[-92,11],[-37,-33],[-30,4],[-21,-63],[-39,-42],[-26,-61],[-61,-50],[-1,-52],[-80,-68],[-13,-32],[-47,-30],[-70,4],[-125,-77],[-39,-5],[-31,46],[-96,-2],[-84,-50],[-45,-10],[-44,12],[-29,-12],[-52,10],[-62,-53],[-19,-68],[-75,-24],[-48,-60],[-34,-63],[-50,-3],[-65,-59],[-72,-15],[-23,-45],[-37,-17],[-86,27],[-68,4],[-64,41],[-38,71],[-19,4],[-47,-40],[-101,-114],[-85,19],[-15,24],[20,74],[-47,22],[-65,67],[-81,23],[-154,-27],[-67,14],[-58,33],[-45,-25],[-78,-25],[-130,-5],[-53,58],[-83,16],[-74,-47],[-68,-32],[17,81],[-49,19],[-49,-15],[-64,27],[22,56],[-68,9],[-21,51],[-27,23],[-65,4],[-69,-12],[-12,28],[39,65],[34,87],[48,37],[34,-23],[53,30],[10,22],[-34,85],[7,100],[-49,29],[61,123],[6,49],[-34,5],[-44,105],[-29,-1],[-26,-54],[-67,64],[-89,-11],[-63,26],[-50,77],[-11,34],[-52,26],[5,-42],[-45,-33],[-67,81],[-54,-39],[-37,-87],[-52,29],[-17,-47],[7,-61],[-56,-32],[-30,-48],[33,-42],[-10,-43],[-44,-40],[-43,0],[-11,45],[-64,16],[-37,35],[-55,8],[-43,-60],[-41,-18],[-48,17],[-26,64],[-37,7],[-44,-30],[-58,-4],[-8,-32],[-40,-16],[-103,37],[-61,-21],[-13,36],[-80,-8],[-6,-27],[-43,-29],[-27,-42],[-43,-25],[-30,19],[-49,-35],[-74,24],[-8,31],[-83,24],[-35,-39],[-57,-12],[-104,-103],[-34,-45],[-66,-57],[-12,-44],[-85,-26],[-27,27],[-45,14],[-85,-40],[-19,-32],[-39,1],[-30,-38],[-59,39]],[[34893,25664],[55,4],[34,-29],[-9,-52],[10,-44],[-12,-53],[8,-54],[12,-197],[-51,-88],[-2,-53],[25,-35],[158,-98],[60,-47],[14,-43],[39,-64],[175,-102],[52,-67],[17,-43],[39,-5],[52,-45],[83,23],[86,-21],[28,-20],[57,-89],[14,-51],[66,-39],[45,-62],[2,-82],[24,-81],[34,-32],[24,-64],[56,-65],[72,30],[23,-61],[42,-38],[34,2],[20,-84],[42,-43],[-15,-49],[42,-18],[21,-45],[31,-15],[70,9],[14,-50],[-7,-38],[32,-45],[14,-71],[57,-85],[47,-51],[49,-81],[62,-58],[41,-76],[21,-12],[75,-83],[67,-30],[31,31],[27,-7],[66,-56],[36,-47],[84,10],[97,-22],[41,44],[14,41],[50,15],[122,-29],[-15,-47],[-1,-64],[23,-12],[36,32],[46,3],[12,77],[47,27],[18,28],[49,0],[9,45],[31,41],[50,22],[77,-2],[112,-21],[54,-77],[7,-33],[38,-51],[28,-62],[-22,-62],[46,-109],[0,-58],[24,-18],[-6,-120],[44,-57],[75,-134],[17,-42],[-5,-103],[34,-58],[33,-78],[14,-57],[86,-46],[74,-15],[54,-33],[79,56],[29,6],[39,-115],[0,-51],[19,-41],[5,-59],[46,-61],[52,23],[65,-6],[41,13],[3,35],[48,19],[12,-35],[56,-13],[50,-29],[33,-61],[12,-58],[35,-50],[-8,-43],[21,-43],[43,-50],[29,-54],[31,-142],[71,-65],[8,-23],[53,-24],[105,-68],[26,-60],[4,-60],[-33,-77],[25,-71],[-18,-32],[-67,-60],[4,-87],[-43,-38],[-54,-88],[-8,-51],[4,-74],[-37,4],[-49,-19],[-23,-29],[-1,-42],[-28,-40],[-54,-41],[-93,-26],[-27,-53],[111,-77],[49,-60],[24,-92],[24,-40],[57,-23],[56,-112],[-3,-75],[36,-141],[-89,-62],[-73,-24],[-53,-34]],[[19928,14743],[-2,257],[25,0],[18,139],[19,80]],[[19988,15219],[147,-5],[0,125],[48,-17],[0,-109],[354,-10],[26,3],[-3,58],[101,-35],[46,-30]],[[20707,15199],[51,-36]],[[20758,15163],[-184,-121],[-50,-53],[-12,-92],[-67,0],[-55,-44],[-60,59],[-77,8],[-3,-106],[-39,-30],[48,-102],[-52,-19],[-23,46],[-46,0],[0,-43],[-135,55],[-22,-13],[-53,35]],[[19733,14684],[78,-69],[68,13],[-60,61],[66,73],[43,-19]],[[20758,15163],[35,-38],[110,-196]],[[20903,14929],[-83,-56],[-56,-75],[-18,-58],[-33,-295],[-23,-123],[-96,-55],[-17,-136],[-34,-18],[-59,111],[-74,57],[-41,-67],[-87,-34],[-82,-118]],[[20200,14062],[-99,28],[-30,0],[-45,-37],[-49,7],[-53,70],[-161,180],[-75,69]],[[19776,15336],[5,29],[99,-43],[0,-69],[29,-32],[79,-2]],[[20809,15556],[104,-159],[-42,-6],[-2,-47],[21,-120],[-91,-17],[-60,12],[-32,-20]],[[21209,13368],[-75,74],[16,12],[-35,53],[45,32],[-32,30],[25,25],[-54,49],[-115,56],[-14,62],[27,10],[-1,84],[27,14],[-2,63],[-35,0],[-39,-30],[-38,36],[40,27],[0,66],[-44,9],[183,101],[-56,101],[-39,-3]],[[20993,14239],[88,63],[22,42],[5,63],[64,38]],[[21172,14445],[62,27],[25,-52],[67,7],[7,-38],[41,7],[38,54],[-17,47],[5,51],[30,25],[66,-9]],[[21496,14564],[-10,-69],[130,-17],[-5,-34],[64,-8],[5,33],[48,-6],[-63,-92]],[[21665,14371],[-31,-9],[-118,-259],[61,-39],[-75,-107],[-3,-18],[161,-76]],[[21660,13863],[-2,-18],[54,-47],[69,-77],[-31,-10],[10,-54],[-10,-37],[6,-82],[104,36],[82,54],[91,-48],[62,-110],[-206,-90],[-69,-22],[-35,2],[-20,36],[-53,-29],[26,-48],[-63,-3],[1,-43],[-20,-74],[-86,22],[-37,-1],[-19,-24],[-132,141],[-30,26],[-26,63],[-30,22],[-49,-32],[-38,-48]],[[21209,13368],[-32,-78],[0,-60],[-13,-73],[-71,-91],[-143,-100],[-37,-11],[-7,-32]],[[20906,12923],[-139,-36],[-110,25],[-23,16],[-33,91],[-5,50],[37,30],[10,47],[3,95],[-25,55],[3,68],[21,56]],[[20645,13420],[-1,71],[-215,329]],[[20429,13820],[51,-37],[7,-40],[76,-7],[35,8],[53,34],[48,14],[44,28],[34,53],[10,47],[4,98],[73,108],[129,113]],[[20903,14929],[269,-484]],[[20429,13820],[-49,87],[-46,34],[-11,38],[-65,72],[-58,11]],[[21601,15295],[24,-58],[-34,-171],[-18,-40],[-25,-100],[-50,-79],[-32,-77],[39,-24],[7,-60],[-16,-122]],[[22178,14897],[29,-39],[-4,-88],[25,-107],[2,-77],[-166,-53],[-66,-52],[-66,-108],[-97,14],[-111,-35],[-59,19]],[[22845,14958],[-8,-83],[21,-98],[-41,-112],[-6,-53],[-61,-199],[69,-143],[10,-45],[73,-88],[-20,-42],[-75,-9],[-76,18],[-80,-46],[-74,-22],[-128,-176],[-49,-29],[-60,-1],[58,-100],[8,-28]],[[22406,13702],[-74,-18],[-84,12],[-299,72],[-211,58],[-78,37]],[[22406,13702],[4,-15],[127,38],[22,-28],[73,-23],[28,-95],[76,-30],[27,-49],[30,-25],[20,-73],[39,-13],[62,-84],[21,-154],[-7,-40],[17,-57],[-40,-99],[-66,-88],[20,-52],[-8,-20],[-68,-42],[-23,-57],[11,-95],[-17,-23],[-45,-8]],[[22709,12570],[-14,16],[-155,31],[-2,-99],[-91,-1],[-74,-71],[-32,1],[-84,54],[-31,-8],[16,-51],[-102,-13],[-224,-124],[-68,-42],[-100,-37]],[[21748,12226],[-42,56],[-28,62],[-29,-45],[-37,-14],[-39,29],[-50,-1],[-61,-36],[-57,-22],[-42,70],[-54,12],[-30,22]],[[21279,12359],[-29,38],[-3,48],[-85,51],[-5,100],[-20,99],[-49,52],[2,34],[-102,98],[-82,44]],[[22709,12570],[-65,-43],[-4,-33],[-38,-51],[26,-61],[-23,-131],[19,-75],[38,-39],[-71,-38],[-8,-34],[55,-81],[52,-10],[74,20],[84,-20],[-10,-49],[21,-34],[-37,-49],[10,-34],[86,-66],[58,-29],[87,-4],[48,42]],[[23111,11751],[22,-71],[32,-58],[76,-44],[43,-8],[13,-77],[-26,-27],[-3,-35],[32,-30],[-25,-49],[29,-69],[-25,-95],[-19,-16],[-68,8],[-13,-19],[5,-72],[23,-40],[125,-58],[49,-34],[121,-139],[55,-76],[38,-83],[38,-8],[70,-46],[-10,-42],[-43,-49],[-2,-42],[85,-24],[16,-36],[36,2],[17,-63],[-36,-11],[-23,-47],[-104,-96],[28,-53],[-4,-60],[33,13],[56,-33],[34,-43]],[[23786,10021],[-23,-70],[-30,-33],[-93,-42],[-37,-46],[-24,-77],[5,-81],[-64,-66],[-46,-21]],[[23474,9585],[-23,29],[-9,72],[-38,26],[-66,22],[-36,47],[-50,38],[-22,34],[-93,53],[-25,40],[-23,90],[-48,99],[-121,56],[-50,34],[-98,82],[-114,130]],[[22658,10437],[-136,155],[-54,66],[-36,84],[-86,59],[-61,1],[-33,34],[-74,13],[-70,35],[-27,-62],[-54,-49],[-41,-8],[-37,-31],[-33,10],[-32,42],[-18,-37],[-51,7],[-48,-9],[-50,-62],[-53,3],[-46,-28],[-49,21],[-81,18],[-39,23],[6,51],[35,36],[36,11],[55,-22]],[[21581,10798],[83,10],[47,46],[12,43],[55,48],[-18,31],[4,104],[-9,25],[-79,60],[14,43],[39,75],[27,20],[30,86],[4,71],[-20,76],[-23,22],[28,93],[-20,76],[-76,82],[-50,71],[22,23],[17,55],[39,48],[59,27],[8,23],[-20,70],[40,30],[6,27],[-52,43]],[[29303,9978],[-70,-117],[-59,-44],[-36,-76],[-99,-29],[-28,-46],[-125,-78],[-99,-138],[-28,-56],[-45,-18],[-45,-1],[-19,37],[-33,3],[-64,-24],[-33,-43],[-124,-105],[-49,-54],[16,-31],[-35,-16],[-12,-41],[-156,-112],[-51,-78],[-83,-8],[6,338],[3,343],[-103,-92],[-57,-1],[-35,27],[-39,0],[-36,36],[-45,-3],[-61,29],[-21,31],[-47,19],[-68,-6],[-106,-29],[-70,-32],[-25,-28],[-63,-35],[-44,-94],[-131,-23],[-80,33],[-64,-22],[-35,-25],[-30,-55],[-116,-15],[-58,-17],[-19,11],[-105,-15],[-83,-24],[-58,3],[-47,43],[-47,3],[-108,-84],[-43,-6],[-15,-46],[10,-32],[65,-5],[43,14],[10,-24],[-51,-85],[-10,-84],[-51,-42],[-34,-62],[-43,-26],[-58,-77],[-98,-34],[-3,-31],[-56,3],[-78,-21],[-72,-51],[-68,-60],[-36,-13],[-67,44],[-19,-14],[-123,19],[-66,-17],[-31,36],[-70,-66],[-41,-6],[-29,-62],[-23,-12]],[[25177,8459],[-47,20],[-47,-41],[-76,-1],[-69,33],[-22,53],[-67,-15],[-20,36],[-86,-16],[-27,25],[-53,-18],[-29,8],[-24,35],[-61,-7],[-18,20],[15,72],[-57,24],[-28,64],[38,85],[34,22],[-20,70],[-39,-7],[-86,24],[-59,3],[-13,31],[-60,-45],[-57,36],[-40,10],[-157,103],[-192,159],[-58,109],[-46,125],[-44,35],[-35,-9],[-78,16],[-17,42],[-58,25]],[[23786,10021],[53,-4],[31,-33],[30,-6],[77,32],[98,-39],[19,55],[57,0],[13,40],[43,57],[89,-61],[62,-15],[72,27],[16,35],[45,3],[21,37],[46,-19]],[[24558,10130],[35,-47],[53,-17],[12,-57],[-32,-90],[19,-38],[36,-19],[18,49],[27,7],[26,-38],[55,72],[71,-67],[55,36],[29,-27],[38,30],[-15,59],[31,41],[73,-36],[81,38],[35,-30],[48,-13],[60,57],[48,18],[62,-1],[39,53],[95,-7],[37,-32],[85,75],[48,65],[65,-19],[34,15],[33,-15],[46,74],[37,-1],[20,35],[57,12],[94,-14],[71,12],[115,167],[27,45],[11,62],[39,12],[16,-54],[37,-3],[40,64],[94,-49],[48,42],[31,56],[52,4],[43,57],[39,117],[-36,45],[-57,42],[39,78],[31,19]],[[26753,11014],[18,33],[110,-25],[24,56],[42,36],[55,8],[39,33],[17,-36],[61,11],[69,-13],[27,37],[107,48],[21,66],[75,16],[21,77],[-5,66],[22,18],[-6,43],[63,7],[55,-44],[75,0],[50,-32],[60,-5]],[[23234,14453],[130,-22],[14,-22],[-17,-113],[18,-47],[-41,-59],[-16,-45],[-43,-26],[-53,-86],[93,-144],[-25,-105],[21,-48],[-10,-30]],[[23305,13706],[-57,48],[-42,50],[-23,-41],[44,-20],[29,-36],[-19,-49],[115,-78],[-50,-26],[-2,-97],[-11,-79],[-14,-188],[4,-214],[34,0],[-3,-49],[58,-70],[-7,-20],[77,-83],[56,-76],[39,-84],[50,-62],[9,-70],[-12,-50],[20,-36],[39,-133],[-11,-78],[9,-18]],[[23637,12147],[-43,18],[-43,-19],[-41,-106],[-111,-21],[-59,-47],[-32,-43],[10,-36],[-16,-57],[-22,-19],[-169,8],[-30,-19],[30,-55]],[[23305,13706],[2,-49],[17,-25],[68,-33],[32,6],[48,48],[84,2],[95,-64],[19,-40],[91,8],[10,-27],[74,12],[51,47],[17,-12],[107,-29],[76,7],[66,-18],[37,2],[28,-38],[-8,-115],[-13,-53],[8,-77],[25,-61],[87,-70],[24,-91],[-47,-92],[-82,-45],[7,-31],[109,-75]],[[24337,12793],[-107,-92],[-49,-32],[-64,-84],[13,-89],[-80,-45],[-18,-38],[-94,-53],[-17,-18],[-10,-56],[-65,-44],[-56,-9],[-17,-20],[-53,-5],[-83,-61]],[[24846,14374],[-2,-17],[83,-48],[33,45],[45,0],[24,-33],[25,24],[46,-9],[-11,-59],[-53,-76],[-51,-15],[-107,2],[-2,-51],[-66,-109],[23,-41],[-4,-80],[34,-49],[8,-111],[-20,-44],[-43,-16],[45,-106],[108,16],[89,27],[11,-38],[-29,-28],[2,-36],[47,-56],[-7,-67],[-18,-29],[-23,-96],[46,-41],[-11,-47],[42,-58],[80,-76]],[[25190,13052],[-80,-52],[-11,-107],[-17,-16]],[[25082,12877],[-88,42],[-31,57],[-27,20],[-82,0],[0,25],[-68,77],[-26,6],[-46,-31],[-43,49],[-66,-19],[-27,-38],[-47,-15],[-27,-85],[16,-51],[-24,-37],[-52,-13],[-75,11],[-23,-27],[-9,-55]],[[25981,15165],[-22,-7],[-28,-70],[-35,-12],[-65,-75],[-18,-48],[-78,-60],[-24,-51],[-5,-63],[-44,-55],[7,-80],[-27,-59],[9,-44],[-13,-46],[-38,-26],[-54,-77],[-61,-108],[-5,-114],[26,-162],[-4,-87],[62,-97],[-3,-44],[44,-78],[30,-120],[25,-38],[40,-16],[-4,-82],[29,-38],[-56,-91],[-81,40],[-64,-91],[-117,-48],[-23,-23],[-69,-3],[-23,-76],[-28,-32],[-74,-32]],[[25082,12877],[-28,-76],[13,-43],[-44,-36],[18,-131],[107,16],[25,-109],[41,8],[47,-12],[22,50],[89,53],[59,4],[146,-33],[5,-40],[-19,-55],[6,-45],[-11,-68],[-35,-82],[82,-8],[85,36],[33,64],[106,-25],[23,13],[155,-29],[109,-54],[55,51],[25,-2]],[[26196,12324],[13,-56],[30,-19],[19,-74],[77,-32],[5,-37],[-70,-60]],[[26270,12046],[-25,-20],[-2,-51],[-84,12],[-57,99],[-77,8],[-57,-18],[-33,-62],[-17,-63],[51,-67],[46,-24],[-8,-37],[22,-31],[-23,-48],[1,-48],[-29,-40],[-5,-62],[-45,-21],[-7,-34],[-52,27],[-32,-15],[-32,14],[-29,-32],[-42,-12],[-6,45],[-34,56],[-40,-32],[-59,-11],[-24,20],[-46,-29],[-1,-73],[-21,-51],[-46,-18],[-6,-72],[-21,-17],[-62,-8],[-35,20]],[[25333,11351],[-91,-27],[-22,-38],[-69,-4],[-72,-58],[9,-76],[-48,4],[-30,34],[-53,-25],[-3,-52],[46,-55],[9,-86],[-34,-54],[-47,-115],[-39,-48],[-31,-93],[-26,-19],[-1,-37],[35,-23],[14,-51],[6,-72],[26,-65],[-42,-75],[-47,-12],[-43,42],[-28,-37],[-141,-35],[-33,-21],[14,-100],[-34,-23]],[[26784,13727],[-41,36],[-66,19],[-45,-21],[-48,-46],[-31,-8],[-6,-33],[-56,-88],[-22,-84],[-80,2],[-30,-61],[43,-69],[-36,-57],[1,-89],[-12,-33],[-69,-97],[-65,-28],[-23,19],[-38,-35],[6,-31],[-66,-15],[5,-46],[-20,-56],[-25,-21],[-11,-69],[51,-77],[48,-30],[93,-91],[1,-80],[-16,-73],[-38,-45],[-17,-55],[25,-41]],[[27658,12071],[-27,-14],[-48,135],[-46,26],[-44,-52],[-19,-42],[12,-28],[-8,-81],[23,-39],[-27,-39],[-88,-22],[-45,-66],[-67,16],[-7,-64],[-44,-3],[-77,53],[-37,-9],[-86,-50],[-93,16],[-33,-41],[-50,30],[-64,111],[-33,11],[-10,31],[-69,20],[-10,33],[-44,51],[-87,32],[-39,-61],[13,-74],[-40,-7],[-90,63],[-29,32],[-27,-9],[-48,16]],[[26753,11014],[-97,11],[-85,57],[-34,-1],[-38,50],[-16,48],[-73,44],[-6,25],[-99,57],[10,-40],[-41,-59],[-30,-4],[-7,-39],[-53,-11],[-37,-31],[-36,1],[-48,-59],[-23,-13],[-29,-52],[-43,19],[-123,-185],[-54,-118],[-21,88],[-22,55],[-34,41],[-56,34],[-134,45],[-90,48],[-49,64],[-19,75],[0,39],[-24,71],[-9,77]],[[20475,11761],[-41,-35],[-183,-90],[-114,-34],[-56,-40],[-69,-18],[-45,-40],[-22,34],[-120,12]],[[19825,11550],[-27,98],[-33,58],[-18,74],[-36,56],[-82,54],[-38,99],[-63,96],[-37,104],[-28,28]],[[19463,12217],[23,51],[-9,39],[12,37],[37,26],[-6,47],[19,31],[57,38],[62,91],[101,43],[48,45],[3,32],[28,22],[-14,77],[-31,82],[16,91],[31,62],[-28,76],[-31,19],[3,38],[50,50],[39,98]],[[19873,13312],[214,5],[38,-124]],[[20125,13193],[225,-700],[31,-112],[6,-52],[2,-236],[-2,-165],[28,-101],[60,-66]],[[20645,13420],[-276,-46],[-30,-16],[-115,-20],[-31,3],[-45,-62],[-5,-68],[-18,-18]],[[19873,13312],[-58,-22],[-93,21],[-32,-25],[-72,-13],[-78,-107],[-92,-18],[-106,79],[-8,-8],[-173,149]],[[19161,13368],[39,85],[27,33],[54,126],[-49,3],[-67,26],[-58,-11],[-86,-84],[-20,-51],[-115,-87],[-103,79],[-28,31],[3,94],[-60,49],[-38,74],[-8,62]],[[21279,12359],[-29,-36],[-6,-53],[-43,-93],[-59,-37],[-14,-267],[-49,-55],[12,-12],[-45,-53],[-27,6],[6,-68],[16,-25],[51,-16],[-19,-29],[-169,-14],[-98,28],[-42,-12],[-29,-48],[-47,-36],[-213,222]],[[21581,10798],[21,64],[-52,39],[11,71],[-92,76],[-65,9],[-36,-8],[4,-63],[-84,-4],[-105,-22],[-26,12],[-42,51],[-92,-46],[-47,-100],[-97,-62],[19,-25],[-8,-41],[-42,-42],[4,-36],[-25,-18],[-56,19],[-125,-28],[-10,90],[-29,39],[-32,-4],[-117,-113],[-37,-65],[-86,42],[-52,16],[-142,-1],[-19,-11],[-98,45],[-78,67],[-78,-27]],[[19868,10722],[-35,106],[-56,82],[26,90],[6,94],[20,2],[-21,76],[58,210],[-41,168]],[[22658,10437],[-83,-53],[-89,-67],[-110,-93],[-185,-134],[-133,-63],[-80,-8],[-108,76],[-82,0],[-200,-78],[-124,-58],[-69,-42],[-88,-40],[-191,-116],[-129,-65],[-68,-24],[-68,-36],[-66,-50],[-107,-29],[-61,-2],[-273,84],[-169,-8],[-299,-138],[-106,-56],[-102,-68],[-74,-37],[-27,-4]],[[19567,9328],[4,67],[-7,166],[3,100],[11,98],[26,53],[-29,43],[-127,44],[43,50],[-8,58],[5,96],[55,78],[42,24],[15,44],[-12,39],[41,316],[26,53],[68,46],[145,19]],[[18452,9205],[662,-10],[71,100],[42,71],[59,18],[72,-10],[89,-26],[120,-20]],[[25177,8459],[-66,-38],[-9,-66],[-36,-50],[-10,-78],[31,-68],[-27,-7],[-82,39],[-39,-4],[-67,-53],[-46,-18],[77,130],[78,4],[-42,48],[18,51],[-36,-4],[-114,-71],[-42,-67],[-56,-30],[-35,-39],[-90,-28],[-37,-2],[-57,-36],[-74,30],[19,32],[-35,34],[-63,-23],[-55,-36],[-38,-44],[-85,-66],[-78,-9],[20,-37],[92,14],[77,-41],[-16,-43],[33,-27],[-74,-40],[-48,-88],[-13,-90],[-78,-63],[42,-6],[56,32],[36,37],[43,-2],[7,-66],[36,-33],[-64,-50],[-38,-96],[-121,-121],[-61,-22],[-47,-32],[-109,3],[-18,-39],[-103,-39],[-15,-90],[-46,-41],[-6,-75],[-28,-20],[-45,-72],[-7,-68],[-70,33],[-89,117],[-46,-46],[-39,-116],[58,-6],[-31,-63],[-12,-61],[-39,-55],[-34,-73],[-106,-58],[-54,-78],[-2,-69],[-15,-18],[-84,-22],[-45,-40],[-82,-112],[-59,-36],[-14,49],[-53,12],[-34,-36],[-105,-71],[-7,-64],[-86,-79],[22,-97],[-22,-101],[-103,-88],[-16,-54],[-106,-28],[-90,-93],[-59,11],[-58,-26],[-48,23],[-45,-23],[-56,10],[-112,-39],[-43,50],[-45,10],[-77,-29],[-36,-46],[-23,-55],[53,-14],[-74,-52],[-7,-38],[51,-3],[18,-23],[-65,-43],[-45,-3],[-50,-62],[-78,-21],[-69,-31],[-38,-3],[-60,-72],[9,-32],[-33,-21],[21,-28],[-16,-51],[9,-53],[-46,-25],[-45,3],[-33,-32],[-74,31],[-41,-57],[-54,-32],[8,-39],[-41,-63],[-47,-28],[-44,24],[-6,-64],[-26,-45],[-70,-40],[-14,-46],[-44,-25],[-15,-84],[-86,-34],[-49,-39],[0,-62],[-28,-77],[-49,-56],[-41,13],[-106,-88],[-64,-111],[-15,5],[-19,107],[20,46],[-21,23],[-55,-3],[-60,-110],[-21,-62],[-55,-30],[-48,-9],[-16,-23],[3,-72],[-38,-48],[-37,-1],[-12,27],[-54,32],[-48,-10],[-11,-49],[-66,-29],[-39,-38],[-154,-88],[-41,0],[-105,-84],[-26,-4],[-27,56],[-62,-35],[-35,-43],[-135,-31],[-4,30],[-35,7],[-71,-12],[-17,-31],[-45,32],[-35,5]],[[17598,11096],[136,-69],[45,-9],[100,0],[120,11],[102,25],[80,-12],[-2,87],[11,47],[92,25],[26,22],[135,-125],[115,-58],[69,44],[28,-6],[119,4],[43,23],[10,48],[39,51],[58,26],[52,44],[21,33],[-42,97],[-11,118],[40,181],[8,2]],[[18992,11705],[86,95],[67,7],[10,48],[33,83],[43,16],[30,44],[107,56],[79,77],[18,30],[-2,56]],[[19161,13368],[-20,-9],[-41,-58],[42,-86],[24,-3],[130,-114],[-15,-45],[32,-46],[-63,-52],[-30,-44],[-54,-53],[-53,-93],[-60,-9],[-88,-66],[-62,-15],[-104,-7],[-82,-33],[-83,-56],[-70,-26],[-132,-31],[-54,-54],[-23,-40],[-43,-12],[-40,-31]],[[18992,11705],[68,335],[-67,34],[-24,37],[-55,-80],[-96,31],[-63,46],[-33,60],[-88,37],[-164,-17],[-63,25]],[[14088,15168],[-26,17],[-49,-42],[-24,13],[-36,-40],[-44,-1],[-63,-24],[-44,26],[-110,15],[-75,30],[-52,81],[-70,48],[-2,31],[75,33],[-23,78],[-63,63],[-7,84],[39,66],[0,23]],[[13101,14166],[-912,385]],[[12189,14551],[47,7],[49,-23],[19,27],[44,15],[12,70],[22,44],[71,42],[28,35],[8,56],[39,56],[-40,66],[20,61],[46,54],[8,61],[-12,52],[-37,41],[-16,47],[29,30],[18,96]],[[12544,15388],[37,70],[43,1]],[[12812,12880],[-47,-3],[-120,-54],[-85,-29],[-107,-3],[-40,-33],[-95,62],[-71,-55],[-24,35],[1,51],[-33,16],[-44,78],[3,99],[-18,48],[4,41],[-90,39],[-26,22],[-160,-67],[-39,-24],[-68,-18],[-88,-9],[-147,-69],[-54,9],[-51,-11]],[[11413,13005],[-84,96],[58,-11],[47,25],[-33,59],[15,103],[-51,41],[-36,55],[14,39],[51,21],[-2,29],[63,117],[45,28],[24,40],[-30,27],[-33,61],[24,65],[53,-35],[30,20],[19,45],[0,73],[52,60],[147,102],[65,33],[13,56],[105,63],[12,35],[39,56],[41,32],[-12,55],[-52,23],[-24,117],[147,45],[24,-29],[45,0]],[[11413,13005],[-40,-38],[-42,-98],[-148,78],[-36,10],[-39,-11],[-73,12],[-31,-7]],[[11004,12951],[19,122],[53,141],[21,160],[26,104],[69,166],[-2,37],[35,86],[4,42],[-55,2],[-72,95],[-38,17],[-43,-151],[-38,-43],[17,-62],[-42,-31],[-72,-17],[-20,84],[14,73],[-11,36],[56,38],[-46,32],[29,123],[-63,3],[-6,79],[-18,44],[111,-19],[33,-32],[32,14],[35,-32],[33,-3],[26,59],[81,-6],[16,41],[-60,54],[-4,28],[-47,22],[-45,37],[-70,84],[117,-38],[47,61],[32,-6],[11,71],[61,11],[8,32],[115,28],[26,-7],[40,59],[37,7],[35,33],[-15,22],[10,54],[31,44],[53,-6],[56,27],[34,-6],[0,58],[50,3],[29,71]],[[11739,14896],[73,93],[22,6],[79,-29],[39,35],[108,74],[101,46],[39,48],[27,72],[30,32],[0,49],[40,7],[70,-12],[35,21],[16,42],[33,20],[93,-12]],[[11004,12951],[-52,-3],[-23,24],[-51,16],[-56,-15],[-68,-34],[-53,12],[-58,-34],[-38,16],[-13,45],[3,64],[-66,35],[-27,55],[-105,57],[-32,35],[-24,67],[-107,29],[-25,15],[-51,65],[-21,42],[-38,19]],[[10099,13461],[-86,18],[-38,-9],[-32,-63],[-52,-27],[-34,29],[-80,11],[-60,-19],[-31,-29],[-29,18],[-4,49],[-28,35],[10,74],[-21,4],[-29,56],[-80,-56],[-8,27],[-65,35],[-71,5],[-40,41],[-66,-11],[-41,75],[-46,-3],[-28,79],[21,76]],[[9161,13876],[5,59],[45,26],[26,45],[-10,75],[42,48],[3,45],[43,16],[27,37],[73,35],[20,55],[37,58],[-46,70],[47,125],[17,87],[15,24],[-36,42],[78,5],[20,-20],[113,34],[26,86],[71,-31],[66,-10],[78,79],[66,39],[42,-9],[37,21],[48,62],[49,31],[2,80],[73,-5],[71,29],[82,-48]],[[10391,15066],[24,-31],[109,1],[74,-9],[45,-20],[12,-62],[39,12],[-4,52],[31,58],[64,53],[19,35],[69,70],[70,7],[42,75],[23,19],[70,24],[47,-129],[49,-38],[-29,-45],[39,-39],[55,2],[57,-14],[38,10],[50,-23],[27,-28],[5,-54],[77,-11],[56,-29],[74,-80],[36,-13],[80,37]],[[13635,10129],[-54,33],[-112,11],[-152,26],[-59,-14],[2,-29],[-85,-48],[-41,25],[-70,-40],[-56,-61],[-101,-54],[-57,-40],[-26,55],[-39,43],[-81,26],[-27,31],[-149,12],[-60,-52],[-28,12],[-43,-29],[-80,53],[-40,18],[-152,-75],[-4,-51],[-74,-51],[-71,-101],[-41,-83],[-11,-41],[-56,-56],[-65,-9],[-64,7],[-84,60]],[[11655,9707],[2,48],[40,88],[-8,70],[-22,60],[22,94],[-11,123],[-18,64],[-30,42],[-58,27],[-14,75],[10,16],[74,25],[12,50],[-81,67],[-21,53],[-33,30],[-54,10],[-76,53],[-14,38],[-38,-2],[-40,38],[-26,-27],[-45,-97],[0,-32],[-29,-33],[-28,-68],[-53,34],[-29,2],[-68,41],[-144,20],[-58,48],[-23,73],[-52,105],[34,86],[1,51],[-49,-15],[-60,-41],[-30,-37],[-93,-6],[5,52],[-12,57],[-101,-58],[-44,23],[-20,140],[11,44],[-4,53],[21,44],[39,37],[-43,84],[33,106],[-26,51],[-103,34],[-8,56],[-40,86],[-2,41]],[[10251,11730],[74,83],[167,281],[106,169],[46,45],[71,49],[57,65],[66,123],[57,164],[82,140],[27,102]],[[11655,9707],[-49,-25],[1,-37],[24,-35],[-12,-62],[-57,-20],[-56,-4],[-39,-37],[13,-88],[-37,-37],[-4,-59],[-45,-21],[-15,-41],[-41,-22],[-43,-115],[-92,11],[-63,67],[-60,-20],[-10,-99],[12,-57],[-54,-76],[-52,-15],[-39,12],[-34,-34],[2,-47],[-24,-22],[-70,-10],[-20,84],[-70,79],[-60,31],[-40,-32],[-31,13],[-18,73]],[[10572,9062],[-4,20],[-71,70],[-65,29],[-46,-6],[-36,54],[-5,48],[-46,37],[-32,-40],[-59,1],[-31,-44],[-109,-25],[-45,-41],[-44,-2],[-45,-33],[-75,6],[-26,-22],[-60,2],[-6,68],[-34,63],[-90,26],[-61,79],[-10,26],[-78,45],[-37,10],[-41,37],[-22,1],[0,-110],[22,-60],[23,-21],[-12,-34],[-62,21],[-38,37],[-29,58]],[[9298,9362],[15,55],[-17,51],[-63,148],[-13,47],[7,73],[75,148],[84,115],[93,154],[129,201],[25,53],[29,135],[66,352],[19,48],[55,89],[40,124],[105,384],[31,46],[30,17],[82,21],[97,72],[64,35]],[[9298,9362],[-44,88],[2,50],[-14,40],[-71,11],[-41,33],[-56,-19],[-49,67],[-38,-14],[-90,69],[-25,-11],[-57,28],[-86,18],[-77,54],[-18,35],[-47,41]],[[8587,9852],[46,48],[6,86],[-40,81],[-8,83],[59,7],[34,36],[99,165],[-3,34],[-28,27],[-13,73],[4,41],[30,88],[73,16],[11,33],[-84,89],[-19,37],[11,65],[-54,72],[-10,35],[-52,63],[35,73],[5,68],[38,73],[41,20],[102,81],[19,35],[65,16]],[[8954,11397],[50,34],[40,41],[108,2],[75,35],[142,155],[36,15],[39,47],[93,157],[7,40],[62,59],[17,45],[18,144],[23,94],[-10,24],[43,50],[14,33],[-23,114],[32,35],[-7,63],[23,70],[-20,42],[43,1],[36,66],[-29,35],[20,142],[15,32],[60,69],[-7,40],[-36,12],[-20,46],[34,21],[35,67],[17,63],[46,60],[49,-2],[44,32],[2,41],[74,40]],[[11151,7141],[5,-30],[94,25],[42,-19],[78,-8],[-18,-62],[-23,-13],[-2,-75],[-21,-61],[14,-42],[-32,-67],[-42,-149],[-35,-29],[-22,-46],[-74,-85],[6,-72],[-53,-52],[-4,-35],[-42,-52],[-15,-136],[-38,-49],[-20,-66],[-81,-5],[-53,18],[-29,-16],[0,-43],[-40,-68],[-90,-62],[26,-107],[-60,35],[-45,-22],[-33,7],[-14,34],[-67,14],[-42,-22],[-37,14],[-89,1],[-34,-80],[-52,-16],[-28,-67],[-82,-66],[-10,-67],[9,-38],[-29,-77],[21,-74],[7,-85],[-16,-30],[22,-49],[-7,-24],[-85,-13],[14,-49],[-1,-76],[-75,-26],[-68,-34],[-41,-66],[-9,-77],[-38,-13],[-6,-90],[-58,3],[-109,-38],[-15,-37],[-50,-25],[9,-30],[-36,-29],[-17,-79],[-78,-45]],[[9433,4399],[-37,-22],[-62,30],[-22,-25],[-1,-61],[-15,-20],[-55,-13],[-61,69],[-22,45],[-39,12],[-45,-21],[-55,8],[-35,-26],[-68,-25],[-42,1],[-74,29],[-71,12],[-49,51],[-46,28],[-87,90],[-85,29],[-44,-21],[-25,-47],[-46,-8],[-48,19],[-54,48],[-8,61],[-30,-3],[-48,116],[2,43],[-49,21],[3,44],[-16,38],[38,65],[-17,14],[-32,78],[-9,59],[25,62],[-10,37],[-51,14],[-51,-2],[-28,62],[30,13],[26,39],[-27,35],[14,35],[-31,36],[-33,98],[-23,23],[-60,26],[-44,0],[-24,-30],[-34,25],[-12,87],[6,23],[-49,49],[0,47],[-67,4],[-61,25],[-21,43],[-54,13],[-32,34],[-18,61],[-46,32],[-34,6],[-28,-47],[-54,4],[-111,-72],[-37,-55],[26,-30],[-15,-23],[-62,-30],[-53,-14],[-26,40],[-40,-38],[-22,53],[-98,-26],[-2,62],[-45,120],[25,34],[40,22],[-25,45],[9,37],[-77,12],[-26,38],[14,59],[-33,21],[-1,35],[-32,35],[-14,116],[-36,38],[24,36],[-37,51],[-53,-21],[-76,73],[0,87],[-14,12],[-56,-27],[-63,35],[-110,143],[-55,45],[-52,17],[-91,74],[-24,29],[-13,57],[-59,18],[-27,57],[-73,68],[-37,20],[-83,89],[-34,16],[-36,-8],[-29,30],[6,47]],[[5655,7398],[47,36],[9,43],[40,-2],[15,104],[56,-3],[9,92],[35,62],[32,29],[39,1],[34,-34],[57,12],[12,23],[59,19],[-19,60],[7,45],[50,25],[15,38],[-42,55],[41,109],[-53,42],[-71,90],[29,40],[-46,77],[69,105],[30,13],[67,-22],[85,13],[8,-29],[44,-21],[48,22],[6,24],[79,17],[78,45],[53,-17],[118,55],[82,27],[14,45],[77,12],[30,16],[82,12],[19,29],[20,112],[-46,90],[-43,24],[-22,107]],[[6908,9040],[50,-4],[54,23],[74,5],[38,22],[43,71],[7,52],[-20,32],[47,53],[-35,68],[-61,84],[45,102],[93,33],[14,42],[51,28],[8,35],[96,1],[34,9],[-12,58],[50,10],[59,46],[44,2],[34,-64],[83,-9],[13,-25],[-12,-69],[-24,-64],[-44,-37],[0,-58],[38,-6],[32,-47],[82,-20],[42,-42],[23,-55],[13,-73],[26,-14],[102,11],[122,-20],[31,33],[46,87],[-16,49],[18,38],[93,-10],[31,22],[50,-43],[28,30],[47,11],[42,53],[-23,89],[-9,77],[24,31],[39,19],[0,73],[39,77],[30,-4]],[[10572,9062],[-75,-21],[-125,37],[-20,-137],[-51,-46],[15,-42],[-16,-37],[31,-37],[25,-74],[22,-7],[12,-44],[-19,-57],[15,-36],[-34,-129],[-38,-41],[-69,-4],[-50,-16],[6,-52],[-18,-104],[35,-51],[38,-114],[-14,-35],[-36,-28],[-45,-14],[-56,-123],[-87,-53],[-20,-31],[-128,-45],[23,-26],[67,-43],[4,-25],[41,-62],[108,-5],[67,8],[23,-12],[38,-56],[60,-54],[15,-45],[57,-24],[25,6],[39,-61],[41,-12],[8,-51],[97,-58],[21,-39],[51,38],[24,-18],[74,-10],[40,-30],[118,22],[31,38],[50,-34],[25,-41],[49,-16],[57,54],[28,-24]],[[13706,8349],[-6,-9],[-429,-497],[-194,-230],[17,-31],[-17,-75],[-104,-78],[-5,-67],[-47,-91],[-98,-63],[-104,32],[-35,18],[-62,9],[-57,-49],[-10,-56],[18,-22],[-12,-62]],[[12561,7078],[-51,-4],[-122,-65],[-13,-32],[-61,-44],[-26,33],[-32,-20],[-65,27],[-42,-7],[-48,38],[-42,-42],[-82,-20],[-27,-38],[12,-75],[-11,-60],[-26,-34],[-67,-48],[-18,-60],[-83,118],[-8,55],[-69,72],[-19,70],[-1,50],[-24,87],[27,81],[-17,44],[-71,28],[-91,-24],[-74,10],[-79,38],[-41,50],[-33,-22],[-9,-34],[-31,-6],[-11,-39],[-25,-11],[-30,-53]],[[12633,6028],[-43,20],[-13,53],[-33,29],[-72,92],[-12,135],[59,134],[-76,115],[-6,68],[37,57],[-4,68],[90,31],[4,63],[19,29],[-22,156]],[[12525,4884],[-30,20],[-90,16],[-1,-36],[-54,-78],[-52,-25],[-30,-38],[-23,-126],[-61,-13],[-36,17],[-22,-22],[-50,-6],[-38,-21],[-20,-59],[-33,-43],[-43,31],[-26,-50],[-42,-20],[-30,-35],[-24,22],[-95,10],[-33,-55],[-29,-20],[-58,30],[-30,-64],[-42,-26],[-43,46],[-38,21],[-18,-34],[-70,8],[-31,15],[-24,-60],[-50,-22],[-77,37],[-24,-33],[-35,-1],[-39,-53],[-76,10],[-4,57],[-35,59],[-71,12],[-15,59],[-33,17],[-82,1],[-28,-37],[-53,-44],[-97,-9],[-19,122],[14,40],[-52,82],[-35,25],[-34,-2],[-58,27],[-70,4],[-45,-36],[-24,-53],[-48,-20],[-43,3],[-12,-87],[-80,-3],[-78,31],[-51,-98],[-20,-19],[4,-73],[-41,-5],[-31,-41],[-30,-11],[-64,32],[-25,-60],[-22,-3],[-104,28],[-36,-36],[-58,-6],[18,47],[-25,86],[-88,83]],[[12675,4233],[-122,-47],[-38,26],[-94,28],[-32,-19],[-44,-60],[-11,-35],[-57,-18],[-55,31],[-32,-25],[-8,-37],[-73,-32],[-36,9],[-20,-38],[-54,-29],[-33,9],[-40,-28],[45,-55],[-32,-43],[19,-33],[57,9],[69,-74],[35,-10],[27,-75],[-27,-38],[-46,-10],[-103,23],[-53,-25],[-39,23],[-57,-23],[-34,25],[-31,-8],[-15,-42],[-52,3],[-48,-37],[6,-41],[-57,-33],[-11,-56],[-32,7],[-70,-38],[-58,19],[-62,-64],[-25,-12],[-8,-50],[-34,-27],[-41,-77],[-43,-15],[-68,-112],[-26,58],[-36,9],[-5,-42],[-42,-56],[-15,20],[-110,-2],[-34,-37],[-44,-22],[-13,-26],[-6,-71],[-54,-12],[-23,-37],[-51,13],[-49,-5],[-91,51],[-32,-37],[-29,-2],[-44,-34],[-8,-41],[-46,-22],[-42,-74],[-69,-16],[-13,-30],[44,-100],[-42,-38],[40,-57],[12,-60],[30,-66],[33,13],[28,-42],[3,-60],[40,-13],[5,-38],[80,-41],[9,-41],[37,-26],[77,6],[21,-40],[15,-102],[-9,-62],[40,-36],[-31,-105],[52,-34],[3,-47],[54,-37],[2,-28],[-64,-17],[-17,-35],[16,-40],[-4,-48],[-31,-8],[-20,31],[-58,-32],[25,-57],[-18,-19],[-61,17],[-37,-37],[-33,11],[-37,-33],[-40,29],[-36,-20],[-11,37],[-71,1],[-30,-18],[-30,17],[-57,-67],[40,-69],[-5,-43],[-75,3],[-17,-57],[-48,-3],[-19,-33],[-44,-26],[-62,-86],[7,-72],[66,-2],[8,39],[27,2],[53,-27],[-39,-31],[0,-33],[-89,-27],[-17,-22],[-61,-24],[-50,30],[-87,-91],[-20,-2],[-25,-64],[-63,-5],[-47,-41],[-18,-38],[-100,-59],[-32,32],[-34,-11],[13,-45],[-55,-35],[-36,71],[-63,-2],[-34,50],[8,40],[-40,19],[-71,8],[-20,-17],[-38,35],[-52,99],[-31,-14],[-23,-41],[-7,-56],[-46,-46],[-19,23],[-88,26],[-17,47],[-58,14],[-29,24],[-2,43],[-40,44],[-28,3],[-14,51],[39,33],[0,28],[-85,88],[-37,15],[-31,-16],[-14,-50],[8,-49],[-51,-7],[18,-76],[-22,-29],[-61,-21],[-19,-25],[-46,-4],[-31,17],[-80,-14],[-18,-32],[-56,-25],[-57,-56],[-15,-37],[-51,-8],[-84,30],[-37,-12],[-39,23],[-42,-26],[-23,-39],[-65,4],[-36,36],[-21,54],[-22,-8],[-32,-99],[20,-42],[36,-8],[12,-27],[-22,-68],[24,-28],[9,-48],[-59,-9],[-30,-40],[-42,-21],[7,-40],[-22,-29],[68,-26],[66,10],[-3,-42],[-31,-16],[-63,-5],[-32,-41],[-46,-27],[-19,-32],[-52,-2],[-47,29],[-31,-28],[-49,-20],[-15,-38],[-41,5],[-34,33],[-59,20],[-24,30],[-71,17],[-5,59],[-43,61],[-37,14],[-29,-44],[-62,-3],[-68,29],[-38,6],[-41,38],[-33,52],[-13,53],[-35,11],[-9,35],[-70,44],[-2,45],[-32,32],[-44,10],[-32,-69],[-42,-1],[-47,-37],[19,-67],[-43,-64],[26,-41],[2,-89],[-24,-32],[-55,-4],[-22,56],[-51,59],[-42,3],[-93,-82],[-49,-4],[-31,54],[-35,25],[-31,-56],[-44,43],[-18,68],[-47,33],[-80,-3],[-77,52],[-6,42],[-30,48],[29,37],[-12,22],[47,41],[8,38],[-34,41],[11,88],[-27,26],[-57,-34],[-44,1],[12,50],[0,65],[-51,9],[-5,56],[55,45],[-16,52],[-48,65],[-50,-5],[-28,13],[-65,0],[-34,79],[-31,12],[8,62],[-39,35],[9,83],[-30,5],[-58,-45],[-47,25],[-60,6],[-13,37],[36,18],[-51,137],[11,34],[-50,7],[-34,47],[30,25],[-44,88],[-31,12],[-20,-26],[-45,8],[-7,47],[-41,45],[-112,-27],[-43,-97],[-75,-79],[-6,-39],[-62,-5],[5,-75],[-38,-44],[8,-28],[-46,-27],[7,-57],[-44,-2],[-25,-27],[-65,11],[-55,37],[-76,0],[-64,41],[-62,6],[-44,19],[-60,64],[-117,35],[-52,23],[-13,23],[-42,-1],[-11,-37],[-47,-1],[-40,29],[-35,98],[15,62],[-19,110],[-61,22],[4,60],[-26,61],[-29,-8],[-19,-38],[-73,49],[16,63],[-2,53],[-31,77],[40,51],[-28,42],[-103,-6],[-30,10],[-17,43],[-84,68],[-49,-10],[-43,-33],[-52,19],[-39,-7],[-27,-62],[-51,0],[-57,-23],[-32,-30],[-45,-3],[-63,38],[-68,-17],[7,-65],[60,-37],[-24,-161],[-35,-35],[-15,-63],[-79,-3],[-78,-39],[-17,-19],[-82,-8],[-167,-128],[-67,9],[-45,41],[-9,29],[-58,31],[-40,0],[-32,-20],[-44,1],[-60,45],[-69,15],[-51,116],[-56,21],[-32,-17],[-96,26],[-25,36],[-49,11],[-33,36],[-40,-28],[-25,29],[-65,-18],[-87,60],[-69,-69],[-83,0],[-16,17],[-72,7],[-63,-15],[-78,68],[-71,46],[-15,-44],[-37,12],[-100,-61],[-34,48],[-3,34],[-54,36],[-31,-6],[-49,38],[-22,-47],[-96,-48],[-54,-5],[-70,21],[33,68],[33,41],[55,34],[19,65],[51,77],[55,26],[37,2],[82,-17],[18,44],[-33,48],[-14,66],[-27,32],[-36,82],[-74,70],[36,35],[2,52],[-12,43],[-25,22],[-1,42],[34,33],[-27,36],[-33,-2],[-17,-56],[-29,-3],[-17,95],[-67,31],[-25,-46],[-33,13],[13,50],[34,48],[-2,26],[-64,7],[-52,-82],[-29,1],[-55,70],[18,46],[-2,64],[-81,39],[-3,24],[58,63],[39,62],[46,35],[98,37],[112,0],[52,24],[4,61],[19,16],[33,88],[-79,-11],[-35,12],[-27,127],[-19,22],[-36,-49],[-19,7],[-49,118],[-1,58],[30,38],[-3,53],[31,28],[10,47],[48,20],[47,-52],[54,-19],[99,11],[65,24],[40,52],[3,36],[-22,42],[-5,44],[-54,31],[-18,27],[1,87],[-9,28],[16,52],[22,16],[38,-28],[50,-80],[49,-6],[53,44],[55,-10],[38,-113],[51,-74],[6,-45],[55,7],[8,35],[-21,56],[18,36],[97,36],[53,-52],[71,-42],[90,2],[33,11],[89,-3],[39,11],[40,-17],[12,-53],[43,5],[44,48],[12,58],[-16,62],[-4,72],[10,65],[107,134],[19,85],[61,16],[91,83],[25,72],[27,46],[59,55],[73,0],[48,40],[11,45],[-19,38],[87,104],[55,35],[11,57],[-77,1],[-20,60],[-56,-17],[-41,17],[47,50],[51,-6],[53,10],[39,36],[17,42],[71,38],[-8,25],[35,49],[-28,49],[2,51],[-68,8],[-35,72],[50,23],[-7,68],[49,42],[34,-2],[39,58],[-13,47],[-27,31],[26,52],[43,38],[39,17],[32,-27],[76,49],[46,88],[-20,20],[-79,-30],[-23,36],[-76,15],[19,32],[-7,35],[44,110],[18,1],[18,85],[-10,21],[27,57],[-18,26],[20,76],[88,8],[33,-10],[15,34],[3,60],[49,18],[9,52],[-33,50],[15,44],[52,47],[105,57],[-4,51],[12,124],[50,44],[-37,49],[9,36],[36,33],[94,-58],[-13,-25],[25,-29],[52,41],[59,-8],[-16,-58],[62,-51],[-10,-76],[81,-31],[6,32],[43,-4],[22,-27],[35,7],[-3,39],[29,25],[79,-8],[96,60],[6,-38],[40,-26],[32,15],[28,-27],[44,25],[75,-1],[43,36],[51,4],[58,33],[81,16],[63,29],[79,-36],[103,22],[32,59],[44,-25],[130,-41],[33,11],[4,36],[-25,67],[-1,42],[63,20],[26,-24],[8,-46],[56,-11],[66,-67],[30,-18],[75,27],[26,-47],[40,0],[58,-19],[17,15],[77,22],[29,68],[126,62],[39,-6],[-27,81],[31,16],[51,-23],[-2,51],[64,14],[12,20],[54,-4],[-4,-27],[25,-39],[33,-15],[-19,-77],[55,-21],[35,-68],[40,-45],[69,-30],[-13,-33],[51,-14]],[[10075,18780],[-31,38],[-31,-12],[-75,69],[-46,-16],[-41,29],[-59,18],[7,38],[-60,-10],[-232,-71]],[[9507,18863],[-16,38],[21,31],[-105,46],[-24,48],[156,50],[48,9],[9,42],[-48,73],[-28,13],[-54,60],[-53,38],[-69,16],[-75,4],[-13,17],[4,168]],[[9260,19516],[63,-53],[123,4],[59,21],[66,-3],[47,-18],[76,-12],[41,5],[40,32],[-13,23],[80,122],[-9,29],[80,33],[157,1],[12,23],[-17,94],[20,59],[-3,149],[76,24],[27,39],[94,9],[47,16],[32,37],[20,-78],[-23,-120],[15,-71],[37,-31],[30,-5]],[[10437,19845],[83,-161],[43,-62],[80,-69],[51,-21],[53,-52],[15,-31],[19,-157],[27,-47],[128,-87]],[[10936,19158],[24,-55],[17,-116],[46,-61],[53,-52],[72,-50],[68,-13],[440,-9],[83,14],[62,-44]],[[11801,18772],[-50,28],[-48,7],[-51,-25],[-55,-74],[-51,-40],[-55,-16],[-50,-32],[-118,-1],[-167,-13]],[[11156,18606],[28,66],[-33,48],[-43,-1],[-144,-69],[-69,17],[-69,38],[-54,106],[-29,23],[-68,-2],[-89,-80],[-89,-20],[-132,5],[-213,83],[-32,-1],[-45,-39]],[[12600,18832],[-56,27],[-71,13],[-8,95],[-58,87],[-77,150],[2,29],[-92,-7],[-308,54],[8,26],[-33,70],[-31,22],[-263,65],[-185,-25],[27,-207],[-108,-16],[-20,162],[-138,-16],[-24,-121],[-89,11],[-91,-36],[-49,-57]],[[10437,19845],[82,22],[33,20],[57,6],[66,37],[40,-9],[54,-47],[37,-76],[73,10],[34,-50],[25,-12],[216,-22],[54,-14],[83,49],[37,51],[17,0],[80,-57],[55,24],[67,-32],[67,-4],[37,24],[55,-4],[4,-27],[82,-22],[131,63],[53,8],[30,-15],[99,49],[59,-20],[56,30],[33,-69],[77,-11],[46,-32],[19,-53],[28,-31],[50,59],[52,-33],[27,-2],[60,26],[52,101],[-5,27],[17,122],[-9,45],[45,69],[78,24],[38,48],[21,59]],[[12885,20143],[-10,-86],[34,-91],[-21,-30],[-44,-22],[-28,-50],[-2,-50],[16,-44],[27,-9],[20,-38],[-33,-54],[-25,9],[-47,-28],[-47,-6],[-45,-74],[-2,-21]],[[12678,19549],[23,-50],[-27,-48],[-26,-16],[-8,-60],[-55,-27],[-12,-31],[-82,-83],[-15,-48],[8,-80],[41,-23],[18,-58],[64,-83],[8,-33],[-15,-77]],[[12600,18832],[-8,-30]],[[12592,18802],[-26,-68],[-75,-20],[-52,-25],[-83,-92],[-53,-125]],[[12303,18472],[-44,-61],[-55,2],[-71,26],[-78,-11],[-73,60],[-131,227],[-50,57]],[[11156,18606],[-29,-51],[-35,-21],[-5,-35],[-66,-39],[-54,-82],[-53,35],[-13,-64],[18,-48],[46,-42]],[[10965,18259],[-52,-39],[-63,25],[-34,-60],[-30,18],[-97,-7],[-27,-10],[-73,-98],[-91,11],[-45,-28],[-103,38],[-12,-40]],[[10338,18069],[-55,28],[-1,47],[-38,19],[-43,90],[-16,53],[-25,30],[-41,17],[-54,60],[-81,67],[25,27],[28,82]],[[10037,18589],[30,173],[8,18]],[[10965,18259],[14,-15],[-13,-61],[-62,-59],[22,-49],[26,-18],[-33,-76],[33,-68],[-41,-16],[7,-36],[-21,-47],[28,-24],[-37,-44],[24,-49],[4,-53]],[[10916,17644],[44,0]],[[10960,17644],[-22,-16],[-100,-31],[-92,-65],[-96,-21],[-68,-54],[-72,18],[-11,32],[-34,11],[-68,-32],[-61,-50],[-50,-56],[-72,-7],[-51,-23],[-44,15],[-60,44]],[[10059,17409],[25,26],[25,71],[82,45],[26,44],[-12,153],[35,34],[53,21],[43,92],[3,36],[-17,47],[16,91]],[[10059,17409],[-55,41],[-2,97],[24,73],[-34,118],[-49,59],[-56,43],[8,45],[65,128],[13,85],[-21,63],[-34,46],[-20,87]],[[9898,18294],[-57,17]],[[9841,18311],[17,108],[39,83],[66,86],[18,11],[56,-10]],[[9841,18311],[-74,43],[-72,13],[-58,21],[-34,41],[-42,14],[-17,40],[-39,21],[-67,-78],[-31,-11],[-36,22],[-66,21],[-67,114],[17,91],[-40,81]],[[9215,18744],[38,37],[254,82]],[[9215,18744],[-53,-62],[-72,-12],[-48,-28],[-58,31],[-59,-1],[-85,19],[-18,46],[-33,-9]],[[8789,18728],[-69,-18],[-52,36],[-75,20],[-67,63],[-48,20],[-100,69],[-56,-2],[-19,74],[-67,17],[-30,-10],[-114,12],[-21,-26],[-83,29],[-40,36],[-75,13],[-58,74],[-80,61],[-72,28],[-29,-1]],[[7634,19223],[24,33],[28,90],[89,62],[25,-8],[34,33],[92,37],[8,30],[34,20],[-29,63],[42,81],[40,-13],[16,68],[161,-49],[36,11],[77,-46],[14,-48],[77,58],[66,-11],[36,-33],[63,-20],[39,25],[73,8],[50,-9],[31,-38],[52,11],[105,-29],[45,3],[66,22],[64,33],[63,-29],[78,-6],[27,-56]],[[12303,18472],[13,-41],[1,-68],[18,-25]],[[12335,18338],[15,-39],[-8,-115],[-18,-54],[-6,-167],[-27,-184],[-34,-64],[-52,-23],[-20,-59],[6,-33],[31,-28]],[[12222,17572],[-14,-18]],[[12208,17554],[-76,14],[-47,-10],[-20,-45],[-75,-50],[-59,-29],[-140,3],[-26,-16],[-7,-48],[-91,10],[-31,32],[-53,25],[-75,8],[-29,13]],[[11479,17461],[-95,96],[-29,56],[-50,34],[-150,15],[-57,20],[-100,1],[-82,-39]],[[12208,17554],[-26,-36],[23,-89],[29,-34],[-17,-42]],[[12217,17353],[-66,-92],[-25,-7],[-45,-131],[-33,-24],[-26,-89],[-57,-55],[2,-52],[-25,-24],[-40,7],[-53,-28],[-20,-52],[-67,-42],[-31,24],[-99,-1],[-45,-39],[-36,9]],[[11551,16757],[50,95],[-47,48],[-23,-13],[-67,38],[-1,49],[-78,27],[-11,23],[5,58],[56,98],[10,88],[88,125],[-45,37],[-9,31]],[[12217,17353],[17,-6],[14,-75],[-24,-60],[-46,-33],[58,-31],[52,-70],[25,-76],[-6,-71],[34,-79],[69,-26],[-16,-79],[10,-37]],[[12404,16710],[-25,-17],[2,-68],[-24,-21],[12,-42],[-38,-85],[-12,-66],[17,-57]],[[12336,16354],[-56,-13],[-46,-34],[-52,-13],[-64,17],[-61,31],[-4,68],[-52,-24],[-64,21],[-38,32],[-58,80],[-64,41],[-24,-15],[-71,-10],[-88,1],[-77,10],[-26,-63],[24,-82],[-23,-42],[-84,9],[-50,-19],[-12,33],[-96,11]],[[11250,16393],[7,20],[-17,174],[39,56],[-15,43],[-56,39],[32,35],[54,16],[33,-14],[37,16],[93,-5],[37,-18],[57,2]],[[11250,16393],[-69,-44],[-12,35],[-73,5],[-25,51],[-71,18],[-43,48],[-11,52],[-35,-32],[-34,-4],[-58,15],[-23,57],[-55,-9],[18,79],[-13,31],[-47,30],[-76,-21],[-55,104],[-75,-7],[-30,96],[18,55]],[[10481,16952],[11,121],[18,36],[34,-21],[85,-7],[-5,43],[-38,80],[50,17],[-42,49],[-8,51],[92,11],[55,-10],[40,8],[56,-7],[31,10],[39,53],[44,28],[-2,75],[11,42],[-41,32],[49,81]],[[13728,17860],[-106,18],[-137,44],[-21,16],[-125,132],[-68,78],[-83,-49],[-33,50],[-20,64],[5,84]],[[13140,18297],[71,74],[57,14]],[[13268,18385],[215,-69],[37,-17],[177,-132]],[[13697,18167],[20,-108],[11,-199]],[[14177,17498],[-72,35],[-60,60],[-90,-103],[-46,69],[-27,-41],[-76,-34],[-122,-16],[-45,-17],[13,97]],[[13652,17548],[75,28],[23,70],[-20,112],[-2,102]],[[13697,18167],[61,-51],[44,-26],[121,-48],[86,11],[114,115]],[[13288,16618],[-77,11],[-44,58],[0,93],[141,100],[5,15],[81,73],[-5,47],[38,148],[9,16]],[[13436,17179],[6,49],[49,96],[90,84],[51,122],[20,18]],[[13436,17179],[-30,0],[-130,53],[-184,90],[5,31],[114,299],[30,53],[-68,3],[-29,64],[-87,40],[-28,-34],[-51,19],[-106,6]],[[12872,17803],[-8,148],[14,59],[-27,2],[-9,79],[35,4],[25,194],[-53,26]],[[12849,18315],[229,-27],[62,9]],[[12624,15460],[-92,141],[-66,11],[-116,61],[-36,72],[-7,62],[117,141],[30,51],[-8,34],[1,108],[-9,19],[-86,12],[-3,119],[-13,63]],[[12404,16710],[7,49],[33,41],[67,10],[65,-38],[53,7],[3,-27],[87,20],[49,-24],[24,-136],[-54,-6],[-48,-33],[-14,-25],[3,-75],[31,-69],[113,15],[15,-82]],[[12222,17572],[103,-41],[119,-12],[53,-56],[36,-16],[25,13],[23,55],[27,-35],[98,-98],[85,-77],[23,-9],[65,142],[-11,30],[27,96],[-6,29],[-40,34],[3,33],[-12,141],[32,2]],[[12335,18338],[131,28],[31,-2],[138,33],[54,-7],[130,-68],[30,-7]],[[12592,18802],[86,-6],[161,-54],[305,-123],[40,-23],[142,-57]],[[13326,18539],[-5,-37],[-53,-117]],[[13326,18539],[147,-47],[164,-26],[76,-47],[110,29],[47,3],[65,-15],[309,-106]],[[12678,19549],[307,-129],[16,25],[43,-15],[85,-2],[101,50],[41,59],[45,2],[23,-68],[102,-15],[45,10],[11,-67],[40,-34]],[[13537,19365],[-74,9],[-84,-140],[-5,-34],[14,-137],[12,-41],[-10,-51],[44,-27],[38,4],[42,-36],[-39,-86],[-33,-32],[-79,-121],[-37,-134]],[[13537,19365],[81,12],[220,7],[32,-87],[20,-18],[78,58],[-33,46],[40,6]],[[9898,18294],[-66,-38],[-94,13],[-119,-73],[-16,15],[-121,-35],[-109,-67],[-47,3],[-80,54],[-123,6],[-62,-11]],[[9061,18161],[-25,77],[24,72],[-44,77],[-37,-3],[-71,-42],[-67,7],[-35,96],[9,53],[-21,75],[6,138],[-11,17]],[[10059,17409],[-72,-37],[-135,5],[-82,-13],[-107,34],[-76,-21],[-39,-71],[-53,-23]],[[9495,17283],[-11,65],[-36,52],[-58,-10],[-29,8],[-55,97],[-90,68],[-31,49],[14,29],[-27,78],[14,74],[44,21],[-23,118],[-53,79],[-53,26],[-33,69],[-7,55]],[[10481,16952],[-64,-35],[-75,-16],[-54,-52],[-72,-35],[-58,-6],[-46,13],[-20,27]],[[10092,16848],[-60,19],[-47,-3],[-57,-22],[-77,-12],[-29,12],[-72,-15],[-176,2],[-75,36],[-66,47],[-50,70],[19,57]],[[9402,17039],[19,25],[2,52],[38,53],[0,78],[34,36]],[[10391,15066],[16,65],[-34,76],[-3,52],[-32,16],[-15,39],[-51,62],[-52,26],[-56,132],[-51,45],[-41,19],[1,59],[81,35],[-7,29],[20,52],[-86,16],[-78,27],[-142,-27],[30,58],[-4,102],[-39,101],[20,40],[-1,54],[49,93],[51,38],[22,89],[-25,91],[-64,-57],[-49,-12],[-77,27],[-64,32],[112,40],[60,-20],[28,20],[67,20],[35,111],[62,47],[1,37],[65,78],[-48,70]],[[9161,13876],[-55,-38],[-17,-65],[-75,15],[-27,-16],[-16,-59],[-53,-51]],[[8918,13662],[-115,140],[-46,-117],[-115,36],[-50,-3],[-56,-49],[-91,-126],[-250,3],[-74,51],[-71,-34],[-62,8],[-126,112],[-39,79],[-46,71],[14,71],[23,21],[-52,148],[-26,38],[-41,-15],[-54,19],[-94,-13],[9,-33],[-19,-37],[10,-55],[27,-9],[7,-53],[-105,-3],[-389,13],[-68,5]],[[7019,13930],[1,55],[-70,33],[-57,39],[-21,48],[-41,43],[42,102],[-6,47],[31,91],[-8,66],[11,75],[46,88],[35,28],[-51,76],[3,81],[26,17],[-28,86],[17,49],[1,50],[-23,36],[5,70],[-21,66],[35,87],[-18,95],[-43,46],[-22,73],[47,14],[65,-12],[56,60],[48,15],[-3,50],[39,95]],[[7115,15699],[27,9],[77,0],[22,-22],[56,2],[91,-52],[71,62],[59,-5],[25,17],[113,25],[103,-54],[4,-47],[53,2],[15,43],[7,80],[25,15],[48,124],[-10,87],[24,91]],[[7925,16076],[57,60],[45,13],[48,31],[39,52],[49,-11],[39,56],[26,68],[5,93],[69,47],[148,114],[-24,58],[26,86],[74,26],[30,29],[81,24],[61,68],[91,42],[19,74],[41,-20],[79,-7],[122,10],[44,-52],[40,6],[85,56],[79,-7],[104,47]],[[8954,11397],[-236,315],[-24,39],[-78,50],[24,45],[-17,61],[-96,9],[-18,34],[4,66],[-32,26],[3,33],[-24,118],[16,31],[-13,47],[-62,28],[-8,56],[24,45],[52,42],[6,29],[-22,39],[22,62],[-8,34],[24,50],[109,-15],[27,17],[32,54],[84,9],[65,-7],[47,-48],[74,69],[14,38],[-6,58],[-22,56],[-69,59],[-17,29],[-44,1],[-2,38],[68,75],[-11,60],[5,98],[56,94],[48,7],[14,40],[-8,31],[-37,31],[16,67],[-39,100],[23,45]],[[6908,9040],[22,-107],[-52,-16],[-70,-69],[-33,-3],[-35,36],[-48,8],[-38,-11],[-49,58],[-55,-30],[-67,99],[-56,32],[-53,16],[-21,112],[-24,21],[1,37],[-31,33],[-194,-13],[-47,54],[-3,32],[62,90]],[[6117,9419],[101,102],[147,78],[86,121],[-2,58],[-23,63],[-52,61],[52,129],[-62,19],[-39,177],[118,87],[-26,73],[-69,129],[50,66],[7,133],[-46,41],[90,154],[-35,92],[-2,72],[11,64],[69,117],[30,38],[31,67],[-7,76],[-69,138],[10,124],[-33,72],[-11,60],[104,110],[37,85],[34,20],[17,66],[-7,141],[-18,38],[-57,59],[-14,49],[32,57],[66,85],[44,23],[23,36],[29,84],[-24,78],[-52,54],[-10,40],[48,117],[-19,53],[-6,78],[12,67],[29,77],[39,53],[-29,42],[9,35]],[[6730,13377],[24,9],[42,111],[64,20],[50,33],[-12,141],[30,81],[58,16],[10,49],[-12,65],[35,28]],[[6117,9419],[-62,-90],[-13,-26],[-27,7],[-44,43],[-5,32],[-56,41],[-26,63],[-16,81],[-37,57],[-9,106],[5,82],[-48,8],[-25,39],[11,26],[-19,44],[-80,21],[-103,39],[-11,64],[-26,35],[20,46],[-26,35],[67,30],[62,74],[-20,31],[32,121],[-57,13],[-131,-39],[8,80],[-36,29],[-29,91],[53,50],[-30,38],[-6,36],[51,17],[37,82],[28,116],[-43,76],[3,86],[-21,36],[-112,15],[-40,-6],[-84,-92],[-52,10],[-56,73],[-55,16],[-46,52],[-44,71],[1,71],[-13,54],[-49,53],[5,97],[-35,6],[0,35],[-27,44],[-11,44],[-100,88],[-32,81],[4,66],[-15,41],[-46,17],[-84,101],[19,59],[-39,45],[-9,54],[22,31],[53,-17],[50,11],[8,58],[-26,96],[-24,45],[-1,52],[-36,83],[-6,69],[-41,43],[27,49],[10,101],[26,69],[-22,67],[-49,1],[-149,34],[-22,20],[-53,-22],[-43,7],[-45,-14],[-92,31],[1,33],[-37,41],[-9,44],[35,48],[2,60],[-168,79],[-35,46],[1,26],[-33,52],[12,54],[49,35],[-8,74],[-24,44],[47,35],[-6,28],[-46,41],[16,42],[35,41],[-10,35],[61,52],[24,-28],[95,7],[28,53],[54,2],[-5,67],[9,58],[25,44],[-7,40],[46,19],[62,-26],[169,27],[85,57],[3,20],[57,84],[30,27],[-5,83],[29,38],[-13,65],[-2,82],[-45,96],[28,26]],[[4705,14799],[94,9],[52,-32],[32,-3],[63,-52],[34,33],[22,-32],[61,-16],[22,11],[52,-19],[42,-46],[0,-54],[14,-55],[43,-50],[105,-40],[35,-37],[49,-20],[33,-84],[45,-26],[65,-5],[36,-17],[104,21],[44,-2],[79,-38],[26,-76],[28,-39],[-4,-90],[45,-62],[20,-68],[23,-5],[38,-69],[45,-20],[39,10],[47,38],[102,-45],[50,-63],[76,-48],[42,-61],[83,22],[88,48],[74,-3],[38,-37],[-17,-140],[13,-43],[-1,-62],[44,-55]],[[4705,14799],[61,108],[3,114],[14,53],[35,9],[39,38],[52,23],[80,-29],[25,15],[22,42],[40,19],[22,45],[-23,36],[36,36],[58,3],[52,27],[41,85],[4,74],[74,134],[44,35],[39,73],[-28,87],[53,32],[23,34],[-13,25],[42,31],[3,38],[33,51],[44,110],[-3,46],[-25,21],[-2,55],[18,55],[92,53]],[[5660,16377],[198,-61],[-5,-51],[15,-20],[62,-14],[98,80],[42,83],[60,22],[77,-22],[68,41],[72,66],[74,-53],[90,-26],[53,-6],[45,33],[37,9],[30,-50],[-35,-47],[-18,-50],[-34,-47],[-24,-57],[7,-126],[19,-41],[2,-49],[30,-28],[219,-95],[66,-96],[-30,-65],[23,-41],[33,-9],[48,14],[53,-1],[80,29]],[[5660,16377],[19,21],[56,7],[40,31],[7,71],[-44,110],[-33,22],[-20,40],[-58,56],[0,66],[-33,35],[8,31],[131,-12],[38,29],[139,-4],[21,54],[45,59],[91,1],[36,29],[-6,40],[34,37],[2,35],[28,30],[55,32],[126,106],[36,1],[-9,51]],[[6369,17355],[26,32],[26,-89],[61,-48],[24,18],[-7,40],[52,40],[-16,92],[-16,28],[10,36],[57,28],[90,20],[56,-1],[61,46],[40,-9],[57,25],[43,46],[99,25],[64,36],[12,-48],[45,-49],[43,-72],[53,-40],[-60,-31],[-24,-30],[-17,-70],[-20,-38],[-33,-13],[-15,-50],[4,-87],[-29,-75],[-46,-22],[-8,-32],[15,-40],[-34,-44],[-9,-58],[-31,-19],[-42,6],[-95,-84],[-29,-12],[-22,-39],[8,-58],[44,-51],[71,8],[46,-12],[44,-78],[96,-41],[33,3],[135,-75],[32,-29],[43,8],[63,-52],[84,-86],[24,11],[67,67],[31,48],[58,6],[64,-29],[73,-126],[73,-61],[31,-66],[64,-17],[-23,-46],[10,-21]],[[6369,17355],[-28,57],[-55,38],[-118,10],[-5,108],[-16,35],[15,35],[-8,54],[-24,44],[42,185],[49,25],[88,3],[34,22],[48,54],[32,-4],[90,32],[71,4],[74,15],[40,37],[68,14],[59,49],[16,66],[-33,8],[-10,40],[16,28],[-38,33],[-62,5],[-14,50],[-39,16],[16,51],[2,172],[11,36],[28,10],[22,78],[17,23],[9,88],[-19,54]],[[6747,18930],[47,-1],[113,-44],[31,18],[35,56],[-13,57],[10,25],[60,-4],[29,11],[80,-18],[53,-26],[27,34],[101,34],[48,-11],[142,75],[62,-19],[55,21],[7,85]],[[6747,18930],[-114,32],[-138,28],[-1,21],[-57,53],[-8,59],[29,16],[-4,37],[-164,159],[-28,57],[-23,91],[-53,41],[-34,84],[8,60],[-44,49],[-111,-2],[-11,27],[42,62],[26,82],[45,11],[25,23],[-11,41],[-54,86],[-26,23],[29,52],[39,21],[31,39],[-3,63],[43,57],[39,106],[4,59],[-19,73],[-77,70],[19,61],[-5,45],[46,17],[-3,82],[55,63],[-53,33],[2,57],[45,25],[7,35],[-75,-17],[-58,18],[-77,-11],[-32,28],[-67,33],[-8,33],[-71,64],[-40,17],[-39,-28],[-46,15],[-37,-56],[-55,-6],[-45,49],[-33,57],[-25,66],[-65,7],[-50,66],[-28,-4]],[[5389,21359],[67,24],[77,0],[42,-23],[41,-1],[72,27],[25,25],[89,18],[65,41],[33,-15],[101,1],[65,25],[89,-37],[105,2],[76,48],[51,12],[33,-8],[70,34],[61,-26],[60,9],[67,54],[47,-30],[44,-5],[87,-31],[21,-27],[79,-15],[14,-20],[58,-11],[48,38],[63,31],[50,44],[64,30],[29,49],[37,23],[124,48],[12,45],[39,16],[30,37],[19,80],[69,82],[8,99],[53,136],[36,13],[35,-16],[94,23],[70,-18],[45,24],[12,-25],[67,-6],[23,49],[44,10],[-8,61],[18,62],[28,35],[64,41],[80,20],[45,26],[-5,20],[-74,75],[-31,13],[-78,-4],[-151,15],[-16,49],[96,37],[40,29],[17,48],[32,47],[64,38],[150,21],[85,-30],[2,84],[33,24],[63,-9],[36,41],[-18,78],[18,18],[47,-16],[41,10],[74,-77],[55,-15]],[[5389,21359],[60,61],[36,96],[-10,109],[-22,8],[4,52],[-53,54],[-7,46],[-118,67],[19,50],[-11,139],[70,31],[34,81],[-27,99],[-27,-22],[-7,69],[57,6],[27,50],[-43,20],[-35,42],[13,69],[32,3],[60,43],[-30,34],[30,51],[-27,72],[-42,51],[11,65],[-61,0],[-28,95],[-46,42],[-19,111],[6,20],[65,61],[47,13],[51,59],[8,94],[42,22],[46,-36],[60,8],[66,32],[23,24],[10,55],[-24,29],[-11,61],[-41,62],[-65,10],[-31,18],[-32,45],[-89,21],[-6,49],[17,75],[-43,94],[17,85],[-12,57],[-41,103],[-35,47],[-27,61],[48,0],[48,46],[46,1],[45,47],[59,23],[32,-8],[35,17],[28,65],[63,33],[46,-27],[21,16],[66,-12],[49,9],[61,52],[40,10],[25,-28],[74,-21],[14,45],[31,40],[13,74],[99,43],[55,9],[63,25],[41,36],[16,-16],[71,-5],[23,50],[44,-1],[50,-60],[55,-10],[24,23],[-46,49],[43,115],[23,-3],[68,29],[13,25],[73,-96],[27,34],[37,5],[31,-19],[20,-39],[43,16],[-15,36],[21,19],[28,-34],[29,12],[85,-6],[113,59],[32,57],[76,28],[40,-40],[53,18],[7,29],[41,26],[-3,23],[59,50],[67,-4],[51,17],[76,71],[48,-37],[16,-66],[68,-65],[27,28],[-7,38],[83,10],[77,44],[31,-19],[55,38],[39,10],[27,-77],[55,7],[15,42],[32,-16],[39,84],[34,-6],[70,90],[19,-11],[30,-81],[33,1],[15,31],[43,22]]],"transform":{"scale":[0.000031735611476444606,0.000029426571171272753],"translate":[-47.20847757052082,-24.064017512200273]},"objects":{"zonas_2007_s":{"type":"GeometryCollection","geometries":[{"arcs":[[0,1,2,3,4]],"type":"Polygon","properties":{"codigo":"1","nome":"Sé","municipio_nome":"São Paulo"},"id":"1"},{"arcs":[[-5,5,6,7,8,9,10]],"type":"Polygon","properties":{"codigo":"2","nome":"Parque Dom Pedro","municipio_nome":"São Paulo"},"id":"2"},{"arcs":[[-1,-11,11,12,13,14]],"type":"Polygon","properties":{"codigo":"3","nome":"Praça João Mendes","municipio_nome":"São Paulo"},"id":"3"},{"arcs":[[-2,-15,15,16,17,18]],"type":"Polygon","properties":{"codigo":"4","nome":"Ladeira da Memória","municipio_nome":"São Paulo"},"id":"4"},{"arcs":[[-3,-19,19,20,21]],"type":"Polygon","properties":{"codigo":"5","nome":"República","municipio_nome":"São Paulo"},"id":"5"},{"arcs":[[-4,-22,22,23,-6]],"type":"Polygon","properties":{"codigo":"6","nome":"Santa Efigênia","municipio_nome":"São Paulo"},"id":"6"},{"arcs":[[-7,-24,24,25,26,27,28,29]],"type":"Polygon","properties":{"codigo":"7","nome":"Luz","municipio_nome":"São Paulo"},"id":"7"},{"arcs":[[-27,30,31,32,33,34]],"type":"Polygon","properties":{"codigo":"8","nome":"Bom Retiro","municipio_nome":"São Paulo"},"id":"8"},{"arcs":[[-28,-35,35,36,37,38]],"type":"Polygon","properties":{"codigo":"9","nome":"Ponte Pequena","municipio_nome":"São Paulo"},"id":"9"},{"arcs":[[-38,39,40,41,42]],"type":"Polygon","properties":{"codigo":"10","nome":"Canindé","municipio_nome":"São Paulo"},"id":"10"},{"arcs":[[-42,43,44,45,46]],"type":"Polygon","properties":{"codigo":"11","nome":"Bom Jardim","municipio_nome":"São Paulo"},"id":"11"},{"arcs":[[-29,-39,-43,-47,47,48,49,50]],"type":"Polygon","properties":{"codigo":"12","nome":"Pari","municipio_nome":"São Paulo"},"id":"12"},{"arcs":[[-30,-51,51,52]],"type":"Polygon","properties":{"codigo":"13","nome":"João Teodoro","municipio_nome":"São Paulo"},"id":"13"},{"arcs":[[-50,53,54,55,-52]],"type":"Polygon","properties":{"codigo":"14","nome":"Oriente","municipio_nome":"São Paulo"},"id":"14"},{"arcs":[[-55,56,57,58,59]],"type":"Polygon","properties":{"codigo":"15","nome":"Bresser","municipio_nome":"São Paulo"},"id":"15"},{"arcs":[[-9,60,-59,61,62]],"type":"Polygon","properties":{"codigo":"16","nome":"Brás","municipio_nome":"São Paulo"},"id":"16"},{"arcs":[[-8,-53,-56,-60,-61]],"type":"Polygon","properties":{"codigo":"17","nome":"Gasômetro","municipio_nome":"São Paulo"},"id":"17"},{"arcs":[[-10,-63,63,64,65,66,67,-12]],"type":"Polygon","properties":{"codigo":"18","nome":"Independência","municipio_nome":"São Paulo"},"id":"18"},{"arcs":[[-67,68,69,70,71]],"type":"Polygon","properties":{"codigo":"19","nome":"Cambuci","municipio_nome":"São Paulo"},"id":"19"},{"arcs":[[-13,-68,-72,72,73,74]],"type":"Polygon","properties":{"codigo":"20","nome":"Glicério","municipio_nome":"São Paulo"},"id":"20"},{"arcs":[[-71,75,76,-73]],"type":"Polygon","properties":{"codigo":"21","nome":"Aclimação","municipio_nome":"São Paulo"},"id":"21"},{"arcs":[[-74,-77,77,78,79]],"type":"Polygon","properties":{"codigo":"22","nome":"Pires da Mota","municipio_nome":"São Paulo"},"id":"22"},{"arcs":[[-79,80,81,82,83]],"type":"Polygon","properties":{"codigo":"23","nome":"Centro Cultural","municipio_nome":"São Paulo"},"id":"23"},{"arcs":[[-14,-75,-80,-84,84]],"type":"Polygon","properties":{"codigo":"24","nome":"Liberdade","municipio_nome":"São Paulo"},"id":"24"},{"arcs":[[-17,85,86,87,88,89]],"type":"Polygon","properties":{"codigo":"25","nome":"Treze de Maio","municipio_nome":"São Paulo"},"id":"25"},{"arcs":[[-16,-85,90,-86]],"type":"Polygon","properties":{"codigo":"26","nome":"Bexiga","municipio_nome":"São Paulo"},"id":"26"},{"arcs":[[-83,91,92,-87,-91]],"type":"Polygon","properties":{"codigo":"27","nome":"Bela Vista","municipio_nome":"São Paulo"},"id":"27"},{"arcs":[[-88,-93,93,94]],"type":"Polygon","properties":{"codigo":"28","nome":"São Carlos do Pinhal","municipio_nome":"São Paulo"},"id":"28"},{"arcs":[[-89,-95,95,96,97,98]],"type":"Polygon","properties":{"codigo":"29","nome":"Masp","municipio_nome":"São Paulo"},"id":"29"},{"arcs":[[99,100,101,102,103]],"type":"Polygon","properties":{"codigo":"30","nome":"Higienópolis","municipio_nome":"São Paulo"},"id":"30"},{"arcs":[[-18,-90,-99,104,-104,105,-20]],"type":"Polygon","properties":{"codigo":"31","nome":"Vila Buarque","municipio_nome":"São Paulo"},"id":"31"},{"arcs":[[-98,106,107,108,-100,-105]],"type":"Polygon","properties":{"codigo":"32","nome":"Consolação","municipio_nome":"São Paulo"},"id":"32"},{"arcs":[[-109,109,110,111,112]],"type":"Polygon","properties":{"codigo":"33","nome":"Pacaembu","municipio_nome":"São Paulo"},"id":"33"},{"arcs":[[-101,-113,113,114]],"type":"Polygon","properties":{"codigo":"34","nome":"FAAP","municipio_nome":"São Paulo"},"id":"34"},{"arcs":[[-21,-106,-103,115,-25,-23]],"type":"Polygon","properties":{"codigo":"35","nome":"Santa Cecília","municipio_nome":"São Paulo"},"id":"35"},{"arcs":[[-26,-116,-102,-115,116,117,-31]],"type":"Polygon","properties":{"codigo":"36","nome":"Marechal Deodoro","municipio_nome":"São Paulo"},"id":"36"},{"arcs":[[-32,-118,118]],"type":"Polygon","properties":{"codigo":"37","nome":"Rudge","municipio_nome":"São Paulo"},"id":"37"},{"arcs":[[-46,119,120,121,-48]],"type":"Polygon","properties":{"codigo":"38","nome":"Catumbi","municipio_nome":"São Paulo"},"id":"38"},{"arcs":[[-121,122,123,124,125,126,127]],"type":"Polygon","properties":{"codigo":"39","nome":"Belém","municipio_nome":"São Paulo"},"id":"39"},{"arcs":[[128,129,130,131]],"type":"Polygon","properties":{"codigo":"40","nome":"Quarta Parada","municipio_nome":"São Paulo"},"id":"40"},{"arcs":[[-57,132,-127,133,-129,134]],"type":"Polygon","properties":{"codigo":"41","nome":"Belenzinho","municipio_nome":"São Paulo"},"id":"41"},{"arcs":[[-49,-122,-128,-133,-54]],"type":"Polygon","properties":{"codigo":"42","nome":"Celso Garcia","municipio_nome":"São Paulo"},"id":"42"},{"arcs":[[-58,-135,-132,135,136,137,-62]],"type":"Polygon","properties":{"codigo":"43","nome":"Moóca","municipio_nome":"São Paulo"},"id":"43"},{"arcs":[[-137,138,139,140]],"type":"Polygon","properties":{"codigo":"44","nome":"Alto da Moóca","municipio_nome":"São Paulo"},"id":"44"},{"arcs":[[-64,-138,-141,141,142,143]],"type":"Polygon","properties":{"codigo":"45","nome":"Parque da Moóca","municipio_nome":"São Paulo"},"id":"45"},{"arcs":[[144,145,146,147,148,149,150]],"type":"Polygon","properties":{"codigo":"46","nome":"Água Rasa","municipio_nome":"São Paulo"},"id":"46"},{"arcs":[[-139,151,-147,152]],"type":"Polygon","properties":{"codigo":"47","nome":"Vila Bertioga","municipio_nome":"São Paulo"},"id":"47"},{"arcs":[[-131,153,154,-148,-152,-136]],"type":"Polygon","properties":{"codigo":"48","nome":"Regente Feijó","municipio_nome":"São Paulo"},"id":"48"},{"arcs":[[-76,155,156,157,158,-81,-78]],"type":"Polygon","properties":{"codigo":"49","nome":"Ana Rosa","municipio_nome":"São Paulo"},"id":"49"},{"arcs":[[-70,159,160,161,162,-156]],"type":"Polygon","properties":{"codigo":"50","nome":"Jardim da Glória","municipio_nome":"São Paulo"},"id":"50"},{"arcs":[[-162,163,164,165]],"type":"Polygon","properties":{"codigo":"51","nome":"Chácara Klabin","municipio_nome":"São Paulo"},"id":"51"},{"arcs":[[-157,-163,-166,166,167]],"type":"Polygon","properties":{"codigo":"52","nome":"Vila Mariana","municipio_nome":"São Paulo"},"id":"52"},{"arcs":[[-165,168,169,170,171,-167]],"type":"Polygon","properties":{"codigo":"53","nome":"Santa Cruz","municipio_nome":"São Paulo"},"id":"53"},{"arcs":[[-171,172,173,174]],"type":"Polygon","properties":{"codigo":"54","nome":"Vila Clementino","municipio_nome":"São Paulo"},"id":"54"},{"arcs":[[-168,-172,-175,175,176]],"type":"Polygon","properties":{"codigo":"55","nome":"França Pinto","municipio_nome":"São Paulo"},"id":"55"},{"arcs":[[-158,-177,177,178]],"type":"Polygon","properties":{"codigo":"56","nome":"Rodrigues Alves","municipio_nome":"São Paulo"},"id":"56"},{"arcs":[[-82,-159,-179,179,180,181,-92]],"type":"Polygon","properties":{"codigo":"57","nome":"Paraíso","municipio_nome":"São Paulo"},"id":"57"},{"arcs":[[-170,182,183,184,185]],"type":"Polygon","properties":{"codigo":"58","nome":"Bosque da Saúde","municipio_nome":"São Paulo"},"id":"58"},{"arcs":[[-185,186,187,188,189,190]],"type":"Polygon","properties":{"codigo":"59","nome":"Saúde","municipio_nome":"São Paulo"},"id":"59"},{"arcs":[[-190,191,192,193,194,195,196]],"type":"Polygon","properties":{"codigo":"60","nome":"Planalto Paulista","municipio_nome":"São Paulo"},"id":"60"},{"arcs":[[-173,-186,-191,-197,197,198]],"type":"Polygon","properties":{"codigo":"61","nome":"Mirandópolis","municipio_nome":"São Paulo"},"id":"61"},{"arcs":[[-176,199,200,201,202,-180,-178]],"type":"Polygon","properties":{"codigo":"62","nome":"Parque Ibirapuera","municipio_nome":"São Paulo"},"id":"62"},{"arcs":[[-199,203,-200,-174]],"type":"Polygon","properties":{"codigo":"63","nome":"Jardim Luzitânia","municipio_nome":"São Paulo"},"id":"63"},{"arcs":[[-196,204,205,206,207,-204,-198]],"type":"Polygon","properties":{"codigo":"64","nome":"Moema","municipio_nome":"São Paulo"},"id":"64"},{"arcs":[[-195,208,209,-205]],"type":"Polygon","properties":{"codigo":"65","nome":"Bandeirantes","municipio_nome":"São Paulo"},"id":"65"},{"arcs":[[-201,-208,210,211,212]],"type":"Polygon","properties":{"codigo":"66","nome":"Vila Nova Conceição","municipio_nome":"São Paulo"},"id":"66"},{"arcs":[[213,214,215,216,217,-212]],"type":"Polygon","properties":{"codigo":"67","nome":"Chácara Itaim","municipio_nome":"São Paulo"},"id":"67"},{"arcs":[[-207,218,219,-214,-211]],"type":"Polygon","properties":{"codigo":"68","nome":"Vila Olimpia","municipio_nome":"São Paulo"},"id":"68"},{"arcs":[[-206,-210,220,221,-219]],"type":"Polygon","properties":{"codigo":"69","nome":"Hélio Pelegrino","municipio_nome":"São Paulo"},"id":"69"},{"arcs":[[-221,222,223,224,225]],"type":"Polygon","properties":{"codigo":"70","nome":"Brooklin","municipio_nome":"São Paulo"},"id":"70"},{"arcs":[[-225,226,227,228,229,230]],"type":"Polygon","properties":{"codigo":"71","nome":"Vila Cordeiro","municipio_nome":"São Paulo"},"id":"71"},{"arcs":[[-215,-220,-222,-226,-231,231,232]],"type":"Polygon","properties":{"codigo":"72","nome":"Berrini","municipio_nome":"São Paulo"},"id":"72"},{"arcs":[[-94,-182,233,234,-96]],"type":"Polygon","properties":{"codigo":"73","nome":"Campinas","municipio_nome":"São Paulo"},"id":"73"},{"arcs":[[-181,-203,235,236,-234]],"type":"Polygon","properties":{"codigo":"74","nome":"Pamplona","municipio_nome":"São Paulo"},"id":"74"},{"arcs":[[-202,-213,-218,237,238,239,-236]],"type":"Polygon","properties":{"codigo":"75","nome":"Jardins","municipio_nome":"São Paulo"},"id":"75"},{"arcs":[[-108,240,241,-239,242,243,244,-110]],"type":"Polygon","properties":{"codigo":"76","nome":"Clínicas","municipio_nome":"São Paulo"},"id":"76"},{"arcs":[[-237,-240,-242,245]],"type":"Polygon","properties":{"codigo":"77","nome":"Oscar Freire","municipio_nome":"São Paulo"},"id":"77"},{"arcs":[[-97,-235,-246,-241,-107]],"type":"Polygon","properties":{"codigo":"78","nome":"Trianon","municipio_nome":"São Paulo"},"id":"78"},{"arcs":[[-243,246,247,248]],"type":"Polygon","properties":{"codigo":"79","nome":"Jardim Paulistano","municipio_nome":"São Paulo"},"id":"79"},{"arcs":[[-217,249,250,-247,-238]],"type":"Polygon","properties":{"codigo":"80","nome":"Jardim Europa","municipio_nome":"São Paulo"},"id":"80"},{"arcs":[[-248,-251,251,252,253,254]],"type":"Polygon","properties":{"codigo":"81","nome":"Pinheiros","municipio_nome":"São Paulo"},"id":"81"},{"arcs":[[-244,-249,-255,255,256,257,258]],"type":"Polygon","properties":{"codigo":"82","nome":"Vila Madalena","municipio_nome":"São Paulo"},"id":"82"},{"arcs":[[259,260,261,262,263]],"type":"Polygon","properties":{"codigo":"83","nome":"PUC","municipio_nome":"São Paulo"},"id":"83"},{"arcs":[[-112,264,-264,265,-114]],"type":"Polygon","properties":{"codigo":"84","nome":"Cardoso de Almeida","municipio_nome":"São Paulo"},"id":"84"},{"arcs":[[-111,-245,266,267,-260,-265]],"type":"Polygon","properties":{"codigo":"85","nome":"Zéquinha de Abreu","municipio_nome":"São Paulo"},"id":"85"},{"arcs":[[-259,268,269,-267]],"type":"Polygon","properties":{"codigo":"86","nome":"Sumaré","municipio_nome":"São Paulo"},"id":"86"},{"arcs":[[-261,-268,-270,270,271,272]],"type":"Polygon","properties":{"codigo":"87","nome":"Perdizes","municipio_nome":"São Paulo"},"id":"87"},{"arcs":[[-258,273,274,275,-271,-269]],"type":"Polygon","properties":{"codigo":"88","nome":"Vila Anglo Brasileira","municipio_nome":"São Paulo"},"id":"88"},{"arcs":[[-272,-276,276,277,278]],"type":"Polygon","properties":{"codigo":"89","nome":"Pompéia","municipio_nome":"São Paulo"},"id":"89"},{"arcs":[[279,280,281,282,283,284,285]],"type":"Polygon","properties":{"codigo":"90","nome":"Santa Marina","municipio_nome":"São Paulo"},"id":"90"},{"arcs":[[-119,286,-281,287,-33]],"type":"Polygon","properties":{"codigo":"91","nome":"Barra Funda","municipio_nome":"São Paulo"},"id":"91"},{"arcs":[[-117,-266,-263,288,-282,-287]],"type":"Polygon","properties":{"codigo":"92","nome":"Francisco Matarazzo","municipio_nome":"São Paulo"},"id":"92"},{"arcs":[[-262,-273,-279,289,-283,-289]],"type":"Polygon","properties":{"codigo":"93","nome":"Água Branca","municipio_nome":"São Paulo"},"id":"93"},{"arcs":[[-257,290,291,-274]],"type":"Polygon","properties":{"codigo":"94","nome":"Vila Beatriz","municipio_nome":"São Paulo"},"id":"94"},{"arcs":[[-254,292,293,294,295,-291,-256]],"type":"Polygon","properties":{"codigo":"95","nome":"Alto de Pinheiros","municipio_nome":"São Paulo"},"id":"95"},{"arcs":[[-295,296,297,298,299,300,301]],"type":"Polygon","properties":{"codigo":"96","nome":"Boaçava","municipio_nome":"São Paulo"},"id":"96"},{"arcs":[[302,303,304,305,306,307]],"type":"Polygon","properties":{"codigo":"97","nome":"Vila Anastácio","municipio_nome":"São Paulo"},"id":"97"},{"arcs":[[-284,308,-307,309,310]],"type":"Polygon","properties":{"codigo":"98","nome":"Lapa de Baixo","municipio_nome":"São Paulo"},"id":"98"},{"arcs":[[-278,311,312,313,-308,-309,-290]],"type":"Polygon","properties":{"codigo":"99","nome":"Lapa","municipio_nome":"São Paulo"},"id":"99"},{"arcs":[[-275,-292,-296,-302,314,-312,-277]],"type":"Polygon","properties":{"codigo":"100","nome":"Vila Ipojuca","municipio_nome":"São Paulo"},"id":"100"},{"arcs":[[-301,315,316,317,-313,-315]],"type":"Polygon","properties":{"codigo":"101","nome":"Alto da Lapa","municipio_nome":"São Paulo"},"id":"101"},{"arcs":[[-303,-314,-318,318,319]],"type":"Polygon","properties":{"codigo":"102","nome":"Gavião Peixoto","municipio_nome":"São Paulo"},"id":"102"},{"arcs":[[-317,320,321,322,-319]],"type":"Polygon","properties":{"codigo":"103","nome":"Bela Aliança","municipio_nome":"São Paulo"},"id":"103"},{"arcs":[[-300,323,324,-321,-316]],"type":"Polygon","properties":{"codigo":"104","nome":"Vila Hamburguesa","municipio_nome":"São Paulo"},"id":"104"},{"arcs":[[-299,325,326,327,-324]],"type":"Polygon","properties":{"codigo":"105","nome":"CEASA","municipio_nome":"São Paulo"},"id":"105"},{"arcs":[[-322,-325,-328,328]],"type":"Polygon","properties":{"codigo":"106","nome":"Vila Leopoldina","municipio_nome":"São Paulo"},"id":"106"},{"arcs":[[-304,-320,-323,-329,-327,329,330,331]],"type":"Polygon","properties":{"codigo":"107","nome":"Emissário","municipio_nome":"São Paulo"},"id":"107"},{"arcs":[[332,333,334,335,336,337,338]],"type":"Polygon","properties":{"codigo":"108","nome":"Vila Zatt","municipio_nome":"São Paulo"},"id":"108"},{"arcs":[[-306,339,-333,340,341,-310]],"type":"Polygon","properties":{"codigo":"109","nome":"Pirituba","municipio_nome":"São Paulo"},"id":"109"},{"arcs":[[-305,342,343,-334,-340]],"type":"Polygon","properties":{"codigo":"110","nome":"São Domingos","municipio_nome":"São Paulo"},"id":"110"},{"arcs":[[-335,-344,344,345,346,347,348]],"type":"Polygon","properties":{"codigo":"111","nome":"Jardim Mutinga","municipio_nome":"São Paulo"},"id":"111"},{"arcs":[[-332,349,-345,-343]],"type":"Polygon","properties":{"codigo":"112","nome":"Vila Jaguara","municipio_nome":"São Paulo"},"id":"112"},{"arcs":[[-348,350,351,352]],"type":"Polygon","properties":{"codigo":"113","nome":"Jaraguá","municipio_nome":"São Paulo"},"id":"113"},{"arcs":[[-336,-349,-353,353,354,355]],"type":"Polygon","properties":{"codigo":"114","nome":"Nova Jaraguá","municipio_nome":"São Paulo"},"id":"114"},{"arcs":[[-337,-356,356,357,358,359,360]],"type":"Polygon","properties":{"codigo":"115","nome":"Parada de Taipas","municipio_nome":"São Paulo"},"id":"115"},{"arcs":[[361,362,363,364,365]],"type":"Polygon","properties":{"codigo":"116","nome":"Parque Morro Doce","municipio_nome":"São Paulo"},"id":"116"},{"arcs":[[-352,-363,366,367,368,-354]],"type":"Polygon","properties":{"codigo":"117","nome":"Anhanguera","municipio_nome":"São Paulo"},"id":"117"},{"arcs":[[-355,-369,369,370,371,-357]],"type":"Polygon","properties":{"codigo":"118","nome":"Perus","municipio_nome":"São Paulo"},"id":"118"},{"arcs":[[-359,372,373,374]],"type":"Polygon","properties":{"codigo":"119","nome":"Vista Alegre","municipio_nome":"São Paulo"},"id":"119"},{"arcs":[[-360,-375,375,376,377]],"type":"Polygon","properties":{"codigo":"120","nome":"Jardim Damasceno","municipio_nome":"São Paulo"},"id":"120"},{"arcs":[[-338,-361,-378,378,379]],"type":"Polygon","properties":{"codigo":"121","nome":"Vila Terezinha","municipio_nome":"São Paulo"},"id":"121"},{"arcs":[[-377,380,381,382,383,-379]],"type":"Polygon","properties":{"codigo":"122","nome":"Brasilândia","municipio_nome":"São Paulo"},"id":"122"},{"arcs":[[-339,-380,-384,384,385,-341]],"type":"Polygon","properties":{"codigo":"123","nome":"Vila Morro Grande","municipio_nome":"São Paulo"},"id":"123"},{"arcs":[[-383,386,387,388,-385]],"type":"Polygon","properties":{"codigo":"124","nome":"Itaberaba","municipio_nome":"São Paulo"},"id":"124"},{"arcs":[[-285,-311,-342,-386,-389,389,390]],"type":"Polygon","properties":{"codigo":"125","nome":"Freguesia do Ó","municipio_nome":"São Paulo"},"id":"125"},{"arcs":[[391,392,393,394]],"type":"Polygon","properties":{"codigo":"126","nome":"Carandiru","municipio_nome":"São Paulo"},"id":"126"},{"arcs":[[-394,395,396,397,398]],"type":"Polygon","properties":{"codigo":"127","nome":"Santana","municipio_nome":"São Paulo"},"id":"127"},{"arcs":[[-395,-399,399,400,401]],"type":"Polygon","properties":{"codigo":"128","nome":"Zaki Narchi","municipio_nome":"São Paulo"},"id":"128"},{"arcs":[[-37,402,-392,-402,403,-40]],"type":"Polygon","properties":{"codigo":"129","nome":"Tietê","municipio_nome":"São Paulo"},"id":"129"},{"arcs":[[-34,404,405,406,-393,-403,-36]],"type":"Polygon","properties":{"codigo":"130","nome":"Parque Anhembi","municipio_nome":"São Paulo"},"id":"130"},{"arcs":[[-396,-407,407,408,409]],"type":"Polygon","properties":{"codigo":"131","nome":"Alfredo Pujol","municipio_nome":"São Paulo"},"id":"131"},{"arcs":[[-409,410,411,412]],"type":"Polygon","properties":{"codigo":"132","nome":"Santa Terezinha","municipio_nome":"São Paulo"},"id":"132"},{"arcs":[[-397,-410,-413,413,414,415,416]],"type":"Polygon","properties":{"codigo":"133","nome":"Jardim São Paulo","municipio_nome":"São Paulo"},"id":"133"},{"arcs":[[-280,417,418,419,-405,-288]],"type":"Polygon","properties":{"codigo":"134","nome":"Casa Verde","municipio_nome":"São Paulo"},"id":"134"},{"arcs":[[-406,-420,420,421,422,-411,-408]],"type":"Polygon","properties":{"codigo":"135","nome":"Parque Peruche","municipio_nome":"São Paulo"},"id":"135"},{"arcs":[[-286,-391,423,-418]],"type":"Polygon","properties":{"codigo":"136","nome":"Limão","municipio_nome":"São Paulo"},"id":"136"},{"arcs":[[-388,424,-421,-419,-424,-390]],"type":"Polygon","properties":{"codigo":"137","nome":"Casa Verde Alta","municipio_nome":"São Paulo"},"id":"137"},{"arcs":[[-382,425,426,427,-422,-425,-387]],"type":"Polygon","properties":{"codigo":"138","nome":"Cachoeirinha","municipio_nome":"São Paulo"},"id":"138"},{"arcs":[[-376,428,429,-426,-381]],"type":"Polygon","properties":{"codigo":"139","nome":"Jardim Peri","municipio_nome":"São Paulo"},"id":"139"},{"arcs":[[-374,430,431,432,-429]],"type":"Polygon","properties":{"codigo":"140","nome":"Reserva da Cantareira","municipio_nome":"São Paulo"},"id":"140"},{"arcs":[[-412,-423,-428,433,434,-414]],"type":"Polygon","properties":{"codigo":"141","nome":"Mandaqui","municipio_nome":"São Paulo"},"id":"141"},{"arcs":[[-427,-430,435,436,437,438,-434]],"type":"Polygon","properties":{"codigo":"142","nome":"Horto Florestal","municipio_nome":"São Paulo"},"id":"142"},{"arcs":[[-433,439,440,-436]],"type":"Polygon","properties":{"codigo":"143","nome":"ETA Guaraú","municipio_nome":"São Paulo"},"id":"143"},{"arcs":[[441,442,443,444,445]],"type":"Polygon","properties":{"codigo":"144","nome":"Parque Palmas do Tremembé","municipio_nome":"São Paulo"},"id":"144"},{"arcs":[[-438,446,-443,447]],"type":"Polygon","properties":{"codigo":"145","nome":"Tremembé","municipio_nome":"São Paulo"},"id":"145"},{"arcs":[[-437,-441,448,449,450,451,452,-444,-447]],"type":"Polygon","properties":{"codigo":"146","nome":"Cantareira","municipio_nome":"São Paulo"},"id":"146"},{"arcs":[[-445,-453,453,454,455,456]],"type":"Polygon","properties":{"codigo":"147","nome":"Jardim das Pedras","municipio_nome":"São Paulo"},"id":"147"},{"arcs":[[-446,-457,457,458,459]],"type":"Polygon","properties":{"codigo":"148","nome":"Jardim Guapira","municipio_nome":"São Paulo"},"id":"148"},{"arcs":[[-416,460,461,462,463]],"type":"Polygon","properties":{"codigo":"149","nome":"Parada Inglesa","municipio_nome":"São Paulo"},"id":"149"},{"arcs":[[-461,-415,-435,-439,-448,-442,464]],"type":"Polygon","properties":{"codigo":"150","nome":"Tucuruvi","municipio_nome":"São Paulo"},"id":"150"},{"arcs":[[-460,465,466,-462,-465]],"type":"Polygon","properties":{"codigo":"151","nome":"Vila Gustavo","municipio_nome":"São Paulo"},"id":"151"},{"arcs":[[-456,467,468,469,470,-458]],"type":"Polygon","properties":{"codigo":"152","nome":"Cohab Jova Real","municipio_nome":"São Paulo"},"id":"152"},{"arcs":[[-459,-471,471,472,473,-466]],"type":"Polygon","properties":{"codigo":"153","nome":"Jaçanã","municipio_nome":"São Paulo"},"id":"153"},{"arcs":[[-473,474,475,476]],"type":"Polygon","properties":{"codigo":"154","nome":"Parque Edu Chaves","municipio_nome":"São Paulo"},"id":"154"},{"arcs":[[-463,-467,477,478,479]],"type":"Polygon","properties":{"codigo":"155","nome":"Vila Medeiros","municipio_nome":"São Paulo"},"id":"155"},{"arcs":[[-474,-477,480,481,482,-478]],"type":"Polygon","properties":{"codigo":"156","nome":"Jardim Brasil","municipio_nome":"São Paulo"},"id":"156"},{"arcs":[[-479,-483,483,484,485]],"type":"Polygon","properties":{"codigo":"157","nome":"Jardim Japão","municipio_nome":"São Paulo"},"id":"157"},{"arcs":[[-125,486,-484,-482,487,488,489,490]],"type":"Polygon","properties":{"codigo":"158","nome":"Parque Novo Mundo","municipio_nome":"São Paulo"},"id":"158"},{"arcs":[[-124,491,492,-485,-487]],"type":"Polygon","properties":{"codigo":"159","nome":"Vila Maria","municipio_nome":"São Paulo"},"id":"159"},{"arcs":[[-398,-417,-464,-480,-486,-493,493,494,-400]],"type":"Polygon","properties":{"codigo":"160","nome":"Vila Isolina Mazzei","municipio_nome":"São Paulo"},"id":"160"},{"arcs":[[-45,495,-494,-492,-123,-120]],"type":"Polygon","properties":{"codigo":"161","nome":"Vila Guilherme","municipio_nome":"São Paulo"},"id":"161"},{"arcs":[[-41,-404,-401,-495,-496,-44]],"type":"Polygon","properties":{"codigo":"162","nome":"Corôa","municipio_nome":"São Paulo"},"id":"162"},{"arcs":[[496,497,498,499,500]],"type":"Polygon","properties":{"codigo":"163","nome":"Gomes Cardim","municipio_nome":"São Paulo"},"id":"163"},{"arcs":[[-130,501,-497,502,-154]],"type":"Polygon","properties":{"codigo":"164","nome":"Tatuapé","municipio_nome":"São Paulo"},"id":"164"},{"arcs":[[-126,-491,503,-498,-502,-134]],"type":"Polygon","properties":{"codigo":"165","nome":"Chácara do Piqueri","municipio_nome":"São Paulo"},"id":"165"},{"arcs":[[-490,504,505,506,-499,-504]],"type":"Polygon","properties":{"codigo":"166","nome":"Parque São Jorge","municipio_nome":"São Paulo"},"id":"166"},{"arcs":[[-489,507,508,509,510,511,-505]],"type":"Polygon","properties":{"codigo":"167","nome":"Penha","municipio_nome":"São Paulo"},"id":"167"},{"arcs":[[-511,512,513,514,515]],"type":"Polygon","properties":{"codigo":"168","nome":"Ticoatira","municipio_nome":"São Paulo"},"id":"168"},{"arcs":[[-515,516,517,518,519,520,521]],"type":"Polygon","properties":{"codigo":"169","nome":"Vila Esperança","municipio_nome":"São Paulo"},"id":"169"},{"arcs":[[522,523,524,525]],"type":"Polygon","properties":{"codigo":"170","nome":"Rui Barbosa","municipio_nome":"São Paulo"},"id":"170"},{"arcs":[[-510,526,-524,527,-513]],"type":"Polygon","properties":{"codigo":"171","nome":"Cangaíba","municipio_nome":"São Paulo"},"id":"171"},{"arcs":[[-509,528,529,530,531,532,533,-525,-527]],"type":"Polygon","properties":{"codigo":"172","nome":"Engenheiro Goulart","municipio_nome":"São Paulo"},"id":"172"},{"arcs":[[-533,534]],"type":"Polygon","properties":{"codigo":"173","nome":"USP Leste I","municipio_nome":"São Paulo"},"id":"173"},{"arcs":[[-531,535,536,537,538,539]],"type":"Polygon","properties":{"codigo":"174","nome":"USP Leste II","municipio_nome":"São Paulo"},"id":"174"},{"arcs":[[-526,-534,-535,-532,-540,540,541]],"type":"Polygon","properties":{"codigo":"175","nome":"Ermelino Matarazzo","municipio_nome":"São Paulo"},"id":"175"},{"arcs":[[-539,542,543,544,-541]],"type":"Polygon","properties":{"codigo":"176","nome":"Parque Buturussu","municipio_nome":"São Paulo"},"id":"176"},{"arcs":[[-514,-528,-523,-542,-545,545,-517]],"type":"Polygon","properties":{"codigo":"177","nome":"Ponte Rasa","municipio_nome":"São Paulo"},"id":"177"},{"arcs":[[-518,-546,-544,546,547,548]],"type":"Polygon","properties":{"codigo":"178","nome":"Águia de Haia","municipio_nome":"São Paulo"},"id":"178"},{"arcs":[[-538,549,550,551,552,553,-547,-543]],"type":"Polygon","properties":{"codigo":"179","nome":"Limoeiro","municipio_nome":"São Paulo"},"id":"179"},{"arcs":[[-553,554,555,556]],"type":"Polygon","properties":{"codigo":"180","nome":"Vila Jacuí","municipio_nome":"São Paulo"},"id":"180"},{"arcs":[[557,558,559,560,561,562]],"type":"Polygon","properties":{"codigo":"181","nome":"Parada XV","municipio_nome":"São Paulo"},"id":"181"},{"arcs":[[-558,563,564,565,566,567,568,569]],"type":"Polygon","properties":{"codigo":"182","nome":"Itaquera","municipio_nome":"São Paulo"},"id":"182"},{"arcs":[[-548,-554,570,-559,-570,571]],"type":"Polygon","properties":{"codigo":"183","nome":"Vila Campanela","municipio_nome":"São Paulo"},"id":"183"},{"arcs":[[-557,572,-560,-571]],"type":"Polygon","properties":{"codigo":"184","nome":"Rio Verde","municipio_nome":"São Paulo"},"id":"184"},{"arcs":[[-556,573,574,575,576,-561,-573]],"type":"Polygon","properties":{"codigo":"185","nome":"Saudade","municipio_nome":"São Paulo"},"id":"185"},{"arcs":[[-552,577,578,-574,-555]],"type":"Polygon","properties":{"codigo":"186","nome":"São Miguel Paulista","municipio_nome":"São Paulo"},"id":"186"},{"arcs":[[-575,-579,579,580,581]],"type":"Polygon","properties":{"codigo":"187","nome":"Cidade Nitro-Operária","municipio_nome":"São Paulo"},"id":"187"},{"arcs":[[582,583,584,-581]],"type":"Polygon","properties":{"codigo":"188","nome":"Jardim Helena","municipio_nome":"São Paulo"},"id":"188"},{"arcs":[[-584,585,586,587,588,589]],"type":"Polygon","properties":{"codigo":"189","nome":"Jardim Romano","municipio_nome":"São Paulo"},"id":"189"},{"arcs":[[-582,-585,-590,590,591,592]],"type":"Polygon","properties":{"codigo":"190","nome":"Vila Curuçá","municipio_nome":"São Paulo"},"id":"190"},{"arcs":[[-576,-593,593,594,595]],"type":"Polygon","properties":{"codigo":"191","nome":"Jardim Robru","municipio_nome":"São Paulo"},"id":"191"},{"arcs":[[-562,-577,-596,596,597,598]],"type":"Polygon","properties":{"codigo":"192","nome":"Lageado","municipio_nome":"São Paulo"},"id":"192"},{"arcs":[[-595,599,600,601,602,-597]],"type":"Polygon","properties":{"codigo":"193","nome":"Fabrica Bandeirantes","municipio_nome":"São Paulo"},"id":"193"},{"arcs":[[-592,603,604,605,606,-600,-594]],"type":"Polygon","properties":{"codigo":"194","nome":"Fazenda Itaim","municipio_nome":"São Paulo"},"id":"194"},{"arcs":[[-589,607,-604,-591]],"type":"Polygon","properties":{"codigo":"195","nome":"Itaim Paulista","municipio_nome":"São Paulo"},"id":"195"},{"arcs":[[-588,608,-605,-608]],"type":"Polygon","properties":{"codigo":"196","nome":"Jardim das Oliveiras","municipio_nome":"São Paulo"},"id":"196"},{"arcs":[[-500,-507,609,610,611]],"type":"Polygon","properties":{"codigo":"197","nome":"Vila California","municipio_nome":"São Paulo"},"id":"197"},{"arcs":[[-611,612,613,614,615]],"type":"Polygon","properties":{"codigo":"198","nome":"Vila Carrão","municipio_nome":"São Paulo"},"id":"198"},{"arcs":[[-149,-155,-503,-501,-612,-616,616]],"type":"Polygon","properties":{"codigo":"199","nome":"Jardim Anália Franco","municipio_nome":"São Paulo"},"id":"199"},{"arcs":[[-150,-617,-615,617,618,619]],"type":"Polygon","properties":{"codigo":"200","nome":"Vila Formosa","municipio_nome":"São Paulo"},"id":"200"},{"arcs":[[-618,620,621,622,623]],"type":"Polygon","properties":{"codigo":"201","nome":"Sapopemba","municipio_nome":"São Paulo"},"id":"201"},{"arcs":[[-614,624,625,626,-621]],"type":"Polygon","properties":{"codigo":"202","nome":"Aricanduva","municipio_nome":"São Paulo"},"id":"202"},{"arcs":[[-506,-512,-516,-522,627,628,629,-613,-610]],"type":"Polygon","properties":{"codigo":"203","nome":"Vila Matilde","municipio_nome":"São Paulo"},"id":"203"},{"arcs":[[-521,630,-628]],"type":"Polygon","properties":{"codigo":"204","nome":"Vila Guilhermina","municipio_nome":"São Paulo"},"id":"204"},{"arcs":[[-519,-549,-572,631]],"type":"Polygon","properties":{"codigo":"205","nome":"Cidade A.E.Carvalho","municipio_nome":"São Paulo"},"id":"205"},{"arcs":[[-520,-632,-569,632,633,-629,-631]],"type":"Polygon","properties":{"codigo":"206","nome":"Artur Alvim","municipio_nome":"São Paulo"},"id":"206"},{"arcs":[[-625,-630,-634,634,635]],"type":"Polygon","properties":{"codigo":"207","nome":"Cidade Lider","municipio_nome":"São Paulo"},"id":"207"},{"arcs":[[-568,636,637,-635,-633]],"type":"Polygon","properties":{"codigo":"208","nome":"Santa Marcelina","municipio_nome":"São Paulo"},"id":"208"},{"arcs":[[-626,-636,-638,638,639,640]],"type":"Polygon","properties":{"codigo":"209","nome":"Parque Savoy","municipio_nome":"São Paulo"},"id":"209"},{"arcs":[[-567,641,642,-639,-637]],"type":"Polygon","properties":{"codigo":"210","nome":"Vila Carmosina","municipio_nome":"São Paulo"},"id":"210"},{"arcs":[[-566,643,644,-642]],"type":"Polygon","properties":{"codigo":"211","nome":"Fazenda Caguaçú","municipio_nome":"São Paulo"},"id":"211"},{"arcs":[[-640,-643,-645,645,646,647]],"type":"Polygon","properties":{"codigo":"212","nome":"Parque do Carmo","municipio_nome":"São Paulo"},"id":"212"},{"arcs":[[-565,648,649,650,651,652,-646,-644]],"type":"Polygon","properties":{"codigo":"213","nome":"Gleba do Pessêgo","municipio_nome":"São Paulo"},"id":"213"},{"arcs":[[-599,653,-649,-564,-563]],"type":"Polygon","properties":{"codigo":"214","nome":"José Bonifácio","municipio_nome":"São Paulo"},"id":"214"},{"arcs":[[-598,-603,654,655,656,-650,-654]],"type":"Polygon","properties":{"codigo":"215","nome":"Guaianazes","municipio_nome":"São Paulo"},"id":"215"},{"arcs":[[-656,657,658,659]],"type":"Polygon","properties":{"codigo":"216","nome":"Juscelino Kubitschek","municipio_nome":"São Paulo"},"id":"216"},{"arcs":[[660,661,-651,-657,-660,662]],"type":"Polygon","properties":{"codigo":"217","nome":"Cidade Tiradentes","municipio_nome":"São Paulo"},"id":"217"},{"arcs":[[-652,-662,663,664,665,666]],"type":"Polygon","properties":{"codigo":"218","nome":"Terceira Divisão","municipio_nome":"São Paulo"},"id":"218"},{"arcs":[[-647,-653,-667,667,668,669,670]],"type":"Polygon","properties":{"codigo":"219","nome":"Iguatemi","municipio_nome":"São Paulo"},"id":"219"},{"arcs":[[-666,671,672,-668]],"type":"Polygon","properties":{"codigo":"220","nome":"Parque São Rafael","municipio_nome":"São Paulo"},"id":"220"},{"arcs":[[-669,-673,673,674,675,676]],"type":"Polygon","properties":{"codigo":"221","nome":"Rodolfo Pirani","municipio_nome":"São Paulo"},"id":"221"},{"arcs":[[677,678,679,680]],"type":"Polygon","properties":{"codigo":"222","nome":"Ipiranga","municipio_nome":"São Paulo"},"id":"222"},{"arcs":[[-681,681,682,683,684,685]],"type":"Polygon","properties":{"codigo":"223","nome":"Sacomã","municipio_nome":"São Paulo"},"id":"223"},{"arcs":[[-685,686,687,688,689,690]],"type":"Polygon","properties":{"codigo":"224","nome":"Alto do Ipiranga","municipio_nome":"São Paulo"},"id":"224"},{"arcs":[[691,-678,-686,-691,692,-164,-161]],"type":"Polygon","properties":{"codigo":"225","nome":"Vila São josé","municipio_nome":"São Paulo"},"id":"225"},{"arcs":[[-66,693,-679,-692,-160,-69]],"type":"Polygon","properties":{"codigo":"226","nome":"Vila Monumento","municipio_nome":"São Paulo"},"id":"226"},{"arcs":[[-65,-144,694,695,-682,-680,-694]],"type":"Polygon","properties":{"codigo":"227","nome":"Vila Independência","municipio_nome":"São Paulo"},"id":"227"},{"arcs":[[-683,-696,696,697,698]],"type":"Polygon","properties":{"codigo":"228","nome":"Vila Carioca","municipio_nome":"São Paulo"},"id":"228"},{"arcs":[[-688,699,700,701,702]],"type":"Polygon","properties":{"codigo":"229","nome":"Moinho Velho","municipio_nome":"São Paulo"},"id":"229"},{"arcs":[[-684,-699,703,704,705,706,-700,-687]],"type":"Polygon","properties":{"codigo":"230","nome":"São João Clímaco","municipio_nome":"São Paulo"},"id":"230"},{"arcs":[[-701,-707,707,708,709]],"type":"Polygon","properties":{"codigo":"231","nome":"Anchieta","municipio_nome":"São Paulo"},"id":"231"},{"arcs":[[-709,710,711,712,713]],"type":"Polygon","properties":{"codigo":"232","nome":"Parque do Estado","municipio_nome":"São Paulo"},"id":"232"},{"arcs":[[-188,714,715,-702,-710,-714,716]],"type":"Polygon","properties":{"codigo":"233","nome":"Água Funda","municipio_nome":"São Paulo"},"id":"233"},{"arcs":[[-184,717,718,-715,-187]],"type":"Polygon","properties":{"codigo":"234","nome":"Jardim da Saúde","municipio_nome":"São Paulo"},"id":"234"},{"arcs":[[-169,-693,-690,719,-718,-183]],"type":"Polygon","properties":{"codigo":"235","nome":"Vila Gumercindo","municipio_nome":"São Paulo"},"id":"235"},{"arcs":[[-689,-703,-716,-719,-720]],"type":"Polygon","properties":{"codigo":"236","nome":"Jardim Previdência","municipio_nome":"São Paulo"},"id":"236"},{"arcs":[[-143,720,721,722,-697,-695]],"type":"Polygon","properties":{"codigo":"237","nome":"Tamanduatei","municipio_nome":"São Paulo"},"id":"237"},{"arcs":[[-140,-153,-146,723,724,-721,-142]],"type":"Polygon","properties":{"codigo":"238","nome":"Orfanato","municipio_nome":"São Paulo"},"id":"238"},{"arcs":[[-722,-725,725,726,727]],"type":"Polygon","properties":{"codigo":"239","nome":"Vila Zelina","municipio_nome":"São Paulo"},"id":"239"},{"arcs":[[-145,728,729,-726,-724]],"type":"Polygon","properties":{"codigo":"240","nome":"Linhas Corrente","municipio_nome":"São Paulo"},"id":"240"},{"arcs":[[-151,-620,730,731,-729]],"type":"Polygon","properties":{"codigo":"241","nome":"Vila Ema","municipio_nome":"São Paulo"},"id":"241"},{"arcs":[[-727,-730,-732,732,733,734,735,736]],"type":"Polygon","properties":{"codigo":"242","nome":"Parque São Lucas","municipio_nome":"São Paulo"},"id":"242"},{"arcs":[[-734,737,738,739,740,741]],"type":"Polygon","properties":{"codigo":"243","nome":"Parque Sta Madalena","municipio_nome":"São Paulo"},"id":"243"},{"arcs":[[-619,-624,742,-738,-733,-731]],"type":"Polygon","properties":{"codigo":"244","nome":"Jardim Colorado","municipio_nome":"São Paulo"},"id":"244"},{"arcs":[[-623,743,744,745,-739,-743]],"type":"Polygon","properties":{"codigo":"245","nome":"Teotêonio Vilela","municipio_nome":"São Paulo"},"id":"245"},{"arcs":[[-740,-746,746,747]],"type":"Polygon","properties":{"codigo":"246","nome":"Fazenda da Juta","municipio_nome":"São Paulo"},"id":"246"},{"arcs":[[-676,748,749,-747,-745,750,751,752]],"type":"Polygon","properties":{"codigo":"247","nome":"São Mateus","municipio_nome":"São Paulo"},"id":"247"},{"arcs":[[-622,753,-751,-744]],"type":"Polygon","properties":{"codigo":"248","nome":"Cidade IV Centenário","municipio_nome":"São Paulo"},"id":"248"},{"arcs":[[-627,-641,-648,-671,754,-752,-754]],"type":"Polygon","properties":{"codigo":"249","nome":"Rio Claro","municipio_nome":"São Paulo"},"id":"249"},{"arcs":[[-670,-677,-753,-755]],"type":"Polygon","properties":{"codigo":"250","nome":"Cidade Satélite","municipio_nome":"São Paulo"},"id":"250"},{"arcs":[[-227,755,756,757]],"type":"Polygon","properties":{"codigo":"251","nome":"Joaquim Nabuco","municipio_nome":"São Paulo"},"id":"251"},{"arcs":[[-224,758,759,760,-756]],"type":"Polygon","properties":{"codigo":"252","nome":"Vieira de Moraes","municipio_nome":"São Paulo"},"id":"252"},{"arcs":[[761,-759,-223,-209]],"type":"Polygon","properties":{"codigo":"253","nome":"Campo Belo","municipio_nome":"São Paulo"},"id":"253"},{"arcs":[[-194,762,763,-760,-762]],"type":"Polygon","properties":{"codigo":"254","nome":"Congonhas","municipio_nome":"São Paulo"},"id":"254"},{"arcs":[[-757,-761,-764,764,765,766]],"type":"Polygon","properties":{"codigo":"255","nome":"Jardim Aeroporto","municipio_nome":"São Paulo"},"id":"255"},{"arcs":[[-766,767,768,769]],"type":"Polygon","properties":{"codigo":"256","nome":"Vila Santa Catarina","municipio_nome":"São Paulo"},"id":"256"},{"arcs":[[-193,770,771,-768,-765,-763]],"type":"Polygon","properties":{"codigo":"257","nome":"Jabaquara","municipio_nome":"São Paulo"},"id":"257"},{"arcs":[[-189,-717,-713,772,-771,-192]],"type":"Polygon","properties":{"codigo":"258","nome":"Cidade Vargas","municipio_nome":"São Paulo"},"id":"258"},{"arcs":[[-712,773,774,775,-769,-772,-773]],"type":"Polygon","properties":{"codigo":"259","nome":"Jardim Bom Clima","municipio_nome":"São Paulo"},"id":"259"},{"arcs":[[-767,-770,-776,776,777,778,779,780]],"type":"Polygon","properties":{"codigo":"260","nome":"Cupecê","municipio_nome":"São Paulo"},"id":"260"},{"arcs":[[-775,781,782,783,784,-777]],"type":"Polygon","properties":{"codigo":"261","nome":"Jardim Miriam","municipio_nome":"São Paulo"},"id":"261"},{"arcs":[[-778,-785,785,786]],"type":"Polygon","properties":{"codigo":"262","nome":"Vila Missionária","municipio_nome":"São Paulo"},"id":"262"},{"arcs":[[787,788,789,790,791,792]],"type":"Polygon","properties":{"codigo":"263","nome":"Jurubatuba","municipio_nome":"São Paulo"},"id":"263"},{"arcs":[[-780,793,-793,794,795]],"type":"Polygon","properties":{"codigo":"264","nome":"Vila São Pedro","municipio_nome":"São Paulo"},"id":"264"},{"arcs":[[-779,-787,796,797,-794]],"type":"Polygon","properties":{"codigo":"265","nome":"Campo Grande","municipio_nome":"São Paulo"},"id":"265"},{"arcs":[[-788,-798,798,799,800]],"type":"Polygon","properties":{"codigo":"266","nome":"Vila Sabará","municipio_nome":"São Paulo"},"id":"266"},{"arcs":[[-784,801,802,-799,-797,-786]],"type":"Polygon","properties":{"codigo":"267","nome":"Mar Paulista","municipio_nome":"São Paulo"},"id":"267"},{"arcs":[[803,804,805,806,-802,-783,807]],"type":"Polygon","properties":{"codigo":"268","nome":"Pedreira","municipio_nome":"São Paulo"},"id":"268"},{"arcs":[[-790,808,809,810,811]],"type":"Polygon","properties":{"codigo":"269","nome":"Vila Socorro","municipio_nome":"São Paulo"},"id":"269"},{"arcs":[[-789,812,813,814,-809]],"type":"Polygon","properties":{"codigo":"270","nome":"Parque Interlagos","municipio_nome":"São Paulo"},"id":"270"},{"arcs":[[-814,815,816,817,818]],"type":"Polygon","properties":{"codigo":"271","nome":"Jardim Represa","municipio_nome":"São Paulo"},"id":"271"},{"arcs":[[-801,819,820,-816,-813]],"type":"Polygon","properties":{"codigo":"272","nome":"Rio Bonito","municipio_nome":"São Paulo"},"id":"272"},{"arcs":[[-800,-803,-807,821,822,823,-820]],"type":"Polygon","properties":{"codigo":"273","nome":"SESC Interlagos","municipio_nome":"São Paulo"},"id":"273"},{"arcs":[[-817,-821,-824,824,825,826,827]],"type":"Polygon","properties":{"codigo":"274","nome":"Jardim Presidente","municipio_nome":"São Paulo"},"id":"274"},{"arcs":[[-823,828,829,830,-825]],"type":"Polygon","properties":{"codigo":"275","nome":"Grajaú","municipio_nome":"São Paulo"},"id":"275"},{"arcs":[[-806,831,832,833,-829,-822]],"type":"Polygon","properties":{"codigo":"276","nome":"Cocaia","municipio_nome":"São Paulo"},"id":"276"},{"arcs":[[-830,-834,834,835,836]],"type":"Polygon","properties":{"codigo":"277","nome":"Bororé","municipio_nome":"São Paulo"},"id":"277"},{"arcs":[[-827,837,838,839,840,841]],"type":"Polygon","properties":{"codigo":"278","nome":"Jaceguava","municipio_nome":"São Paulo"},"id":"278"},{"arcs":[[-826,-831,-837,842,843,844,-838]],"type":"Polygon","properties":{"codigo":"279","nome":"Parelheiros","municipio_nome":"São Paulo"},"id":"279"},{"arcs":[[-844,845,846,847,848,849]],"type":"Polygon","properties":{"codigo":"280","nome":"Marsilac","municipio_nome":"São Paulo"},"id":"280"},{"arcs":[[-228,850,851,852,853,854]],"type":"Polygon","properties":{"codigo":"281","nome":"Granja Julieta","municipio_nome":"São Paulo"},"id":"281"},{"arcs":[[-758,-781,-796,855,-851]],"type":"Polygon","properties":{"codigo":"282","nome":"Chácara Flora","municipio_nome":"São Paulo"},"id":"282"},{"arcs":[[-792,856,-852,-856,-795]],"type":"Polygon","properties":{"codigo":"283","nome":"Santo Amaro","municipio_nome":"São Paulo"},"id":"283"},{"arcs":[[-791,-812,857,-853,-857]],"type":"Polygon","properties":{"codigo":"284","nome":"Vila Miranda","municipio_nome":"São Paulo"},"id":"284"},{"arcs":[[858,859,860,861,862]],"type":"Polygon","properties":{"codigo":"285","nome":"Jardim São Luis","municipio_nome":"São Paulo"},"id":"285"},{"arcs":[[-811,863,864,865,-863,866,-858]],"type":"Polygon","properties":{"codigo":"286","nome":"Centro Empresarial","municipio_nome":"São Paulo"},"id":"286"},{"arcs":[[-810,-815,-819,867,868,869,-864]],"type":"Polygon","properties":{"codigo":"287","nome":"Guarapiranga","municipio_nome":"São Paulo"},"id":"287"},{"arcs":[[-818,-828,-842,870,871,-868]],"type":"Polygon","properties":{"codigo":"288","nome":"Jardim Capela","municipio_nome":"São Paulo"},"id":"288"},{"arcs":[[-869,-872,872,873,874]],"type":"Polygon","properties":{"codigo":"289","nome":"Riviera","municipio_nome":"São Paulo"},"id":"289"},{"arcs":[[-874,875,876,877,878]],"type":"Polygon","properties":{"codigo":"290","nome":"M' Boi Mirim","municipio_nome":"São Paulo"},"id":"290"},{"arcs":[[-865,-870,-875,-879,879]],"type":"Polygon","properties":{"codigo":"291","nome":"Jardim Angela","municipio_nome":"São Paulo"},"id":"291"},{"arcs":[[-859,-866,-880,-878,880,881,882]],"type":"Polygon","properties":{"codigo":"292","nome":"Capão Redondo","municipio_nome":"São Paulo"},"id":"292"},{"arcs":[[-877,883,884,885,-881]],"type":"Polygon","properties":{"codigo":"293","nome":"Adventista","municipio_nome":"São Paulo"},"id":"293"},{"arcs":[[-882,-886,886,887,888]],"type":"Polygon","properties":{"codigo":"294","nome":"Parque Fernanda","municipio_nome":"São Paulo"},"id":"294"},{"arcs":[[889,890,891,892,893,894]],"type":"Polygon","properties":{"codigo":"295","nome":"Morumbi","municipio_nome":"São Paulo"},"id":"295"},{"arcs":[[-216,-233,895,-894,896,-252,-250]],"type":"Polygon","properties":{"codigo":"296","nome":"Joquei Clube","municipio_nome":"São Paulo"},"id":"296"},{"arcs":[[-230,897,898,-895,-896,-232]],"type":"Polygon","properties":{"codigo":"297","nome":"Fazenda Morumbi","municipio_nome":"São Paulo"},"id":"297"},{"arcs":[[-890,-899,899,900,901]],"type":"Polygon","properties":{"codigo":"298","nome":"Real Parque","municipio_nome":"São Paulo"},"id":"298"},{"arcs":[[-229,-855,902,903,904,-900,-898]],"type":"Polygon","properties":{"codigo":"299","nome":"Paraisópolis","municipio_nome":"São Paulo"},"id":"299"},{"arcs":[[-854,-867,-862,905,-903]],"type":"Polygon","properties":{"codigo":"300","nome":"Jardim Vitória Régia","municipio_nome":"São Paulo"},"id":"300"},{"arcs":[[-861,906,907,908,909,-904,-906]],"type":"Polygon","properties":{"codigo":"301","nome":"Vila Suzana","municipio_nome":"São Paulo"},"id":"301"},{"arcs":[[-860,-883,-889,910,911,912,-907]],"type":"Polygon","properties":{"codigo":"302","nome":"Parque Arariba","municipio_nome":"São Paulo"},"id":"302"},{"arcs":[[-888,913,914,915,-911]],"type":"Polygon","properties":{"codigo":"303","nome":"Jardim Mitsutani","municipio_nome":"São Paulo"},"id":"303"},{"arcs":[[-912,-916,916,917]],"type":"Polygon","properties":{"codigo":"304","nome":"Pirajussara","municipio_nome":"São Paulo"},"id":"304"},{"arcs":[[-908,-913,-918,918,919,920]],"type":"Polygon","properties":{"codigo":"305","nome":"Jardim Umarizal","municipio_nome":"São Paulo"},"id":"305"},{"arcs":[[-901,-905,-910,921,922]],"type":"Polygon","properties":{"codigo":"306","nome":"Portal do Morumbi","municipio_nome":"São Paulo"},"id":"306"},{"arcs":[[-909,-921,923,924,925,-922]],"type":"Polygon","properties":{"codigo":"307","nome":"Jardim Jussara","municipio_nome":"São Paulo"},"id":"307"},{"arcs":[[-891,-902,-923,-926,926,927,928]],"type":"Polygon","properties":{"codigo":"308","nome":"Vila Sonia","municipio_nome":"São Paulo"},"id":"308"},{"arcs":[[-925,929,930,931,-927]],"type":"Polygon","properties":{"codigo":"309","nome":"Jardim Maria do Carmo","municipio_nome":"São Paulo"},"id":"309"},{"arcs":[[-931,932,933,934,935,936,937,938]],"type":"Polygon","properties":{"codigo":"310","nome":"Jardim Cambará","municipio_nome":"São Paulo"},"id":"310"},{"arcs":[[-935,939,940,941,942]],"type":"Polygon","properties":{"codigo":"311","nome":"Jardim João XXIII","municipio_nome":"São Paulo"},"id":"311"},{"arcs":[[-936,-943,943,944,945,946]],"type":"Polygon","properties":{"codigo":"312","nome":"Raposo Tavares","municipio_nome":"São Paulo"},"id":"312"},{"arcs":[[-938,947,948,949,950,951]],"type":"Polygon","properties":{"codigo":"313","nome":"Rio Pequeno","municipio_nome":"São Paulo"},"id":"313"},{"arcs":[[-937,-947,952,953,-948]],"type":"Polygon","properties":{"codigo":"314","nome":"Jardim Adalgiza","municipio_nome":"São Paulo"},"id":"314"},{"arcs":[[-949,-954,954,955,956]],"type":"Polygon","properties":{"codigo":"315","nome":"Parque Continental","municipio_nome":"São Paulo"},"id":"315"},{"arcs":[[-298,957,-950,-957,958,959,960,-330,-326]],"type":"Polygon","properties":{"codigo":"316","nome":"Jaguaré","municipio_nome":"São Paulo"},"id":"316"},{"arcs":[[-294,961,962,963,-951,-958,-297]],"type":"Polygon","properties":{"codigo":"317","nome":"Cidade Universitária","municipio_nome":"São Paulo"},"id":"317"},{"arcs":[[-253,-897,-893,964,-962,-293]],"type":"Polygon","properties":{"codigo":"318","nome":"Butantã","municipio_nome":"São Paulo"},"id":"318"},{"arcs":[[-892,-929,965,-963,-965]],"type":"Polygon","properties":{"codigo":"319","nome":"Jardim Caxingui","municipio_nome":"São Paulo"},"id":"319"},{"arcs":[[-928,-932,-939,-952,-964,-966]],"type":"Polygon","properties":{"codigo":"320","nome":"Jardim Bonfiglioli","municipio_nome":"São Paulo"},"id":"320"},{"arcs":[[966,967,968,-431,-373,-358,-372]],"type":"Polygon","properties":{"codigo":"321","nome":"Melhoramentos","municipio_nome":"Caieiras"},"id":"321"},{"arcs":[[-371,969,970,971,-967]],"type":"Polygon","properties":{"codigo":"322","nome":"Caieiras","municipio_nome":"Caieiras"},"id":"322"},{"arcs":[[-368,972,973,-970,-370]],"type":"Polygon","properties":{"codigo":"323","nome":"Santa Inês","municipio_nome":"Caieiras"},"id":"323"},{"arcs":[[-362,974,975,976,-973,-367]],"type":"Polygon","properties":{"codigo":"324","nome":"Cajamar","municipio_nome":"Cajamar"},"id":"324"},{"arcs":[[-976,977,978,979,980]],"type":"Polygon","properties":{"codigo":"325","nome":"Jordanésia","municipio_nome":"Cajamar"},"id":"325"},{"arcs":[[-971,-974,-977,-981,981,982,983]],"type":"Polygon","properties":{"codigo":"326","nome":"Cristais","municipio_nome":"Franco da Rocha"},"id":"326"},{"arcs":[[-968,-972,-984,984,985,986,987]],"type":"Polygon","properties":{"codigo":"327","nome":"Franco da Rocha","municipio_nome":"Franco da Rocha"},"id":"327"},{"arcs":[[-987,988,989,990,991,992]],"type":"Polygon","properties":{"codigo":"328","nome":"Juqueri","municipio_nome":"Franco da Rocha"},"id":"328"},{"arcs":[[-983,993,994,-985]],"type":"Polygon","properties":{"codigo":"329","nome":"Sete Voltas","municipio_nome":"Francisco Morato"},"id":"329"},{"arcs":[[-986,-995,995,996,-989]],"type":"Polygon","properties":{"codigo":"330","nome":"Francisco Morato","municipio_nome":"Francisco Morato"},"id":"330"},{"arcs":[[-990,-997,997]],"type":"Polygon","properties":{"codigo":"331","nome":"Cascatas","municipio_nome":"Francisco Morato"},"id":"331"},{"arcs":[[-450,998,999,1000]],"type":"Polygon","properties":{"codigo":"332","nome":"Mairiporã","municipio_nome":"Mairiporã"},"id":"332"},{"arcs":[[-969,-988,-993,1001,-999,-449,-440,-432]],"type":"Polygon","properties":{"codigo":"333","nome":"Paiva Castro","municipio_nome":"Mairiporã"},"id":"333"},{"arcs":[[-992,1002,1003,-1000,-1002]],"type":"Polygon","properties":{"codigo":"334","nome":"Colinas","municipio_nome":"Mairiporã"},"id":"334"},{"arcs":[[-451,-1001,-1004,1004,1005,1006,1007]],"type":"Polygon","properties":{"codigo":"335","nome":"Pirucaia","municipio_nome":"Mairiporã"},"id":"335"},{"arcs":[[1008,1009,1010,1011,1012]],"type":"Polygon","properties":{"codigo":"336","nome":"Guarulhos","municipio_nome":"Guarulhos"},"id":"336"},{"arcs":[[-537,1013,1014,1015,1016,-550]],"type":"Polygon","properties":{"codigo":"337","nome":"Cumbica","municipio_nome":"Guarulhos"},"id":"337"},{"arcs":[[-530,1017,-1013,1018,-1014,-536]],"type":"Polygon","properties":{"codigo":"338","nome":"Rodovia Presidente Dutra","municipio_nome":"Guarulhos"},"id":"338"},{"arcs":[[-476,1019,-1009,-1018,-529,-508,-488,-481]],"type":"Polygon","properties":{"codigo":"339","nome":"Ponte Grande","municipio_nome":"Guarulhos"},"id":"339"},{"arcs":[[-470,1020,-1010,-1020,-475,-472]],"type":"Polygon","properties":{"codigo":"340","nome":"Vila Galvão","municipio_nome":"Guarulhos"},"id":"340"},{"arcs":[[-469,1021,1022,-1011,-1021]],"type":"Polygon","properties":{"codigo":"341","nome":"Vila Rosália","municipio_nome":"Guarulhos"},"id":"341"},{"arcs":[[-1012,-1023,1023,1024,-1015,-1019]],"type":"Polygon","properties":{"codigo":"342","nome":"Jardim América","municipio_nome":"Guarulhos"},"id":"342"},{"arcs":[[-1016,-1025,1025,1026,1027]],"type":"Polygon","properties":{"codigo":"343","nome":"Aeroporto","municipio_nome":"Guarulhos"},"id":"343"},{"arcs":[[-551,-1017,-1028,1028,1029,1030,1031,1032,-586,-583,-580,-578]],"type":"Polygon","properties":{"codigo":"344","nome":"Pimentas","municipio_nome":"Guarulhos"},"id":"344"},{"arcs":[[-455,1033,1034,-1026,-1024,-1022,-468]],"type":"Polygon","properties":{"codigo":"345","nome":"Picanço","municipio_nome":"Guarulhos"},"id":"345"},{"arcs":[[-452,-1008,1035,-1034,-454]],"type":"Polygon","properties":{"codigo":"346","nome":"Morro dos Macacos","municipio_nome":"Guarulhos"},"id":"346"},{"arcs":[[-1007,1036,1037,-1029,-1027,-1035,-1036]],"type":"Polygon","properties":{"codigo":"347","nome":"Estrada de Nazaré Paulista","municipio_nome":"Guarulhos"},"id":"347"},{"arcs":[[-1006,1038,1039,1040,-1037]],"type":"Polygon","properties":{"codigo":"348","nome":"Vasconcelândia","municipio_nome":"Guarulhos"},"id":"348"},{"arcs":[[-1030,-1038,-1041,1041,1042]],"type":"Polygon","properties":{"codigo":"349","nome":"Arujazinho","municipio_nome":"Arujá"},"id":"349"},{"arcs":[[-1031,-1043,1043,1044,1045]],"type":"Polygon","properties":{"codigo":"350","nome":"Arujá","municipio_nome":"Arujá"},"id":"350"},{"arcs":[[-1045,1046,1047,1048,1049]],"type":"Polygon","properties":{"codigo":"351","nome":"Fazenda Velha","municipio_nome":"Arujá"},"id":"351"},{"arcs":[[1050,1051]],"type":"Polygon","properties":{"codigo":"352","nome":"Santa Isabel","municipio_nome":"Santa Isabel"},"id":"352"},{"arcs":[[-1040,1052,1053,1054,-1052,1055,-1047,-1044,-1042]],"type":"Polygon","properties":{"codigo":"353","nome":"Jaguari","municipio_nome":"Santa Isabel"},"id":"353"},{"arcs":[[-655,-602,1056,1057,1058,1059,1060,-658]],"type":"Polygon","properties":{"codigo":"354","nome":"Ferraz de Vasconcelos","municipio_nome":"Ferraz de Vasconcelos"},"id":"354"},{"arcs":[[-659,-1061,1061,1062,1063,-663]],"type":"Polygon","properties":{"codigo":"355","nome":"Paiol Velho","municipio_nome":"Ferraz de Vasconcelos"},"id":"355"},{"arcs":[[-601,-607,1064,-1057]],"type":"Polygon","properties":{"codigo":"356","nome":"Santos Dumont","municipio_nome":"Ferraz de Vasconcelos"},"id":"356"},{"arcs":[[-1059,1065,1066]],"type":"Polygon","properties":{"codigo":"357","nome":"Jardim São José","municipio_nome":"Poá"},"id":"357"},{"arcs":[[-1058,-1065,1067,1068,1069,-1066]],"type":"Polygon","properties":{"codigo":"358","nome":"Poá","municipio_nome":"Poá"},"id":"358"},{"arcs":[[-1033,1070,1071,1072,-1068,-606,-609,-587]],"type":"Polygon","properties":{"codigo":"359","nome":"Itaquaquecetuba","municipio_nome":"Itaquaquecetuba"},"id":"359"},{"arcs":[[-1032,-1046,-1050,1073,-1071]],"type":"Polygon","properties":{"codigo":"360","nome":"Bonsucesso","municipio_nome":"Itaquaquecetuba"},"id":"360"},{"arcs":[[-1049,1074,1075,1076,-1072,-1074]],"type":"Polygon","properties":{"codigo":"361","nome":"Pinheirinho","municipio_nome":"Itaquaquecetuba"},"id":"361"},{"arcs":[[-1069,-1073,-1077,1077,1078,1079]],"type":"Polygon","properties":{"codigo":"362","nome":"Miguel Badra","municipio_nome":"Suzano"},"id":"362"},{"arcs":[[-1060,-1067,-1070,-1080,1080,1081,1082,1083,-1062]],"type":"Polygon","properties":{"codigo":"363","nome":"Suzano","municipio_nome":"Suzano"},"id":"363"},{"arcs":[[-1083,1084,1085,1086,1087,1088]],"type":"Polygon","properties":{"codigo":"364","nome":"Guaió","municipio_nome":"Suzano"},"id":"364"},{"arcs":[[-1084,-1089,1089,1090,-1063]],"type":"Polygon","properties":{"codigo":"365","nome":"Ouro Fino","municipio_nome":"Suzano"},"id":"365"},{"arcs":[[1091,1092,1093]],"type":"Polygon","properties":{"codigo":"366","nome":"Mogi das Cruzes","municipio_nome":"Mogi das Cruzes"},"id":"366"},{"arcs":[[-1093,1094,1095,1096,1097,1098]],"type":"Polygon","properties":{"codigo":"367","nome":"Estudantes","municipio_nome":"Mogi das Cruzes"},"id":"367"},{"arcs":[[-1099,1099,1100,1101,-1094]],"type":"Polygon","properties":{"codigo":"368","nome":"Vila Oliveira","municipio_nome":"Mogi das Cruzes"},"id":"368"},{"arcs":[[-1092,-1102,1102,1103,1104,-1095]],"type":"Polygon","properties":{"codigo":"369","nome":"Brás Cubas","municipio_nome":"Mogi das Cruzes"},"id":"369"},{"arcs":[[-1079,1105,-1104,1106,-1081]],"type":"Polygon","properties":{"codigo":"370","nome":"Jundiapeba","municipio_nome":"Mogi das Cruzes"},"id":"370"},{"arcs":[[-1076,1107,-1096,-1105,-1106,-1078]],"type":"Polygon","properties":{"codigo":"371","nome":"Jardim Graziella","municipio_nome":"Mogi das Cruzes"},"id":"371"},{"arcs":[[-1048,-1056,-1051,-1055,1108,1109,1110,-1097,-1108,-1075]],"type":"Polygon","properties":{"codigo":"372","nome":"Itapeti","municipio_nome":"Mogi das Cruzes"},"id":"372"},{"arcs":[[-1110,1111,1112,1113]],"type":"Polygon","properties":{"codigo":"373","nome":"Sabaúna","municipio_nome":"Mogi das Cruzes"},"id":"373"},{"arcs":[[-1098,-1111,-1114,1114,1115,-1100]],"type":"Polygon","properties":{"codigo":"374","nome":"César de Souza","municipio_nome":"Mogi das Cruzes"},"id":"374"},{"arcs":[[-1082,-1107,-1103,-1101,-1116,1116,1117,1118,-1085]],"type":"Polygon","properties":{"codigo":"375","nome":"Reservatório de Jundiaí","municipio_nome":"Mogi das Cruzes"},"id":"375"},{"arcs":[[-1113,1119,1120,1121,-1117,-1115]],"type":"Polygon","properties":{"codigo":"376","nome":"Biritiba Mirim","municipio_nome":"Biritiba-Mirim"},"id":"376"},{"arcs":[[-1121,1122,1123]],"type":"Polygon","properties":{"codigo":"377","nome":"Salesópolis","municipio_nome":"Salosópolis"},"id":"377"},{"arcs":[[-1054,1124,-1123,-1120,-1112,-1109]],"type":"Polygon","properties":{"codigo":"378","nome":"Guararema","municipio_nome":"Guararema"},"id":"378"},{"arcs":[[1125,1126,1127,1128]],"type":"Polygon","properties":{"codigo":"379","nome":"Boa Vista","municipio_nome":"São Caetano do Sul"},"id":"379"},{"arcs":[[-705,1129,-1129,1130,1131,1132]],"type":"Polygon","properties":{"codigo":"380","nome":"Vila Gerti","municipio_nome":"São Caetano do Sul"},"id":"380"},{"arcs":[[-704,1133,-1126,-1130]],"type":"Polygon","properties":{"codigo":"381","nome":"Santo Antônio","municipio_nome":"São Caetano do Sul"},"id":"381"},{"arcs":[[-698,-723,-728,-737,1134,-1127,-1134]],"type":"Polygon","properties":{"codigo":"382","nome":"São Caetano do Sul","municipio_nome":"São Caetano do Sul"},"id":"382"},{"arcs":[[1135,1136,1137,1138,1139,1140]],"type":"Polygon","properties":{"codigo":"383","nome":"Santo André","municipio_nome":"Santo André"},"id":"383"},{"arcs":[[-1136,1141,1142,1143,1144]],"type":"Polygon","properties":{"codigo":"384","nome":"Valparaíso","municipio_nome":"Santo André"},"id":"384"},{"arcs":[[-1132,1145,-1137,-1145,1146]],"type":"Polygon","properties":{"codigo":"385","nome":"Campestre","municipio_nome":"Santo André"},"id":"385"},{"arcs":[[-736,1147,-1138,-1146,-1131,-1128,-1135]],"type":"Polygon","properties":{"codigo":"386","nome":"Utinga","municipio_nome":"Santo André"},"id":"386"},{"arcs":[[-742,1148,-1139,-1148,-735]],"type":"Polygon","properties":{"codigo":"387","nome":"Vila Lucinda","municipio_nome":"Santo André"},"id":"387"},{"arcs":[[-741,-748,-750,1149,1150,-1140,-1149]],"type":"Polygon","properties":{"codigo":"388","nome":"Parque das Nações","municipio_nome":"Santo André"},"id":"388"},{"arcs":[[-1141,-1151,1151,1152,1153,1154,-1142]],"type":"Polygon","properties":{"codigo":"389","nome":"Jardim do Estádio","municipio_nome":"Santo André"},"id":"389"},{"arcs":[[-1153,1155,1156,1157,1158,1159,1160]],"type":"Polygon","properties":{"codigo":"390","nome":"Parque do Pedroso","municipio_nome":"Santo André"},"id":"390"},{"arcs":[[-1086,-1119,1161,1162,-1158,1163,1164,1165]],"type":"Polygon","properties":{"codigo":"391","nome":"Paranapiacaba","municipio_nome":"Santo André"},"id":"391"},{"arcs":[[-675,1166,1167,1168,-1156,-1152,-1150,-749]],"type":"Polygon","properties":{"codigo":"392","nome":"Capuava","municipio_nome":"Mauá"},"id":"392"},{"arcs":[[-1168,1169,1170]],"type":"Polygon","properties":{"codigo":"393","nome":"Mauá","municipio_nome":"Mauá"},"id":"393"},{"arcs":[[-665,1171,1172,1173,-1170,-1167,-674,-672]],"type":"Polygon","properties":{"codigo":"394","nome":"Alto da Boa Vista","municipio_nome":"Mauá"},"id":"394"},{"arcs":[[-661,-1064,1174,-1172,-664]],"type":"Polygon","properties":{"codigo":"395","nome":"Vista Alegre","municipio_nome":"Mauá"},"id":"395"},{"arcs":[[-1157,-1169,-1171,-1174,1175,1176,1177,1178,-1164]],"type":"Polygon","properties":{"codigo":"396","nome":"Ribeirão Pires","municipio_nome":"Ribeirão Pires"},"id":"396"},{"arcs":[[-1091,1179,-1176,-1173,-1175]],"type":"Polygon","properties":{"codigo":"397","nome":"Jardim Santa Luzia","municipio_nome":"Ribeirão Pires"},"id":"397"},{"arcs":[[-1088,1180,-1177,-1180,-1090]],"type":"Polygon","properties":{"codigo":"398","nome":"Ouro Fino Paulista","municipio_nome":"Ribeirão Pires"},"id":"398"},{"arcs":[[-1087,-1166,1181,-1178,-1181]],"type":"Polygon","properties":{"codigo":"399","nome":"Parque Sete Pontes","municipio_nome":"Rio Grande da Serra"},"id":"399"},{"arcs":[[-1165,-1179,-1182]],"type":"Polygon","properties":{"codigo":"400","nome":"Rio Grande da Serra","municipio_nome":"Rio Grande da Serra"},"id":"400"},{"arcs":[[1182,1183,1184,1185,1186]],"type":"Polygon","properties":{"codigo":"401","nome":"Planalto","municipio_nome":"São Bernardo do Campo"},"id":"401"},{"arcs":[[-706,-1133,-1147,-1144,1187,-1186,1188,1189,-708]],"type":"Polygon","properties":{"codigo":"402","nome":"Rudge Ramos","municipio_nome":"São Bernardo do Campo"},"id":"402"},{"arcs":[[-1143,-1155,1190,-1187,-1188]],"type":"Polygon","properties":{"codigo":"403","nome":"São Bernardo do Campo","municipio_nome":"São Bernardo do Campo"},"id":"403"},{"arcs":[[-1154,-1161,1191,1192,-1183,-1191]],"type":"Polygon","properties":{"codigo":"404","nome":"Demarchi","municipio_nome":"São Bernardo do Campo"},"id":"404"},{"arcs":[[-1160,1193,1194,-1192]],"type":"Polygon","properties":{"codigo":"405","nome":"Riacho Grande","municipio_nome":"São Bernardo do Campo"},"id":"405"},{"arcs":[[-836,1195,-1194,-1159,-1163,1196,-846,-843]],"type":"Polygon","properties":{"codigo":"406","nome":"Caminho do Mar","municipio_nome":"São Bernardo do Campo"},"id":"406"},{"arcs":[[-833,1197,1198,-1184,-1193,-1195,-1196,-835]],"type":"Polygon","properties":{"codigo":"407","nome":"Reservatório Billings","municipio_nome":"São Bernardo do Campo"},"id":"407"},{"arcs":[[-711,-1190,1199,-808,-782,-774]],"type":"Polygon","properties":{"codigo":"408","nome":"Diadema","municipio_nome":"Diadema"},"id":"408"},{"arcs":[[-804,-1200,-1189,-1185,-1199,1200]],"type":"Polygon","properties":{"codigo":"409","nome":"Piraporinha","municipio_nome":"Diadema"},"id":"409"},{"arcs":[[-805,-1201,-1198,-832]],"type":"Polygon","properties":{"codigo":"410","nome":"Eldorado","municipio_nome":"Diadema"},"id":"410"},{"arcs":[[-920,1201,-933,-930,-924]],"type":"Polygon","properties":{"codigo":"411","nome":"Taboão","municipio_nome":"Taboão da Serra"},"id":"411"},{"arcs":[[-917,-915,1202,1203,1204,-940,-934,-1202,-919]],"type":"Polygon","properties":{"codigo":"412","nome":"Parque Pinheiros","municipio_nome":"Taboão da Serra"},"id":"412"},{"arcs":[[-887,-885,1205,1206,-1203,-914]],"type":"Polygon","properties":{"codigo":"413","nome":"Santo Eduardo","municipio_nome":"Embu"},"id":"413"},{"arcs":[[-1204,-1207,1207,1208,1209]],"type":"Polygon","properties":{"codigo":"414","nome":"Embu","municipio_nome":"Embu"},"id":"414"},{"arcs":[[-1209,1210,1211,1212,1213]],"type":"Polygon","properties":{"codigo":"415","nome":"Ressaca","municipio_nome":"Embu"},"id":"415"},{"arcs":[[-841,1214,1215,1216,-1208,-1206,-884,-876,-873,-871]],"type":"Polygon","properties":{"codigo":"416","nome":"Itapecerica da Serra","municipio_nome":"Itapecerica da Serra"},"id":"416"},{"arcs":[[-1216,1217,1218,1219]],"type":"Polygon","properties":{"codigo":"417","nome":"Jardim Petrópolis","municipio_nome":"Itapecerica da Serra"},"id":"417"},{"arcs":[[-1217,-1220,1220,1221,1222,-1211]],"type":"Polygon","properties":{"codigo":"418","nome":"Embu-Mirim","municipio_nome":"Itapecerica da Serra"},"id":"418"},{"arcs":[[1223,1224,1225,1226,-1221,-1219,1227]],"type":"Polygon","properties":{"codigo":"419","nome":"São Lourenço da Serra","municipio_nome":"São Lourenço da Serra"},"id":"419"},{"arcs":[[-840,1228,1229,-1228,-1218,-1215]],"type":"Polygon","properties":{"codigo":"420","nome":"Embu Guaçu","municipio_nome":"Embu-Guaçu"},"id":"420"},{"arcs":[[-839,-845,-850,1230,-1229]],"type":"Polygon","properties":{"codigo":"421","nome":"Cipó","municipio_nome":"Embu-Guaçu"},"id":"421"},{"arcs":[[-1231,-849,1231,-1224,-1230]],"type":"Polygon","properties":{"codigo":"422","nome":"Santa Rita","municipio_nome":"Embu-Guaçu"},"id":"422"},{"arcs":[[-848,1232,-1225,-1232]],"type":"Polygon","properties":{"codigo":"423","nome":"Juquitiba","municipio_nome":"Juquitiba"},"id":"423"},{"arcs":[[1233,1234,1235,1236,1237,1238,1239]],"type":"Polygon","properties":{"codigo":"424","nome":"Barueri","municipio_nome":"Barueri"},"id":"424"},{"arcs":[[1240,-1237,1241,-365,1242,1243]],"type":"Polygon","properties":{"codigo":"425","nome":"Aphaville","municipio_nome":"Barueri"},"id":"425"},{"arcs":[[-1238,-1241,1244,1245,1246]],"type":"Polygon","properties":{"codigo":"426","nome":"Tamboré","municipio_nome":"Barueri"},"id":"426"},{"arcs":[[1247,1248,1249,1250,-1240]],"type":"Polygon","properties":{"codigo":"427","nome":"Antônio João","municipio_nome":"Barueri"},"id":"427"},{"arcs":[[-1249,1251,1252,1253,1254]],"type":"Polygon","properties":{"codigo":"428","nome":"Vutopoca","municipio_nome":"Barueri"},"id":"428"},{"arcs":[[-1250,-1255,1255,1256,1257]],"type":"Polygon","properties":{"codigo":"429","nome":"Jardim Silveira","municipio_nome":"Barueri"},"id":"429"},{"arcs":[[-1234,-1251,-1258,1258,1259]],"type":"Polygon","properties":{"codigo":"430","nome":"Jardim Belval","municipio_nome":"Barueri"},"id":"430"},{"arcs":[[-1235,-1260,1260,1261,1262]],"type":"Polygon","properties":{"codigo":"431","nome":"Pedreira","municipio_nome":"Barueri"},"id":"431"},{"arcs":[[-1239,-1247,1263,1264,1265,1266,1267,-1252,-1248]],"type":"Polygon","properties":{"codigo":"432","nome":"Carapicuiba","municipio_nome":"Carapicuiba"},"id":"432"},{"arcs":[[-1267,1268,1269,1270]],"type":"Polygon","properties":{"codigo":"433","nome":"Jardim Planalto","municipio_nome":"Carapicuiba"},"id":"433"},{"arcs":[[-1270,1271,1272,1273,1274]],"type":"Polygon","properties":{"codigo":"434","nome":"Aldeia da Carapicuiba","municipio_nome":"Carapicuiba"},"id":"434"},{"arcs":[[-1253,-1268,-1271,-1275,1275,1276]],"type":"Polygon","properties":{"codigo":"435","nome":"Vila Silvana","municipio_nome":"Carapicuiba"},"id":"435"},{"arcs":[[1277,1278,1279,1280]],"type":"Polygon","properties":{"codigo":"436","nome":"Osasco","municipio_nome":"Osasco"},"id":"436"},{"arcs":[[-956,1281,1282,-1281,1283,-959]],"type":"Polygon","properties":{"codigo":"437","nome":"Bussocaba","municipio_nome":"Osasco"},"id":"437"},{"arcs":[[-946,1284,1285,-1282,-955,-953]],"type":"Polygon","properties":{"codigo":"438","nome":"Bussocaba City","municipio_nome":"Osasco"},"id":"438"},{"arcs":[[-1278,-1283,-1286,1286,1287,1288]],"type":"Polygon","properties":{"codigo":"439","nome":"Novo Osasco","municipio_nome":"Osasco"},"id":"439"},{"arcs":[[-942,1289,-1273,1290,-944]],"type":"Polygon","properties":{"codigo":"440","nome":"Jardim das Flores","municipio_nome":"Osasco"},"id":"440"},{"arcs":[[-945,-1291,-1272,-1269,-1266,1291,-1287,-1285]],"type":"Polygon","properties":{"codigo":"441","nome":"Jardim Veloso","municipio_nome":"Osasco"},"id":"441"},{"arcs":[[-1265,1292,-1288,-1292]],"type":"Polygon","properties":{"codigo":"442","nome":"Quitaúna","municipio_nome":"Osasco"},"id":"442"},{"arcs":[[-1246,1293,1294,-1279,-1289,-1293,-1264]],"type":"Polygon","properties":{"codigo":"443","nome":"Jardim Piratininga","municipio_nome":"Osasco"},"id":"443"},{"arcs":[[-960,-1284,-1280,-1295,1295]],"type":"Polygon","properties":{"codigo":"444","nome":"Presidente Altino","municipio_nome":"Osasco"},"id":"444"},{"arcs":[[-1244,1296,1297,-1294,-1245]],"type":"Polygon","properties":{"codigo":"445","nome":"Munhoz Junior","municipio_nome":"Osasco"},"id":"445"},{"arcs":[[-331,-961,-1296,-1298,1298,-346,-350]],"type":"Polygon","properties":{"codigo":"446","nome":"Mutinga","municipio_nome":"Osasco"},"id":"446"},{"arcs":[[-347,-1299,-1297,-1243,-364,-351]],"type":"Polygon","properties":{"codigo":"447","nome":"Três Montanhas","municipio_nome":"Osasco"},"id":"447"},{"arcs":[[-1257,1299,1300,-1261,-1259]],"type":"Polygon","properties":{"codigo":"448","nome":"Ribeirão Itaqui","municipio_nome":"Jandira"},"id":"448"},{"arcs":[[-1256,1301,1302,-1300]],"type":"Polygon","properties":{"codigo":"449","nome":"Jandira","municipio_nome":"Jandira"},"id":"449"},{"arcs":[[-1254,-1277,1303,1304,1305,-1302]],"type":"Polygon","properties":{"codigo":"450","nome":"Ribeirão das Pombas","municipio_nome":"Jandira"},"id":"450"},{"arcs":[[-1205,-1210,-1214,1306,-1304,-1276,-1274,-1290,-941]],"type":"Polygon","properties":{"codigo":"451","nome":"Granja Viana","municipio_nome":"Cotia"},"id":"451"},{"arcs":[[-1213,1307,1308,1309,1310,1311,-1305,-1307]],"type":"Polygon","properties":{"codigo":"452","nome":"Cotia","municipio_nome":"Cotia"},"id":"452"},{"arcs":[[-1212,-1223,1312,-1308]],"type":"Polygon","properties":{"codigo":"453","nome":"Capueira","municipio_nome":"Cotia"},"id":"453"},{"arcs":[[-1227,1313,1314,1315,-1309,-1313,-1222]],"type":"Polygon","properties":{"codigo":"454","nome":"Caucaia","municipio_nome":"Cotia"},"id":"454"},{"arcs":[[-1315,1316,1317]],"type":"Polygon","properties":{"codigo":"455","nome":"Caucaia do Alto","municipio_nome":"Cotia"},"id":"455"},{"arcs":[[-1310,-1316,-1318,1318,1319]],"type":"Polygon","properties":{"codigo":"456","nome":"Vargem Grande Paulista","municipio_nome":"Vargem Grande Paulista"},"id":"456"},{"arcs":[[-1311,-1320,1320,1321]],"type":"Polygon","properties":{"codigo":"457","nome":"Quatro Encruzilhadas","municipio_nome":"Itapevi"},"id":"457"},{"arcs":[[-1262,-1301,-1303,-1306,-1312,-1322,1322,1323]],"type":"Polygon","properties":{"codigo":"458","nome":"Itapevi","municipio_nome":"Itapevi"},"id":"458"},{"arcs":[[-366,-1242,-1236,-1263,-1324,1324,1325,-978,-975]],"type":"Polygon","properties":{"codigo":"459","nome":"Santana de Parnaíba","municipio_nome":"Santana de Parnaíba"},"id":"459"},{"arcs":[[-979,-1326,1326]],"type":"Polygon","properties":{"codigo":"460","nome":"Pirapora do Bom Jesus","municipio_nome":"Pirapora do Bom Jesus"},"id":"460"}]}}}