{"type":"Topology","arcs":[[[18236,17621],[-61,-9],[-118,-1],[-73,44],[-83,39],[-25,30]],[[17876,17724],[1,25]],[[17877,17749],[78,131]],[[17955,17880],[32,54]],[[17987,17934],[50,-75],[14,-75],[31,36],[41,-97],[30,-8],[83,-94]],[[17987,17934],[33,57],[16,120],[2,68]],[[18038,18179],[222,-58]],[[18260,18121],[-51,-129],[44,-46],[19,-67],[2,-116],[25,-44]],[[18299,17719],[20,-64],[-10,-69]],[[18309,17586],[12,-33],[-63,-8]],[[18258,17545],[-7,-1]],[[18251,17544],[-15,77]],[[18251,17544],[-30,-50],[-39,-9]],[[18182,17485],[-166,-15],[-97,15]],[[17919,17485],[25,69],[-1,69],[-67,101]],[[17919,17485],[-140,22],[-74,27],[-32,31],[-19,52]],[[17654,17617],[-16,46]],[[17638,17663],[-49,109]],[[17589,17772],[47,12],[119,-21],[76,9],[46,-23]],[[17589,17772],[2,200]],[[17591,17972],[35,27],[13,66]],[[17639,18065],[316,-185]],[[17639,18065],[180,137],[40,3]],[[17859,18205],[69,2],[110,-28]],[[17859,18205],[-68,94],[-36,70],[-68,49],[-52,5]],[[17635,18423],[25,21],[221,117],[21,-5]],[[17902,18556],[51,-14],[-10,-72],[284,-89],[35,-29],[27,-50]],[[18289,18302],[13,-64]],[[18302,18238],[-42,-117]],[[17635,18423],[-60,-7],[-4,31]],[[17571,18447],[-7,33],[-151,271],[-36,37]],[[17377,18788],[4,35]],[[17381,18823],[356,-46],[264,-13]],[[18001,18764],[-59,-43],[-31,-40],[11,-17],[-20,-108]],[[18001,18764],[140,-9]],[[18141,18755],[155,-8]],[[18296,18747],[-6,-369]],[[18290,18378],[-1,-76]],[[18296,18747],[86,0],[113,20]],[[18495,18767],[31,-4],[89,-46]],[[18615,18717],[-21,-82],[-33,-12],[-10,-36]],[[18551,18587],[-40,-56],[-116,-59],[-12,-47],[-93,-47]],[[18615,18717],[67,-57],[65,-35]],[[18747,18625],[63,-9],[64,11]],[[18874,18627],[29,-118],[14,-15],[-77,-84]],[[18840,18410],[-95,93],[-32,-20],[-18,45],[-144,59]],[[18840,18410],[-42,-45]],[[18798,18365],[-94,-102]],[[18704,18263],[-27,23],[-84,-92],[-91,7]],[[18502,18201],[-108,10],[-92,27]],[[18502,18201],[-1,-64],[42,2],[5,-94],[-53,-56]],[[18495,17989],[-89,82],[-82,36],[-64,14]],[[18704,18263],[126,-116],[21,-73]],[[18851,18074],[-135,-38],[-172,-118]],[[18544,17918],[-49,71]],[[18851,18074],[31,-115],[30,-30],[54,-81]],[[18966,17848],[-242,-58],[-89,-10]],[[18635,17780],[-95,136]],[[18540,17916],[4,2]],[[18299,17719],[-12,35],[54,48],[106,53],[93,61]],[[18635,17780],[151,-232]],[[18786,17548],[-253,24],[-224,14]],[[18786,17548],[58,-103],[148,-324]],[[18992,17121],[-33,1],[-106,-48]],[[18853,17074],[-34,40],[-90,-45],[-9,-31]],[[18720,17038],[-45,67],[-133,28],[-111,147],[-77,12]],[[18354,17292],[-42,7],[26,89],[-70,33],[-10,124]],[[18720,17038],[-16,-66],[-50,-38],[4,-28],[-31,-29],[-32,-58],[-57,-45],[6,-64]],[[18544,16710],[-37,29],[-195,-5]],[[18312,16734],[30,170]],[[18342,16904],[51,278],[-16,8],[-23,102]],[[18342,16904],[-74,13],[0,26],[-43,34],[36,70],[-66,52],[-16,0],[-59,74]],[[18120,17173],[-10,103],[6,76]],[[18116,17352],[0,67],[37,3],[29,63]],[[18312,16734],[-80,-2],[-41,-17],[-107,8],[-11,58],[-35,60],[-42,-3],[-80,25]],[[17916,16863],[15,61],[82,51],[-31,39],[76,60],[2,51],[60,48]],[[17916,16863],[-45,15]],[[17871,16878],[13,185],[111,142]],[[17995,17205],[121,147]],[[17871,16878],[-58,18]],[[17813,16896],[14,199],[-4,62],[16,102]],[[17839,17259],[38,-18],[92,-16],[26,-20]],[[17839,17259],[15,77],[32,55],[33,94]],[[17654,17617],[8,-110],[17,-151]],[[17679,17356],[-35,-5],[-8,73],[-58,-6],[-15,-80]],[[17563,17338],[-23,2],[-8,94]],[[17532,17434],[-4,47],[-40,7],[-38,90]],[[17450,17578],[61,36],[127,49]],[[17839,17259],[-157,39],[-3,58]],[[17813,16896],[-27,11],[-225,181]],[[17561,17088],[42,74],[-48,43],[8,133]],[[17561,17088],[-153,133]],[[17408,17221],[61,76],[3,92],[60,45]],[[17408,17221],[-66,58]],[[17342,17279],[-101,93]],[[17241,17372],[101,143],[11,7]],[[17353,17522],[97,56]],[[17489,17974],[-40,-131],[-102,-118],[-9,5],[-125,-76]],[[17213,17654],[-27,28]],[[17186,17682],[-8,61],[40,126],[-5,52],[37,85]],[[17250,18006],[86,-29]],[[17336,17977],[153,-3]],[[17353,17522],[-55,111],[-47,-28],[-38,49]],[[17489,17974],[102,-2]],[[17241,17372],[-129,119],[-55,-27]],[[17057,17464],[-67,19]],[[16990,17483],[54,62],[34,12],[-3,56],[72,11],[39,58]],[[16990,17483],[-105,50],[-184,79]],[[16701,17612],[55,125],[67,22],[77,58]],[[16900,17817],[104,44]],[[17004,17861],[3,-154],[20,-66],[54,33],[19,39],[86,-31]],[[17004,17861],[65,164],[19,102]],[[17088,18127],[63,-60],[99,-61]],[[17336,17977],[74,272],[13,22],[212,152]],[[17088,18127],[77,170],[0,140],[14,69]],[[17179,18506],[223,-64],[57,-6],[112,11]],[[17179,18506],[19,82],[20,47],[103,118],[56,35]],[[18874,18627],[73,10],[49,-9],[53,-30],[117,-99]],[[19166,18499],[-136,-54],[5,-79],[46,-113]],[[19081,18253],[-54,-20],[-91,14],[-138,118]],[[19166,18499],[31,-27]],[[19197,18472],[78,-57],[103,-15]],[[19378,18400],[198,52]],[[19576,18452],[41,-105],[32,-131]],[[19649,18216],[-229,-55],[-155,-18],[-126,-28]],[[19139,18115],[-58,138]],[[19715,18025],[65,-286]],[[19780,17739],[-57,-23],[16,-26],[-110,-114]],[[19629,17576],[-148,132],[-131,150],[-41,67]],[[19309,17925],[-5,13],[139,26],[272,61]],[[18851,18074],[184,32],[104,9]],[[19649,18216],[21,-86],[27,-47],[18,-58]],[[19309,17925],[-343,-77]],[[19629,17576],[-100,-205]],[[19529,17371],[-263,123]],[[19266,17494],[-56,16],[7,70],[-51,9],[-26,32],[-24,-26],[-314,30],[0,-76],[-16,-1]],[[19529,17371],[-81,-168],[34,-39],[86,-78],[103,-7],[38,-33],[1,-116]],[[19710,16930],[-111,-51],[-7,-63],[-55,-95]],[[19537,16721],[-23,196],[-2,110],[-30,43],[-229,128],[-48,50],[-78,108],[86,24],[53,114]],[[19537,16721],[-28,-45],[-47,-24],[-44,6],[-11,-37]],[[19407,16621],[-191,10]],[[19216,16631],[-224,490]],[[19786,16874],[41,5],[1,66],[109,20],[110,-29],[44,-4],[17,20],[-22,43],[-4,191]],[[20082,17186],[72,90],[57,46]],[[20211,17322],[16,-12],[271,-144],[77,-75]],[[20575,17091],[-95,-235]],[[20480,16856],[-20,-187]],[[20460,16669],[-68,4],[-100,-25]],[[20292,16648],[-128,9],[-82,36],[-85,21],[-106,56],[-31,1],[-33,60],[-48,2],[7,41]],[[19529,17371],[118,-54],[77,-6],[3,50],[72,-26],[32,-32],[50,7],[109,-102],[65,1],[27,-23]],[[19786,16874],[-76,56]],[[19780,17739],[47,-92],[87,-20],[111,17],[72,-49]],[[20097,17595],[-24,-105],[36,-50],[32,-19],[70,-99]],[[18312,16734],[-23,-117]],[[18289,16617],[-78,9],[-60,-39],[-85,-2],[-112,-46]],[[17954,16539],[-118,192],[-37,99]],[[17799,16830],[14,66]],[[18544,16710],[125,-95]],[[18669,16615],[-30,-44],[-77,-34],[-56,-107],[-16,-53]],[[18490,16377],[-74,13],[8,32],[-51,100],[-129,-1]],[[18244,16521],[6,63],[39,33]],[[18490,16377],[-24,-134]],[[18466,16243],[-33,-11],[-61,-71],[-32,-14],[-86,19],[-40,19],[-100,107],[4,27]],[[18118,16319],[4,30],[34,49],[29,8],[44,48],[15,67]],[[18118,16319],[-114,-15]],[[18004,16304],[23,88],[-17,55],[-56,92]],[[18466,16243],[-19,-85],[-75,-155]],[[18372,16003],[-175,-3],[-235,0]],[[17962,16000],[2,161],[-3,88]],[[17961,16249],[43,55]],[[17962,16000],[-195,-4],[-165,15],[-91,21]],[[17511,16032],[11,158],[7,43]],[[17529,16233],[88,-42],[26,26],[76,-29],[66,3],[119,19],[57,39]],[[17529,16233],[27,32],[-12,40],[56,70]],[[17600,16375],[210,79],[144,85]],[[17600,16375],[-11,40],[21,50],[-3,47],[-48,66],[-17,48]],[[17542,16626],[257,204]],[[17542,16626],[-41,46],[10,195],[-69,39],[-26,28]],[[17416,16934],[40,40]],[[17456,16974],[105,114]],[[18372,16003],[-84,-207]],[[18288,15796],[-44,-111],[-5,-68],[21,-63]],[[18260,15554],[-60,-25],[-147,-7],[-25,10],[-87,-41],[-14,53]],[[17927,15544],[3,144],[6,53],[28,109],[-2,150]],[[18260,15554],[13,-55],[-2,-47],[-21,-112],[-3,-113]],[[18247,15227],[-43,-160],[-12,-73]],[[18192,14994],[-159,-21],[-164,15],[-59,-5],[-52,-33]],[[17758,14950],[42,45],[0,68],[-33,81],[27,33],[-15,146],[-14,38],[-20,121]],[[17745,15482],[87,34],[-2,18],[97,10]],[[17758,14950],[-58,-13],[-35,-40]],[[17665,14897],[-37,55]],[[17628,14952],[-95,26],[-31,46],[-40,96],[-60,109],[-16,44],[-56,36],[-154,76]],[[17176,15385],[94,112]],[[17270,15497],[195,227],[28,66],[10,128]],[[17503,15918],[42,-45],[17,-74],[68,-86],[59,-89],[56,-142]],[[17503,15918],[7,103]],[[17510,16021],[1,11]],[[17529,16233],[-26,63],[-76,-25],[-346,-129]],[[17081,16142],[-15,54],[3,47],[42,364],[-25,34]],[[17086,16641],[103,68],[140,138]],[[17329,16847],[87,87]],[[17510,16021],[-55,-51],[-81,-33],[-30,-30],[-185,154]],[[17159,16061],[-78,81]],[[17270,15497],[-313,263]],[[16957,15760],[210,245],[-30,26],[22,30]],[[16957,15760],[-183,151]],[[16774,15911],[8,67],[0,92]],[[16782,16070],[25,77]],[[16807,16147],[219,-25],[55,20]],[[17176,15385],[-59,30],[-83,21],[-56,25],[-76,62],[-104,52],[-40,31],[-60,75]],[[16698,15681],[45,125],[31,105]],[[16807,16147],[16,153],[34,125],[21,55]],[[16878,16480],[13,37]],[[16891,16517],[195,124]],[[16878,16480],[-91,-42],[-37,-32],[-51,-62],[-258,-78]],[[16441,16266],[-74,-8],[-174,54]],[[16193,16312],[24,110]],[[16217,16422],[63,17],[188,200],[108,-3],[49,9],[161,107],[76,14]],[[16862,16766],[-4,-13],[35,-198],[-2,-38]],[[16782,16070],[-70,5],[-18,59],[-65,-19],[-8,27],[-68,-21],[-32,15],[-15,-31],[-54,27]],[[16452,16132],[28,9],[-39,125]],[[16698,15681],[-52,50],[-47,99],[-36,38],[-108,93],[-59,37]],[[16396,15998],[48,99],[8,35]],[[16698,15681],[-45,-146],[-18,-36]],[[16635,15499],[-116,-186]],[[16519,15313],[-94,71],[-85,46],[-130,43]],[[16210,15473],[29,40],[-68,57],[10,79],[54,62],[-30,25],[16,49],[44,51],[-13,39],[113,131],[31,-8]],[[16519,15313],[-153,-243]],[[16366,15070],[-33,18],[-93,-1],[-52,18],[-96,50],[-84,98],[-92,26]],[[15916,15279],[19,56],[36,193]],[[15971,15528],[116,-21],[123,-34]],[[15971,15528],[42,206],[97,310]],[[16110,16044],[83,268]],[[17456,16974],[-112,81],[-113,105]],[[17231,17160],[111,119]],[[17329,16847],[-90,89],[-16,-18],[-81,76],[31,35],[-35,32]],[[17138,17061],[93,99]],[[16862,16766],[-9,26],[-202,254],[-28,27],[59,82],[-42,37]],[[16640,17192],[-1,2]],[[16639,17194],[94,68]],[[16733,17262],[126,-90],[213,-181],[66,70]],[[17057,17464],[-56,-23],[-47,-35]],[[16954,17406],[-221,-144]],[[16639,17194],[-116,172],[-19,42]],[[16504,17408],[-18,60],[64,49],[69,81],[29,47]],[[16648,17645],[53,-33]],[[16954,17406],[130,-119],[-33,-36],[31,-29],[63,66],[39,-36],[-25,-26],[72,-66]],[[16640,17192],[-302,-176]],[[16338,17016],[-175,261],[-13,12]],[[16150,17289],[32,80],[83,-118],[239,157]],[[16217,16422],[-18,69],[-155,284]],[[16044,16775],[11,11],[201,118],[-20,52],[102,60]],[[16044,16775],[-133,137]],[[15911,16912],[-45,71],[-81,224]],[[15785,17207],[168,155],[15,18]],[[15968,17380],[135,-55],[47,-36]],[[15968,17380],[29,49]],[[15997,17429],[72,138],[31,127],[73,103],[-16,48]],[[16157,17845],[34,-23]],[[16191,17822],[64,-49],[123,-30],[73,-51],[118,-8],[79,-39]],[[17030,18235],[-113,-164],[25,-30],[-21,-36],[-33,23],[-61,-82]],[[16827,17946],[-115,80]],[[16712,18026],[29,71],[6,93],[-43,90],[-44,30],[-12,62]],[[16648,18372],[114,-70]],[[16762,18302],[24,-16],[244,-51]],[[16900,17817],[-52,6],[-83,36],[100,56],[-38,31]],[[17030,18235],[57,-38],[-14,-32],[15,-38]],[[16648,17645],[11,45],[24,265]],[[16683,17955],[29,71]],[[16191,17822],[44,65],[7,41],[-23,124],[15,38]],[[16234,18090],[39,-6],[26,39],[187,-126],[22,-55],[142,-27],[33,40]],[[16234,18090],[33,54]],[[16267,18144],[109,173],[112,166]],[[16488,18483],[85,-68],[75,-43]],[[16157,17845],[-62,60],[-48,33],[-30,54]],[[16017,17992],[-14,101],[13,98],[43,-2],[54,47],[15,49],[44,-20]],[[16172,18265],[30,-20],[-27,-42],[92,-59]],[[16172,18265],[83,129]],[[16255,18394],[64,99],[68,-1],[1,84]],[[16388,18576],[88,-45],[12,-48]],[[16306,18651],[-2,3]],[[16304,18654],[-72,147],[-74,127],[-8,41],[-33,56],[5,73]],[[16122,19098],[123,-24]],[[16245,19074],[153,-30],[86,-36],[81,-65],[84,-32],[190,-24]],[[16839,18887],[136,-16]],[[16975,18871],[-21,-174],[-20,-48],[-96,-118]],[[16838,18531],[-206,16],[-85,23],[-101,54],[-61,22],[-79,5]],[[17179,18506],[-341,25]],[[16975,18871],[406,-48]],[[16762,18302],[83,137],[-57,34],[50,58]],[[16388,18576],[-82,75]],[[15997,17429],[-60,51],[-28,42],[-61,31],[-32,69],[-171,111],[17,28],[1,47],[25,22],[47,70],[-20,13],[32,62],[4,47]],[[15751,18022],[31,-15],[92,-20],[94,-9],[49,14]],[[15785,17207],[-46,72],[-45,35],[-124,67]],[[15570,17381],[-271,137]],[[15299,17518],[106,199],[139,132],[27,121],[48,-21],[61,77],[7,28]],[[15687,18054],[35,-5],[29,-27]],[[15299,17518],[-296,152],[-75,50]],[[14928,17720],[-96,85]],[[14832,17805],[142,147],[64,9]],[[15038,17961],[6,62],[52,58],[49,24],[123,-9],[45,30]],[[15313,18126],[22,19],[139,23],[120,-13],[36,-23],[1,-25],[42,-48]],[[15673,18059],[14,-5]],[[15554,18683],[-69,-1],[-62,15],[-93,35],[-182,-8]],[[15148,18724],[-44,52],[-26,91]],[[15078,18867],[75,46],[56,56],[57,85]],[[15266,19054],[30,21],[75,21],[95,-6]],[[15466,19090],[37,-106],[44,-64],[89,-73],[119,-54],[-5,-10]],[[15750,18783],[-49,-4],[-147,-96]],[[16304,18654],[-185,-5],[-78,16],[-218,97],[-73,21]],[[15466,19090],[219,-14],[50,2]],[[15735,19078],[296,30],[91,-10]],[[16255,18394],[-42,27],[-310,-3],[-56,-8],[-79,17]],[[15768,18427],[-34,0],[-91,36],[-13,59],[-132,-28]],[[15498,18494],[-3,30],[70,38],[-11,121]],[[15673,18059],[42,114],[10,58],[4,133],[39,63]],[[15313,18126],[-8,103],[10,50],[-30,105]],[[15285,18384],[-1,46],[-25,45]],[[15259,18475],[62,2],[-6,68],[47,22],[46,-48],[40,-20],[50,-5]],[[15259,18475],[-42,162],[-48,62]],[[15169,18699],[-21,25]],[[15285,18384],[-67,34],[1,43],[-35,14],[-57,-32],[-23,-30]],[[15104,18413],[-72,38],[-100,69],[-30,37],[-7,80]],[[14895,18637],[225,14],[9,43],[40,5]],[[15038,17961],[-135,156],[-130,164]],[[14773,18281],[111,96],[80,-90],[123,94],[17,32]],[[14832,17805],[-412,384],[-41,62],[-8,58]],[[14371,18309],[63,10],[51,27],[139,119]],[[14624,18465],[34,-48],[115,-136]],[[14624,18465],[33,21],[194,152],[44,-1]],[[14371,18309],[-14,110],[-22,32],[-63,40]],[[14272,18491],[56,13],[52,48],[44,113]],[[14424,18665],[36,45],[50,35],[81,19],[239,-7],[101,20],[147,90]],[[14723,19816],[-74,27],[-71,54],[-63,5],[-62,-42]],[[14453,19860],[-60,18],[-20,-13],[-60,17],[-47,28],[-64,-1],[-39,18],[-22,47],[54,44],[26,52],[14,59],[1,67],[-27,77]],[[14209,20273],[-5,16],[6,127],[43,-10],[49,68],[-11,28],[90,29],[66,-2],[2,-84],[18,-31],[204,166]],[[14671,20580],[75,60],[546,158],[-11,32],[-39,20],[14,79],[34,26],[8,29],[84,43],[5,33],[61,-19],[67,-91],[-6,-24]],[[15509,20926],[-47,-52],[-44,-79],[-11,-76],[34,-57]],[[15441,20662],[25,-76],[18,-10],[31,-71],[15,-91],[31,-13],[-11,-56],[29,-57],[-17,-43],[11,-50],[102,-76],[-32,-98],[1,-54],[-41,-73],[-33,-41],[-4,-31]],[[15566,19822],[-33,-24],[-65,0],[-27,-20],[-69,-9],[-39,19],[-88,-10],[-35,-13],[-40,-36],[-45,-16],[-87,68],[-61,-27],[-43,17],[-94,4],[-117,41]],[[15266,19054],[-23,57],[-224,267],[-121,183],[-113,132],[-29,41],[-33,82]],[[15566,19822],[22,-127]],[[15588,19695],[13,-83],[67,-108],[26,-69],[17,-131],[8,-109],[16,-117]],[[15078,18867],[-30,93],[-48,56],[-54,33],[-94,24],[-492,37],[-82,39],[-85,115],[-16,71]],[[14177,19335],[82,12],[33,71],[-3,54],[27,85],[-33,59],[26,93],[75,73],[11,37],[58,41]],[[14177,19335],[-5,116],[-30,73],[-47,29],[-52,3]],[[14043,19556],[-38,29],[-54,-3],[-46,26],[-46,9]],[[13859,19617],[-60,33],[-50,152],[-68,99],[-3,85],[-15,55],[20,102],[-26,71],[-34,34]],[[13623,20248],[58,-12],[57,-67],[54,11],[30,-36],[40,60],[113,76]],[[13975,20280],[125,-8],[72,-18],[37,19]],[[14424,18665],[-120,-15],[-73,36],[4,78],[-54,29],[-60,5],[-40,19],[9,61],[-15,28],[-54,22],[-21,55],[-52,21],[2,41],[-34,30],[-35,60],[4,28],[53,86],[19,49],[34,20],[19,39],[75,8],[2,59],[59,63],[-18,41],[-85,28]],[[13623,20248],[-48,11],[-8,20],[-55,34],[3,40],[-27,69],[30,142],[64,47],[23,32],[-2,30],[53,98],[-52,-12],[-48,-65],[-5,-30],[-94,-120],[-37,-1]],[[13420,20543],[17,27],[47,31],[23,93],[-3,210],[104,60],[56,-19],[18,31],[2,121],[79,60]],[[13763,21157],[24,-131],[58,25],[61,-4],[94,-53],[43,-51],[44,22],[59,-24],[-28,-49],[-12,-51],[18,-73],[62,-25],[18,-39],[-8,-92],[-43,-19],[-24,-30],[-23,-65],[14,-119],[-145,-99]],[[13763,21157],[33,26],[24,73],[15,90],[-15,41],[4,48],[18,32],[-20,69],[33,30],[18,47],[52,25],[0,46]],[[13925,21684],[59,14],[36,-18],[113,15],[227,22],[-6,49],[15,32],[-4,51],[18,76],[52,22],[9,26],[43,44]],[[14487,22017],[-4,-73],[-44,-72],[-28,-136],[-37,-96],[-6,-67],[26,-144],[35,-52],[67,-43],[31,-43],[23,-76],[5,-68],[-13,-106],[26,-78],[93,-66],[22,-41],[5,-60],[-35,-68],[-58,-46],[6,-26],[54,-36],[16,-40]],[[14487,22017],[118,45],[90,2],[25,-17],[79,-9],[34,-19],[92,-22],[47,33],[53,-46],[61,28],[40,-11],[-16,-57],[56,-121],[115,60],[32,44],[34,87],[46,27],[110,4],[86,11],[17,39],[8,129]],[[15614,22224],[30,3],[159,-34],[71,7],[7,-48],[-15,-122]],[[15866,22030],[-68,0],[-31,-44],[3,-87],[26,-117],[3,-38],[-16,-161],[6,-88],[-30,-17]],[[15759,21478],[-46,36],[-57,-8],[-40,-43]],[[15616,21463],[-63,-18],[-41,-46],[16,-60],[27,-31],[107,-55],[29,-39],[2,-54],[-32,-93],[7,-32],[-71,-45],[-38,-7],[-50,-57]],[[13417,20544],[-62,-8],[-24,37],[-37,7],[-46,-68],[-66,-12],[-50,16],[-82,86],[-45,20],[-35,36],[-71,-43],[-56,-8],[-20,-71],[8,-78],[-21,-90],[-52,-19],[-23,-32]],[[12735,20317],[-37,35]],[[12698,20352],[11,37],[-21,79],[-40,34],[-102,117],[-14,82],[3,83],[-10,64],[-88,135],[-14,53],[5,41],[-14,34],[6,63],[-14,36],[1,97],[-23,28],[-45,25],[-8,32],[7,97],[-37,63],[-46,16],[-35,34],[-12,62],[-45,68],[-84,27],[-60,61],[-37,60],[-24,100]],[[11958,21980],[20,18],[10,47],[65,18],[19,72],[-24,54],[0,34],[-43,44],[-17,60],[-76,40],[-52,72],[53,54],[7,24]],[[11920,22517],[109,-82],[66,-36],[55,-10],[119,-2],[91,-25],[105,-80],[163,-93],[91,-61],[103,-48],[203,-115],[48,-48],[22,-58],[42,-271],[18,-132],[-3,-48],[-40,-222],[0,-81],[28,-156],[42,-91],[146,-202],[89,-112]],[[13420,20543],[-3,1]],[[11920,22517],[-41,78],[80,114]],[[11959,22709],[33,-15],[60,6],[6,39],[81,30],[73,-26],[59,10],[26,38],[67,-30],[86,15],[-1,36],[55,46],[20,-6],[72,17],[-36,50],[82,-17],[26,-50],[61,-65],[1,-39],[-60,-43],[40,-48],[14,24],[78,-19],[-25,39],[62,44],[50,24],[36,-8],[25,-60],[25,-30],[44,9],[27,-53],[29,5],[62,-44],[36,35],[52,-1],[10,53]],[[13235,22675],[32,-18],[63,-67],[21,-2],[5,-54],[23,-14],[44,-74],[52,-29],[22,-48],[32,-22],[-19,-43],[63,-40],[-10,-54],[28,-25],[18,-60],[90,-29],[44,17],[91,-16],[36,-29],[54,-100],[-32,-59],[40,-46],[8,-30],[-23,-91],[19,-24],[-11,-34]],[[13235,22675],[-40,93],[23,36],[45,-4],[35,26],[115,-26],[0,30],[56,42],[43,-11],[53,8],[53,-7],[-6,62],[27,106],[-14,28],[7,93],[33,14],[22,-28],[27,18],[-15,33],[28,32],[50,12],[49,51],[21,-42],[69,-32],[25,36],[26,-19],[31,11],[56,-8],[60,-23]],[[14114,23206],[51,-68],[77,-29],[32,29],[56,3],[63,-13],[110,13],[35,-9],[146,26],[54,26],[61,-94],[99,-100],[111,-34],[61,4],[60,-27],[12,-27],[38,2],[42,-39],[24,-63],[-19,-89]],[[15227,22717],[12,-57],[65,-83],[71,-42],[52,3],[69,26],[38,1],[20,-31],[26,-107],[0,-129],[34,-74]],[[15866,22030],[24,-41],[95,-26],[48,5],[71,47],[44,-8],[98,-100],[62,-31],[37,52],[0,66],[16,65],[3,79],[77,57],[74,27],[81,51]],[[16596,22273],[2,-64],[41,-107],[44,-57],[73,-124],[40,-54],[42,-15],[21,-67],[16,-7],[78,39],[69,-27],[24,-74],[-22,-41],[-52,-23],[-74,-6],[-65,-58],[-30,-58],[-1,-31]],[[16802,21499],[-47,-51],[-26,-48],[-42,14],[-127,-24],[-42,40],[-24,-6],[-38,-39],[-54,20],[-27,-11],[6,-39],[-29,-22],[-10,-55],[-35,18],[-24,34],[-24,-18],[-83,-13],[-38,44],[-72,23],[-38,53],[-34,2],[-76,-48],[-43,33],[-85,-22],[-14,9],[-17,85]],[[16802,21499],[4,-22]],[[16806,21477],[29,-83],[-21,-31],[-35,-10],[-12,-48],[-1,-86],[-22,-14],[-71,-126],[46,-74],[-33,-107],[1,-67],[50,-68]],[[16737,20763],[-29,7],[-37,-20],[-95,-23],[-16,-49],[22,-46],[-36,-49]],[[16546,20583],[-16,30],[-104,48],[-27,68],[-18,21],[-73,31],[-47,-22],[-31,9],[-60,95],[-20,17],[-130,48],[-26,30]],[[15994,20958],[-84,20],[-31,101],[-18,27],[-44,26],[-29,50],[-64,58],[-14,73],[-75,69],[-19,81]],[[15994,20958],[-13,-40],[-29,-14],[-28,-152],[-74,-68],[5,-39]],[[15855,20645],[-77,44],[-36,8],[-99,-14],[-91,2],[-22,19],[-89,-42]],[[16546,20583],[15,-68],[26,-55],[-17,-41],[-36,-34],[-60,-28],[-38,-3],[0,-33],[-52,11],[-31,74],[-20,12],[-97,15],[-20,-33],[-46,49],[-100,62],[-53,-4],[-51,-25]],[[15966,20482],[-108,139],[-3,24]],[[16737,20763],[22,-45],[17,-90],[53,-76],[20,-71]],[[16849,20481],[-10,-87],[14,-121]],[[16853,20273],[-87,-8],[-65,-71],[-70,-34],[-115,8],[-60,-46],[19,-67],[-72,-33],[-69,17],[15,45],[-28,27],[-51,24],[-210,-1]],[[16060,20134],[-40,81],[9,55],[-21,33],[-8,98],[-28,29],[-6,52]],[[16060,20134],[-15,-44],[15,-50],[-4,-59],[-48,-8],[-26,-75],[25,-19],[-34,-68],[11,-19]],[[15984,19792],[-40,-78],[-40,38],[-101,20],[-58,-20],[-40,14],[-39,-31],[-78,-40]],[[16853,20273],[-9,-32],[-65,-52],[-29,-109]],[[16750,20080],[-37,-53],[-135,-74],[-172,-198]],[[16406,19755],[-40,-7],[-51,9],[24,85],[-64,0],[-99,56],[-35,-60],[-4,-35],[-33,-34],[-120,23]],[[16406,19755],[-32,-91],[30,-150],[-3,-36],[-49,-90],[-61,-135]],[[16291,19253],[-23,-60],[-23,-119]],[[18192,19265],[187,-3],[37,-14]],[[18416,19248],[-113,-89],[-3,-145]],[[18300,19014],[-129,-5]],[[18171,19009],[31,228],[-10,28]],[[18192,19265],[8,58],[25,-6],[3,77],[43,-1],[12,46],[98,-4]],[[18381,19435],[160,-7],[77,-45]],[[18618,19383],[-20,-25]],[[18598,19358],[-34,-23],[-91,-23],[-57,-64]],[[18598,19358],[11,-75]],[[18609,19283],[-6,-141],[-27,-39],[-157,-82]],[[18419,19021],[-39,-10],[-80,3]],[[18141,18755],[16,123],[35,20],[-27,50],[6,61]],[[18419,19021],[3,-82],[16,-50],[51,-66],[6,-56]],[[17381,18823],[133,38],[-26,200],[12,33],[40,19],[-7,30]],[[17533,19143],[186,42]],[[17719,19185],[25,-40],[49,4],[137,129],[111,15],[77,27],[-4,-50],[78,-5]],[[17719,19185],[62,52],[-70,112],[-21,65]],[[17690,19414],[40,6],[-15,35],[39,20],[48,-26],[62,28],[76,81],[38,18],[39,64],[55,25],[-19,27],[30,39],[43,-36],[134,-2],[52,57]],[[18312,19750],[-15,-56],[45,-44],[49,-109],[-10,-106]],[[17690,19414],[-39,118],[-114,70],[16,35],[-77,93],[-24,53]],[[17452,19783],[113,21],[55,36],[37,8],[127,8],[79,35],[73,77],[45,14],[92,8]],[[18073,19990],[37,-44],[89,-72],[49,-50],[2,-48],[62,-26]],[[18073,19990],[43,-3],[127,88],[58,-3],[78,-63],[9,104]],[[18388,20113],[302,-63]],[[18690,20050],[-42,-74],[-56,-49],[132,-89],[67,-16],[-63,-159]],[[18728,19663],[-20,-128],[-23,-52],[-67,-100]],[[16839,18887],[15,253],[56,61]],[[16910,19201],[27,54],[110,147],[16,42]],[[17063,19444],[27,48],[50,55],[15,-57],[20,-6],[153,-144],[-21,-20],[54,-46],[31,-15],[14,-54],[39,-59],[33,-17],[55,14]],[[17063,19444],[-82,61],[-35,170],[22,4],[35,52],[-7,30],[32,59],[-5,51],[28,62],[37,29]],[[17088,19962],[30,42],[26,-6],[57,-50],[101,66],[19,5]],[[17321,20019],[27,-25],[43,-67],[23,-101],[38,-43]],[[16291,19253],[86,0],[94,-9],[127,18]],[[16598,19262],[109,-2],[77,-12],[-13,-43],[139,-4]],[[16750,20080],[7,-87]],[[16757,19993],[-20,-56],[-41,-80],[27,-12],[-34,-86],[-13,-65],[-56,-60],[-4,-29],[19,-92],[-9,-86],[-26,-99],[-2,-66]],[[16757,19993],[184,26],[59,-20],[39,-29],[49,-8]],[[16849,20481],[46,-14],[39,18],[22,76],[55,28],[35,57],[50,10],[56,28],[106,-63],[25,-36],[52,16],[43,36],[37,51],[-7,55],[-26,-2],[-16,90],[30,47],[18,85]],[[17414,20963],[81,-57],[31,-37],[1,-41],[45,-89],[-7,-41],[-36,-71],[87,-183]],[[17616,20444],[-78,-16],[-97,-49],[36,-40],[20,-77],[-21,-55],[5,-35],[-16,-58],[-102,-46],[-42,-49]],[[16806,21477],[40,-2],[76,-50],[52,-110],[-69,-112],[-3,-73],[38,-7],[-22,-59],[49,-25],[77,12],[2,32],[30,83],[39,-15],[35,44],[33,-16],[36,33],[6,52],[32,-4],[4,-38],[35,-37],[40,14],[55,-59]],[[17391,21140],[37,-72]],[[17428,21068],[-14,-105]],[[16596,22273],[45,-14],[112,-112],[87,21]],[[16840,22168],[25,-11],[72,-71],[80,-100],[109,-47],[32,-28],[89,-145],[21,-14],[57,11]],[[17325,21763],[53,2],[47,-40],[16,-32],[1,-77],[-46,-86],[-48,-21],[-27,-54],[47,-133],[-22,-44],[11,-37],[52,-30],[1,-54],[-19,-17]],[[17616,20444],[52,13],[42,45],[53,29],[91,16],[110,41],[88,10],[17,-55],[28,-15]],[[18097,20528],[13,-80],[77,-2],[24,-30],[-16,-55],[198,-38],[95,-26],[-32,-81],[-68,-103]],[[17428,21068],[23,119],[57,-46],[109,39],[26,-2],[80,42],[-13,-62],[40,-46],[58,-15],[21,41],[0,64],[32,50],[46,6]],[[17907,21258],[-28,-27],[1,-37],[46,-45],[-21,-45],[11,-92],[24,-70]],[[17940,20942],[44,-60],[17,-66],[19,-23],[73,-14],[43,-78]],[[18136,20701],[14,-74],[-26,-65],[-27,-34]],[[17325,21763],[66,23],[41,26],[138,1],[44,35],[44,2],[47,20],[68,1],[61,12],[91,-10],[33,-51],[28,-1]],[[17986,21821],[-7,-127],[42,-76],[2,-78],[32,-15],[10,-53],[-54,-92],[-62,-47],[-42,-75]],[[18473,21332],[32,63],[36,9],[13,37]],[[18554,21441],[61,-9],[21,23],[55,-12],[66,54],[102,1],[48,-15],[42,20],[4,-59],[46,-82],[40,-9],[62,-45],[-16,-42],[31,-37]],[[19116,21229],[-18,-23],[4,-85],[-73,-83],[-41,-134],[12,-78],[-14,-105],[-12,-39]],[[18974,20682],[-3,-8]],[[18971,20674],[-55,1],[-142,-24],[-39,-21],[-26,41],[-55,38],[-64,-39],[-38,-11]],[[18552,20659],[26,61],[19,115],[21,56],[-2,41],[-35,97],[-25,34],[-48,4],[2,64],[-21,17],[-13,50],[13,28],[-21,59],[5,47]],[[17940,20942],[90,69],[73,87],[11,76],[64,44],[24,40],[44,21],[18,48],[138,60],[61,-23],[10,-32]],[[18552,20659],[-2,-41],[-88,37],[-101,-5],[-67,27],[-97,-35],[-61,59]],[[17986,21821],[75,28],[11,56],[53,37],[63,79],[41,15],[87,-1],[49,10],[19,60],[-12,54],[-54,79],[28,15],[51,-12],[46,-46],[196,25],[21,34],[-36,65],[-23,70],[0,34],[27,30],[63,23],[-28,94],[16,47],[32,45],[50,100],[103,131],[36,25],[164,77],[30,39],[0,38],[-25,39],[-38,29],[-14,60],[22,32],[87,47],[68,47],[79,20],[103,79],[30,45],[76,21],[67,62],[25,51],[72,17],[10,80],[35,31],[130,-9]],[[19821,23723],[71,-48],[99,-22],[52,14],[19,46],[29,30],[30,69],[69,55],[110,40],[73,115],[90,57],[17,42],[39,48],[35,69],[14,51],[67,45],[32,-14]],[[20667,24320],[53,-30],[57,-2],[20,17],[37,-8],[54,-35],[41,-67],[35,-7],[19,-32],[108,-54]],[[21091,24102],[-32,-19],[-30,-55],[-10,-44],[22,-81],[-56,-50],[-98,-114],[-75,-48],[-27,-54],[4,-92],[13,-43],[7,-114],[-36,-49],[2,-49],[-53,-32],[-87,-108],[-53,-37],[-46,-53],[-18,-42],[-73,-86],[-6,-41],[45,-102],[-28,-51],[-20,-70],[1,-66],[13,-32],[-10,-54],[-44,-45]],[[20396,22471],[-146,168],[-103,132],[-75,175],[52,10],[-6,29],[-43,37],[-74,24],[-2,31],[50,31],[-31,33],[-110,30],[18,52],[-15,20],[-85,-19],[-52,-46],[1,-52],[39,-111],[-10,-71],[-31,-17],[-5,-85],[35,-67],[-16,-33],[-71,-13],[-40,15],[-69,-64],[-89,12],[-38,-25],[-12,-58],[-42,-35],[-40,-75],[-31,-21],[-30,-52],[-15,-55],[-61,-54],[-16,-50],[-24,-136],[-30,-33],[-69,5],[-43,-13],[-42,5],[-47,-18],[-8,-77],[30,-43],[-37,-43],[-62,-21],[-23,-41],[-41,-24],[-25,17],[-54,1],[52,-57],[-13,-44],[-23,-13],[-67,1],[-90,-39],[-63,-72],[-13,-83],[26,-24],[17,-57],[-30,-17]],[[20396,22471],[-63,1],[-63,-82],[-33,1]],[[20237,22391],[-55,-40],[-42,-13],[-29,-59],[48,-58],[-23,-24],[-19,-105],[12,-63],[20,-16],[-16,-39],[19,-28],[0,-42],[-42,-85]],[[20110,21819],[-64,41],[-54,-14],[31,-61],[41,-116],[20,-112],[-82,-40],[-22,-41]],[[19980,21476],[-64,47],[-26,9],[-92,-79],[-77,47],[-63,18],[-155,-4],[-25,-13],[-40,-99],[-100,84],[-38,-43],[-41,-28],[-16,-51],[-44,-26],[-21,-54],[-62,-55]],[[19980,21476],[-28,-28],[-52,-102],[-35,-167],[-60,34],[-77,-24],[-31,-65],[-48,-43],[-16,-36],[-41,-34],[-44,-63],[-51,-7],[-8,-25],[153,-30]],[[19642,20886],[-89,-57],[-101,-171],[-23,-10],[-57,19],[-41,-27],[-52,-59],[-40,5],[-19,-34]],[[19220,20552],[-83,47],[-41,7],[-47,47],[-43,-2],[-32,31]],[[18690,20050],[36,29],[-8,39],[34,70]],[[18752,20188],[106,-101],[159,-57],[43,39],[46,-26],[135,18],[146,-33]],[[19387,20028],[-30,-24],[-62,-109],[-29,-81],[-24,-40],[-100,-59],[-19,-25]],[[19123,19690],[-14,7],[-189,-45],[-46,-7],[-125,21],[-21,-3]],[[18971,20674],[-13,-60],[9,-46],[-20,-102],[-45,-46],[-61,-82],[-22,-54],[-67,-96]],[[19220,20552],[56,-42],[55,-21],[56,19],[33,-61],[122,-124],[24,-38],[-3,-80],[43,-37]],[[19606,20168],[-183,-121],[-36,-19]],[[20110,21819],[-7,-33],[-37,-54],[33,-25],[29,-63],[52,-23],[-11,-106],[1,-92],[-26,-13]],[[20144,21410],[-20,-17],[2,-87],[-8,-59],[-33,-44],[-18,-51],[6,-74],[-60,-90],[4,-53],[-12,-40],[7,-63]],[[20012,20832],[2,-7]],[[20014,20825],[-50,-19],[-40,24],[-134,-12],[-78,53],[-70,15]],[[20014,20825],[38,-61],[9,-40],[39,-93],[37,-32],[44,-105],[60,-61],[50,-66],[7,-41]],[[20298,20326],[-51,46],[-109,64],[-151,-79]],[[19987,20357],[-70,-18],[-65,-2],[-62,-24],[-45,-1],[-77,-63],[-62,-81]],[[20298,20326],[21,-66],[9,-72],[-17,-54],[6,-37]],[[20317,20097],[4,-41],[-12,-87],[12,-108]],[[20321,19861],[-107,72],[-227,424]],[[19606,20168],[44,-38],[129,-242],[78,-92],[-22,-31],[55,-52],[-3,-34],[-73,-101]],[[19814,19578],[-74,14],[-110,8],[-59,-14],[-116,-126],[-43,-9],[-74,-46],[-32,14]],[[19306,19419],[-74,57],[-42,2],[-3,48],[-40,25],[17,113],[-41,26]],[[20321,19861],[37,-81],[-1,-146],[-14,-82],[-48,-97],[1,-30]],[[20296,19425],[-173,-133],[-23,-3]],[[20100,19289],[-33,10],[-45,42],[0,31],[-110,116],[-98,90]],[[20100,19289],[-38,-57],[-354,-407]],[[19708,18825],[-55,-5],[41,47],[-10,37],[-263,184],[-19,44],[-57,-3],[-26,24],[-26,-16],[-53,43],[-40,17]],[[19200,19197],[-7,17],[26,66],[74,56],[13,83]],[[19378,18400],[17,17],[123,177],[83,107],[107,124]],[[20296,19425],[86,-148],[-2,-62],[12,-29],[116,-101]],[[20508,19085],[-24,-88],[-1,-96],[22,-95],[-12,-92],[-32,-44],[-35,-24]],[[20426,18646],[-53,-18],[-111,0],[-73,-21],[-96,-56],[-68,-24]],[[20025,18527],[-53,-4],[-127,4],[-269,-75]],[[19197,18472],[58,82],[-32,100],[30,76],[1,148]],[[19254,18878],[2,216],[-56,103]],[[19254,18878],[-248,81],[13,24],[-111,54]],[[18908,19037],[-126,54],[-86,44],[25,43],[3,75],[-115,30]],[[18747,18625],[6,43],[43,122],[36,47],[0,24],[62,134],[14,42]],[[20043,18099],[6,1]],[[20049,18100],[380,83],[3,-14]],[[20432,18169],[50,-203],[24,-63],[71,-278],[-6,-86]],[[20571,17539],[-1,-23],[-160,39],[-84,54],[-132,13]],[[20194,17622],[-15,63],[-40,-9],[-96,423]],[[19715,18025],[168,34],[160,40]],[[20194,17622],[-33,3],[-64,-30]],[[20025,18527],[6,-37],[70,-248],[-59,-32],[7,-110]],[[20426,18646],[86,-130],[101,-159],[23,-23],[86,-44],[21,-35]],[[20743,18255],[4,-14]],[[20747,18241],[-315,-72]],[[20508,19085],[40,57],[29,22],[69,27]],[[20646,19191],[12,-82],[111,6]],[[20769,19115],[43,-92],[5,-75],[91,12]],[[20908,18960],[5,-30],[31,-22],[39,13],[28,-37],[12,-60],[-30,-5],[14,-76],[-29,-6],[12,-66],[-18,-13],[32,-217],[4,-74],[-65,-10],[12,-55]],[[20955,18302],[-212,-47]],[[20908,18960],[117,-5],[82,-18],[77,-4],[218,27],[107,24],[66,-10],[31,-17]],[[21606,18957],[33,-24]],[[21639,18933],[-39,-53],[-39,-22],[10,-30],[-61,-161],[-20,4],[-42,-118],[-33,-5],[10,-62],[-29,-75],[10,-59]],[[21406,18352],[-36,-3],[-120,14],[-96,-16]],[[21154,18347],[-199,-45]],[[21639,18933],[154,-82],[88,-61],[59,-11],[87,-29]],[[22027,18750],[26,-48],[-18,-36],[-25,-94],[-23,5],[-17,-66]],[[21970,18511],[-128,-22],[-42,-15],[-161,-84]],[[21639,18390],[-42,-12],[-191,-26]],[[22027,18750],[137,-6],[131,13],[129,-42]],[[22424,18715],[35,-54],[95,-82],[51,-75]],[[22605,18504],[37,-73],[-126,-135],[-34,-51]],[[22482,18245],[-52,10],[-192,136]],[[22238,18391],[-147,100],[-62,23],[-59,-3]],[[21957,19617],[66,68],[39,79]],[[22062,19764],[24,57]],[[22086,19821],[118,-29],[33,-25],[75,-25],[12,-106],[14,-48],[45,-63],[18,-3],[63,-82],[-5,-43],[7,-78],[-16,-98]],[[22450,19221],[-83,-25],[-72,-11],[-72,-37],[-67,15],[-51,-7],[-63,-31],[-77,-6],[-103,-50],[-44,-5]],[[21818,19064],[-10,111],[33,103],[174,1],[68,30],[8,19],[-2,127],[-45,58],[-71,69],[-16,35]],[[21818,19064],[-76,-30],[-103,-69]],[[21639,18965],[-12,7],[-34,119],[-10,134],[-11,23],[97,34],[-36,97],[3,61],[-52,-21],[-34,55]],[[21550,19474],[222,92],[143,21],[42,30]],[[20769,19115],[98,15],[74,84],[51,40],[283,182],[58,16],[131,-3],[86,25]],[[21639,18965],[-33,-8]],[[20646,19191],[131,22],[34,20],[72,74],[58,77],[10,36],[59,61],[101,77],[52,60],[26,43],[67,37],[101,41],[77,73],[86,124],[50,40]],[[21570,19976],[47,6],[48,58],[73,42],[120,54],[49,33],[105,13],[152,41],[96,10]],[[22260,20233],[-13,-46]],[[22247,20187],[-143,-206],[-104,-165],[62,-52]],[[22247,20187],[5,-17],[110,-170],[16,-18],[-54,-34],[-122,-2],[-42,-9],[-41,-32],[-33,-84]],[[22260,20233],[69,9],[126,28],[155,-51],[37,0]],[[22647,20219],[73,17],[175,7],[50,-23],[114,-25],[113,-63],[63,-27]],[[23235,20105],[-9,-29]],[[23226,20076],[-67,8],[-37,-9],[-157,-57],[-34,-31]],[[22931,19987],[-18,106],[-8,8],[-228,-20],[-31,42],[-30,-9],[22,-41],[-34,-36],[-44,58],[-40,-9],[-35,14],[-26,65],[-35,21],[-94,8],[-21,28],[-49,11]],[[22931,19987],[22,-127],[-24,-70],[9,-72],[-50,-18],[-90,-45],[-35,-30],[-79,-112],[-16,-42],[-37,-272]],[[22631,19199],[-57,-5],[-77,28],[-47,-1]],[[23226,20076],[-19,-74],[39,-35],[43,-112],[-60,-30],[-1,-72],[-17,-82],[9,-23],[56,-46],[20,-113]],[[23296,19489],[-61,-44],[-44,-50],[-17,-41],[-41,-37]],[[23133,19317],[-51,-41],[-114,-56]],[[22968,19220],[-61,-20],[-70,8],[-135,-3]],[[22702,19205],[-71,-6]],[[22702,19205],[-6,-50],[37,-13],[-16,-49],[-38,12],[-28,-72],[-6,-87],[-59,-8],[-26,-52],[-45,-60],[-5,-43],[-49,-68],[-37,0]],[[22968,19220],[37,-186],[21,-150]],[[23026,18884],[43,-239]],[[23069,18645],[-187,-73],[-41,-4],[-54,27],[-63,-33],[-60,13],[-59,-71]],[[23133,19317],[76,-46],[29,-56],[74,-42],[-14,-98],[51,-14],[21,-139]],[[23370,18922],[-79,-21],[-44,-78],[-44,-28],[-106,12],[-48,65],[-23,12]],[[23296,19489],[21,-44],[18,-82],[156,-140],[79,-79],[46,-81],[22,2]],[[23638,19065],[6,-45],[51,-81]],[[23695,18939],[-2,0]],[[23693,18939],[-266,-7]],[[23427,18932],[-57,-10]],[[23296,19489],[57,7],[80,28],[114,10],[94,-17]],[[23641,19517],[-67,-70],[-6,-34],[24,-123],[51,-37],[14,-47],[-20,-65],[1,-76]],[[23235,20105],[150,-51],[105,-14],[45,4]],[[23535,20044],[71,10]],[[23606,20054],[40,-48],[31,-66],[60,-162],[7,-55],[-61,-79],[-42,-127]],[[23641,19517],[66,20],[51,46],[40,-79],[58,22],[57,-7],[14,-30],[-8,-107],[47,-62],[27,-92],[28,-44],[36,-83],[8,-39]],[[24065,19062],[-4,-55]],[[24061,19007],[-249,-23],[-117,-45]],[[23727,18251],[30,29]],[[23757,18280],[162,135],[112,163]],[[24031,18578],[41,25],[86,1],[69,-23],[118,38],[45,-7],[35,-41]],[[24425,18571],[74,-161],[25,-80]],[[24524,18330],[-83,-22],[-187,-92],[-7,-31],[-38,-61],[-7,-39],[15,-81],[-54,-16],[-147,-98]],[[24016,17890],[-25,111],[-71,-41],[-6,43],[-78,78],[-5,32],[-67,80],[-35,24],[-2,34]],[[24016,17890],[19,-87],[-3,-80],[6,-128],[-6,-64]],[[24032,17531],[-11,-4]],[[24021,17527],[-31,9],[-157,4],[-123,74]],[[23710,17614],[-149,91],[-76,33],[-27,-10]],[[23458,17728],[13,33],[-29,33]],[[23442,17794],[6,48],[39,79],[-26,77],[55,27],[1,19],[-80,49]],[[23437,18093],[37,8],[66,-10],[51,8],[67,49],[47,70]],[[23705,18218],[22,33]],[[23442,17794],[-71,-28],[-192,-26],[-39,52],[-142,0]],[[22998,17792],[5,48],[28,60],[71,84],[28,83],[-6,27]],[[23124,18094],[46,28],[76,0],[34,-9],[74,-51],[38,3],[45,28]],[[23124,18094],[-19,16],[-35,64],[33,69],[17,65],[1,52],[-24,129]],[[23097,18489],[188,13],[8,44],[33,-11],[51,83],[14,1]],[[23391,18619],[55,-40],[175,-277],[41,-26],[16,-39],[27,-19]],[[23427,18932],[42,-232],[-57,-49],[-21,-32]],[[23097,18489],[-28,156]],[[23693,18939],[4,-35],[-17,-63],[1,-112],[-58,-135],[-4,-35],[39,-141],[32,-57],[67,-81]],[[24061,19007],[4,-98],[-14,-139],[24,-55],[-11,-49],[-28,-19],[-29,-55],[24,-14]],[[24065,19062],[65,5],[17,-22],[60,46],[45,11]],[[24252,19102],[41,-35],[111,-29],[38,45]],[[24442,19083],[44,-89],[3,-54],[18,-39],[-26,-60],[12,-30],[-18,-98],[8,-68]],[[24483,18645],[-27,-2],[-31,-72]],[[23606,20054],[17,-3],[187,34],[143,34],[85,28]],[[24038,20147],[-37,-36],[20,-61],[-30,-51],[4,-43],[-21,-30],[-11,-50],[49,-16],[-8,-83],[105,-183],[-8,-88],[65,-6],[5,-16],[29,-298],[52,-84]],[[24038,20147],[67,21],[56,-12]],[[24161,20156],[-23,-71],[12,-14],[97,-37],[60,-65],[16,-98],[-24,-44],[4,-58]],[[24303,19769],[24,-33],[78,-8],[94,-43],[43,-113],[10,-53],[0,-79],[-46,-138],[-79,-135],[-5,-35],[20,-49]],[[24161,20156],[82,1],[77,42],[-3,31],[-33,27],[10,41],[78,-21],[8,-31],[59,-21],[-5,36],[57,34],[-13,54],[9,28],[75,45],[30,6],[57,-25],[55,-5]],[[24704,20398],[43,-7],[87,-43],[18,47],[31,21],[34,-12],[22,-44],[48,4],[-34,47],[97,73],[49,3],[15,-41],[75,-18],[4,-25],[-65,-41],[-13,-27],[52,-20],[12,-49],[55,-20],[16,40],[47,-61],[-35,-44],[51,-46],[-23,-23],[-47,-6],[-11,-60],[0,-58],[27,-35],[37,5],[37,33],[53,-57]],[[25386,19934],[-20,-66],[-70,-75],[-32,-87],[4,-28]],[[25268,19678],[-39,1],[-926,90]],[[25386,19934],[27,39],[35,82],[25,8],[41,-41],[34,0],[43,49],[62,51],[44,24],[103,-59],[28,13],[45,77],[-23,99],[21,33],[-10,40]],[[25861,20349],[46,-22],[50,-7],[8,32],[-29,15],[39,49],[35,22],[30,-128],[40,-75],[36,-26],[10,-97]],[[26126,20112],[-75,-28],[-264,-147],[-37,-29],[-142,-163]],[[25608,19745],[-33,-30],[-46,-17],[-261,-20]],[[25268,19678],[-22,-74],[-21,-22],[-14,-62],[0,-59],[25,-63],[25,-29],[64,-179],[12,-60],[68,-53]],[[25405,19077],[4,-51],[-23,-53]],[[25386,18973],[-25,-21],[-69,5],[-79,15],[-20,-17],[-99,20],[-34,163],[-136,43],[-77,40],[-32,-69],[-44,-43],[-40,49],[-52,-2],[-84,30],[-37,-1],[-40,-67],[-76,-35]],[[25386,18973],[-4,-38],[93,-104],[20,-88],[17,-26],[17,-75],[20,-24]],[[25549,18618],[-103,-64],[-25,0],[-46,-37],[-78,-26],[-40,-5],[-72,50],[-46,22],[-96,77],[-169,34]],[[24874,18669],[-1,30],[-32,85],[-81,-43],[-63,25],[-75,41],[-91,0],[-33,-43],[-4,-110],[-11,-9]],[[24874,18669],[-1,-44],[22,-119],[60,-44],[12,-29],[-7,-67],[-32,-34],[-8,-54],[16,-49],[-19,-46],[29,-11],[20,-59],[-42,-40],[5,-33]],[[24929,18040],[-64,13],[-140,70]],[[24725,18123],[-77,95],[-100,72],[-24,40]],[[25549,18618],[28,26],[-9,81],[39,21],[125,-2],[61,37],[32,-25],[55,-10]],[[25880,18746],[18,-45],[56,-24],[-76,-80],[-99,-65],[-30,-52],[-49,-39],[-57,30],[-33,-4],[-13,-40],[35,-37],[21,-63],[5,-114],[14,-42],[43,-64],[48,-36],[56,-70],[32,-76],[-14,-51],[-120,-75],[-80,3],[-18,-56],[63,-58]],[[25682,17688],[0,-1]],[[25682,17687],[-92,66],[-80,90],[-80,53],[-418,126],[-83,18]],[[25405,19077],[50,21],[81,0],[-11,31],[91,18],[19,-58],[34,-45],[70,-1],[46,26],[70,79],[50,-5],[-29,44]],[[25876,19187],[78,-37],[33,54],[57,65],[-61,66],[-27,48],[34,19],[21,49],[23,12],[20,-52],[63,24],[11,-25],[66,-13],[112,32],[116,45],[-27,46],[23,58]],[[26418,19578],[70,-89],[19,-52],[31,-35],[18,-43],[-2,-50],[-24,-115],[5,-45],[-15,-73]],[[26520,19076],[-140,30],[-78,-7],[-68,-60],[28,-24],[2,-50],[-75,-29],[-91,-4],[-37,-19],[-56,-62],[-15,-61],[-58,-32],[-52,-12]],[[25608,19745],[24,-92],[-16,-17],[30,-47],[122,-265],[108,-137]],[[26126,20112],[46,-100]],[[26172,20012],[105,-176],[69,-88],[10,-34],[43,-55],[19,-81]],[[20747,18241],[24,-75],[33,-34],[224,-97],[107,-4],[35,-16]],[[21170,18015],[-54,-49],[70,-36],[-76,-159],[-40,18],[-16,-34],[-33,16],[-75,-159],[-39,-12],[-43,7],[-22,-46]],[[20842,17561],[-117,-31],[-14,38],[-39,-1],[-62,-57],[-39,29]],[[21170,18015],[47,-36],[113,-54],[82,-83],[70,-56],[63,-68]],[[21545,17718],[131,-77],[67,-80]],[[21743,17561],[-61,-63],[-67,-42],[10,-30],[-27,-53],[-35,-102],[-46,-50],[-46,-29],[-37,-42],[-29,-63],[-52,-48]],[[21353,17039],[-11,-7]],[[21342,17032],[-47,57],[-38,89],[46,92],[-143,78],[-58,-36],[-45,17],[-57,1]],[[21000,17330],[-12,51],[-73,-27],[-3,20],[-70,187]],[[21000,17330],[-16,-48],[-74,-62],[-52,-69],[17,-54],[-21,-44],[-43,-20],[-61,-5],[-47,-18],[-103,57],[-25,24]],[[21342,17032],[-47,-25],[-33,-49],[8,-37],[69,-31],[44,-46],[71,-23],[53,-29],[-7,-61],[-95,-171]],[[21405,16560],[-100,32],[-72,-26],[-30,4]],[[21203,16570],[-50,60],[-41,17],[-98,78],[-534,131]],[[21353,17039],[47,-13],[41,-40],[-20,-42],[37,-29],[28,36],[52,-10],[5,-42],[108,-43],[10,-13],[71,-8],[91,-33],[76,-65],[70,-12],[209,97],[53,-112]],[[22231,16710],[-81,-141],[-7,-67],[-51,-97],[-7,-32]],[[22085,16373],[-111,35],[-83,69],[-48,7],[-78,-13],[-57,45]],[[21708,16516],[-79,36],[-187,-19],[-37,27]],[[21743,17561],[45,-63],[135,-141],[42,-32]],[[21965,17325],[53,-46],[48,-92],[82,-90],[13,-41],[4,-102],[56,-96]],[[22221,16858],[18,-118],[-8,-30]],[[21154,18347],[10,-44],[39,-44],[77,-23],[80,-80],[37,31],[10,-48],[30,7],[3,-58],[64,-41],[64,-57],[87,-52],[-19,-51],[-27,-5],[-64,-164]],[[21639,18390],[12,-15],[14,-94],[15,-39],[48,-50],[-16,-15],[104,-90],[176,-135],[175,-102],[66,-21]],[[22233,17829],[-19,-69]],[[22214,17760],[-86,18],[-56,-8],[-53,-38],[-67,-3],[-30,-14],[-49,-50],[-40,-66],[-90,-38]],[[22238,18391],[3,-51],[112,-143],[59,-107],[-12,-6],[91,-112],[-109,17],[-66,-22],[-72,-94],[-11,-44]],[[23124,18094],[-65,-67],[-63,-20],[-171,36],[-67,59],[-29,42],[-33,80],[-34,17],[-81,-6],[-99,10]],[[22998,17792],[-60,-151],[-57,-32],[-35,11],[-50,-36]],[[22796,17584],[-91,21],[-157,18],[-48,17],[-135,91],[-45,15],[-62,0],[-44,14]],[[22796,17584],[54,-19],[19,-46],[4,-71],[-18,-65],[-30,-5]],[[22825,17378],[-235,79],[-6,-23],[-66,-29],[28,-31],[-37,-80],[0,-32],[-87,-34],[-39,8],[-1,61],[-58,13],[-58,78],[-52,4],[-58,-10],[-12,31],[-76,-28],[-37,15],[-9,-63],[-35,36],[-22,-48]],[[23458,17728],[-42,-128],[-42,-35],[-15,-64],[-71,-11],[-62,-73],[-76,-41],[-47,5],[2,-175],[-9,-62],[-32,-37],[-94,-22],[-31,-20],[-71,34]],[[22868,17099],[-22,40],[5,50],[27,22],[-24,89],[-29,78]],[[22868,17099],[-78,-119],[-13,-35],[-4,-81],[-51,-57],[-40,-99]],[[22682,16708],[-98,-64]],[[22584,16644],[-71,87],[-42,25],[-102,7],[-73,26],[-75,69]],[[23710,17614],[-75,-121],[7,-52],[-88,11],[-8,-53],[91,-123],[16,-47],[-30,-98],[-33,-73]],[[23590,17058],[-44,26],[-75,70],[-29,17],[-130,42],[-27,-127],[-19,-36],[-37,-26],[-69,-22],[-45,-30],[-71,-65],[-83,-43],[-26,-30],[-19,-48],[-31,-35],[-33,-15],[-87,-3],[-83,-25]],[[24021,17527],[-6,-119],[-31,-243],[-13,-61],[16,-64],[57,-134],[59,-113],[34,-136],[-5,-53],[-24,-59]],[[24108,16545],[-24,7],[-79,-77],[19,-64],[-49,-5],[-20,62],[-37,0],[-13,31],[-66,5],[9,31],[52,5],[23,28],[-100,2],[-35,62],[-58,-4],[-58,23],[27,39],[-19,34],[-56,10],[-32,42],[39,60],[-18,170],[-23,52]],[[24108,16545],[14,-96],[-11,-59],[-47,-88]],[[24064,16302],[-70,-17],[-57,-1]],[[23937,16284],[-116,-6],[-68,-18],[-32,-22],[-48,-9],[-76,-82],[-46,-25],[-26,39]],[[23525,16161],[-39,38],[-85,43],[-12,22],[-56,31],[-76,23],[-194,18],[-64,42],[-67,23],[-73,76],[-36,10],[-103,4],[-54,41],[-82,112]],[[24032,17531],[86,19],[89,3],[121,-11],[46,-45],[146,35],[49,47],[105,56]],[[24674,17635],[-35,-32],[-4,-66],[8,-43],[-31,-65],[-4,-40],[105,-102],[75,-4],[51,-12]],[[24839,17271],[-51,-83],[-9,-69],[-17,-52],[-25,-25],[-12,-48],[56,-72],[128,-64],[45,-44],[21,-64],[-3,-65],[18,-3],[15,-128],[-10,-101],[-45,-55],[-45,-89]],[[24905,16309],[-70,27],[-54,-38],[-135,-13],[-93,-44],[-82,2],[-48,30],[-25,-4]],[[24398,16269],[-50,-1],[-15,19],[-62,-10],[-84,74],[-66,-16],[-2,-41],[-55,8]],[[24725,18123],[-60,-102],[-10,-74],[-24,-48],[-4,-72],[46,-153],[1,-39]],[[25682,17687],[20,-66]],[[25702,17621],[-82,82],[-10,-21],[-58,-32],[-24,42],[-23,-22],[-41,-1],[-48,-45],[-71,14],[-64,39],[-36,-40],[-34,-10],[-47,-51],[-53,-16],[25,-41],[-3,-34],[-42,-38],[-40,-9],[-13,28],[-48,-5],[-108,-39],[-21,-38],[17,-52]],[[24878,17332],[-10,-39],[-29,-22]],[[25702,17621],[-8,-43],[62,-133],[62,-45],[65,-26],[141,-39],[83,18]],[[26107,17353],[-17,-82],[-70,-60],[6,-53],[-33,-22],[2,-43]],[[25995,17093],[-79,-54],[-50,-8],[-94,32],[-73,-20],[-30,6],[-30,32],[-46,-5],[-82,50],[-102,72],[-83,89],[-41,25],[-112,38],[-54,6],[-111,-51],[-45,27],[-85,0]],[[25995,17093],[4,-49],[20,-25],[42,-10],[10,-36],[67,-16],[37,-28],[-54,-61],[-67,-12],[-59,-27],[2,-86]],[[25997,16743],[-31,2],[-21,-43],[-50,-32],[5,-142],[-107,-39],[-71,-13],[-7,-32],[-59,-14],[-35,53],[-57,-6],[-11,-18],[-100,-31],[-28,-23],[-77,-23],[-30,23],[-87,-26],[36,-75],[-164,-192],[-65,-50]],[[25038,16062],[-26,43],[-12,48],[-39,81],[-56,75]],[[25997,16743],[48,-13],[69,-103],[2,-50],[71,-86],[-7,-50],[-70,29],[-69,-88],[-17,-40],[-5,-78],[-39,-56],[3,-36],[33,-33],[-1,-50],[-42,-41],[-52,-14],[-35,8],[-54,-14],[-39,-26],[-20,-43],[-38,8],[-23,37],[-27,6],[-59,-18],[-66,-82],[-58,-41],[23,-74],[82,-44],[41,-93],[-10,-17]],[[25638,15641],[-19,-70],[-66,-59]],[[25553,15512],[22,76],[-20,58],[-39,47],[-28,17],[-86,80],[-68,52],[-38,59],[-75,41],[-60,17],[-15,19],[-55,1],[-46,55],[-7,28]],[[25553,15512],[8,-79],[-79,-57],[-19,-43],[-80,-65],[-62,17],[-49,-3],[-26,-79],[-5,-48],[34,-71],[6,-61],[-8,-41],[-67,-50],[-54,-13],[-36,-49],[-56,-6],[-14,-76],[-50,-82],[-55,-31],[-92,-13],[-20,-27]],[[24829,14635],[-4,-65],[-72,-23],[-36,45],[4,79],[-66,78],[-50,45],[-68,31]],[[24537,14825],[18,105],[5,73],[-18,39],[19,38],[-3,53],[-49,78]],[[24509,15211],[14,58],[2,70],[21,4],[42,-30],[13,21],[46,-27],[24,67],[69,27],[16,122],[-19,104],[-32,86],[-5,94],[-20,54],[-79,45],[-59,55],[-125,256],[-19,52]],[[24509,15211],[-52,69],[-69,19],[-22,39],[-71,39]],[[24295,15377],[-36,22]],[[24259,15399],[-58,72],[-25,53],[44,101],[-32,50],[-6,41],[-23,9],[-29,62],[4,89],[-50,68],[-16,57],[6,66],[-12,37],[0,80],[-32,23],[-53,15],[-22,57],[-18,5]],[[24259,15399],[-88,66],[-110,29],[-35,-10],[-40,26],[-63,66],[-32,53],[-60,39],[-79,32]],[[23752,15700],[-28,28],[-19,50],[19,30],[-29,22],[-37,107],[-28,36],[2,29],[-39,77],[-51,10],[-20,21]],[[23522,16110],[3,51]],[[24537,14825],[-52,-46],[-5,-56],[13,-69],[-44,-24],[-56,0],[-42,15],[-73,-22],[-84,-8],[-68,-61],[-68,7],[-40,-12],[-30,14],[-160,38],[-50,52],[-59,-6],[-75,-28],[-76,58],[-92,45]],[[23476,14722],[28,128],[20,40],[-26,47],[21,10],[17,73],[-26,127],[52,50],[0,51],[-23,52],[-23,16],[26,57],[31,-7],[16,-37],[31,-2],[69,49],[33,-3],[42,-29],[58,-15],[66,-43],[33,-10],[103,2],[30,-28],[49,31],[3,38],[41,4],[77,66],[58,-28],[13,16]],[[23476,14722],[-65,11],[-16,-12],[-108,-3],[-49,10]],[[23238,14728],[-42,-9],[-43,53],[2,26],[-47,66],[-17,61],[4,65],[-30,32],[-23,60],[-7,73],[-58,18],[-82,47]],[[22895,15220],[80,59],[22,43],[13,82],[38,65],[36,124]],[[23084,15593],[34,9],[117,-61],[32,7],[39,-18],[91,-84],[32,24],[67,-6],[96,51],[36,31],[60,16],[3,39],[46,61],[15,38]],[[18878,16561],[220,21]],[[19098,16582],[38,16],[-1,-58],[43,-75],[0,-40],[22,-163]],[[19200,16262],[-187,-19],[-4,42],[-102,-11]],[[18907,16274],[-29,287]],[[19200,16262],[11,-108]],[[19211,16154],[8,-77],[-16,-80],[-28,-47]],[[19175,15950],[-30,-39]],[[19145,15911],[-59,-14],[-82,68],[-30,54],[-48,128]],[[18926,16147],[-19,127]],[[19145,15911],[-7,-9]],[[19138,15902],[-56,-37],[-37,2],[-70,-65],[-21,-36],[-60,-180]],[[18894,15586],[-29,24],[-11,60],[-46,15],[-59,-3],[-62,49]],[[18687,15731],[-35,207],[-36,84],[12,41],[-15,47]],[[18613,16110],[109,17],[204,20]],[[18669,16615],[61,-36],[5,-33],[143,15]],[[18613,16110],[-27,35],[-40,7],[-53,48],[-27,43]],[[18853,17074],[6,-19],[12,-158],[-47,-122],[12,-48],[58,5],[-5,49],[143,14],[66,-213]],[[19216,16631],[86,-176],[138,-176]],[[19440,16279],[-147,-116],[-82,-9]],[[19440,16279],[347,-430]],[[19787,15849],[-39,-251]],[[19748,15598],[-84,34],[-178,33],[-27,13],[-233,197],[-51,75]],[[19138,15902],[-5,-36],[49,-98],[36,-30],[63,-110],[45,-106],[95,-323]],[[19421,15199],[4,-48],[-10,-70],[-138,-48],[-23,-86]],[[19254,14947],[-27,89],[-126,219],[-21,-19],[-109,-68],[-186,-29]],[[18785,15139],[-17,-3]],[[18768,15136],[-15,101],[106,248],[35,101]],[[19748,15598],[-72,-478],[25,-49]],[[19701,15071],[-43,-39],[-54,1],[18,56],[-39,49],[-71,18],[-58,2],[-2,38],[-31,3]],[[19701,15071],[29,-46],[-24,-117]],[[19706,14908],[-76,-64],[-10,-44],[51,-194]],[[19671,14606],[-39,-116]],[[19632,14490],[-299,240]],[[19333,14730],[-39,63],[-40,154]],[[19632,14490],[-4,-5]],[[19628,14485],[6,-21],[-170,-130],[-98,-63],[-76,-34],[-34,-40],[-101,-21],[-76,-31]],[[19079,14145],[-62,36],[49,138],[-35,20],[11,61],[36,69],[-3,116],[96,59],[10,32],[67,29],[48,5],[37,20]],[[19079,14145],[-11,-30],[-40,-30],[-49,4],[-46,-12],[-105,-80],[-61,-19],[-64,-38],[-72,76]],[[18631,14016],[26,16],[57,92],[-25,115],[32,98],[-14,73],[41,94],[2,27],[-40,56],[-2,39]],[[18708,14626],[61,16],[17,44],[11,72],[55,85],[3,56],[-34,99],[-36,141]],[[18631,14016],[-28,21],[-78,-38],[-8,-30],[-76,-42],[-12,-27],[-74,68],[-43,-12],[-12,-121],[3,-96],[-9,-88],[-33,-43],[-10,-37],[-49,-30],[-18,-32]],[[18184,13509],[-5,9]],[[18179,13518],[-46,87],[-20,114],[87,54],[-39,84],[-32,41],[-8,40],[-33,9],[-20,169]],[[18068,14116],[44,-8],[10,53],[55,-21],[4,160],[93,2],[60,-17],[38,78],[-47,75],[-50,153],[0,81]],[[18275,14672],[64,51],[165,40],[64,-40],[48,22],[46,-25],[33,-1],[26,-35],[-13,-58]],[[18247,15227],[34,6],[13,-82],[66,-24],[119,-25],[52,-2]],[[18531,15100],[237,36]],[[18275,14672],[-79,2],[-19,-13],[15,333]],[[18288,15796],[36,-9],[66,-63],[82,-30],[39,22],[123,-30]],[[18634,15686],[-59,-52],[-6,-33],[19,-86],[-24,-111],[-31,-42],[-51,-47],[-8,-32],[57,-183]],[[18687,15731],[-53,-45]],[[19407,16621],[60,-130],[66,-67]],[[19533,16424],[-7,-38],[-31,-26],[69,-86],[60,-40],[102,-125],[39,-67],[30,-18]],[[19795,16024],[7,-34],[-19,-48],[4,-93]],[[20292,16648],[7,-33],[-96,-11],[78,-200],[126,-150]],[[20407,16254],[-45,-27],[-35,-4],[-33,23],[-74,24],[-44,40],[-86,11],[-439,69],[-55,-24],[-63,58]],[[20407,16254],[27,-27],[69,-28],[73,-44],[39,-35],[68,-38]],[[20683,16082],[-4,-65],[26,-14],[-14,-51],[-33,-40],[0,-102],[19,-25]],[[20677,15785],[-61,-74],[-33,-59],[-72,-47],[-45,7],[-235,152],[-96,75],[-207,134],[-85,25],[-48,26]],[[20460,16669],[7,-38],[155,-33],[113,-53],[118,-107],[93,-122]],[[20946,16316],[-24,-24],[-27,36],[-35,-62],[17,-8],[-159,-145],[-40,23],[5,-54]],[[21203,16570],[20,-26],[51,-111],[-125,-298]],[[21149,16135],[-106,112],[-97,69]],[[21149,16135],[53,-39],[170,-56],[108,-72]],[[21480,15968],[-24,-51],[54,-36],[52,0],[48,-69],[-77,-112],[-16,-44],[63,-83],[5,-18]],[[21585,15555],[-24,-8],[-184,7],[-57,-30],[-32,19],[-75,-10],[-113,70],[-58,44],[-159,102],[-60,77],[-43,-15]],[[20780,15811],[-31,16],[-46,-11],[-26,-31]],[[22137,15720],[35,-31]],[[22172,15689],[1,-77],[26,-50],[68,-76],[7,-45],[-95,-186],[19,-68],[-3,-26]],[[22195,15161],[-33,-1]],[[22162,15160],[-47,-7],[-115,68],[-56,65],[-51,95],[-53,24],[-35,2],[-59,30],[-42,56]],[[21704,15493],[16,45],[66,16],[43,-32],[80,7],[44,48],[13,56],[136,-28],[-31,54],[66,61]],[[21480,15968],[183,-28],[63,3],[121,-18],[15,20],[66,-16]],[[21928,15929],[-8,-15],[70,-43],[26,12],[54,-78],[-22,-12],[34,-59],[27,9],[28,-23]],[[21704,15493],[-51,15],[-25,42],[-43,5]],[[21708,16516],[-26,-79],[-30,-44],[36,-63],[-12,-70],[73,-108],[63,-4],[50,26],[25,-122],[36,-44],[5,-79]],[[22085,16373],[1,-118],[130,-59],[12,-31],[58,-23],[56,-2],[31,11],[35,39],[47,2]],[[22455,16192],[-52,-258],[15,-52],[-33,-132],[-55,-47]],[[22330,15703],[-62,-22],[1,-23],[-97,31]],[[22330,15703],[-24,-37],[198,83],[211,58],[47,-15],[32,-42],[15,-67],[-56,-1],[46,-175],[32,-55],[11,-138],[-19,-89]],[[22823,15225],[-49,30]],[[22774,15255],[-42,3],[-31,-37],[-88,-24],[-55,12],[-26,-38],[-89,35],[-43,-19],[-47,37],[-45,-2],[-81,-56],[-32,-5]],[[22895,15220],[-37,15],[-35,-10]],[[22455,16192],[24,14],[14,-72],[65,-108],[112,-83],[79,22],[-16,47],[129,100],[-31,39],[77,62],[-8,13]],[[22900,16226],[68,15],[79,-47],[116,-89],[77,8],[63,-24]],[[23303,16089],[-44,-48],[-12,-30],[-26,-162],[-29,-44],[-12,-44],[-29,-43],[-86,-69],[19,-56]],[[22231,16710],[43,-2],[72,-34],[81,-60],[125,-42],[29,-68],[50,-67],[112,-123],[85,-80],[41,8],[31,-16]],[[23522,16110],[-150,-21],[-69,0]],[[16519,15313],[102,-81],[48,-55],[76,-137],[93,-112],[82,-77],[36,72]],[[16956,14923],[-8,-136],[-11,-21],[-126,-147],[-6,-27],[33,-62],[3,-62]],[[16841,14468],[-53,65],[-53,42],[-19,30],[-37,121],[-60,82],[-83,67],[-75,73],[-45,87],[-50,35]],[[16635,15499],[17,-12],[379,-319],[70,-76],[27,-51],[39,-19]],[[17167,15022],[-44,-18],[-111,-29]],[[17012,14975],[-29,-14],[-27,-38]],[[17176,15385],[-12,-43],[23,-277],[-20,-43]],[[17628,14952],[-55,-44],[-9,-61],[23,-37],[-3,-40],[-38,-10]],[[17546,14760],[-90,-23],[-77,28],[9,38],[-8,49],[-28,24],[-119,-13],[-221,112]],[[17546,14760],[3,-34],[-49,-95],[-27,0],[-57,-38],[-73,-11],[-48,-51]],[[17295,14531],[-18,-7],[-37,58],[-29,66],[-52,27],[-60,-71],[-59,-55],[-47,-20],[6,-21],[-80,-21],[-26,-35],[-34,-9]],[[16859,14443],[-18,25]],[[17295,14531],[163,-177],[64,-88],[69,-34],[25,-30]],[[17616,14202],[11,-136],[-45,-2],[-60,-84],[-7,-38],[-84,92],[-54,-46],[-48,53],[-32,-18],[-129,-29],[-23,-53]],[[17145,13941],[-5,29],[-182,205],[-60,195],[-39,73]],[[17665,14897],[115,-77],[46,-3],[10,-106],[-6,-140],[11,-118],[35,-79],[-10,-68],[63,-25],[-23,-41]],[[17906,14240],[-37,-63],[-14,-67],[-38,-57],[-24,13],[-64,-1],[-6,56],[-93,57],[-14,24]],[[18068,14116],[8,103],[-37,15],[-26,-47],[-107,53]],[[18179,13518],[-9,-29]],[[18170,13489],[-48,-20],[-31,-45],[-54,53],[-82,42],[-115,31],[-31,-13],[-29,29],[-27,-23],[-46,79],[-97,60],[-24,-14],[-60,11],[-25,30],[-39,17],[-69,53]],[[17393,13779],[-85,44],[-39,6],[-11,-50],[-43,37],[-69,97],[-1,28]],[[17393,13779],[-30,-57],[15,-44],[-37,-94],[-89,-120],[21,-22],[-43,-42]],[[17230,13400],[-39,31],[-80,25],[-119,83]],[[16992,13539],[-71,62],[-91,36],[-23,36],[-33,12],[-100,59]],[[16674,13744],[-39,127],[-22,266],[11,36]],[[16624,14173],[199,268],[18,27]],[[18170,13489],[10,-71],[-8,-47],[18,-14],[-2,-96],[-44,-19],[-42,-37],[-9,-28],[20,-73],[-26,-120],[-35,-27],[-21,-39],[17,-47]],[[18048,12871],[-10,-28],[-42,-25],[-64,5],[-46,-30],[-51,-5],[-59,-37]],[[17776,12751],[-28,83]],[[17748,12834],[-8,66],[10,84],[-41,66],[-33,29],[-64,11],[-382,310]],[[17748,12834],[-25,-9],[-27,53],[-70,13],[-30,-8],[-19,70],[-60,42],[-42,57],[6,27],[-259,-162],[-48,25],[-96,-9],[-57,19],[-46,-3],[-37,19]],[[16938,12968],[-10,85],[13,33],[-8,52],[15,85],[-26,11],[-5,96],[28,129],[-19,52],[66,28]],[[16260,14107],[-16,-95],[4,-61],[-29,-49],[-6,-67],[46,-51],[89,-223],[59,-88],[23,-52],[33,-131]],[[16463,13290],[-137,-116],[-84,-86],[-58,-71],[-57,-39]],[[16127,12978],[-93,170],[-23,31],[-104,112]],[[15907,13291],[-53,84],[-205,363]],[[15649,13738],[74,49],[106,100]],[[15829,13887],[127,43],[238,131],[66,46]],[[16674,13744],[12,-59],[-5,-113],[15,-92],[-50,-97],[-26,-27],[-157,-66]],[[16260,14107],[46,32]],[[16306,14139],[98,75],[25,9],[118,-25],[36,-25],[41,0]],[[16938,12968],[-56,-84],[-121,-87],[-44,2],[-17,-29]],[[16700,12770],[-4,80],[-19,44],[-63,61],[-17,50],[-4,81],[-53,108],[-54,47],[-23,49]],[[16700,12770],[-43,-44],[-32,-11],[-93,1],[3,-38],[-23,-40],[-32,-6],[-30,-73]],[[16450,12559],[-25,13]],[[16425,12572],[-74,57],[-53,75],[-125,204],[-46,70]],[[17776,12751],[-28,-23],[-83,-41],[-46,-3],[-60,29],[-23,-42],[-50,-61],[-67,-111],[-216,-142],[-86,-30],[-208,-43]],[[16909,12284],[-24,107],[-19,32],[-66,36],[-176,35],[-88,28],[-86,37]],[[18048,12871],[80,-11],[4,-52],[28,-24],[-2,-85],[89,-52],[2,-42],[20,-45]],[[18269,12560],[31,-16],[32,-63],[69,31],[8,-59],[-8,-33]],[[18401,12420],[42,-27],[49,-55],[95,-9],[42,-34],[23,-72],[-39,-59],[-58,-50],[-129,-76],[-49,-17],[-61,2],[-92,-96],[-71,-65],[-124,-140],[-130,-80],[-196,-59],[-115,-41],[-37,-32]],[[17551,11510],[-24,8]],[[17527,11518],[-172,217],[-115,118],[-73,67]],[[17167,11920],[-155,143],[-59,96],[-44,125]],[[15907,13291],[-106,-79],[-49,104],[-48,9],[-71,-11],[-54,76],[-60,3],[-393,130],[-4,28]],[[15122,13551],[70,65],[12,51]],[[15204,13667],[72,298],[18,32],[55,29]],[[15349,14026],[37,-33],[115,-79],[53,-44],[50,-62],[45,-70]],[[16127,12978],[-55,-57],[-36,-129],[-48,-119],[-39,-169]],[[15949,12504],[-32,-136],[-137,-1],[-43,-38],[-133,-61],[-163,-60],[-150,-38]],[[15291,12170],[12,41],[-2,112],[-22,69],[-122,260],[-28,54],[-1,69],[44,149],[8,106],[-3,77],[-19,120],[-26,201],[-24,76],[14,47]],[[15949,12504],[42,-204],[-18,10],[-37,-70],[27,-119],[-74,-54],[-64,19],[-43,-56],[53,-47],[-31,-21],[24,-65],[-18,-21],[-6,-63],[128,-72],[-27,-30],[-56,-3]],[[15849,11708],[-52,-69],[3,-88],[-64,-15],[-127,-95],[-45,-22],[-27,11],[-27,-30],[-43,-12],[10,-86],[17,-35],[67,-68],[69,-31],[23,5],[21,-68],[-47,-47],[-99,-114],[-99,39],[-32,0],[-102,85],[-27,36],[-65,5],[-111,89]],[[15092,11198],[18,59],[1,62],[-11,218],[6,96]],[[15106,11633],[13,224],[18,68],[54,97],[100,148]],[[16425,12572],[-78,-279],[-89,-334],[-4,-58],[12,-173]],[[16266,11728],[-27,-46],[-58,32],[-25,-89],[-87,-16],[-42,16],[-95,0],[-83,83]],[[17167,11920],[-84,-101],[-57,-81],[-73,-143]],[[16953,11595],[-32,-21],[-120,-16],[-55,-40],[-99,-47],[-27,1],[-75,-95],[-33,-71],[-73,-53],[-52,36],[-24,76],[3,57],[22,76],[-42,102],[-72,65]],[[16274,11665],[-8,63]],[[16274,11665],[1,-69],[-10,-48],[-38,-76],[-358,-479]],[[15869,10993],[-57,-84],[-101,-242],[-52,-134],[-15,-88],[-1,-235]],[[15643,10210],[-64,71],[-97,15]],[[15482,10296],[-156,-4],[-100,-9],[-29,35],[45,37],[-22,38],[4,52],[-14,15],[20,43],[-8,47],[-21,33],[-56,50],[18,72],[-18,104],[-17,157],[-60,204]],[[15068,11170],[24,28]],[[15869,10993],[102,-116],[21,-40],[34,-24],[26,-88],[98,9],[52,-51],[41,-14],[31,-47]],[[16274,10622],[-22,-37],[-30,-6],[-18,-69],[-46,-46],[11,-15],[-48,-132],[-43,-67],[-15,-59],[-28,-42],[-25,-83],[15,-58],[45,-108],[25,-39]],[[16095,9861],[-66,-29],[-94,19],[-5,144],[5,58],[-75,-31],[-49,-1],[-131,75],[-37,11]],[[15643,10107],[0,103]],[[16953,11595],[-82,-164],[-50,-141],[-4,-77],[-51,-62],[-42,-87],[-46,-69],[-91,-103],[-56,-27],[-76,-67],[-57,-71]],[[16398,10727],[-124,-105]],[[17527,11518],[47,-172],[35,-90],[19,-76],[55,-332],[15,-109],[22,-76],[25,-45],[99,-120]],[[17844,10498],[-348,-122]],[[17496,10376],[-32,45],[-101,110],[-161,14],[-43,-1],[-56,24],[-67,69],[-75,7],[-33,14],[-55,48],[-136,-32],[-54,10],[-89,66],[-52,7],[-120,-35],[-24,5]],[[17496,10376],[-34,-13],[3,-146],[-13,-75],[1,-88],[-119,-21],[-54,-54],[8,-33],[-131,-6],[-18,-77],[-31,22],[-41,-31],[-62,-3],[-6,-46],[-56,-4],[-113,30],[-66,57],[-56,7],[-52,-11],[29,-82],[58,-99],[-14,-81],[37,-18],[59,-4],[4,-18],[-25,-80],[-46,-14],[-27,20],[-109,18],[-66,-70],[-29,43],[6,36],[-44,11],[-68,-27],[-61,3],[2,65],[27,42],[-33,37],[-126,-16],[-21,12],[-23,64],[-6,55],[-19,63],[-39,36],[-27,-19]],[[17844,10498],[413,-522],[146,-183],[51,-83],[22,-74],[-1,-238]],[[18475,9398],[-1,-352],[-4,-341],[-30,-181],[-12,-25],[-92,-88],[-149,-179],[-42,-78],[-10,-73],[4,-85],[-29,-65],[-3,-84]],[[18107,7847],[-116,-17],[-138,-42],[-92,-50],[-99,-65],[-91,-79],[-87,-85],[-57,-36],[-70,-19],[-138,15],[-92,35],[-65,49],[-68,17],[-102,2],[-111,-22],[-80,13],[-55,-31],[-12,-79],[-96,4],[-41,-17],[-65,-67],[-38,-8],[-60,14],[-90,97],[-14,96],[-50,123],[-11,78],[-14,179],[-11,48],[-55,166],[-102,216],[-36,123],[-2,101],[56,225],[-5,104],[-101,292],[-54,148],[-113,330],[-76,214],[-12,84],[-1,104]],[[15482,10296],[-5,-28],[-81,2],[-119,-28],[-41,-45],[-58,-88],[8,-29],[80,-16],[93,-44],[-63,-66],[1,-48],[-55,-70],[-6,-49],[-29,-3],[-41,34],[-63,18],[-45,-15],[-48,-48],[-49,30],[-88,-17],[-40,-63],[7,-36],[-44,-23],[-41,29],[-61,-13],[-34,15],[-67,-10],[-76,-61],[-42,54],[-7,50],[-67,19],[-55,-28],[-48,-7],[-45,31],[-18,-40],[-43,-39],[-47,-67],[-59,-34],[-71,-3],[-66,-43],[50,-70],[29,-102],[83,-124],[23,-88],[-39,-40],[-43,-122],[-3,-31],[-94,-121],[-11,-57],[11,-110],[-5,-89],[49,-86],[46,-13],[10,-24],[-18,-58],[-39,-37],[-36,-17],[-30,-45]],[[13932,8283],[-17,12],[-55,85],[-88,47],[-27,27]],[[13745,8454],[-58,57],[-22,-8],[-71,44],[-106,75],[-61,31],[-123,18],[-81,37],[-94,9],[-107,24],[-35,-21],[-54,22],[-102,23],[-26,64],[6,62],[31,46],[-1,56],[10,54],[36,4],[26,39],[74,36],[-13,59],[41,72],[44,57],[44,29],[20,36],[54,38],[26,32],[-32,52],[45,25],[16,44],[-47,5],[7,49],[-53,160],[8,79],[20,56],[33,53],[29,26],[59,23],[112,23],[38,16],[54,62],[73,106]],[[13565,10228],[67,43],[66,16],[64,65],[34,78],[24,122],[2,88]],[[13822,10640],[69,34],[36,49],[17,62],[-3,153],[7,99],[14,50],[50,71],[54,31],[89,20],[144,-11],[110,-31],[73,-52],[82,-78],[37,-13],[61,2],[204,84],[167,42],[35,18]],[[18107,7847],[33,-178],[53,-252],[23,-52],[76,-62],[153,-75],[64,-55],[129,-78],[55,-44],[13,-37],[1,-69],[-14,-150],[10,-21],[22,-152],[16,-60],[-46,-85],[13,-35],[-28,-156],[-13,-28],[13,-58],[-1,-64],[40,-112],[17,-91],[20,-35],[-11,-47],[16,-97],[34,-37],[16,-68],[-4,-38],[19,-43]],[[18826,5568],[-860,-215],[3,49],[-20,90],[-85,195],[-44,63],[-73,71],[-43,55],[-71,133],[-25,63],[-9,75],[-1502,51],[-577,174],[-1114,338],[-254,91],[-96,31],[-68,-17],[-58,7],[-34,-41],[-28,-6],[-50,15],[-86,-2],[-40,43],[-45,15]],[[13647,6846],[0,369],[-40,40],[-42,67],[-29,30],[10,79],[-15,16],[22,74],[-15,78],[-20,22],[1,46],[46,20],[62,-20],[42,-35],[53,-19],[29,11],[103,6],[62,-8],[22,18],[76,19],[3,30],[37,68],[-13,38],[23,57],[2,35],[-22,46],[-71,-8],[-3,46],[60,48],[19,48],[13,95],[-19,42],[-111,79]],[[18826,5568],[127,31],[-76,-112],[-34,-28],[38,-69],[-3,-126],[46,-1],[48,-18],[3,-30],[-39,-72],[-3,-38],[30,-39],[2,-90],[-49,-51],[0,-23],[32,-39],[10,-52],[-44,4],[-27,-16],[-8,-60],[-39,-14],[-9,-31],[-32,-12],[-62,28],[-14,-101],[14,-59],[33,-52],[50,-3],[27,-40],[53,7],[47,32],[49,-7],[38,-49],[-23,-66],[-29,-25],[12,-42],[42,-76],[-22,-36],[12,-36],[-9,-54],[-45,-12],[-28,-39],[-33,-9],[1,-31],[102,-82],[21,-4],[2,-96],[20,-30],[-70,-56],[17,-32],[-42,-12],[48,-115],[-38,-34],[-45,-12],[12,-31],[-36,-22],[-10,-43]],[[18893,3443],[-6,-64],[-34,-6],[-2,45],[-81,40],[-27,-29],[-42,11],[-64,-64],[-14,-38],[-77,-19],[-41,3],[-24,-39],[-86,-9],[-4,-26],[-82,-32],[-23,-28],[-88,-44],[-54,-36],[15,-34],[16,-96],[38,-56],[10,-33],[-1,-85],[7,-59],[35,-16],[54,-49],[36,-7],[-9,-38],[-58,-38],[-74,-15],[-19,-50],[-25,-21],[-62,21],[-58,-41],[-18,-64],[-27,-21],[-70,-2],[-35,-30],[-122,-41],[-73,-59],[-33,20],[-23,63],[-43,82],[-52,41],[-66,78],[-79,39],[-32,59],[-54,70],[-111,4],[-80,-7],[-122,-31],[-56,19],[-60,-31],[-149,73],[-49,62],[-28,74],[-30,28],[-68,-2],[-33,-51],[-31,-26],[-69,9],[-74,0],[-34,-29],[-30,-54],[-81,-53],[-82,-69],[-130,-47],[-35,20],[-57,10],[-57,-12],[-32,-50],[-34,-32],[-81,-18],[-23,-50],[-39,-28],[-87,12],[-80,39],[-32,55],[-105,-45],[-59,-3],[-129,-40],[-61,8],[-67,26],[-52,32],[-51,53],[-89,-19],[-74,18],[-25,-9],[-13,-38],[-38,-24],[-129,-14],[-4,-39],[-52,-37],[-38,23],[-89,-35],[-37,-50],[-56,-104],[-51,-56],[-49,-12],[-27,-39],[-19,-56],[-69,-9],[-48,28],[-50,-32],[-17,-49],[-28,-22],[-56,6],[-26,16],[-10,45],[-59,45],[-19,70],[26,30],[94,48],[86,67],[-3,94],[37,37],[19,63],[-1,51],[52,54],[10,53],[67,19],[4,51],[56,61],[2,47],[23,46],[42,50],[-29,22],[1,44],[54,13],[19,18],[26,64],[31,17],[2,75],[-19,24],[-91,0],[-32,57],[-58,58],[-49,27],[-34,70],[35,52],[-24,49],[-52,51],[-46,17],[-62,-26],[-47,36],[-31,-19],[-25,13],[-15,41],[-58,75],[-43,42],[29,89],[-23,30],[22,87],[-47,15],[-64,-4],[-67,34],[-36,4],[-48,46],[-36,19],[4,56],[-13,30],[-35,21],[-41,64],[-87,34],[-30,-4],[-42,-57],[-50,-19],[-54,18],[-49,80],[-24,20],[-108,54],[-37,5],[-104,-28],[-45,-3],[-29,18]],[[12705,4379],[-15,57],[12,63],[-35,69],[-11,62],[10,52],[-70,212],[-19,88]],[[12577,4982],[-2,63],[27,25],[-60,25],[20,66],[-22,66],[20,60],[-25,28],[9,101],[21,54],[39,39],[79,127],[5,52],[41,47],[22,44],[7,68],[-9,73],[26,12],[-41,44],[-27,-13],[-42,173]],[[12665,6136],[66,-28],[75,-4],[51,-43],[18,-50],[-1,-80],[26,-27],[34,-5],[85,22],[42,-22],[232,-31],[55,17],[290,41],[9,20],[0,900]],[[16366,15070],[-100,-154],[-163,-190],[-128,-222],[-48,-34]],[[15927,14470],[-132,-90],[-88,2],[-77,18]],[[15630,14400],[-189,26],[-306,6]],[[15135,14432],[15,71],[50,95],[235,278]],[[15435,14876],[153,180],[25,25],[82,50],[84,29],[64,31],[37,34],[36,54]],[[16306,14139],[1,48],[46,85],[-23,53],[-42,31],[-43,-24],[-64,-17],[-254,155]],[[15829,13887],[-39,84],[-34,26],[-27,78],[-99,325]],[[15349,14026],[-157,193],[-32,49],[-26,95],[1,69]],[[15089,14437],[-62,-9],[-23,-68],[-92,-129],[-23,-87],[-47,-63],[-145,-66],[-46,-32],[-42,-45],[-153,-77],[-58,-18],[-84,-12],[-52,27],[-44,-29],[-44,7],[-34,35]],[[14140,13871],[-1,47],[42,49],[-8,20],[83,168],[28,39],[15,76],[-69,17],[-110,-2]],[[14120,14285],[17,44],[46,39],[48,13],[61,0],[93,34],[54,37],[34,42],[9,73]],[[14482,14567],[117,-45],[112,-7],[103,-29]],[[14814,14486],[211,-46],[64,-3]],[[15204,13667],[-90,-7],[-146,-22],[-61,-35],[-163,-58],[-94,-56],[-113,-50],[-87,-52],[-35,-45]],[[14415,13342],[-60,13],[-64,1],[-79,15],[-93,-15],[-6,35],[-49,136],[-54,29]],[[14010,13556],[18,62],[-9,71],[29,60],[39,29],[43,56],[10,37]],[[15089,14437],[46,-5]],[[15106,11633],[-199,24],[-79,26],[-55,27],[-82,71],[-124,187],[-51,70],[-38,36],[-94,50],[-96,22]],[[14288,12146],[102,218],[-17,7],[55,128],[-102,20],[-87,31],[-16,15]],[[14223,12565],[-21,46],[26,110],[109,98],[17,35],[-34,80],[-33,51],[47,54],[25,12],[64,69],[12,46],[-45,63],[25,113]],[[13822,10640],[-13,64],[-74,45],[-28,1],[-45,-27],[-48,-10],[-28,21],[-15,60],[-35,0],[-61,41],[-24,-39],[-24,-6],[-52,64],[-80,55],[-43,13],[-105,93],[-9,33],[14,62],[-54,16],[-38,26],[-98,26],[12,110],[-43,65],[-50,97],[-3,70],[28,39],[90,63],[44,105]],[[13040,11727],[-1,-78],[71,36],[34,27],[50,16],[73,8],[32,28],[25,49],[29,-26],[34,5],[38,29],[53,-49],[25,8],[65,77],[-12,10],[49,64],[47,39],[56,25],[102,79],[53,70],[82,59],[72,7],[70,-13],[53,-39],[148,-12]],[[13040,11727],[30,61],[-11,30],[25,45],[-17,27],[-2,137],[-25,33],[20,83],[-14,28],[14,55]],[[13060,12226],[33,-15],[87,24],[27,54],[42,34],[72,-23],[13,66],[37,31],[-13,38],[28,21],[23,48],[67,71],[5,26],[-21,96],[13,45]],[[13473,12742],[134,-24],[240,6],[39,-30],[99,4],[50,-25],[74,-75],[114,-33]],[[13060,12226],[12,73],[25,47],[-13,59],[6,51],[-39,43],[-62,13],[-112,44],[-58,8],[-23,18],[31,35],[54,10]],[[12881,12627],[23,-1],[40,43],[35,4],[41,55],[37,-18],[58,11],[-16,40],[51,84],[-27,66],[-23,86],[72,5],[127,-66],[21,-28],[75,17]],[[13395,12925],[17,-13],[76,3],[23,-32],[22,-98]],[[13533,12785],[-60,-43]],[[13395,12925],[20,-5],[140,287],[-4,55],[38,65],[48,21]],[[13637,13348],[13,-57],[95,-60],[41,-71]],[[13786,13160],[-28,-17],[9,-81],[-14,-62],[-105,-133],[-63,-65],[-52,-17]],[[13786,13160],[28,4],[25,68],[137,205],[18,22],[16,97]],[[14010,13556],[-52,-11],[-112,4],[-54,31],[-90,36],[-40,0]],[[13662,13616],[12,35],[59,47],[54,122],[32,44],[-37,27]],[[13782,13891],[43,59],[35,14],[27,46]],[[13887,14010],[107,132],[46,30],[21,32],[52,42],[7,39]],[[13637,13348],[33,167],[-8,101]],[[12881,12627],[31,43],[-32,57],[-31,118],[-83,125],[-1,38]],[[12765,13008],[16,67]],[[12781,13075],[15,-56],[76,43],[58,102],[18,56],[102,99],[105,19],[22,22],[29,101],[126,191],[19,56],[31,51],[44,44],[54,31],[27,31],[91,38],[106,-20],[78,8]],[[12781,13075],[42,79],[-14,87],[40,65],[7,58],[37,37],[57,128],[14,117],[-16,53],[31,52],[-2,66],[18,53],[-5,44]],[[12990,13914],[22,28],[-1,47],[45,160],[-17,83]],[[13039,14232],[24,14],[34,63],[30,12],[71,-33],[31,-40],[58,-31],[56,-6],[59,-29],[41,0],[29,-22],[29,28],[-1,36],[67,-36],[44,-5],[50,-53],[84,-30]],[[13745,14100],[54,-19],[31,-38],[57,-33]],[[15723,16149],[-38,-66],[-3,-82]],[[15682,16001],[-32,-49],[-35,-1],[-110,148],[-85,33],[-44,-15],[-64,-99]],[[15312,16018],[3,28],[-19,109],[-22,33],[-25,101],[-75,124]],[[15174,16413],[108,46],[82,19],[177,89],[27,25],[37,63]],[[15605,16655],[64,48],[51,104]],[[15720,16807],[16,-13],[0,-55],[27,-124],[-5,-295],[15,-51],[-18,-69],[-32,-51]],[[16110,16044],[-139,11],[12,60],[-59,-25],[-10,-77],[-77,-18],[4,51],[-28,-4],[-49,32],[12,68],[-15,21],[-38,-14]],[[15720,16807],[24,52],[74,45],[93,8]],[[15916,15279],[-17,15],[-12,57],[-71,14],[-248,26],[-59,96]],[[15509,15487],[44,61],[-9,58],[14,64],[2,123],[16,86],[75,43],[31,79]],[[15509,15487],[-34,1],[-82,74],[-58,8],[-50,-24],[-215,16]],[[15070,15562],[64,107],[15,37],[7,71]],[[15156,15777],[-4,68],[18,43],[123,107],[19,23]],[[15435,14876],[-30,19],[-9,122],[-14,61],[-46,-6],[-97,61],[-58,-34],[-44,33],[-4,58],[-32,35],[-43,0],[-60,40],[-24,-39],[-74,5]],[[14900,15231],[11,50],[40,74],[9,90]],[[14960,15445],[35,52],[75,65]],[[14814,14486],[-14,68],[7,46],[-11,73],[-4,151],[31,166],[53,97],[24,144]],[[14482,14567],[20,24],[86,68],[53,77],[12,46],[-89,188]],[[14564,14970],[-185,391]],[[14379,15361],[37,8],[91,68],[104,-7],[48,7],[30,-18]],[[14689,15419],[97,-48],[35,1],[65,72],[74,1]],[[13745,14100],[-25,33],[-24,107],[137,117],[-13,12],[29,71],[16,73]],[[13865,14513],[49,16],[15,-18],[68,-2],[27,42],[119,52],[42,-24],[12,-23],[-6,-62],[63,-20],[-38,133],[-44,20],[-45,99],[5,69]],[[14132,14795],[23,5],[134,-22],[31,42],[56,27],[43,57],[33,-9],[40,25],[60,12],[12,38]],[[13039,14232],[-11,86]],[[13028,14318],[98,78],[26,92],[31,51]],[[13183,14539],[36,32],[37,5],[10,36],[73,36],[59,15],[106,69],[-3,46]],[[13501,14778],[111,-3],[88,15],[43,-22],[12,-70],[78,-70],[20,-36],[12,-79]],[[13501,14778],[2,4]],[[13503,14782],[33,96],[41,32],[73,31],[23,27],[97,45],[53,115],[62,61],[76,111]],[[13961,15300],[3,-17],[112,-97],[18,-65],[8,-75],[-77,-2],[-13,-25],[55,-79],[8,-48],[20,-6],[37,-91]],[[13961,15300],[51,36]],[[14012,15336],[30,98],[69,68],[58,29],[28,28],[47,-9],[46,36],[24,60]],[[14314,15646],[25,-146],[25,-105],[15,-34]],[[14689,15419],[-6,44],[-27,10],[-6,40],[48,19],[41,-6],[42,11],[19,27],[-15,46],[-66,56],[16,16],[65,24],[-34,62]],[[14766,15768],[55,15],[-15,35],[39,90],[51,-114],[29,0],[4,40],[66,14],[76,44],[45,-65],[-13,-41],[53,-9]],[[14314,15646],[6,80],[47,20],[24,48]],[[14391,15794],[54,147],[7,82],[15,36],[39,44],[70,37]],[[14576,16140],[26,-58],[-15,-38],[64,-43],[-25,-42],[31,-15],[-20,-32],[57,-27],[35,-45],[37,-72]],[[14576,16140],[35,18],[59,54],[104,63],[46,20]],[[14820,16295],[79,37],[52,85],[102,60],[46,41]],[[15099,16518],[41,36],[39,-45],[-5,-96]],[[14391,15794],[-39,12],[-14,45],[-25,30],[-27,0],[-81,37],[-51,35],[-47,7],[-34,41],[3,36],[-49,76]],[[14027,16113],[13,35],[48,31],[145,61],[-11,40],[-34,23],[-24,44],[23,57]],[[14187,16404],[172,1],[57,13],[59,30],[65,12],[137,-5],[63,16],[80,-176]],[[14027,16113],[-84,-105],[-28,-18],[-82,-17],[-60,-41],[-45,-4],[-53,17],[-39,-3],[-35,-25],[-38,-78],[-59,-2],[-60,23],[-23,-28]],[[13421,15832],[-48,-37],[-96,13],[-42,-27],[-60,-17],[-46,-51],[-51,31],[-61,-1],[-44,-33]],[[12973,15710],[-59,34]],[[12914,15744],[30,-3],[91,35],[95,44],[22,-33],[45,43],[-17,62],[11,45],[163,93],[-66,77],[35,22],[-52,47],[39,45],[22,46],[31,19],[32,44],[43,6],[-51,52],[-24,99]],[[13363,16487],[214,27]],[[13577,16514],[66,3],[76,-8],[84,-46],[95,-22]],[[13898,16441],[107,-13],[129,-24]],[[14134,16404],[53,0]],[[12914,15744],[-23,14],[-63,4],[-28,-79],[-16,-20],[-64,-3],[-87,-38],[-100,-8]],[[12533,15614],[10,24],[-21,74],[18,39],[-9,28],[-45,49],[25,18],[8,42],[-26,38],[-2,50],[48,109],[-3,33],[25,47]],[[12561,16165],[78,-3],[72,13],[134,66],[307,197],[101,37],[110,12]],[[12561,16165],[11,64],[37,81],[-20,50],[-54,53],[30,58],[47,-4],[68,17],[30,40],[26,-25]],[[12736,16499],[65,7],[31,-22],[42,37],[46,4],[20,44],[62,35],[40,85],[39,14],[57,-3],[31,26],[20,52]],[[13189,16778],[20,23],[41,13],[77,-18]],[[13327,16796],[32,-56],[94,-76],[5,-34],[62,-64],[17,-28],[40,-24]],[[14398,16696],[-58,35],[-105,232],[-27,-24],[-89,86]],[[14119,17025],[24,30],[27,63],[43,41],[45,25],[94,27],[27,26],[44,121]],[[14423,17358],[35,15],[50,-6]],[[14508,17367],[16,-2]],[[14524,17365],[93,-140],[-56,-28],[56,-73],[-28,-21],[67,-86],[-30,-23],[71,-91],[77,-46]],[[14774,16857],[-58,-18],[-48,-46],[-86,-51],[-15,-35],[-53,-14],[-29,-30],[-61,31],[-26,2]],[[13898,16441],[-38,52],[-50,14],[-37,33],[-11,43],[8,57],[82,85],[51,80],[6,59],[23,77],[22,15],[120,41],[45,28]],[[14398,16696],[-30,-34],[7,-37],[-20,-22],[16,-36],[-1,-48],[-66,-24],[-22,-34],[-29,16],[-42,-5],[-19,-32],[-58,-36]],[[13327,16796],[72,91],[12,45],[33,-8],[175,34],[16,48],[18,124],[44,10],[50,65],[51,6],[17,-33],[49,11],[15,61],[32,17],[9,63],[32,39],[2,41],[66,67],[23,61],[4,46],[-21,64],[37,36]],[[14063,17684],[-11,23]],[[14052,17707],[17,-18],[82,-213],[36,-22],[95,34],[22,-5],[31,-53],[66,-45],[22,-27]],[[14052,17707],[-45,67],[-1,120],[25,133],[-4,42],[-27,66],[20,105],[-8,32]],[[14012,18272],[65,12],[90,-373],[13,-37],[-1,-76],[30,17],[65,71],[81,-163],[92,-9],[70,-46],[20,-28],[43,-159],[-5,-33],[-67,-81]],[[14928,17720],[-31,-55],[0,-74],[-29,-52],[-174,-108],[-82,-13],[-46,-38],[-42,-15]],[[14012,18272],[-7,67]],[[14005,18339],[10,20],[93,94],[22,64]],[[14130,18517],[56,-19],[86,-7]],[[15570,17381],[-15,-29],[18,-376],[-112,36],[-254,-118]],[[15207,16894],[-122,-57]],[[15085,16837],[-19,23],[77,37],[-14,95],[-48,28],[-58,16],[-91,-57],[-12,-41],[-31,16],[-51,-30],[-64,-67]],[[15605,16655],[-15,34],[-117,76],[-49,5],[-27,35],[6,61],[-48,-27],[-49,39],[-76,-35],[-23,51]],[[15099,16518],[-31,19],[-9,67],[-28,22],[10,32],[-31,80],[18,72],[57,27]],[[15227,22717],[184,33],[141,180],[31,90],[77,127],[41,-1],[61,80],[5,68],[56,21],[41,29],[26,51],[-3,83],[-30,64],[33,105],[50,14],[29,31],[-30,101],[-44,31],[-2,34],[-82,0],[-16,-10],[-71,4],[-124,27],[-85,9],[-83,73],[-102,51],[-33,40],[-21,51],[-78,1],[17,87],[-17,97]],[[15198,24288],[110,17],[52,-14],[66,-57],[69,-29],[81,-49],[62,-94],[26,-20],[57,-4],[57,15],[69,0],[58,36],[154,-97],[78,-86],[38,-1],[106,88],[29,0],[52,-60],[72,-46],[46,23],[100,23],[87,47],[39,3],[55,26],[43,54]],[[16804,24063],[17,-9],[25,-127],[48,-101],[-7,-124],[41,-44],[78,-32],[73,26],[52,-11],[-5,-50],[20,-29],[4,-112],[-30,-31],[64,-71],[69,-10],[22,-68],[-18,-22],[-60,-19],[-33,-58],[11,-29],[85,-37],[-41,-50],[18,-46],[49,-7],[15,-41],[-53,-38],[-56,-62],[-26,-68],[-40,-61],[-14,-41],[-68,-70],[-36,-51],[-4,-52],[-27,-44],[-38,-112],[-82,-81],[-17,-57],[0,-56]],[[14114,23206],[4,41],[-23,97],[6,199],[-22,123],[4,71],[43,95],[108,112],[-23,49],[11,48],[28,12],[44,65],[23,85],[25,26],[59,17]],[[14401,24246],[29,11],[50,54]],[[14480,24311],[38,12]],[[14518,24323],[36,-2],[65,-30],[256,-20],[104,-23],[79,-7],[101,10],[39,37]],[[14401,24246],[-103,38],[-163,53],[-258,66],[-203,-10],[-93,316]],[[13581,24709],[2,98],[41,69],[-1,38],[37,54],[20,7]],[[13680,24975],[62,22],[178,83],[128,145],[123,48],[80,-62],[42,-78],[51,-24],[88,-183],[64,-123],[14,-51],[-5,-93],[11,-127],[35,-86],[-36,-31],[-11,-37],[-40,8],[-18,-45],[34,-30]],[[11906,25100],[60,-48],[18,-69],[53,-76],[25,-16],[60,5],[62,-23],[44,5],[75,46],[32,-2],[66,-67],[34,-15],[72,-2],[38,-47],[49,-23],[32,-30],[16,-76],[22,-20],[53,8],[63,-9],[42,-40],[46,-10],[31,20],[51,66],[68,-5],[29,-24],[7,-44],[75,-40],[26,-46],[35,-25],[53,-3],[37,-46],[61,-8],[37,31],[57,-11],[47,14],[56,71],[24,50],[-4,38],[23,80]],[[11959,22709],[-53,2391]],[[10378,22698],[37,29],[62,28],[43,100],[68,50],[-17,26],[1,88],[34,67],[16,59],[2,111],[13,32],[12,97],[34,29],[1,31],[-54,-6],[-59,7],[6,-63],[-12,-49],[-31,3],[-184,362],[146,21],[9,51],[-52,-2],[-445,3],[-38,-15],[-5,111],[-86,81],[-18,147],[-9,185],[1,77],[135,4],[68,12],[39,-17],[52,-46],[51,-63],[12,73],[22,48],[-5,39],[26,27],[114,4],[105,46],[54,16],[101,88],[53,22],[39,1],[86,-21],[7,51],[49,94],[4,64],[53,9],[66,-51],[24,-32],[26,-78],[54,-37],[55,59],[55,39],[21,91],[-11,108],[-39,-16],[-34,61],[-9,61],[23,34],[90,10],[18,-135],[21,70],[71,32],[32,27],[74,24],[-37,102],[-46,45],[-100,57],[158,179],[148,-177],[60,63],[35,25],[63,-24],[103,3]],[[11839,25349],[2,-33],[51,-74],[14,-87],[0,-55]],[[11958,21980],[-31,18],[-18,-25],[-55,-17],[-34,-34],[-57,-15],[-5,-55],[-23,-67],[1,-57],[-44,-21],[-69,40],[-25,60],[-43,50],[-66,2],[-54,47],[-27,48],[-31,5],[-23,55],[-133,-10],[-55,10],[-99,-7],[-57,-11],[-105,81],[-92,13],[-113,-28],[-45,33],[-39,68],[-124,51],[40,41],[4,70],[-42,-5],[-17,26],[24,64],[-7,40],[21,66],[37,35],[-27,34],[-29,3],[-26,28],[2,37],[-26,42],[-68,3]],[[10378,22698],[-27,50],[-75,16],[-53,25],[-6,29],[-31,12],[-37,-18],[-60,48],[-79,3],[-27,18],[-42,-31],[0,-43],[-18,-40],[9,-31],[-92,30],[-39,4],[-44,-29],[-58,-5],[-30,-20],[-78,17],[-54,-12],[-15,20],[-52,-13],[-19,36],[-76,13],[-47,29],[-4,47],[-30,24],[-50,6],[-42,-29],[-76,82],[-11,32],[-71,-4],[-13,49],[65,48],[-17,24],[-3,75],[-22,-4],[-45,-58],[-39,-29],[-69,-29],[-102,11],[-55,32],[-37,-17],[-37,5],[-47,-19],[-21,14],[4,46],[-20,15]],[[8586,23127],[-8,75],[-60,76],[-28,84],[-6,50],[27,19],[52,7],[59,71],[131,-15],[85,0],[87,61],[40,11],[68,62],[43,11],[53,47],[28,72],[36,17],[75,-41],[53,38],[17,52],[58,16],[23,18],[-15,64],[9,49],[-22,28],[28,70],[-23,60],[-37,12],[-41,47],[-121,35],[-22,51],[-57,38],[-51,-17],[-128,-98],[-103,-20],[-66,-1],[-57,26],[-98,-5],[-49,-51],[-9,-46],[4,-55],[-11,-32],[-44,-16],[-58,-45],[-34,-47],[-26,10],[-17,44],[18,66],[-15,28],[-72,43],[-16,43],[-81,113],[-19,86],[16,53],[59,85],[10,36],[-6,59],[0,794]],[[8265,25365],[25,28],[1,36],[34,42],[-3,21],[42,42],[39,-4],[-1,43],[17,38],[28,21],[11,48],[27,36],[82,3],[55,26],[94,65],[24,30],[55,-2],[72,-77],[30,-3],[24,53],[54,26],[80,-25],[79,12],[41,17],[35,-24],[29,22],[24,-17],[65,16],[27,30],[51,-1],[8,51],[33,35],[57,-1],[53,28],[26,30],[27,58],[158,60],[26,59],[24,12],[56,64],[-2,86],[33,47],[-4,44],[44,30],[99,36],[58,-44],[55,-26],[39,36],[-32,71],[7,37],[55,113],[52,36],[52,11],[74,-6],[23,31],[17,92],[43,26],[44,-52],[49,1],[65,40],[42,-20],[-13,-40],[27,-56],[108,-41],[100,-18],[39,-26],[79,-10],[82,6],[125,68],[29,-4],[35,-35],[92,-109],[36,-21]],[[11426,26566],[-2,-79],[-42,-70],[-83,-97],[7,-122],[18,-46],[5,-56],[16,-36],[42,-39],[102,-67],[28,-36],[-13,-45],[90,-82],[76,18],[62,2],[61,-29],[56,-47],[99,-40],[2,-61],[-32,-51],[-48,-26],[-41,-103],[38,-29],[-28,-76]],[[11426,26566],[76,26],[41,59],[-4,79],[-12,62],[27,45],[72,25],[138,-28],[144,6],[112,-24],[66,-53],[28,-7],[66,40],[12,72],[-26,42],[5,27],[47,37],[45,13],[63,44],[116,-11],[15,25],[-28,40],[8,21],[79,56],[8,38],[-14,58],[32,60],[0,52],[-21,44],[21,125],[-3,44],[62,14],[39,-12],[66,-37],[134,-62],[16,-20],[23,-71],[-1,-86],[41,-18],[97,23],[49,45]],[[13065,27359],[53,1],[61,-27],[49,-65],[38,-90],[29,-21],[33,-119],[6,-63],[18,-31],[77,-78],[72,-88],[75,-26],[53,-44],[17,-51]],[[13646,26657],[-516,-406],[13,-110],[44,3],[103,-612],[-162,-20],[-48,-27],[-3,-85],[-43,-65],[-48,-19],[265,-206],[52,56],[377,-191]],[[13646,26657],[67,28],[35,1]],[[13748,26686],[25,-113],[-12,-49],[58,-42],[32,-43],[76,15],[38,-13],[62,-73],[9,-57],[26,-47],[71,19],[60,-13],[-14,-50],[40,-30],[5,-27],[-36,-41],[642,3]],[[14830,26125],[36,-60],[84,-71],[57,-81],[160,-119],[29,-34],[13,-84],[-18,-40],[-53,-56],[-25,-53],[-40,-178],[-87,-206],[-49,-59],[-80,-43]],[[14857,25041],[-74,-33],[-71,-83],[-36,-76],[-36,-101],[-33,-152],[-62,-198],[-27,-75]],[[14830,26125],[13,1]],[[14843,26126],[424,0],[7,64],[39,36],[39,14],[36,83],[28,12],[34,56],[36,5],[29,-21],[46,1],[64,-25],[45,-1],[11,26],[57,3],[4,49],[61,30]],[[15803,26458],[304,-426],[17,-35],[246,-286],[25,-57],[-117,-100],[-61,-33],[-14,-45],[15,-76],[-31,-51]],[[16187,25349],[-11,-16],[7,-120],[-55,-23],[57,-22],[72,-41],[-25,-30],[-50,10],[2,33],[-30,21],[-58,7],[-45,-40],[-25,-6],[-88,48],[-88,-20],[-25,-16],[-59,12],[-51,27],[-36,-16],[-9,-82],[-25,10],[-51,-45],[-44,5],[-58,-11],[-40,82],[-198,-2],[-34,-33],[-5,-43],[-59,-54],[-92,13],[-96,75],[-54,-50],[-57,19]],[[16187,25349],[50,10],[76,-4],[117,81],[47,-19],[27,-86],[1,-114],[35,13],[27,-35],[68,-22],[84,2],[36,10],[84,-13],[37,37],[68,-47],[48,-9],[48,6],[87,35],[11,-21],[-42,-42],[50,-15]],[[17146,25116],[-31,-38],[-35,-80],[-11,-69]],[[17069,24929],[-28,-115],[-22,-119],[-51,-112],[-19,-131],[-69,-140],[-22,-70],[-13,-74],[-41,-105]],[[15803,26458],[72,30],[-4,35],[27,33],[91,-17],[56,11],[53,-29],[48,-4],[36,23],[33,101],[34,-14],[27,44],[35,31],[48,77],[-8,16]],[[16351,26795],[-24,18],[-86,9],[-23,26],[-10,81],[21,20],[72,11],[36,-30],[69,5],[33,35],[50,83],[10,44],[35,-12],[18,33],[35,-9],[92,20],[10,51],[76,14],[34,30],[102,34],[48,-2],[48,60],[54,14],[59,-22],[113,12],[74,0],[48,12],[90,79],[47,55],[81,37],[123,43],[50,36],[29,43],[8,48]],[[17773,27673],[42,-14]],[[17815,27659],[4,-25],[-21,-64],[4,-99],[-31,-64],[-23,-4],[-63,25],[-56,-22],[-55,-90],[-3,-43],[-20,-44],[-68,-68],[-7,-27],[13,-65],[-55,-31],[-108,-32],[-41,6],[-64,-52],[-60,22],[-41,-7],[-49,-110],[10,-41],[46,-37],[39,5],[149,-38],[45,-106],[42,-21],[43,23],[52,-3],[30,-83],[4,-42],[-12,-68],[8,-68],[26,-29],[91,-55],[39,-31],[64,-27],[34,-27],[83,-121],[10,-48],[-43,-42],[-117,-63],[-57,-60],[3,-42],[-87,-23],[-8,-71],[17,-92],[-5,-65],[-56,-33],[-64,-23],[-78,-50],[-84,-3],[-157,-60],[-109,-37],[-24,-42],[16,-47],[75,-53],[52,-12],[35,-45],[-5,-34],[-32,-35]],[[13065,27359],[70,30],[13,33],[-17,42],[16,51],[68,63],[35,20],[34,42],[61,8],[40,-51],[144,-58],[26,-2],[51,23],[66,-9],[79,59],[43,11],[35,-11]],[[13829,27610],[15,-78],[26,-39],[49,-26],[41,-1],[67,29],[47,3],[42,-14],[47,-35],[18,-47],[-1,-110]],[[14180,27292],[-83,-45],[-32,-66],[-39,-16],[-92,12],[-62,92],[-74,19],[-5,-48],[-20,-31],[12,-107],[-32,-112],[42,-61],[12,-41],[-5,-48],[-48,-76],[-13,-44],[7,-34]],[[14180,27292],[8,-90],[36,-99],[56,-48],[104,-16],[34,-21],[30,-48],[12,-79],[9,-141],[20,-62],[32,5],[6,-61],[50,-95],[-12,-22],[34,-54],[34,9],[30,-26],[-8,-48],[23,-86],[50,-63],[73,-42],[42,-79]],[[13829,27610],[67,3],[-1,47],[17,31],[41,20],[32,56],[47,-4],[75,-52],[63,25],[-11,37],[65,70],[45,10],[31,31],[116,2],[60,-20],[41,-36],[56,-24],[55,-8],[71,22],[53,-35]],[[14752,27785],[-8,-47],[102,-45],[34,-63],[38,-16],[-7,-27],[-45,-18],[-40,-74],[-40,-1],[-7,-94],[63,-2],[41,-15],[-2,-48],[23,-33],[35,-2],[9,-40],[32,-23],[61,-17],[103,19],[1,54],[112,4],[-12,-26],[11,-45],[-16,-15],[-3,-67],[91,-24],[25,27],[94,24],[114,-26],[85,-49],[27,-75],[-35,-108],[-18,-100],[14,-25],[86,-5],[108,-40],[64,24],[35,1],[75,-45],[65,-14],[29,-21],[255,107]],[[14752,27785],[53,5],[44,17],[70,58],[38,67],[32,21],[70,-7],[84,-74],[57,-36],[21,-43],[82,-11],[74,4],[82,14],[47,-5],[74,44],[60,15],[34,-18],[41,18],[118,-36],[44,-28],[22,-53],[-54,-30],[14,-36],[38,6],[51,-10],[50,-67],[54,19],[38,51],[44,-1],[91,-54],[29,-2],[31,56],[56,-2],[54,-52],[124,-78],[81,-9],[52,119],[49,70],[81,-6],[35,-26],[23,-44],[60,-21],[70,14],[71,-20],[87,-7],[77,-17],[122,2],[48,23],[71,68],[76,23],[58,53],[47,17],[50,-25],[96,-78]],[[19821,23723],[7,38],[-43,-7],[-46,44],[49,81],[-2,109],[-22,32],[4,45],[-44,21],[6,75],[-93,32],[-114,-14],[-36,57],[4,42],[-64,28],[-36,-3],[-45,25],[-52,-48],[-127,-45],[-51,-32],[-122,-4],[-52,17],[-48,31],[-98,88],[-17,91],[4,75],[19,98],[-7,39],[58,125],[11,57],[23,27],[62,33],[79,77],[13,35],[-21,67],[-54,27],[-63,-35],[-54,-16],[-97,8],[-25,16],[-3,84],[-33,11],[-24,71]],[[18667,25225],[44,47],[41,15],[117,-19],[80,11],[115,72],[132,115],[-41,63],[50,63],[60,-37],[17,39],[44,-16],[81,34],[17,29],[58,45],[93,39],[2,71],[-46,-37],[-72,-1],[-44,-53],[-32,-3],[-142,-59],[-50,9],[-25,-15],[-85,-6],[-32,13],[-14,59],[138,66],[47,-44],[110,83],[-27,60],[12,13],[-39,49],[41,15],[-26,44],[9,34],[58,12],[-41,131],[-19,37],[-71,7],[-6,40],[-51,-13],[-59,-28],[-16,53],[237,78],[-23,140],[9,38],[-25,20],[-25,48],[87,77]],[[19355,26663],[50,-46],[41,-62],[50,12],[37,53],[69,7],[35,-28],[22,-55],[41,-24],[77,7],[79,-30],[45,-80],[7,-33],[132,-57],[24,3],[3,46],[-44,16],[39,53],[62,107],[70,15],[73,-31],[9,-71],[45,-43],[156,-165],[92,-53],[58,-9],[21,-59],[-72,-113],[55,-38],[127,17],[30,-12],[23,28],[71,43],[39,38],[-62,97],[21,38],[77,59],[3,-25],[44,-39],[27,-81],[122,68],[-22,28],[-33,120],[246,40],[60,6],[45,21],[155,-89],[22,-170],[-100,-6],[-1,71],[-139,-1],[-56,36],[-24,-27],[37,-26],[-3,-49],[-79,-26],[-6,-26],[62,-46],[36,-5],[50,-48],[-69,-54],[22,-30],[-21,-46],[-67,-83],[-5,-57],[-43,-48],[62,-32],[-12,-79],[50,-101],[-21,-31],[-48,-129],[-29,-5],[-68,-47],[-91,-100],[-121,-87],[-76,-88],[-43,-26],[57,-39],[16,-54],[-9,-81],[-30,-42],[-75,-62],[-4,-94],[-19,-32],[-16,-100],[-46,13],[-71,-4],[-47,12],[-1,-68],[47,-37],[42,-68]],[[17069,24929],[74,-1],[78,40],[43,-1],[42,27],[45,8],[95,-52],[76,0],[59,-16],[47,25],[-1,52],[34,66],[153,92],[70,23],[68,36],[64,13],[90,-13],[81,3],[47,-30],[31,-55],[61,2],[81,72],[98,23],[43,24],[50,-14],[24,-35],[45,7]],[[17815,27659],[39,1],[38,21],[45,-26],[69,-8],[33,-18],[116,98],[78,-28],[39,11],[17,83],[-20,80],[11,48],[-13,166],[30,120],[90,21],[45,51],[-26,55],[16,50],[24,128],[61,52],[16,58],[-34,76],[16,19],[169,53],[64,-16],[62,-48],[31,-63],[1,-79],[19,-102],[22,-9],[46,18]],[[18919,28471],[86,-90],[26,-45],[39,-125],[23,-51],[117,-125],[4,-70],[-52,-67],[-4,-70],[30,-47],[298,-321],[23,-50],[-2,-85],[-53,-300],[-25,-128],[-18,-34],[-88,-104],[-4,-66],[36,-30]],[[18919,28471],[26,15],[76,-37],[73,-12],[95,-28],[82,5],[41,-8],[19,37],[51,36],[64,10],[61,49],[151,15],[116,-1],[84,-23],[141,-15],[45,-69],[122,-25],[34,24],[88,22],[53,-3],[59,-20],[57,-6],[52,-28],[30,-84],[80,-26],[56,-32],[55,-5],[104,37],[80,19],[147,-19],[85,-3],[71,-30],[55,0],[89,90],[77,31],[87,17],[118,-35],[36,-21],[30,-104],[-21,-68],[58,-105],[-22,-92],[106,-6],[73,28],[136,25],[40,25],[31,-94],[40,-18],[37,-55],[80,-19],[61,-4],[1,-26],[33,-21],[48,2],[41,-20],[32,-77],[74,-43],[18,-64],[35,-40],[74,-56],[47,-55],[-5,-55],[121,-58],[38,-43],[11,-41],[42,-50],[2,-68],[41,-34],[64,-22],[18,-82],[2,-52],[17,-45],[32,-32],[37,-6],[34,45],[44,26],[59,5],[87,21],[14,42],[52,24],[8,89],[-47,87],[11,37],[65,52],[28,-5],[59,-64],[40,-19],[45,-5],[53,17],[59,61],[66,27],[29,-5],[27,-46],[69,3],[45,-12],[32,-26],[55,-14],[40,-52],[71,-56],[83,-122],[-96,-123],[0,-38],[115,-68],[39,-34],[97,-57],[68,-78],[7,-23],[-14,-83],[54,-53],[21,-52],[-17,-134],[51,-80],[15,-43],[73,-78],[28,-78],[19,-85],[44,-45],[18,-55],[-4,-32]],[[24797,25744],[-17,-4],[-81,32],[-56,-33],[-13,-35],[25,-47],[-4,-25],[-38,-27],[-6,-35],[-31,-70],[-69,-4],[-36,-53],[-37,-100],[-28,-46],[-77,-36],[-16,-45],[38,-84],[32,-35]],[[24383,25097],[-74,-63],[-41,-15],[-54,-44],[-58,-34],[-18,-35],[9,-45],[-76,5],[-38,38],[-37,4],[-16,-23],[20,-47],[-38,-100],[-50,-48],[-59,-96],[5,-30],[63,-63],[46,-65],[21,-53],[-16,-77]],[[23972,24306],[-7,-18],[-93,36],[-138,-23],[-66,41],[-74,4],[-42,12],[-132,-37],[-95,16],[-73,-4],[-26,22],[-40,-21],[-14,-36],[-53,-15],[-72,-100],[-57,-18],[-49,28],[-29,1],[-54,-34],[-30,2],[-56,71],[-131,65],[-14,57],[9,76],[-20,116],[-37,32],[-43,-1],[-61,18],[-30,20],[-103,14],[-55,-67],[-70,-45],[-93,-22],[-56,2],[-87,-35],[-46,-68],[-68,-19],[-156,43],[-75,-14],[-74,2],[-42,-47],[-101,-83],[-38,-24],[-78,-29],[-61,-47],[-95,-25],[-56,-50]],[[21407,20477],[-62,-13],[7,-48],[83,-39],[16,-35]],[[21451,20342],[-41,-22],[-77,26],[-164,-89],[7,22]],[[21176,20279],[16,53],[-133,93],[-17,24],[-12,107]],[[21030,20556],[67,62],[-34,12],[-35,50],[-32,-23],[-21,38],[60,33],[-17,76],[-56,53],[95,34],[10,-34],[61,31],[-25,47],[68,48]],[[21171,20983],[15,-107],[13,-39],[92,-182],[5,-40],[44,-21],[63,-71],[4,-46]],[[21171,20983],[62,19],[119,-21]],[[21352,20981],[48,79],[42,-38],[113,19],[35,-22],[-3,69],[11,34],[37,31],[32,-30],[54,50]],[[21721,21173],[32,-68],[80,-81],[37,-65],[-14,-42],[103,21],[-22,-38],[18,-87],[59,-6],[-21,-106]],[[21993,20701],[25,-41],[-112,-35],[-60,21],[-47,-43],[-18,85],[-26,-27],[-33,-7],[29,-133],[-59,-22],[-151,-24],[-10,-76],[-33,5],[5,45],[-33,3],[-32,-20],[-37,2],[6,43]],[[22647,20219],[14,48],[5,111],[-15,125],[-10,146],[-81,75],[-10,30]],[[22550,20754],[-27,66],[7,54]],[[22530,20874],[50,4],[90,52],[22,40],[4,63],[34,33],[70,39],[56,14]],[[22856,21119],[22,-47],[62,27],[115,-58],[23,-53]],[[23078,20988],[192,-321],[42,57],[-23,29],[50,88],[66,-36],[-35,-91],[32,-67],[10,-68],[24,-40],[66,-80],[30,-57],[10,-93],[-52,-196],[30,-29],[15,-40]],[[21570,19976],[-81,209],[-25,86],[-13,71]],[[21993,20701],[104,42],[-23,14],[31,51],[-2,79],[94,20],[141,50],[16,-41],[46,-68],[-39,-23],[-39,-52],[37,-95],[191,76]],[[20317,20097],[37,14],[80,-40],[40,37],[124,-24],[-29,-149],[71,-15],[25,65],[40,-9],[27,103]],[[20732,20079],[15,20],[63,-125],[59,-29],[34,12],[48,116],[64,17],[18,-34],[58,35],[28,116],[-29,10],[13,48],[50,20],[23,-6]],[[20732,20079],[-16,10],[-29,107],[21,82],[48,131],[-11,51],[32,54],[-20,25],[19,42]],[[20776,20581],[65,-2],[124,-38],[9,31],[56,-16]],[[20012,20832],[195,86],[72,-20],[27,14],[77,-78],[38,13],[2,-55],[51,-33],[49,7]],[[20523,20766],[0,-73],[87,-45],[166,-67]],[[20144,21410],[18,-55],[40,5],[36,24],[115,18],[13,49],[88,16],[4,-17],[78,27],[36,25],[-1,27],[35,43],[-22,25],[5,69],[65,-1],[64,13],[57,-31]],[[20775,21647],[-7,-29],[34,-49],[-69,-46],[-29,-55],[-20,-92],[27,-47],[48,-109],[-31,-25],[-38,-100],[31,-14],[-25,-39],[-21,-102],[61,-8],[-1,-32],[-25,-30],[-35,-71],[-70,-17],[-38,2],[-44,-18]],[[20775,21647],[53,44],[59,27],[74,1],[38,42],[58,19],[-8,47],[40,45],[47,-50]],[[21136,21822],[48,-100],[5,-76],[25,-19],[5,-40],[34,-67],[6,-81],[-34,-47],[-28,-64],[-6,-53],[41,-67],[120,-227]],[[21136,21822],[19,2],[13,89],[-13,46]],[[21155,21959],[33,33],[17,-44],[21,-1],[61,55],[33,-56],[21,12],[71,-33],[75,49],[-31,51],[59,-3],[47,-39],[5,-60],[17,-29],[-10,-39],[109,36],[27,1],[73,48],[68,31]],[[21851,21971],[-16,-39],[-71,-70],[-30,-41],[-9,-79],[-62,-172]],[[21663,21570],[-3,-36],[29,-49],[17,-115],[-22,-45],[38,-58],[-1,-94]],[[21663,21570],[104,-39],[38,-33],[42,-54],[36,15],[49,44],[67,-11],[385,-88]],[[22384,21404],[16,-88],[99,-244],[23,-19],[20,-107],[-12,-72]],[[21851,21971],[104,43],[101,88],[-1,23],[109,44],[32,-4],[47,37],[66,104],[52,0],[20,20],[39,-6],[1,57],[99,43],[23,-76],[57,-36],[13,-35],[-62,-135],[-7,-43]],[[22544,22095],[-57,-54],[-30,-63],[-17,-166],[-32,-240],[-25,-103],[1,-65]],[[22544,22095],[84,59]],[[22628,22154],[353,108],[68,13],[48,-8],[69,-39],[21,-28],[133,-18],[67,-15],[94,21],[78,-54],[43,-57],[58,11],[91,83],[105,77]],[[23856,22248],[32,-54],[145,76],[171,-302],[-235,-131],[-53,-33],[-9,-36],[-38,9],[-41,-18],[-44,9],[-84,-6],[-48,-19],[-64,-4],[-61,-65],[-69,9],[-115,-48],[-57,-33],[-20,-32],[-50,-171],[-46,-81],[-9,-48],[-23,-34],[-261,-112],[-21,-5]],[[23856,22248],[101,45],[55,16]],[[24012,22309],[53,12],[83,-12],[50,15],[176,72],[58,10],[102,-18]],[[24534,22388],[-8,-8],[58,-243],[13,-88],[-101,-46],[-5,-15],[60,-170],[0,-16],[130,-5],[-1,-69]],[[24680,21728],[-185,-86]],[[24495,21642],[-1058,-492],[-359,-162]],[[24534,22388],[42,-26],[104,-145],[300,-87],[199,-65],[-14,119],[-17,81],[-2,153],[-15,95],[13,112],[95,191],[-11,33]],[[25228,22849],[88,40],[75,-42],[18,15],[63,-50],[60,-22],[23,9],[69,-16],[69,15],[4,14],[75,40],[8,31],[68,-6],[27,15],[49,71],[28,110],[72,-19],[81,-34],[75,-2]],[[26180,23018],[-30,-18],[-25,-152],[17,-58],[59,-61],[-13,-66],[19,-42],[98,-135],[21,-124]],[[26326,22362],[2,-15]],[[26328,22347],[-85,-28],[-249,-71],[-442,-134],[-216,-82],[-84,-42],[-344,-156],[-228,-106]],[[24704,20398],[-19,119],[77,60],[27,31],[37,77],[2,36],[-94,142],[-63,127],[2,183],[-114,151],[24,139],[-74,110],[-14,69]],[[26328,22347],[12,-54],[25,-7],[38,-60],[2,-25],[58,-78],[-17,-17],[16,-93],[-11,-65],[27,-73],[53,-35],[59,-58],[99,-116],[58,-33]],[[26747,21633],[-37,-40],[-45,42],[-20,36],[-46,31],[-60,-13],[-43,-67],[-41,3],[-63,57],[-19,60],[-44,7],[-25,35],[-29,-14],[-83,32],[-11,-23],[-60,-5],[-53,-37],[-96,31],[-16,-39],[-42,-34],[-78,-28],[-34,-60],[21,-38],[31,-17],[57,-7],[16,-42],[23,-102],[-2,-23],[-40,-33],[-41,-4],[-81,15],[-15,-35],[6,-46],[-15,-30],[-44,-17],[-92,7],[-14,49],[-34,28],[-46,9],[-18,-15],[1,-43],[26,-35],[47,-110],[65,-53],[17,-30],[-24,-92],[10,-34],[32,-25],[-12,-70],[36,-82],[54,-74],[15,-55]],[[25781,20603],[19,-85],[-11,-50],[78,-64],[-21,-37],[15,-18]],[[20237,22391],[58,-37],[12,-28],[-2,-56],[-30,-27],[66,-10],[101,-41],[62,47],[15,40],[91,-16],[51,32]],[[20661,22295],[426,-30],[5,21],[170,-82],[-15,-36],[44,-90],[-25,-22],[-41,25],[-53,-49],[-17,-73]],[[20661,22295],[26,83],[29,9],[18,38],[117,72],[8,83],[28,62],[72,65],[87,-27],[41,41],[62,-28],[58,43],[-8,67],[24,52],[66,55],[-7,50],[37,34],[127,215],[137,7],[161,-49],[84,11],[194,-74],[56,-37],[54,-11],[65,12],[140,9],[9,61],[24,30],[63,-15],[10,71],[-12,18],[-69,3],[-15,12],[-7,72],[117,130],[91,17],[62,120],[-3,45],[24,38],[44,8],[60,30],[53,-14],[182,20],[26,-17],[-11,-36],[33,-40],[84,-41],[38,-94],[24,-9],[42,23],[36,-4]],[[23242,23505],[3,-25],[-75,-217],[-67,-40],[-76,-23],[-87,-50],[-45,10],[-25,-18],[-76,20],[-47,-30],[-3,-169],[50,-80],[-14,-56],[-53,-77],[0,-23],[151,24],[-13,-92],[-20,-78],[-112,-5],[-21,-27],[4,-73],[-16,-38],[-56,-55],[-15,-44],[3,-54],[-37,-72],[33,-59]],[[23972,24306],[-4,-69],[-86,-93]],[[23882,24144],[-31,-45],[-53,-6],[-26,-36],[-18,-56],[-5,-99],[-114,-143],[24,-34],[-107,-57],[5,65],[-42,-22],[-50,-51],[18,-24],[-55,-23],[-59,-63],[-127,-45]],[[23882,24144],[46,-32],[58,-5],[55,30],[86,-20],[-34,-46],[12,-117],[-29,-50],[4,-31],[-49,-118],[-10,-51],[49,-82],[74,-48],[11,-33],[48,-1],[49,19],[30,-11]],[[24282,23548],[-22,-94],[-147,-114],[-42,-63],[-21,-47],[-48,-150],[-19,-39],[-89,-99],[-22,-80],[15,-74],[-2,-88],[-32,-67],[-74,-62],[-21,-38],[116,-100],[-24,-27],[73,-66],[71,-5],[18,-26]],[[24282,23548],[45,-46],[27,-98],[72,-71],[8,-29],[-64,-80],[55,-75],[8,-51],[54,-128],[52,-2],[51,-60],[22,-46],[91,28],[49,85],[33,125],[71,75],[30,18],[22,56],[85,72],[71,-102],[71,-155],[35,-94],[15,-82],[43,-39]],[[24383,25097],[135,-36],[182,-82],[88,-88],[129,-69],[33,-8],[160,-86],[225,-74],[22,-115],[44,-17],[1,-37],[28,-29],[4,-47],[31,-60],[70,-41],[14,-25],[55,-56],[13,3],[45,-126],[4,-175],[23,-49],[23,-111],[38,-107],[52,-97],[79,-6],[99,5],[57,39],[78,27],[93,14],[39,28],[76,2],[26,12]],[[26349,23686],[10,-58],[-34,-72],[24,-43],[-17,-70],[-49,-38],[-12,-26],[76,-54],[1,-63],[36,-40],[18,-50],[7,-72],[-100,-28],[-129,-54]],[[24797,25744],[41,42],[27,61],[76,110],[11,61],[20,25],[61,39],[19,74],[-57,54],[16,47],[73,30],[42,6],[70,-24],[48,17],[47,50],[-18,107],[47,-1],[33,17],[8,30],[-9,105],[15,82],[64,51],[57,63],[46,-2],[92,-39],[56,-13],[75,13],[28,15],[24,64],[55,47],[8,72],[53,74],[39,40],[85,-21],[93,17],[129,89],[76,23],[69,-5],[45,43],[50,-5]],[[26511,27202],[57,-65],[13,-37],[-21,-44],[29,-150],[30,-41],[54,-38],[19,-34],[65,-65],[13,-49],[-52,-50],[-12,-40],[8,-52],[33,-79],[34,-30],[16,-34],[-20,-64],[-6,-99],[-57,-56],[-21,-42],[23,-81],[54,-32],[34,-45],[-14,-85],[-2,-63],[-45,-44],[-26,-46],[2,-35],[40,-117],[79,-95],[13,-68],[21,-26],[64,-32],[30,-32],[160,-11],[129,23],[75,0],[70,-12],[25,-24],[1,-108],[-16,-61]],[[27410,25139],[-57,-1],[-53,-18],[-16,-64],[-26,-33],[6,-37],[-27,-36],[8,-35],[-71,-19],[11,-56],[-36,-16],[5,-46],[-33,-18],[-46,-76],[-42,-15],[-35,-40],[-61,-18],[2,-55],[-46,-18],[-56,-3],[-96,-103],[9,-66],[-69,-71],[-55,-21],[-46,14],[-2,-47],[-53,-63],[-49,-36],[-38,-5],[-82,-43],[-19,-51],[-46,-29],[-8,-91],[77,-160],[-11,-77]],[[27410,25139],[59,8],[-11,44],[20,54],[103,45],[61,12],[43,24],[2,39],[52,1],[49,20],[37,-18],[12,45],[101,16],[29,25],[7,36],[83,24],[117,67],[-15,-46],[6,-38],[34,3],[68,38],[4,29],[117,14],[12,20],[46,-16],[11,-35],[114,-37],[25,-28],[-9,-25],[30,-69],[63,-61],[-46,-63],[37,-24],[-4,-46],[79,-5],[28,-33],[103,-68],[-10,-43],[-89,-39],[2,-105],[27,-40],[5,-42],[27,-54],[-10,-58]],[[28829,24710],[-56,9],[-37,21],[-93,-92],[-70,-96],[-44,-3],[-32,-40],[-8,-42],[-79,-57],[-75,12],[41,-146],[6,-65],[-105,-122],[-32,-52],[-12,-92],[24,-66],[6,-62],[-64,-5],[-5,-45],[-61,-61],[-12,-46],[-69,18],[-47,72],[-49,50],[-39,-10],[-13,-36],[-45,-44],[-83,-2],[-3,-30],[-95,3],[-2,41],[-107,2],[-91,-15],[4,-39],[-37,-5],[27,-59],[17,-180],[-58,-20],[-40,18],[-75,17],[84,-172],[77,-133],[11,-125],[-438,-161],[16,-67],[-30,-7],[-43,15],[-131,11],[-101,-52],[-142,-134],[-45,-57],[-23,-95],[-83,-56],[-142,-46]],[[28829,24710],[-12,-109],[21,-38],[-37,-74],[7,-92],[-8,-86],[-32,-47],[15,-147],[-15,-39],[-5,-109],[41,-55],[585,-588]],[[29389,23326],[-347,-167],[-50,-28],[-165,-105],[-85,-30],[-74,-8],[-118,-52],[-71,-24],[-285,-59],[-156,-23],[48,-57],[37,-76],[-14,-52],[-98,-61],[-32,-50],[52,-43],[1,-21],[60,-91],[41,-50]],[[28133,22329],[-22,-60],[-40,-32],[-9,-101],[-18,-33],[-76,-14],[-77,-43],[-81,23],[-27,33],[-78,-31],[-278,59],[-73,-9],[-30,-15],[-26,39],[-82,27],[-75,34],[-37,-2],[-63,23],[-111,-33],[-62,-61],[-15,-70],[5,-38],[-15,-37],[-67,-69],[-15,-31],[12,-59],[4,-109],[-30,-87]],[[29389,23326],[72,-16],[19,-44],[59,-54],[49,-67],[84,-80],[39,-17],[121,-103],[33,-15],[50,3],[14,-69],[31,-57],[27,-85],[80,50],[27,4],[41,-42],[100,25],[23,-13]],[[30258,22746],[-55,-53],[-43,-72],[40,-59],[14,-117],[-47,-27],[-20,-30],[-144,-51],[4,-69],[-21,-24],[-49,-1],[17,-49],[-78,-25],[-4,-83],[-35,-57],[-107,-32],[-37,-43],[-54,-19],[-26,-28],[-78,11]],[[29535,21918],[-75,26],[-16,-38],[-8,-89],[-49,10],[-25,-40],[-32,-6],[-61,11],[-24,-28],[-54,-2],[-93,-34],[-132,20],[-78,78],[-49,20],[-9,42],[-24,19],[-70,-44],[-50,8]],[[28686,21871],[-22,62],[-38,57],[-83,29],[-26,21],[-12,43],[-181,28],[-44,-9],[-39,27],[-17,128],[10,33],[-15,56],[-56,18],[-30,-35]],[[33104,24924],[5,-11]],[[33109,24913],[-171,-108],[-12,-34],[46,-64],[-38,-97],[-64,-41],[-12,-56],[-45,-31],[-1,-62],[-15,-22],[-54,-13],[-55,18],[-68,-25],[-90,1],[-49,12],[-82,48],[-30,3],[-45,-34],[-47,-6],[-116,-79],[-38,-105],[-19,-24],[-50,-12],[-44,28],[-40,-9],[-65,-48],[-123,-45],[-91,-61],[-28,-58]],[[31663,23989],[-97,175],[-28,71],[30,28],[-2,41],[16,52],[-68,52],[-178,-38],[12,235],[-101,117],[-47,41],[0,55],[-326,-1],[-22,15],[-87,22],[-35,-6],[11,69],[-40,27],[-33,-2],[-35,31],[-65,-22],[-31,35],[-38,-9],[-164,-11],[-44,56],[-4,96],[-38,22],[25,33],[62,42],[105,28],[80,14],[89,56],[32,40],[-9,77],[-115,17],[-5,27],[-63,-4],[-50,58],[95,13],[-25,90],[44,100],[-23,50],[6,41],[-17,26],[3,40],[-15,76],[-18,19],[46,157],[19,14],[15,73],[81,-76],[55,-93],[18,-48],[29,17],[31,59],[1,32],[25,58],[-12,115],[46,109],[36,58],[33,35],[136,80],[4,19],[-13,110],[13,24],[2,65],[-12,21],[50,30],[17,-65],[64,3],[61,150],[121,55],[6,-114],[21,-39],[18,-125],[12,-39],[46,-48],[34,7],[8,-50],[-3,-77],[-20,-70],[3,-125],[-22,-18],[39,-115],[11,-101],[67,-109],[40,-79],[91,-22],[77,-7],[45,-61],[51,-4],[74,68],[41,72],[47,62],[45,107],[62,72],[66,9],[56,60],[88,32],[44,-21],[27,5],[5,-68],[14,-53],[37,-44],[17,-42],[-12,-39],[39,-30],[123,-190],[44,33],[25,-59],[-4,-118],[19,-97],[23,-37],[-13,-56],[-38,-67],[-37,-12],[-117,-75],[-30,-70],[8,-49],[-31,-44],[-11,-61],[58,-57],[2,-59],[29,-102],[-9,-42],[60,-13],[57,-109],[159,62],[174,102],[123,65]],[[26511,27202],[39,20],[157,16],[29,35],[-48,15],[-26,23],[-1,82],[-12,25],[58,75],[64,23],[64,-2],[-2,79],[14,26],[54,44],[55,90],[26,75],[34,43],[-4,62],[22,19],[79,3],[33,22],[91,12],[42,-5],[92,30],[120,123],[109,22],[8,53],[70,115],[32,35],[36,13],[60,49],[32,50],[62,47],[81,72],[47,62],[41,91],[22,24],[69,29],[18,23],[16,83],[59,59],[-8,95],[65,91],[8,54],[40,100],[-16,72],[-43,18],[-46,59],[-5,54],[-33,69],[72,64],[3,25],[-44,72],[-1,25],[39,52],[65,25],[86,-5],[43,-27],[96,66],[63,-14],[27,37],[108,65],[90,33],[123,77],[18,40],[46,180],[54,29],[65,-9],[50,-33],[79,-8],[66,-67],[44,-25],[42,2],[27,-55],[31,-36],[37,-10],[78,32],[32,42],[48,15],[29,56],[83,2],[60,20],[69,-31],[63,-14],[43,-43],[59,-19],[35,36],[80,32],[65,39],[40,-6],[67,-34],[60,3],[33,-14],[49,26],[61,-3],[28,-15],[49,-82],[62,20],[71,1],[33,-25],[26,-81],[46,-119],[25,-26],[100,-21],[81,-9],[36,-74],[17,-16],[85,-14],[141,-126],[53,-19],[17,-21],[10,-57],[68,-65],[52,31],[51,8],[128,-21],[30,-47],[44,-25],[-17,-118],[0,-135],[21,-39],[74,-19],[87,-56],[36,-87],[54,-31],[51,6],[44,20],[51,-13],[30,-55],[37,-22],[76,-13],[54,-67],[80,-61],[50,4],[60,36],[70,-31],[76,-60],[55,-88],[91,17],[70,-33],[66,-8],[118,22],[39,-29],[-4,-38],[-32,-84],[-32,-44],[-40,-4],[-31,-27],[0,-85],[-24,-76],[60,-87],[12,-74],[-31,-83],[18,-57],[42,-6],[94,-57],[41,0],[73,17],[50,-3],[12,-24],[-21,-49],[-41,-18],[-26,-56],[-40,-25],[6,-63],[-13,-24],[-78,-40],[-4,-21],[49,-43],[5,-58],[-5,-107],[34,-68],[27,-16],[40,3],[81,43],[38,-8],[21,-77],[22,-26],[60,-18],[72,-76],[27,-50],[-19,-42],[8,-94],[74,-82],[64,-15],[53,0],[70,13],[130,9],[32,-21],[34,-59],[39,-18],[51,35],[35,58],[38,33],[16,37],[117,12],[50,-13],[31,-48],[9,-56],[-29,-37],[10,-79],[-52,-69],[-3,-89],[43,-93],[94,-40],[16,-38],[51,0],[59,-32],[127,-9],[73,-91],[-25,-57],[0,-47]],[[34882,26094],[-44,-44],[-83,-38],[-42,16],[-79,8],[-45,-7],[-64,24],[-64,-129],[-40,-15],[-262,-200],[-61,-67],[-26,2],[-37,-33],[-22,7],[-51,-29],[-32,19],[-71,-58],[-5,-61],[-36,-11],[-48,-41],[-28,2],[-68,-59],[-32,13],[-60,-81],[-67,-18],[-15,-42],[-91,-77],[-29,8],[-18,-36],[-79,-29],[28,-19],[-30,-39],[-48,-9],[-30,-30],[-54,-6],[-45,-91]],[[31663,23989],[-27,-20],[-15,-49],[-120,-71],[-70,-13],[-32,-25],[6,-33],[-20,-27],[11,-31],[-38,-7],[-67,9],[-39,-32],[-20,-79],[-39,-28],[-15,-67],[-24,-36],[-7,-54],[-28,-8],[-128,85],[-48,16],[-34,-15],[5,-52],[-35,-17],[-47,-64],[-36,-27],[-37,-82],[-42,-24],[-48,8],[-26,-16],[-58,21],[-35,-44],[-82,-10],[-16,-31],[21,-32],[-12,-39],[34,-64],[-36,-73],[21,-27],[-58,-63],[-55,-36],[32,-35],[33,-11],[-16,-38],[-39,-28],[-33,-42],[-39,-6],[-47,74]],[[25682,17688],[45,-57],[45,-29],[42,-4],[227,46],[36,43],[18,90],[61,73],[25,51],[50,56],[127,55],[318,255],[154,102]],[[26830,18369],[53,-99],[33,-262],[-60,-93]],[[26856,17915],[-31,-92],[25,-25],[-13,-35],[3,-51],[56,-72],[9,-34],[54,-54],[-25,-62],[-80,-121],[-7,-32],[-46,-66],[10,-29],[112,9],[38,-56],[-7,-44],[13,-36],[58,-56],[40,-74]],[[27065,16985],[-34,-13],[-65,0],[-63,-92]],[[26903,16880],[-20,32],[-22,70],[-85,3],[-52,21],[-56,-40],[-85,15],[-106,-43],[-30,15],[6,30],[-35,30],[4,55],[-32,39],[-80,46],[-109,100],[-46,52],[-22,42],[-26,6]],[[26903,16880],[10,-38],[-37,-90],[10,-37],[-36,-14],[-89,-2],[-78,-41],[-44,-76],[14,-80],[-86,-109],[-35,-93],[-4,-71],[-23,-20],[-33,-77],[-34,-125],[-39,-113],[-25,-25],[-34,-93],[-60,-46],[-87,-33],[-24,-68],[-79,-38],[-17,-51],[-35,-53],[-26,-18]],[[26012,15469],[-17,-4]],[[25995,15465],[-27,48],[0,36],[-144,69],[-22,30],[-76,-11],[-88,4]],[[26520,19076],[7,-1]],[[26527,19075],[-23,-51],[8,-99],[-10,-50],[-32,-40],[-21,-72],[1,-67],[27,-77],[39,-59],[76,-5],[41,-13],[68,-99],[29,-27],[52,-8],[48,-39]],[[26856,17915],[71,-30],[107,196],[92,51],[25,-36],[80,-68],[167,49],[4,-11],[85,-21]],[[27487,18045],[-32,-15],[-29,-87],[-46,-5],[-53,-60],[0,-147],[-27,-73],[-24,-37],[22,-92],[-8,-69],[9,-35],[-18,-85],[-34,-13],[-22,-70],[-32,-38],[-15,-41],[-42,-31],[-34,-103],[-42,-42],[5,-17]],[[26527,19075],[207,134],[91,43],[96,78],[48,-43],[43,-52],[128,-8],[223,24],[70,18],[25,17],[218,20]],[[27676,19306],[-6,-25],[23,-49],[29,-19],[18,-75],[34,36],[31,-13],[-8,-42],[47,-11],[-34,-43],[-30,-68],[49,-36],[-75,-23],[-39,-38],[-10,-55],[-26,-35],[44,-64],[-4,-46],[-36,-122]],[[27683,18578],[26,-68],[-42,-54],[-26,-49],[2,-43],[-17,-52],[10,-109],[-13,-35],[-88,-63],[-48,-60]],[[26172,20012],[74,0],[60,-35],[109,-5],[77,-37],[93,51],[128,62],[79,4],[64,28],[70,56],[31,35],[31,67],[50,33],[75,-43],[55,-6],[48,46],[-3,71]],[[27213,20339],[54,-18],[-7,-42],[16,-75],[46,-29],[71,-12],[32,37],[56,-17],[29,29],[33,-11],[32,21],[35,-43],[52,28],[19,-27],[-29,-42],[6,-40],[34,-11],[-36,-85],[-2,-51],[-23,-73]],[[27631,19878],[-79,-149],[-32,-18],[21,-34],[-48,-28],[39,-60],[-54,-85],[78,-28],[30,39],[27,-46],[29,29],[21,-28],[-8,-50],[29,-36],[-8,-78]],[[25781,20603],[105,34],[72,15],[149,17],[171,-3],[114,-17],[212,-47],[128,-12],[95,10],[81,20],[107,47],[56,36],[123,108],[420,389],[87,64],[97,44],[143,35]],[[27941,21343],[4,-26],[39,-37],[36,-3],[68,-63],[20,-33],[-44,-170],[14,-61],[30,-47],[-10,-117],[-16,5],[-17,-114],[-49,5],[-6,-96],[-41,-20],[10,-36],[-17,-59],[-27,-33],[11,-52],[-77,-32],[-25,16],[-83,22],[-112,65],[-10,-29],[-65,-47],[-52,-16],[-21,68],[-62,1],[-54,14],[-46,-30],[-68,3],[-57,-24],[-1,-58]],[[28686,21871],[3,-75],[-59,-50],[-34,-42],[-26,-101],[-56,-61],[-40,-75],[-533,-124]],[[29535,21918],[3,-49],[-28,-97],[-2,-64],[-44,-50],[15,-63],[-24,-21],[16,-48],[-3,-55]],[[29468,21471],[-26,-86],[-51,-32],[41,-61],[-22,-33],[5,-50],[-83,-64],[-32,-42],[-10,-45],[-23,-20],[2,-40],[-59,-38],[-55,-6],[-30,-35],[-49,2],[-49,-37],[27,-57],[-6,-92],[6,-66],[43,-107],[41,-22],[42,-115],[-1,-43],[26,-45],[-4,-77],[15,-104],[-44,-24],[-82,13],[-38,-13],[-35,-57],[-63,-48],[-15,-42],[26,-85],[33,-34]],[[28998,19866],[-38,-33],[-157,-117],[-83,-12],[-3,-21],[-50,-47],[-27,21],[-30,-17],[-39,9],[-20,28],[-51,-23],[-56,48],[-17,51],[-60,10],[-43,29],[-27,-24],[-86,-13],[-227,31],[-81,37],[-56,6],[-134,61],[-82,-12]],[[28998,19866],[48,29],[49,-7],[30,13],[35,40],[80,9],[53,20],[70,0],[39,30],[52,20],[67,12],[76,-27],[34,12],[94,-103],[2,-139],[31,-66],[4,-66],[-14,-75],[-25,-63],[-40,-54],[-67,-61],[-12,-38],[36,-155],[-6,-74],[-37,-42],[67,-35],[40,-136],[3,-63],[53,-59],[39,-30],[34,-65],[-78,-264]],[[29755,18429],[21,-114],[-50,-33],[-27,35],[-30,-53],[-31,17],[-23,-57],[-8,-64],[-37,-2],[-16,-56]],[[29554,18102],[-51,5],[-295,-18],[-24,243],[-185,-23],[-361,-51],[-81,3],[-318,116],[-178,63],[-295,110],[-83,28]],[[29554,18102],[0,-103],[-31,-19],[-151,-6],[-82,11],[-38,-26],[-18,-95],[12,-112],[-4,-31],[23,-32],[40,0],[3,-58],[-49,-29],[-30,-55],[35,-50],[-29,-25],[-117,-209]],[[29118,17263],[-47,-58],[-119,-72],[-6,-22],[34,-40],[-7,-59],[17,-55],[-24,-20],[17,-92],[-11,-81],[21,-69],[21,-134],[-53,-170],[1,-80],[-32,-59],[-21,-91],[-47,-62],[-10,-62],[-51,-98],[5,-80],[-30,-92],[-50,-52]],[[28726,15715],[-45,21],[-7,40],[27,27],[7,34],[-26,72],[-58,24],[-66,11],[-47,32],[-69,86],[-15,33],[-3,93],[5,121],[10,46],[-2,137],[-57,54],[-4,28],[-37,2],[-40,-75],[-60,-17],[-22,29],[9,29],[-8,83],[-69,151],[-38,60],[-25,18],[24,81],[-20,31],[-67,-5],[-44,-32],[-115,-52],[-197,19],[-70,25],[-65,5],[-100,73],[-46,146],[-80,-105],[-56,-46],[-75,-25],[-67,-41],[-64,-56],[-26,-40],[-115,48]],[[29118,17263],[36,-35],[1,-60],[77,-73]],[[29232,17095],[26,-56],[33,-157],[23,-56],[43,-69],[173,-203],[135,-184],[86,-232],[15,-57],[-37,-92],[35,-100],[41,-33],[9,-61],[30,-9],[66,-60],[45,-24],[-32,-72],[-38,-35],[-23,-44],[10,-101],[-12,-24],[7,-71],[-36,-64],[-22,-59],[10,-20],[-35,-90],[26,-38],[-14,-61],[62,-9],[39,-56],[49,-23],[18,-69],[-11,-40],[49,-47],[13,-87],[-23,-12],[17,-83],[20,-23],[-6,-38],[41,-35],[18,-64],[29,-62],[-8,-77],[-51,-25],[1,-32],[-42,-58],[44,-62],[-10,-41],[-43,-20],[-14,-32],[19,-25],[-10,-60],[2,-65],[-21,-9],[7,-45],[47,-31],[-25,-68],[-79,-7],[-11,-69],[3,-44],[-63,-53],[-55,-71],[3,-26],[-33,-34],[-6,-50],[-52,-98],[47,-48],[-25,-46],[-69,-65],[-35,-8],[-25,-34],[-46,-1],[-65,-41],[-33,2],[-76,-32],[-24,-33],[-73,-45],[-26,-30],[-72,-21],[-65,-78],[-125,-59],[-68,-61],[-67,-35],[-27,-35],[-60,-39],[-25,-46],[43,-81],[44,-125],[-6,-39],[-41,-108],[47,-59],[3,-61],[-46,-61],[-20,-97],[-60,-67],[-58,-27],[-25,-28],[0,-54],[-82,-69],[-74,-52],[-2,-54],[-35,-81],[-43,-24],[-46,-75],[-59,-62],[-64,-22],[-58,-35],[-34,-43],[-68,-34],[-66,0]],[[28005,11160],[18,31],[40,17],[53,53],[50,78],[-17,77],[-46,32],[-49,-7],[-63,26],[-67,75],[-17,76],[-103,88]],[[27804,11706],[46,25],[-20,84],[38,35],[-16,49],[-2,52],[14,41],[-12,31],[12,45],[-10,54],[-30,67],[36,37],[-12,62],[17,34],[44,37],[-4,107],[29,70],[-39,45],[-55,18],[-56,-9],[-7,-31],[13,-98],[-37,-70],[-39,-20]],[[27714,12371],[-8,97],[-42,72],[2,84],[19,105],[-7,63],[-37,53],[-20,50],[-68,58],[-56,139],[14,47],[-15,42],[-3,75],[22,40],[-57,131],[-30,37],[-72,47],[-44,40],[-44,17],[-74,89],[-28,12],[-43,54],[-4,41]],[[27119,13764],[27,57],[45,53],[31,23],[11,46],[86,81],[59,31],[89,93],[37,76],[33,7],[27,50],[53,31],[56,61],[23,48],[-25,58],[8,31],[37,31],[49,105],[62,100],[32,36],[27,54],[43,57],[30,-3],[23,41],[43,-8],[34,29],[57,26],[72,132],[93,59],[18,26],[55,11],[26,-14],[42,21],[36,-6],[76,68],[-7,33],[6,89],[-23,35],[13,49],[37,30],[-11,35],[62,48],[12,51],[42,12],[61,58]],[[27119,13764],[-51,50],[-71,35],[-114,68],[-9,51],[-51,46],[3,21]],[[26826,14035],[36,44],[-4,82],[10,41],[62,124],[-15,60],[53,25],[5,59],[-34,55],[0,28],[28,38],[0,42],[-31,59],[-35,45],[-39,29],[-57,-42],[-69,-16],[-19,-34],[-56,-32],[-75,-10],[-34,-33],[-55,-22],[-115,-10],[-81,63],[-38,58],[-7,43],[-75,111],[-15,76],[1,72],[-30,79],[-11,52],[-94,187],[-2,61],[-18,100]],[[32186,18956],[15,-96],[51,7],[4,-176],[69,-15],[73,-82],[84,-22],[-12,-40],[41,-12],[-13,-51],[147,-77],[70,-50],[32,2],[50,-25],[75,-77],[13,-141],[51,-47],[65,-46],[-113,-83],[-14,-39],[-74,-18],[-71,-45],[-24,-44],[-66,-57],[6,-49],[-47,-29],[-46,30],[-7,-39],[-80,-36],[-15,-38],[-39,2],[-86,-68],[-64,-16],[-10,-57],[-42,-63],[-56,-61],[-117,-105]],[[32036,17193],[51,236],[-29,141],[-170,209],[13,36],[-51,57],[-51,111],[-3,66],[-21,49],[-121,49],[-51,66],[-64,43],[-83,-19],[-86,35],[-64,1],[-27,15],[-28,60],[18,38]],[[31269,18386],[131,104],[280,205],[137,82],[369,179]],[[31269,18386],[12,21],[-25,42],[2,64],[-34,87],[-27,49],[-79,85]],[[31118,18734],[19,31],[-20,54],[-17,84],[13,51],[-9,30],[42,29],[41,95],[38,112],[39,85],[-3,41]],[[31261,19346],[33,3],[106,-37],[30,-35],[39,-11],[63,5],[39,-14],[44,-84],[28,-34],[20,42],[43,31],[59,8],[24,20],[47,75],[22,76],[50,49],[44,-5],[139,22],[62,92],[63,1],[38,95],[15,154],[61,7],[94,-42],[106,-92],[166,-113]],[[32696,19559],[-93,-78],[-6,-51],[-57,-59],[11,-70],[60,-60],[-1,-71],[17,-31],[51,-37],[73,-11],[0,44],[35,-9],[34,16],[0,63],[47,-31],[-31,-58]],[[32836,19116],[-81,-44],[-59,-21],[-145,20],[-50,-2],[-142,-36],[-75,-26],[-98,-51]],[[32836,19116],[18,-44],[37,-30],[37,-65],[-1,-34],[21,-85],[49,-2],[45,-27],[27,-49],[-35,-87],[25,-7],[15,-56],[22,-32],[-6,-67],[32,-34],[58,-16],[34,14],[50,-101],[80,17],[41,-19],[29,11],[32,-28],[58,-96],[-48,-44],[30,-44],[-37,-20],[-19,-44],[9,-68],[18,-30],[61,-59],[16,18],[56,14],[42,-8],[51,16],[44,-8],[-10,-37],[51,-10],[70,27],[73,-2],[69,-35]],[[33980,17945],[36,-97],[17,-126],[-28,-106],[11,-47],[-39,-46],[-86,5],[-172,-24],[2,-34],[-23,-63],[-66,-92],[-7,-101],[-46,-83],[-78,-67],[-7,-16],[-74,-64],[-45,-49],[-77,-111],[-65,-4],[-84,-46],[-131,52],[-99,-7],[-12,-35],[-63,-54],[-26,-62],[120,-94],[25,-34],[64,-53],[71,-78],[36,-21],[-7,-44],[-48,-29],[-17,-92],[-28,-19],[-99,-10],[-49,-86],[-34,-42],[-126,-33],[-51,2],[-28,34],[-40,153],[-52,69],[-73,-9],[21,89],[-59,107],[-58,1],[-50,15],[-51,64],[12,70],[-18,68],[-62,36],[-110,39],[-54,-29],[-25,11],[-36,87]],[[31992,16840],[39,212],[5,141]],[[31992,16840],[-179,114],[-83,-7],[-13,-48],[-36,7],[-22,29],[-191,-24],[-1,-64],[-62,-1],[0,68],[-79,-9],[-97,-225],[-40,49],[4,33],[-73,7],[-39,21],[-31,-16]],[[31050,16774],[-41,22],[-11,75],[-37,18],[-71,123],[-7,64],[32,89],[64,53],[8,83],[-15,10],[33,75],[-34,42],[-12,47],[-28,16],[-20,45],[-59,12],[-42,37],[-59,24],[-10,30],[-53,11],[-20,38],[-57,42],[-19,44],[-57,56],[6,66],[-9,28],[-51,65],[-32,19],[-48,52],[-12,36],[-63,46],[-54,-13],[-51,1],[-29,15],[-33,72],[-1,41],[55,56]],[[30213,18314],[86,36],[27,29],[2,50],[39,25],[-13,56],[31,4],[39,66],[49,-1],[21,58],[52,0],[-9,-71],[45,31],[45,-16],[42,37],[25,47],[32,28],[46,8],[20,-18],[-30,-41],[57,-20],[65,31],[47,-20],[33,6],[26,-41],[25,33],[88,41],[-23,64],[38,-2]],[[29755,18429],[20,32],[54,28],[80,-22],[20,-27],[54,-2],[14,42],[62,-30],[26,-39],[25,30],[27,-23],[-23,-30],[1,-38],[-24,-38],[39,-24],[83,26]],[[31050,16774],[-141,-151],[3,-69],[-38,-77],[-34,-36],[-84,-19],[-54,-145],[-29,-9],[-59,68],[-53,98],[-84,74],[-44,14],[-106,52],[-98,30],[-29,39],[-78,75],[-47,20],[1,107],[-195,60],[-398,167],[-251,23]],[[29468,21471],[117,-17],[73,13],[313,76],[210,-156],[83,-52],[15,-34],[40,-176],[52,-406],[15,-165],[33,-101],[38,-62],[66,-55],[151,-87],[-1,-70],[103,-31],[-5,-31],[24,-45],[-27,-53],[31,-56],[-39,-92],[25,-38],[126,-4],[21,-42],[-10,-54],[58,-55],[1,-34],[27,-38],[-2,-33],[-34,-37],[-5,-78],[50,-47],[67,-7],[38,-18],[54,-52],[85,12]],[[33109,24913],[25,-75],[-2,-277],[30,-86],[34,-147],[-34,-95],[93,-134],[-7,-62],[-34,-20],[-61,-98],[8,-34],[-28,-68],[10,-39],[-30,-88],[-34,-41],[30,-86],[-33,-73],[-25,-21],[8,-34],[-33,-75],[30,-29],[-8,-25],[39,-43],[113,-89],[48,-82],[113,-120],[12,-28],[50,-45],[15,-70],[24,-32],[-31,-55],[12,-49],[120,-95],[37,-35],[-13,-39],[27,-51],[3,-52],[-44,-38],[-79,-29],[-37,-26],[-10,-30],[-56,-59],[-60,-26],[-25,-39],[-57,-17],[-19,-26],[-20,-77],[51,-48],[51,-63],[49,-16],[62,-66],[80,-49],[200,-225],[119,54],[56,63],[72,-34],[59,17],[76,58],[40,-12],[95,23],[64,3],[63,-23],[96,-63],[67,-12],[31,-42],[11,-52],[-11,-62],[50,-97],[27,-17],[103,-35],[33,-24],[11,-102],[17,-48],[-15,-62],[22,-36],[70,47],[34,-1],[40,-47],[37,-6],[101,43],[65,35],[61,-7],[58,28],[34,32],[67,-20],[90,8]],[[35446,21196],[-15,-81],[-38,-73],[-174,-148],[-95,-27],[-92,-17],[-78,-3],[-81,20],[-125,47],[-126,-42],[-39,-75],[-47,-46],[-380,-103],[-38,-34],[-62,-74],[-63,-42],[-49,-10],[14,-44],[-31,-19],[-211,-161],[-35,-72],[-42,-63],[-74,-14],[-53,-46],[0,-20],[-54,-138],[17,-45],[-17,-50],[-62,-37],[-27,-64]],[[33369,19715],[-231,301],[-90,-68],[-16,-41],[-30,-2],[-45,-44],[5,-29],[-36,-45],[-77,-23],[-23,-54],[-69,-35],[-29,-44],[-3,-43],[-29,-29]],[[35446,21196],[71,-10],[144,53],[56,-46],[78,0],[474,-428],[18,-41],[70,-103],[4,-31],[81,-113],[-17,-60],[10,-42],[-10,-101],[29,-55],[48,-31],[-1,-34],[-25,-30],[-10,-47],[53,-84],[-3,-50],[-71,-8],[-94,-50],[-94,-29],[-67,-47],[-51,7],[-21,-34],[15,-82],[-9,-47],[-31,-50],[-10,-98],[-24,-48],[6,-39],[-5,-82],[-20,-27],[-45,-13],[-62,-39],[-29,-72],[-31,-32],[-68,30],[-24,54],[-34,5],[-63,-63],[-7,-66],[36,-46]],[[35713,19067],[-68,35],[-107,3],[-72,10],[-33,40],[-5,70],[-35,45],[-35,21],[-56,-1],[-74,-43],[-63,-47],[-48,31],[-47,-15],[-17,17],[-5,82],[-27,13],[-38,-34],[-45,18],[-56,3],[-14,-15],[13,-71],[-15,-32],[13,-32],[-20,-29],[-31,1],[-99,39]],[[34729,19176],[-43,88],[-88,60],[-77,41],[-49,86],[-160,-46],[-63,-31],[-145,-45],[-104,-38],[-61,-49],[-362,265],[-139,134],[-69,74]],[[34729,19176],[25,-46],[67,-69],[44,-69],[35,-78],[85,-84],[13,-91],[-12,-32],[-60,-68],[-45,-19],[-97,-82],[-51,-31],[-26,-62],[-49,-66],[-19,-48],[-34,-164],[86,-137],[19,1],[13,-87],[-47,-33],[36,-92],[-73,-58]],[[34639,17761],[-36,14],[-21,-20],[-70,-8],[-20,43],[-34,4],[-42,29],[-44,-28],[-20,34],[-57,2],[-31,53],[-67,16],[-93,52],[-27,-30],[-42,20],[-55,3]],[[34639,17761],[37,-29],[40,8],[27,-54],[43,-16],[76,17],[58,-23],[36,-53],[7,-45],[36,-19],[3,-41],[39,-16],[29,-32],[62,0],[39,-21],[0,-28],[30,-27],[32,-87],[63,-64],[27,-38],[28,-158],[29,-44],[3,-73],[-23,-107],[-55,-53],[-2,-73],[14,-55],[-7,-89],[20,-30],[-49,-120],[43,-35],[-17,-46],[51,-97],[6,-123],[35,-27],[-19,-129],[15,-31],[-39,-48],[20,-83],[4,-70],[-72,-127],[-2,-31],[-48,-67],[-38,-38],[-37,-59],[26,-30],[-25,-53],[70,-120],[-8,-32],[39,-82],[29,-22],[2,-47],[34,-34],[34,-127],[-15,-76],[-46,-21],[-10,-100],[-35,-45],[4,-51],[-14,-35],[-41,-18],[-67,-84],[-74,-34],[-21,-74],[18,-48],[15,-88],[-22,-24],[27,-42],[-10,-22],[-88,-40],[-31,-71],[-48,-63],[49,-20],[39,-37],[19,22],[86,-16],[41,9],[38,34],[84,19],[48,21],[53,-26],[26,20],[54,11],[49,25],[60,-16],[31,-78],[4,-118],[-12,-72],[12,-50],[-29,-45],[11,-69],[4,-87],[-18,-8],[-16,-52],[17,-45],[-31,-19],[-12,-65],[-24,-19],[-56,-90],[4,-23],[-51,-102],[-7,-37],[-45,-56],[-1,-70],[-70,-100],[-14,-43],[-20,-124],[-93,-124],[-56,-85],[-42,-87],[10,-51],[-8,-56],[-51,-62]],[[35009,12106],[-11,23],[-78,69],[-9,28],[26,71],[-31,47],[-32,10],[-49,-19],[-36,-56],[-17,-52],[-39,-20],[-35,18],[-32,-6],[-24,-53],[-40,-37],[-67,2],[-38,55],[-37,8],[-36,-13],[-93,-87],[-22,0],[-18,59],[34,58],[-57,6],[-38,62],[-33,0],[-31,-127],[-40,-56],[-20,-67],[-51,-33],[-16,-108],[-30,-18],[-115,14],[-47,-56],[-72,16],[-167,-45],[-91,-46],[-22,-63],[-60,-87],[-71,-41],[-89,-74],[-42,26],[-8,70],[-29,33],[-65,16],[-125,-34],[-39,-48],[-30,-3],[-88,70],[-43,-5],[-68,-76],[-53,-44],[-57,14],[-24,-15],[15,-69],[-47,-49],[-7,-73],[-4,-130],[-31,-22],[-69,21],[-48,26],[-62,6],[-47,-13],[-80,-66],[-34,-45],[8,-28],[-15,-65],[-79,-103],[-68,-19],[-63,48],[-61,-15],[-23,10],[-38,51],[-97,14],[-89,-26],[-54,20],[-5,71],[16,103],[-24,88],[-51,57],[-37,10],[-129,-63],[-22,-22],[-49,-9],[-105,60],[-61,67],[-61,-8],[-41,104],[-29,19],[-54,5],[-83,-21],[-113,5],[-91,64],[-59,-19],[-62,-108],[-7,-60],[-68,-36],[-39,-40],[-9,-73],[-29,-28],[-41,-9],[-5,-35],[15,-113],[24,-43],[-7,-47],[-46,-84],[-13,-44],[-64,-48],[-87,-41],[-56,-13],[-13,-34],[21,-44],[-13,-51],[-74,-89],[-73,-60],[-62,24],[-52,-20],[-52,23],[-145,43],[-54,-16],[-66,-2],[-19,-54],[-100,-61],[-23,-23]],[[29394,10290],[-31,26],[-120,75],[-22,46],[11,43],[-53,39],[-13,33],[6,67],[-11,75],[-48,84],[-38,46],[-61,36],[-33,48],[-70,53],[-16,43],[-49,25],[-40,-8],[-37,-37],[-14,-38],[-62,3],[-45,-17],[-32,9],[-46,63],[-77,45],[-55,-19],[-68,32],[-56,3],[-37,61],[-71,35],[-139,-32],[-62,31]],[[35713,19067],[-22,-51],[18,-37],[56,-29],[11,-81],[19,-32],[82,-32],[17,-27],[-12,-51],[-59,-28],[-11,-41],[-51,-39],[-4,-47],[12,-58],[-27,-61],[6,-39],[25,-27],[72,-34],[50,-52],[78,-10],[59,-41],[83,-32],[110,-14],[40,-31],[69,-18],[34,-22],[42,21],[79,18],[41,65],[48,11],[74,-1],[131,15],[43,-5],[42,20],[23,54],[42,25],[98,121],[2,54],[-15,79],[51,97],[114,-5],[34,-26],[58,-23],[11,-40],[28,-20],[12,-42],[52,15],[30,-14],[30,-39],[53,3],[87,75],[110,-25],[50,13],[24,47],[39,-21],[160,30],[6,56],[39,48],[49,25],[52,54],[52,35],[37,65],[45,15],[80,-61],[30,23],[44,12]],[[38395,18907],[52,-34],[25,-52],[111,-40],[46,-51],[-15,-84],[39,-41],[65,-19],[42,2],[-22,-57],[16,-64],[-49,-27],[-37,-54],[-89,-82],[7,-46],[113,-57],[89,-34],[73,7],[70,49],[100,29],[41,-1],[53,15],[58,-58],[-22,-49],[16,-33],[47,4],[45,-28],[-18,-52],[-66,-21],[-29,-64],[23,-58],[78,-102],[23,-41],[0,-929],[50,-13],[43,13],[178,12],[219,-17],[73,2],[80,-20],[147,-60],[149,-97],[61,-70],[72,-106],[38,-87],[37,-153],[14,-114],[-2,-61],[-16,-89],[-25,-99],[-45,-75],[-73,-74],[-158,-123],[-211,-188],[-86,-101],[-39,-29],[-54,-66],[-53,-29],[-35,-43],[-87,-56],[-86,-71],[148,-27],[86,25],[122,8],[34,-62],[91,56],[29,-4],[71,36],[34,30],[27,-1],[41,-48],[9,-40],[48,-21],[51,18],[55,75],[31,-26],[-25,-72],[72,-45],[68,-14],[-14,-75],[-121,-57],[17,-69],[-52,-2],[-54,17],[-27,-36],[-20,-77],[37,-37],[62,-15],[-3,-54],[20,-38],[41,-35],[-38,-28],[-84,34],[-79,7],[-26,-40],[33,-48],[63,-19],[-4,-47],[-57,-67],[14,-33],[71,7],[30,-31],[12,-42],[64,29],[72,-11],[13,59],[72,44],[87,2],[22,47],[66,-11],[-23,-74],[67,-21],[-21,-23],[10,-169],[36,5],[52,-39],[36,-5],[22,-50]],[[40859,13907],[3,-38],[-38,-22],[-7,-57],[16,-39],[-2,-55],[-29,-48],[-3,-95],[-22,-34],[-79,-48],[-55,-23],[-43,-36],[7,-41],[30,-40],[8,-42],[30,-35],[62,-29],[12,-54],[-50,-30],[-44,4],[-48,-26],[-54,-129],[-62,-53],[-42,-9],[-63,-91],[-153,-105],[-51,19],[-21,-25],[-67,3],[-23,39],[-26,3],[-44,-29],[-57,0],[-166,-50],[-28,20],[8,59],[-43,12],[-74,-35],[-59,1],[-9,28],[30,102],[58,42],[-24,46],[-38,1],[-50,-26],[-60,4],[-195,-73],[-68,5],[-54,-8],[-35,20],[-22,55],[-115,25],[-51,-1],[-58,-57],[-98,-34],[-54,-31],[-72,-24],[-69,-58],[-47,-61],[-50,-33],[-41,-96],[-31,-10],[-47,35],[-76,5],[-61,-23],[-104,-67],[-68,-34],[-127,-18],[-27,-13],[-43,-50],[-95,-54],[-52,-43],[-48,-54],[-108,-31],[-75,14],[-92,-7],[-25,-11],[-14,-61],[-49,-44],[-88,-43],[-88,-25],[-113,-6],[-139,31],[-107,8],[-153,54],[-137,62],[-77,10],[-35,-13],[-42,-72],[-139,-85],[-55,-48],[-30,-44],[19,-28],[0,-49],[-70,-108],[-86,-29],[-85,-45],[-58,1],[-78,-52],[-227,-42],[-49,-3],[-117,24],[-183,-23],[-51,-51],[-41,-18],[-123,-19],[-27,14],[-14,67],[-25,21],[-76,36],[-6,47],[71,47],[55,14],[77,-9],[66,41],[40,48],[3,41],[-75,19],[-55,54],[-11,42],[42,59],[-22,69]],[[38395,18907],[125,40],[75,45],[28,7],[43,-25],[40,106],[50,42],[46,89],[61,51],[9,35],[-3,67],[77,109],[85,17],[145,88],[81,36],[110,80]],[[39367,19694],[22,-54],[24,-8],[67,10],[130,-46],[100,-17],[45,0],[85,142],[35,22],[41,3],[114,25],[52,19],[47,-25],[33,-34],[106,-40],[88,5],[41,-52],[45,-19],[83,9],[50,-33],[76,-17],[74,-72],[37,-91],[20,-16],[48,-1],[49,23],[26,-5],[48,-48],[23,-3],[129,48],[102,5],[45,17],[31,43],[19,101],[65,67],[61,38],[119,27],[64,-5],[36,19],[50,54],[36,80],[53,-27],[35,-41],[62,-30],[57,83],[105,103],[56,13],[85,-31],[61,38],[50,103],[121,105],[39,16],[121,-10],[88,57],[162,19],[62,27],[63,60],[57,136],[35,24],[92,-15],[55,32],[23,34],[91,-48],[40,-52],[5,-30],[-28,-64],[-1,-43],[57,-112],[21,-23],[70,-43],[84,-16],[42,-63],[100,-21],[67,-52],[130,-1],[36,-18],[44,-62],[17,-54],[47,-98],[43,-115],[21,-15],[41,59],[36,29],[48,14],[152,85],[98,-3],[33,-9],[21,53],[57,51],[76,15],[94,-47],[82,2],[53,-34],[14,-76],[-74,-49],[23,-60],[-4,-51],[23,-47],[-49,-42],[-3,-43],[-27,-68],[32,-32],[32,-10],[23,-54],[48,-2],[111,-25],[83,16],[76,5],[41,16],[103,18],[50,41],[45,-39],[43,-21],[137,-35],[52,-40],[80,2],[49,-10],[112,11],[-3,-34],[-88,-19],[-17,-45],[-38,-33],[-41,-120],[44,-32],[28,-37],[11,-67],[-37,-52],[40,2],[25,-25],[123,-35],[25,-76],[-13,-14],[0,-74],[10,-48],[53,-76],[135,-108],[51,-51],[13,-32],[10,-88],[-19,-52],[-6,-82],[14,-52],[-23,-88],[10,-73],[-13,-81],[24,-41],[54,-19],[53,-55],[1,-26],[50,-67],[0,-25],[-57,-59],[-90,-44],[7,-66],[56,-68],[30,-59],[49,-58],[45,-5],[35,17],[88,2],[92,-10],[60,-48],[17,-69],[-22,-50],[-31,-23],[-96,-22],[-53,-91],[-71,-80],[-25,-61],[3,-27],[35,-27],[48,-10],[72,17],[47,-9],[6,-79],[-2,-114],[-21,-39],[-57,-23],[-22,-31],[-72,-32],[-6,-57],[-16,-38],[-110,-83],[-9,-30],[61,-50],[47,-12],[93,15],[56,-2],[71,14],[176,93],[72,68],[53,11],[72,-43],[12,-47],[-30,-90],[3,-61],[37,-50],[128,-48],[67,-20],[29,35],[35,7],[-12,37],[35,16],[130,111],[70,36],[22,-31],[67,-55],[-1,-62],[39,-94],[-3,-30],[-38,-12],[-12,-40],[56,-80],[4,-45],[41,-41],[11,-48],[80,-93],[22,-68],[-28,-60],[-1,-37],[32,-73],[47,-58],[16,-66],[-15,-25],[-151,-78],[-51,-56],[-27,-48],[-32,-29],[-8,-48],[-86,-101],[-30,-93],[-34,-18],[-55,0],[-31,46],[-15,60],[-67,-30],[-71,-60],[-71,-72],[-40,-69],[-43,-50],[-127,-62],[-52,-44],[-25,-62],[-26,-25],[-172,-16],[-53,-109],[-55,-79],[-25,-17],[-20,-84],[-34,-29],[-65,-84],[-24,-7],[-86,3],[-150,-85],[-36,11],[-79,-31],[-240,6],[-50,12],[-27,-11],[-6,-36],[-36,-72],[-96,-39],[-41,-99],[-30,-26],[-39,4],[-22,-26],[-64,-41],[-48,-9],[-53,-62],[-122,28],[-94,10],[-31,21],[-4,46],[-48,44],[-69,-62],[-24,-41],[-27,-15],[-29,-42],[-75,8],[-73,-3],[64,77],[-21,39],[-112,142],[-66,-26],[-47,1],[-115,-22],[-55,14],[-24,23],[-61,-4],[-31,-30],[-96,-11],[-83,3],[-63,47],[-104,16],[-52,-43],[-44,45],[-59,15],[-56,-12],[-61,0],[-9,17],[35,64],[-63,18],[-50,69],[-33,-10],[-108,6],[-20,27],[39,53],[11,43],[37,50],[42,19],[35,-8],[44,31],[14,37],[-25,48],[-1,133],[-37,22],[-5,23],[42,75],[22,66],[-54,19],[-21,88],[-35,12],[-59,-23],[-32,29],[-43,0],[-78,-17],[-32,9],[-30,39],[-18,51],[-37,64],[-42,-4],[-23,-54],[-35,7],[-15,42],[-61,-6],[1,-106],[-21,-15],[-92,47],[-25,-11],[3,-58],[-11,-45],[-49,-31],[6,-38],[27,-35],[-4,-28],[-55,-53],[-42,-7],[-33,14],[-73,88],[-33,7],[-56,-23],[-21,-33],[-41,-26],[-104,-25],[-64,14],[-17,57],[-34,11],[-60,-51],[-66,23],[-98,-6],[-55,12],[-38,-7],[-50,-53],[-35,-59],[-26,-16],[-90,4],[-47,16],[-14,27],[-85,18],[-95,-35],[-74,5],[-11,-84],[-38,-27],[-109,-33],[-19,-16],[22,-78],[-25,-41],[-100,-16],[-97,12],[-37,-28],[-64,-12],[-34,-46]],[[34882,26094],[79,-10],[10,-134],[12,-67],[17,-159],[-6,-49],[-39,-76],[-7,-40],[18,-58],[45,-21],[57,-63],[120,-75],[14,-49],[34,-48],[62,-58],[39,-10],[70,-36],[81,-92],[52,-17],[35,-56],[99,20],[70,-21],[30,-19],[73,-97],[27,-57],[75,-54],[24,-60],[4,-68],[14,-28],[-26,-72],[115,-84],[8,-34],[30,-13],[66,38],[48,-91],[56,-24],[9,-54],[25,-25],[23,-95],[36,-16],[15,-40],[75,-5],[23,-27],[16,-70],[57,-119],[37,-61],[68,-78],[42,-71],[70,-72],[32,-56],[31,-20],[63,-70],[52,-39],[32,4],[34,31],[48,-32],[38,-56],[48,-30],[30,-38],[55,2],[38,-13],[46,23],[25,52],[62,75],[49,-15],[77,4],[37,-45],[19,-49],[43,-1],[22,69],[42,51],[75,12],[-2,67],[14,28],[61,-6],[69,27],[23,-17],[103,-39],[35,-26],[47,-58],[52,-121],[-20,-88],[41,-99],[21,-178],[52,-72],[28,-55],[39,-132],[20,-129],[53,-138],[44,-42],[91,-40],[43,15],[41,-29],[88,35],[58,33],[18,-55],[-6,-57],[33,-33],[-21,-29],[19,-44],[2,-46],[41,-65],[64,-19],[30,9],[114,61],[83,-7],[49,-39],[34,-54],[7,-51],[-16,-46],[10,-34],[76,-70],[62,-120],[7,-47],[39,-73],[56,-71],[83,-55],[43,-40],[53,-78],[13,-55],[-30,-178],[-20,-34],[-71,-190],[-44,-49],[-11,-62],[25,-48],[-6,-29],[-43,-11],[-36,22],[-37,-16],[-18,-84],[-41,-40],[-95,-64],[-63,-18],[-29,-25],[7,-33],[110,-55],[87,-95],[38,-90],[35,-21],[33,-83],[46,-51],[15,-111],[33,-61],[-24,-48],[-67,-18],[-95,-46],[-8,-24]],[[19960,15456],[147,-6],[-3,128],[49,-19],[1,-109],[373,-4],[5,63],[153,-60]],[[20685,15449],[53,-37]],[[20738,15412],[-202,-135],[-42,-73],[-2,-68],[-61,5],[-61,-50],[-59,55],[-30,14],[-53,0],[3,-108],[-35,0],[-8,-29],[52,-105]],[[20240,14918],[-53,-19],[-23,46],[-47,-1],[1,-44],[-129,48],[-31,-6],[-54,35]],[[19904,14977],[-6,258],[25,1],[5,70],[32,150]],[[20738,15412],[36,-41],[110,-190]],[[20884,15181],[-87,-74],[-46,-86],[-28,-150],[-17,-155],[-26,-27],[-10,-95],[5,-30],[-94,-55],[-17,-142]],[[20564,14367],[-19,-19],[-35,38],[-24,63],[-90,73]],[[20396,14522],[-32,28],[-22,50],[-50,60],[-31,8],[1,74],[16,87],[-38,89]],[[19706,14908],[83,-62],[68,15],[-61,59],[64,74],[44,-17]],[[20396,14522],[-38,-65],[-95,-42],[-75,-115]],[[20188,14300],[-106,29],[-24,-1],[-58,-44],[-45,19],[-48,64],[-144,160],[-92,79]],[[19748,15598],[73,-38],[28,-3],[0,-67],[28,-33],[83,-1]],[[20780,15811],[110,-161],[-48,-14],[26,-157],[-84,-20],[-72,12],[-27,-22]],[[21158,14692],[77,32],[11,-56],[68,9],[8,-38],[41,7],[39,58],[-21,43],[5,51],[31,25],[65,-8]],[[21482,14815],[-8,-69],[130,-16],[-4,-34],[65,-8],[4,34],[48,-6],[-62,-93]],[[21655,14623],[-31,-9],[-110,-244],[64,-46],[-94,-142],[163,-81]],[[21647,14101],[61,-53],[71,-77],[-31,-10],[11,-53],[-10,-38],[6,-79],[85,30],[103,60],[91,-47],[64,-111],[-207,-93],[-69,-22],[-35,1],[-21,36],[-52,-29],[25,-49]],[[21739,13567],[-63,-4],[2,-43],[-19,-74],[-88,21],[-36,-1],[-20,-25],[-134,140],[-31,27],[-26,63],[-31,22],[-49,-33],[-40,-55]],[[21204,13605],[-74,79]],[[21130,13684],[16,13],[-35,52],[44,33],[-32,30],[25,26],[-55,48],[-117,55],[-15,63],[28,9],[-2,85],[27,14],[-3,64],[-35,-1],[-39,-30],[-39,36],[40,27],[0,66],[-45,9],[184,104],[-58,100],[-39,-3]],[[20980,14484],[87,63],[22,43],[5,63],[64,39]],[[21204,13605],[-29,-73],[1,-60],[-12,-73],[-71,-93],[-143,-102],[-37,-11],[-7,-33]],[[20906,13160],[-90,-25],[-64,-9],[-105,34],[-23,27],[-22,67],[-4,52],[32,35],[14,75],[-3,59],[-25,80],[25,104]],[[20641,13659],[114,30],[131,64],[111,31],[32,-16],[61,-111],[40,27]],[[20641,13659],[2,50],[-18,43],[-186,270],[-21,35]],[[20418,14057],[49,-34],[5,-31],[40,-15],[66,-1],[62,41],[84,36],[48,80],[7,126],[47,74]],[[20826,14333],[37,49],[117,102]],[[20564,14367],[28,-42],[78,-33],[66,4],[81,47],[9,-10]],[[20418,14057],[-40,74],[-52,46],[-24,55],[-61,53],[-53,15]],[[20884,15181],[14,-30],[260,-459]],[[21585,15555],[21,-50],[-17,-109],[-58,-216],[-49,-80],[-32,-78],[40,-24],[7,-60],[-15,-123]],[[22162,15160],[33,-42],[-2,-88],[26,-108],[3,-77],[-167,-55],[-65,-53]],[[21990,14737],[-66,-109],[-98,13],[-111,-37],[-60,19]],[[22774,15255],[27,-60],[31,-34],[26,-77],[3,-69],[-39,-74],[-15,-72],[-55,-198],[30,-42],[39,-81],[11,-48],[27,-50],[50,-57],[-28,-42],[-29,10],[-49,-10],[-61,23],[-63,-40],[-85,-27],[-43,-37]],[[22551,14270],[-33,32],[-99,70],[-29,6],[-25,83],[-28,15],[-78,-6],[-115,83],[-49,83],[-41,-1],[-4,42],[-60,60]],[[22551,14270],[-32,-41],[-62,-109],[-100,-52],[51,-79],[6,-29]],[[22414,13960],[-80,-20],[-84,11],[-303,70],[-300,80]],[[22414,13960],[120,30],[27,-33],[83,-26],[23,-78],[77,-39],[47,-84],[9,-59],[29,-26],[53,-19],[31,-36],[20,-66],[13,-107],[0,-55],[13,-68],[-30,-72],[-64,-80],[-11,-39],[19,-44],[-70,-58],[-14,-37],[0,-107],[-23,-32],[-38,-6]],[[22728,12819],[-16,22],[-155,33],[3,-87],[-36,-11],[-48,40],[-24,1],[-5,-54],[-54,-62],[-38,29],[-56,-5],[-15,26],[-43,-5],[17,-56],[-108,-15]],[[22150,12675],[-17,120],[-29,139],[6,116],[-43,18],[-38,59],[-64,-8],[-38,67],[-188,381]],[[22150,12675],[-289,-167],[-89,-32]],[[21772,12476],[-44,14],[-25,104],[-61,-67],[-20,-6],[-35,46],[-81,-25],[-87,-48],[-35,61],[-65,21],[-31,22]],[[21288,12598],[-30,38],[-3,49],[-86,50],[-2,74],[-26,125],[-49,52],[-10,49],[-100,88],[-76,37]],[[22728,12819],[-56,-32],[-51,-110],[27,-44],[-23,-146],[11,-54],[52,-41],[-66,-34],[-17,-40],[58,-79],[69,6],[127,-2],[21,-40],[-12,-106],[6,-23],[63,-66],[77,-42],[78,-2],[38,43]],[[23130,12007],[47,-82],[115,-92],[33,-49],[12,-43],[-24,-20],[7,-66],[-7,-36],[30,-86],[-16,-77],[-28,-37],[10,-38],[-48,-46],[11,-46],[75,-29],[28,-21],[139,-193],[61,-53],[121,-87],[25,-36],[5,-41],[-33,-63],[21,-49],[92,-19],[35,-35],[14,-42],[-101,-112],[-58,-50],[25,-35],[0,-91]],[[23721,10333],[-12,-26],[-83,33],[2,-78],[-20,-111],[-34,-11],[53,-77],[-40,-23],[-14,-63],[-47,-7],[-34,-32]],[[23492,9938],[-32,27],[-86,34],[-19,39],[-36,19],[-37,49],[-78,28],[-45,57],[-21,88],[-38,65],[-58,52],[-101,51],[-84,57],[-150,182]],[[22707,10686],[-200,220],[-40,84],[-90,61],[-51,-9],[-49,44],[-48,5],[-78,50],[-29,-57],[-61,-58],[-75,-36],[-50,30],[-40,-29],[-121,-19],[-36,-42],[-54,9],[-61,-35],[-66,12],[-33,27],[-53,17],[11,45],[35,41],[28,10],[64,-12]],[[21610,11044],[77,7],[60,48],[52,76],[-31,74],[25,72],[-56,72],[-29,15],[10,50],[67,94],[29,115],[0,29],[-28,86],[-19,28],[24,42],[5,60],[-9,44],[-26,43],[-59,52],[-9,24],[-42,38],[46,109],[52,40],[46,21],[-16,46],[3,45],[25,17],[3,42],[-38,43]],[[29394,10290],[-85,-106],[-64,-55],[-66,-78],[-62,-27],[-53,-58],[-77,-52],[-79,-86],[-55,-79],[-14,-41],[-34,-28],[-32,-3],[-29,39],[-21,0],[-92,-34],[-198,-197],[11,-27],[-73,-81],[-29,-11],[-127,-131],[-21,-38],[-89,-13],[-30,-26],[-4,602],[-18,13],[-86,-9],[-58,37],[-46,6],[-21,21],[-46,5],[-20,31],[-62,13],[-10,23],[-120,0],[-96,-16],[-118,-74],[-35,-32],[-54,-93],[-102,-14],[-22,23],[-93,-25],[-55,-28],[7,-63],[-27,-33],[-83,6],[-54,-31],[-76,-10],[-30,39],[-91,-16],[-51,-25],[-35,-1],[-36,32],[-52,14],[-48,44],[-68,-58],[-26,-36],[-46,-33],[-26,-46],[85,8],[39,-29],[-42,-78],[-24,-82],[-43,-60],[-23,-77],[-97,-69],[-26,-49],[-25,1],[-11,-54],[-31,-22],[-45,-2],[-39,17],[-104,-26],[-100,-72],[-45,-76],[-64,86],[-197,-2],[-110,-22],[-66,-29],[-16,-53],[-57,-22]],[[25226,8712],[-32,19],[-36,-31],[-77,-1],[-69,33],[-16,49],[-54,-17],[-31,4],[-26,37],[-58,-20],[-42,21],[-66,-14],[-59,37],[-34,1],[-54,28],[-26,28],[-32,67],[3,36],[27,62],[33,40],[12,56],[-11,40],[-110,1],[-105,36],[-51,-11],[-91,15],[-159,88],[-85,53],[-105,89],[-85,88],[-48,83],[-12,52],[9,52],[-27,24],[-36,3],[-37,-21],[-40,37],[-14,33],[-72,51],[-18,78]],[[23721,10333],[60,0],[36,-31],[62,-26],[39,-47],[30,-6],[76,42],[84,-26],[26,56],[66,-18],[16,62],[28,40],[32,5],[33,-37],[46,-18],[129,18],[26,29],[35,5],[18,28],[57,-6]],[[24620,10403],[31,-69],[49,-21],[33,-43],[-50,-62],[-3,-27],[31,-62],[26,8],[30,53],[37,-26],[27,12],[23,39],[32,1],[36,-49],[66,32],[55,-31],[9,42],[-9,64],[28,23],[71,-26],[163,9],[102,59],[102,9],[49,48],[49,-37],[54,5],[118,93],[43,26],[111,-1],[21,59],[66,11],[37,61],[78,58],[63,-3],[27,10],[60,-15],[26,23],[51,78],[21,103],[33,16],[26,-11],[24,-47],[20,-3],[49,55],[41,-21],[69,11],[54,58],[58,23],[68,90],[14,39],[-5,95],[-26,25],[-53,-1],[-14,16],[30,92],[32,20]],[[26803,11314],[40,6],[51,-9],[50,31],[25,55],[46,27],[45,5],[46,25],[34,-25],[80,-7],[54,-25],[19,-30],[29,11],[-5,89],[62,31],[6,45],[29,33],[54,11],[25,70],[1,65],[32,65],[41,13],[67,-56],[94,18],[44,-48],[32,-8]],[[23238,14728],[-3,-17],[91,-1],[40,-8],[14,-22],[-15,-114],[19,-47],[-42,-60],[-15,-45],[-43,-27],[-52,-86],[94,-145],[-24,-105],[23,-49],[-11,-29]],[[23314,13973],[-58,47],[-43,50],[-22,-42],[45,-19],[29,-36],[-18,-49],[116,-77],[-50,-28],[-1,-96],[-10,-80],[-13,-189],[7,-215],[34,0],[-3,-50],[60,-69],[17,-53],[55,-49],[56,-76],[41,-84],[37,-39],[21,-51],[-3,-96],[25,-44],[-1,-30],[24,-47],[5,-136]],[[23664,12415],[-43,-10],[-25,13],[-34,-18],[-11,-69],[-30,-32],[-94,-27],[-40,-22],[-57,-70],[19,-32],[-26,-48],[-35,-28],[-73,18],[-54,-2],[-28,-23],[-3,-58]],[[23314,13973],[3,-49],[17,-26],[69,-32],[32,7],[48,48],[84,2],[98,-62],[18,-41],[92,10],[11,-28],[74,13],[51,48],[118,-41],[84,9],[45,-15],[58,0]],[[24216,13816],[29,-39],[-7,-114],[-12,-54],[9,-77],[25,-61],[89,-69],[25,-92],[-46,-93],[-82,-46],[6,-30],[110,-73]],[[24362,13068],[-14,-23],[-141,-106],[-20,-1],[-35,-81],[9,-76],[-21,-32],[-29,13],[-33,-42],[-13,-40],[-63,-34],[-54,-50],[-41,-55],[-37,-31],[-202,-87],[-4,-8]],[[24829,14635],[24,8],[72,-42],[27,-3],[23,42],[46,0],[24,-33],[24,25],[47,-9],[-11,-59],[-52,-77],[-51,-15],[-108,0],[-1,-51],[-64,-117]],[[24829,14304],[5,-14],[-68,-106],[-14,-46],[-43,-60],[-116,-87],[-41,-18],[-1,-47],[-34,-70],[-27,-11],[-138,-23],[-50,5],[-86,-11]],[[24829,14304],[22,-34],[-3,-81],[36,-61],[7,-98],[-19,-45],[-44,-16],[47,-106],[109,16],[50,-19],[1,50],[38,-3],[12,-38],[-29,-27],[2,-37],[47,-55],[-6,-68],[-17,-29],[-22,-96],[47,-41],[-11,-49],[42,-57],[103,-81]],[[25241,13329],[-89,-33],[-30,-34],[0,-85]],[[25122,13177],[-25,-4],[-75,32],[-27,54],[-114,19],[-16,60],[-77,46],[-83,-6],[-56,38],[-27,-19],[-32,-55],[-50,-13],[-11,-57],[17,-83],[-23,-41],[-53,-6],[-81,8],[-27,-82]],[[25995,15465],[-21,-8],[-28,-70],[-35,-13],[-65,-75],[-18,-49],[-43,-43],[-35,-18],[-23,-51],[-4,-64],[-17,-39],[-27,-16],[-4,-60],[11,-21],[-27,-60],[8,-29],[-37,-83],[-45,-47],[-60,-108],[-28,-68],[-5,-50],[26,-72],[28,-42],[-2,-42],[-19,-62],[12,-65],[45,-52],[8,-81],[55,-129],[11,-47],[31,-52],[42,-42],[3,-108],[-103,-43],[-59,-48],[-26,-61],[-86,-34],[-47,-39],[-82,-30],[-37,-75],[-51,-40]],[[25122,13177],[-16,-51],[-40,-79],[-2,-31],[28,-63],[0,-66],[63,-2],[40,-15],[15,-25],[-25,-54],[20,-19],[64,9],[41,37],[103,68],[97,-2],[114,-33],[-23,-95],[7,-45],[-11,-68],[-34,-83],[67,-7],[39,31],[53,17],[15,39],[44,26],[27,-28],[162,1],[98,-50],[32,-1],[53,-29],[72,60],[15,-6]],[[26240,12613],[13,-56],[22,-38],[37,-32],[92,-34],[-8,-21],[-47,-18],[-24,-39],[-13,-51]],[[26312,12324],[-9,-36],[-50,-35],[-78,56],[-37,51],[-30,21],[-99,-2],[-42,-127],[5,-33],[41,-38],[54,-82],[10,-35],[-20,-59],[-30,-42],[1,-68],[-68,-67],[-64,35],[-33,-11],[-33,-35],[-39,-7],[-39,46],[-43,18],[-47,-8],[-96,14],[5,-29],[-11,-83],[-13,-27],[-45,-25],[9,-29],[-19,-64],[-54,-10],[-46,14]],[[25392,11627],[-34,7],[-59,-20],[-38,-45],[-46,-4],[-54,-37],[-27,-45],[12,-51],[-37,-15],[-66,41],[-41,-15],[0,-35],[55,-127],[-2,-38],[-57,-80],[-32,-89],[-32,-38],[-30,-95],[-34,-31],[42,-72],[42,-131],[-13,-87],[-59,-45],[-40,32],[-39,-40],[-74,-1],[-32,-20],[-42,-5],[-23,-23],[34,-84],[-46,-31]],[[26826,14035],[-58,35],[-60,6],[-40,-17],[-72,-51],[-81,-99],[-10,-87],[-16,-21],[-121,6],[-25,-52],[56,-56],[-25,-47],[20,-62],[-9,-27],[-49,-35],[-18,-76],[-42,-33],[-25,1],[-45,35],[-25,-20],[-7,-108],[-58,-40],[5,-64],[-37,-99],[34,-75],[56,-37],[93,-26],[26,-73],[-26,-128],[32,-44],[-52,-15],[-32,-72],[25,-41]],[[27714,12371],[-32,-12],[-15,54],[-37,82],[-25,25],[-32,-31],[-44,-71],[11,-39],[0,-67],[18,-40],[-34,-42],[-76,-15],[-27,-26],[12,-33],[-12,-31],[-71,29],[-20,-47],[-39,-10],[-76,42],[-36,5],[-42,-20],[-24,-33],[-120,10],[-47,-31],[-57,37],[-32,45],[-8,40],[-39,18],[-70,-22],[-17,23],[-7,86],[-77,92],[-45,-2],[-45,-65],[-21,-6],[-92,36],[-60,-32],[-64,4]],[[26803,11314],[-82,9],[-87,57],[-33,-1],[-39,49],[-16,48],[-74,43],[-7,25],[-38,29],[-62,28],[10,-40],[-41,-59],[-29,-5],[-7,-39],[-54,-12],[-37,-32],[-36,1],[-47,-59],[-24,-14],[-28,-52],[-43,19],[-142,-223],[-34,-83],[-22,87],[-23,55],[-34,42],[-56,33],[-136,44],[-91,47],[-51,63],[-19,76],[-1,39],[-24,71],[-4,67]],[[20116,13423],[161,-475]],[[20277,12948],[109,-337],[9,-290],[-1,-165],[15,-73],[15,-28],[61,-66]],[[20485,11989],[-41,-36],[-105,-47],[-78,-42],[-114,-34],[-57,-45],[-70,-15],[-41,-45],[-21,41],[-121,7]],[[19837,11773],[-73,210],[-30,57],[-94,70],[-26,76],[-68,101],[-48,112],[-33,34]],[[19465,12433],[27,81],[-1,50],[42,48],[-11,26],[25,45],[35,12],[55,63],[26,47],[97,41],[50,49],[26,40],[-11,87],[-35,84],[6,59],[41,98],[-17,54],[-48,51],[43,51],[21,63],[31,58]],[[19867,13540],[210,8]],[[20077,13548],[39,-125]],[[19628,14485],[51,-56],[87,-172],[98,-177],[129,-331],[84,-201]],[[19867,13540],[-52,-16],[-121,9],[-81,-38],[-30,-24],[-40,-63],[-74,-23],[-36,-21],[-280,221]],[[19153,13585],[29,82],[35,54],[52,116],[-86,8],[-36,20],[-52,-10],[-98,-95],[-29,-62],[-40,-21],[-62,-52],[-39,42],[-89,65],[-2,101],[-55,38],[-50,99],[0,46]],[[20641,13659],[-192,-34],[-271,-54],[-39,-62],[-7,-66],[-16,-20]],[[21288,12598],[-43,-27]],[[21245,12571],[-30,-21],[-49,45],[-46,6],[4,30],[-38,39],[-41,-9],[-54,50],[-51,10],[-172,92],[-22,-9],[-56,13],[-17,37],[5,51],[-36,18],[-42,-75],[-147,85],[-31,-18],[-43,24],[-77,14],[-25,-5]],[[21245,12571],[20,-25],[-43,-97],[26,-29],[-74,-20],[-20,-22],[-8,-198],[12,-38],[-64,-88],[12,-11],[-46,-56],[-22,-53],[18,-34],[52,-15],[-19,-30],[-170,-16],[-99,27],[-42,-13],[-15,-30],[-59,-53]],[[20704,11770],[-219,219]],[[21610,11044],[31,75],[-63,20],[9,69],[-65,60],[-39,19],[-91,-4],[4,-63],[-84,-4],[-105,-24],[-28,13],[-43,46],[-22,-33],[-28,8],[-27,-74]],[[21059,11152],[-39,166],[-16,35],[-300,417]],[[21059,11152],[15,-59],[-118,-45],[-34,-30],[-8,-41],[-42,-43],[3,-42],[-43,-10],[-37,16],[-125,-29],[-11,90],[-30,39],[-32,-5],[-116,-114],[-37,-66],[-88,42],[-52,15],[-160,-6],[-81,24],[-53,33],[-46,45],[-85,-26]],[[19879,10940],[-43,137],[-35,56],[25,181],[16,3],[-21,72],[49,168],[6,44],[-28,107],[-11,65]],[[22707,10686],[-93,-58],[-88,-68],[-110,-95],[-184,-136],[-134,-65],[-80,-9],[-17,18],[-93,57],[-83,0],[-263,-110],[-218,-114],[-155,-100],[-165,-86],[-69,-25],[-68,-37],[-66,-50],[-107,-31],[-61,-3],[-276,82],[-170,-10],[-299,-142],[-107,-57],[-101,-69],[-74,-39],[-28,-4]],[[19598,9535],[3,67],[-9,167],[13,199],[25,54],[-29,42],[-129,43],[40,38],[-7,76],[4,85],[21,46],[34,40],[32,16],[24,52],[-5,38],[17,221],[24,125],[43,53],[49,29],[131,14]],[[18475,9398],[669,-1],[70,100],[42,72],[59,19],[72,-9],[90,-25],[121,-19]],[[25226,8712],[-42,-44],[-100,-47],[-11,33],[-40,-31],[-88,-43],[-45,-34],[-66,-84],[-53,-51],[-60,-38],[-100,-26],[-56,-6],[-80,19],[-21,46],[-77,-43],[-41,-56],[-1,-30],[30,-22],[-28,-39],[-22,35],[-182,-25],[22,-48],[73,30],[82,-66],[-31,-33],[19,-21],[-54,-53],[0,-33],[-25,-47],[1,-53],[-22,-44],[-35,-27],[38,-28],[27,36],[60,33],[26,-4],[7,-53],[27,-29],[-56,-74],[-47,-107],[-32,-27],[-39,-64],[-109,-24],[-63,-28],[-55,10],[-38,-16],[-7,-27],[-55,-29],[-35,-40],[-34,-90],[-32,-29],[-16,-75],[-29,-8],[-11,-69],[-24,-30],[0,-44],[44,-41],[-49,-9],[-58,46],[-80,76],[-38,51],[-45,-58],[-13,-48],[-24,-18],[52,-34],[-22,-59],[-18,-115],[-33,-25],[-19,-52],[-46,-14],[-29,-32],[-38,-18],[-14,-42],[-29,-21],[-15,-66],[-33,-21],[-72,-22],[-62,-83],[-35,-70],[-50,-57],[-49,6],[23,59],[-68,14],[-49,-28],[-33,-38],[-55,-96],[-65,-61],[-22,-66],[1,-126],[-50,-76],[-49,-46],[-26,-65],[-73,-48],[-40,4],[-78,-76],[-42,-10],[-38,11],[-25,-15],[-56,21],[-134,-5],[-43,-16],[-53,-36],[-63,30],[-85,-19],[-37,-62],[-33,-14],[20,-56],[-23,-19],[-7,-45],[39,12],[18,-33],[-73,-51],[-38,-5],[-31,-63],[-20,-17],[-122,-31],[-62,-25],[-43,-47],[-10,-38],[-34,-11],[19,-44],[-26,-48],[-82,-43],[-27,13],[-68,3],[-94,-84],[-32,-50],[25,-25],[-56,-65],[-40,-7],[-47,10],[10,-54],[-7,-47],[-25,-40],[-40,-22],[-13,-57],[-40,-5],[-9,-27],[14,-68],[-17,-45],[-41,-1],[-90,-39],[-10,-61],[-49,-86],[-33,-34],[-45,17],[-79,-73],[-26,-66],[-3,-83],[-72,-43],[-29,15],[-2,89],[45,41],[-33,12],[-4,60],[-66,33],[-5,-39],[-53,-155],[-27,-24],[-65,-10],[-41,-27],[-72,-96],[-74,42],[-35,-27],[-42,-73],[-60,-25],[-22,-49],[-92,-19],[-24,-38],[-103,-18],[-52,-53],[-43,-30],[-35,41],[-54,28],[-71,-10],[-135,-50],[-23,-16],[-64,-12],[-34,-48],[-30,-16],[-81,-5]],[[17551,11510],[150,-33],[89,8],[38,-10],[53,29],[45,-13],[36,-80],[52,13],[86,-79],[90,34],[31,-17],[45,7],[19,-31],[71,-35],[29,40],[58,-36],[46,-16],[71,-46],[67,45],[101,-6],[64,10],[32,16],[10,45],[39,59],[61,27],[52,45],[46,80],[-22,15],[-24,61],[-8,126],[20,58],[14,93]],[[19012,11919],[29,58],[70,16],[44,37],[2,31],[42,92],[31,15],[35,49],[69,47],[44,16],[73,64],[25,45],[-11,44]],[[18184,13509],[70,-64],[100,-43],[228,-48],[127,-47],[63,-40],[81,-89],[150,-227]],[[19003,12951],[-37,-40],[-75,-22],[-99,-7],[-49,-13],[-116,-74],[-102,-36],[-111,-29],[-78,-100],[-36,-7],[-37,-28],[6,-35]],[[19153,13585],[-17,9],[-53,-73],[43,-87],[33,-33],[-16,-35],[49,-14],[-22,-52],[72,-8],[59,-64],[-63,-53],[-29,-45],[-52,-46],[-38,-85],[-78,-25],[-38,-23]],[[19012,11919],[-25,-6],[65,342]],[[19052,12255],[28,140],[19,126],[0,53],[-13,93],[-57,228],[-26,56]],[[19052,12255],[-62,32],[-25,37],[-55,-81],[-97,30],[-64,46],[-33,60],[-90,35],[-165,-18],[-60,24]],[[14012,15336],[-27,18],[-49,-43],[-25,13],[-35,-40],[-45,-2],[-63,-25],[-45,26],[-60,13],[-51,0],[-75,30],[-54,80],[-71,48],[-3,31],[76,33],[-25,78],[-64,63],[-8,85],[38,66],[-5,22]],[[13503,14782],[-20,22],[-74,-12],[-42,106],[-24,15],[4,116],[24,52],[-1,78],[-38,97],[-77,-32],[-57,137],[15,44],[-138,-42],[-80,183],[-18,95],[-4,69]],[[13183,14539],[-50,20],[-36,-9],[-54,108],[-26,-15],[-42,16],[-36,76],[28,28],[-50,107],[-41,42],[3,30],[-46,17],[-37,-31],[-53,39],[-29,-28],[-20,68],[-66,-10],[-5,23],[-145,-26],[-71,-54],[-11,3]],[[12396,14943],[71,116],[-64,43],[17,54],[46,55],[10,78],[-19,52],[-30,29],[-48,88],[2,19],[76,100]],[[12457,15577],[31,33],[45,4]],[[13028,14318],[0,4],[-398,161]],[[12630,14483],[-46,16],[-479,195]],[[12105,14694],[48,8],[34,-23],[78,43],[16,85],[17,30],[89,55],[9,51]],[[12990,13914],[-69,24],[-39,-47],[-11,-87],[-39,-32],[-27,-80],[-33,-31],[-66,9],[-71,115],[-40,105],[-26,22],[-54,155],[-67,24],[28,23],[52,129],[9,43],[-14,41],[4,98],[25,5],[78,53]],[[12765,13008],[-56,14],[-44,-29],[-74,-18],[-58,-27],[-53,-11],[-42,5],[-92,-32],[-59,40],[-104,-12],[-17,51],[-24,-1],[-34,41],[-21,66],[13,23],[-21,36],[-9,77],[13,26],[-56,39],[-34,3],[-35,29],[-90,-27],[-74,-40],[-28,-29],[-149,-22],[-63,-21],[-112,-50],[-86,8]],[[11356,13147],[-52,48],[-35,15],[-5,28],[62,-8],[18,29],[-15,41],[13,104],[-52,40],[-37,55],[14,40],[37,22],[74,147],[45,28],[24,41],[-31,27],[-33,61],[22,65],[55,-34],[29,20],[18,46],[0,73],[51,61],[147,105],[65,33],[12,57],[106,65],[11,35],[39,57],[41,32],[2,43],[-68,35],[-25,117],[84,30],[61,50],[2,-33],[28,-27],[42,-1]],[[11356,13147],[-52,-51],[-30,-85],[-26,-15],[-73,45],[-86,39],[-90,-9],[-63,-15]],[[10936,13056],[14,137],[46,121],[31,226],[18,62],[67,168],[-3,37],[35,86],[3,43],[-55,1],[-64,83],[-49,28],[-21,-65],[-10,-68],[-48,-62],[18,-63],[-42,-32],[-72,-17],[-21,84],[13,73],[-11,36],[55,39],[-46,32],[18,73],[27,32],[-18,18],[-63,2],[-7,80],[-19,44],[112,-18],[34,-31],[28,14],[73,-35],[26,61],[80,-6],[17,33],[-61,62],[-5,28],[-48,22],[-45,36],[-72,84],[118,-37],[47,63],[32,-6],[10,71],[62,12],[7,32],[116,30],[26,-7],[40,59],[36,8],[36,34],[-16,22],[10,54],[30,45],[54,-6],[56,29],[35,-6],[-3,53],[60,23],[19,60]],[[11646,15037],[64,62],[133,37],[99,74],[126,57],[29,32],[50,110],[40,51],[98,30],[37,46],[135,41]],[[10936,13056],[-52,11],[-11,38],[-48,12],[-24,-21],[-98,-20],[-59,10],[-92,-33],[-20,9],[-24,107],[-65,65],[-60,5],[-53,39],[-60,24],[-22,24],[-40,86],[-50,44],[-33,-6],[-79,113],[-17,11]],[[10029,13574],[-70,21],[-78,-33],[-35,-47],[-163,24],[-77,-25],[-24,6],[-32,60],[-3,60],[-24,31],[-58,13],[-62,-6],[-63,28],[-76,16],[-51,46],[-47,-11],[-38,65],[-63,9],[-20,107],[20,39]],[[9065,13977],[21,47],[57,58],[2,42],[-20,51],[44,58],[28,54],[43,45],[71,39],[33,63],[3,31],[-23,67],[9,63],[27,47],[34,122],[-26,70],[107,-5],[73,22],[31,27],[16,47],[120,-22],[34,12],[52,59],[72,38],[72,13],[54,30],[10,34],[45,49],[11,76],[68,5],[78,20],[40,-4],[55,-66]],[[10306,15169],[63,-14],[71,4],[71,-23],[54,-62],[15,7],[45,126],[39,28],[64,87],[56,50],[69,36],[82,71],[56,-8],[16,-33],[33,-148],[27,-60],[71,13],[73,2]],[[11211,15245],[24,-3],[77,-48],[18,-57],[56,-17],[83,-44],[30,-28],[29,-70],[90,32],[28,27]],[[13565,10228],[-83,63],[-40,13],[-80,8],[-91,-52],[-45,35],[-76,-50],[-29,17],[-55,-5],[-96,-104],[-111,-60],[-38,11],[-62,59],[-82,26],[-40,41],[-44,9],[-46,-11],[-51,2],[-51,-53],[-34,19],[-39,-33],[-62,44],[-116,2],[-75,-32],[-21,-23],[-7,-47],[-45,-32],[-77,-91],[-37,-97],[-59,-93],[-86,-37],[-90,12],[-73,65]],[[11624,9834],[8,35],[39,88],[-9,71],[-23,60],[21,95],[-13,123],[-19,64],[-31,42],[-58,26],[-16,76],[10,16],[74,26],[12,51],[-100,87],[-4,31],[-34,30],[-54,9],[-77,53],[-15,38],[-38,-3],[-42,38],[-25,-28],[-45,-101],[1,-29],[-28,-33],[-28,-69],[-53,33],[-29,2],[-70,41],[-145,17],[-59,48],[-24,73],[-54,105],[33,86],[27,39],[-26,13],[-50,-16],[-59,-42],[-23,-31],[-101,-13],[4,52],[-13,57],[-100,-60],[-45,23],[-22,140],[11,45],[-5,52],[21,45],[38,38],[-44,84],[31,107],[-26,50],[-104,33],[-8,53],[-43,90],[-2,40]],[[10190,11834],[73,85],[245,418],[70,83],[70,51],[58,66],[64,124],[55,166],[81,141],[30,88]],[[11624,9834],[-35,-23],[-6,-47],[20,-46],[-14,-56],[-17,-15],[-62,-3],[-45,-33],[-21,-30],[12,-70],[-79,-140],[-75,-55],[-7,-95],[-37,-8],[-70,9],[-47,35],[-50,2],[-46,-61],[7,-79],[-26,-50],[-44,-24],[-104,-39],[-21,-81],[-68,-10],[-6,65],[-43,77],[-62,37],[-43,7],[-40,-18],[-24,28],[7,55]],[[10578,9166],[-46,26],[-64,54],[-50,23],[-53,-2],[-25,17],[-20,65],[-48,62],[-61,-58],[-41,9],[-24,-42],[-90,-16],[-78,-60],[-39,1],[-52,-30],[-50,9],[-54,-33],[-44,13],[-2,49],[-35,69],[-30,24],[-68,11],[-48,71],[-49,47],[-58,23],[-32,40],[-30,86],[-48,9],[-12,-62],[9,-43],[60,-172],[-47,-8],[-86,106]],[[9263,9454],[4,71],[-75,167],[-15,51],[2,55],[24,64],[68,128],[83,108],[80,142],[127,204],[25,53],[92,506],[69,123],[39,125],[100,387],[31,47],[83,29],[60,30],[66,55],[64,35]],[[9263,9454],[-49,59],[-10,29],[-9,94],[-137,25],[-239,82],[-98,8],[-38,12],[-26,62],[-176,14]],[[8481,9839],[24,86],[43,5],[32,31],[16,53],[-9,64],[-27,50],[-19,79],[62,33],[45,80],[50,52],[40,78],[1,26],[-48,35],[-23,56],[2,35],[44,69],[3,41],[71,25],[8,24],[-96,102],[-11,24],[3,72],[-34,46],[-14,49],[-43,36],[-16,44],[17,84],[38,80],[45,59],[49,21],[33,39],[69,11],[91,-58],[8,51]],[[8935,11421],[1,110],[41,42],[119,5],[70,29],[26,38],[131,129],[23,13],[41,55],[81,126],[29,69],[35,35],[24,74],[-4,31],[43,192],[-10,28],[39,47],[15,51],[-26,91],[24,35],[2,75],[18,72],[30,71],[40,38],[-41,27],[9,92],[-9,21],[20,61],[71,67],[-14,48],[-31,2],[-17,48],[36,29],[33,53],[7,57],[53,80],[43,-3],[13,36],[54,55],[75,24]],[[10578,9166],[-44,-20],[-116,-2],[-47,-16],[-23,-22],[-78,-170],[19,-84],[56,-56],[22,-36],[17,-69],[-36,-73],[-7,-95],[-27,-40],[-123,-20],[-34,-121],[9,-38],[41,-44],[36,-104],[0,-51],[-17,-20],[-76,-25],[-48,-112],[-86,-74],[-90,-21],[-16,-35],[-57,-6],[7,-50],[49,-3],[40,-21],[29,-87],[66,-9],[111,7],[42,-11],[16,-32],[82,-82],[17,-45],[29,-17],[68,0],[14,-41],[46,-22],[11,-50],[69,-53],[26,-4],[40,-40],[44,38],[22,-23],[90,-14],[26,-22],[113,19],[36,47],[31,-47],[81,-48],[73,47],[32,-37],[25,0]],[[11188,7212],[88,29],[76,-86],[-33,-18],[-1,-61],[15,-40],[-22,-39],[14,-51],[-19,-16],[-3,-50],[-43,-104],[-33,-44],[-10,-38],[-30,-32],[-7,-44],[-39,-31],[0,-62],[-18,-53],[-50,-20],[-20,-45],[-36,-142],[-28,-62],[-22,-78],[-58,-32],[-74,26],[-48,-34],[-29,-78],[-20,-27],[-59,-41],[13,-90],[-7,-18],[-55,9],[-69,-11],[-44,37],[-36,6],[-51,-21],[-33,2],[-48,27],[-45,-28],[-13,-58],[-24,-24],[-55,-17],[-12,-50],[-105,-98],[24,-91],[-38,-82],[19,-49],[4,-78],[-5,-74],[-46,-48],[-8,-34],[2,-85],[-144,-89],[-43,-39],[-18,-66],[-30,-71],[1,-87],[-66,-23],[-35,28],[-38,-1],[-74,-58],[-18,-64],[-35,-27],[-9,-84],[-27,-37],[-48,8],[-47,-22],[-48,33]],[[9368,4465],[-28,-39],[0,-52],[-85,-46],[-43,111],[-48,47],[-42,3],[-32,-48],[-5,-52],[-95,-16],[-103,45],[-123,22],[-17,29],[-67,21],[-24,28],[-7,50],[-54,12],[-27,45],[-74,15],[-53,-32],[-18,-29],[-52,-16],[-96,74],[-5,50],[-36,4],[-4,33],[-45,68],[-1,48],[-55,44],[-5,54],[33,75],[-27,20],[-22,106],[15,102],[-18,19],[-93,18],[-26,56],[36,34],[-8,88],[-20,31],[-50,126],[-61,17],[-53,-6],[-24,-24],[-31,12],[-13,122],[-30,30],[-22,46],[-1,34],[-55,-8],[-74,29],[-34,42],[-69,34],[-34,83],[-55,28],[-44,-55],[-79,-7],[-108,-89],[14,-57],[-28,-37],[-39,21],[1,-48],[-62,2],[-28,35],[-45,-35],[-24,59],[-93,-36],[-16,83],[71,26],[23,59],[-29,68],[-60,51],[5,28],[-77,8],[-29,38],[14,65],[-34,13],[5,38],[-37,46],[14,30],[-27,33],[5,37],[-39,50],[18,45],[-29,32],[-73,7],[-71,71],[8,60],[-12,29],[-61,-24],[-60,26],[-126,155],[-40,39],[-16,105],[-35,-30],[-77,27],[-54,71],[-65,26],[-46,58],[-58,55],[-50,30],[-47,74],[-33,25],[-50,-8],[-32,29],[-3,45]],[[5630,7425],[44,27],[13,56],[38,-8],[8,39],[72,72],[12,118],[32,44],[67,22],[39,-33],[49,11],[27,39],[45,-9],[-18,71],[16,78],[62,7],[-6,27],[-46,54],[31,116],[-25,13],[-46,74],[-68,32],[52,40],[-18,50],[-32,40],[70,108],[31,10],[59,-29],[67,14],[86,-32],[47,36],[46,13],[103,55],[45,-17],[34,4],[65,41],[67,11],[37,24],[29,48],[66,10],[20,14],[104,18],[0,64],[27,72],[47,45],[-35,70],[-29,18],[-70,-17],[-22,7]],[[6872,8992],[9,41],[63,68],[59,13],[36,-9],[81,81],[9,20],[-3,100],[25,34],[-1,31],[-41,34],[-39,72],[7,92],[34,33],[75,52],[75,81],[62,15],[70,0],[9,49],[54,53],[64,38],[42,-1],[13,-48],[82,-119],[-18,-57],[-49,-56],[4,-36],[91,-49],[100,-86],[29,-49],[18,-87],[81,0],[28,24],[66,-15],[33,-26],[37,1],[61,56],[30,92],[-4,34],[45,35],[73,-17],[59,3],[69,36],[25,46],[-6,58],[-19,39],[35,126],[36,45]],[[13745,8454],[-31,-25],[-358,-424],[-235,-282],[18,-49],[-23,-65],[-101,-78],[-12,-84],[-39,-74],[-99,-65],[-104,30],[-37,18],[-58,7],[-66,-25],[14,-95],[-11,-69]],[[12603,7174],[-55,-4],[-119,-67],[-14,-34],[-58,-43],[-28,32],[-37,-20],[-63,25],[-35,-6],[-55,33],[-49,-46],[-79,-16],[-23,-44],[13,-104],[-38,-62],[-64,-45],[-20,-64],[-75,98],[-18,73],[-68,71],[-1,43],[-23,42],[2,36],[-23,74],[25,111],[-17,28],[-69,27],[-94,-26],[-77,10],[-92,49],[-28,38],[-31,-23],[-13,-38],[-28,-3],[-10,-40],[-27,-14],[-24,-53]],[[12665,6136],[-27,5],[-13,51],[-33,30],[-9,44],[-26,-2],[-46,78],[2,130],[52,113],[-77,113],[-17,11],[11,61],[34,49],[0,74],[87,33],[4,60],[20,38],[-24,150]],[[12577,4982],[-26,24],[-44,4],[-91,-65],[-37,-53],[-69,-71],[-14,-63],[-48,-48],[-72,-32],[-42,43],[-56,-66],[-37,-59],[-25,-17],[-56,-7],[-18,-37],[-60,-32],[-41,9],[-74,-6],[-36,-48],[-31,-5],[-31,33],[-35,-13],[-14,-63],[-53,-34],[-29,92],[-30,3],[-54,-41],[-77,2],[-8,-50],[-27,-32],[-71,3],[-48,16],[-16,-53],[-23,0],[-34,42],[-26,-24],[-37,-4],[-25,21],[-32,96],[-41,-19],[-54,16],[-19,65],[-31,8],[-88,-22],[-87,-66],[-45,10],[-30,31],[-22,116],[-24,44],[-43,33],[-99,21],[-50,2],[-81,-59],[-81,-41],[-32,-71],[-51,-25],[-64,31],[-30,-15],[-20,-47],[-49,-39],[-17,-67],[-25,-15],[-84,-18],[-54,2],[-30,-65],[-117,24],[-17,-60],[-45,13],[-65,150],[-33,30],[-57,-22],[-54,31],[-23,42]],[[12705,4379],[6,-41],[-62,-25],[-154,6],[-63,-31],[-52,-97],[-94,44],[-66,-77],[-151,-71],[-42,-4],[-47,-25],[-2,-42],[32,-23],[12,-43],[36,-31],[48,0],[31,-53],[41,-28],[23,-46],[-23,-37],[-58,-14],[-19,-56],[-31,41],[-99,-5],[-83,26],[-58,3],[-87,-51],[-34,-31],[-29,-116],[-41,-18],[-135,-7],[-71,-62],[-35,-21],[-12,-43],[-72,-128],[-42,-15],[-41,-35],[-15,-40],[-28,-30],[-42,29],[-37,-43],[-93,2],[-49,-14],[-18,-61],[-76,-61],[-30,-45],[-42,-39],[-155,28],[-36,22],[-48,-23],[-148,-135],[-53,0],[-30,-28],[-18,-44],[10,-64],[-6,-84],[32,-31],[21,-98],[77,-49],[13,-54],[33,-34],[15,-48],[33,-38],[32,-63],[39,-4],[26,42],[15,55],[48,19],[38,-29],[22,-43],[-48,-62],[27,-86],[-4,-67],[13,-55],[38,-34],[-18,-51],[-94,-64],[-42,-37],[4,-71],[46,-15],[79,3],[55,-90],[-19,-56],[-48,-4],[-34,-38],[-30,-65],[-47,33],[-44,6],[-38,-50],[-48,12],[-80,-5],[-36,19],[-47,1],[-85,-39],[2,-47],[21,-45],[-26,-51],[-151,-90],[-85,-107],[-10,-62],[57,-19],[72,26],[33,-28],[-33,-63],[-41,1],[-50,-41],[-22,-47],[-35,-22],[-69,18],[-54,-15],[-60,-93],[-15,-64],[-99,33],[-51,2],[-57,-21],[-49,21],[-11,53],[-34,53],[-48,12],[-110,-59],[-56,-19],[-38,14],[-36,34],[-54,26],[-65,-16],[-32,-36],[-93,-34],[-49,-36],[-66,16],[-76,78],[-42,117],[9,45],[-19,60],[-38,27],[-27,50],[-56,-13],[-71,-41],[-52,-50],[71,-81],[-26,-43],[-102,-20],[-66,-1],[-13,-50],[5,-54],[-85,36],[-53,1],[-30,-62],[-49,-32],[-33,46],[-86,-38],[-62,-1],[-65,-36],[-72,5],[-62,84],[-52,-18],[-36,-33],[-11,-49],[23,-42],[80,-34],[-67,-81],[-6,-82],[20,-49],[49,8],[43,-24],[8,-40],[-33,-72],[-39,-19],[-81,-13],[-20,-44],[-49,-36],[-37,-5],[-49,21],[-106,-51],[-57,-59],[-57,24],[-27,42],[-28,93],[-50,47],[-86,9],[-106,-33],[-53,8],[-80,66],[-64,128],[-24,23],[-38,1],[-138,-146],[-40,-70],[-16,-50],[-72,-144],[-31,0],[-61,34],[-76,81],[-88,35],[-47,70],[-39,22],[-32,-22],[-26,-40],[-41,23],[-34,78],[-57,46],[-20,-7],[-81,49],[-33,42],[-6,44],[9,52],[30,60],[-20,92],[-1,46],[-22,28],[-80,-1],[-36,94],[-34,156],[-76,136],[-72,17],[-37,25],[-10,38],[-48,13],[-22,110],[-15,18],[-70,-14],[-75,-40],[-28,5],[-9,82],[14,42],[1,83],[-15,48],[-42,40],[-38,69],[-56,48],[-49,21],[-60,69],[-66,40],[-45,-21],[-35,-73],[-97,-151],[-84,-43],[-14,-31],[33,-47],[-17,-84],[-42,-39],[-83,-54],[-97,46],[-91,2],[-96,56],[-97,25],[-105,68],[-87,25],[-74,45],[-88,-13],[-27,41],[6,80],[-11,133],[-56,4],[-22,26],[-16,81],[-43,22],[-46,-4],[-39,17],[10,68],[-31,48],[4,76],[41,65],[-64,38],[-70,-4],[-49,12],[-31,63],[-40,7],[-23,33],[-228,-105],[-41,20],[-26,-7],[-60,-53],[-57,9],[-53,36],[-49,-11],[-38,-27],[21,-46],[40,-40],[11,-56],[6,-136],[-3,-74],[-24,-18],[-97,-1],[-95,-34],[-43,6],[-32,-40],[-90,-45],[-103,-84],[-63,-3],[-21,29],[-44,16],[-21,48],[-50,4],[-86,-17],[-88,51],[-36,-14],[-77,100],[-9,47],[-50,2],[-82,-12],[-54,71],[-53,3],[-28,31],[-68,-16],[-34,26],[-54,-9],[-32,25],[-51,10],[-78,-52],[-83,-1],[-45,15],[-75,-11],[-99,66],[-62,23],[-31,-34],[-33,7],[-36,-26],[-46,-9],[-24,29],[-11,47],[-44,38],[-43,-1],[-20,24],[-167,-108],[-78,30],[-19,76],[34,29],[74,42],[13,53],[52,87],[68,34],[88,-19],[41,29],[0,21],[-46,45],[1,52],[-38,47],[-35,79],[-67,51],[31,71],[-13,77],[-26,24],[-3,34],[32,34],[-11,21],[-43,-4],[-32,-40],[-22,9],[-2,68],[-23,29],[-46,20],[-63,-17],[21,61],[23,31],[-33,38],[-32,-9],[-43,-66],[-27,-15],[-39,23],[-27,46],[22,60],[-27,64],[-64,24],[-5,19],[90,129],[70,49],[61,23],[39,-5],[101,8],[42,19],[-1,62],[23,38],[17,68],[-74,-8],[-29,14],[-26,131],[-26,18],[-19,-35],[-38,20],[-28,80],[2,96],[14,35],[-6,38],[36,37],[0,67],[54,-6],[47,-53],[86,-48],[49,36],[74,23],[43,25],[5,46],[-24,127],[-59,23],[-15,31],[-12,144],[24,20],[52,-24],[21,-48],[34,-29],[50,-2],[67,43],[32,0],[27,-36],[21,-94],[41,-42],[8,-51],[29,-27],[33,12],[5,50],[-28,42],[13,42],[91,45],[35,-12],[51,-53],[72,-30],[175,4],[67,19],[30,-5],[31,-51],[40,6],[26,35],[23,82],[-1,107],[14,102],[66,83],[5,35],[-19,35],[19,28],[67,4],[119,115],[37,102],[67,57],[82,10],[40,44],[-11,87],[78,89],[44,24],[23,76],[-48,-5],[-39,21],[-30,38],[-67,-5],[-12,16],[47,37],[50,-5],[64,18],[35,43],[17,40],[40,43],[37,64],[-15,63],[8,35],[-60,11],[-25,34],[-61,6],[44,35],[38,11],[-8,84],[13,16],[67,17],[46,89],[-47,27],[15,51],[73,68],[41,5],[34,-19],[70,77],[21,60],[-24,19],[-48,-28],[-28,5],[-24,34],[-73,8],[23,30],[-9,34],[36,71],[7,42],[31,37],[-9,66],[27,53],[-16,40],[19,73],[53,18],[88,11],[-15,65],[59,31],[9,53],[-31,55],[34,31],[12,35],[54,12],[79,61],[18,41],[-33,17],[33,51],[-10,15],[30,103],[-30,20],[17,52],[28,26],[45,8],[29,-36],[3,-56],[39,-16],[49,40],[27,-6],[20,-64],[25,-38],[37,-20],[3,-64],[20,-19],[93,-2],[39,-9],[34,55],[67,-12],[98,56],[31,7],[46,-44],[64,-8],[44,27],[56,-12],[32,31],[34,5],[104,47],[109,22],[36,31],[41,-19],[108,14],[53,53],[31,-1],[88,-49],[53,-9],[50,23],[-21,46],[-13,73],[8,44],[29,6],[43,-27],[24,-60],[56,-11],[67,-68],[39,-12],[32,46],[23,11],[26,-61],[18,-16],[74,-11],[58,6],[47,21],[29,64],[39,29],[89,40],[25,70],[30,24],[53,-34],[14,11],[-55,48],[60,17],[93,-15],[36,-38],[41,-14],[-20,-79],[73,-57],[37,-65],[70,-26],[5,-46],[42,-8]],[[9086,19643],[64,-52],[124,5],[60,22],[66,-1],[60,-24],[75,-6],[48,18],[12,44],[77,123],[-15,41],[109,34],[141,-1],[3,30],[-16,80],[20,59],[-2,153],[65,20],[29,41],[54,13],[47,-2],[47,17],[49,47],[21,-53],[1,-42],[-21,-94],[11,-70],[42,-56]],[[10257,19989],[16,-16],[82,-144],[44,-62],[81,-68],[53,-21],[54,-52],[16,-30],[21,-158],[27,-47],[35,-29],[96,-56]],[[10782,19306],[25,-56],[18,-116],[48,-61],[53,-52],[74,-48],[69,-12],[414,-3],[31,4]],[[11514,18962],[-88,-111],[-23,-5],[-89,-60]],[[11314,18786],[-68,-17],[-181,-11]],[[11065,18758],[-38,35],[38,30],[-5,38],[-31,31],[-82,-18],[-99,-51],[-61,-6],[-47,13],[-56,38],[-14,-6],[-59,104],[-38,19],[-65,-17],[-74,-75],[-92,-20],[-113,-4],[-311,46]],[[9918,18915],[-32,37],[-31,-12],[-131,118],[-18,10],[-129,-3],[-233,-75]],[[9344,18990],[-17,39],[21,31],[-43,24],[-64,21],[-24,48],[157,52],[48,9],[6,57],[-47,59],[-29,12],[-37,44],[-72,54],[-69,14],[-76,4],[-13,16],[1,169]],[[12735,20317],[-8,-77],[35,-98],[-13,-28],[-41,-15],[-26,-29],[-14,-72],[12,-43],[32,-18],[21,-40],[-20,-37],[-38,0],[-86,-42],[-39,-95]],[[12550,19723],[6,-49],[-17,-19],[-29,-82],[-60,-46],[-21,-44],[-25,-17],[-48,-62],[-16,-60],[12,-70],[30,-17],[29,-68],[60,-75],[7,-39],[-12,-80]],[[12466,18995],[-58,32],[-36,-46],[-182,24],[-26,98],[-23,53],[-19,120],[39,119],[-65,-4],[-312,50],[8,26],[-22,54],[-43,37],[-267,63],[-186,-28],[31,-207],[-50,-15],[-60,-3],[-21,162],[-26,-28],[-115,-13],[-22,-98],[-89,10],[-92,-38],[-48,-57]],[[10257,19989],[46,8],[88,40],[57,15],[58,32],[57,-25],[5,-29],[49,-12],[39,-58],[69,-5],[41,-55],[134,-12],[70,-20],[85,0],[77,46],[45,58],[51,-29],[33,-35],[33,26],[45,3],[61,-33],[59,-11],[31,28],[58,-12],[55,-57],[37,4],[64,59],[87,17],[25,17],[43,-20],[27,26],[94,25],[34,-21],[45,37],[46,-59],[91,-17],[48,-36],[10,-59],[38,-4],[8,39],[34,7],[53,-36],[79,31],[40,85],[-8,51],[20,67],[-12,28],[12,67],[37,56],[87,34],[35,48],[21,54]],[[12466,18995],[-25,-29]],[[12441,18966],[-24,-48],[-99,-54],[-97,-104],[-28,-57],[-4,-77]],[[12189,18626],[-87,-42],[-42,5],[-28,25],[-37,81],[-150,46],[-82,75],[-49,34],[-3,50],[-87,50],[-48,12],[-62,0]],[[11065,18758],[-55,-5],[-54,-65],[-25,-53],[-60,-31],[-41,-58],[-43,19],[-28,-36],[1,-78],[67,-43]],[[10827,18408],[-56,-45],[-64,24],[-33,-60],[-32,17],[-97,-8],[-27,-11],[-73,-98],[-91,10],[-52,-31],[-98,37]],[[10204,18243],[-107,54],[-45,90],[-16,53],[-26,30],[-42,16],[-55,60],[-82,66],[24,28],[27,82]],[[9882,18722],[28,175],[8,18]],[[10827,18408],[12,-40],[-6,-44],[-72,-50],[7,-33],[45,-60],[-34,-47],[22,-30],[15,-58],[-32,-4],[-24,-91],[24,-4],[-10,-94],[8,-67]],[[10782,17786],[44,-1]],[[10826,17785],[-22,-17],[-109,-37],[-50,-35],[-15,-27],[-93,-15],[-88,-64],[-50,2],[-46,29],[-26,34],[-28,-9],[-106,-85],[-26,-46],[-83,-11],[-39,-18],[-36,3],[-56,29],[-25,28]],[[9928,17546],[12,7],[36,90],[75,38],[26,45],[-11,108],[2,59],[83,43],[42,93],[3,36],[-18,47],[1,36],[25,95]],[[9928,17546],[-55,47],[-9,80],[25,83],[-19,26],[6,34],[-20,46],[-51,63],[-42,17],[-21,46],[18,66],[39,82],[19,12],[12,85],[-8,39],[-47,62],[-26,94]],[[9749,18428],[-46,44]],[[9703,18472],[8,76],[31,85],[65,88],[18,11],[57,-10]],[[9703,18472],[-42,-22],[-94,32],[-57,58],[-49,91],[-70,-25],[-57,7],[-45,-56],[-57,2],[-90,46],[-38,54],[-1,63],[-27,75],[1,70],[-73,-1]],[[9004,18866],[85,39],[255,85]],[[9004,18866],[-100,-57],[-38,3],[-41,34],[-26,-43],[-39,-11],[-101,38],[-40,7]],[[8619,18837],[-100,13],[-94,47],[-197,127],[-78,7],[-39,87],[-74,-21],[-49,28],[-87,-12],[-7,-22],[-84,28],[-42,36],[-75,12],[-48,61],[-48,45],[-95,45]],[[7502,19318],[-25,12],[1,61],[55,95],[70,41],[40,7],[86,37],[49,64],[-25,58],[21,13],[4,44],[20,24],[31,-22],[22,34],[3,43],[158,-45],[37,11],[79,-45],[14,-48],[21,-4],[23,42],[32,21],[68,-10],[36,-32],[64,-20],[39,25],[74,10],[50,-9],[32,-38],[52,13],[107,-29],[45,4],[137,57],[57,-28],[79,-4],[28,-57]],[[11314,18786],[-8,-49],[95,3],[-26,-107],[-12,-14],[-3,-86],[-12,-26],[40,-16],[-22,-51],[31,-14],[38,-48],[61,-16],[5,-32],[51,-34],[68,17],[-30,-56],[-1,-86],[13,-38],[61,-309],[25,-66],[-53,-130],[6,-57]],[[11641,17571],[-7,-49],[-92,10],[-31,31],[-55,25],[-75,7],[-29,12]],[[11352,17607],[-101,99],[-26,53],[-51,34],[-146,12],[-64,20],[-101,-1],[-81,-38]],[[12189,18626],[-3,-89]],[[12186,18537],[33,-56],[0,-118],[-24,-67],[-2,-117],[7,-186],[-14,-87],[-85,-58],[-25,-59],[23,-58]],[[12099,17731],[-7,-18]],[[12092,17713],[-58,11],[-64,-10],[-74,-80],[-89,-48],[-141,2],[-25,-17]],[[12092,17713],[-32,-50],[27,-61],[8,-74]],[[12095,17528],[-20,-67],[-53,-44],[-22,-71],[24,-32],[-44,-21],[-43,-42],[-18,-73],[-43,-40],[-24,-46],[-9,-52],[-97,-16],[-37,-73],[-68,-40],[-27,24],[-89,2],[-56,-36],[-37,0]],[[11432,16901],[8,31],[37,37],[8,50],[-46,37],[-40,-16],[-63,43],[12,37],[-88,39],[-6,73],[35,47],[18,46],[4,76],[36,48],[31,74],[-26,84]],[[12095,17528],[26,-41],[0,-104],[-18,-59],[79,-94],[12,-24],[-9,-116],[54,-81],[65,-45],[-16,-50],[12,-45]],[[12300,16869],[-24,-33],[9,-45],[-14,-70],[-54,-75],[1,-45],[-22,-25],[21,-37]],[[12217,16539],[-15,-28],[-82,-46],[-139,2],[-58,64],[-77,13],[-47,23],[-37,66],[-96,74],[-33,-13],[-111,-14],[-129,6],[-17,-40],[22,-109],[-25,-36],[-48,14],[-76,-21],[-36,37],[-86,-5]],[[11127,16526],[15,49],[-23,136],[41,73],[-15,43],[-57,38],[31,36],[40,8],[43,-10],[37,28],[117,-22],[76,-4]],[[11127,16526],[-42,-31],[-48,29],[-56,6],[-31,42],[-60,12],[-50,49],[2,48],[-47,-22],[-89,-1],[-38,55],[-54,8],[11,50],[-4,46],[-39,23],[-57,-20],[-39,23],[-42,84],[-49,3],[-40,17],[-32,101],[25,33]],[[10348,17081],[11,47],[-6,79],[12,20],[124,-15],[17,25],[-50,73],[4,33],[39,26],[-44,42],[16,61],[55,-17],[24,11],[48,-29],[33,-5],[17,38],[88,-23],[30,77],[44,30],[13,43],[-10,82],[-30,4],[10,50],[33,52]],[[13143,18556],[65,-16],[174,-56],[66,-33],[132,-103]],[[13580,18348],[26,-126],[11,-189]],[[13617,18033],[-31,-11],[-151,54],[8,27],[-68,24],[-22,-18],[-202,213],[-83,-50],[-21,30],[-35,124],[6,43]],[[13018,18469],[34,21],[49,56],[42,10]],[[14063,17684],[-61,29],[-62,61],[-90,-104],[-66,41],[-48,-48],[-125,-38],[-36,20],[-41,-16],[11,96]],[[13545,17725],[72,26],[25,69],[-18,93],[-7,120]],[[13580,18348],[61,-54],[45,-26],[126,-47],[88,16],[105,102]],[[13189,16778],[-57,12],[-46,23],[-19,41],[-1,91],[141,104],[3,14],[70,62],[21,-5],[21,75],[-27,9],[5,63],[28,93]],[[13328,17360],[46,120],[93,91],[19,32],[28,88],[31,34]],[[13328,17360],[-40,4],[-205,83]],[[13083,17447],[-107,47],[130,346],[21,44],[-82,23],[-18,38],[-90,40],[-22,-40],[-56,20],[-104,5]],[[12755,17970],[-13,117],[14,22],[6,67],[-30,3],[-11,80],[37,4],[20,195],[-48,27]],[[12730,18485],[143,-19],[111,-10],[34,13]],[[12533,15614],[-41,57],[-32,69],[-22,19],[-66,1],[-117,65],[-49,86],[9,45],[95,118],[40,67],[-7,85],[10,60],[-17,26],[-82,10],[-2,103],[-19,33],[10,32],[-26,49]],[[12300,16869],[11,82],[88,23],[70,-44],[47,17],[13,-31],[77,12],[52,-13]],[[12658,16915],[29,-143],[-88,-17],[6,-25],[-46,-28],[27,-121],[32,-28],[104,25],[14,-79]],[[12658,16915],[41,30],[55,56],[64,28],[38,30],[2,35],[53,50],[90,-8],[2,27],[-30,113],[11,54],[-14,38],[20,38],[36,-21],[57,62]],[[12099,17731],[77,-45],[93,4],[75,-25],[83,-50],[40,65],[27,-34],[185,-170],[14,-35],[68,150],[-8,56],[33,106],[-44,34],[-20,179],[33,4]],[[12186,18537],[181,-9],[138,34],[49,-2],[52,-19],[69,-41],[55,-15]],[[12441,18966],[101,-16],[144,-39],[72,-25],[253,-101],[189,-78]],[[13200,18707],[-5,-41],[-52,-110]],[[13200,18707],[35,-15],[109,-23],[169,-22],[78,-50],[130,34]],[[13721,18631],[95,-13],[137,-44],[147,-52],[30,-5]],[[12550,19723],[115,-45],[9,-15],[179,-71],[8,28],[44,-14],[71,-6],[121,58],[38,51],[42,10],[24,-68],[104,-14],[41,11],[12,-71],[52,-16]],[[13410,19561],[-8,-14],[-74,8],[-64,-119],[-19,-24],[11,-146],[17,-63],[-22,-19],[8,-35],[35,-25],[49,3],[43,-27],[-39,-96],[-50,-54],[-73,-131],[-24,-112]],[[13410,19561],[126,-1],[17,6],[155,6],[33,-78],[-19,-49]],[[13722,19445],[-21,-26],[-22,-117],[6,-71],[-67,18],[-42,33],[-30,-73],[42,-64],[-21,-40],[4,-74],[36,-30],[11,-30],[41,5],[-9,-78],[71,-267]],[[13722,19445],[23,-24],[32,60],[61,42],[-30,49],[51,45]],[[9749,18428],[-21,-22],[-70,-23],[-52,15],[-37,-6],[-106,-69],[-31,14],[-105,-31],[-72,-56],[-129,17],[-49,26],[-33,-6],[-113,2]],[[8931,18289],[31,30],[-83,156],[-30,31],[-54,-2],[-37,-30],[-39,-1]],[[8719,18473],[-44,-8],[-32,19],[-23,84],[-18,30],[-4,65],[41,21],[-20,153]],[[9928,17546],[-69,-43],[-137,-1],[-84,-13],[-94,32],[-36,-2],[-66,-22],[-8,-31],[-56,-53],[-38,-12]],[[9340,17401],[-2,66],[-31,50],[-27,12],[-46,-16],[-32,27],[-26,56],[-41,47],[-56,27],[-45,56],[5,28],[-24,74],[24,79],[35,17],[-1,55],[-21,76],[-30,54],[-64,39],[-33,76],[6,65]],[[10348,17081],[-143,-55],[-118,-79],[-71,-10],[-25,14]],[[9991,16951],[-26,25],[-47,19],[-52,2],[-113,-30],[-147,-11],[-100,0],[-148,38],[-64,45],[-50,68],[-14,35]],[[9230,17142],[29,18],[30,93],[40,46],[-9,71],[20,31]],[[11211,15245],[-18,36],[2,175],[-13,105],[-78,115],[48,29],[40,-42],[23,-50],[80,36],[-44,166],[35,95],[-73,31],[-142,10],[-14,77],[58,3],[-24,59],[-15,124],[15,51],[111,67],[3,14],[-28,109],[-50,71]],[[10306,15169],[-15,39],[14,45],[-36,78],[-6,55],[-35,18],[-13,32],[-49,60],[-48,19],[-61,135],[-46,40],[-53,28],[0,59],[81,36],[-7,30],[34,35],[-15,17],[-87,15],[-79,26],[-143,-29],[30,58],[-5,103],[-26,80],[-15,21],[21,54],[-2,47],[47,88],[45,31],[27,98],[-27,90],[-63,-57],[-49,-14],[-79,27],[-65,31],[113,42],[61,-20],[28,21],[67,21],[33,112],[62,48],[1,37],[65,79],[-20,47]],[[9065,13977],[-57,-41],[-16,-65],[-76,15],[-27,-16],[-15,-60],[-53,-52]],[[8821,13758],[-118,138],[-44,-118],[-117,35],[-50,-3],[-56,-50],[-90,-128],[-252,-1],[-75,51],[-23,-1],[-48,-35],[-63,8],[-129,111],[-40,78],[-39,52],[-8,50],[36,62],[-54,147],[-8,4],[-172,-164],[-106,-5],[-464,11]],[[6901,14000],[-19,36],[-58,46],[-107,128],[-21,79],[8,55],[67,126],[-2,89],[22,112],[49,38],[-33,93],[-2,71],[31,31],[-12,54],[-30,10],[17,77],[0,49],[-40,153],[40,72],[-3,97],[-9,25],[-74,73],[16,25],[50,16],[45,1],[110,101],[-8,38],[40,65],[36,17]],[[7014,15777],[66,5],[39,18],[32,-5],[33,-32],[58,-36],[34,0],[48,51],[36,14],[90,11],[35,13],[47,-4],[89,-38],[22,-1],[91,103],[39,88],[5,35],[-15,81],[25,88]],[[7788,16168],[38,50],[113,65],[37,43],[68,10],[21,39],[36,149],[53,63],[159,125],[-19,59],[6,63],[22,27],[72,26],[63,34],[51,13],[43,47],[102,66],[6,82]],[[8659,17129],[17,-16],[104,-25],[108,18],[103,-47],[63,39],[114,22],[62,22]],[[8935,11421],[-289,375],[-24,39],[-82,43],[26,52],[-18,61],[-99,9],[-16,32],[3,67],[-33,25],[3,33],[-26,125],[16,34],[-14,38],[-57,19],[-15,64],[23,46],[52,43],[6,29],[-24,45],[23,57],[-8,33],[17,51],[79,-3],[37,-10],[30,25],[28,47],[84,10],[66,-6],[49,-48],[73,71],[13,38],[-7,59],[-23,55],[-70,58],[-17,29],[-45,1],[-2,38],[67,76],[-12,60],[4,99],[55,95],[48,7],[13,29],[-8,43],[-37,30],[15,68],[-40,100],[22,46]],[[6872,8992],[-115,-88],[-30,-2],[-52,48],[-45,-27],[-72,53],[-60,-15],[-44,89],[-56,7],[-50,46],[-50,128],[-54,58],[-43,17],[-102,-36],[-55,21],[-46,66]],[[5998,9357],[62,99],[100,104],[97,49],[49,31],[86,124],[-3,58],[-24,62],[-54,61],[51,130],[-63,19],[-42,177],[118,90],[-27,72],[-71,128],[49,68],[5,133],[-47,41],[89,156],[-37,91],[-3,73],[10,64],[68,119],[30,39],[30,67],[-8,77],[-72,137],[9,125],[-34,72],[-12,60],[103,112],[36,86],[34,20],[-3,38],[19,29],[-10,142],[-18,38],[-58,58],[-15,50],[31,57],[65,86],[45,24],[48,98],[0,45],[-23,56],[-65,72],[18,79],[30,53],[-21,61],[-6,78],[11,67],[29,79],[38,53],[-30,42],[3,23]],[[6615,13429],[31,15],[60,125],[124,48],[5,19],[-36,115],[11,78],[15,17],[55,9],[9,28],[-20,50],[5,34],[27,33]],[[5998,9357],[-25,2],[-71,39],[12,36],[-48,32],[-19,34],[-28,105],[-31,69],[-26,23],[4,78],[15,51],[-13,36],[-61,17],[7,43],[-51,57],[-93,34],[-21,17],[-55,11],[-9,58],[-34,5],[26,68],[-13,52],[74,38],[51,50],[-26,58],[24,94],[-83,1],[-39,24],[-19,-39],[-48,-8],[7,62],[-58,78],[-6,44],[40,59],[-3,42],[-27,32],[49,20],[49,64],[-3,67],[21,22],[1,81],[-42,37],[-7,47],[16,38],[-37,64],[-63,-4],[-99,18],[-28,-18],[-16,-40],[-45,8],[-58,-10],[-22,25],[-75,33],[-63,87],[-24,46],[17,40],[-19,43],[-39,34],[-9,121],[-61,97],[19,30],[-72,22],[-47,34],[2,50],[-36,39],[-21,51],[6,65],[-27,36],[-55,24],[0,37],[-63,28],[-7,29],[18,34],[14,111],[56,36],[5,30],[-19,90],[-35,75],[-1,41],[-24,51],[7,83],[-36,51],[-11,46],[16,144],[12,40],[-5,43],[-39,36],[-66,-18],[-88,21],[-46,33],[-42,-21],[-47,5],[-31,-15],[-29,17],[-55,-3],[-13,75],[-49,74],[45,44],[3,42],[-32,34],[-45,10],[-100,48],[-35,41],[-15,62],[-41,34],[26,37],[50,28],[11,32],[-21,55],[-22,23],[45,44],[-46,87],[64,132],[-9,34],[74,-24],[34,44],[36,-33],[40,43],[36,-3],[34,36],[-31,51],[48,101],[-15,21],[33,28],[101,-26],[81,13],[113,52],[84,98],[4,56],[35,13],[5,35],[-17,34],[29,33],[10,37],[-18,108],[-19,74],[-22,35],[25,32]],[[4563,14848],[100,0],[91,-34],[34,-46],[37,12],[68,-19],[40,7],[72,-19],[33,-46],[-1,-41],[22,-86],[48,-39],[62,-13],[114,-71],[28,-72],[64,-39],[146,-20],[107,32],[55,-21],[37,-32],[6,-38],[33,-55],[-4,-39],[28,-91],[24,-42],[14,-52],[42,-11],[13,-48],[22,-26],[77,-13],[30,39],[65,0],[26,-26],[63,-34],[17,-35],[94,-65],[47,-50],[57,11],[69,29],[41,-22],[62,16],[26,-12],[6,-70],[-11,-155],[28,-69],[20,-14]],[[4563,14848],[44,74],[19,76],[-3,96],[25,85],[51,49],[56,3],[80,-55],[38,33],[45,19],[22,53],[-13,63],[77,53],[75,15],[40,51],[-2,49],[12,63],[52,101],[37,21],[50,88],[-31,71],[13,24],[66,51],[-2,24],[41,60],[30,73],[5,56],[38,62],[-4,46],[-27,27],[-6,44],[14,92],[32,23],[86,30]],[[5523,16468],[177,-19],[12,-10],[15,-75],[19,-41],[29,-11],[60,32],[103,141],[123,14],[42,19],[36,60],[33,13],[64,-30],[46,-39],[48,16],[44,-29],[30,19],[37,-17],[43,33],[31,0],[8,-46],[-91,-152],[-21,-65],[20,-63],[-21,-43],[33,-44],[7,-48],[49,-42],[111,0],[62,-13],[-6,-48],[62,-58],[37,-65],[-24,-58],[18,-42],[41,-9],[105,7],[48,47],[30,8],[31,-33]],[[5523,16468],[83,24],[29,36],[-11,62],[3,54],[-31,12],[-9,36],[-36,13],[-5,35],[-74,61],[-4,128],[39,4],[57,-14],[47,40],[47,8],[92,-21],[57,106],[127,28],[13,38],[-34,54],[2,21],[48,13],[47,52],[36,19],[142,101],[19,20],[-5,48]],[[6202,17446],[24,19],[27,-89],[62,-48],[24,19],[15,49],[35,51],[-21,78],[-18,24],[9,36],[31,22],[172,32],[62,42],[41,-11],[44,17],[56,54],[35,19],[52,-1],[28,29],[48,22],[13,-48],[46,-49],[45,-72],[53,-40],[-60,-31],[-24,-31],[-16,-70],[-19,-39],[-33,-13],[-15,-50],[6,-88],[-29,-76],[-46,-23],[-7,-32],[21,-31],[-25,-44],[-15,-63],[-46,-27],[-48,-5],[-55,-62],[-44,-20],[-23,-35],[1,-75],[60,-49],[71,13],[42,-27],[18,-41],[31,-31],[80,-28],[63,-11],[106,-60],[40,-31],[75,1],[4,-14],[109,-110],[25,11],[66,68],[31,49],[85,0],[57,-41],[64,-117],[76,-65],[23,-50],[64,-16],[-24,-57],[14,-12]],[[8659,17129],[-43,33],[-85,119],[-50,91],[-2,42],[-51,49],[-11,36],[-42,34],[-45,10],[-50,46],[-16,40],[-72,58],[-158,50],[-40,33],[-7,80],[40,81],[43,-7],[33,19],[-25,51],[17,18],[69,-12],[91,-72],[39,4],[-28,43],[75,-7],[-41,90],[138,150],[2,34],[-29,87],[60,22],[75,13],[42,-82],[9,54],[-30,55],[30,23],[48,-1],[15,31],[59,29]],[[6202,17446],[-30,54],[-66,32],[-84,-1],[-21,70],[0,62],[-14,31],[7,53],[-20,41],[-9,56],[19,112],[-9,54],[16,9],[115,6],[68,34],[45,51],[72,8],[45,26],[69,-1],[88,20],[37,34],[61,16],[35,42],[30,3],[14,69],[-48,22],[-8,30],[26,20],[-39,34],[-70,7],[-5,38],[-45,30],[16,55],[-8,29],[22,34],[-15,112],[12,31],[33,13],[15,67],[28,38],[-4,88],[-43,45]],[[6537,19020],[95,-6],[71,-28],[60,21],[25,53],[-1,45],[50,34],[77,-5],[67,-32],[36,-3],[97,65],[45,22],[66,-14],[47,46],[65,15],[80,-19],[31,9],[54,95]],[[6537,19020],[-45,-3],[-31,22],[-39,-3],[-31,27],[-41,0],[-29,33],[-43,71],[-2,54],[-31,61],[-73,64],[-83,89],[-35,126],[-45,38],[-51,99],[-12,49],[-56,35],[-61,-6],[-29,30],[-3,33],[42,73],[92,88],[-8,36],[-67,72],[-40,60],[5,33],[61,63],[67,86],[39,121],[13,132],[-59,73],[-31,15],[13,40],[-5,52],[55,32],[28,-23],[22,28],[-56,36],[2,44],[42,54],[-41,38],[-11,28],[51,63],[-111,17],[-35,59],[-16,-46],[-33,-11],[-69,47],[-41,5],[-2,36],[-28,11],[-79,59],[-100,-6],[-35,-38],[-47,-9],[-72,49],[-36,88],[-19,22],[-40,2],[-43,20],[-27,42],[-27,10]],[[5151,21440],[151,-8],[71,15],[53,25],[105,20],[63,62],[50,7],[41,-15],[76,0],[67,15],[122,-17],[74,2],[46,33],[60,19],[51,0],[102,18],[50,-13],[68,15],[65,49],[43,-7],[58,-43],[69,-1],[11,-67],[14,-19],[105,7],[59,19],[155,110],[38,13],[49,52],[63,46],[62,25],[72,11],[28,45],[31,124],[57,53],[48,231],[52,51],[46,-11],[91,23],[29,-13],[102,21],[39,-27],[34,8],[17,41],[46,24],[-2,50],[25,70],[39,38],[124,55],[30,37],[-20,44],[-94,53],[-70,-2],[-43,-14],[-109,21],[0,51],[20,17],[57,-2],[50,64],[22,63],[35,34],[98,38],[39,-8],[75,17],[44,-32],[23,6],[-9,53],[40,44],[82,-7],[26,52],[-23,45],[24,38],[86,-4],[70,-70],[63,-7]],[[5151,21440],[42,38],[32,92],[-4,69],[-27,66],[17,20],[-29,46],[-43,37],[-34,49],[-62,-17],[-12,44],[-2,80],[-13,60],[8,75],[75,33],[-5,31],[15,61],[29,18],[-18,57],[-55,15],[13,39],[44,8],[24,53],[-71,63],[0,57],[67,31],[18,39],[-20,37],[38,45],[-20,71],[-60,42],[-1,64],[-53,2],[-27,21],[-9,102],[-32,46],[-12,42],[10,56],[22,30],[93,64],[35,43],[8,77],[38,29],[50,-31],[28,-1],[99,34],[22,23],[24,65],[-17,92],[-36,65],[-32,15],[-79,4],[-68,80],[-69,-14],[-32,66],[19,82],[-33,56],[-12,55],[13,54],[-11,65],[-43,101],[-34,47],[-6,36],[85,65],[51,16],[59,56],[46,3],[52,27],[46,53],[34,13],[52,-6],[36,11],[92,4],[119,58],[82,-41],[47,9],[-6,35],[44,36],[-14,51],[32,42],[61,27],[58,13],[24,18],[61,1],[26,40],[35,-17],[66,3],[30,39],[40,-2],[38,-36],[36,-1],[-4,62],[28,53],[-15,40],[30,33],[49,12],[65,41],[65,-58],[11,-27],[43,-10],[23,38],[67,-47],[30,14],[14,36],[125,-30],[39,18],[58,46],[76,75],[52,23],[33,-28],[55,5],[3,32],[39,35],[50,18],[15,35],[62,2],[121,71],[39,13],[43,-87],[65,-53],[33,2],[13,51],[32,0],[42,36],[42,-4],[27,23],[35,-17],[50,34],[37,6],[25,-26],[-6,-30],[30,-14],[44,16],[0,25],[64,10],[-9,31],[19,38],[46,2],[21,37],[44,20],[39,-26],[33,-54],[38,57]]],"transform":{"scale":[3.213320040532262,3.2440797025197443],"translate":[275282.7099277303,7337239.215128339]},"objects":{"zonas_2017_s":{"type":"GeometryCollection","geometries":[{"arcs":[[0,1,2,3,4]],"type":"Polygon","properties":{"codigo":"1","nome":"Sé","municipio_nome":"São Paulo"},"id":"1"},{"arcs":[[-5,5,6,7,8,9,10,11]],"type":"Polygon","properties":{"codigo":"2","nome":"Parque Dom Pedro","municipio_nome":"São Paulo"},"id":"2"},{"arcs":[[-1,-12,12,13,14]],"type":"Polygon","properties":{"codigo":"3","nome":"Praça João Mendes","municipio_nome":"São Paulo"},"id":"3"},{"arcs":[[-2,-15,15,16,17,18]],"type":"Polygon","properties":{"codigo":"4","nome":"Ladeira da Memória","municipio_nome":"São Paulo"},"id":"4"},{"arcs":[[-3,-19,19,20,21]],"type":"Polygon","properties":{"codigo":"5","nome":"República","municipio_nome":"São Paulo"},"id":"5"},{"arcs":[[-4,-22,22,23,-6]],"type":"Polygon","properties":{"codigo":"6","nome":"Santa Ifigênia","municipio_nome":"São Paulo"},"id":"6"},{"arcs":[[-7,-24,24,25,26,27,28]],"type":"Polygon","properties":{"codigo":"7","nome":"Luz","municipio_nome":"São Paulo"},"id":"7"},{"arcs":[[-26,29,30,31,32,33]],"type":"Polygon","properties":{"codigo":"8","nome":"Bom Retiro","municipio_nome":"São Paulo"},"id":"8"},{"arcs":[[-27,-34,34,35,36,37]],"type":"Polygon","properties":{"codigo":"9","nome":"Ponte Pequena","municipio_nome":"São Paulo"},"id":"9"},{"arcs":[[-37,38,39,40,41]],"type":"Polygon","properties":{"codigo":"10","nome":"Canindé","municipio_nome":"São Paulo"},"id":"10"},{"arcs":[[-41,42,43,44,45]],"type":"Polygon","properties":{"codigo":"11","nome":"Bom Jardim","municipio_nome":"São Paulo"},"id":"11"},{"arcs":[[-28,-38,-42,-46,46,47,48,49]],"type":"Polygon","properties":{"codigo":"12","nome":"Pari","municipio_nome":"São Paulo"},"id":"12"},{"arcs":[[-29,-50,50,51]],"type":"Polygon","properties":{"codigo":"13","nome":"João Teodoro","municipio_nome":"São Paulo"},"id":"13"},{"arcs":[[-49,52,53,54,-51]],"type":"Polygon","properties":{"codigo":"14","nome":"Oriente","municipio_nome":"São Paulo"},"id":"14"},{"arcs":[[55,56,57,58,-54]],"type":"Polygon","properties":{"codigo":"15","nome":"Bresser","municipio_nome":"São Paulo"},"id":"15"},{"arcs":[[-9,59,-58,60,61]],"type":"Polygon","properties":{"codigo":"16","nome":"Brás","municipio_nome":"São Paulo"},"id":"16"},{"arcs":[[-8,-52,-55,-59,-60]],"type":"Polygon","properties":{"codigo":"17","nome":"Gasômetro","municipio_nome":"São Paulo"},"id":"17"},{"arcs":[[-10,-62,62,63,64,65,66]],"type":"Polygon","properties":{"codigo":"18","nome":"Independência","municipio_nome":"São Paulo"},"id":"18"},{"arcs":[[-66,67,68,69,70]],"type":"Polygon","properties":{"codigo":"19","nome":"Cambuci","municipio_nome":"São Paulo"},"id":"19"},{"arcs":[[-11,-67,-71,71,72,73,-13]],"type":"Polygon","properties":{"codigo":"20","nome":"Glicério","municipio_nome":"São Paulo"},"id":"20"},{"arcs":[[-70,74,75,-72]],"type":"Polygon","properties":{"codigo":"21","nome":"Aclimação","municipio_nome":"São Paulo"},"id":"21"},{"arcs":[[-73,-76,76,77,78]],"type":"Polygon","properties":{"codigo":"22","nome":"Pires da Mota","municipio_nome":"São Paulo"},"id":"22"},{"arcs":[[-78,79,80,81]],"type":"Polygon","properties":{"codigo":"23","nome":"Centro Cultural","municipio_nome":"São Paulo"},"id":"23"},{"arcs":[[-14,-74,-79,-82,82]],"type":"Polygon","properties":{"codigo":"24","nome":"Liberdade","municipio_nome":"São Paulo"},"id":"24"},{"arcs":[[-17,83,84,85,86,87]],"type":"Polygon","properties":{"codigo":"25","nome":"Treze de Maio","municipio_nome":"São Paulo"},"id":"25"},{"arcs":[[-16,-83,88,-84]],"type":"Polygon","properties":{"codigo":"26","nome":"Bexiga","municipio_nome":"São Paulo"},"id":"26"},{"arcs":[[-81,89,90,-85,-89]],"type":"Polygon","properties":{"codigo":"27","nome":"Bela Vista","municipio_nome":"São Paulo"},"id":"27"},{"arcs":[[-86,-91,91,92]],"type":"Polygon","properties":{"codigo":"28","nome":"São Carlos do Pinhal","municipio_nome":"São Paulo"},"id":"28"},{"arcs":[[-87,-93,93,94,95,96]],"type":"Polygon","properties":{"codigo":"29","nome":"Masp","municipio_nome":"São Paulo"},"id":"29"},{"arcs":[[97,98,99,100,101]],"type":"Polygon","properties":{"codigo":"30","nome":"Higienópolis","municipio_nome":"São Paulo"},"id":"30"},{"arcs":[[-18,-88,-97,102,-98,103,-20]],"type":"Polygon","properties":{"codigo":"31","nome":"Vila Buarque","municipio_nome":"São Paulo"},"id":"31"},{"arcs":[[-96,104,105,106,-99,-103]],"type":"Polygon","properties":{"codigo":"32","nome":"Consolação","municipio_nome":"São Paulo"},"id":"32"},{"arcs":[[-107,107,108,109,110]],"type":"Polygon","properties":{"codigo":"33","nome":"Pacaembu","municipio_nome":"São Paulo"},"id":"33"},{"arcs":[[-100,-111,111,112]],"type":"Polygon","properties":{"codigo":"34","nome":"FAAP","municipio_nome":"São Paulo"},"id":"34"},{"arcs":[[-21,-104,-102,113,-25,-23]],"type":"Polygon","properties":{"codigo":"35","nome":"Santa Cecília","municipio_nome":"São Paulo"},"id":"35"},{"arcs":[[-114,-101,-113,114,115,-30]],"type":"Polygon","properties":{"codigo":"36","nome":"Marechal Deodoro","municipio_nome":"São Paulo"},"id":"36"},{"arcs":[[-31,-116,116]],"type":"Polygon","properties":{"codigo":"37","nome":"Rudge","municipio_nome":"São Paulo"},"id":"37"},{"arcs":[[-45,117,118,119,-47]],"type":"Polygon","properties":{"codigo":"38","nome":"Catumbi","municipio_nome":"São Paulo"},"id":"38"},{"arcs":[[-119,120,121,122,123,124,125]],"type":"Polygon","properties":{"codigo":"39","nome":"Belém","municipio_nome":"São Paulo"},"id":"39"},{"arcs":[[126,127,128,129]],"type":"Polygon","properties":{"codigo":"40","nome":"Quarta Parada","municipio_nome":"São Paulo"},"id":"40"},{"arcs":[[130,-125,131,-130,132,-56]],"type":"Polygon","properties":{"codigo":"41","nome":"Belenzinho","municipio_nome":"São Paulo"},"id":"41"},{"arcs":[[-48,-120,-126,-131,-53]],"type":"Polygon","properties":{"codigo":"42","nome":"Celso Garcia","municipio_nome":"São Paulo"},"id":"42"},{"arcs":[[-57,-133,-129,133,134,135,-61]],"type":"Polygon","properties":{"codigo":"43","nome":"Mooca","municipio_nome":"São Paulo"},"id":"43"},{"arcs":[[-135,136,137,138]],"type":"Polygon","properties":{"codigo":"44","nome":"Alto da Mooca","municipio_nome":"São Paulo"},"id":"44"},{"arcs":[[-63,-136,-139,139,140,141]],"type":"Polygon","properties":{"codigo":"45","nome":"Parque da Mooca","municipio_nome":"São Paulo"},"id":"45"},{"arcs":[[142,143,144,145,146,147,148]],"type":"Polygon","properties":{"codigo":"46","nome":"Água Rasa","municipio_nome":"São Paulo"},"id":"46"},{"arcs":[[-137,149,-143,150]],"type":"Polygon","properties":{"codigo":"47","nome":"Vila Bertioga","municipio_nome":"São Paulo"},"id":"47"},{"arcs":[[-128,151,152,-144,-150,-134]],"type":"Polygon","properties":{"codigo":"48","nome":"Regente Feijó","municipio_nome":"São Paulo"},"id":"48"},{"arcs":[[-75,153,154,155,156,-80,-77]],"type":"Polygon","properties":{"codigo":"49","nome":"Ana Rosa","municipio_nome":"São Paulo"},"id":"49"},{"arcs":[[-69,157,158,159,160,-154]],"type":"Polygon","properties":{"codigo":"50","nome":"Jardim da Glória","municipio_nome":"São Paulo"},"id":"50"},{"arcs":[[-160,161,162,163]],"type":"Polygon","properties":{"codigo":"51","nome":"Chácara Klabin","municipio_nome":"São Paulo"},"id":"51"},{"arcs":[[-155,-161,-164,164,165]],"type":"Polygon","properties":{"codigo":"52","nome":"Vila Mariana","municipio_nome":"São Paulo"},"id":"52"},{"arcs":[[-163,166,167,168,169,-165]],"type":"Polygon","properties":{"codigo":"53","nome":"Santa Cruz","municipio_nome":"São Paulo"},"id":"53"},{"arcs":[[-169,170,171,172]],"type":"Polygon","properties":{"codigo":"54","nome":"Vila Clementino","municipio_nome":"São Paulo"},"id":"54"},{"arcs":[[-166,-170,-173,173,174]],"type":"Polygon","properties":{"codigo":"55","nome":"França Pinto","municipio_nome":"São Paulo"},"id":"55"},{"arcs":[[-156,-175,175,176]],"type":"Polygon","properties":{"codigo":"56","nome":"Rodrigues Alves","municipio_nome":"São Paulo"},"id":"56"},{"arcs":[[-90,-157,-177,177,178,179]],"type":"Polygon","properties":{"codigo":"57","nome":"Paraíso","municipio_nome":"São Paulo"},"id":"57"},{"arcs":[[-168,180,181,182,183]],"type":"Polygon","properties":{"codigo":"58","nome":"Bosque da Saúde","municipio_nome":"São Paulo"},"id":"58"},{"arcs":[[-183,184,185,186,187,188]],"type":"Polygon","properties":{"codigo":"59","nome":"Saúde","municipio_nome":"São Paulo"},"id":"59"},{"arcs":[[-188,189,190,191,192,193,194]],"type":"Polygon","properties":{"codigo":"60","nome":"Planalto Paulista","municipio_nome":"São Paulo"},"id":"60"},{"arcs":[[-171,-184,-189,-195,195,196]],"type":"Polygon","properties":{"codigo":"61","nome":"Mirandópolis","municipio_nome":"São Paulo"},"id":"61"},{"arcs":[[-174,197,198,199,200,-178,-176]],"type":"Polygon","properties":{"codigo":"62","nome":"Parque Ibirapuera","municipio_nome":"São Paulo"},"id":"62"},{"arcs":[[-172,-197,201,202,-198]],"type":"Polygon","properties":{"codigo":"63","nome":"Jardim Luzitânia","municipio_nome":"São Paulo"},"id":"63"},{"arcs":[[-194,203,204,-202,-196]],"type":"Polygon","properties":{"codigo":"64","nome":"Moema","municipio_nome":"São Paulo"},"id":"64"},{"arcs":[[-203,-205,205,206,207,208]],"type":"Polygon","properties":{"codigo":"65","nome":"Vila Helena","municipio_nome":"São Paulo"},"id":"65"},{"arcs":[[-193,209,210,-206,-204]],"type":"Polygon","properties":{"codigo":"66","nome":"Bandeirantes","municipio_nome":"São Paulo"},"id":"66"},{"arcs":[[-199,-209,211,212,213]],"type":"Polygon","properties":{"codigo":"67","nome":"Vila Nova Conceição","municipio_nome":"São Paulo"},"id":"67"},{"arcs":[[-213,214,215,216,217,218]],"type":"Polygon","properties":{"codigo":"68","nome":"Chácara Itaim","municipio_nome":"São Paulo"},"id":"68"},{"arcs":[[-208,219,220,-215,-212]],"type":"Polygon","properties":{"codigo":"69","nome":"Vila Olímpia","municipio_nome":"São Paulo"},"id":"69"},{"arcs":[[-207,-211,221,222,-220]],"type":"Polygon","properties":{"codigo":"70","nome":"Hélio Pelegrino","municipio_nome":"São Paulo"},"id":"70"},{"arcs":[[-222,223,224,225,226]],"type":"Polygon","properties":{"codigo":"71","nome":"Brooklin","municipio_nome":"São Paulo"},"id":"71"},{"arcs":[[-226,227,228,229,230]],"type":"Polygon","properties":{"codigo":"72","nome":"Vila Cordeiro","municipio_nome":"São Paulo"},"id":"72"},{"arcs":[[-216,-221,-223,-227,-231,231,232]],"type":"Polygon","properties":{"codigo":"73","nome":"Berrini","municipio_nome":"São Paulo"},"id":"73"},{"arcs":[[-92,-180,233,234,-94]],"type":"Polygon","properties":{"codigo":"74","nome":"Campinas","municipio_nome":"São Paulo"},"id":"74"},{"arcs":[[-179,-201,235,236,-234]],"type":"Polygon","properties":{"codigo":"75","nome":"Pamplona","municipio_nome":"São Paulo"},"id":"75"},{"arcs":[[-200,-214,-219,237,238,239,240,-236]],"type":"Polygon","properties":{"codigo":"76","nome":"Jardins","municipio_nome":"São Paulo"},"id":"76"},{"arcs":[[-106,241,242,-240,243,244,245,-108]],"type":"Polygon","properties":{"codigo":"77","nome":"Clínicas","municipio_nome":"São Paulo"},"id":"77"},{"arcs":[[-237,-241,-243,246]],"type":"Polygon","properties":{"codigo":"78","nome":"Oscar Freire","municipio_nome":"São Paulo"},"id":"78"},{"arcs":[[-95,-235,-247,-242,-105]],"type":"Polygon","properties":{"codigo":"79","nome":"Trianon","municipio_nome":"São Paulo"},"id":"79"},{"arcs":[[-239,247,248,249,-244]],"type":"Polygon","properties":{"codigo":"80","nome":"Jardim Paulistano","municipio_nome":"São Paulo"},"id":"80"},{"arcs":[[-218,250,251,-248,-238]],"type":"Polygon","properties":{"codigo":"81","nome":"Jardim Europa","municipio_nome":"São Paulo"},"id":"81"},{"arcs":[[-249,-252,252,253,254,255]],"type":"Polygon","properties":{"codigo":"82","nome":"Pinheiros","municipio_nome":"São Paulo"},"id":"82"},{"arcs":[[-245,-250,-256,256,257,258,259]],"type":"Polygon","properties":{"codigo":"83","nome":"Vila Madalena","municipio_nome":"São Paulo"},"id":"83"},{"arcs":[[260,261,262,263,264]],"type":"Polygon","properties":{"codigo":"84","nome":"PUC","municipio_nome":"São Paulo"},"id":"84"},{"arcs":[[-110,265,-261,266,-112]],"type":"Polygon","properties":{"codigo":"85","nome":"Cardoso de Almeida","municipio_nome":"São Paulo"},"id":"85"},{"arcs":[[-109,-246,267,268,-262,-266]],"type":"Polygon","properties":{"codigo":"86","nome":"Zequinha de Abreu","municipio_nome":"São Paulo"},"id":"86"},{"arcs":[[-260,269,270,-268]],"type":"Polygon","properties":{"codigo":"87","nome":"Sumaré","municipio_nome":"São Paulo"},"id":"87"},{"arcs":[[-263,-269,-271,271,272,273]],"type":"Polygon","properties":{"codigo":"88","nome":"Perdizes","municipio_nome":"São Paulo"},"id":"88"},{"arcs":[[-259,274,275,276,-272,-270]],"type":"Polygon","properties":{"codigo":"89","nome":"Vila Anglo Brasileira","municipio_nome":"São Paulo"},"id":"89"},{"arcs":[[-273,-277,277,278,279]],"type":"Polygon","properties":{"codigo":"90","nome":"Pompéia","municipio_nome":"São Paulo"},"id":"90"},{"arcs":[[280,281,282,283,284,285,286]],"type":"Polygon","properties":{"codigo":"91","nome":"Santa Marina","municipio_nome":"São Paulo"},"id":"91"},{"arcs":[[-32,-117,287,-286,288]],"type":"Polygon","properties":{"codigo":"92","nome":"Barra Funda","municipio_nome":"São Paulo"},"id":"92"},{"arcs":[[-115,-267,-265,289,-288]],"type":"Polygon","properties":{"codigo":"93","nome":"Francisco Matarazzo","municipio_nome":"São Paulo"},"id":"93"},{"arcs":[[-264,-274,-280,290,-287,-290]],"type":"Polygon","properties":{"codigo":"94","nome":"Água Branca","municipio_nome":"São Paulo"},"id":"94"},{"arcs":[[-258,291,292,-275]],"type":"Polygon","properties":{"codigo":"95","nome":"Vila Beatriz","municipio_nome":"São Paulo"},"id":"95"},{"arcs":[[-255,293,294,295,296,-292,-257]],"type":"Polygon","properties":{"codigo":"96","nome":"Alto de Pinheiros","municipio_nome":"São Paulo"},"id":"96"},{"arcs":[[-296,297,298,299,300,301,302]],"type":"Polygon","properties":{"codigo":"97","nome":"Boaçava","municipio_nome":"São Paulo"},"id":"97"},{"arcs":[[303,304,305,306,307,308]],"type":"Polygon","properties":{"codigo":"98","nome":"Vila Anastácio","municipio_nome":"São Paulo"},"id":"98"},{"arcs":[[-282,309,-308,310,311]],"type":"Polygon","properties":{"codigo":"99","nome":"Lapa de Baixo","municipio_nome":"São Paulo"},"id":"99"},{"arcs":[[-279,312,313,314,-309,-310,-281,-291]],"type":"Polygon","properties":{"codigo":"100","nome":"Lapa","municipio_nome":"São Paulo"},"id":"100"},{"arcs":[[-276,-293,-297,-303,315,-313,-278]],"type":"Polygon","properties":{"codigo":"101","nome":"Vila Ipojuca","municipio_nome":"São Paulo"},"id":"101"},{"arcs":[[-302,316,317,318,-314,-316]],"type":"Polygon","properties":{"codigo":"102","nome":"Alto da Lapa","municipio_nome":"São Paulo"},"id":"102"},{"arcs":[[-304,-315,-319,319,320]],"type":"Polygon","properties":{"codigo":"103","nome":"Gavião Peixoto","municipio_nome":"São Paulo"},"id":"103"},{"arcs":[[-318,321,322,323,-320]],"type":"Polygon","properties":{"codigo":"104","nome":"Bela Aliança","municipio_nome":"São Paulo"},"id":"104"},{"arcs":[[-301,324,325,-322,-317]],"type":"Polygon","properties":{"codigo":"105","nome":"Vila Hamburguesa","municipio_nome":"São Paulo"},"id":"105"},{"arcs":[[-300,326,327,328,-325]],"type":"Polygon","properties":{"codigo":"106","nome":"CEASA","municipio_nome":"São Paulo"},"id":"106"},{"arcs":[[-323,-326,-329,329]],"type":"Polygon","properties":{"codigo":"107","nome":"Vila Leopoldina","municipio_nome":"São Paulo"},"id":"107"},{"arcs":[[-305,-321,-324,-330,-328,330,331,332]],"type":"Polygon","properties":{"codigo":"108","nome":"Emissário","municipio_nome":"São Paulo"},"id":"108"},{"arcs":[[333,334,335,336,337,338,339]],"type":"Polygon","properties":{"codigo":"109","nome":"Vila Zatt","municipio_nome":"São Paulo"},"id":"109"},{"arcs":[[-307,340,-340,341,342,-311]],"type":"Polygon","properties":{"codigo":"110","nome":"Pirituba","municipio_nome":"São Paulo"},"id":"110"},{"arcs":[[-306,343,344,-334,-341]],"type":"Polygon","properties":{"codigo":"111","nome":"São Domingos","municipio_nome":"São Paulo"},"id":"111"},{"arcs":[[-335,-345,345,346,347,348,349]],"type":"Polygon","properties":{"codigo":"112","nome":"Jardim Mutinga","municipio_nome":"São Paulo"},"id":"112"},{"arcs":[[350,-346,-344,-333]],"type":"Polygon","properties":{"codigo":"113","nome":"Vila Jaguara","municipio_nome":"São Paulo"},"id":"113"},{"arcs":[[-349,351,352,353]],"type":"Polygon","properties":{"codigo":"114","nome":"Parque do Jaraguá","municipio_nome":"São Paulo"},"id":"114"},{"arcs":[[-336,-350,-354,354,355,356]],"type":"Polygon","properties":{"codigo":"115","nome":"Nova Jaraguá","municipio_nome":"São Paulo"},"id":"115"},{"arcs":[[-337,-357,357,358,359,360,361]],"type":"Polygon","properties":{"codigo":"116","nome":"Parada de Taipas","municipio_nome":"São Paulo"},"id":"116"},{"arcs":[[362,363,364,365,366]],"type":"Polygon","properties":{"codigo":"117","nome":"Parque Morro Doce","municipio_nome":"São Paulo"},"id":"117"},{"arcs":[[367,-367,368,369,370,-355,-353]],"type":"Polygon","properties":{"codigo":"118","nome":"Anhanguera","municipio_nome":"São Paulo"},"id":"118"},{"arcs":[[-356,-371,371,372,373,-358]],"type":"Polygon","properties":{"codigo":"119","nome":"Perus","municipio_nome":"São Paulo"},"id":"119"},{"arcs":[[-360,374,375,376]],"type":"Polygon","properties":{"codigo":"120","nome":"Vista Alegre","municipio_nome":"São Paulo"},"id":"120"},{"arcs":[[-361,-377,377,378,379,380,381]],"type":"Polygon","properties":{"codigo":"121","nome":"Jardim Damasceno","municipio_nome":"São Paulo"},"id":"121"},{"arcs":[[-338,-362,-382,382,383]],"type":"Polygon","properties":{"codigo":"122","nome":"Vila Souza","municipio_nome":"São Paulo"},"id":"122"},{"arcs":[[-381,384,385,-383]],"type":"Polygon","properties":{"codigo":"123","nome":"Vila Terezinha","municipio_nome":"São Paulo"},"id":"123"},{"arcs":[[-380,386,387,388,389,-385]],"type":"Polygon","properties":{"codigo":"124","nome":"Brasilândia","municipio_nome":"São Paulo"},"id":"124"},{"arcs":[[-339,-384,-386,-390,390,391,-342]],"type":"Polygon","properties":{"codigo":"125","nome":"Vila Morro Grande","municipio_nome":"São Paulo"},"id":"125"},{"arcs":[[-389,392,393,394,-391]],"type":"Polygon","properties":{"codigo":"126","nome":"Itaberaba","municipio_nome":"São Paulo"},"id":"126"},{"arcs":[[-283,-312,-343,-392,-395,395,396]],"type":"Polygon","properties":{"codigo":"127","nome":"Freguesia do Ó","municipio_nome":"São Paulo"},"id":"127"},{"arcs":[[397,398,399,400]],"type":"Polygon","properties":{"codigo":"128","nome":"Carandiru","municipio_nome":"São Paulo"},"id":"128"},{"arcs":[[-398,401,402,403,404]],"type":"Polygon","properties":{"codigo":"129","nome":"Santana","municipio_nome":"São Paulo"},"id":"129"},{"arcs":[[-399,-405,405,406,407]],"type":"Polygon","properties":{"codigo":"130","nome":"Zaki Narchi","municipio_nome":"São Paulo"},"id":"130"},{"arcs":[[-36,408,-400,-408,409,-39]],"type":"Polygon","properties":{"codigo":"131","nome":"Tietê","municipio_nome":"São Paulo"},"id":"131"},{"arcs":[[-33,410,411,412,-401,-409,-35]],"type":"Polygon","properties":{"codigo":"132","nome":"Parque Anhembi","municipio_nome":"São Paulo"},"id":"132"},{"arcs":[[-402,-413,413,414,415]],"type":"Polygon","properties":{"codigo":"133","nome":"Alfredo Pujol","municipio_nome":"São Paulo"},"id":"133"},{"arcs":[[-415,416,417,418]],"type":"Polygon","properties":{"codigo":"134","nome":"Santa Terezinha","municipio_nome":"São Paulo"},"id":"134"},{"arcs":[[-403,-416,-419,419,420,421,422]],"type":"Polygon","properties":{"codigo":"135","nome":"Jardim São Paulo","municipio_nome":"São Paulo"},"id":"135"},{"arcs":[[-285,423,424,425,-411,-289]],"type":"Polygon","properties":{"codigo":"136","nome":"Casa Verde","municipio_nome":"São Paulo"},"id":"136"},{"arcs":[[-412,-426,426,427,428,-417,-414]],"type":"Polygon","properties":{"codigo":"137","nome":"Parque Peruche","municipio_nome":"São Paulo"},"id":"137"},{"arcs":[[-284,-397,429,430,-424]],"type":"Polygon","properties":{"codigo":"138","nome":"Limão","municipio_nome":"São Paulo"},"id":"138"},{"arcs":[[-394,431,432,-430,-396]],"type":"Polygon","properties":{"codigo":"139","nome":"Jardim Primavera","municipio_nome":"São Paulo"},"id":"139"},{"arcs":[[-425,-431,-433,433,-427]],"type":"Polygon","properties":{"codigo":"140","nome":"Vila Santa Maria","municipio_nome":"São Paulo"},"id":"140"},{"arcs":[[-388,434,435,436,-428,-434,-432,-393]],"type":"Polygon","properties":{"codigo":"141","nome":"Cachoeirinha","municipio_nome":"São Paulo"},"id":"141"},{"arcs":[[-379,437,438,439,-435,-387]],"type":"Polygon","properties":{"codigo":"142","nome":"Jardim Peri","municipio_nome":"São Paulo"},"id":"142"},{"arcs":[[-376,440,441,442,-438,-378]],"type":"Polygon","properties":{"codigo":"143","nome":"Reserva da Cantareira","municipio_nome":"São Paulo"},"id":"143"},{"arcs":[[-418,-429,-437,443,444,-420]],"type":"Polygon","properties":{"codigo":"144","nome":"Mandaqui","municipio_nome":"São Paulo"},"id":"144"},{"arcs":[[-436,-440,445,446,447,448,-444]],"type":"Polygon","properties":{"codigo":"145","nome":"Horto Florestal","municipio_nome":"São Paulo"},"id":"145"},{"arcs":[[-439,-443,449,450,-446]],"type":"Polygon","properties":{"codigo":"146","nome":"ETA Guaraú","municipio_nome":"São Paulo"},"id":"146"},{"arcs":[[451,452,453,454,455,456]],"type":"Polygon","properties":{"codigo":"147","nome":"Parque Palmas do Tremembé","municipio_nome":"São Paulo"},"id":"147"},{"arcs":[[-448,457,-457,458]],"type":"Polygon","properties":{"codigo":"148","nome":"Tremembé","municipio_nome":"São Paulo"},"id":"148"},{"arcs":[[-447,-451,459,460,461,462,463,-452,-458]],"type":"Polygon","properties":{"codigo":"149","nome":"Cantareira","municipio_nome":"São Paulo"},"id":"149"},{"arcs":[[-453,-464,464,465,466,467]],"type":"Polygon","properties":{"codigo":"150","nome":"Jardim das Pedras","municipio_nome":"São Paulo"},"id":"150"},{"arcs":[[-454,-468,468,469,470]],"type":"Polygon","properties":{"codigo":"151","nome":"Jardim Guapira","municipio_nome":"São Paulo"},"id":"151"},{"arcs":[[-422,471,472,473,474]],"type":"Polygon","properties":{"codigo":"152","nome":"Parada Inglesa","municipio_nome":"São Paulo"},"id":"152"},{"arcs":[[-421,-445,-449,-459,-456,475,-472]],"type":"Polygon","properties":{"codigo":"153","nome":"Tucuruvi","municipio_nome":"São Paulo"},"id":"153"},{"arcs":[[-455,-471,476,477,-473,-476]],"type":"Polygon","properties":{"codigo":"154","nome":"Vila Gustavo","municipio_nome":"São Paulo"},"id":"154"},{"arcs":[[-467,478,479,480,481,-469]],"type":"Polygon","properties":{"codigo":"155","nome":"Cohab Jova Rural","municipio_nome":"São Paulo"},"id":"155"},{"arcs":[[-470,-482,482,483,484,-477]],"type":"Polygon","properties":{"codigo":"156","nome":"Jaçanã","municipio_nome":"São Paulo"},"id":"156"},{"arcs":[[-484,485,486,487]],"type":"Polygon","properties":{"codigo":"157","nome":"Parque Edu Chaves","municipio_nome":"São Paulo"},"id":"157"},{"arcs":[[-474,-478,488,489,490]],"type":"Polygon","properties":{"codigo":"158","nome":"Vila Medeiros","municipio_nome":"São Paulo"},"id":"158"},{"arcs":[[-485,-488,491,492,493,-489]],"type":"Polygon","properties":{"codigo":"159","nome":"Jardim Brasil","municipio_nome":"São Paulo"},"id":"159"},{"arcs":[[-490,-494,494,495,496]],"type":"Polygon","properties":{"codigo":"160","nome":"Jardim Japão","municipio_nome":"São Paulo"},"id":"160"},{"arcs":[[-123,497,-495,-493,498,499,500,501]],"type":"Polygon","properties":{"codigo":"161","nome":"Parque Novo Mundo","municipio_nome":"São Paulo"},"id":"161"},{"arcs":[[-122,502,503,-496,-498]],"type":"Polygon","properties":{"codigo":"162","nome":"Vila Maria","municipio_nome":"São Paulo"},"id":"162"},{"arcs":[[-404,-423,-475,-491,-497,-504,504,505,-406]],"type":"Polygon","properties":{"codigo":"163","nome":"Vila Isolina Mazzei","municipio_nome":"São Paulo"},"id":"163"},{"arcs":[[-44,506,-505,-503,-121,-118]],"type":"Polygon","properties":{"codigo":"164","nome":"Vila Guilherme","municipio_nome":"São Paulo"},"id":"164"},{"arcs":[[-40,-410,-407,-506,-507,-43]],"type":"Polygon","properties":{"codigo":"165","nome":"Coroa","municipio_nome":"São Paulo"},"id":"165"},{"arcs":[[507,508,509,510,511]],"type":"Polygon","properties":{"codigo":"166","nome":"Gomes Cardim","municipio_nome":"São Paulo"},"id":"166"},{"arcs":[[-127,512,-512,513,-152]],"type":"Polygon","properties":{"codigo":"167","nome":"Tatuapé","municipio_nome":"São Paulo"},"id":"167"},{"arcs":[[-124,-502,514,-508,-513,-132]],"type":"Polygon","properties":{"codigo":"168","nome":"Chácara do Piqueri","municipio_nome":"São Paulo"},"id":"168"},{"arcs":[[-501,515,516,517,-509,-515]],"type":"Polygon","properties":{"codigo":"169","nome":"Parque São Jorge","municipio_nome":"São Paulo"},"id":"169"},{"arcs":[[-500,518,519,520,521,522,-516]],"type":"Polygon","properties":{"codigo":"170","nome":"Penha","municipio_nome":"São Paulo"},"id":"170"},{"arcs":[[-522,523,524,525,526,527]],"type":"Polygon","properties":{"codigo":"171","nome":"Tiquatira","municipio_nome":"São Paulo"},"id":"171"},{"arcs":[[-526,528,529,530,531]],"type":"Polygon","properties":{"codigo":"172","nome":"Vila Esperança","municipio_nome":"São Paulo"},"id":"172"},{"arcs":[[-530,532,533,534,535,536]],"type":"Polygon","properties":{"codigo":"173","nome":"Vila Ré","municipio_nome":"São Paulo"},"id":"173"},{"arcs":[[537,538,539,540,541]],"type":"Polygon","properties":{"codigo":"174","nome":"Rui Barbosa","municipio_nome":"São Paulo"},"id":"174"},{"arcs":[[-542,542,543,544]],"type":"Polygon","properties":{"codigo":"175","nome":"Estação Eng. Goulart","municipio_nome":"São Paulo"},"id":"175"},{"arcs":[[-521,545,-544,546,-524]],"type":"Polygon","properties":{"codigo":"176","nome":"Cangaíba","municipio_nome":"São Paulo"},"id":"176"},{"arcs":[[-520,547,548,549,550,-538,-545,-546]],"type":"Polygon","properties":{"codigo":"177","nome":"Parque Ecológico do Tietê","municipio_nome":"São Paulo"},"id":"177"},{"arcs":[[-539,-551,551]],"type":"Polygon","properties":{"codigo":"178","nome":"USP Leste I","municipio_nome":"São Paulo"},"id":"178"},{"arcs":[[552,553,554,555,556]],"type":"Polygon","properties":{"codigo":"179","nome":"USP Leste II","municipio_nome":"São Paulo"},"id":"179"},{"arcs":[[-540,-552,-550,-557,557,558]],"type":"Polygon","properties":{"codigo":"180","nome":"Ermelino Matarazzo","municipio_nome":"São Paulo"},"id":"180"},{"arcs":[[-556,559,560,561,562,563,-558]],"type":"Polygon","properties":{"codigo":"181","nome":"Parque Buturussu","municipio_nome":"São Paulo"},"id":"181"},{"arcs":[[-525,-547,-543,-541,-559,-564,564,-533,-529]],"type":"Polygon","properties":{"codigo":"182","nome":"Ponte Rasa","municipio_nome":"São Paulo"},"id":"182"},{"arcs":[[-534,-565,-563,565,566,567]],"type":"Polygon","properties":{"codigo":"183","nome":"Burgo Paulista","municipio_nome":"São Paulo"},"id":"183"},{"arcs":[[-562,568,569,-566]],"type":"Polygon","properties":{"codigo":"184","nome":"Limoeiro","municipio_nome":"São Paulo"},"id":"184"},{"arcs":[[-561,570,571,572,573,574,-569]],"type":"Polygon","properties":{"codigo":"185","nome":"Laranja da China","municipio_nome":"São Paulo"},"id":"185"},{"arcs":[[-571,575,576]],"type":"Polygon","properties":{"codigo":"186","nome":"Pedro José Nunes","municipio_nome":"São Paulo"},"id":"186"},{"arcs":[[-555,577,578,579,-576,-560]],"type":"Polygon","properties":{"codigo":"187","nome":"Parque Cruzeiro do Sul","municipio_nome":"São Paulo"},"id":"187"},{"arcs":[[-572,-577,580,581,582]],"type":"Polygon","properties":{"codigo":"188","nome":"Vila Jacuí","municipio_nome":"São Paulo"},"id":"188"},{"arcs":[[583,584,585,586,587,588]],"type":"Polygon","properties":{"codigo":"189","nome":"Parada XV","municipio_nome":"São Paulo"},"id":"189"},{"arcs":[[-589,589,590,591,592,593,594,595,596]],"type":"Polygon","properties":{"codigo":"190","nome":"Itaquera","municipio_nome":"São Paulo"},"id":"190"},{"arcs":[[-595,597,598,599]],"type":"Polygon","properties":{"codigo":"191","nome":"Arena Corinthians","municipio_nome":"São Paulo"},"id":"191"},{"arcs":[[-596,-600,600,601,602]],"type":"Polygon","properties":{"codigo":"192","nome":"Vila Campanela","municipio_nome":"São Paulo"},"id":"192"},{"arcs":[[-567,-570,-575,603,-602,604]],"type":"Polygon","properties":{"codigo":"193","nome":"Araucárias","municipio_nome":"São Paulo"},"id":"193"},{"arcs":[[-574,605,-584,-597,-603,-604]],"type":"Polygon","properties":{"codigo":"194","nome":"Parque Guarani","municipio_nome":"São Paulo"},"id":"194"},{"arcs":[[-573,-583,606,-585,-606]],"type":"Polygon","properties":{"codigo":"195","nome":"Rio Verde","municipio_nome":"São Paulo"},"id":"195"},{"arcs":[[-582,607,608,609,610,-586,-607]],"type":"Polygon","properties":{"codigo":"196","nome":"Saudade","municipio_nome":"São Paulo"},"id":"196"},{"arcs":[[-580,611,612,-608,-581]],"type":"Polygon","properties":{"codigo":"197","nome":"São Miguel Paulista","municipio_nome":"São Paulo"},"id":"197"},{"arcs":[[-609,-613,613,614,615]],"type":"Polygon","properties":{"codigo":"198","nome":"Cidade Nitro-Operária","municipio_nome":"São Paulo"},"id":"198"},{"arcs":[[-615,616,617,618,619]],"type":"Polygon","properties":{"codigo":"199","nome":"Jardim Helena","municipio_nome":"São Paulo"},"id":"199"},{"arcs":[[-619,620,621,622,623]],"type":"Polygon","properties":{"codigo":"200","nome":"Jardim Romano","municipio_nome":"São Paulo"},"id":"200"},{"arcs":[[-616,-620,624,625,626]],"type":"Polygon","properties":{"codigo":"201","nome":"Vila Curuçá","municipio_nome":"São Paulo"},"id":"201"},{"arcs":[[-610,-627,627,628,629]],"type":"Polygon","properties":{"codigo":"202","nome":"Jardim Robru","municipio_nome":"São Paulo"},"id":"202"},{"arcs":[[-587,-611,-630,630,631,632]],"type":"Polygon","properties":{"codigo":"203","nome":"Lajeado","municipio_nome":"São Paulo"},"id":"203"},{"arcs":[[-629,633,634,635,636,-631]],"type":"Polygon","properties":{"codigo":"204","nome":"Fábrica Bandeirantes","municipio_nome":"São Paulo"},"id":"204"},{"arcs":[[-626,637,638,639,640,-634,-628]],"type":"Polygon","properties":{"codigo":"205","nome":"Fazenda Itaim","municipio_nome":"São Paulo"},"id":"205"},{"arcs":[[-624,641,-638,-625]],"type":"Polygon","properties":{"codigo":"206","nome":"Itaim Paulista","municipio_nome":"São Paulo"},"id":"206"},{"arcs":[[-623,642,643,-639,-642]],"type":"Polygon","properties":{"codigo":"207","nome":"Jardim das Oliveiras","municipio_nome":"São Paulo"},"id":"207"},{"arcs":[[-510,-518,644,645,646]],"type":"Polygon","properties":{"codigo":"208","nome":"Vila Califórnia","municipio_nome":"São Paulo"},"id":"208"},{"arcs":[[-646,647,648,649,650,651,652]],"type":"Polygon","properties":{"codigo":"209","nome":"Vila Carrão","municipio_nome":"São Paulo"},"id":"209"},{"arcs":[[-145,-153,-514,-511,-647,-653,653]],"type":"Polygon","properties":{"codigo":"210","nome":"Jardim Anália Franco","municipio_nome":"São Paulo"},"id":"210"},{"arcs":[[-146,-654,-652,654,655,656]],"type":"Polygon","properties":{"codigo":"211","nome":"Vila Formosa","municipio_nome":"São Paulo"},"id":"211"},{"arcs":[[-651,657,658,659,660,-655]],"type":"Polygon","properties":{"codigo":"212","nome":"Barreira Grande","municipio_nome":"São Paulo"},"id":"212"},{"arcs":[[-650,661,662,663,-658]],"type":"Polygon","properties":{"codigo":"213","nome":"Aricanduva","municipio_nome":"São Paulo"},"id":"213"},{"arcs":[[-517,-523,-528,664,-648,-645]],"type":"Polygon","properties":{"codigo":"214","nome":"Frei Mont'Alverne","municipio_nome":"São Paulo"},"id":"214"},{"arcs":[[-527,-532,665,666,667,-649,-665]],"type":"Polygon","properties":{"codigo":"215","nome":"Vila Matilde","municipio_nome":"São Paulo"},"id":"215"},{"arcs":[[-531,-537,668,-666]],"type":"Polygon","properties":{"codigo":"216","nome":"Cidade Patriarca","municipio_nome":"São Paulo"},"id":"216"},{"arcs":[[-535,-568,-605,-601,669]],"type":"Polygon","properties":{"codigo":"217","nome":"Cidade A.E.Carvalho","municipio_nome":"São Paulo"},"id":"217"},{"arcs":[[-536,-670,-599,670,671,-667,-669]],"type":"Polygon","properties":{"codigo":"218","nome":"Artur Alvim","municipio_nome":"São Paulo"},"id":"218"},{"arcs":[[-662,-668,-672,672,673]],"type":"Polygon","properties":{"codigo":"219","nome":"Cidade Líder","municipio_nome":"São Paulo"},"id":"219"},{"arcs":[[-594,674,675,-673,-671,-598]],"type":"Polygon","properties":{"codigo":"220","nome":"Santa Marcelina","municipio_nome":"São Paulo"},"id":"220"},{"arcs":[[-663,-674,-676,676,677,678]],"type":"Polygon","properties":{"codigo":"221","nome":"Parque Savoy","municipio_nome":"São Paulo"},"id":"221"},{"arcs":[[-593,679,680,-677,-675]],"type":"Polygon","properties":{"codigo":"222","nome":"Vila Carmosina","municipio_nome":"São Paulo"},"id":"222"},{"arcs":[[-592,681,682,-680]],"type":"Polygon","properties":{"codigo":"223","nome":"Fazenda Caguaçu","municipio_nome":"São Paulo"},"id":"223"},{"arcs":[[-678,-681,-683,683,684,685,686]],"type":"Polygon","properties":{"codigo":"224","nome":"Parque do Carmo","municipio_nome":"São Paulo"},"id":"224"},{"arcs":[[-591,687,688,689,690,691,-684,-682]],"type":"Polygon","properties":{"codigo":"225","nome":"Gleba do Pêssego","municipio_nome":"São Paulo"},"id":"225"},{"arcs":[[-588,-633,692,-688,-590]],"type":"Polygon","properties":{"codigo":"226","nome":"José Bonifácio","municipio_nome":"São Paulo"},"id":"226"},{"arcs":[[-632,-637,693,694,695,-689,-693]],"type":"Polygon","properties":{"codigo":"227","nome":"Guaianases","municipio_nome":"São Paulo"},"id":"227"},{"arcs":[[-695,696,697,698]],"type":"Polygon","properties":{"codigo":"228","nome":"Juscelino Kubitschek","municipio_nome":"São Paulo"},"id":"228"},{"arcs":[[-690,-696,-699,699,700,701]],"type":"Polygon","properties":{"codigo":"229","nome":"Cidade Tiradentes","municipio_nome":"São Paulo"},"id":"229"},{"arcs":[[-701,702,703,704]],"type":"Polygon","properties":{"codigo":"230","nome":"Santa Etelvina","municipio_nome":"São Paulo"},"id":"230"},{"arcs":[[-691,-702,-705,705,706,707,708]],"type":"Polygon","properties":{"codigo":"231","nome":"Terceira Divisão","municipio_nome":"São Paulo"},"id":"231"},{"arcs":[[-685,-692,-709,709,710,711]],"type":"Polygon","properties":{"codigo":"232","nome":"Iguatemi","municipio_nome":"São Paulo"},"id":"232"},{"arcs":[[-686,-712,712,713,714]],"type":"Polygon","properties":{"codigo":"233","nome":"Sítio Carrãozinho","municipio_nome":"São Paulo"},"id":"233"},{"arcs":[[-708,715,716,-710]],"type":"Polygon","properties":{"codigo":"234","nome":"Parque São Rafael","municipio_nome":"São Paulo"},"id":"234"},{"arcs":[[-711,-717,717,718,719,720,-713]],"type":"Polygon","properties":{"codigo":"235","nome":"Rodolfo Pirani","municipio_nome":"São Paulo"},"id":"235"},{"arcs":[[721,722,723,724]],"type":"Polygon","properties":{"codigo":"236","nome":"Ipiranga","municipio_nome":"São Paulo"},"id":"236"},{"arcs":[[-724,725,726,727,728,729]],"type":"Polygon","properties":{"codigo":"237","nome":"Sacomã","municipio_nome":"São Paulo"},"id":"237"},{"arcs":[[-729,730,731,732,733,734]],"type":"Polygon","properties":{"codigo":"238","nome":"Alto do Ipiranga","municipio_nome":"São Paulo"},"id":"238"},{"arcs":[[-159,735,-725,-730,-735,736,-162]],"type":"Polygon","properties":{"codigo":"239","nome":"Vila São José","municipio_nome":"São Paulo"},"id":"239"},{"arcs":[[-65,737,-722,-736,-158,-68]],"type":"Polygon","properties":{"codigo":"240","nome":"Vila Monumento","municipio_nome":"São Paulo"},"id":"240"},{"arcs":[[-64,-142,738,739,-726,-723,-738]],"type":"Polygon","properties":{"codigo":"241","nome":"Vila Independência","municipio_nome":"São Paulo"},"id":"241"},{"arcs":[[-727,-740,740,741,742]],"type":"Polygon","properties":{"codigo":"242","nome":"Vila Carioca","municipio_nome":"São Paulo"},"id":"242"},{"arcs":[[-732,743,744,745,746,747]],"type":"Polygon","properties":{"codigo":"243","nome":"Moinho Velho","municipio_nome":"São Paulo"},"id":"243"},{"arcs":[[-728,-743,748,749,-744,-731]],"type":"Polygon","properties":{"codigo":"244","nome":"Vila Heliópolis","municipio_nome":"São Paulo"},"id":"244"},{"arcs":[[-745,-750,750,751,752,753,754]],"type":"Polygon","properties":{"codigo":"245","nome":"São João Clímaco","municipio_nome":"São Paulo"},"id":"245"},{"arcs":[[-754,755,756,757]],"type":"Polygon","properties":{"codigo":"246","nome":"Anchieta","municipio_nome":"São Paulo"},"id":"246"},{"arcs":[[-746,-755,-758,758,759,760]],"type":"Polygon","properties":{"codigo":"247","nome":"Vila das Mercês","municipio_nome":"São Paulo"},"id":"247"},{"arcs":[[-760,761,762,763,764,765]],"type":"Polygon","properties":{"codigo":"248","nome":"Parque do Estado","municipio_nome":"São Paulo"},"id":"248"},{"arcs":[[-186,766,767,-747,-761,-766,768]],"type":"Polygon","properties":{"codigo":"249","nome":"Água Funda","municipio_nome":"São Paulo"},"id":"249"},{"arcs":[[-182,769,770,-767,-185]],"type":"Polygon","properties":{"codigo":"250","nome":"Jardim da Saúde","municipio_nome":"São Paulo"},"id":"250"},{"arcs":[[-167,-737,-734,771,-770,-181]],"type":"Polygon","properties":{"codigo":"251","nome":"Vila Gumercindo","municipio_nome":"São Paulo"},"id":"251"},{"arcs":[[-733,-748,-768,-771,-772]],"type":"Polygon","properties":{"codigo":"252","nome":"Jardim Previdência","municipio_nome":"São Paulo"},"id":"252"},{"arcs":[[-141,772,773,774,-741,-739]],"type":"Polygon","properties":{"codigo":"253","nome":"Tamanduateí","municipio_nome":"São Paulo"},"id":"253"},{"arcs":[[-138,-151,-149,775,776,-773,-140]],"type":"Polygon","properties":{"codigo":"254","nome":"Orfanato","municipio_nome":"São Paulo"},"id":"254"},{"arcs":[[-774,-777,777,778,779]],"type":"Polygon","properties":{"codigo":"255","nome":"Vila Zelina","municipio_nome":"São Paulo"},"id":"255"},{"arcs":[[-148,780,781,-778,-776]],"type":"Polygon","properties":{"codigo":"256","nome":"Linhas Corrente","municipio_nome":"São Paulo"},"id":"256"},{"arcs":[[-147,-657,782,783,-781]],"type":"Polygon","properties":{"codigo":"257","nome":"Vila Ema","municipio_nome":"São Paulo"},"id":"257"},{"arcs":[[-779,-782,-784,784,785,786,787]],"type":"Polygon","properties":{"codigo":"258","nome":"Parque São Lucas","municipio_nome":"São Paulo"},"id":"258"},{"arcs":[[788,789,790,791,792]],"type":"Polygon","properties":{"codigo":"259","nome":"Vila Cardoso Franco","municipio_nome":"São Paulo"},"id":"259"},{"arcs":[[-786,793,794,-793,795]],"type":"Polygon","properties":{"codigo":"260","nome":"Parque Santa Madalena","municipio_nome":"São Paulo"},"id":"260"},{"arcs":[[-656,-661,796,-794,-785,-783]],"type":"Polygon","properties":{"codigo":"261","nome":"Jardim Colorado","municipio_nome":"São Paulo"},"id":"261"},{"arcs":[[-660,797,798,799,-789,-795,-797]],"type":"Polygon","properties":{"codigo":"262","nome":"Teotônio Vilela","municipio_nome":"São Paulo"},"id":"262"},{"arcs":[[-790,-800,800,801,802]],"type":"Polygon","properties":{"codigo":"263","nome":"Fazenda da Juta","municipio_nome":"São Paulo"},"id":"263"},{"arcs":[[-720,803,-801,-799,804,805,806]],"type":"Polygon","properties":{"codigo":"264","nome":"São Mateus","municipio_nome":"São Paulo"},"id":"264"},{"arcs":[[-659,807,-805,-798]],"type":"Polygon","properties":{"codigo":"265","nome":"Cidade IV Centenário","municipio_nome":"São Paulo"},"id":"265"},{"arcs":[[-664,-679,-687,-715,808,-806,-808]],"type":"Polygon","properties":{"codigo":"266","nome":"Rio Claro","municipio_nome":"São Paulo"},"id":"266"},{"arcs":[[-714,-721,-807,-809]],"type":"Polygon","properties":{"codigo":"267","nome":"Cidade Satélite","municipio_nome":"São Paulo"},"id":"267"},{"arcs":[[-228,809,810,811]],"type":"Polygon","properties":{"codigo":"268","nome":"Joaquim Nabuco","municipio_nome":"São Paulo"},"id":"268"},{"arcs":[[-225,812,813,814,-810]],"type":"Polygon","properties":{"codigo":"269","nome":"Vieira de Moraes","municipio_nome":"São Paulo"},"id":"269"},{"arcs":[[-210,815,-813,-224]],"type":"Polygon","properties":{"codigo":"270","nome":"Campo Belo","municipio_nome":"São Paulo"},"id":"270"},{"arcs":[[-192,816,817,-814,-816]],"type":"Polygon","properties":{"codigo":"271","nome":"Congonhas","municipio_nome":"São Paulo"},"id":"271"},{"arcs":[[-811,-815,-818,818,819,820]],"type":"Polygon","properties":{"codigo":"272","nome":"Jardim Aeroporto","municipio_nome":"São Paulo"},"id":"272"},{"arcs":[[-820,821,822,823]],"type":"Polygon","properties":{"codigo":"273","nome":"Vila Santa Catarina","municipio_nome":"São Paulo"},"id":"273"},{"arcs":[[-191,824,825,-822,-819,-817]],"type":"Polygon","properties":{"codigo":"274","nome":"Jabaquara","municipio_nome":"São Paulo"},"id":"274"},{"arcs":[[-187,-769,-765,826,-825,-190]],"type":"Polygon","properties":{"codigo":"275","nome":"Cidade Vargas","municipio_nome":"São Paulo"},"id":"275"},{"arcs":[[-764,827,828,829,-823,-826,-827]],"type":"Polygon","properties":{"codigo":"276","nome":"Jardim Bom Clima","municipio_nome":"São Paulo"},"id":"276"},{"arcs":[[-821,-824,-830,830,831,832,833,834]],"type":"Polygon","properties":{"codigo":"277","nome":"Cupecê","municipio_nome":"São Paulo"},"id":"277"},{"arcs":[[-829,835,836,837,838,-831]],"type":"Polygon","properties":{"codigo":"278","nome":"Jardim Miriam","municipio_nome":"São Paulo"},"id":"278"},{"arcs":[[-832,-839,839,840]],"type":"Polygon","properties":{"codigo":"279","nome":"Vila Missionária","municipio_nome":"São Paulo"},"id":"279"},{"arcs":[[841,842,843,844,845,846]],"type":"Polygon","properties":{"codigo":"280","nome":"Jurubatuba","municipio_nome":"São Paulo"},"id":"280"},{"arcs":[[-834,847,-842,848,849]],"type":"Polygon","properties":{"codigo":"281","nome":"Vila São Pedro","municipio_nome":"São Paulo"},"id":"281"},{"arcs":[[-833,-841,850,851,-848]],"type":"Polygon","properties":{"codigo":"282","nome":"Campo Grande","municipio_nome":"São Paulo"},"id":"282"},{"arcs":[[-843,-852,852,853,854]],"type":"Polygon","properties":{"codigo":"283","nome":"Vila Sabará","municipio_nome":"São Paulo"},"id":"283"},{"arcs":[[-838,855,856,-853,-851,-840]],"type":"Polygon","properties":{"codigo":"284","nome":"Mar Paulista","municipio_nome":"São Paulo"},"id":"284"},{"arcs":[[-837,857,858,859,860,861,862,-856]],"type":"Polygon","properties":{"codigo":"285","nome":"Pedreira","municipio_nome":"São Paulo"},"id":"285"},{"arcs":[[-845,863,864,865,866]],"type":"Polygon","properties":{"codigo":"286","nome":"Vila Socorro","municipio_nome":"São Paulo"},"id":"286"},{"arcs":[[-844,867,868,869,-864]],"type":"Polygon","properties":{"codigo":"287","nome":"Parque Interlagos","municipio_nome":"São Paulo"},"id":"287"},{"arcs":[[-869,870,871,872,873]],"type":"Polygon","properties":{"codigo":"288","nome":"Jardim Represa","municipio_nome":"São Paulo"},"id":"288"},{"arcs":[[-855,874,875,-871,-868]],"type":"Polygon","properties":{"codigo":"289","nome":"Rio Bonito","municipio_nome":"São Paulo"},"id":"289"},{"arcs":[[-854,-857,-863,876,877,878,-875]],"type":"Polygon","properties":{"codigo":"290","nome":"SESC Interlagos","municipio_nome":"São Paulo"},"id":"290"},{"arcs":[[-872,-876,-879,879,880,881,882,883]],"type":"Polygon","properties":{"codigo":"291","nome":"Jardim Presidente","municipio_nome":"São Paulo"},"id":"291"},{"arcs":[[-881,884,885,886,887]],"type":"Polygon","properties":{"codigo":"292","nome":"Vila Natal","municipio_nome":"São Paulo"},"id":"292"},{"arcs":[[-878,888,889,-885,-880]],"type":"Polygon","properties":{"codigo":"293","nome":"Grajaú","municipio_nome":"São Paulo"},"id":"293"},{"arcs":[[-862,890,891,892,-889,-877]],"type":"Polygon","properties":{"codigo":"294","nome":"Cocaia","municipio_nome":"São Paulo"},"id":"294"},{"arcs":[[-886,-890,-893,893]],"type":"Polygon","properties":{"codigo":"295","nome":"Belmira Marin","municipio_nome":"São Paulo"},"id":"295"},{"arcs":[[-887,-894,-892,894,895,896]],"type":"Polygon","properties":{"codigo":"296","nome":"Bororé","municipio_nome":"São Paulo"},"id":"296"},{"arcs":[[-883,897,898,899,900,901]],"type":"Polygon","properties":{"codigo":"297","nome":"Jaceguava","municipio_nome":"São Paulo"},"id":"297"},{"arcs":[[-882,-888,-897,902,903,904,-898]],"type":"Polygon","properties":{"codigo":"298","nome":"Parelheiros","municipio_nome":"São Paulo"},"id":"298"},{"arcs":[[-904,905,906,907,908,909]],"type":"Polygon","properties":{"codigo":"299","nome":"Marsilac","municipio_nome":"São Paulo"},"id":"299"},{"arcs":[[-229,910,911,912,913,914]],"type":"Polygon","properties":{"codigo":"300","nome":"Granja Julieta","municipio_nome":"São Paulo"},"id":"300"},{"arcs":[[-812,-835,-850,915,-911]],"type":"Polygon","properties":{"codigo":"301","nome":"Chácara Flora","municipio_nome":"São Paulo"},"id":"301"},{"arcs":[[-847,916,-912,-916,-849]],"type":"Polygon","properties":{"codigo":"302","nome":"Santo Amaro","municipio_nome":"São Paulo"},"id":"302"},{"arcs":[[-846,-867,917,-913,-917]],"type":"Polygon","properties":{"codigo":"303","nome":"Vila Miranda","municipio_nome":"São Paulo"},"id":"303"},{"arcs":[[918,919,920,921,922]],"type":"Polygon","properties":{"codigo":"304","nome":"Jardim São Luís","municipio_nome":"São Paulo"},"id":"304"},{"arcs":[[-866,923,924,925,-919,926,-918]],"type":"Polygon","properties":{"codigo":"305","nome":"Centro Empresarial","municipio_nome":"São Paulo"},"id":"305"},{"arcs":[[-924,-865,-870,-874,927,928,929]],"type":"Polygon","properties":{"codigo":"306","nome":"Guarapiranga","municipio_nome":"São Paulo"},"id":"306"},{"arcs":[[-873,-884,-902,930,931,-928]],"type":"Polygon","properties":{"codigo":"307","nome":"Jardim Capela","municipio_nome":"São Paulo"},"id":"307"},{"arcs":[[-929,-932,932,933,934]],"type":"Polygon","properties":{"codigo":"308","nome":"Riviera","municipio_nome":"São Paulo"},"id":"308"},{"arcs":[[-934,935,936,937,938]],"type":"Polygon","properties":{"codigo":"309","nome":"Jardim Turquesa","municipio_nome":"São Paulo"},"id":"309"},{"arcs":[[-938,939,940,941]],"type":"Polygon","properties":{"codigo":"310","nome":"Morro do Índio","municipio_nome":"São Paulo"},"id":"310"},{"arcs":[[-925,-930,-935,-939,-942,942]],"type":"Polygon","properties":{"codigo":"311","nome":"Jardim Ângela","municipio_nome":"São Paulo"},"id":"311"},{"arcs":[[-920,-926,943,944,945,946]],"type":"Polygon","properties":{"codigo":"312","nome":"Capão Redondo","municipio_nome":"São Paulo"},"id":"312"},{"arcs":[[-941,947,-944,-943]],"type":"Polygon","properties":{"codigo":"313","nome":"Jardim Sônia Ingá","municipio_nome":"São Paulo"},"id":"313"},{"arcs":[[-937,948,949,950,-945,-948,-940]],"type":"Polygon","properties":{"codigo":"314","nome":"Adventista","municipio_nome":"São Paulo"},"id":"314"},{"arcs":[[-946,-951,951,952,953,954]],"type":"Polygon","properties":{"codigo":"315","nome":"Parque Fernanda","municipio_nome":"São Paulo"},"id":"315"},{"arcs":[[955,956,957,958,959,960]],"type":"Polygon","properties":{"codigo":"316","nome":"Morumbi","municipio_nome":"São Paulo"},"id":"316"},{"arcs":[[-217,-233,961,-961,962,-253,-251]],"type":"Polygon","properties":{"codigo":"317","nome":"Jóquei Clube","municipio_nome":"São Paulo"},"id":"317"},{"arcs":[[-230,963,964,-956,-962,-232]],"type":"Polygon","properties":{"codigo":"318","nome":"Fazenda Morumbi","municipio_nome":"São Paulo"},"id":"318"},{"arcs":[[-957,-965,965,966,967]],"type":"Polygon","properties":{"codigo":"319","nome":"Real Parque","municipio_nome":"São Paulo"},"id":"319"},{"arcs":[[-915,968,969,970,-966,-964]],"type":"Polygon","properties":{"codigo":"320","nome":"Paraisópolis","municipio_nome":"São Paulo"},"id":"320"},{"arcs":[[-914,-927,-923,971,-969]],"type":"Polygon","properties":{"codigo":"321","nome":"Jardim Vitória Régia","municipio_nome":"São Paulo"},"id":"321"},{"arcs":[[-922,972,973,974,975,-970,-972]],"type":"Polygon","properties":{"codigo":"322","nome":"Vila Suzana","municipio_nome":"São Paulo"},"id":"322"},{"arcs":[[-921,-947,-955,976,977,978,-973]],"type":"Polygon","properties":{"codigo":"323","nome":"Parque Arariba","municipio_nome":"São Paulo"},"id":"323"},{"arcs":[[-954,979,980,981,982,-977]],"type":"Polygon","properties":{"codigo":"324","nome":"Jardim Mitsutani","municipio_nome":"São Paulo"},"id":"324"},{"arcs":[[-978,-983,983,984,985]],"type":"Polygon","properties":{"codigo":"325","nome":"Pirajussara","municipio_nome":"São Paulo"},"id":"325"},{"arcs":[[-974,-979,-986,986,987,988]],"type":"Polygon","properties":{"codigo":"326","nome":"Jardim Umarizal","municipio_nome":"São Paulo"},"id":"326"},{"arcs":[[-967,-971,-976,989,990]],"type":"Polygon","properties":{"codigo":"327","nome":"Portal do Morumbi","municipio_nome":"São Paulo"},"id":"327"},{"arcs":[[-975,-989,991,992,993,-990]],"type":"Polygon","properties":{"codigo":"328","nome":"Jardim Jussara","municipio_nome":"São Paulo"},"id":"328"},{"arcs":[[-958,-968,-991,-994,994,995,996]],"type":"Polygon","properties":{"codigo":"329","nome":"Vila Sônia","municipio_nome":"São Paulo"},"id":"329"},{"arcs":[[-993,997,998,999,-995]],"type":"Polygon","properties":{"codigo":"330","nome":"Jardim Maria do Carmo","municipio_nome":"São Paulo"},"id":"330"},{"arcs":[[-999,1000,1001,1002,1003,1004,1005,1006,1007]],"type":"Polygon","properties":{"codigo":"331","nome":"Jardim Cambará","municipio_nome":"São Paulo"},"id":"331"},{"arcs":[[-1004,1008,1009,1010]],"type":"Polygon","properties":{"codigo":"332","nome":"Jardim João XXIII","municipio_nome":"São Paulo"},"id":"332"},{"arcs":[[-1005,-1011,1011,1012,1013,1014]],"type":"Polygon","properties":{"codigo":"333","nome":"Raposo Tavares","municipio_nome":"São Paulo"},"id":"333"},{"arcs":[[1015,1016,1017,1018,1019,1020]],"type":"Polygon","properties":{"codigo":"334","nome":"Rio Pequeno","municipio_nome":"São Paulo"},"id":"334"},{"arcs":[[-1007,1021,-1016,1022]],"type":"Polygon","properties":{"codigo":"335","nome":"Jardim Ester Yolanda","municipio_nome":"São Paulo"},"id":"335"},{"arcs":[[-1006,-1015,1023,1024,1025,-1017,-1022]],"type":"Polygon","properties":{"codigo":"336","nome":"Jardim Adalgiza","municipio_nome":"São Paulo"},"id":"336"},{"arcs":[[-1018,-1026,1026,1027]],"type":"Polygon","properties":{"codigo":"337","nome":"Parque Continental","municipio_nome":"São Paulo"},"id":"337"},{"arcs":[[-299,1028,-1019,-1028,1029,1030,1031,-331,-327]],"type":"Polygon","properties":{"codigo":"338","nome":"Jaguaré","municipio_nome":"São Paulo"},"id":"338"},{"arcs":[[-295,1032,1033,1034,-1020,-1029,-298]],"type":"Polygon","properties":{"codigo":"339","nome":"Cidade Universitária","municipio_nome":"São Paulo"},"id":"339"},{"arcs":[[-254,-963,-960,1035,-1033,-294]],"type":"Polygon","properties":{"codigo":"340","nome":"Butantã","municipio_nome":"São Paulo"},"id":"340"},{"arcs":[[-959,-997,1036,-1034,-1036]],"type":"Polygon","properties":{"codigo":"341","nome":"Jardim Caxingui","municipio_nome":"São Paulo"},"id":"341"},{"arcs":[[-996,-1000,-1008,-1023,-1021,-1035,-1037]],"type":"Polygon","properties":{"codigo":"342","nome":"Jardim Bonfiglioli","municipio_nome":"São Paulo"},"id":"342"},{"arcs":[[-359,-374,1037,1038,1039,-441,-375]],"type":"Polygon","properties":{"codigo":"343","nome":"Melhoramentos","municipio_nome":"Caieiras"},"id":"343"},{"arcs":[[-373,1040,1041,1042,1043,-1038]],"type":"Polygon","properties":{"codigo":"344","nome":"Caieiras","municipio_nome":"Caieiras"},"id":"344"},{"arcs":[[-1042,1044,1045,1046]],"type":"Polygon","properties":{"codigo":"345","nome":"Serpa","municipio_nome":"Caieiras"},"id":"345"},{"arcs":[[1047,-1045,-1041,-372,-370,1048]],"type":"Polygon","properties":{"codigo":"346","nome":"Santa Inês","municipio_nome":"Caieiras"},"id":"346"},{"arcs":[[1049,1050,-1049,-369,-366,1051]],"type":"Polygon","properties":{"codigo":"347","nome":"Cajamar","municipio_nome":"Cajamar"},"id":"347"},{"arcs":[[-1050,1052,1053,1054,1055]],"type":"Polygon","properties":{"codigo":"348","nome":"Jordanésia","municipio_nome":"Cajamar"},"id":"348"},{"arcs":[[-1046,-1048,-1051,-1056,1056,1057,1058]],"type":"Polygon","properties":{"codigo":"349","nome":"Cristais","municipio_nome":"Franco da Rocha"},"id":"349"},{"arcs":[[-1043,-1047,-1059,1059,1060,1061,1062]],"type":"Polygon","properties":{"codigo":"350","nome":"Baltazar Fidélis","municipio_nome":"Franco da Rocha"},"id":"350"},{"arcs":[[-1062,1063,1064,1065,1066]],"type":"Polygon","properties":{"codigo":"351","nome":"Franco da Rocha","municipio_nome":"Franco da Rocha"},"id":"351"},{"arcs":[[-1039,-1044,-1063,-1067,1067,1068,1069]],"type":"Polygon","properties":{"codigo":"352","nome":"Parque do Juqueri","municipio_nome":"Franco da Rocha"},"id":"352"},{"arcs":[[-1066,1070,1071,1072,1073,-1068]],"type":"Polygon","properties":{"codigo":"353","nome":"Palmares","municipio_nome":"Franco da Rocha"},"id":"353"},{"arcs":[[-1058,1074,1075,1076,-1060]],"type":"Polygon","properties":{"codigo":"354","nome":"Sete Voltas","municipio_nome":"Francisco Morato"},"id":"354"},{"arcs":[[-1061,-1077,1077,-1064]],"type":"Polygon","properties":{"codigo":"355","nome":"Afonso Moreno","municipio_nome":"Francisco Morato"},"id":"355"},{"arcs":[[-1065,-1078,-1076,1078,1079,-1071]],"type":"Polygon","properties":{"codigo":"356","nome":"Francisco Morato","municipio_nome":"Francisco Morato"},"id":"356"},{"arcs":[[-1072,-1080,1080]],"type":"Polygon","properties":{"codigo":"357","nome":"Cascatas","municipio_nome":"Francisco Morato"},"id":"357"},{"arcs":[[-461,1081,1082,1083]],"type":"Polygon","properties":{"codigo":"358","nome":"Mairiporã","municipio_nome":"Mairiporã"},"id":"358"},{"arcs":[[-442,-1040,-1070,1084,-1082,-460,-450]],"type":"Polygon","properties":{"codigo":"359","nome":"Paiva Castro","municipio_nome":"Mairiporã"},"id":"359"},{"arcs":[[-1069,-1074,1085,1086,-1083,-1085]],"type":"Polygon","properties":{"codigo":"360","nome":"Colinas","municipio_nome":"Mairiporã"},"id":"360"},{"arcs":[[-462,-1084,-1087,1087,1088,1089,1090]],"type":"Polygon","properties":{"codigo":"361","nome":"Pirucaia","municipio_nome":"Mairiporã"},"id":"361"},{"arcs":[[1091,1092,1093,1094,1095]],"type":"Polygon","properties":{"codigo":"362","nome":"Guarulhos","municipio_nome":"Guarulhos"},"id":"362"},{"arcs":[[-1096,1096,1097,1098,1099]],"type":"Polygon","properties":{"codigo":"363","nome":"Macedo","municipio_nome":"Guarulhos"},"id":"363"},{"arcs":[[-554,1100,1101,1102,1103,1104,-578]],"type":"Polygon","properties":{"codigo":"364","nome":"Cumbica","municipio_nome":"Guarulhos"},"id":"364"},{"arcs":[[-549,1105,-1092,-1100,1106,-1101,-553]],"type":"Polygon","properties":{"codigo":"365","nome":"Várzea do Palácio","municipio_nome":"Guarulhos"},"id":"365"},{"arcs":[[-487,1107,1108,-1093,-1106,-548,-519,-499,-492]],"type":"Polygon","properties":{"codigo":"366","nome":"Ponte Grande","municipio_nome":"Guarulhos"},"id":"366"},{"arcs":[[-1094,-1109,1109,1110]],"type":"Polygon","properties":{"codigo":"367","nome":"Gopouva","municipio_nome":"Guarulhos"},"id":"367"},{"arcs":[[-481,1111,1112,-1110,-1108,-486,-483]],"type":"Polygon","properties":{"codigo":"368","nome":"Vila São Rafael","municipio_nome":"Guarulhos"},"id":"368"},{"arcs":[[-480,1113,1114,-1112]],"type":"Polygon","properties":{"codigo":"369","nome":"Vila Rosália","municipio_nome":"Guarulhos"},"id":"369"},{"arcs":[[-1095,-1111,-1113,-1115,1115,1116,-1097]],"type":"Polygon","properties":{"codigo":"370","nome":"André Luiz","municipio_nome":"Guarulhos"},"id":"370"},{"arcs":[[-1098,-1117,1117,1118,1119,1120]],"type":"Polygon","properties":{"codigo":"371","nome":"Jardim Santa Clara","municipio_nome":"Guarulhos"},"id":"371"},{"arcs":[[-1099,-1121,1121,1122,-1102,-1107]],"type":"Polygon","properties":{"codigo":"372","nome":"Parque CECAP","municipio_nome":"Guarulhos"},"id":"372"},{"arcs":[[-1120,1123,1124,-1122]],"type":"Polygon","properties":{"codigo":"373","nome":"Taboão","municipio_nome":"Guarulhos"},"id":"373"},{"arcs":[[-1103,-1123,-1125,1125,1126,1127]],"type":"Polygon","properties":{"codigo":"374","nome":"Aeroporto","municipio_nome":"Guarulhos"},"id":"374"},{"arcs":[[-1104,-1128,1128,1129,1130,1131,1132]],"type":"Polygon","properties":{"codigo":"375","nome":"Jardim Presidente Dutra","municipio_nome":"Guarulhos"},"id":"375"},{"arcs":[[-1131,1133,1134,1135,1136,1137]],"type":"Polygon","properties":{"codigo":"376","nome":"Baquirivu","municipio_nome":"Guarulhos"},"id":"376"},{"arcs":[[-618,1138,-1132,-1138,1139,1140,1141,-621]],"type":"Polygon","properties":{"codigo":"377","nome":"Água Chata","municipio_nome":"Guarulhos"},"id":"377"},{"arcs":[[-579,-1105,-1133,-1139,-617,-614,-612]],"type":"Polygon","properties":{"codigo":"378","nome":"Pimentas","municipio_nome":"Guarulhos"},"id":"378"},{"arcs":[[-466,1142,1143,-1118,-1116,-1114,-479]],"type":"Polygon","properties":{"codigo":"379","nome":"Cabuçu","municipio_nome":"Guarulhos"},"id":"379"},{"arcs":[[-1119,-1144,1144,1145,-1126,-1124]],"type":"Polygon","properties":{"codigo":"380","nome":"Invernada","municipio_nome":"Guarulhos"},"id":"380"},{"arcs":[[-463,-1091,1146,1147,-1145,-1143,-465]],"type":"Polygon","properties":{"codigo":"381","nome":"Morro dos Macacos","municipio_nome":"Guarulhos"},"id":"381"},{"arcs":[[-1127,-1146,-1148,1148,1149,-1129]],"type":"Polygon","properties":{"codigo":"382","nome":"Chácaras Bananal","municipio_nome":"Guarulhos"},"id":"382"},{"arcs":[[-1130,-1150,1150,-1134]],"type":"Polygon","properties":{"codigo":"383","nome":"Estrada de Nazaré Paulista","municipio_nome":"Guarulhos"},"id":"383"},{"arcs":[[-1090,1151,1152,-1135,-1151,-1149,-1147]],"type":"Polygon","properties":{"codigo":"384","nome":"Água Azul","municipio_nome":"Guarulhos"},"id":"384"},{"arcs":[[-1089,1153,1154,1155,-1152]],"type":"Polygon","properties":{"codigo":"385","nome":"Vasconcelândia","municipio_nome":"Guarulhos"},"id":"385"},{"arcs":[[-1136,-1153,-1156,1156,1157]],"type":"Polygon","properties":{"codigo":"386","nome":"Arujazinho","municipio_nome":"Arujá"},"id":"386"},{"arcs":[[-1137,-1158,1158,1159,1160,-1140]],"type":"Polygon","properties":{"codigo":"387","nome":"Arujá","municipio_nome":"Arujá"},"id":"387"},{"arcs":[[-1160,1161,1162,1163,1164]],"type":"Polygon","properties":{"codigo":"388","nome":"Fazenda Velha","municipio_nome":"Arujá"},"id":"388"},{"arcs":[[1165,1166,1167]],"type":"Polygon","properties":{"codigo":"389","nome":"Santa Isabel","municipio_nome":"Santa Isabel"},"id":"389"},{"arcs":[[-1155,1168,1169,-1168,1170,-1162,-1159,-1157]],"type":"Polygon","properties":{"codigo":"390","nome":"Jaguari","municipio_nome":"Santa Isabel"},"id":"390"},{"arcs":[[-636,1171,1172,1173,1174,1175,-697,-694]],"type":"Polygon","properties":{"codigo":"391","nome":"Ferraz de Vasconcelos","municipio_nome":"Ferraz de Vasconcelos"},"id":"391"},{"arcs":[[-698,-1176,1176,1177,1178,-703,-700]],"type":"Polygon","properties":{"codigo":"392","nome":"Paiol Velho","municipio_nome":"Ferraz de Vasconcelos"},"id":"392"},{"arcs":[[-635,-641,1179,1180,-1172]],"type":"Polygon","properties":{"codigo":"393","nome":"Santos Dumont","municipio_nome":"Ferraz de Vasconcelos"},"id":"393"},{"arcs":[[-1174,1181,1182]],"type":"Polygon","properties":{"codigo":"394","nome":"Jardim São José","municipio_nome":"Poá"},"id":"394"},{"arcs":[[-1173,-1181,1183,1184,1185,-1182]],"type":"Polygon","properties":{"codigo":"395","nome":"Poá","municipio_nome":"Poá"},"id":"395"},{"arcs":[[-640,-644,1186,1187,1188,-1184,-1180]],"type":"Polygon","properties":{"codigo":"396","nome":"Itaquaquecetuba","municipio_nome":"Itaquaquecetuba"},"id":"396"},{"arcs":[[-622,-1142,1189,1190,-1187,-643]],"type":"Polygon","properties":{"codigo":"397","nome":"Quinta da Boa Vista","municipio_nome":"Itaquaquecetuba"},"id":"397"},{"arcs":[[-1141,-1161,-1165,1191,-1190]],"type":"Polygon","properties":{"codigo":"398","nome":"Bonsucesso","municipio_nome":"Itaquaquecetuba"},"id":"398"},{"arcs":[[-1164,1192,1193,1194,-1188,-1191,-1192]],"type":"Polygon","properties":{"codigo":"399","nome":"Pinheirinho","municipio_nome":"Itaquaquecetuba"},"id":"399"},{"arcs":[[-1185,-1189,-1195,1195,1196,1197]],"type":"Polygon","properties":{"codigo":"400","nome":"Miguel Badra","municipio_nome":"Suzano"},"id":"400"},{"arcs":[[-1175,-1183,-1186,-1198,1198,1199,1200]],"type":"Polygon","properties":{"codigo":"401","nome":"Suzano","municipio_nome":"Suzano"},"id":"401"},{"arcs":[[-1200,1201,1202,1203,1204,1205,1206]],"type":"Polygon","properties":{"codigo":"402","nome":"Guaió","municipio_nome":"Suzano"},"id":"402"},{"arcs":[[-1177,-1201,-1207,1207,1208]],"type":"Polygon","properties":{"codigo":"403","nome":"Ouro Fino","municipio_nome":"Suzano"},"id":"403"},{"arcs":[[1209,1210,1211]],"type":"Polygon","properties":{"codigo":"404","nome":"Mogi das Cruzes","municipio_nome":"Mogi das Cruzes"},"id":"404"},{"arcs":[[-1212,1212,1213,1214,1215,1216]],"type":"Polygon","properties":{"codigo":"405","nome":"Estudantes","municipio_nome":"Mogi das Cruzes"},"id":"405"},{"arcs":[[-1210,-1217,1217,1218,1219]],"type":"Polygon","properties":{"codigo":"406","nome":"Vila Oliveira","municipio_nome":"Mogi das Cruzes"},"id":"406"},{"arcs":[[-1211,-1220,1220,1221,1222,-1213]],"type":"Polygon","properties":{"codigo":"407","nome":"Brás Cubas","municipio_nome":"Mogi das Cruzes"},"id":"407"},{"arcs":[[-1197,1223,-1222,1224,-1202,-1199]],"type":"Polygon","properties":{"codigo":"408","nome":"Jundiapeba","municipio_nome":"Mogi das Cruzes"},"id":"408"},{"arcs":[[-1194,1225,-1214,-1223,-1224,-1196]],"type":"Polygon","properties":{"codigo":"409","nome":"Jardim Graziella","municipio_nome":"Mogi das Cruzes"},"id":"409"},{"arcs":[[-1163,-1171,-1167,1226,1227,1228,-1215,-1226,-1193]],"type":"Polygon","properties":{"codigo":"410","nome":"Itapeti","municipio_nome":"Mogi das Cruzes"},"id":"410"},{"arcs":[[-1228,1229,1230,1231]],"type":"Polygon","properties":{"codigo":"411","nome":"Sabaúna","municipio_nome":"Mogi das Cruzes"},"id":"411"},{"arcs":[[-1216,-1229,-1232,1232,1233,-1218]],"type":"Polygon","properties":{"codigo":"412","nome":"César de Souza","municipio_nome":"Mogi das Cruzes"},"id":"412"},{"arcs":[[-1203,-1225,-1221,-1219,-1234,1234,1235,1236]],"type":"Polygon","properties":{"codigo":"413","nome":"Taiaçupeba","municipio_nome":"Mogi das Cruzes"},"id":"413"},{"arcs":[[-1231,1237,1238,1239,-1235,-1233]],"type":"Polygon","properties":{"codigo":"414","nome":"Biritiba-Mirim","municipio_nome":"Biritiba-Mirim"},"id":"414"},{"arcs":[[-1239,1240,1241]],"type":"Polygon","properties":{"codigo":"415","nome":"Salesópolis","municipio_nome":"Salesópolis"},"id":"415"},{"arcs":[[-1166,-1170,1242,-1241,-1238,-1230,-1227]],"type":"Polygon","properties":{"codigo":"416","nome":"Guararema","municipio_nome":"Guararema"},"id":"416"},{"arcs":[[1243,1244,1245,1246,1247]],"type":"Polygon","properties":{"codigo":"417","nome":"Santa Paula","municipio_nome":"São Caetano do Sul"},"id":"417"},{"arcs":[[-1246,1248,1249,1250,1251]],"type":"Polygon","properties":{"codigo":"418","nome":"Vila Gerti","municipio_nome":"São Caetano do Sul"},"id":"418"},{"arcs":[[-752,1252,-1247,-1252,1253,1254]],"type":"Polygon","properties":{"codigo":"419","nome":"Estrada das Lágrimas","municipio_nome":"São Caetano do Sul"},"id":"419"},{"arcs":[[-749,1255,-1248,-1253,-751]],"type":"Polygon","properties":{"codigo":"420","nome":"Santo Antônio","municipio_nome":"São Caetano do Sul"},"id":"420"},{"arcs":[[-742,-775,-780,-788,1256,-1244,-1256]],"type":"Polygon","properties":{"codigo":"421","nome":"São Caetano do Sul","municipio_nome":"São Caetano do Sul"},"id":"421"},{"arcs":[[1257,1258,1259,1260,1261,1262,1263,1264]],"type":"Polygon","properties":{"codigo":"422","nome":"Santo André","municipio_nome":"Santo André"},"id":"422"},{"arcs":[[-1263,1265,1266,1267]],"type":"Polygon","properties":{"codigo":"423","nome":"Vila Gilda","municipio_nome":"Santo André"},"id":"423"},{"arcs":[[-1264,-1268,1268,1269,1270]],"type":"Polygon","properties":{"codigo":"424","nome":"Valparaíso","municipio_nome":"Santo André"},"id":"424"},{"arcs":[[-1251,1271,-1270,1272,-1254]],"type":"Polygon","properties":{"codigo":"425","nome":"Sacadura Cabral","municipio_nome":"Santo André"},"id":"425"},{"arcs":[[-1250,1273,-1265,-1271,-1272]],"type":"Polygon","properties":{"codigo":"426","nome":"Campestre","municipio_nome":"Santo André"},"id":"426"},{"arcs":[[-787,1274,-1258,-1274,-1249,-1245,-1257]],"type":"Polygon","properties":{"codigo":"427","nome":"Utinga","municipio_nome":"Santo André"},"id":"427"},{"arcs":[[-792,1275,1276,-1259,-1275,-796]],"type":"Polygon","properties":{"codigo":"428","nome":"Vila Lucinda","municipio_nome":"Santo André"},"id":"428"},{"arcs":[[-791,-803,1277,1278,-1276]],"type":"Polygon","properties":{"codigo":"429","nome":"Parque Oratório","municipio_nome":"Santo André"},"id":"429"},{"arcs":[[-1260,-1277,-1279,1279,1280]],"type":"Polygon","properties":{"codigo":"430","nome":"Parque das Nações","municipio_nome":"Santo André"},"id":"430"},{"arcs":[[-1261,-1281,1281,1282,1283]],"type":"Polygon","properties":{"codigo":"431","nome":"Jardim do Estádio","municipio_nome":"Santo André"},"id":"431"},{"arcs":[[-1262,-1284,1284,1285,1286,-1266]],"type":"Polygon","properties":{"codigo":"432","nome":"Carijós","municipio_nome":"Santo André"},"id":"432"},{"arcs":[[-1283,1287,1288,1289,1290,1291,1292,-1285]],"type":"Polygon","properties":{"codigo":"433","nome":"Parque do Pedroso","municipio_nome":"Santo André"},"id":"433"},{"arcs":[[-1204,-1237,1293,1294,-1290,1295,1296,1297]],"type":"Polygon","properties":{"codigo":"434","nome":"Paranapiacaba","municipio_nome":"Santo André"},"id":"434"},{"arcs":[[-719,1298,1299,1300,-1288,-1282,-1280,-1278,-802,-804]],"type":"Polygon","properties":{"codigo":"435","nome":"Capuava","municipio_nome":"Mauá"},"id":"435"},{"arcs":[[-1300,1301,1302,1303]],"type":"Polygon","properties":{"codigo":"436","nome":"Mauá","municipio_nome":"Mauá"},"id":"436"},{"arcs":[[-707,1304,1305,-1302,-1299,-718,-716]],"type":"Polygon","properties":{"codigo":"437","nome":"Jardim Zaíra","municipio_nome":"Mauá"},"id":"437"},{"arcs":[[-1303,-1306,1306,1307,1308]],"type":"Polygon","properties":{"codigo":"438","nome":"Barão de Mauá","municipio_nome":"Mauá"},"id":"438"},{"arcs":[[-704,-1179,1309,-1307,-1305,-706]],"type":"Polygon","properties":{"codigo":"439","nome":"Estrada do Carneiro","municipio_nome":"Mauá"},"id":"439"},{"arcs":[[-1289,-1301,-1304,-1309,1310,1311,1312,1313,-1296]],"type":"Polygon","properties":{"codigo":"440","nome":"Ribeirão Pires","municipio_nome":"Ribeirão Pires"},"id":"440"},{"arcs":[[-1178,-1209,1314,-1311,-1308,-1310]],"type":"Polygon","properties":{"codigo":"441","nome":"Jardim Santa Luzia","municipio_nome":"Ribeirão Pires"},"id":"441"},{"arcs":[[-1206,1315,-1312,-1315,-1208]],"type":"Polygon","properties":{"codigo":"442","nome":"Ouro Fino Paulista","municipio_nome":"Ribeirão Pires"},"id":"442"},{"arcs":[[-1205,-1298,1316,-1313,-1316]],"type":"Polygon","properties":{"codigo":"443","nome":"Parque Sete Pontes","municipio_nome":"Rio Grande da Serra"},"id":"443"},{"arcs":[[-1297,-1314,-1317]],"type":"Polygon","properties":{"codigo":"444","nome":"Rio Grande da Serra","municipio_nome":"Rio Grande da Serra"},"id":"444"},{"arcs":[[1317,1318,1319,1320,1321,1322,1323]],"type":"Polygon","properties":{"codigo":"445","nome":"Planalto","municipio_nome":"São Bernardo do Campo"},"id":"445"},{"arcs":[[-757,1324,-1323,1325,1326,-759]],"type":"Polygon","properties":{"codigo":"446","nome":"Paulicéia","municipio_nome":"São Bernardo do Campo"},"id":"446"},{"arcs":[[-753,-1255,-1273,-1269,1327,-1324,-1325,-756]],"type":"Polygon","properties":{"codigo":"447","nome":"Rudge Ramos","municipio_nome":"São Bernardo do Campo"},"id":"447"},{"arcs":[[-1267,-1287,1328,1329,-1318,-1328]],"type":"Polygon","properties":{"codigo":"448","nome":"Baeta Neves","municipio_nome":"São Bernardo do Campo"},"id":"448"},{"arcs":[[-1319,-1330,1330,1331]],"type":"Polygon","properties":{"codigo":"449","nome":"São Bernardo do Campo","municipio_nome":"São Bernardo do Campo"},"id":"449"},{"arcs":[[-1286,-1293,1332,1333,-1331,-1329]],"type":"Polygon","properties":{"codigo":"450","nome":"Montanhão","municipio_nome":"São Bernardo do Campo"},"id":"450"},{"arcs":[[-1320,-1332,-1334,1334,1335]],"type":"Polygon","properties":{"codigo":"451","nome":"Demarchi","municipio_nome":"São Bernardo do Campo"},"id":"451"},{"arcs":[[-1292,1336,1337,-1335,-1333]],"type":"Polygon","properties":{"codigo":"452","nome":"Riacho Grande","municipio_nome":"São Bernardo do Campo"},"id":"452"},{"arcs":[[-896,1338,-1337,-1291,-1295,1339,-906,-903]],"type":"Polygon","properties":{"codigo":"453","nome":"Caminho do Mar","municipio_nome":"São Bernardo do Campo"},"id":"453"},{"arcs":[[-861,1340,1341,-1321,-1336,-1338,-1339,-895,-891]],"type":"Polygon","properties":{"codigo":"454","nome":"Reservatório Billings","municipio_nome":"São Bernardo do Campo"},"id":"454"},{"arcs":[[-763,1342,1343,-858,-836,-828]],"type":"Polygon","properties":{"codigo":"455","nome":"Diadema","municipio_nome":"Diadema"},"id":"455"},{"arcs":[[-762,-1327,1344,-1343]],"type":"Polygon","properties":{"codigo":"456","nome":"Jardim das Nações","municipio_nome":"Diadema"},"id":"456"},{"arcs":[[-1322,-1342,1345,1346,-1345,-1326]],"type":"Polygon","properties":{"codigo":"457","nome":"Piraporinha","municipio_nome":"Diadema"},"id":"457"},{"arcs":[[-859,-1344,-1347,1347]],"type":"Polygon","properties":{"codigo":"458","nome":"Vila Conceição","municipio_nome":"Diadema"},"id":"458"},{"arcs":[[-860,-1348,-1346,-1341]],"type":"Polygon","properties":{"codigo":"459","nome":"Eldorado","municipio_nome":"Diadema"},"id":"459"},{"arcs":[[-988,1348,-1001,-998,-992]],"type":"Polygon","properties":{"codigo":"460","nome":"Taboão da Serra","municipio_nome":"Taboão da Serra"},"id":"460"},{"arcs":[[-985,1349,-1002,-1349,-987]],"type":"Polygon","properties":{"codigo":"461","nome":"Jardim Irapuã","municipio_nome":"Taboão da Serra"},"id":"461"},{"arcs":[[-982,1350,1351,1352,-1009,-1003,-1350,-984]],"type":"Polygon","properties":{"codigo":"462","nome":"Parque Pinheiros","municipio_nome":"Taboão da Serra"},"id":"462"},{"arcs":[[-981,1353,1354,1355,-1351]],"type":"Polygon","properties":{"codigo":"463","nome":"Parque Industrial","municipio_nome":"Taboão da Serra"},"id":"463"},{"arcs":[[-953,1356,-1354,-980]],"type":"Polygon","properties":{"codigo":"464","nome":"Santo Eduardo","municipio_nome":"Embu das Artes"},"id":"464"},{"arcs":[[-950,1357,1358,-1355,-1357,-952]],"type":"Polygon","properties":{"codigo":"465","nome":"São Marcos","municipio_nome":"Embu das Artes"},"id":"465"},{"arcs":[[-1352,-1356,-1359,1359,1360,1361]],"type":"Polygon","properties":{"codigo":"466","nome":"Embu das Artes","municipio_nome":"Embu das Artes"},"id":"466"},{"arcs":[[-1361,1362,1363,1364,1365,1366]],"type":"Polygon","properties":{"codigo":"467","nome":"Ressaca","municipio_nome":"Embu das Artes"},"id":"467"},{"arcs":[[-901,1367,1368,1369,-1360,-1358,-949,-936,-933,-931]],"type":"Polygon","properties":{"codigo":"468","nome":"Itapecerica da Serra","municipio_nome":"Itapecerica da Serra"},"id":"468"},{"arcs":[[-1369,1370,1371,1372]],"type":"Polygon","properties":{"codigo":"469","nome":"Jardim Petrópolis","municipio_nome":"Itapecerica da Serra"},"id":"469"},{"arcs":[[-1363,-1370,-1373,1373,1374,1375]],"type":"Polygon","properties":{"codigo":"470","nome":"Embu-Mirim","municipio_nome":"Itapecerica da Serra"},"id":"470"},{"arcs":[[-1372,1376,1377,1378,1379,1380,-1374]],"type":"Polygon","properties":{"codigo":"471","nome":"São Lourenço da Serra","municipio_nome":"São Lourenço da Serra"},"id":"471"},{"arcs":[[-900,1381,1382,-1377,-1371,-1368]],"type":"Polygon","properties":{"codigo":"472","nome":"Embu-Guaçu","municipio_nome":"Embu-Guaçu"},"id":"472"},{"arcs":[[-899,-905,-910,1383,-1382]],"type":"Polygon","properties":{"codigo":"473","nome":"Cipó","municipio_nome":"Embu-Guaçu"},"id":"473"},{"arcs":[[-909,1384,-1378,-1383,-1384]],"type":"Polygon","properties":{"codigo":"474","nome":"Santa Rita","municipio_nome":"Embu-Guaçu"},"id":"474"},{"arcs":[[-908,1385,-1379,-1385]],"type":"Polygon","properties":{"codigo":"475","nome":"Juquitiba","municipio_nome":"Juquitiba"},"id":"475"},{"arcs":[[1386,1387,1388,1389,1390,1391,1392,1393]],"type":"Polygon","properties":{"codigo":"476","nome":"Barueri","municipio_nome":"Barueri"},"id":"476"},{"arcs":[[-364,1394,1395,1396,-1388,1397]],"type":"Polygon","properties":{"codigo":"477","nome":"Aphaville","municipio_nome":"Barueri"},"id":"477"},{"arcs":[[-1389,-1397,1398,1399,1400]],"type":"Polygon","properties":{"codigo":"478","nome":"Tamboré","municipio_nome":"Barueri"},"id":"478"},{"arcs":[[-1392,1401,1402,1403,1404]],"type":"Polygon","properties":{"codigo":"479","nome":"Antônio João","municipio_nome":"Barueri"},"id":"479"},{"arcs":[[-1403,1405,1406,1407,1408]],"type":"Polygon","properties":{"codigo":"480","nome":"Vutopoca","municipio_nome":"Barueri"},"id":"480"},{"arcs":[[-1404,-1409,1409,1410,1411]],"type":"Polygon","properties":{"codigo":"481","nome":"Jardim Silveira","municipio_nome":"Barueri"},"id":"481"},{"arcs":[[-1393,-1405,-1412,1412,1413]],"type":"Polygon","properties":{"codigo":"482","nome":"Jardim Belval","municipio_nome":"Barueri"},"id":"482"},{"arcs":[[-1394,-1414,1414,1415,1416]],"type":"Polygon","properties":{"codigo":"483","nome":"Morada dos Lagos","municipio_nome":"Barueri"},"id":"483"},{"arcs":[[-1391,1417,1418,1419,-1406,-1402]],"type":"Polygon","properties":{"codigo":"484","nome":"Cidade Ariston","municipio_nome":"Carapicuíba"},"id":"484"},{"arcs":[[-1390,-1401,1420,1421,1422,1423,-1418]],"type":"Polygon","properties":{"codigo":"485","nome":"Carapicuíba","municipio_nome":"Carapicuíba"},"id":"485"},{"arcs":[[-1419,-1424,1424,1425,1426]],"type":"Polygon","properties":{"codigo":"486","nome":"Jardim Planalto","municipio_nome":"Carapicuíba"},"id":"486"},{"arcs":[[-1426,1427,1428,1429,1430]],"type":"Polygon","properties":{"codigo":"487","nome":"Aldeia de Carapicuíba","municipio_nome":"Carapicuíba"},"id":"487"},{"arcs":[[-1407,-1420,-1427,-1431,1431,1432]],"type":"Polygon","properties":{"codigo":"488","nome":"Estrada do Jacarandá","municipio_nome":"Carapicuíba"},"id":"488"},{"arcs":[[1433,1434,1435,1436]],"type":"Polygon","properties":{"codigo":"489","nome":"Osasco","municipio_nome":"Osasco"},"id":"489"},{"arcs":[[-1025,1437,1438,-1435,1439,-1030,-1027]],"type":"Polygon","properties":{"codigo":"490","nome":"Vila Yara","municipio_nome":"Osasco"},"id":"490"},{"arcs":[[-1014,1440,1441,-1438,-1024]],"type":"Polygon","properties":{"codigo":"491","nome":"Bussocaba City","municipio_nome":"Osasco"},"id":"491"},{"arcs":[[-1436,-1439,-1442,1442,1443,1444,1445]],"type":"Polygon","properties":{"codigo":"492","nome":"Nova Granada","municipio_nome":"Osasco"},"id":"492"},{"arcs":[[-1010,1446,-1429,1447,1448,-1012]],"type":"Polygon","properties":{"codigo":"493","nome":"Recanto das Rosas","municipio_nome":"Osasco"},"id":"493"},{"arcs":[[-1013,-1449,1449,-1443,-1441]],"type":"Polygon","properties":{"codigo":"494","nome":"Jardim Novo Osasco","municipio_nome":"Osasco"},"id":"494"},{"arcs":[[-1423,1450,-1444,-1450,-1448,-1428,-1425]],"type":"Polygon","properties":{"codigo":"495","nome":"Jardim Veloso","municipio_nome":"Osasco"},"id":"495"},{"arcs":[[-1422,1451,-1445,-1451]],"type":"Polygon","properties":{"codigo":"496","nome":"Quitaúna","municipio_nome":"Osasco"},"id":"496"},{"arcs":[[-1400,1452,1453,-1437,-1446,-1452,-1421]],"type":"Polygon","properties":{"codigo":"497","nome":"Jardim Piratininga","municipio_nome":"Osasco"},"id":"497"},{"arcs":[[-1031,-1440,-1434,-1454,1454,1455]],"type":"Polygon","properties":{"codigo":"498","nome":"Presidente Altino","municipio_nome":"Osasco"},"id":"498"},{"arcs":[[-1396,1456,1457,-1453,-1399]],"type":"Polygon","properties":{"codigo":"499","nome":"Munhoz Junior","municipio_nome":"Osasco"},"id":"499"},{"arcs":[[-1455,-1458,1458,1459]],"type":"Polygon","properties":{"codigo":"500","nome":"Rochdale","municipio_nome":"Osasco"},"id":"500"},{"arcs":[[-332,-1032,-1456,-1460,1460,-347,-351]],"type":"Polygon","properties":{"codigo":"501","nome":"Mutinga","municipio_nome":"Osasco"},"id":"501"},{"arcs":[[-348,-1461,-1459,-1457,-1395,-363,-368,-352]],"type":"Polygon","properties":{"codigo":"502","nome":"Três Montanhas","municipio_nome":"Osasco"},"id":"502"},{"arcs":[[-1411,1461,1462,1463,-1415,-1413]],"type":"Polygon","properties":{"codigo":"503","nome":"Ribeirão Itaqui","municipio_nome":"Jandira"},"id":"503"},{"arcs":[[-1410,1464,1465,-1462]],"type":"Polygon","properties":{"codigo":"504","nome":"Jandira","municipio_nome":"Jandira"},"id":"504"},{"arcs":[[-1408,-1433,1466,1467,1468,-1465]],"type":"Polygon","properties":{"codigo":"505","nome":"Ribeirão das Pombas","municipio_nome":"Jandira"},"id":"505"},{"arcs":[[-1353,-1362,-1367,1469,-1430,-1447]],"type":"Polygon","properties":{"codigo":"506","nome":"Granja Viana","municipio_nome":"Cotia"},"id":"506"},{"arcs":[[-1366,1470,-1467,-1432,-1470]],"type":"Polygon","properties":{"codigo":"507","nome":"Fernando Nobre","municipio_nome":"Cotia"},"id":"507"},{"arcs":[[-1365,1471,1472,1473,1474,1475,1476,-1468,-1471]],"type":"Polygon","properties":{"codigo":"508","nome":"Cotia","municipio_nome":"Cotia"},"id":"508"},{"arcs":[[-1364,-1376,1477,-1472]],"type":"Polygon","properties":{"codigo":"509","nome":"Capueira","municipio_nome":"Cotia"},"id":"509"},{"arcs":[[-1375,-1381,1478,1479,1480,-1473,-1478]],"type":"Polygon","properties":{"codigo":"510","nome":"Caucaia","municipio_nome":"Cotia"},"id":"510"},{"arcs":[[-1480,1481,1482]],"type":"Polygon","properties":{"codigo":"511","nome":"Caucaia do Alto","municipio_nome":"Cotia"},"id":"511"},{"arcs":[[-1474,-1481,-1483,1483,1484]],"type":"Polygon","properties":{"codigo":"512","nome":"Vargem Grande Paulista","municipio_nome":"Vargem Grande Paulista"},"id":"512"},{"arcs":[[-1475,-1485,1485,1486]],"type":"Polygon","properties":{"codigo":"513","nome":"Quatro Encruzilhadas","municipio_nome":"Itapevi"},"id":"513"},{"arcs":[[-1463,-1466,-1469,-1477,1487]],"type":"Polygon","properties":{"codigo":"514","nome":"Itapevi","municipio_nome":"Itapevi"},"id":"514"},{"arcs":[[-1416,-1464,-1488,-1476,-1487,1488,1489]],"type":"Polygon","properties":{"codigo":"515","nome":"Amador Bueno","municipio_nome":"Itapevi"},"id":"515"},{"arcs":[[-365,-1398,-1387,-1417,-1490,1490,1491,-1053,-1052]],"type":"Polygon","properties":{"codigo":"516","nome":"Santana de Parnaíba","municipio_nome":"Santana de Parnaíba"},"id":"516"},{"arcs":[[-1054,-1492,1492]],"type":"Polygon","properties":{"codigo":"517","nome":"Pirapora do Bom Jesus","municipio_nome":"Pirapora do Bom Jesus"},"id":"517"}]}}}