{"type":"Topology","arcs":[[[18450,17484],[-61,-9],[-118,0],[-72,45],[-83,41],[-25,30]],[[18091,17591],[2,24]],[[18093,17615],[79,130]],[[18172,17745],[32,54]],[[18204,17799],[50,-75],[13,-76],[31,36],[40,-97],[30,-9],[82,-94]],[[18204,17799],[34,57],[18,119],[2,69]],[[18258,18044],[222,-60]],[[18480,17984],[-52,-129],[43,-47],[18,-67],[0,-117],[25,-43]],[[18514,17581],[19,-65],[-10,-68]],[[18523,17448],[11,-34],[-62,-7]],[[18472,17407],[-8,-1]],[[18464,17406],[-14,78]],[[18464,17406],[-31,-49],[-38,-10]],[[18395,17347],[-166,-12],[-97,16]],[[18132,17351],[25,69],[0,69],[-66,102]],[[18132,17351],[-140,24],[-73,28],[-32,31],[-19,52]],[[17868,17486],[-16,46]],[[17852,17532],[-47,109]],[[17805,17641],[47,12],[119,-23],[76,9],[46,-24]],[[17805,17641],[4,201]],[[17809,17842],[35,26],[14,66]],[[17858,17934],[314,-189]],[[17858,17934],[182,135],[40,3]],[[18080,18072],[69,1],[109,-29]],[[18080,18072],[-67,95],[-36,70],[-67,50],[-51,5]],[[17859,18292],[-1,0]],[[17858,18292],[26,21],[221,115],[22,-6]],[[18127,18422],[51,-14],[-11,-72],[283,-92],[35,-30],[25,-50]],[[18510,18164],[13,-64]],[[18523,18100],[-43,-116]],[[17858,18292],[-60,-6],[-4,31]],[[17794,18317],[-6,33],[-148,273],[-35,37]],[[17605,18660],[5,35]],[[17610,18695],[355,-50],[263,-16]],[[18228,18629],[-59,-42],[-32,-40],[11,-17],[-21,-108]],[[18228,18629],[140,-10]],[[18368,18619],[155,-11]],[[18523,18608],[-11,-368]],[[18512,18240],[-2,-76]],[[18523,18608],[86,0],[113,18]],[[18722,18626],[31,-4],[88,-46]],[[18841,18576],[-21,-83],[-34,-11],[-10,-36]],[[18776,18446],[-41,-56],[-116,-57],[-13,-47],[-94,-46]],[[18841,18576],[66,-58],[65,-36]],[[18972,18482],[63,-10],[64,10]],[[19099,18482],[27,-118],[15,-15],[-78,-83]],[[19063,18266],[-95,94],[-31,-20],[-18,45],[-143,61]],[[19063,18266],[-42,-45]],[[19021,18221],[-96,-101]],[[18925,18120],[-27,24],[-85,-91],[-90,7]],[[18723,18060],[-108,12],[-92,28]],[[18723,18060],[-2,-64],[42,2],[3,-95],[-53,-55]],[[18713,17848],[-88,83],[-82,37],[-63,16]],[[18925,18120],[124,-117],[20,-73]],[[19069,17930],[-134,-37],[-174,-116]],[[18761,17777],[-48,71]],[[19069,17930],[30,-116],[30,-30],[53,-82]],[[19182,17702],[-242,-56],[-89,-8]],[[18851,17638],[-93,137]],[[18758,17775],[3,2]],[[18514,17581],[-11,35],[54,47],[106,52],[95,60]],[[18851,17638],[148,-234]],[[18999,17404],[-253,27],[-223,17]],[[18999,17404],[56,-104],[145,-325]],[[19200,16975],[-33,1],[-107,-47]],[[19060,16929],[-33,41],[-90,-44],[-9,-31]],[[18928,16895],[-45,68],[-132,29],[-110,148],[-77,13]],[[18564,17153],[-42,8],[27,88],[-69,34],[-8,124]],[[18928,16895],[-17,-66],[-51,-38],[3,-28],[-31,-28],[-32,-58],[-58,-44],[6,-64]],[[18748,16569],[-37,29],[-196,-3]],[[18515,16595],[33,170]],[[18548,16765],[54,278],[-16,8],[-22,102]],[[18548,16765],[-74,14],[1,26],[-43,34],[37,70],[-66,53],[-16,0],[-58,75]],[[18329,17037],[-9,103],[7,76]],[[18327,17216],[1,66],[36,3],[31,62]],[[18515,16595],[-79,-1],[-42,-17],[-107,10],[-10,58],[-34,60],[-42,-2],[-80,26]],[[18121,16729],[16,61],[83,49],[-31,40],[77,59],[2,51],[61,48]],[[18121,16729],[-44,15]],[[18077,16744],[15,185],[112,141]],[[18204,17070],[123,146]],[[18077,16744],[-58,19]],[[18019,16763],[16,199],[-3,62],[17,102]],[[18049,17126],[38,-19],[92,-17],[25,-20]],[[18049,17126],[16,77],[32,54],[35,94]],[[17868,17486],[7,-111],[15,-150]],[[17890,17225],[-35,-5],[-7,73],[-58,-5],[-16,-80]],[[17774,17208],[-23,3],[-7,94]],[[17744,17305],[-4,46],[-39,7],[-37,91]],[[17664,17449],[61,35],[127,48]],[[18049,17126],[-157,41],[-2,58]],[[18019,16763],[-27,12],[-223,183]],[[17769,16958],[43,74],[-47,43],[9,133]],[[17769,16958],[-151,135]],[[17618,17093],[62,75],[4,92],[60,45]],[[17618,17093],[-66,58]],[[17552,17151],[-100,94]],[[17452,17245],[103,142],[11,7]],[[17566,17394],[98,55]],[[17707,17845],[-41,-130],[-103,-117],[-10,4],[-125,-74]],[[17428,17528],[-27,29]],[[17401,17557],[-8,60],[42,126],[-4,52],[37,85]],[[17468,17880],[86,-31]],[[17554,17849],[153,-4]],[[17566,17394],[-53,112],[-48,-27],[-37,49]],[[17707,17845],[102,-3]],[[17452,17245],[-127,121],[-55,-27]],[[17270,17339],[-67,21]],[[17203,17360],[54,60],[35,12],[-3,56],[72,11],[40,58]],[[17203,17360],[-104,51],[-184,80]],[[16915,17491],[57,125],[67,21],[78,57]],[[17117,17694],[105,43]],[[17222,17737],[1,-153],[19,-67],[54,32],[19,39],[86,-31]],[[17222,17737],[66,164],[21,102]],[[17309,18003],[62,-61],[97,-62]],[[17554,17849],[77,272],[14,22],[214,149]],[[17309,18003],[79,169],[1,140],[15,68]],[[17404,18380],[222,-66],[57,-6],[111,9]],[[17404,18380],[20,83],[20,46],[104,117],[57,34]],[[19099,18482],[73,10],[49,-10],[52,-30],[117,-101]],[[19390,18351],[-137,-53],[4,-78],[45,-114]],[[19302,18106],[-54,-20],[-91,16],[-136,119]],[[19390,18351],[30,-27]],[[19420,18324],[78,-58],[103,-16]],[[19601,18250],[198,50]],[[19799,18300],[40,-106],[30,-131]],[[19869,18063],[-230,-52],[-155,-17],[-126,-27]],[[19358,17967],[-56,139]],[[19932,17871],[63,-287]],[[19995,17584],[-57,-22],[15,-26],[-111,-113]],[[19842,17423],[-147,133],[-129,152],[-40,68]],[[19526,17776],[-5,13],[140,24],[271,58]],[[19069,17930],[186,29],[103,8]],[[19869,18063],[20,-87],[27,-47],[16,-58]],[[19526,17776],[-344,-74]],[[19842,17423],[-102,-204]],[[19740,17219],[-261,126]],[[19479,17345],[-56,17],[7,69],[-51,10],[-26,32],[-24,-25],[-313,33],[-1,-76],[-16,-1]],[[19740,17219],[-84,-168],[35,-39],[85,-79],[102,-8],[38,-33],[0,-116]],[[19916,16776],[-112,-50],[-8,-63],[-56,-94]],[[19740,16569],[-20,196],[-1,110],[-30,43],[-227,131],[-48,51],[-77,108],[87,23],[55,114]],[[19740,16569],[-28,-45],[-47,-24],[-44,7],[-12,-37]],[[19609,16470],[-191,12]],[[19418,16482],[-218,493]],[[19991,16719],[41,4],[2,67],[109,18],[109,-30],[45,-4],[17,19],[-21,43],[-3,192]],[[20290,17028],[73,89],[58,45]],[[20421,17162],[15,-12],[270,-147],[77,-75]],[[20783,16928],[-98,-235]],[[20685,16693],[-22,-187]],[[20663,16506],[-69,6],[-100,-24]],[[20494,16488],[-128,9],[-81,38],[-85,22],[-105,57],[-31,1],[-32,61],[-48,2],[7,41]],[[19740,17219],[117,-56],[77,-7],[4,51],[71,-27],[32,-32],[50,6],[108,-103],[65,0],[26,-23]],[[19991,16719],[-75,57]],[[19995,17584],[46,-93],[87,-20],[111,15],[71,-50]],[[20310,17436],[-25,-104],[35,-50],[33,-20],[68,-100]],[[18515,16595],[-23,-117]],[[18492,16478],[-78,11],[-61,-39],[-85,-1],[-113,-45]],[[18155,16404],[-115,194],[-36,99]],[[18004,16697],[15,66]],[[18748,16569],[124,-97]],[[18872,16472],[-31,-43],[-77,-34],[-58,-106],[-16,-53]],[[18690,16236],[-74,14],[8,32],[-49,101],[-130,0]],[[18445,16383],[7,63],[40,32]],[[18690,16236],[-25,-133]],[[18665,16103],[-34,-12],[-62,-69],[-32,-14],[-85,19],[-41,21],[-98,107],[4,27]],[[18317,16182],[4,31],[35,48],[29,7],[45,48],[15,67]],[[18317,16182],[-114,-13]],[[18203,16169],[24,88],[-17,55],[-55,92]],[[18665,16103],[-20,-86],[-77,-154]],[[18568,15863],[-176,-1],[-234,3]],[[18158,15865],[4,161],[-3,88]],[[18159,16114],[44,55]],[[18158,15865],[-195,-2],[-166,17],[-90,22]],[[17707,15902],[12,158],[8,43]],[[17727,16103],[88,-42],[26,25],[75,-30],[67,2],[119,18],[57,38]],[[17727,16103],[27,32],[-11,40],[56,69]],[[17799,16244],[212,77],[144,83]],[[17799,16244],[-9,40],[20,50],[-2,48],[-47,66],[-16,48]],[[17745,16496],[259,201]],[[17745,16496],[-41,46],[12,196],[-68,39],[-26,28]],[[17622,16805],[40,40]],[[17662,16845],[107,113]],[[18568,15863],[-87,-206]],[[18481,15657],[-45,-110],[-6,-69],[20,-63]],[[18450,15415],[-60,-24],[-147,-5],[-25,11],[-88,-40],[-13,52]],[[18117,15409],[5,144],[7,54],[29,108],[0,150]],[[18450,15415],[12,-54],[-2,-48],[-22,-112],[-5,-112]],[[18433,15089],[-45,-160],[-12,-73]],[[18376,14856],[-160,-19],[-163,17],[-60,-4],[-51,-33]],[[17942,14817],[41,45],[1,67],[-31,82],[27,33],[-13,146],[-14,38],[-18,121]],[[17935,15349],[87,33],[-2,18],[97,9]],[[17942,14817],[-59,-13],[-35,-39]],[[17848,14765],[-37,56]],[[17811,14821],[-95,26],[-30,47],[-39,97],[-58,110],[-16,43],[-55,37],[-154,78]],[[17364,15259],[96,110]],[[17460,15369],[198,226],[28,65],[11,128]],[[17697,15788],[42,-45],[16,-74],[67,-88],[58,-89],[55,-143]],[[17697,15788],[9,103]],[[17706,15891],[1,11]],[[17727,16103],[-25,63],[-76,-23],[-348,-126]],[[17278,16017],[-14,54],[3,47],[46,364],[-24,34]],[[17289,16516],[104,67],[142,137]],[[17535,16720],[87,85]],[[17706,15891],[-56,-50],[-81,-33],[-31,-29],[-182,157]],[[17356,15936],[-78,81]],[[17460,15369],[-310,268]],[[17150,15637],[213,242],[-31,27],[24,30]],[[17150,15637],[-182,152]],[[16968,15789],[9,67],[1,93]],[[16978,15949],[26,77]],[[17004,16026],[219,-29],[55,20]],[[17364,15259],[-58,31],[-83,22],[-56,25],[-75,63],[-104,53],[-39,32],[-60,75]],[[16889,15560],[47,125],[32,104]],[[17004,16026],[18,152],[35,125],[22,55]],[[17079,16358],[14,36]],[[17093,16394],[196,122]],[[17079,16358],[-91,-41],[-38,-32],[-51,-61],[-259,-76]],[[16640,16148],[-75,-7],[-173,56]],[[16392,16197],[25,110]],[[16417,16307],[64,17],[190,197],[108,-4],[49,8],[163,106],[75,12]],[[17066,16643],[-3,-12],[32,-199],[-2,-38]],[[16978,15949],[-70,6],[-17,58],[-65,-18],[-8,27],[-68,-20],[-32,15],[-15,-30],[-54,28]],[[16649,16015],[28,8],[-37,125]],[[16889,15560],[-51,51],[-45,100],[-36,38],[-107,95],[-59,37]],[[16591,15881],[50,98],[8,36]],[[16889,15560],[-46,-145],[-18,-36]],[[16825,15379],[-119,-185]],[[16706,15194],[-93,72],[-84,48],[-130,44]],[[16399,15358],[29,40],[-67,58],[11,78],[55,62],[-29,25],[16,49],[45,51],[-13,39],[114,130],[31,-9]],[[16706,15194],[-156,-241]],[[16550,14953],[-32,19],[-93,-1],[-52,19],[-96,52],[-83,98],[-91,27]],[[16103,15167],[19,56],[39,193]],[[16161,15416],[116,-22],[122,-36]],[[16161,15416],[44,205],[101,309]],[[16306,15930],[86,267]],[[17662,16845],[-110,82],[-112,107]],[[17440,17034],[112,117]],[[17535,16720],[-89,90],[-16,-18],[-81,77],[31,35],[-34,32]],[[17346,16936],[94,98]],[[17066,16643],[-8,27],[-199,256],[-28,27],[60,82],[-41,38]],[[16850,17073],[-1,2]],[[16849,17075],[94,66]],[[16943,17141],[125,-91],[211,-184],[67,70]],[[17270,17339],[-56,-22],[-48,-34]],[[17166,17283],[-223,-142]],[[16849,17075],[-114,173],[-19,42]],[[16716,17290],[-17,60],[64,48],[70,81],[30,46]],[[16863,17525],[52,-34]],[[17166,17283],[129,-120],[-34,-36],[31,-30],[64,66],[38,-37],[-25,-25],[71,-67]],[[16850,17073],[-305,-173]],[[16545,16900],[-171,263],[-13,12]],[[16361,17175],[33,79],[82,-119],[240,155]],[[16417,16307],[-16,69],[-152,287]],[[16249,16663],[11,10],[202,116],[-19,52],[102,59]],[[16249,16663],[-131,137]],[[16118,16800],[-44,73],[-79,225]],[[15995,17098],[170,153],[15,18]],[[16180,17269],[134,-57],[47,-37]],[[16180,17269],[29,48]],[[16209,17317],[74,137],[33,127],[74,102],[-16,49]],[[16374,17732],[35,-24]],[[16409,17708],[63,-50],[122,-31],[72,-53],[118,-9],[79,-40]],[[17252,18111],[-115,-163],[24,-30],[-21,-36],[-33,24],[-61,-82]],[[17046,17824],[-114,82]],[[16932,17906],[29,70],[7,94],[-42,90],[-43,30],[-12,63]],[[16871,18253],[113,-72]],[[16984,18181],[24,-16],[244,-54]],[[17117,17694],[-52,7],[-83,37],[100,55],[-36,31]],[[17252,18111],[57,-38],[-15,-33],[15,-37]],[[16863,17525],[12,46],[26,264]],[[16901,17835],[31,71]],[[16409,17708],[44,64],[8,41],[-22,124],[15,39]],[[16454,17976],[39,-7],[26,39],[186,-129],[21,-55],[142,-29],[33,40]],[[16454,17976],[34,53]],[[16488,18029],[111,171],[114,165]],[[16713,18365],[84,-69],[74,-43]],[[16374,17732],[-61,60],[-47,34],[-30,54]],[[16236,17880],[-12,101],[13,98],[44,-2],[54,46],[16,49],[43,-21]],[[16394,18151],[31,-20],[-28,-42],[91,-60]],[[16394,18151],[85,128]],[[16479,18279],[66,99],[67,-2],[2,84]],[[16614,18460],[88,-46],[11,-49]],[[16533,18535],[-2,4]],[[16531,18539],[-70,148],[-73,127],[-7,42],[-33,56],[6,73]],[[16354,18985],[123,-26]],[[16477,18959],[153,-31],[85,-37],[80,-66],[84,-33],[189,-26]],[[17068,18766],[137,-18]],[[17205,18748],[-24,-174],[-21,-48],[-97,-117]],[[17063,18409],[-205,19],[-86,24],[-99,55],[-61,23],[-79,5]],[[17404,18380],[-341,29]],[[17205,18748],[405,-53]],[[16984,18181],[85,137],[-56,34],[50,57]],[[16614,18460],[-81,75]],[[16209,17317],[-59,52],[-27,42],[-61,32],[-31,69],[-169,113],[17,28],[1,47],[25,21],[48,71],[-20,13],[33,61],[5,47]],[[15971,17913],[30,-15],[93,-21],[94,-10],[48,13]],[[15995,17098],[-45,72],[-44,36],[-124,68]],[[15782,17274],[-269,140]],[[15513,17414],[109,198],[140,131],[28,121],[48,-22],[61,76],[8,27]],[[15907,17945],[35,-4],[29,-28]],[[15513,17414],[-294,155],[-74,52]],[[15145,17621],[-95,86]],[[15050,17707],[143,145],[64,9]],[[15257,17861],[7,61],[53,57],[50,25],[122,-11],[45,29]],[[15534,18022],[23,19],[138,22],[120,-15],[36,-24],[0,-24],[42,-49]],[[15893,17951],[14,-6]],[[15782,18576],[-69,1],[-62,15],[-92,36],[-182,-6]],[[15377,18622],[-44,53],[-25,91]],[[15308,18766],[76,46],[57,55],[57,84]],[[15498,18951],[31,21],[75,20],[95,-7]],[[15699,18985],[36,-107],[42,-65],[88,-74],[119,-55],[-5,-10]],[[15979,18674],[-49,-4],[-148,-94]],[[16531,18539],[-185,-4],[-78,18],[-216,100],[-73,21]],[[15699,18985],[219,-17],[50,2]],[[15968,18970],[295,26],[91,-11]],[[16479,18279],[-42,27],[-309,2],[-57,-8],[-78,18]],[[15993,18318],[-35,1],[-90,36],[-12,60],[-133,-27]],[[15723,18388],[-2,30],[70,38],[-9,120]],[[15893,17951],[43,113],[12,59],[5,132],[40,63]],[[15534,18022],[-6,103],[10,50],[-28,106]],[[15510,18281],[-1,46],[-25,45]],[[15484,18372],[63,2],[-6,67],[48,22],[45,-49],[40,-21],[49,-5]],[[15484,18372],[-40,162],[-46,63]],[[15398,18597],[-21,25]],[[15510,18281],[-67,35],[1,43],[-34,14],[-58,-31],[-23,-30]],[[15329,18312],[-71,39],[-99,70],[-30,37],[-6,81]],[[15123,18539],[225,10],[10,44],[40,4]],[[15257,17861],[-133,157],[-127,165]],[[14997,18183],[112,96],[79,-92],[123,93],[18,32]],[[15050,17707],[-408,389],[-40,63],[-7,57]],[[14595,18216],[64,10],[50,26],[141,118]],[[14850,18370],[34,-49],[113,-138]],[[14850,18370],[33,20],[196,150],[44,-1]],[[14595,18216],[-13,111],[-21,32],[-63,41]],[[14498,18400],[57,12],[52,47],[46,113]],[[14653,18572],[36,44],[51,35],[81,18],[238,-10],[102,19],[147,88]],[[14965,19719],[-74,29],[-70,55],[-62,5],[-63,-42]],[[14696,19766],[-60,19],[-20,-13],[-60,19],[-46,28],[-64,0],[-39,19],[-21,47],[54,43],[26,52],[15,59],[3,66],[-27,78]],[[14457,20183],[-5,15],[8,128],[43,-11],[50,68],[-11,28],[90,28],[67,-3],[1,-84],[17,-31],[206,163]],[[14923,20484],[75,60],[547,151],[-10,32],[-39,21],[15,78],[35,26],[8,29],[84,42],[5,33],[61,-20],[66,-92],[-6,-23]],[[15764,20821],[-47,-52],[-46,-79],[-11,-76],[33,-57]],[[15693,20557],[24,-76],[18,-10],[30,-71],[14,-92],[30,-13],[-11,-56],[28,-58],[-17,-42],[10,-51],[101,-77],[-33,-97],[0,-55],[-41,-72],[-34,-41],[-5,-31]],[[15807,19715],[-32,-23],[-65,1],[-28,-20],[-69,-8],[-39,19],[-87,-9],[-36,-13],[-40,-35],[-46,-16],[-86,70],[-60,-26],[-44,17],[-94,5],[-116,42]],[[15498,18951],[-22,57],[-220,270],[-119,185],[-111,132],[-29,42],[-32,82]],[[15807,19715],[21,-127]],[[15828,19588],[12,-83],[65,-108],[26,-70],[15,-131],[7,-110],[15,-116]],[[15308,18766],[-29,93],[-46,57],[-54,33],[-94,25],[-491,44],[-82,40],[-83,116],[-15,71]],[[14414,19245],[82,11],[33,71],[-1,54],[27,85],[-32,59],[28,92],[75,73],[12,36],[58,40]],[[14414,19245],[-3,116],[-30,73],[-47,30],[-51,3]],[[14283,19467],[-38,31],[-54,-3],[-45,26],[-46,10]],[[14100,19531],[-60,34],[-48,153],[-66,99],[-3,86],[-14,55],[21,101],[-25,71],[-33,35]],[[13872,20165],[57,-13],[56,-67],[54,9],[30,-35],[41,59],[114,75]],[[14224,20193],[124,-10],[72,-19],[37,19]],[[14653,18572],[-120,-14],[-73,37],[5,79],[-54,28],[-60,7],[-39,19],[10,61],[-15,28],[-54,23],[-21,55],[-51,21],[2,41],[-33,31],[-35,61],[5,27],[54,86],[19,49],[35,19],[20,39],[74,7],[3,59],[60,63],[-18,41],[-84,28]],[[13872,20165],[-48,11],[-8,20],[-55,35],[4,40],[-26,70],[31,141],[65,47],[24,32],[-2,29],[54,97],[-52,-11],[-49,-64],[-5,-30],[-95,-119],[-37,0]],[[13673,20463],[17,26],[48,30],[23,93],[0,211],[105,58],[56,-19],[18,30],[3,121],[80,59]],[[14023,21072],[22,-131],[59,25],[61,-5],[93,-55],[42,-52],[44,23],[58,-25],[-28,-49],[-12,-51],[17,-73],[61,-26],[18,-39],[-10,-92],[-43,-18],[-24,-30],[-24,-65],[12,-119],[-145,-97]],[[14023,21072],[33,26],[25,72],[16,90],[-15,41],[5,48],[19,33],[-19,69],[32,29],[19,48],[52,23],[1,46]],[[14191,21597],[59,14],[36,-18],[113,13],[227,20],[-6,48],[16,32],[-3,51],[19,76],[51,21],[10,26],[43,43]],[[14756,21923],[-5,-72],[-45,-72],[-29,-136],[-38,-95],[-7,-67],[24,-144],[35,-52],[66,-44],[30,-43],[22,-77],[5,-68],[-15,-106],[26,-78],[91,-68],[22,-41],[4,-60],[-36,-68],[-58,-44],[6,-27],[53,-36],[16,-41]],[[14756,21923],[119,44],[89,2],[26,-18],[78,-10],[33,-20],[92,-22],[47,32],[53,-47],[61,27],[40,-11],[-17,-57],[55,-122],[115,59],[33,44],[35,86],[46,27],[110,3],[86,10],[18,39],[9,129]],[[15884,22118],[31,2],[157,-36],[72,6],[6,-48],[-17,-121]],[[16133,21921],[-67,1],[-32,-44],[2,-88],[25,-116],[2,-39],[-17,-160],[4,-89],[-30,-16]],[[16020,21370],[-45,36],[-58,-7],[-40,-43]],[[15877,21356],[-63,-17],[-41,-46],[15,-60],[27,-31],[106,-57],[28,-39],[2,-54],[-34,-92],[7,-32],[-72,-44],[-38,-7],[-50,-56]],[[13670,20463],[-63,-6],[-23,37],[-37,7],[-47,-67],[-66,-11],[-49,16],[-81,87],[-45,21],[-34,36],[-72,-42],[-56,-7],[-21,-71],[7,-78],[-21,-90],[-53,-18],[-23,-32]],[[12986,20245],[-37,35]],[[12949,20280],[12,37],[-21,79],[-39,35],[-100,119],[-14,82],[5,83],[-10,63],[-85,137],[-14,53],[5,40],[-13,35],[7,63],[-14,36],[2,97],[-22,28],[-45,26],[-7,33],[8,96],[-36,64],[-46,16],[-34,34],[-12,63],[-44,69],[-84,27],[-59,62],[-36,61],[-22,100]],[[12231,21918],[20,17],[11,47],[65,17],[19,72],[-23,55],[1,33],[-43,45],[-16,60],[-76,41],[-50,73],[53,54],[8,24]],[[12200,22456],[108,-84],[64,-37],[56,-10],[118,-4],[91,-26],[103,-81],[162,-96],[90,-62],[102,-49],[202,-118],[47,-48],[22,-58],[38,-272],[16,-132],[-4,-48],[-42,-222],[-1,-81],[26,-156],[41,-92],[143,-204],[88,-113]],[[13673,20463],[-3,0]],[[12200,22456],[-41,78],[82,113]],[[12241,22647],[32,-16],[61,6],[6,39],[82,28],[72,-26],[59,9],[27,38],[66,-31],[86,14],[-1,36],[55,45],[21,-6],[72,16],[-36,51],[82,-18],[26,-51],[60,-66],[0,-39],[-61,-42],[40,-49],[15,24],[77,-19],[-24,39],[62,43],[51,23],[35,-8],[24,-60],[25,-31],[44,8],[26,-53],[29,5],[61,-45],[37,35],[52,-2],[11,53]],[[13515,22597],[31,-19],[62,-67],[21,-3],[4,-53],[23,-15],[43,-74],[52,-30],[21,-48],[32,-22],[-19,-43],[62,-41],[-11,-54],[28,-26],[17,-60],[89,-29],[45,16],[91,-17],[35,-30],[52,-100],[-32,-60],[39,-46],[7,-30],[-23,-90],[18,-25],[-11,-34]],[[13515,22597],[-39,94],[24,36],[44,-6],[35,26],[114,-27],[1,30],[56,41],[43,-11],[53,7],[53,-8],[-5,62],[28,106],[-14,28],[9,93],[32,14],[22,-28],[28,18],[-15,32],[28,32],[50,11],[50,51],[20,-42],[69,-33],[25,36],[26,-20],[31,11],[56,-9],[59,-23]],[[14398,23118],[50,-69],[77,-30],[32,29],[57,2],[62,-13],[110,11],[35,-9],[146,24],[54,25],[60,-95],[98,-101],[110,-35],[61,3],[59,-27],[12,-27],[38,1],[42,-40],[23,-63],[-20,-89]],[[15504,22615],[11,-57],[64,-84],[71,-43],[51,2],[69,26],[39,1],[19,-32],[25,-107],[-2,-129],[33,-74]],[[16133,21921],[24,-41],[95,-28],[48,5],[71,45],[44,-8],[96,-101],[62,-31],[38,51],[1,66],[16,65],[4,79],[78,56],[74,26],[82,50]],[[16866,22155],[1,-64],[40,-108],[42,-57],[72,-125],[40,-54],[41,-15],[21,-68],[15,-7],[79,38],[68,-28],[23,-75],[-22,-40],[-52,-23],[-74,-5],[-66,-57],[-31,-57],[-1,-32]],[[17062,21378],[-47,-50],[-27,-47],[-41,14],[-128,-23],[-41,41],[-25,-6],[-37,-39],[-54,21],[-28,-11],[6,-38],[-30,-22],[-10,-56],[-35,19],[-23,34],[-25,-17],[-82,-12],[-38,44],[-71,24],[-38,53],[-34,3],[-76,-47],[-43,33],[-85,-21],[-14,9],[-16,86]],[[17062,21378],[3,-21]],[[17065,21357],[29,-84],[-21,-31],[-36,-10],[-12,-47],[-3,-86],[-21,-14],[-73,-125],[46,-74],[-34,-107],[0,-68],[48,-68]],[[16988,20643],[-28,7],[-38,-19],[-95,-22],[-16,-49],[21,-46],[-36,-48]],[[16796,20466],[-16,29],[-104,50],[-25,68],[-19,21],[-72,32],[-47,-21],[-31,9],[-59,96],[-19,17],[-130,49],[-25,30]],[[16249,20846],[-84,22],[-30,101],[-18,28],[-43,26],[-29,51],[-63,58],[-12,73],[-75,70],[-18,81]],[[16249,20846],[-14,-39],[-29,-14],[-30,-151],[-75,-67],[5,-40]],[[16106,20535],[-77,45],[-35,8],[-99,-12],[-91,3],[-22,19],[-89,-41]],[[16796,20466],[13,-69],[26,-55],[-18,-41],[-36,-33],[-60,-28],[-38,-3],[-1,-32],[-52,11],[-29,74],[-20,13],[-96,15],[-22,-32],[-44,49],[-100,64],[-53,-3],[-51,-25]],[[16215,20371],[-106,140],[-3,24]],[[16988,20643],[22,-45],[16,-91],[52,-76],[19,-71]],[[17097,20360],[-11,-87],[12,-121]],[[17098,20152],[-86,-7],[-66,-71],[-70,-32],[-115,8],[-61,-45],[19,-67],[-73,-33],[-69,18],[16,45],[-28,28],[-51,25],[-209,0]],[[16305,20021],[-39,82],[9,55],[-20,34],[-7,98],[-27,29],[-6,52]],[[16305,20021],[-15,-43],[13,-51],[-4,-58],[-48,-8],[-27,-74],[24,-19],[-34,-68],[11,-19]],[[16225,19681],[-41,-78],[-40,38],[-100,22],[-58,-19],[-40,14],[-40,-31],[-78,-39]],[[17098,20152],[-9,-32],[-66,-51],[-30,-109]],[[16993,19960],[-37,-53],[-136,-72],[-174,-196]],[[16646,19639],[-40,-7],[-51,9],[26,85],[-65,2],[-98,56],[-35,-59],[-5,-35],[-33,-34],[-120,25]],[[16646,19639],[-33,-91],[28,-151],[-3,-36],[-50,-89],[-63,-134]],[[16525,19138],[-23,-60],[-25,-119]],[[18425,19128],[186,-4],[38,-15]],[[18649,19109],[-115,-88],[-4,-146]],[[18530,18875],[-129,-3]],[[18401,18872],[33,228],[-9,28]],[[18425,19128],[9,58],[25,-6],[4,77],[42,-2],[13,47],[98,-6]],[[18616,19296],[160,-9],[76,-45]],[[18852,19242],[-21,-26]],[[18831,19216],[-34,-22],[-91,-22],[-57,-63]],[[18831,19216],[11,-75]],[[18842,19141],[-8,-141],[-27,-39],[-158,-79]],[[18649,18882],[-40,-10],[-79,3]],[[18368,18619],[17,123],[35,19],[-26,50],[7,61]],[[18649,18882],[2,-83],[16,-50],[49,-66],[6,-57]],[[17610,18695],[133,37],[-24,201],[13,32],[39,19],[-6,29]],[[17765,19013],[186,41]],[[17951,19054],[24,-40],[50,3],[138,127],[111,14],[77,26],[-4,-50],[78,-6]],[[17951,19054],[63,50],[-68,114],[-21,64]],[[17925,19282],[40,6],[-15,36],[39,19],[48,-27],[62,28],[78,80],[38,18],[40,63],[55,24],[-19,28],[31,39],[42,-37],[134,-3],[53,56]],[[18551,19612],[-16,-56],[44,-45],[48,-109],[-11,-106]],[[17925,19282],[-37,119],[-114,72],[17,34],[-76,94],[-23,53]],[[17692,19654],[112,20],[56,36],[37,7],[127,6],[79,35],[74,76],[45,14],[92,7]],[[18314,19855],[37,-45],[88,-72],[48,-51],[2,-49],[62,-26]],[[18314,19855],[43,-3],[128,85],[58,-3],[77,-64],[10,105]],[[18630,19975],[302,-67]],[[18932,19908],[-43,-73],[-57,-50],[131,-89],[67,-17],[-65,-159]],[[18965,19520],[-21,-128],[-24,-51],[-68,-99]],[[17068,18766],[18,252],[57,61]],[[17143,19079],[27,53],[112,146],[17,42]],[[17299,19320],[27,47],[51,56],[14,-58],[21,-6],[150,-146],[-20,-20],[52,-47],[32,-14],[12,-55],[39,-60],[32,-17],[56,13]],[[17299,19320],[-82,62],[-33,170],[22,4],[36,52],[-6,29],[32,60],[-5,51],[30,61],[37,29]],[[17330,19838],[31,41],[25,-6],[57,-50],[101,65],[20,4]],[[17564,19892],[26,-25],[43,-67],[21,-102],[38,-44]],[[16525,19138],[86,-1],[94,-10],[128,17]],[[16833,19144],[108,-4],[77,-13],[-13,-43],[138,-5]],[[16993,19960],[6,-88]],[[16999,19872],[-20,-55],[-42,-79],[26,-13],[-34,-86],[-14,-65],[-56,-59],[-5,-29],[18,-92],[-11,-86],[-26,-99],[-2,-65]],[[16999,19872],[185,24],[59,-20],[38,-29],[49,-9]],[[17097,20360],[46,-15],[39,18],[23,75],[55,28],[36,57],[50,9],[56,27],[105,-64],[25,-36],[52,15],[43,36],[38,50],[-7,56],[-26,-3],[-14,91],[30,46],[19,85]],[[17667,20835],[80,-57],[31,-38],[1,-41],[43,-90],[-7,-40],[-37,-71],[85,-184]],[[17863,20314],[-78,-16],[-98,-47],[35,-40],[20,-77],[-21,-55],[4,-35],[-17,-59],[-103,-45],[-41,-48]],[[17065,21357],[41,-4],[75,-49],[51,-111],[-70,-112],[-4,-72],[37,-9],[-22,-58],[48,-25],[77,10],[2,32],[32,84],[39,-17],[35,44],[33,-16],[37,33],[6,52],[31,-5],[4,-38],[34,-37],[41,13],[54,-59]],[[17646,21013],[36,-73]],[[17682,20940],[-15,-105]],[[16866,22155],[44,-14],[111,-113],[87,19]],[[17108,22047],[25,-11],[71,-72],[79,-101],[108,-48],[31,-28],[87,-146],[22,-15],[56,11]],[[17587,21637],[54,1],[46,-40],[15,-33],[1,-77],[-47,-85],[-49,-20],[-27,-54],[46,-134],[-24,-43],[11,-38],[52,-30],[0,-54],[-19,-17]],[[17863,20314],[52,12],[42,45],[54,28],[91,16],[110,39],[88,9],[17,-55],[27,-16]],[[18344,20392],[13,-80],[76,-3],[24,-30],[-16,-54],[196,-41],[96,-27],[-34,-81],[-69,-101]],[[17682,20940],[24,119],[57,-46],[109,38],[27,-3],[80,41],[-14,-62],[40,-46],[57,-16],[22,41],[0,64],[33,49],[46,6]],[[18163,21125],[-28,-27],[0,-37],[45,-46],[-20,-44],[10,-92],[22,-70]],[[18192,20809],[43,-61],[17,-66],[18,-23],[74,-15],[41,-79]],[[18385,20565],[13,-74],[-26,-65],[-28,-34]],[[17587,21637],[66,22],[42,25],[137,0],[45,34],[44,1],[47,21],[68,-1],[61,11],[91,-10],[33,-52],[27,-1]],[[18248,21687],[-8,-127],[41,-76],[1,-78],[32,-16],[10,-53],[-56,-92],[-62,-46],[-43,-74]],[[18729,21192],[32,63],[37,8],[13,38]],[[18811,21301],[61,-10],[21,23],[55,-13],[66,54],[103,0],[47,-16],[43,19],[3,-59],[45,-83],[39,-8],[62,-46],[-16,-43],[30,-37]],[[19370,21082],[-18,-22],[3,-86],[-74,-82],[-42,-134],[11,-78],[-15,-104],[-13,-39]],[[19222,20537],[-3,-9]],[[19219,20528],[-55,3],[-142,-23],[-39,-20],[-26,41],[-54,38],[-64,-38],[-39,-10]],[[18800,20519],[27,60],[20,115],[22,56],[-2,41],[-33,97],[-25,35],[-48,4],[3,64],[-21,18],[-12,50],[13,27],[-21,60],[6,46]],[[18192,20809],[91,67],[73,86],[12,76],[65,43],[25,41],[44,21],[18,47],[139,58],[60,-23],[10,-33]],[[18800,20519],[-3,-42],[-87,39],[-100,-5],[-67,29],[-97,-35],[-61,60]],[[18248,21687],[75,27],[12,56],[53,36],[64,79],[42,14],[87,-2],[48,10],[20,59],[-12,55],[-52,80],[28,14],[51,-12],[45,-47],[196,22],[21,35],[-35,65],[-22,70],[0,35],[27,29],[64,23],[-27,93],[16,48],[33,45],[51,99],[104,130],[37,24],[164,75],[30,40],[1,37],[-25,39],[-37,29],[-14,61],[23,32],[87,46],[69,46],[79,19],[103,78],[31,45],[76,20],[67,62],[26,50],[72,17],[11,79],[35,31],[130,-10]],[[20102,23570],[71,-49],[98,-24],[52,14],[19,46],[30,29],[30,69],[70,54],[110,39],[75,114],[90,56],[17,42],[40,47],[35,70],[15,51],[67,44],[32,-14]],[[20953,24158],[52,-31],[57,-2],[21,17],[37,-9],[53,-36],[40,-67],[35,-7],[18,-33],[108,-55]],[[21374,23935],[-32,-18],[-31,-56],[-10,-44],[20,-81],[-56,-49],[-98,-113],[-76,-47],[-28,-54],[3,-92],[13,-44],[6,-113],[-37,-49],[2,-49],[-53,-31],[-89,-107],[-53,-37],[-46,-52],[-19,-43],[-74,-85],[-6,-40],[44,-103],[-29,-51],[-21,-70],[0,-65],[13,-33],[-10,-54],[-44,-44]],[[20663,22311],[-144,169],[-102,134],[-73,175],[52,10],[-6,29],[-42,37],[-74,25],[-2,31],[51,30],[-31,34],[-109,31],[18,52],[-15,20],[-85,-18],[-52,-45],[0,-53],[38,-111],[-11,-71],[-31,-17],[-5,-85],[33,-67],[-16,-33],[-71,-12],[-39,16],[-71,-63],[-88,12],[-38,-24],[-13,-59],[-42,-34],[-41,-75],[-31,-19],[-31,-52],[-16,-56],[-61,-53],[-16,-50],[-26,-136],[-30,-32],[-69,6],[-43,-13],[-42,5],[-47,-17],[-9,-77],[29,-43],[-37,-43],[-62,-20],[-23,-41],[-42,-24],[-25,18],[-54,2],[52,-58],[-14,-44],[-23,-13],[-67,2],[-90,-38],[-64,-72],[-14,-82],[26,-25],[17,-56],[-31,-17]],[[20663,22311],[-63,1],[-65,-81],[-32,2]],[[20503,22233],[-56,-40],[-42,-12],[-29,-60],[47,-57],[-23,-24],[-20,-105],[11,-64],[19,-15],[-15,-40],[18,-28],[-1,-42],[-42,-84]],[[20370,21662],[-64,41],[-54,-13],[30,-61],[40,-116],[18,-113],[-82,-39],[-22,-41]],[[20236,21320],[-63,48],[-26,9],[-93,-78],[-77,48],[-62,19],[-156,-3],[-24,-12],[-41,-99],[-99,85],[-38,-43],[-42,-27],[-17,-51],[-44,-25],[-21,-55],[-63,-54]],[[20236,21320],[-29,-28],[-53,-101],[-36,-167],[-59,35],[-78,-23],[-32,-65],[-48,-42],[-17,-36],[-41,-34],[-45,-63],[-50,-6],[-9,-25],[153,-31]],[[19892,20734],[-90,-56],[-103,-170],[-23,-10],[-57,19],[-41,-26],[-52,-58],[-40,5],[-20,-34]],[[19466,20404],[-82,48],[-40,8],[-47,47],[-43,-2],[-32,32]],[[18932,19908],[35,29],[-7,38],[34,70]],[[18994,20045],[105,-102],[159,-59],[43,39],[45,-27],[136,17],[146,-35]],[[19628,19878],[-30,-24],[-64,-108],[-30,-80],[-25,-40],[-100,-58],[-19,-25]],[[19360,19543],[-14,7],[-189,-43],[-47,-7],[-124,23],[-21,-3]],[[19219,20528],[-14,-59],[9,-46],[-21,-102],[-46,-46],[-62,-81],[-22,-53],[-69,-96]],[[19466,20404],[56,-43],[54,-22],[57,19],[32,-61],[121,-126],[23,-38],[-3,-80],[42,-37]],[[19848,20016],[-185,-120],[-35,-18]],[[20370,21662],[-7,-34],[-38,-52],[33,-26],[27,-63],[53,-24],[-13,-106],[0,-92],[-26,-13]],[[20399,21252],[-20,-17],[1,-87],[-8,-59],[-34,-43],[-18,-51],[4,-74],[-60,-89],[3,-54],[-13,-39],[7,-64]],[[20261,20675],[2,-7]],[[20263,20668],[-50,-18],[-40,25],[-135,-11],[-76,54],[-70,16]],[[20263,20668],[37,-61],[8,-41],[38,-93],[37,-32],[43,-106],[59,-61],[49,-66],[7,-42]],[[20541,20166],[-51,47],[-108,65],[-152,-77]],[[20230,20201],[-70,-18],[-65,-1],[-61,-23],[-45,-1],[-78,-62],[-63,-80]],[[20541,20166],[20,-66],[9,-72],[-18,-54],[6,-37]],[[20558,19937],[3,-41],[-13,-87],[10,-108]],[[20558,19701],[-105,73],[-223,427]],[[19848,20016],[43,-39],[126,-243],[77,-93],[-22,-31],[54,-52],[-2,-34],[-75,-101]],[[20049,19423],[-73,15],[-111,9],[-59,-13],[-117,-125],[-43,-8],[-74,-45],[-33,14]],[[19539,19270],[-73,57],[-42,3],[-2,48],[-40,26],[18,112],[-40,27]],[[20558,19701],[37,-81],[-3,-147],[-15,-82],[-48,-96],[0,-30]],[[20529,19265],[-174,-131],[-24,-3]],[[20331,19131],[-32,11],[-44,42],[0,31],[-109,118],[-97,90]],[[20331,19131],[-37,-57],[-359,-403]],[[19935,18671],[-55,-4],[41,46],[-10,38],[-260,186],[-19,45],[-56,-3],[-26,24],[-26,-15],[-53,44],[-40,17]],[[19431,19049],[-7,17],[27,65],[75,56],[13,83]],[[19601,18250],[16,17],[126,175],[83,106],[109,123]],[[20529,19265],[85,-148],[-4,-63],[12,-29],[116,-102]],[[20738,18923],[-26,-88],[-2,-96],[21,-95],[-13,-92],[-33,-44],[-35,-23]],[[20650,18485],[-53,-18],[-111,1],[-73,-20],[-96,-55],[-69,-23]],[[20248,18370],[-52,-4],[-127,6],[-270,-72]],[[19420,18324],[60,81],[-32,100],[31,77],[2,148]],[[19481,18730],[5,215],[-55,104]],[[19481,18730],[-246,83],[13,24],[-111,55]],[[19137,18892],[-124,55],[-86,45],[26,44],[3,74],[-114,31]],[[18972,18482],[6,43],[45,121],[36,47],[1,24],[63,133],[14,42]],[[20261,17941],[7,1]],[[20268,17942],[380,80],[3,-15]],[[20651,18007],[48,-204],[23,-63],[68,-278],[-7,-86]],[[20783,17376],[-1,-24],[-159,41],[-84,56],[-132,13]],[[20407,17462],[-14,64],[-40,-9],[-92,424]],[[19932,17871],[170,32],[159,38]],[[20407,17462],[-33,4],[-64,-30]],[[20248,18370],[6,-38],[67,-248],[-60,-31],[7,-111]],[[20650,18485],[85,-131],[99,-160],[23,-24],[85,-45],[21,-35]],[[20963,18090],[4,-14]],[[20967,18076],[-316,-69]],[[20738,18923],[40,56],[29,22],[70,26]],[[20877,19027],[10,-82],[111,5]],[[20998,18950],[42,-92],[4,-75],[91,10]],[[21135,18793],[6,-30],[30,-22],[39,13],[28,-37],[11,-61],[-30,-5],[14,-76],[-30,-5],[11,-67],[-18,-12],[29,-218],[4,-74],[-65,-10],[11,-54]],[[21175,18135],[-212,-45]],[[21135,18793],[117,-6],[82,-18],[77,-5],[218,24],[107,23],[66,-11],[31,-17]],[[21833,18783],[33,-25]],[[21866,18758],[-40,-51],[-39,-22],[9,-31],[-62,-160],[-20,4],[-43,-118],[-33,-4],[9,-62],[-29,-75],[9,-59]],[[21627,18180],[-36,-2],[-120,15],[-97,-16]],[[21374,18177],[-199,-42]],[[21866,18758],[153,-83],[87,-62],[59,-11],[86,-31]],[[22251,18571],[26,-48],[-18,-36],[-26,-93],[-23,5],[-18,-66]],[[22192,18333],[-128,-21],[-43,-14],[-161,-83]],[[21860,18215],[-43,-11],[-190,-24]],[[22251,18571],[138,-7],[131,12],[128,-43]],[[22648,18533],[35,-55],[93,-83],[50,-75]],[[22826,18320],[37,-73],[-127,-135],[-35,-50]],[[22701,18062],[-52,10],[-190,139]],[[22459,18211],[-146,101],[-61,23],[-60,-2]],[[22191,19440],[67,67],[39,79]],[[22297,19586],[24,56]],[[22321,19642],[118,-30],[33,-26],[75,-25],[11,-106],[14,-49],[44,-62],[17,-4],[63,-83],[-6,-43],[6,-78],[-17,-97]],[[22679,19039],[-83,-25],[-72,-10],[-73,-36],[-66,16],[-51,-7],[-64,-30],[-77,-6],[-102,-48],[-45,-5]],[[22046,18888],[-9,111],[34,102],[174,0],[69,29],[8,19],[-1,127],[-44,58],[-71,70],[-15,36]],[[22046,18888],[-76,-30],[-104,-67]],[[21866,18791],[-12,7],[-33,119],[-8,135],[-11,23],[97,32],[-34,98],[3,61],[-52,-20],[-33,55]],[[21783,19301],[223,89],[143,20],[42,30]],[[20998,18950],[99,14],[74,83],[51,40],[286,178],[58,16],[131,-5],[86,25]],[[21866,18791],[-33,-8]],[[20877,19027],[130,21],[34,20],[74,73],[58,76],[11,36],[59,60],[102,76],[52,59],[27,44],[67,36],[102,40],[77,72],[88,124],[50,39]],[[21808,19803],[47,5],[49,58],[73,41],[121,53],[49,32],[105,12],[153,40],[95,9]],[[22500,20053],[-13,-46]],[[22487,20007],[-145,-205],[-106,-164],[61,-52]],[[22487,20007],[4,-17],[109,-171],[16,-19],[-55,-33],[-122,-1],[-42,-8],[-41,-32],[-35,-84]],[[22500,20053],[69,8],[126,26],[154,-52],[38,-1]],[[22887,20034],[73,17],[175,5],[50,-24],[113,-26],[112,-64],[63,-28]],[[23473,19914],[-9,-28]],[[23464,19886],[-67,8],[-38,-8],[-157,-56],[-34,-30]],[[23168,19800],[-17,106],[-8,8],[-228,-18],[-31,42],[-29,-8],[21,-41],[-34,-36],[-44,59],[-40,-9],[-34,14],[-26,65],[-34,22],[-95,9],[-20,28],[-49,12]],[[23168,19800],[21,-128],[-25,-70],[8,-72],[-50,-17],[-91,-45],[-35,-29],[-80,-111],[-17,-42],[-39,-272]],[[22860,19014],[-57,-4],[-76,29],[-48,0]],[[23464,19886],[-20,-74],[38,-36],[43,-112],[-61,-30],[-2,-72],[-18,-81],[9,-24],[56,-46],[18,-114]],[[23527,19297],[-61,-43],[-44,-50],[-18,-41],[-41,-36]],[[23363,19127],[-52,-40],[-114,-55]],[[23197,19032],[-61,-19],[-70,9],[-135,-2]],[[22931,19020],[-71,-6]],[[22931,19020],[-6,-50],[37,-14],[-17,-48],[-38,12],[-29,-72],[-7,-87],[-59,-7],[-26,-52],[-46,-60],[-5,-43],[-50,-67],[-37,1]],[[23197,19032],[35,-187],[19,-150]],[[23251,18695],[40,-240]],[[23291,18455],[-186,-71],[-42,-3],[-53,27],[-64,-32],[-60,14],[-60,-70]],[[23363,19127],[76,-46],[27,-57],[74,-42],[-15,-99],[51,-14],[19,-139]],[[23595,18730],[-79,-20],[-44,-78],[-44,-28],[-107,14],[-47,65],[-23,12]],[[23527,19297],[21,-44],[17,-81],[155,-142],[77,-80],[46,-81],[22,2]],[[23865,18871],[6,-46],[50,-82]],[[23921,18743],[-2,0]],[[23919,18743],[-266,-3]],[[23653,18740],[-58,-10]],[[23527,19297],[57,7],[81,27],[114,9],[93,-18]],[[23872,19322],[-67,-69],[-7,-34],[23,-124],[51,-37],[13,-46],[-20,-66],[0,-75]],[[23473,19914],[149,-52],[105,-15],[45,3]],[[23772,19850],[71,10]],[[23843,19860],[40,-49],[30,-66],[58,-163],[7,-54],[-62,-79],[-44,-127]],[[23872,19322],[66,20],[52,45],[40,-79],[58,21],[56,-7],[14,-30],[-9,-107],[46,-63],[27,-92],[27,-44],[35,-84],[8,-39]],[[24292,18863],[-5,-56]],[[24287,18807],[-249,-20],[-117,-44]],[[23946,18055],[30,28]],[[23976,18083],[163,135],[114,162]],[[24253,18380],[41,23],[86,1],[69,-24],[118,37],[45,-8],[34,-41]],[[24646,18368],[73,-161],[24,-81]],[[24743,18126],[-84,-21],[-187,-91],[-7,-30],[-39,-61],[-7,-38],[14,-82],[-54,-15],[-148,-97]],[[24231,17691],[-24,112],[-71,-41],[-6,43],[-77,79],[-5,31],[-66,82],[-34,24],[-2,34]],[[24231,17691],[18,-88],[-4,-79],[5,-128],[-7,-64]],[[24243,17332],[-11,-4]],[[24232,17328],[-31,9],[-157,6],[-122,75]],[[23922,17418],[-148,92],[-75,34],[-28,-9]],[[23671,17535],[13,33],[-28,33]],[[23656,17601],[6,47],[40,80],[-25,77],[55,26],[1,19],[-79,50]],[[23654,17900],[37,8],[66,-11],[51,8],[68,47],[47,70]],[[23923,18022],[23,33]],[[23656,17601],[-71,-28],[-193,-23],[-38,52],[-142,1]],[[23212,17603],[6,48],[28,60],[72,83],[29,83],[-5,27]],[[23342,17904],[45,28],[76,-1],[35,-10],[73,-52],[38,3],[45,28]],[[23342,17904],[-20,17],[-34,64],[34,69],[17,64],[2,52],[-23,130]],[[23318,18300],[189,11],[8,43],[33,-11],[52,83],[14,1]],[[23614,18427],[54,-41],[173,-279],[40,-26],[16,-40],[26,-19]],[[23653,18740],[39,-233],[-57,-49],[-21,-31]],[[23318,18300],[-27,155]],[[23919,18743],[3,-34],[-17,-63],[0,-112],[-60,-135],[-5,-35],[39,-141],[31,-57],[66,-83]],[[24287,18807],[3,-97],[-15,-139],[23,-55],[-11,-49],[-28,-19],[-30,-55],[24,-13]],[[24292,18863],[65,5],[16,-23],[61,45],[44,11]],[[24478,18901],[42,-36],[110,-30],[39,45]],[[24669,18880],[42,-90],[3,-54],[17,-38],[-26,-60],[12,-30],[-19,-99],[7,-68]],[[24705,18441],[-27,-1],[-32,-72]],[[23843,19860],[17,-3],[187,32],[144,33],[85,26]],[[24276,19948],[-38,-36],[19,-60],[-29,-51],[3,-43],[-22,-29],[-11,-51],[49,-17],[-9,-83],[103,-184],[-9,-88],[65,-6],[5,-16],[26,-299],[50,-84]],[[24276,19948],[66,21],[57,-12]],[[24399,19957],[-24,-71],[11,-15],[97,-38],[60,-66],[14,-97],[-24,-44],[4,-58]],[[24537,19568],[23,-34],[78,-8],[93,-44],[43,-114],[9,-53],[-1,-79],[-47,-137],[-80,-135],[-6,-34],[20,-50]],[[24399,19957],[81,-1],[78,41],[-3,32],[-33,27],[11,41],[77,-22],[8,-30],[59,-23],[-5,37],[58,33],[-13,54],[10,28],[75,44],[31,6],[56,-25],[55,-6]],[[24944,20193],[42,-7],[87,-44],[19,46],[31,21],[34,-12],[21,-44],[48,3],[-33,48],[97,72],[49,2],[15,-41],[74,-19],[4,-24],[-65,-41],[-13,-27],[52,-21],[11,-48],[55,-21],[16,39],[47,-61],[-36,-43],[50,-47],[-23,-23],[-47,-5],[-12,-60],[0,-59],[27,-34],[37,4],[37,33],[52,-58]],[[25620,19722],[-20,-65],[-71,-75],[-32,-87],[3,-27]],[[25500,19468],[-39,0],[-924,100]],[[25620,19722],[28,39],[36,82],[24,7],[41,-41],[34,-1],[44,49],[62,51],[44,23],[103,-60],[28,13],[45,76],[-22,100],[22,33],[-10,39]],[[26099,20132],[46,-22],[50,-7],[8,31],[-28,16],[39,49],[35,22],[28,-128],[40,-76],[36,-26],[9,-98]],[[26362,19893],[-75,-27],[-266,-145],[-37,-28],[-144,-161]],[[25840,19532],[-33,-31],[-46,-16],[-261,-17]],[[25500,19468],[-23,-74],[-21,-22],[-15,-62],[0,-59],[25,-64],[24,-29],[62,-179],[12,-61],[67,-53]],[[25631,18865],[3,-51],[-23,-53]],[[25611,18761],[-25,-21],[-69,6],[-79,16],[-21,-17],[-98,21],[-32,163],[-136,44],[-76,41],[-33,-68],[-44,-43],[-40,49],[-52,-1],[-83,30],[-38,0],[-40,-66],[-76,-35]],[[25611,18761],[-4,-38],[92,-105],[18,-88],[17,-26],[17,-75],[19,-25]],[[25770,18404],[-103,-63],[-25,0],[-46,-36],[-79,-25],[-40,-5],[-71,51],[-46,22],[-95,78],[-169,35]],[[25096,18461],[0,30],[-32,86],[-81,-42],[-63,25],[-74,42],[-91,1],[-33,-43],[-6,-110],[-11,-9]],[[25096,18461],[-1,-43],[21,-120],[59,-44],[12,-29],[-7,-67],[-33,-34],[-9,-54],[16,-49],[-20,-46],[30,-12],[18,-58],[-42,-40],[5,-33]],[[25145,17832],[-64,14],[-139,72]],[[24942,17918],[-76,95],[-100,73],[-23,40]],[[25770,18404],[28,26],[-8,81],[40,20],[124,-3],[62,37],[31,-25],[55,-11]],[[26102,18529],[18,-45],[55,-25],[-76,-79],[-100,-64],[-30,-52],[-49,-39],[-58,32],[-32,-5],[-14,-39],[35,-38],[20,-63],[4,-114],[14,-42],[42,-65],[48,-36],[55,-71],[32,-75],[-15,-52],[-120,-74],[-81,4],[-18,-56],[62,-58]],[[25894,17473],[0,-1]],[[25894,17472],[-91,66],[-79,91],[-80,54],[-417,130],[-82,19]],[[25631,18865],[50,21],[81,-2],[-10,31],[90,18],[19,-58],[34,-45],[69,-3],[47,27],[70,77],[50,-5],[-28,45]],[[26103,18971],[77,-38],[34,53],[57,65],[-60,66],[-26,49],[34,18],[21,49],[23,12],[20,-53],[63,24],[11,-25],[66,-14],[112,31],[116,44],[-27,46],[24,58]],[[26648,19356],[69,-89],[19,-53],[31,-35],[17,-43],[-3,-51],[-25,-114],[5,-45],[-16,-73]],[[26745,18853],[-140,32],[-77,-6],[-69,-60],[28,-24],[1,-51],[-75,-27],[-91,-4],[-37,-19],[-56,-61],[-16,-61],[-59,-32],[-52,-11]],[[25840,19532],[23,-94],[-15,-16],[29,-47],[119,-267],[107,-137]],[[26362,19893],[44,-100]],[[26406,19793],[104,-178],[68,-88],[9,-34],[43,-55],[18,-82]],[[20967,18076],[23,-76],[33,-34],[223,-99],[106,-6],[35,-15]],[[21387,17846],[-54,-49],[69,-37],[-78,-158],[-39,19],[-17,-34],[-32,16],[-77,-158],[-40,-12],[-42,7],[-22,-45]],[[21055,17395],[-118,-30],[-14,38],[-39,0],[-62,-57],[-39,30]],[[21387,17846],[47,-37],[112,-56],[82,-83],[69,-57],[62,-68]],[[21759,17545],[130,-79],[66,-81]],[[21955,17385],[-62,-62],[-67,-41],[9,-31],[-26,-52],[-37,-102],[-47,-49],[-46,-29],[-37,-42],[-30,-63],[-52,-47]],[[21560,16867],[-12,-7]],[[21548,16860],[-46,58],[-37,89],[47,92],[-142,79],[-58,-36],[-46,19],[-57,1]],[[21209,17162],[-11,51],[-73,-26],[-3,20],[-67,188]],[[21209,17162],[-16,-48],[-75,-61],[-52,-68],[16,-54],[-21,-44],[-43,-20],[-61,-5],[-47,-17],[-103,58],[-24,25]],[[21548,16860],[-46,-24],[-35,-49],[9,-37],[68,-32],[43,-47],[71,-23],[53,-29],[-8,-62],[-97,-169]],[[21606,16388],[-99,32],[-72,-25],[-31,5]],[[21404,16400],[-48,61],[-41,17],[-97,79],[-533,136]],[[21560,16867],[46,-13],[41,-41],[-21,-42],[37,-29],[29,36],[51,-11],[5,-42],[108,-44],[9,-13],[72,-9],[90,-34],[75,-65],[70,-13],[210,94],[52,-112]],[[22434,16529],[-83,-140],[-7,-68],[-53,-96],[-7,-32]],[[22284,16193],[-110,36],[-82,70],[-49,8],[-77,-12],[-57,45]],[[21909,16340],[-79,37],[-187,-17],[-37,28]],[[21955,17385],[45,-64],[133,-141],[41,-33]],[[22174,17147],[53,-46],[47,-94],[81,-90],[13,-41],[3,-103],[54,-96]],[[22425,16677],[17,-118],[-8,-30]],[[21374,18177],[10,-44],[38,-44],[77,-24],[79,-81],[38,31],[9,-48],[30,6],[3,-58],[64,-41],[62,-58],[87,-52],[-20,-51],[-26,-5],[-66,-163]],[[21860,18215],[12,-14],[12,-95],[16,-39],[47,-51],[-16,-15],[103,-90],[174,-137],[174,-104],[65,-21]],[[22447,17649],[-19,-70]],[[22428,17579],[-86,20],[-56,-8],[-53,-37],[-67,-3],[-31,-13],[-49,-51],[-41,-64],[-90,-38]],[[22459,18211],[2,-52],[111,-144],[57,-108],[-11,-5],[89,-114],[-108,19],[-67,-21],[-73,-94],[-12,-43]],[[23342,17904],[-66,-66],[-64,-20],[-170,38],[-66,59],[-29,44],[-33,79],[-33,18],[-81,-5],[-99,11]],[[23212,17603],[-61,-150],[-58,-31],[-34,11],[-51,-35]],[[23008,17398],[-90,21],[-158,19],[-47,19],[-134,92],[-45,15],[-63,1],[-43,14]],[[23008,17398],[54,-20],[18,-46],[3,-72],[-18,-64],[-30,-5]],[[23035,17191],[-235,82],[-6,-24],[-66,-28],[28,-31],[-38,-80],[0,-32],[-88,-33],[-39,8],[0,61],[-58,14],[-57,79],[-51,4],[-59,-10],[-12,32],[-76,-27],[-37,15],[-10,-63],[-34,37],[-23,-48]],[[23671,17535],[-43,-128],[-42,-35],[-16,-63],[-71,-10],[-63,-74],[-76,-39],[-47,5],[0,-175],[-10,-62],[-32,-37],[-94,-20],[-32,-21],[-70,35]],[[23075,16911],[-22,41],[6,50],[27,21],[-23,89],[-28,79]],[[23075,16911],[-80,-117],[-13,-36],[-5,-81],[-51,-56],[-42,-99]],[[22884,16522],[-98,-63]],[[22786,16459],[-70,88],[-42,25],[-102,9],[-72,26],[-75,70]],[[23922,17418],[-76,-120],[6,-52],[-88,12],[-8,-54],[90,-124],[15,-46],[-31,-98],[-33,-73]],[[23797,16863],[-45,27],[-74,70],[-29,18],[-129,42],[-29,-126],[-18,-35],[-38,-26],[-69,-22],[-46,-29],[-71,-65],[-83,-42],[-27,-29],[-20,-48],[-31,-35],[-33,-14],[-87,-3],[-84,-24]],[[24232,17328],[-7,-120],[-33,-242],[-14,-61],[15,-64],[56,-135],[57,-113],[33,-136],[-5,-53],[-25,-59]],[[24309,16345],[-23,7],[-80,-77],[17,-63],[-48,-5],[-20,62],[-36,0],[-13,32],[-66,5],[9,31],[52,5],[23,28],[-100,3],[-34,62],[-58,-4],[-58,25],[27,38],[-18,34],[-56,11],[-31,42],[39,60],[-17,170],[-21,52]],[[24309,16345],[13,-97],[-11,-58],[-48,-88]],[[24263,16102],[-70,-16],[-58,-1]],[[24135,16085],[-116,-5],[-67,-17],[-33,-22],[-48,-8],[-77,-82],[-46,-24],[-26,40]],[[23722,15967],[-38,38],[-85,43],[-12,23],[-55,31],[-76,24],[-194,20],[-63,42],[-67,25],[-73,76],[-35,11],[-103,5],[-54,41],[-81,113]],[[24243,17332],[86,18],[89,2],[121,-12],[46,-45],[146,33],[49,46],[106,56]],[[24886,17430],[-35,-32],[-5,-66],[7,-44],[-31,-64],[-5,-41],[104,-102],[75,-5],[51,-12]],[[25047,17064],[-52,-82],[-9,-70],[-18,-52],[-25,-25],[-13,-47],[56,-73],[127,-65],[44,-44],[21,-65],[-3,-65],[18,-3],[13,-128],[-10,-101],[-47,-55],[-45,-88]],[[25104,16101],[-70,27],[-55,-37],[-135,-12],[-93,-43],[-82,3],[-47,31],[-26,-4]],[[24596,16066],[-49,-1],[-16,19],[-62,-9],[-83,75],[-66,-16],[-2,-40],[-55,8]],[[24942,17918],[-61,-102],[-10,-75],[-26,-48],[-4,-71],[45,-153],[0,-39]],[[25894,17472],[19,-67]],[[25913,17405],[-80,83],[-11,-21],[-58,-31],[-24,42],[-23,-21],[-41,-1],[-48,-45],[-71,15],[-63,40],[-37,-40],[-35,-10],[-47,-50],[-53,-16],[25,-41],[-4,-34],[-42,-38],[-40,-9],[-13,29],[-48,-5],[-108,-38],[-22,-37],[17,-52]],[[25087,17125],[-10,-39],[-30,-22]],[[25913,17405],[-8,-42],[61,-135],[62,-45],[64,-26],[141,-41],[83,18]],[[26316,17134],[-18,-82],[-71,-60],[6,-53],[-33,-22],[1,-43]],[[26201,16874],[-79,-53],[-51,-7],[-92,32],[-74,-19],[-30,6],[-29,33],[-47,-5],[-81,51],[-102,73],[-82,90],[-41,26],[-111,38],[-54,6],[-112,-49],[-44,27],[-85,2]],[[26201,16874],[4,-48],[20,-25],[41,-11],[11,-37],[66,-16],[37,-28],[-55,-61],[-67,-11],[-59,-27],[1,-86]],[[26200,16524],[-31,3],[-22,-43],[-50,-32],[3,-141],[-107,-39],[-71,-12],[-7,-33],[-59,-13],[-34,54],[-58,-6],[-11,-18],[-100,-30],[-28,-23],[-78,-21],[-30,23],[-86,-26],[35,-74],[-166,-191],[-66,-50]],[[25234,15852],[-25,44],[-12,48],[-38,81],[-55,76]],[[26200,16524],[48,-14],[68,-103],[2,-50],[69,-87],[-7,-49],[-69,29],[-70,-87],[-18,-40],[-6,-78],[-39,-55],[2,-37],[33,-33],[-1,-51],[-43,-40],[-52,-13],[-34,8],[-55,-14],[-40,-25],[-20,-42],[-38,8],[-22,36],[-28,7],[-58,-17],[-67,-82],[-59,-40],[23,-74],[81,-45],[40,-94],[-10,-17]],[[25830,15425],[-20,-69],[-66,-59]],[[25744,15297],[23,76],[-19,58],[-39,48],[-28,17],[-86,80],[-66,53],[-38,60],[-75,41],[-60,18],[-15,19],[-55,2],[-45,55],[-7,28]],[[25744,15297],[7,-79],[-80,-57],[-19,-42],[-81,-64],[-61,18],[-49,-4],[-27,-78],[-5,-48],[33,-71],[5,-61],[-8,-41],[-68,-50],[-54,-12],[-37,-49],[-56,-5],[-14,-76],[-51,-82],[-56,-30],[-91,-12],[-21,-27]],[[25011,14427],[-5,-65],[-72,-22],[-36,45],[5,79],[-65,79],[-50,45],[-67,31]],[[24721,14619],[18,105],[7,74],[-18,39],[20,38],[-3,53],[-48,78]],[[24697,15006],[14,58],[3,70],[21,4],[42,-31],[13,21],[45,-27],[25,67],[69,26],[18,122],[-18,104],[-31,87],[-4,93],[-20,54],[-78,46],[-58,56],[-123,258],[-19,52]],[[24697,15006],[-52,70],[-68,20],[-22,38],[-71,40]],[[24484,15174],[-36,22]],[[24448,15196],[-57,73],[-25,54],[46,100],[-32,50],[-5,41],[-24,10],[-27,62],[5,90],[-50,67],[-15,58],[6,66],[-12,37],[2,80],[-32,24],[-53,14],[-22,58],[-18,5]],[[24448,15196],[-87,68],[-110,30],[-35,-10],[-39,27],[-63,66],[-32,53],[-59,40],[-79,33]],[[23944,15503],[-27,28],[-18,50],[19,30],[-29,23],[-36,107],[-28,36],[2,29],[-38,77],[-50,12],[-21,20]],[[23718,15915],[4,52]],[[24721,14619],[-53,-44],[-5,-56],[11,-70],[-43,-23],[-56,0],[-42,16],[-74,-21],[-84,-8],[-69,-60],[-67,8],[-41,-12],[-29,14],[-160,40],[-50,52],[-58,-5],[-75,-27],[-76,58],[-92,46]],[[23658,14527],[30,128],[20,40],[-26,48],[22,9],[17,73],[-24,127],[52,50],[1,51],[-22,52],[-24,17],[27,56],[31,-7],[15,-37],[31,-3],[70,48],[33,-2],[42,-30],[58,-16],[66,-44],[33,-10],[102,2],[30,-29],[50,31],[3,38],[41,3],[77,65],[58,-29],[13,16]],[[23658,14527],[-64,12],[-17,-12],[-108,-1],[-49,10]],[[23420,14536],[-42,-9],[-42,54],[2,26],[-46,66],[-17,62],[5,65],[-30,32],[-22,60],[-6,73],[-58,19],[-82,48]],[[23082,15032],[81,58],[22,43],[14,81],[39,66],[37,123]],[[23275,15403],[34,9],[117,-62],[32,6],[38,-19],[90,-84],[33,23],[67,-7],[96,51],[37,30],[60,16],[4,38],[46,62],[15,37]],[[19079,16416],[221,18]],[[19300,16434],[38,17],[-1,-58],[42,-76],[-1,-40],[20,-164]],[[19398,16113],[-187,-17],[-4,42],[-102,-9]],[[19105,16129],[-26,287]],[[19398,16113],[10,-108]],[[19408,16005],[7,-77],[-16,-80],[-29,-46]],[[19370,15802],[-31,-40]],[[19339,15762],[-59,-13],[-81,69],[-30,55],[-46,129]],[[19123,16002],[-18,127]],[[19339,15762],[-7,-9]],[[19332,15753],[-56,-35],[-38,2],[-69,-64],[-22,-36],[-63,-179]],[[19084,15441],[-28,24],[-10,60],[-47,15],[-58,-2],[-62,50]],[[18879,15588],[-32,207],[-35,84],[12,42],[-14,47]],[[18810,15968],[109,16],[204,18]],[[18872,16472],[60,-37],[5,-33],[142,14]],[[18810,15968],[-27,35],[-40,7],[-52,49],[-26,44]],[[19060,16929],[7,-18],[9,-159],[-48,-121],[12,-49],[57,5],[-4,49],[143,12],[64,-214]],[[19418,16482],[84,-177],[137,-177]],[[19639,16128],[-149,-115],[-82,-8]],[[19639,16128],[342,-434]],[[19981,15694],[-42,-251]],[[19939,15443],[-84,35],[-177,35],[-28,13],[-230,200],[-50,76]],[[19332,15753],[-5,-35],[48,-99],[35,-30],[63,-111],[43,-106],[91,-325]],[[19607,15047],[4,-47],[-11,-70],[-139,-47],[-24,-85]],[[19437,14798],[-25,89],[-124,221],[-21,-20],[-110,-66],[-186,-27]],[[18971,14995],[-17,-3]],[[18954,14992],[-14,101],[109,247],[35,101]],[[19939,15443],[-78,-477],[25,-49]],[[19886,14917],[-43,-39],[-55,2],[19,55],[-38,50],[-71,19],[-58,2],[-2,38],[-31,3]],[[19886,14917],[28,-47],[-25,-116]],[[19889,14754],[-77,-64],[-10,-44],[49,-194]],[[19851,14452],[-41,-116]],[[19810,14336],[-296,244]],[[19514,14580],[-38,63],[-39,155]],[[19810,14336],[-4,-5]],[[19806,14331],[7,-21],[-172,-128],[-99,-62],[-77,-33],[-34,-39],[-101,-21],[-76,-29]],[[19254,13998],[-62,36],[50,137],[-35,21],[12,61],[37,69],[-1,115],[96,58],[10,32],[67,28],[49,5],[37,20]],[[19254,13998],[-12,-31],[-41,-29],[-48,4],[-46,-11],[-106,-79],[-62,-19],[-65,-37],[-70,77]],[[18804,13873],[26,15],[58,92],[-24,116],[33,97],[-12,73],[41,94],[2,27],[-39,57],[-2,38]],[[18887,14482],[62,16],[18,44],[12,71],[55,85],[3,56],[-32,99],[-34,142]],[[18804,13873],[-28,22],[-79,-38],[-8,-29],[-76,-42],[-13,-27],[-73,69],[-43,-11],[-13,-121],[2,-96],[-10,-88],[-35,-43],[-10,-36],[-49,-30],[-19,-32]],[[18350,13371],[-4,9]],[[18346,13380],[-46,88],[-18,114],[88,53],[-38,84],[-32,42],[-7,40],[-34,9],[-17,170]],[[18242,13980],[43,-9],[12,53],[54,-22],[6,160],[93,1],[60,-18],[39,78],[-47,76],[-48,153],[1,81]],[[18455,14533],[65,50],[166,38],[63,-40],[48,22],[46,-27],[33,-1],[26,-35],[-15,-58]],[[18433,15089],[34,6],[12,-83],[66,-24],[119,-27],[52,-3]],[[18716,14958],[238,34]],[[18455,14533],[-79,3],[-19,-13],[19,333]],[[18481,15657],[36,-9],[65,-63],[81,-32],[40,22],[123,-32]],[[18826,15543],[-60,-51],[-6,-32],[18,-87],[-26,-111],[-31,-41],[-52,-47],[-7,-32],[54,-184]],[[18879,15588],[-53,-45]],[[19609,16470],[59,-131],[65,-67]],[[19733,16272],[-8,-38],[-31,-26],[69,-86],[59,-41],[101,-127],[38,-67],[29,-18]],[[19990,15869],[7,-34],[-19,-49],[3,-92]],[[20494,16488],[7,-33],[-96,-11],[75,-201],[125,-150]],[[20605,16093],[-45,-28],[-35,-3],[-33,23],[-74,25],[-43,40],[-86,13],[-438,74],[-56,-24],[-62,59]],[[20605,16093],[27,-28],[69,-29],[72,-45],[38,-36],[68,-38]],[[20879,15917],[-4,-65],[25,-14],[-14,-51],[-34,-39],[-1,-102],[19,-26]],[[20870,15620],[-62,-73],[-33,-59],[-73,-46],[-45,7],[-233,155],[-95,76],[-205,136],[-86,26],[-48,27]],[[20663,16506],[7,-37],[154,-35],[112,-55],[118,-107],[91,-124]],[[21145,16148],[-24,-24],[-27,37],[-36,-62],[17,-8],[-160,-143],[-41,23],[5,-54]],[[21404,16400],[20,-26],[50,-112],[-128,-296]],[[21346,15966],[-105,112],[-96,70]],[[21346,15966],[53,-41],[169,-57],[107,-73]],[[21675,15795],[-25,-52],[55,-35],[52,-1],[47,-70],[-79,-111],[-16,-44],[62,-84],[4,-18]],[[21775,15380],[-23,-7],[-184,9],[-57,-30],[-33,20],[-74,-9],[-113,70],[-58,45],[-158,104],[-58,78],[-44,-15]],[[20973,15645],[-30,17],[-47,-11],[-26,-31]],[[22330,15540],[34,-32]],[[22364,15508],[0,-77],[26,-50],[67,-77],[7,-45],[-98,-185],[19,-68],[-4,-26]],[[22381,14980],[-33,-1]],[[22348,14979],[-47,-7],[-114,70],[-55,65],[-50,96],[-53,25],[-34,1],[-59,32],[-42,56]],[[21894,15317],[17,44],[65,16],[44,-32],[79,5],[45,48],[14,56],[135,-29],[-30,54],[67,61]],[[21675,15795],[183,-30],[63,2],[121,-19],[15,19],[66,-17]],[[22123,15750],[-9,-14],[70,-44],[26,12],[54,-79],[-23,-12],[33,-59],[28,9],[28,-23]],[[21894,15317],[-51,16],[-24,42],[-44,5]],[[21909,16340],[-27,-78],[-31,-44],[36,-64],[-12,-70],[71,-108],[63,-5],[50,26],[24,-123],[36,-44],[4,-80]],[[22284,16193],[0,-118],[129,-60],[12,-31],[58,-24],[56,-3],[31,11],[35,39],[47,2]],[[22652,16009],[-54,-258],[14,-52],[-35,-132],[-54,-46]],[[22523,15521],[-62,-22],[-1,-23],[-96,32]],[[22523,15521],[-25,-37],[199,81],[212,55],[46,-15],[32,-42],[14,-67],[-56,0],[44,-176],[31,-56],[10,-138],[-19,-89]],[[23011,15037],[-50,31]],[[22961,15068],[-41,3],[-32,-36],[-88,-24],[-55,13],[-26,-38],[-89,36],[-43,-18],[-47,37],[-45,-1],[-82,-55],[-32,-5]],[[23082,15032],[-37,15],[-34,-10]],[[22652,16009],[24,13],[14,-72],[64,-109],[111,-84],[79,22],[-16,46],[130,99],[-30,39],[78,61],[-8,14]],[[23098,16038],[68,14],[79,-47],[115,-90],[77,7],[62,-25]],[[23499,15897],[-44,-48],[-12,-30],[-28,-162],[-30,-43],[-12,-44],[-29,-43],[-87,-68],[18,-56]],[[22434,16529],[43,-3],[71,-35],[81,-61],[125,-42],[28,-69],[49,-68],[111,-124],[84,-81],[41,8],[31,-16]],[[23718,15915],[-149,-19],[-70,1]],[[16706,15194],[101,-82],[48,-56],[74,-137],[92,-113],[81,-79],[37,72]],[[17139,14799],[-10,-135],[-11,-22],[-128,-145],[-6,-27],[32,-63],[2,-61]],[[17018,14346],[-52,65],[-52,43],[-19,30],[-36,122],[-59,82],[-82,68],[-74,74],[-44,88],[-50,35]],[[16825,15379],[16,-12],[375,-324],[70,-76],[27,-52],[38,-19]],[[17351,14896],[-44,-18],[-112,-27]],[[17195,14851],[-29,-14],[-27,-38]],[[17364,15259],[-12,-43],[20,-277],[-21,-43]],[[17811,14821],[-56,-44],[-9,-61],[22,-37],[-3,-40],[-38,-10]],[[17727,14629],[-90,-21],[-77,29],[10,37],[-8,49],[-28,24],[-119,-11],[-220,115]],[[17727,14629],[3,-33],[-50,-95],[-28,1],[-57,-38],[-73,-10],[-49,-50]],[[17473,14404],[-18,-7],[-36,58],[-28,66],[-52,27],[-61,-69],[-60,-54],[-47,-20],[5,-21],[-79,-21],[-27,-34],[-34,-8]],[[17036,14321],[-18,25]],[[17473,14404],[161,-180],[63,-88],[69,-35],[24,-31]],[[17790,14070],[10,-135],[-45,-2],[-61,-83],[-8,-38],[-83,93],[-54,-46],[-47,53],[-33,-17],[-129,-28],[-24,-52]],[[17316,13815],[-5,29],[-179,207],[-57,196],[-39,74]],[[17848,14765],[114,-78],[46,-4],[8,-105],[-7,-141],[9,-118],[34,-80],[-10,-67],[63,-26],[-24,-41]],[[18081,14105],[-38,-63],[-14,-66],[-39,-57],[-24,14],[-64,-1],[-5,57],[-93,58],[-14,23]],[[18242,13980],[8,103],[-36,15],[-26,-46],[-107,53]],[[18346,13380],[-9,-29]],[[18337,13351],[-49,-19],[-31,-45],[-54,53],[-82,44],[-114,32],[-31,-13],[-29,30],[-27,-23],[-46,80],[-95,60],[-25,-13],[-59,11],[-25,31],[-39,17],[-69,54]],[[17562,13650],[-84,45],[-39,6],[-11,-50],[-43,38],[-68,98],[-1,28]],[[17562,13650],[-30,-57],[14,-44],[-38,-93],[-91,-120],[21,-22],[-44,-41]],[[17394,13273],[-38,31],[-79,26],[-119,84]],[[17158,13414],[-70,64],[-91,37],[-22,36],[-33,12],[-100,60]],[[16842,13623],[-37,128],[-18,266],[10,36]],[[16797,14053],[203,266],[18,27]],[[18337,13351],[8,-71],[-8,-47],[18,-14],[-3,-96],[-44,-19],[-43,-36],[-9,-28],[19,-73],[-27,-120],[-36,-26],[-22,-40],[17,-47]],[[18207,12734],[-11,-27],[-41,-25],[-64,6],[-46,-29],[-52,-5],[-60,-37]],[[17933,12617],[-26,84]],[[17907,12701],[-8,66],[11,83],[-40,68],[-33,29],[-63,12],[-380,314]],[[17907,12701],[-26,-9],[-26,53],[-70,14],[-30,-8],[-18,71],[-59,43],[-42,57],[6,27],[-261,-159],[-48,26],[-96,-8],[-57,19],[-45,-2],[-38,19]],[[17097,12844],[-9,86],[14,32],[-7,52],[16,85],[-26,11],[-4,97],[30,129],[-19,52],[66,26]],[[16433,13991],[-17,-95],[3,-61],[-29,-49],[-7,-66],[45,-52],[86,-224],[58,-89],[23,-52],[31,-131]],[[16626,13172],[-138,-114],[-85,-86],[-59,-70],[-58,-38]],[[16286,12864],[-91,170],[-22,32],[-103,114]],[[16070,13180],[-52,84],[-201,366]],[[15817,13630],[75,48],[107,99]],[[15999,13777],[128,41],[239,128],[67,45]],[[16842,13623],[12,-58],[-6,-114],[13,-92],[-50,-96],[-27,-27],[-158,-64]],[[16433,13991],[47,32]],[[16480,14023],[98,73],[26,10],[117,-27],[36,-25],[40,-1]],[[17097,12844],[-56,-83],[-123,-85],[-43,1],[-18,-28]],[[16857,12649],[-3,80],[-19,44],[-62,62],[-16,51],[-3,80],[-52,109],[-54,48],[-22,49]],[[16857,12649],[-43,-44],[-33,-10],[-92,2],[2,-38],[-23,-40],[-33,-6],[-31,-72]],[[16604,12441],[-24,13]],[[16580,12454],[-74,58],[-52,76],[-122,205],[-46,71]],[[17933,12617],[-27,-22],[-84,-40],[-47,-2],[-59,29],[-24,-42],[-50,-60],[-68,-110],[-219,-140],[-86,-29],[-208,-41]],[[17061,12160],[-23,108],[-19,32],[-66,37],[-175,37],[-88,29],[-86,38]],[[18207,12734],[80,-11],[4,-53],[27,-23],[-2,-86],[88,-53],[1,-42],[20,-45]],[[18425,12421],[30,-16],[32,-64],[69,30],[8,-59],[-8,-33]],[[18556,12279],[41,-27],[48,-56],[95,-9],[42,-35],[22,-73],[-40,-58],[-58,-50],[-131,-74],[-48,-17],[-61,4],[-94,-96],[-71,-64],[-127,-139],[-130,-78],[-197,-57],[-115,-39],[-38,-32]],[[17694,11379],[-24,8]],[[17670,11387],[-170,219],[-114,119],[-72,68]],[[17314,11793],[-153,146],[-57,96],[-43,125]],[[16070,13180],[-107,-79],[-48,105],[-48,10],[-71,-10],[-53,76],[-60,4],[-392,134],[-3,29]],[[15288,13449],[70,64],[13,50]],[[15371,13563],[76,298],[18,31],[56,29]],[[15521,13921],[36,-34],[114,-80],[53,-45],[49,-62],[44,-70]],[[16286,12864],[-56,-56],[-37,-130],[-49,-118],[-42,-169]],[[16102,12391],[-34,-135],[-137,1],[-43,-38],[-134,-59],[-164,-59],[-150,-36]],[[15440,12065],[12,41],[0,112],[-22,69],[-118,262],[-27,55],[-1,69],[46,148],[9,106],[-1,77],[-18,120],[-24,202],[-23,76],[15,47]],[[16102,12391],[40,-204],[-18,11],[-38,-70],[26,-119],[-75,-53],[-63,19],[-44,-55],[52,-48],[-31,-21],[23,-65],[-18,-21],[-7,-63],[127,-73],[-27,-30],[-56,-2]],[[15993,11597],[-53,-69],[2,-87],[-64,-15],[-128,-94],[-46,-21],[-26,12],[-29,-30],[-43,-12],[9,-85],[17,-36],[66,-69],[69,-32],[23,5],[21,-68],[-48,-46],[-101,-114],[-99,41],[-32,0],[-100,86],[-27,37],[-65,5],[-111,90]],[[15228,11095],[19,60],[2,61],[-8,218],[7,96]],[[15248,11530],[16,224],[19,68],[55,97],[102,146]],[[16580,12454],[-81,-278],[-94,-334],[-5,-57],[11,-173]],[[16411,11612],[-28,-46],[-58,33],[-26,-89],[-87,-14],[-43,16],[-94,1],[-82,84]],[[17314,11793],[-84,-100],[-59,-80],[-75,-143]],[[17096,11470],[-32,-20],[-120,-14],[-56,-40],[-100,-46],[-27,1],[-75,-93],[-34,-71],[-74,-52],[-52,37],[-23,75],[4,57],[23,76],[-41,102],[-71,67]],[[16418,11549],[-7,63]],[[16418,11549],[0,-69],[-11,-48],[-39,-76],[-364,-474]],[[16004,10882],[-58,-84],[-104,-241],[-53,-133],[-17,-88],[-4,-235]],[[15768,10101],[-63,72],[-97,16]],[[15608,10189],[-157,-2],[-99,-8],[-29,35],[45,37],[-21,38],[4,52],[-14,15],[22,43],[-8,47],[-21,33],[-55,51],[19,72],[-17,104],[-15,157],[-58,205]],[[15204,11068],[24,27]],[[16004,10882],[101,-118],[20,-40],[34,-24],[25,-88],[98,7],[52,-51],[40,-15],[31,-47]],[[16405,10506],[-22,-38],[-30,-5],[-19,-69],[-47,-45],[11,-15],[-50,-132],[-44,-67],[-15,-58],[-29,-42],[-26,-83],[14,-57],[44,-110],[25,-38]],[[16217,9747],[-67,-29],[-93,20],[-4,145],[6,58],[-76,-31],[-49,-1],[-130,77],[-37,12]],[[15767,9998],[1,103]],[[17096,11470],[-83,-163],[-52,-140],[-6,-77],[-51,-61],[-43,-86],[-47,-69],[-92,-102],[-57,-27],[-77,-65],[-57,-70]],[[16531,10610],[-126,-104]],[[17670,11387],[45,-172],[34,-91],[18,-76],[51,-333],[14,-109],[22,-77],[24,-45],[97,-121]],[[17975,10363],[-350,-118]],[[17625,10245],[-31,46],[-100,111],[-161,16],[-43,-1],[-55,25],[-67,70],[-75,8],[-33,14],[-54,48],[-137,-30],[-53,11],[-89,67],[-52,7],[-120,-33],[-24,6]],[[17625,10245],[-34,-12],[1,-146],[-13,-75],[0,-88],[-119,-20],[-55,-54],[7,-32],[-131,-4],[-19,-78],[-31,23],[-41,-31],[-62,-2],[-7,-46],[-56,-3],[-113,31],[-66,58],[-55,7],[-52,-10],[28,-82],[56,-100],[-14,-81],[37,-19],[59,-4],[4,-18],[-26,-80],[-47,-13],[-27,20],[-109,19],[-67,-69],[-28,43],[6,37],[-44,10],[-68,-25],[-61,3],[3,65],[27,42],[-33,38],[-126,-15],[-21,12],[-22,65],[-5,54],[-18,63],[-39,38],[-27,-19]],[[17975,10363],[408,-526],[144,-185],[50,-84],[21,-75],[-4,-237]],[[18594,9256],[-4,-353],[-9,-340],[-31,-180],[-13,-26],[-93,-86],[-151,-178],[-43,-78],[-12,-72],[3,-86],[-29,-64],[-4,-84]],[[18208,7709],[-116,-16],[-140,-41],[-92,-48],[-100,-64],[-92,-78],[-88,-85],[-58,-35],[-71,-18],[-137,17],[-92,36],[-65,50],[-67,17],[-103,4],[-111,-21],[-80,14],[-55,-30],[-14,-79],[-96,5],[-41,-17],[-66,-65],[-38,-9],[-60,15],[-89,98],[-13,97],[-49,123],[-10,78],[-11,180],[-11,47],[-53,167],[-100,217],[-34,124],[0,101],[58,224],[-3,104],[-98,294],[-52,148],[-110,332],[-74,215],[-11,84],[1,104]],[[15608,10189],[-5,-28],[-81,3],[-119,-26],[-43,-45],[-59,-88],[8,-29],[80,-17],[93,-44],[-64,-66],[1,-48],[-57,-69],[-7,-50],[-29,-2],[-40,35],[-63,19],[-45,-15],[-48,-47],[-50,30],[-88,-16],[-41,-62],[7,-37],[-45,-22],[-40,29],[-61,-11],[-34,15],[-67,-9],[-77,-61],[-42,55],[-6,50],[-67,20],[-55,-28],[-48,-6],[-45,32],[-18,-40],[-44,-39],[-48,-66],[-59,-34],[-71,-1],[-68,-42],[50,-71],[27,-103],[83,-124],[21,-89],[-39,-40],[-45,-121],[-4,-31],[-95,-120],[-12,-56],[10,-111],[-7,-89],[48,-86],[47,-14],[9,-24],[-18,-58],[-40,-36],[-37,-17],[-30,-44]],[[14031,8195],[-16,11],[-55,86],[-87,49],[-27,27]],[[13846,8368],[-58,57],[-22,-8],[-71,45],[-105,77],[-60,32],[-123,20],[-81,37],[-94,11],[-107,25],[-35,-21],[-53,23],[-102,24],[-26,65],[7,61],[32,46],[-1,57],[11,53],[36,3],[27,39],[74,36],[-12,58],[42,72],[45,57],[44,28],[21,36],[55,37],[26,31],[-32,53],[46,24],[16,44],[-46,6],[7,49],[-51,161],[9,78],[21,56],[34,53],[29,25],[59,22],[113,23],[38,15],[55,61],[74,105]],[[13688,10144],[67,42],[67,15],[65,65],[35,77],[26,122],[3,88]],[[13951,10553],[69,33],[36,49],[18,61],[0,154],[8,99],[15,49],[50,71],[55,30],[89,19],[144,-13],[110,-32],[72,-52],[82,-79],[36,-15],[61,2],[205,82],[168,39],[35,18]],[[18208,7709],[31,-178],[50,-254],[23,-51],[75,-64],[153,-76],[63,-56],[128,-79],[54,-45],[13,-37],[1,-69],[-16,-150],[10,-21],[20,-152],[15,-60],[-47,-85],[13,-35],[-30,-156],[-13,-28],[12,-58],[-2,-64],[39,-112],[16,-91],[20,-36],[-12,-47],[15,-97],[33,-37],[16,-69],[-5,-38],[19,-43]],[[18902,5421],[-864,-205],[3,49],[-19,90],[-83,197],[-44,63],[-71,71],[-43,56],[-69,134],[-25,63],[-8,75],[-1504,69],[-577,181],[-1112,351],[-253,94],[-96,33],[-69,-16],[-58,7],[-34,-40],[-28,-6],[-50,16],[-86,-2],[-40,45],[-45,15]],[[13727,6761],[5,369],[-39,41],[-41,67],[-29,30],[11,79],[-15,16],[23,75],[-15,78],[-19,21],[2,46],[46,20],[61,-21],[42,-35],[53,-20],[29,10],[104,6],[62,-9],[22,17],[76,19],[4,30],[37,66],[-12,39],[24,56],[2,36],[-21,46],[-71,-7],[-3,46],[61,47],[19,48],[15,95],[-19,42],[-110,81]],[[18902,5421],[128,30],[-78,-111],[-34,-28],[37,-69],[-4,-126],[45,-2],[49,-18],[2,-31],[-40,-71],[-4,-38],[30,-40],[1,-89],[-49,-51],[-1,-23],[32,-40],[10,-51],[-45,4],[-27,-16],[-8,-59],[-39,-14],[-10,-31],[-32,-12],[-63,29],[-15,-101],[14,-59],[32,-53],[51,-3],[26,-40],[53,6],[48,32],[49,-8],[37,-49],[-24,-67],[-28,-24],[11,-42],[41,-77],[-22,-36],[11,-35],[-9,-54],[-46,-12],[-29,-38],[-33,-9],[1,-31],[102,-83],[20,-5],[1,-96],[21,-29],[-71,-56],[16,-32],[-42,-12],[46,-115],[-38,-34],[-45,-12],[12,-30],[-37,-22],[-11,-43]],[[18944,3295],[-6,-64],[-35,-5],[-1,44],[-81,41],[-27,-28],[-42,11],[-65,-63],[-14,-38],[-77,-18],[-42,4],[-25,-40],[-86,-7],[-4,-27],[-83,-30],[-23,-28],[-89,-43],[-55,-36],[15,-33],[15,-97],[38,-56],[9,-33],[-2,-86],[7,-58],[34,-17],[54,-49],[36,-8],[-10,-38],[-58,-37],[-75,-14],[-20,-50],[-24,-21],[-63,22],[-58,-41],[-19,-63],[-27,-21],[-70,-1],[-36,-29],[-123,-40],[-74,-59],[-32,21],[-23,63],[-42,83],[-51,41],[-66,79],[-79,40],[-32,60],[-52,70],[-112,5],[-80,-6],[-123,-30],[-56,21],[-61,-31],[-147,75],[-49,63],[-28,73],[-29,30],[-68,-2],[-34,-51],[-31,-25],[-69,10],[-75,0],[-34,-29],[-31,-53],[-82,-52],[-83,-68],[-131,-46],[-35,21],[-57,11],[-57,-11],[-32,-50],[-35,-32],[-82,-17],[-23,-50],[-40,-27],[-87,13],[-79,40],[-32,55],[-106,-43],[-59,-3],[-130,-38],[-61,9],[-67,27],[-51,32],[-51,54],[-90,-19],[-74,19],[-25,-8],[-14,-38],[-38,-24],[-129,-12],[-5,-39],[-52,-36],[-38,24],[-90,-34],[-38,-50],[-57,-103],[-52,-56],[-49,-11],[-28,-39],[-20,-56],[-69,-8],[-48,29],[-50,-32],[-18,-48],[-28,-22],[-56,6],[-26,17],[-10,45],[-58,46],[-19,70],[27,29],[95,47],[86,67],[-1,94],[38,36],[20,63],[-1,51],[53,53],[10,53],[68,18],[5,51],[56,61],[4,47],[23,45],[43,50],[-29,22],[2,44],[54,12],[19,18],[27,64],[31,16],[3,76],[-19,24],[-91,1],[-31,57],[-57,59],[-49,27],[-34,71],[36,52],[-24,49],[-51,52],[-45,17],[-63,-25],[-47,37],[-31,-19],[-25,14],[-15,40],[-57,76],[-42,42],[30,90],[-23,29],[23,88],[-47,15],[-64,-3],[-67,35],[-35,4],[-49,47],[-35,19],[5,56],[-13,30],[-35,22],[-40,64],[-87,36],[-30,-4],[-43,-57],[-50,-18],[-54,18],[-49,81],[-23,20],[-108,56],[-36,5],[-105,-26],[-46,-3],[-28,19]],[[12752,4306],[-14,57],[12,63],[-34,69],[-10,62],[11,52],[-68,213],[-17,88]],[[12632,4910],[-2,63],[27,25],[-60,26],[22,65],[-22,66],[21,60],[-24,28],[9,102],[22,54],[40,38],[81,126],[6,52],[41,46],[23,44],[8,68],[-8,73],[26,12],[-40,45],[-28,-14],[-39,174]],[[12735,6063],[65,-29],[75,-4],[50,-44],[18,-51],[-2,-80],[26,-27],[34,-6],[85,22],[42,-23],[232,-33],[55,15],[292,38],[9,20],[11,900]],[[16550,14953],[-102,-152],[-165,-189],[-131,-220],[-47,-34]],[[16105,14358],[-134,-88],[-88,2],[-76,20]],[[15807,14292],[-189,28],[-307,9]],[[15311,14329],[16,72],[52,94],[238,276]],[[15617,14771],[155,177],[26,25],[82,50],[85,27],[64,30],[37,34],[37,53]],[[16480,14023],[1,48],[47,84],[-22,53],[-42,32],[-44,-23],[-63,-17],[-252,158]],[[15999,13777],[-38,84],[-34,26],[-26,79],[-94,326]],[[15521,13921],[-155,195],[-31,49],[-25,96],[1,68]],[[15266,14335],[-63,-8],[-24,-67],[-93,-129],[-24,-86],[-47,-63],[-147,-64],[-46,-31],[-43,-45],[-154,-75],[-58,-17],[-84,-11],[-52,27],[-44,-28],[-44,7],[-34,36]],[[14309,13781],[-1,47],[43,48],[-7,21],[85,166],[28,39],[16,76],[-68,18],[-111,-1]],[[14294,14195],[17,44],[48,38],[47,13],[62,-2],[93,34],[55,37],[34,41],[10,73]],[[14660,14473],[117,-47],[112,-8],[102,-31]],[[14991,14387],[210,-48],[65,-4]],[[15371,13563],[-90,-6],[-146,-19],[-61,-35],[-165,-56],[-94,-55],[-113,-48],[-88,-51],[-36,-44]],[[14578,13249],[-60,13],[-64,2],[-79,15],[-94,-13],[-4,35],[-48,137],[-53,29]],[[14176,13467],[18,62],[-8,71],[30,60],[39,29],[44,55],[10,37]],[[15266,14335],[45,-6]],[[15248,11530],[-199,27],[-79,27],[-54,28],[-82,71],[-121,189],[-50,71],[-38,36],[-93,51],[-96,24]],[[14436,12054],[104,216],[-17,8],[57,127],[-101,22],[-87,32],[-16,14]],[[14376,12473],[-21,47],[28,110],[110,96],[17,35],[-32,81],[-33,50],[48,54],[25,12],[65,69],[12,45],[-44,64],[27,113]],[[13951,10553],[-13,64],[-73,46],[-29,2],[-45,-27],[-48,-9],[-28,21],[-13,60],[-36,1],[-60,41],[-25,-39],[-23,-5],[-52,65],[-80,56],[-42,13],[-105,95],[-8,33],[15,62],[-54,16],[-38,26],[-97,28],[13,110],[-42,66],[-49,97],[-2,70],[28,39],[92,61],[45,105]],[[13182,11650],[-2,-78],[71,35],[34,27],[51,15],[73,7],[32,28],[26,49],[29,-27],[34,5],[38,29],[52,-50],[26,8],[65,76],[-11,10],[50,63],[47,39],[56,24],[104,77],[54,69],[82,58],[73,7],[69,-14],[53,-40],[148,-13]],[[13182,11650],[30,61],[-11,29],[26,46],[-17,27],[1,137],[-25,33],[21,83],[-14,28],[15,55]],[[13208,12149],[33,-16],[87,24],[27,53],[43,34],[72,-24],[13,65],[39,31],[-13,38],[28,21],[24,47],[67,71],[5,25],[-19,96],[13,45]],[[13627,12659],[134,-25],[241,3],[38,-30],[99,2],[50,-25],[73,-76],[114,-35]],[[13208,12149],[13,73],[26,46],[-13,60],[7,50],[-39,44],[-61,14],[-112,45],[-58,9],[-23,18],[32,35],[54,9]],[[13034,12552],[23,-2],[40,44],[35,3],[43,54],[36,-19],[59,11],[-16,40],[52,84],[-26,66],[-22,86],[72,4],[126,-67],[21,-28],[75,16]],[[13552,12844],[17,-13],[76,2],[23,-33],[20,-98]],[[13688,12702],[-61,-43]],[[13552,12844],[20,-6],[143,286],[-2,55],[38,64],[49,21]],[[13800,13264],[12,-57],[94,-62],[40,-71]],[[13946,13074],[-28,-17],[8,-80],[-15,-62],[-107,-132],[-63,-65],[-53,-16]],[[13946,13074],[28,3],[27,68],[139,203],[18,22],[18,97]],[[14176,13467],[-53,-10],[-112,5],[-54,32],[-90,37],[-39,1]],[[13828,13532],[12,34],[60,47],[56,121],[32,44],[-37,27]],[[13951,13805],[45,58],[35,14],[27,46]],[[14058,13923],[108,130],[47,30],[22,32],[52,42],[7,38]],[[13800,13264],[35,166],[-7,102]],[[13034,12552],[32,43],[-32,57],[-29,118],[-82,127],[0,37]],[[12923,12934],[17,67]],[[12940,13001],[14,-56],[76,42],[60,101],[19,57],[103,97],[105,17],[22,23],[31,100],[128,189],[20,57],[31,50],[45,43],[54,31],[27,30],[92,38],[106,-22],[78,7]],[[12940,13001],[43,79],[-13,87],[41,65],[8,58],[36,36],[59,128],[16,116],[-16,53],[32,52],[-1,66],[18,53],[-4,44]],[[13159,13838],[23,28],[-1,46],[47,160],[-16,83]],[[13212,14155],[24,14],[36,63],[30,11],[70,-34],[30,-40],[58,-32],[56,-7],[59,-29],[41,-1],[29,-22],[29,28],[-1,35],[67,-36],[44,-6],[50,-54],[83,-30]],[[13917,14015],[54,-20],[31,-38],[56,-34]],[[15920,16040],[-39,-66],[-4,-82]],[[15877,15892],[-32,-48],[-35,-1],[-108,150],[-85,33],[-45,-13],[-64,-100]],[[15508,15913],[3,29],[-17,109],[-23,34],[-23,100],[-73,126]],[[15375,16311],[108,44],[82,19],[179,86],[27,25],[38,63]],[[15809,16548],[64,47],[52,103]],[[15925,16698],[16,-13],[0,-55],[25,-124],[-8,-295],[13,-52],[-19,-69],[-32,-50]],[[16306,15930],[-139,13],[13,60],[-60,-24],[-10,-77],[-77,-17],[4,50],[-28,-3],[-49,33],[14,68],[-16,20],[-38,-13]],[[15925,16698],[24,52],[75,44],[94,6]],[[16103,15167],[-17,15],[-12,57],[-71,16],[-247,29],[-58,96]],[[15698,15380],[45,61],[-8,58],[14,64],[4,123],[17,86],[75,42],[32,78]],[[15698,15380],[-34,2],[-81,75],[-58,9],[-50,-24],[-214,19]],[[15261,15461],[65,105],[15,37],[8,72]],[[15349,15675],[-3,68],[18,43],[125,105],[19,22]],[[15617,14771],[-30,18],[-8,123],[-13,61],[-46,-6],[-96,62],[-59,-33],[-43,34],[-3,58],[-32,35],[-43,1],[-59,41],[-25,-40],[-74,7]],[[15086,15132],[11,49],[42,74],[10,90]],[[15149,15345],[35,52],[77,64]],[[14991,14387],[-14,68],[9,47],[-10,73],[-2,151],[32,166],[55,96],[25,144]],[[14660,14473],[21,24],[87,67],[53,76],[13,45],[-87,189]],[[14747,14874],[-180,394]],[[14567,15268],[37,7],[92,67],[103,-7],[49,6],[29,-19]],[[14877,15322],[97,-49],[35,1],[66,71],[74,0]],[[13917,14015],[-25,33],[-22,107],[138,115],[-13,12],[30,72],[17,73]],[[14042,14427],[49,14],[15,-18],[69,-3],[27,42],[119,51],[42,-24],[11,-24],[-6,-62],[62,-20],[-35,132],[-44,21],[-44,100],[6,69]],[[14313,14705],[23,5],[134,-24],[31,41],[56,27],[44,57],[33,-10],[40,24],[61,12],[12,37]],[[13212,14155],[-10,86]],[[13202,14241],[100,77],[27,92],[31,51]],[[13360,14461],[37,31],[36,5],[12,36],[73,35],[59,14],[107,68],[-2,46]],[[13682,14696],[110,-5],[88,14],[43,-23],[11,-70],[78,-71],[20,-36],[10,-78]],[[13682,14696],[1,3]],[[13683,14699],[35,96],[41,32],[73,30],[23,27],[98,44],[55,114],[63,60],[77,110]],[[14148,15212],[2,-17],[112,-99],[17,-65],[7,-74],[-77,-2],[-14,-24],[54,-80],[8,-49],[20,-6],[36,-91]],[[14148,15212],[51,35]],[[14199,15247],[32,98],[70,68],[57,27],[30,28],[46,-9],[47,35],[24,60]],[[14505,15554],[24,-147],[23,-105],[15,-34]],[[14877,15322],[-5,44],[-26,11],[-7,40],[48,18],[42,-7],[42,12],[19,26],[-14,46],[-65,56],[16,17],[65,23],[-33,63]],[[14959,15671],[55,14],[-15,35],[41,89],[49,-114],[29,0],[4,39],[67,14],[76,43],[45,-66],[-14,-41],[53,-9]],[[14505,15554],[7,79],[48,20],[24,48]],[[14584,15701],[56,146],[8,82],[15,36],[40,44],[70,36]],[[14773,16045],[25,-58],[-15,-39],[63,-43],[-25,-42],[31,-15],[-20,-32],[56,-28],[35,-45],[36,-72]],[[14773,16045],[36,18],[60,53],[104,61],[46,20]],[[15019,16197],[80,36],[53,84],[103,59],[46,41]],[[15301,16417],[41,35],[39,-45],[-6,-96]],[[14584,15701],[-38,12],[-14,45],[-25,31],[-27,0],[-80,39],[-51,34],[-47,9],[-34,41],[4,36],[-48,77]],[[14224,16025],[14,34],[47,30],[147,60],[-11,40],[-34,23],[-23,45],[23,57]],[[14387,16314],[173,-1],[57,12],[59,29],[65,11],[137,-6],[63,15],[78,-177]],[[14224,16025],[-85,-104],[-29,-18],[-82,-16],[-60,-41],[-45,-3],[-53,18],[-39,-3],[-35,-24],[-39,-78],[-59,-2],[-60,24],[-23,-27]],[[13615,15751],[-49,-37],[-95,14],[-43,-26],[-61,-16],[-46,-51],[-51,32],[-60,-1],[-45,-32]],[[13165,15634],[-59,35]],[[13106,15669],[30,-3],[92,33],[95,44],[22,-33],[45,41],[-16,63],[12,45],[164,91],[-65,77],[35,22],[-51,48],[40,44],[22,46],[31,18],[33,44],[43,5],[-51,54],[-23,99]],[[13564,16407],[216,24]],[[13780,16431],[66,2],[75,-8],[83,-48],[96,-23]],[[14100,16354],[106,-14],[129,-26]],[[14335,16314],[52,0]],[[13106,15669],[-23,15],[-63,4],[-28,-79],[-17,-20],[-64,-1],[-87,-37],[-100,-8]],[[12724,15543],[11,24],[-21,75],[18,38],[-8,28],[-45,50],[26,18],[8,42],[-25,38],[-1,50],[49,109],[-3,33],[26,47]],[[12759,16095],[78,-5],[72,12],[135,65],[309,193],[101,36],[110,11]],[[12759,16095],[12,63],[38,81],[-20,50],[-53,54],[31,57],[47,-4],[68,16],[31,39],[25,-25]],[[12938,16426],[65,6],[31,-22],[42,37],[47,3],[20,44],[62,34],[42,85],[39,13],[57,-4],[31,26],[21,51]],[[13395,16699],[20,24],[41,12],[77,-19]],[[13533,16716],[31,-56],[93,-77],[4,-34],[62,-65],[17,-29],[40,-24]],[[14603,16602],[-58,37],[-103,233],[-27,-23],[-88,87]],[[14327,16936],[25,29],[27,63],[44,40],[45,25],[94,25],[27,26],[46,121]],[[14635,17265],[35,14],[50,-7]],[[14720,17272],[16,-1]],[[14736,17271],[91,-142],[-56,-27],[55,-73],[-28,-22],[66,-86],[-30,-23],[69,-91],[77,-47]],[[14980,16760],[-58,-17],[-49,-46],[-87,-50],[-15,-35],[-53,-14],[-30,-29],[-60,32],[-25,1]],[[14100,16354],[-38,53],[-50,14],[-36,34],[-11,42],[9,58],[82,83],[53,80],[6,59],[24,77],[23,14],[120,39],[45,29]],[[14603,16602],[-31,-32],[6,-38],[-20,-22],[16,-36],[-2,-48],[-66,-23],[-23,-34],[-28,17],[-43,-5],[-19,-32],[-58,-35]],[[13533,16716],[73,90],[13,45],[32,-9],[176,32],[17,49],[19,123],[44,10],[50,64],[51,6],[18,-34],[49,11],[15,61],[32,16],[10,63],[33,38],[2,42],[67,66],[24,61],[5,45],[-21,64],[38,36]],[[14280,17595],[-12,23]],[[14268,17618],[18,-18],[79,-214],[36,-23],[95,34],[22,-6],[31,-53],[65,-46],[21,-27]],[[14268,17618],[-43,68],[0,120],[27,132],[-4,42],[-26,67],[21,105],[-7,32]],[[14236,18184],[65,11],[85,-374],[13,-37],[-2,-76],[30,17],[66,70],[79,-165],[91,-9],[70,-47],[20,-29],[41,-159],[-6,-33],[-68,-81]],[[15145,17621],[-32,-55],[-1,-74],[-30,-52],[-175,-105],[-82,-12],[-47,-38],[-42,-14]],[[14236,18184],[-6,67]],[[14230,18251],[10,19],[94,94],[23,63]],[[14357,18427],[55,-19],[86,-8]],[[15782,17274],[-15,-28],[13,-378],[-111,38],[-256,-115]],[[15413,16791],[-122,-55]],[[15291,16736],[-18,23],[76,36],[-12,95],[-48,29],[-57,16],[-93,-55],[-12,-41],[-31,16],[-51,-29],[-65,-66]],[[15809,16548],[-15,34],[-116,77],[-49,6],[-27,35],[7,61],[-48,-26],[-48,39],[-77,-34],[-23,51]],[[15301,16417],[-31,19],[-8,67],[-28,22],[11,32],[-31,80],[19,72],[58,27]],[[15504,22615],[184,31],[143,178],[32,90],[78,126],[41,-2],[62,80],[6,67],[56,21],[41,29],[27,50],[-3,84],[-29,64],[35,104],[50,14],[29,30],[-28,102],[-45,31],[0,35],[-83,1],[-16,-10],[-70,4],[-124,29],[-85,10],[-82,74],[-101,52],[-33,41],[-19,50],[-79,3],[19,86],[-16,98]],[[15494,24187],[109,15],[53,-14],[65,-58],[69,-30],[79,-50],[61,-94],[26,-21],[57,-5],[57,15],[69,-1],[58,36],[153,-99],[77,-87],[38,-2],[106,87],[29,-1],[51,-60],[71,-47],[47,23],[100,22],[88,45],[38,3],[55,26],[44,53]],[[17094,23943],[17,-9],[24,-128],[46,-101],[-8,-124],[40,-44],[78,-34],[72,26],[53,-12],[-6,-50],[20,-29],[2,-112],[-30,-30],[63,-72],[69,-11],[21,-68],[-18,-22],[-60,-18],[-34,-58],[10,-29],[85,-38],[-42,-50],[18,-47],[49,-7],[14,-41],[-53,-37],[-57,-62],[-26,-67],[-41,-61],[-14,-40],[-69,-70],[-36,-50],[-6,-52],[-27,-45],[-39,-111],[-83,-80],[-17,-57],[-1,-56]],[[14398,23118],[5,40],[-22,98],[9,199],[-20,123],[4,71],[44,94],[109,111],[-22,50],[11,47],[28,12],[46,65],[23,84],[25,26],[60,17]],[[14698,24155],[29,10],[50,53]],[[14777,24218],[38,12]],[[14815,24230],[36,-3],[65,-30],[255,-24],[104,-24],[78,-8],[101,9],[40,37]],[[14698,24155],[-102,39],[-163,54],[-257,70],[-202,-8],[-89,318]],[[13885,24628],[3,98],[42,67],[0,39],[37,54],[21,6]],[[13988,24892],[61,22],[179,80],[129,144],[124,47],[78,-64],[41,-78],[51,-25],[85,-184],[63,-124],[14,-51],[-7,-93],[10,-127],[34,-86],[-37,-31],[-11,-37],[-40,9],[-18,-46],[33,-30]],[[12219,25039],[59,-49],[17,-69],[52,-77],[24,-16],[60,4],[62,-24],[44,5],[75,45],[32,-2],[66,-68],[33,-15],[72,-4],[37,-47],[49,-24],[31,-30],[16,-76],[21,-21],[53,7],[63,-9],[41,-40],[46,-11],[31,20],[52,64],[68,-5],[29,-24],[6,-45],[74,-40],[26,-46],[34,-26],[53,-4],[37,-47],[60,-8],[38,30],[56,-11],[47,13],[57,71],[25,49],[-4,38],[24,81]],[[12241,22647],[-22,2392]],[[10663,22656],[37,29],[62,26],[44,101],[69,48],[-17,26],[2,88],[35,68],[17,58],[3,111],[14,31],[13,98],[34,28],[2,31],[-54,-5],[-59,8],[5,-64],[-13,-49],[-31,4],[-178,365],[145,18],[11,52],[-53,-2],[-444,8],[-38,-14],[-3,111],[-85,83],[-16,146],[-7,186],[2,77],[135,2],[68,11],[39,-17],[51,-47],[50,-64],[13,74],[22,47],[-4,39],[26,27],[114,2],[105,45],[55,15],[101,87],[54,22],[39,0],[85,-23],[8,52],[50,93],[5,64],[53,8],[65,-52],[24,-32],[25,-78],[52,-38],[56,59],[56,37],[23,92],[-10,107],[-40,-15],[-33,62],[-8,61],[23,33],[90,10],[16,-136],[23,70],[70,30],[33,28],[74,23],[-36,102],[-45,45],[-99,59],[160,177],[146,-179],[60,62],[35,25],[63,-25],[103,2]],[[12155,25289],[1,-33],[50,-75],[13,-87],[0,-55]],[[12231,21918],[-31,18],[-19,-24],[-55,-17],[-34,-33],[-57,-14],[-6,-56],[-24,-66],[1,-58],[-44,-20],[-69,41],[-24,60],[-43,51],[-66,3],[-52,48],[-27,48],[-31,5],[-23,55],[-132,-8],[-55,11],[-99,-6],[-57,-11],[-103,84],[-92,13],[-113,-26],[-45,33],[-38,69],[-123,52],[40,41],[6,70],[-43,-5],[-16,26],[24,65],[-6,39],[21,66],[38,35],[-27,34],[-29,3],[-25,29],[2,37],[-25,42],[-67,4]],[[10663,22656],[-27,50],[-75,17],[-52,26],[-6,29],[-31,13],[-37,-18],[-59,48],[-79,5],[-27,18],[-41,-30],[-1,-44],[-19,-40],[8,-30],[-91,31],[-39,4],[-44,-28],[-58,-4],[-30,-20],[-78,18],[-54,-11],[-15,20],[-52,-13],[-19,37],[-75,14],[-47,30],[-3,47],[-29,24],[-51,7],[-41,-28],[-75,82],[-11,32],[-71,-3],[-12,50],[65,47],[-17,24],[-1,75],[-22,-4],[-46,-57],[-39,-29],[-69,-27],[-102,11],[-55,33],[-37,-17],[-37,6],[-47,-18],[-21,15],[4,45],[-19,15]],[[8879,23108],[-7,76],[-59,76],[-26,85],[-6,50],[27,19],[53,6],[59,70],[131,-16],[84,-2],[88,60],[40,11],[69,61],[43,10],[53,46],[29,72],[37,17],[74,-43],[54,37],[17,53],[58,15],[23,18],[-14,64],[10,49],[-22,27],[29,70],[-22,61],[-37,13],[-40,47],[-120,36],[-22,52],[-56,39],[-51,-17],[-129,-96],[-103,-19],[-66,0],[-57,27],[-98,-4],[-49,-50],[-9,-46],[3,-55],[-12,-32],[-44,-16],[-59,-43],[-34,-47],[-26,10],[-16,44],[19,66],[-15,28],[-71,44],[-16,44],[-79,114],[-18,86],[17,52],[60,85],[10,36],[-4,59],[10,794]],[[8589,25351],[25,27],[2,36],[34,42],[-2,21],[42,41],[38,-4],[1,43],[17,38],[28,20],[12,48],[27,36],[82,2],[55,25],[95,64],[25,29],[55,-2],[69,-78],[30,-4],[26,53],[54,26],[79,-26],[79,11],[41,16],[35,-25],[29,22],[24,-18],[64,16],[29,29],[50,-1],[9,50],[33,36],[57,-3],[53,28],[27,29],[27,58],[159,58],[26,59],[24,12],[57,63],[-1,86],[34,46],[-4,44],[45,30],[98,34],[59,-44],[53,-27],[40,35],[-31,72],[8,37],[56,112],[52,36],[52,10],[74,-7],[23,31],[19,91],[43,26],[43,-53],[48,1],[66,39],[42,-21],[-14,-40],[26,-56],[107,-42],[100,-19],[38,-27],[80,-11],[81,6],[126,66],[28,-5],[35,-35],[90,-111],[36,-21]],[[11758,26511],[-2,-79],[-44,-69],[-84,-97],[6,-122],[17,-46],[4,-56],[16,-36],[41,-40],[101,-67],[27,-37],[-13,-45],[89,-84],[76,18],[62,1],[60,-30],[55,-48],[99,-41],[1,-60],[-33,-51],[-48,-25],[-41,-103],[37,-29],[-29,-76]],[[11758,26511],[76,25],[42,58],[-3,80],[-11,62],[27,45],[72,23],[137,-29],[144,4],[112,-26],[65,-53],[28,-7],[67,39],[12,72],[-25,42],[5,27],[47,36],[46,12],[63,44],[115,-12],[16,24],[-28,41],[9,21],[79,54],[8,38],[-12,59],[32,60],[0,51],[-20,45],[22,124],[-2,44],[62,14],[39,-13],[65,-38],[133,-63],[16,-20],[22,-72],[-2,-86],[41,-18],[97,22],[49,44]],[[13403,27284],[53,1],[60,-28],[49,-67],[36,-90],[29,-21],[32,-119],[5,-64],[17,-31],[76,-79],[71,-88],[74,-28],[52,-44],[17,-52]],[[13974,26574],[-520,-399],[12,-110],[44,2],[95,-614],[-162,-17],[-48,-27],[-5,-85],[-43,-64],[-48,-19],[262,-209],[53,55],[374,-195]],[[13974,26574],[67,28],[35,0]],[[14076,26602],[24,-113],[-13,-49],[58,-43],[31,-43],[76,14],[38,-13],[61,-74],[8,-57],[25,-47],[71,18],[60,-14],[-15,-50],[40,-30],[5,-27],[-37,-41],[640,-4]],[[15148,26029],[35,-61],[83,-72],[57,-81],[157,-122],[29,-34],[12,-84],[-18,-40],[-54,-55],[-25,-53],[-42,-177],[-90,-206],[-49,-58],[-80,-42]],[[15163,24944],[-74,-32],[-73,-82],[-37,-76],[-37,-101],[-35,-151],[-64,-198],[-28,-74]],[[15148,26029],[13,0]],[[15161,26029],[423,-5],[8,64],[40,36],[38,14],[38,82],[28,11],[35,57],[35,4],[29,-22],[46,1],[63,-26],[45,-1],[12,26],[56,2],[5,48],[61,30]],[[16123,26350],[298,-429],[17,-36],[242,-289],[25,-57],[-119,-99],[-61,-32],[-14,-45],[14,-76],[-32,-51]],[[16493,25236],[-11,-15],[6,-120],[-55,-23],[56,-23],[71,-41],[-25,-30],[-50,11],[3,32],[-29,22],[-59,7],[-45,-39],[-25,-5],[-87,48],[-88,-18],[-26,-17],[-59,13],[-50,28],[-36,-16],[-10,-82],[-24,11],[-52,-45],[-44,6],[-58,-11],[-39,83],[-198,0],[-34,-32],[-5,-43],[-60,-53],[-92,14],[-94,76],[-55,-50],[-56,20]],[[16493,25236],[50,10],[76,-5],[118,80],[47,-20],[26,-86],[-1,-114],[35,12],[27,-35],[67,-23],[84,1],[36,9],[83,-13],[38,36],[68,-47],[48,-10],[47,6],[87,34],[11,-21],[-42,-42],[50,-15]],[[17448,24993],[-32,-38],[-35,-80],[-12,-68]],[[17369,24807],[-30,-116],[-23,-119],[-52,-111],[-20,-131],[-71,-139],[-23,-69],[-13,-75],[-43,-104]],[[16123,26350],[72,30],[-3,35],[28,32],[90,-18],[55,10],[53,-29],[48,-5],[36,22],[35,101],[33,-14],[28,44],[35,30],[48,77],[-7,16]],[[16674,26681],[-24,18],[-86,10],[-22,26],[-9,81],[21,20],[72,11],[35,-31],[70,4],[33,35],[50,82],[11,44],[35,-12],[18,32],[35,-8],[92,19],[10,50],[76,14],[35,29],[102,33],[48,-3],[48,60],[54,13],[59,-23],[113,11],[73,-1],[49,11],[91,79],[47,54],[81,36],[123,42],[51,36],[29,42],[8,48]],[[18102,27543],[43,-14]],[[18145,27529],[3,-26],[-21,-63],[2,-100],[-31,-63],[-24,-3],[-62,25],[-56,-22],[-56,-89],[-3,-43],[-21,-43],[-69,-68],[-7,-26],[13,-66],[-56,-30],[-108,-31],[-41,6],[-65,-51],[-58,23],[-42,-7],[-50,-109],[9,-42],[46,-37],[39,5],[148,-40],[44,-107],[42,-21],[42,23],[53,-4],[28,-84],[4,-42],[-13,-67],[7,-68],[26,-30],[90,-56],[38,-31],[64,-29],[34,-27],[81,-121],[10,-49],[-43,-41],[-118,-62],[-58,-59],[2,-43],[-87,-21],[-9,-71],[17,-93],[-6,-64],[-56,-32],[-64,-23],[-79,-49],[-84,-2],[-157,-58],[-109,-36],[-24,-42],[15,-47],[74,-54],[52,-12],[34,-46],[-5,-34],[-32,-34]],[[13403,27284],[70,29],[13,33],[-16,43],[17,50],[68,62],[35,20],[34,42],[62,7],[39,-52],[143,-60],[26,-2],[51,22],[66,-10],[79,58],[44,11],[34,-12]],[[14168,27525],[14,-78],[26,-39],[48,-26],[41,-2],[68,29],[47,2],[41,-15],[46,-36],[17,-46],[-2,-111]],[[14514,27203],[-83,-44],[-33,-65],[-39,-16],[-92,13],[-60,93],[-74,20],[-5,-48],[-20,-30],[10,-108],[-33,-111],[41,-62],[11,-41],[-5,-48],[-49,-76],[-14,-43],[7,-35]],[[14514,27203],[7,-90],[35,-99],[55,-49],[103,-17],[34,-22],[30,-48],[11,-79],[7,-141],[19,-62],[32,4],[6,-61],[48,-95],[-12,-22],[34,-54],[33,8],[30,-26],[-9,-49],[22,-86],[49,-63],[73,-43],[40,-80]],[[14168,27525],[67,3],[0,47],[17,31],[41,20],[32,54],[47,-4],[75,-53],[62,25],[-10,37],[66,69],[45,10],[32,30],[115,1],[59,-21],[41,-36],[55,-25],[55,-9],[71,21],[52,-35]],[[15090,27690],[-8,-48],[102,-46],[32,-63],[39,-16],[-8,-27],[-45,-18],[-41,-73],[-40,0],[-8,-94],[63,-3],[41,-16],[-3,-48],[22,-33],[36,-2],[8,-41],[31,-23],[62,-18],[102,18],[2,54],[111,2],[-11,-26],[10,-44],[-17,-16],[-3,-66],[90,-25],[25,27],[95,23],[113,-28],[84,-50],[26,-75],[-36,-108],[-19,-100],[13,-25],[86,-6],[107,-41],[64,23],[36,1],[74,-47],[64,-14],[30,-21],[255,104]],[[15090,27690],[54,4],[43,17],[71,57],[39,66],[32,21],[69,-8],[83,-75],[57,-36],[21,-44],[81,-12],[74,3],[82,14],[47,-6],[74,44],[60,14],[34,-19],[41,17],[117,-37],[43,-28],[22,-54],[-54,-30],[13,-36],[39,6],[50,-10],[49,-68],[54,19],[39,50],[44,-1],[90,-55],[29,-3],[31,56],[56,-3],[54,-53],[122,-79],[81,-10],[53,118],[49,70],[81,-7],[35,-26],[22,-45],[60,-21],[70,13],[71,-21],[87,-8],[75,-18],[123,1],[47,23],[73,67],[76,22],[58,52],[47,17],[49,-26],[95,-79]],[[20102,23570],[7,38],[-43,-8],[-45,46],[50,80],[-1,109],[-22,32],[5,45],[-44,21],[6,76],[-92,33],[-114,-13],[-35,57],[4,42],[-63,28],[-36,-1],[-44,25],[-53,-48],[-127,-43],[-52,-31],[-122,-4],[-52,18],[-47,31],[-96,90],[-16,91],[4,75],[21,97],[-7,40],[59,124],[12,57],[23,26],[63,33],[79,77],[13,34],[-20,68],[-54,27],[-63,-35],[-54,-15],[-96,10],[-25,15],[-2,84],[-33,12],[-23,71]],[[18967,25084],[44,46],[41,16],[117,-20],[80,10],[116,70],[132,114],[-40,63],[51,62],[59,-37],[17,39],[44,-17],[82,34],[17,28],[58,45],[93,37],[3,72],[-47,-37],[-71,0],[-45,-53],[-32,-2],[-142,-58],[-50,10],[-24,-15],[-86,-5],[-32,14],[-12,58],[138,65],[46,-44],[111,82],[-26,60],[12,12],[-38,50],[40,15],[-25,43],[9,35],[58,11],[-39,131],[-18,38],[-72,8],[-5,39],[-51,-12],[-60,-27],[-15,53],[238,76],[-22,140],[9,37],[-24,21],[-24,48],[87,76]],[[19669,26515],[50,-46],[39,-62],[51,11],[37,53],[70,5],[34,-28],[21,-55],[41,-24],[77,6],[79,-31],[43,-81],[7,-33],[131,-59],[24,3],[4,46],[-44,17],[39,52],[63,107],[71,14],[71,-32],[9,-71],[44,-43],[155,-167],[91,-54],[57,-10],[20,-59],[-73,-112],[55,-38],[127,15],[29,-12],[23,27],[72,43],[39,37],[-60,98],[21,37],[78,59],[3,-25],[42,-39],[27,-82],[122,67],[-22,29],[-32,119],[247,38],[59,5],[46,21],[154,-91],[19,-170],[-99,-5],[-1,71],[-138,0],[-55,37],[-25,-26],[36,-27],[-3,-49],[-79,-26],[-6,-26],[61,-46],[36,-6],[50,-48],[-70,-53],[22,-31],[-22,-45],[-68,-83],[-5,-57],[-43,-47],[61,-32],[-13,-80],[49,-101],[-21,-31],[-49,-128],[-29,-5],[-68,-46],[-93,-100],[-121,-85],[-77,-87],[-44,-26],[58,-39],[15,-54],[-10,-81],[-31,-42],[-75,-62],[-5,-94],[-19,-31],[-17,-100],[-47,13],[-71,-3],[-46,12],[-2,-67],[47,-38],[41,-68]],[[17369,24807],[74,-3],[78,39],[43,-1],[42,27],[44,7],[95,-53],[76,-1],[59,-17],[46,25],[0,52],[35,65],[153,91],[71,22],[68,35],[64,13],[90,-15],[80,2],[48,-30],[29,-55],[62,1],[82,72],[97,21],[43,24],[50,-15],[24,-36],[45,7]],[[18145,27529],[38,0],[38,21],[45,-26],[68,-9],[33,-20],[117,97],[77,-29],[39,12],[19,82],[-20,80],[11,48],[-10,166],[32,121],[89,19],[45,51],[-25,55],[16,50],[26,128],[61,51],[17,58],[-33,76],[17,19],[169,51],[63,-16],[61,-49],[31,-64],[-1,-79],[18,-102],[23,-9],[46,18]],[[19255,28329],[84,-92],[25,-45],[38,-125],[22,-51],[116,-127],[3,-70],[-53,-66],[-5,-71],[30,-47],[294,-324],[22,-50],[-3,-85],[-56,-300],[-26,-128],[-19,-33],[-89,-104],[-4,-65],[35,-31]],[[19255,28329],[26,14],[75,-38],[72,-13],[95,-28],[82,3],[40,-8],[20,36],[52,37],[63,9],[62,48],[151,13],[115,-1],[83,-25],[140,-16],[45,-70],[121,-26],[34,23],[89,22],[52,-3],[59,-22],[57,-6],[51,-29],[29,-84],[80,-27],[55,-33],[55,-5],[105,36],[79,18],[146,-20],[85,-4],[71,-31],[55,-1],[90,90],[76,29],[88,17],[116,-37],[37,-21],[29,-104],[-22,-68],[56,-106],[-22,-92],[105,-7],[73,28],[136,23],[41,25],[29,-95],[40,-18],[36,-55],[80,-20],[61,-4],[1,-27],[32,-21],[48,2],[40,-21],[32,-77],[73,-44],[18,-64],[34,-41],[73,-57],[47,-55],[-6,-55],[120,-60],[37,-43],[11,-41],[41,-50],[1,-68],[42,-35],[63,-22],[17,-82],[1,-53],[17,-45],[32,-32],[36,-6],[35,45],[44,25],[59,4],[87,21],[14,41],[53,24],[9,89],[-46,87],[10,37],[66,51],[28,-5],[58,-64],[40,-20],[45,-6],[53,17],[60,61],[66,26],[28,-6],[27,-46],[68,2],[45,-12],[32,-26],[55,-15],[39,-52],[70,-57],[82,-122],[-97,-123],[-1,-37],[115,-70],[38,-34],[96,-59],[67,-78],[7,-23],[-14,-83],[53,-53],[20,-53],[-18,-133],[51,-81],[13,-43],[73,-79],[27,-78],[18,-86],[43,-44],[17,-56],[-4,-32]],[[25089,25540],[-17,-4],[-80,33],[-56,-32],[-13,-35],[24,-48],[-4,-24],[-39,-28],[-5,-35],[-32,-69],[-69,-3],[-36,-53],[-39,-99],[-28,-47],[-77,-35],[-17,-45],[37,-84],[32,-35]],[[24670,24897],[-75,-62],[-41,-15],[-54,-44],[-58,-33],[-19,-35],[9,-45],[-76,6],[-37,39],[-37,4],[-16,-24],[19,-47],[-39,-99],[-50,-48],[-60,-95],[5,-31],[62,-63],[45,-65],[21,-53],[-17,-78]],[[24252,24109],[-7,-18],[-93,38],[-138,-22],[-65,42],[-75,5],[-40,12],[-133,-36],[-94,17],[-74,-3],[-26,22],[-39,-21],[-15,-35],[-53,-15],[-72,-99],[-57,-18],[-49,28],[-29,2],[-55,-34],[-30,3],[-55,72],[-130,66],[-14,57],[10,76],[-18,116],[-37,33],[-43,-1],[-61,18],[-29,21],[-103,15],[-55,-66],[-71,-45],[-92,-21],[-57,3],[-87,-34],[-47,-68],[-67,-19],[-156,45],[-75,-13],[-73,3],[-43,-46],[-102,-82],[-39,-24],[-77,-28],[-62,-47],[-95,-24],[-56,-49]],[[21650,20305],[-62,-12],[7,-48],[82,-40],[16,-35]],[[21693,20170],[-42,-21],[-75,26],[-165,-87],[7,22]],[[21418,20110],[16,53],[-132,94],[-16,24],[-11,108]],[[21275,20389],[68,60],[-34,13],[-35,51],[-33,-23],[-20,38],[61,32],[-17,76],[-55,55],[95,33],[10,-35],[62,31],[-25,46],[68,48]],[[21420,20814],[14,-107],[12,-40],[90,-183],[5,-39],[44,-22],[62,-71],[3,-47]],[[21420,20814],[63,18],[118,-22]],[[21601,20810],[49,79],[41,-39],[113,18],[35,-22],[-2,69],[11,34],[38,30],[31,-30],[55,49]],[[21972,20998],[31,-68],[79,-82],[36,-65],[-15,-42],[104,20],[-22,-37],[16,-88],[59,-6],[-22,-107]],[[22238,20523],[25,-40],[-112,-35],[-61,22],[-47,-42],[-17,85],[-26,-27],[-33,-6],[28,-134],[-60,-21],[-151,-23],[-11,-76],[-33,5],[6,46],[-33,3],[-32,-20],[-37,2],[6,43]],[[22887,20034],[14,48],[7,112],[-14,125],[-9,146],[-80,76],[-10,29]],[[22795,20570],[-26,67],[7,54]],[[22776,20691],[51,3],[90,52],[23,39],[4,63],[35,33],[69,39],[57,13]],[[23105,20933],[21,-48],[62,27],[115,-59],[22,-54]],[[23325,20799],[188,-322],[43,56],[-23,29],[52,88],[65,-37],[-36,-91],[31,-67],[10,-68],[23,-40],[65,-81],[30,-58],[8,-92],[-53,-196],[30,-29],[14,-41]],[[21808,19803],[-79,209],[-24,86],[-12,72]],[[22238,20523],[105,42],[-23,14],[32,51],[-2,78],[94,19],[142,49],[16,-41],[45,-69],[-39,-22],[-40,-52],[36,-95],[191,73]],[[20558,19937],[36,14],[80,-41],[40,37],[124,-26],[-30,-148],[70,-17],[26,65],[40,-9],[27,102]],[[20971,19914],[16,21],[62,-126],[58,-30],[34,12],[50,115],[63,16],[18,-34],[59,35],[29,115],[-29,11],[13,48],[50,19],[24,-6]],[[20971,19914],[-15,11],[-28,107],[22,82],[49,130],[-10,51],[32,54],[-19,26],[19,41]],[[21021,20416],[65,-3],[123,-39],[10,31],[56,-16]],[[20261,20675],[195,84],[73,-20],[27,13],[76,-78],[38,12],[1,-55],[50,-34],[50,7]],[[20771,20604],[-2,-73],[87,-46],[165,-69]],[[20399,21252],[18,-55],[39,5],[36,23],[115,17],[14,49],[88,15],[4,-17],[78,27],[36,24],[0,27],[35,42],[-21,26],[5,68],[65,-1],[65,12],[56,-32]],[[21032,21482],[-8,-29],[34,-49],[-69,-45],[-30,-55],[-21,-92],[27,-47],[46,-110],[-31,-24],[-39,-100],[31,-14],[-26,-39],[-22,-102],[61,-9],[-1,-31],[-26,-30],[-35,-70],[-71,-17],[-37,2],[-44,-17]],[[21032,21482],[53,44],[60,27],[73,0],[39,41],[57,18],[-7,48],[41,44],[46,-50]],[[21394,21654],[47,-101],[4,-76],[25,-19],[5,-41],[33,-67],[5,-81],[-35,-46],[-28,-64],[-7,-53],[40,-68],[118,-228]],[[21394,21654],[19,2],[14,89],[-12,46]],[[21415,21791],[33,33],[16,-45],[21,-1],[62,54],[32,-56],[22,12],[70,-34],[76,48],[-31,52],[59,-4],[46,-40],[5,-60],[16,-29],[-10,-39],[109,35],[27,1],[74,47],[68,30]],[[22110,21795],[-16,-39],[-72,-69],[-31,-41],[-10,-79],[-63,-171]],[[21918,21396],[-4,-35],[29,-50],[16,-116],[-23,-44],[38,-58],[-2,-95]],[[21918,21396],[104,-40],[37,-33],[41,-55],[36,15],[50,43],[67,-12],[383,-92]],[[22636,21222],[15,-87],[97,-245],[23,-20],[19,-107],[-14,-72]],[[22110,21795],[105,43],[101,87],[-1,23],[110,42],[32,-4],[47,36],[67,104],[52,-1],[20,20],[39,-6],[2,56],[98,42],[22,-75],[58,-38],[12,-35],[-63,-134],[-7,-43]],[[22804,21912],[-58,-53],[-31,-63],[-18,-165],[-35,-240],[-26,-104],[0,-65]],[[22804,21912],[84,59]],[[22888,21971],[353,104],[68,13],[48,-9],[69,-40],[20,-28],[133,-20],[67,-16],[94,21],[77,-55],[43,-57],[58,10],[91,82],[106,76]],[[24115,22052],[32,-54],[145,74],[168,-303],[-236,-129],[-53,-33],[-10,-36],[-37,9],[-42,-17],[-44,9],[-84,-5],[-48,-18],[-64,-4],[-62,-64],[-68,9],[-116,-46],[-57,-33],[-20,-31],[-52,-171],[-46,-80],[-10,-48],[-23,-34],[-262,-109],[-21,-5]],[[24115,22052],[101,44],[56,15]],[[24272,22111],[52,12],[83,-13],[50,15],[177,70],[58,10],[101,-19]],[[24793,22186],[-7,-9],[55,-243],[12,-88],[-101,-45],[-5,-15],[58,-171],[0,-16],[130,-6],[-2,-70]],[[24933,21523],[-186,-84]],[[24747,21439],[-1062,-481],[-360,-159]],[[24793,22186],[42,-27],[103,-146],[299,-90],[198,-67],[-13,119],[-16,81],[-1,153],[-14,96],[14,111],[97,191],[-11,33]],[[25491,22640],[88,39],[75,-43],[19,15],[61,-51],[60,-22],[24,9],[68,-17],[69,14],[4,14],[75,39],[9,31],[68,-6],[27,14],[50,71],[28,110],[72,-20],[81,-35],[74,-2]],[[26443,22800],[-30,-18],[-26,-152],[17,-58],[58,-62],[-14,-65],[19,-42],[97,-137],[19,-124]],[[26583,22142],[1,-15]],[[26584,22127],[-84,-27],[-249,-69],[-443,-130],[-217,-80],[-84,-41],[-345,-152],[-229,-105]],[[24944,20193],[-19,119],[78,59],[28,32],[38,76],[2,35],[-93,144],[-61,128],[3,183],[-112,151],[25,140],[-73,110],[-13,69]],[[26584,22127],[13,-54],[24,-7],[38,-61],[1,-24],[58,-79],[-17,-17],[15,-94],[-12,-64],[26,-74],[53,-35],[58,-59],[98,-116],[57,-34]],[[26996,21409],[-37,-40],[-44,43],[-20,35],[-46,32],[-59,-12],[-44,-67],[-41,4],[-62,57],[-19,61],[-44,7],[-24,35],[-29,-14],[-83,33],[-12,-23],[-59,-4],[-54,-37],[-96,32],[-16,-38],[-42,-34],[-78,-28],[-34,-59],[20,-38],[31,-18],[56,-7],[16,-42],[23,-103],[-2,-22],[-42,-34],[-40,-3],[-81,16],[-15,-35],[6,-46],[-16,-30],[-44,-16],[-92,8],[-13,49],[-35,27],[-45,11],[-19,-16],[1,-43],[26,-35],[46,-111],[64,-53],[17,-31],[-25,-91],[10,-34],[31,-26],[-12,-70],[35,-82],[54,-74],[13,-55]],[[26021,20388],[19,-86],[-12,-49],[78,-65],[-22,-37],[15,-19]],[[20503,22233],[57,-39],[12,-28],[-3,-55],[-30,-27],[66,-11],[100,-41],[62,45],[16,40],[91,-16],[51,31]],[[20925,22132],[425,-35],[5,21],[169,-84],[-15,-36],[43,-90],[-26,-21],[-40,24],[-53,-47],[-18,-73]],[[20925,22132],[27,83],[29,9],[18,37],[117,71],[10,82],[28,63],[73,64],[87,-28],[41,40],[61,-28],[59,42],[-8,67],[25,52],[66,55],[-6,49],[38,34],[129,214],[136,5],[161,-50],[84,10],[193,-76],[55,-37],[54,-12],[65,11],[140,8],[9,60],[25,30],[62,-15],[11,71],[-11,18],[-70,4],[-14,11],[-7,73],[118,128],[92,16],[63,120],[-2,45],[24,37],[43,9],[61,29],[52,-15],[183,19],[25,-18],[-11,-35],[33,-41],[83,-42],[37,-94],[24,-10],[42,23],[36,-4]],[[23515,23316],[3,-26],[-77,-216],[-68,-39],[-76,-23],[-87,-49],[-45,11],[-25,-18],[-76,21],[-48,-30],[-4,-169],[49,-80],[-14,-56],[-54,-76],[-1,-23],[152,22],[-15,-92],[-20,-78],[-112,-3],[-21,-27],[3,-73],[-17,-38],[-55,-54],[-16,-45],[2,-54],[-37,-71],[32,-59]],[[24252,24109],[-5,-69],[-86,-92]],[[24161,23948],[-32,-44],[-53,-6],[-26,-35],[-18,-56],[-7,-100],[-116,-141],[25,-35],[-108,-55],[5,64],[-42,-21],[-50,-51],[18,-24],[-55,-22],[-60,-62],[-127,-44]],[[24161,23948],[45,-32],[58,-5],[55,29],[85,-21],[-34,-46],[11,-117],[-29,-50],[3,-31],[-50,-117],[-11,-51],[49,-82],[73,-49],[10,-34],[49,-1],[49,19],[30,-12]],[[24554,23348],[-24,-94],[-147,-113],[-43,-62],[-21,-47],[-50,-149],[-19,-39],[-90,-98],[-22,-80],[13,-74],[-3,-88],[-32,-67],[-74,-61],[-22,-38],[115,-101],[-24,-27],[72,-67],[71,-5],[18,-27]],[[24554,23348],[45,-47],[25,-97],[72,-72],[7,-29],[-65,-79],[54,-76],[8,-51],[52,-129],[52,-3],[50,-60],[22,-46],[91,27],[51,85],[34,124],[71,75],[30,17],[23,56],[85,71],[70,-102],[69,-156],[35,-95],[13,-82],[43,-39]],[[24670,24897],[134,-38],[181,-84],[87,-88],[128,-71],[33,-8],[159,-87],[224,-77],[21,-115],[43,-18],[1,-37],[28,-28],[3,-47],[31,-61],[69,-41],[13,-26],[56,-56],[12,3],[44,-127],[2,-175],[22,-50],[23,-111],[37,-107],[50,-97],[79,-7],[99,4],[57,39],[79,25],[93,14],[39,28],[76,0],[25,12]],[[26618,23466],[10,-58],[-35,-71],[24,-44],[-18,-70],[-49,-37],[-12,-26],[75,-55],[0,-63],[36,-40],[17,-50],[7,-72],[-100,-27],[-130,-53]],[[25089,25540],[42,41],[28,62],[76,108],[12,62],[20,24],[61,39],[20,74],[-57,54],[18,47],[73,29],[42,6],[69,-24],[48,16],[48,49],[-17,107],[46,-1],[33,16],[9,31],[-8,105],[15,82],[64,50],[58,62],[46,-2],[92,-40],[56,-14],[74,13],[28,15],[25,64],[55,46],[9,72],[54,74],[38,39],[85,-22],[93,17],[130,87],[76,23],[69,-6],[45,43],[50,-6]],[[26814,26982],[57,-65],[11,-38],[-21,-43],[28,-151],[29,-41],[54,-39],[18,-33],[65,-66],[12,-49],[-52,-50],[-12,-40],[7,-52],[32,-79],[34,-30],[15,-35],[-20,-63],[-7,-100],[-57,-55],[-21,-42],[21,-81],[54,-32],[33,-46],[-14,-85],[-3,-63],[-45,-44],[-27,-45],[3,-36],[38,-117],[78,-96],[12,-68],[21,-26],[63,-32],[30,-33],[160,-13],[129,22],[75,0],[70,-13],[25,-24],[-1,-109],[-17,-60]],[[27691,24910],[-56,0],[-53,-18],[-17,-64],[-27,-32],[6,-38],[-27,-36],[8,-34],[-71,-19],[10,-56],[-36,-15],[5,-47],[-33,-18],[-47,-75],[-42,-14],[-35,-41],[-62,-16],[2,-56],[-46,-17],[-56,-2],[-97,-103],[8,-66],[-69,-70],[-55,-21],[-46,14],[-3,-46],[-53,-63],[-49,-35],[-38,-6],[-82,-41],[-20,-51],[-46,-29],[-8,-91],[74,-161],[-12,-77]],[[27691,24910],[59,8],[-10,43],[20,55],[103,43],[61,12],[44,24],[2,39],[52,0],[49,20],[36,-19],[13,46],[102,14],[29,25],[6,36],[83,23],[118,67],[-15,-47],[5,-37],[35,2],[67,38],[5,28],[117,13],[12,20],[45,-16],[11,-35],[113,-38],[25,-28],[-8,-25],[29,-69],[62,-62],[-46,-63],[36,-25],[-4,-46],[79,-5],[27,-33],[103,-69],[-11,-43],[-89,-38],[1,-105],[27,-41],[4,-42],[27,-54],[-11,-58]],[[29104,24468],[-56,10],[-36,21],[-94,-91],[-71,-96],[-44,-2],[-32,-40],[-8,-42],[-80,-57],[-75,13],[40,-146],[5,-65],[-106,-121],[-32,-52],[-13,-92],[24,-66],[5,-62],[-64,-4],[-5,-45],[-62,-61],[-13,-46],[-68,19],[-46,72],[-49,51],[-39,-11],[-13,-35],[-45,-43],[-83,-2],[-3,-30],[-95,5],[-2,40],[-107,3],[-91,-15],[4,-38],[-37,-4],[26,-60],[15,-180],[-57,-20],[-40,19],[-76,17],[83,-173],[76,-133],[10,-125],[-439,-157],[15,-68],[-30,-7],[-43,16],[-131,12],[-101,-51],[-143,-133],[-45,-56],[-24,-95],[-83,-55],[-143,-45]],[[29104,24468],[-13,-109],[20,-38],[-37,-74],[6,-92],[-9,-86],[-31,-47],[13,-147],[-16,-38],[-5,-110],[40,-55],[579,-594]],[[29651,23078],[-348,-163],[-51,-28],[-165,-104],[-85,-29],[-74,-7],[-118,-51],[-72,-23],[-285,-57],[-156,-22],[47,-57],[36,-76],[-14,-52],[-98,-60],[-32,-50],[51,-43],[1,-22],[59,-91],[41,-51]],[[28388,22092],[-23,-59],[-40,-32],[-10,-101],[-19,-32],[-76,-14],[-77,-43],[-81,24],[-26,34],[-78,-31],[-278,62],[-72,-8],[-30,-15],[-26,39],[-82,28],[-75,34],[-37,-1],[-63,23],[-110,-31],[-63,-61],[-15,-70],[5,-38],[-16,-36],[-68,-69],[-15,-31],[12,-60],[3,-108],[-32,-87]],[[29651,23078],[71,-16],[19,-44],[58,-55],[49,-67],[83,-81],[39,-17],[120,-104],[33,-16],[50,3],[13,-70],[31,-57],[26,-85],[80,49],[27,5],[40,-43],[101,24],[23,-14]],[[30514,22490],[-56,-52],[-43,-71],[39,-59],[12,-118],[-46,-27],[-21,-30],[-143,-49],[3,-70],[-21,-23],[-50,-1],[17,-49],[-78,-24],[-4,-83],[-36,-57],[-108,-31],[-37,-43],[-54,-18],[-27,-28],[-77,12]],[[29784,21669],[-74,26],[-17,-37],[-9,-89],[-49,10],[-25,-40],[-32,-6],[-60,12],[-25,-28],[-54,-1],[-93,-34],[-132,22],[-77,79],[-49,20],[-9,42],[-24,20],[-70,-44],[-49,8]],[[28936,21629],[-22,62],[-38,58],[-82,29],[-26,22],[-11,43],[-181,29],[-44,-8],[-38,28],[-16,128],[10,32],[-15,57],[-56,18],[-29,-35]],[[33374,24647],[4,-12]],[[33378,24635],[-171,-106],[-13,-35],[46,-64],[-39,-97],[-64,-40],[-13,-56],[-44,-31],[-2,-61],[-15,-23],[-55,-12],[-54,18],[-68,-25],[-90,2],[-49,13],[-81,49],[-30,3],[-45,-33],[-48,-7],[-116,-77],[-39,-105],[-19,-24],[-50,-12],[-43,29],[-41,-9],[-65,-48],[-123,-44],[-91,-59],[-29,-59]],[[31927,23722],[-95,177],[-28,70],[30,28],[-1,42],[16,52],[-67,52],[-178,-37],[14,235],[-100,119],[-47,40],[1,55],[-326,2],[-22,15],[-86,23],[-35,-5],[11,68],[-40,28],[-32,-2],[-35,32],[-65,-22],[-30,35],[-39,-8],[-164,-10],[-43,56],[-3,97],[-37,22],[24,33],[63,42],[105,26],[80,13],[90,56],[32,40],[-8,77],[-116,17],[-5,28],[-63,-4],[-48,59],[94,12],[-23,90],[44,100],[-22,50],[6,41],[-18,26],[5,40],[-15,76],[-18,20],[47,156],[19,14],[16,73],[81,-77],[53,-93],[18,-48],[29,17],[32,58],[1,32],[25,58],[-11,115],[47,109],[36,58],[34,34],[136,79],[4,19],[-12,110],[14,24],[2,65],[-12,22],[50,29],[17,-66],[63,3],[63,150],[121,54],[5,-114],[21,-39],[17,-126],[11,-39],[46,-48],[34,7],[8,-50],[-4,-77],[-21,-70],[2,-125],[-23,-18],[38,-116],[11,-100],[66,-110],[39,-79],[91,-24],[76,-7],[45,-61],[51,-5],[74,68],[42,71],[47,62],[46,106],[62,72],[66,8],[57,59],[88,32],[44,-21],[27,4],[4,-67],[13,-53],[37,-45],[17,-42],[-13,-39],[39,-30],[121,-191],[45,32],[24,-59],[-5,-118],[18,-97],[22,-38],[-13,-56],[-38,-66],[-37,-11],[-118,-75],[-30,-70],[8,-49],[-31,-44],[-13,-60],[58,-58],[2,-59],[28,-102],[-10,-42],[60,-14],[56,-109],[160,60],[175,101],[123,65]],[[26814,26982],[39,20],[157,15],[29,34],[-48,15],[-25,24],[-1,82],[-12,25],[59,74],[64,23],[64,-2],[-2,78],[15,27],[54,43],[56,90],[27,74],[34,43],[-4,62],[23,19],[79,2],[33,22],[91,11],[42,-6],[92,30],[121,121],[108,21],[8,53],[71,115],[33,34],[36,13],[60,49],[32,50],[63,46],[81,72],[47,61],[42,90],[22,25],[69,28],[19,22],[16,84],[60,58],[-7,95],[66,90],[8,55],[41,99],[-15,72],[-44,19],[-45,59],[-5,54],[-32,70],[73,63],[3,25],[-43,72],[-1,25],[39,52],[66,24],[85,-5],[43,-27],[96,64],[63,-14],[27,37],[108,64],[90,32],[124,76],[18,39],[47,181],[55,28],[65,-10],[49,-33],[78,-9],[65,-68],[44,-24],[43,1],[26,-56],[30,-35],[37,-11],[78,32],[32,41],[49,15],[28,56],[84,0],[59,21],[69,-33],[63,-14],[42,-43],[59,-20],[36,36],[79,32],[65,38],[41,-7],[66,-34],[60,2],[33,-14],[49,25],[60,-3],[28,-15],[49,-83],[62,20],[70,1],[33,-26],[25,-82],[45,-119],[24,-25],[100,-23],[81,-9],[34,-75],[18,-15],[84,-16],[140,-127],[53,-20],[16,-20],[10,-58],[67,-65],[52,31],[51,7],[128,-22],[29,-47],[44,-25],[-18,-119],[-1,-135],[21,-39],[73,-19],[87,-57],[34,-87],[54,-32],[51,6],[44,19],[51,-13],[29,-55],[37,-23],[76,-14],[53,-67],[79,-62],[50,5],[61,34],[69,-31],[75,-60],[54,-89],[91,17],[70,-34],[66,-9],[118,21],[38,-29],[-4,-38],[-33,-83],[-31,-45],[-41,-3],[-31,-27],[-1,-85],[-24,-76],[59,-88],[11,-74],[-31,-83],[17,-56],[42,-7],[93,-57],[41,-1],[73,17],[50,-4],[12,-24],[-22,-49],[-40,-17],[-27,-57],[-40,-25],[6,-62],[-13,-24],[-79,-39],[-4,-22],[49,-43],[4,-58],[-6,-107],[34,-68],[26,-17],[41,3],[80,42],[38,-8],[20,-77],[22,-26],[60,-19],[71,-76],[27,-50],[-19,-42],[7,-94],[73,-83],[64,-15],[53,-1],[69,13],[130,8],[33,-21],[33,-60],[39,-18],[51,35],[35,58],[38,32],[17,37],[116,10],[50,-13],[31,-48],[8,-56],[-29,-37],[9,-79],[-52,-68],[-4,-89],[42,-94],[94,-41],[16,-38],[51,0],[58,-32],[127,-10],[72,-92],[-25,-57],[-1,-47]],[[35157,25803],[-44,-43],[-84,-38],[-41,16],[-79,9],[-45,-7],[-63,25],[-66,-128],[-39,-15],[-264,-198],[-61,-67],[-26,2],[-37,-33],[-22,7],[-51,-28],[-32,19],[-71,-58],[-5,-61],[-37,-10],[-47,-40],[-29,1],[-68,-58],[-32,13],[-60,-80],[-68,-18],[-14,-42],[-92,-76],[-29,8],[-19,-36],[-79,-28],[29,-20],[-31,-38],[-48,-8],[-30,-30],[-54,-6],[-45,-90]],[[31927,23722],[-27,-19],[-16,-49],[-119,-70],[-71,-13],[-32,-25],[6,-32],[-20,-27],[10,-32],[-38,-6],[-67,10],[-39,-32],[-21,-79],[-39,-28],[-15,-67],[-24,-35],[-8,-54],[-28,-9],[-127,87],[-48,16],[-34,-15],[5,-51],[-36,-17],[-47,-64],[-36,-26],[-38,-82],[-42,-24],[-48,9],[-25,-16],[-59,21],[-34,-43],[-83,-10],[-16,-30],[20,-33],[-12,-38],[33,-65],[-36,-73],[20,-27],[-58,-63],[-55,-35],[31,-35],[34,-12],[-17,-37],[-39,-28],[-33,-42],[-39,-5],[-46,73]],[[25894,17473],[44,-58],[46,-29],[41,-4],[227,43],[37,43],[19,89],[62,73],[25,51],[51,55],[127,54],[321,253],[154,100]],[[27048,18143],[53,-100],[30,-262],[-61,-93]],[[27070,17688],[-31,-91],[24,-25],[-14,-35],[3,-51],[55,-73],[10,-34],[53,-54],[-26,-63],[-81,-120],[-8,-31],[-46,-66],[10,-29],[112,8],[38,-57],[-8,-44],[13,-36],[57,-56],[39,-75]],[[27270,16756],[-34,-12],[-65,0],[-64,-92]],[[27107,16652],[-20,33],[-21,70],[-84,4],[-53,21],[-56,-39],[-84,16],[-107,-42],[-30,15],[7,30],[-35,30],[4,56],[-31,38],[-80,47],[-108,101],[-46,53],[-21,42],[-26,7]],[[27107,16652],[10,-38],[-38,-89],[10,-37],[-37,-14],[-88,-1],[-79,-40],[-44,-76],[13,-80],[-88,-108],[-35,-93],[-5,-71],[-23,-20],[-34,-76],[-36,-125],[-40,-113],[-25,-25],[-34,-92],[-61,-46],[-87,-32],[-25,-67],[-79,-38],[-18,-51],[-36,-53],[-26,-17]],[[26202,15250],[-16,-4]],[[26186,15246],[-27,48],[1,36],[-144,71],[-21,30],[-77,-11],[-88,5]],[[26745,18853],[7,-1]],[[26752,18852],[-23,-50],[7,-100],[-11,-49],[-32,-41],[-22,-72],[0,-66],[27,-77],[39,-60],[76,-6],[40,-13],[67,-100],[29,-27],[52,-9],[47,-39]],[[27070,17688],[71,-30],[108,195],[93,50],[25,-36],[80,-69],[166,47],[4,-11],[85,-21]],[[27702,17813],[-32,-15],[-29,-87],[-47,-4],[-54,-60],[-1,-147],[-28,-73],[-23,-37],[20,-91],[-8,-70],[8,-35],[-18,-84],[-34,-13],[-24,-70],[-31,-38],[-16,-41],[-42,-31],[-35,-102],[-42,-42],[4,-17]],[[26752,18852],[208,132],[92,42],[96,77],[48,-43],[43,-52],[127,-10],[224,22],[70,18],[25,16],[218,19]],[[27903,19073],[-6,-26],[23,-49],[28,-19],[17,-75],[34,35],[31,-13],[-8,-41],[47,-12],[-34,-43],[-31,-67],[48,-37],[-74,-22],[-40,-38],[-10,-55],[-27,-35],[44,-64],[-5,-46],[-37,-122]],[[27903,18344],[26,-68],[-43,-54],[-26,-49],[1,-43],[-18,-52],[10,-109],[-14,-34],[-88,-63],[-49,-59]],[[26406,19793],[75,-1],[59,-36],[110,-5],[76,-38],[93,50],[129,61],[79,3],[64,28],[70,54],[31,35],[32,68],[50,31],[75,-43],[55,-7],[48,46],[-2,72]],[[27450,20111],[53,-19],[-7,-43],[15,-75],[46,-29],[71,-12],[32,36],[56,-17],[29,28],[33,-11],[33,21],[34,-44],[52,28],[19,-27],[-29,-42],[5,-40],[34,-11],[-37,-85],[-2,-52],[-23,-72]],[[27864,19645],[-81,-148],[-32,-18],[21,-34],[-48,-28],[38,-61],[-56,-83],[78,-30],[31,39],[27,-46],[29,29],[20,-29],[-8,-49],[29,-37],[-9,-77]],[[26021,20388],[106,32],[72,15],[149,16],[171,-5],[113,-18],[212,-49],[128,-14],[95,10],[81,19],[107,46],[56,36],[125,106],[423,385],[88,64],[97,43],[143,34]],[[28187,21108],[3,-26],[39,-37],[36,-4],[67,-63],[20,-34],[-46,-169],[14,-62],[30,-47],[-12,-117],[-15,5],[-18,-113],[-49,5],[-8,-96],[-41,-20],[10,-36],[-17,-59],[-28,-33],[11,-52],[-77,-31],[-25,17],[-83,22],[-111,66],[-10,-29],[-66,-47],[-53,-15],[-20,68],[-61,2],[-54,15],[-47,-30],[-67,4],[-58,-24],[-1,-57]],[[28936,21629],[2,-74],[-59,-50],[-34,-42],[-28,-101],[-56,-60],[-41,-75],[-533,-119]],[[29784,21669],[3,-49],[-29,-97],[-2,-64],[-45,-50],[14,-63],[-24,-21],[16,-47],[-4,-56]],[[29713,21222],[-27,-86],[-51,-31],[40,-62],[-21,-33],[4,-49],[-84,-64],[-32,-42],[-11,-45],[-22,-19],[1,-41],[-59,-37],[-55,-6],[-31,-35],[-49,4],[-49,-37],[26,-57],[-6,-93],[5,-66],[43,-107],[40,-23],[41,-115],[-1,-43],[25,-45],[-5,-77],[14,-104],[-43,-23],[-82,13],[-38,-13],[-36,-57],[-64,-47],[-15,-42],[26,-85],[32,-34]],[[29229,19621],[-38,-33],[-159,-116],[-82,-11],[-3,-21],[-50,-46],[-28,21],[-30,-17],[-38,10],[-20,27],[-51,-22],[-56,48],[-17,51],[-59,11],[-43,29],[-28,-24],[-85,-11],[-227,32],[-81,39],[-55,6],[-133,62],[-82,-11]],[[29229,19621],[48,29],[50,-8],[29,13],[36,39],[80,9],[52,19],[70,-1],[40,30],[52,20],[67,11],[76,-27],[34,11],[93,-104],[1,-138],[30,-67],[3,-66],[-14,-75],[-26,-63],[-40,-54],[-68,-60],[-12,-38],[35,-155],[-7,-74],[-37,-41],[66,-37],[39,-135],[2,-64],[53,-60],[38,-30],[34,-65],[-80,-263]],[[29973,18177],[20,-115],[-50,-32],[-27,35],[-31,-53],[-30,18],[-24,-57],[-9,-64],[-36,-2],[-17,-56]],[[29769,17851],[-51,6],[-295,-16],[-22,243],[-185,-21],[-362,-48],[-81,4],[-316,119],[-177,65],[-294,113],[-83,28]],[[29769,17851],[-1,-103],[-31,-19],[-151,-4],[-82,11],[-38,-26],[-19,-94],[11,-113],[-4,-31],[22,-31],[41,-1],[2,-58],[-49,-29],[-31,-54],[35,-50],[-30,-25],[-119,-208]],[[29325,17016],[-47,-58],[-119,-71],[-7,-22],[34,-41],[-8,-58],[17,-56],[-24,-20],[16,-92],[-12,-80],[21,-69],[19,-135],[-54,-170],[0,-79],[-32,-59],[-22,-91],[-48,-61],[-11,-62],[-51,-98],[4,-80],[-31,-91],[-51,-53]],[[28919,15470],[-45,22],[-6,40],[27,27],[7,34],[-25,72],[-58,24],[-65,12],[-47,32],[-68,87],[-15,33],[-2,93],[6,122],[10,46],[0,136],[-57,55],[-4,28],[-37,2],[-40,-74],[-61,-16],[-21,28],[9,29],[-8,84],[-66,151],[-38,60],[-26,19],[26,81],[-20,31],[-67,-4],[-44,-32],[-116,-52],[-197,22],[-69,26],[-66,4],[-99,75],[-44,146],[-81,-104],[-57,-46],[-75,-24],[-68,-40],[-64,-56],[-27,-40],[-114,49]],[[29325,17016],[36,-36],[1,-60],[76,-74]],[[29438,16846],[26,-55],[31,-158],[23,-56],[42,-69],[171,-205],[134,-185],[83,-233],[15,-58],[-38,-91],[34,-101],[40,-33],[10,-61],[29,-9],[66,-61],[44,-24],[-32,-72],[-39,-35],[-23,-44],[9,-101],[-11,-24],[6,-71],[-37,-64],[-23,-58],[10,-21],[-36,-89],[26,-38],[-15,-61],[62,-9],[39,-57],[49,-23],[17,-70],[-12,-40],[50,-47],[12,-87],[-23,-12],[15,-83],[20,-24],[-5,-38],[40,-34],[17,-65],[29,-62],[-9,-77],[-51,-24],[1,-32],[-43,-58],[43,-63],[-10,-41],[-43,-19],[-14,-32],[18,-25],[-10,-60],[1,-66],[-21,-8],[7,-46],[47,-30],[-26,-68],[-79,-7],[-12,-68],[3,-45],[-64,-52],[-55,-71],[2,-26],[-33,-33],[-6,-51],[-53,-97],[46,-48],[-25,-46],[-70,-65],[-35,-8],[-25,-34],[-47,0],[-64,-40],[-34,2],[-76,-31],[-24,-33],[-73,-44],[-27,-30],[-72,-20],[-66,-78],[-126,-58],[-68,-60],[-68,-34],[-27,-36],[-60,-38],[-25,-46],[42,-81],[42,-125],[-7,-40],[-41,-108],[46,-59],[3,-61],[-47,-60],[-21,-97],[-60,-67],[-59,-26],[-25,-28],[-1,-54],[-83,-68],[-74,-52],[-2,-54],[-36,-81],[-44,-23],[-46,-75],[-59,-61],[-65,-22],[-58,-34],[-35,-43],[-68,-33],[-67,1]],[[28155,10921],[19,30],[40,17],[53,52],[52,78],[-17,78],[-45,32],[-50,-6],[-62,26],[-67,76],[-16,76],[-102,89]],[[27960,11469],[46,24],[-20,85],[39,34],[-16,49],[-1,52],[15,41],[-13,31],[13,45],[-10,54],[-29,68],[37,37],[-12,61],[18,34],[44,37],[-3,107],[30,70],[-39,45],[-55,18],[-56,-8],[-7,-31],[11,-98],[-37,-70],[-39,-19]],[[27876,12135],[-7,97],[-42,73],[3,83],[20,105],[-6,63],[-37,54],[-19,50],[-68,58],[-54,139],[14,48],[-15,42],[-2,75],[23,40],[-57,131],[-29,38],[-71,47],[-45,41],[-43,17],[-74,89],[-27,13],[-43,55],[-4,40]],[[27293,13533],[28,57],[46,53],[31,22],[11,47],[87,79],[59,31],[90,93],[38,75],[33,7],[27,50],[54,30],[57,61],[23,47],[-24,59],[8,31],[37,30],[50,105],[63,100],[32,35],[28,54],[44,56],[30,-3],[23,41],[43,-8],[34,29],[57,25],[74,131],[93,58],[19,26],[55,11],[26,-14],[42,20],[36,-6],[77,68],[-7,32],[7,89],[-23,35],[13,50],[37,29],[-10,35],[62,47],[13,51],[42,12],[61,57]],[[27293,13533],[-50,51],[-70,36],[-114,69],[-8,51],[-51,47],[3,20]],[[27003,13807],[36,44],[-3,83],[10,40],[64,124],[-15,60],[54,24],[5,59],[-34,56],[1,28],[28,38],[1,41],[-31,60],[-35,45],[-38,29],[-58,-41],[-68,-16],[-20,-34],[-56,-31],[-75,-9],[-35,-33],[-55,-22],[-115,-8],[-80,64],[-38,58],[-6,43],[-75,112],[-14,76],[2,72],[-30,79],[-10,52],[-93,188],[0,62],[-18,100]],[[32407,18683],[15,-96],[51,7],[3,-177],[68,-15],[73,-83],[83,-22],[-12,-41],[41,-11],[-14,-52],[146,-78],[70,-50],[32,1],[50,-25],[74,-78],[12,-141],[50,-48],[66,-46],[-114,-82],[-15,-39],[-74,-18],[-71,-44],[-24,-44],[-67,-56],[5,-49],[-47,-29],[-45,30],[-8,-38],[-80,-36],[-15,-38],[-40,3],[-85,-68],[-65,-16],[-11,-56],[-42,-63],[-56,-61],[-118,-103]],[[32243,16921],[53,235],[-28,142],[-169,210],[14,35],[-51,59],[-49,111],[-4,66],[-19,49],[-121,50],[-51,66],[-63,44],[-84,-18],[-85,35],[-64,2],[-27,15],[-28,61],[19,38]],[[31486,18121],[132,102],[281,204],[138,81],[370,175]],[[31486,18121],[12,21],[-24,42],[2,64],[-33,87],[-26,49],[-79,86]],[[31338,18470],[19,30],[-19,55],[-16,85],[12,50],[-8,30],[42,29],[42,94],[39,112],[39,85],[-1,41]],[[31487,19081],[32,2],[106,-37],[30,-35],[39,-12],[63,5],[38,-14],[43,-85],[28,-34],[21,42],[43,30],[58,7],[25,20],[47,75],[23,76],[51,49],[44,-6],[138,21],[64,92],[62,0],[39,95],[17,154],[60,7],[94,-44],[105,-93],[165,-114]],[[32922,19282],[-93,-78],[-7,-50],[-57,-59],[10,-70],[60,-60],[-2,-71],[17,-32],[50,-37],[73,-11],[1,44],[35,-10],[33,16],[1,64],[47,-32],[-31,-58]],[[33059,18838],[-82,-44],[-59,-20],[-145,22],[-50,-3],[-142,-35],[-75,-24],[-99,-51]],[[33059,18838],[17,-44],[37,-31],[36,-65],[-1,-34],[20,-85],[49,-2],[45,-28],[26,-49],[-35,-87],[25,-7],[14,-56],[22,-33],[-6,-66],[31,-35],[59,-16],[33,14],[49,-102],[81,17],[40,-19],[30,10],[31,-29],[57,-96],[-48,-43],[30,-45],[-37,-19],[-20,-44],[8,-68],[18,-30],[61,-60],[16,18],[56,13],[42,-7],[51,15],[44,-9],[-10,-36],[50,-11],[71,26],[72,-2],[70,-36]],[[34193,17657],[35,-97],[16,-126],[-29,-106],[10,-47],[-39,-46],[-86,6],[-172,-23],[1,-34],[-22,-62],[-67,-92],[-8,-101],[-47,-83],[-79,-66],[-6,-16],[-76,-63],[-45,-50],[-78,-110],[-65,-4],[-84,-44],[-130,53],[-99,-7],[-12,-35],[-64,-53],[-27,-62],[119,-95],[25,-34],[64,-53],[70,-80],[36,-21],[-7,-43],[-48,-29],[-18,-92],[-29,-19],[-99,-9],[-49,-85],[-34,-43],[-127,-32],[-51,3],[-27,34],[-39,154],[-52,69],[-73,-8],[22,88],[-58,108],[-59,1],[-49,16],[-51,65],[13,70],[-18,67],[-62,37],[-109,39],[-54,-28],[-25,11],[-36,88]],[[32195,16568],[41,211],[7,142]],[[32195,16568],[-178,115],[-82,-6],[-14,-48],[-36,8],[-21,28],[-191,-22],[-2,-64],[-62,0],[0,67],[-79,-8],[-99,-223],[-39,48],[4,34],[-73,7],[-38,21],[-32,-16]],[[31253,16509],[-40,23],[-11,75],[-37,18],[-70,124],[-6,64],[32,89],[65,53],[9,82],[-15,11],[34,74],[-34,43],[-12,47],[-28,16],[-19,46],[-60,11],[-41,38],[-58,24],[-10,30],[-53,12],[-20,38],[-57,43],[-18,44],[-57,57],[7,65],[-9,29],[-51,65],[-31,19],[-48,53],[-11,36],[-63,47],[-54,-13],[-51,1],[-29,16],[-32,72],[-1,40],[56,56]],[[30430,18057],[86,36],[27,29],[3,50],[39,24],[-13,56],[31,4],[40,66],[49,-2],[21,58],[53,0],[-10,-71],[45,31],[45,-17],[42,37],[25,46],[33,28],[46,8],[19,-19],[-30,-40],[58,-21],[64,31],[47,-21],[33,7],[25,-42],[27,33],[87,40],[-22,64],[38,-2]],[[29973,18177],[20,32],[54,27],[80,-22],[19,-28],[55,-2],[14,41],[62,-30],[26,-40],[25,31],[26,-24],[-23,-30],[1,-37],[-24,-38],[39,-25],[83,25]],[[31253,16509],[-143,-149],[3,-69],[-39,-77],[-34,-36],[-84,-18],[-55,-144],[-30,-9],[-58,68],[-52,99],[-83,74],[-44,14],[-106,54],[-98,31],[-28,39],[-78,75],[-46,21],[1,107],[-193,62],[-397,171],[-251,24]],[[29713,21222],[117,-18],[73,12],[313,74],[209,-158],[82,-53],[15,-34],[38,-177],[49,-406],[13,-165],[33,-101],[37,-63],[65,-56],[150,-87],[-2,-71],[103,-31],[-5,-31],[24,-46],[-28,-52],[31,-57],[-40,-91],[24,-39],[126,-5],[21,-42],[-10,-55],[57,-54],[1,-35],[26,-38],[-1,-32],[-35,-37],[-6,-79],[50,-47],[67,-7],[37,-18],[54,-53],[86,11]],[[33378,24635],[25,-75],[-5,-277],[30,-86],[32,-148],[-34,-94],[91,-135],[-7,-62],[-34,-20],[-62,-97],[8,-35],[-29,-67],[10,-39],[-30,-88],[-35,-41],[30,-86],[-35,-73],[-24,-21],[7,-34],[-33,-74],[29,-31],[-8,-24],[38,-43],[113,-90],[47,-83],[112,-120],[12,-29],[49,-45],[15,-70],[24,-32],[-32,-56],[12,-49],[119,-95],[37,-36],[-14,-39],[27,-51],[3,-51],[-45,-38],[-79,-29],[-37,-25],[-11,-30],[-56,-59],[-60,-26],[-25,-39],[-57,-16],[-20,-26],[-20,-77],[50,-48],[51,-64],[49,-16],[61,-67],[80,-49],[197,-227],[120,53],[56,63],[72,-35],[59,17],[77,57],[39,-12],[95,22],[64,3],[63,-24],[96,-63],[66,-13],[31,-42],[10,-53],[-11,-62],[49,-97],[27,-17],[103,-36],[33,-24],[10,-102],[17,-48],[-16,-62],[22,-37],[70,47],[34,-2],[40,-46],[37,-7],[101,42],[65,35],[61,-8],[58,28],[34,32],[67,-21],[90,8]],[[35683,20899],[-16,-81],[-38,-73],[-175,-147],[-95,-27],[-92,-16],[-78,-2],[-81,20],[-125,48],[-126,-40],[-39,-75],[-48,-46],[-380,-100],[-39,-33],[-62,-74],[-63,-42],[-49,-10],[13,-43],[-31,-19],[-212,-160],[-35,-71],[-43,-63],[-74,-13],[-53,-46],[-1,-20],[-55,-138],[17,-45],[-17,-49],[-62,-38],[-28,-63]],[[33596,19433],[-228,303],[-91,-67],[-16,-41],[-30,-2],[-45,-44],[5,-29],[-37,-45],[-77,-22],[-24,-53],[-69,-35],[-29,-44],[-4,-43],[-29,-29]],[[35683,20899],[71,-11],[144,52],[55,-46],[78,-1],[472,-431],[17,-41],[69,-105],[3,-30],[80,-114],[-17,-60],[10,-42],[-11,-102],[28,-54],[48,-32],[-1,-33],[-25,-31],[-10,-47],[52,-84],[-3,-50],[-71,-7],[-95,-50],[-94,-28],[-67,-47],[-51,8],[-21,-34],[14,-82],[-9,-47],[-32,-50],[-10,-98],[-25,-48],[6,-39],[-6,-82],[-20,-27],[-45,-12],[-62,-39],[-29,-72],[-32,-31],[-67,30],[-24,54],[-34,5],[-64,-63],[-7,-66],[35,-46]],[[35933,18766],[-67,36],[-107,3],[-72,12],[-32,39],[-5,71],[-34,45],[-35,21],[-56,0],[-74,-42],[-64,-47],[-47,31],[-48,-14],[-17,17],[-4,82],[-28,12],[-37,-32],[-45,17],[-56,4],[-14,-15],[12,-71],[-15,-32],[13,-32],[-20,-29],[-31,1],[-99,41]],[[34951,18884],[-43,88],[-87,60],[-77,42],[-47,86],[-161,-44],[-63,-31],[-145,-44],[-105,-37],[-61,-49],[-360,269],[-138,135],[-68,74]],[[34951,18884],[25,-47],[66,-69],[43,-70],[35,-78],[84,-85],[12,-91],[-11,-32],[-61,-68],[-45,-18],[-98,-82],[-51,-31],[-27,-61],[-50,-66],[-18,-48],[-36,-163],[85,-138],[19,1],[12,-88],[-47,-32],[35,-92],[-74,-58]],[[34849,17468],[-35,14],[-21,-20],[-70,-7],[-20,43],[-34,5],[-42,29],[-44,-28],[-19,35],[-57,1],[-31,54],[-67,17],[-92,52],[-28,-30],[-41,21],[-55,3]],[[34849,17468],[38,-29],[39,8],[27,-55],[44,-16],[76,17],[57,-24],[36,-53],[6,-45],[36,-20],[3,-41],[39,-16],[28,-32],[62,0],[39,-22],[0,-28],[30,-27],[32,-88],[62,-64],[26,-38],[27,-159],[29,-44],[2,-73],[-23,-107],[-56,-52],[-2,-74],[13,-55],[-7,-88],[19,-31],[-50,-119],[43,-36],[-18,-45],[51,-98],[5,-123],[35,-27],[-20,-129],[15,-31],[-40,-48],[20,-84],[3,-70],[-73,-126],[-2,-31],[-49,-67],[-38,-37],[-38,-59],[26,-31],[-25,-52],[69,-121],[-8,-32],[38,-82],[29,-22],[1,-47],[34,-34],[33,-128],[-15,-76],[-47,-20],[-11,-100],[-34,-46],[3,-50],[-15,-35],[-41,-18],[-67,-84],[-75,-32],[-21,-75],[18,-48],[14,-88],[-22,-24],[26,-42],[-10,-22],[-89,-39],[-31,-72],[-48,-61],[49,-21],[39,-37],[19,21],[86,-16],[41,9],[38,33],[84,19],[48,20],[53,-26],[26,20],[55,10],[49,25],[60,-16],[30,-79],[3,-118],[-12,-72],[11,-50],[-30,-45],[11,-69],[4,-87],[-19,-8],[-16,-52],[16,-45],[-31,-19],[-12,-65],[-24,-18],[-57,-91],[4,-22],[-52,-101],[-8,-38],[-45,-56],[-1,-69],[-71,-100],[-14,-43],[-21,-124],[-94,-124],[-57,-83],[-42,-88],[9,-51],[-9,-56],[-51,-61]],[[35176,11808],[-11,23],[-78,70],[-9,28],[27,70],[-31,48],[-31,10],[-49,-19],[-37,-56],[-18,-51],[-38,-20],[-36,18],[-32,-6],[-24,-52],[-40,-37],[-68,2],[-37,56],[-37,8],[-37,-13],[-93,-86],[-22,0],[-18,60],[35,57],[-57,7],[-37,61],[-33,1],[-33,-127],[-40,-55],[-21,-67],[-51,-33],[-17,-107],[-30,-18],[-115,15],[-48,-56],[-72,16],[-167,-43],[-91,-45],[-23,-63],[-61,-87],[-72,-41],[-89,-73],[-41,27],[-9,70],[-28,33],[-65,17],[-126,-33],[-39,-49],[-30,-2],[-88,70],[-43,-4],[-68,-76],[-54,-43],[-57,15],[-24,-16],[14,-69],[-47,-48],[-8,-73],[-5,-130],[-31,-22],[-69,22],[-48,26],[-62,7],[-47,-13],[-80,-66],[-34,-44],[7,-29],[-16,-64],[-79,-102],[-69,-18],[-62,48],[-62,-15],[-23,10],[-38,51],[-96,16],[-89,-25],[-55,20],[-4,70],[17,104],[-23,88],[-51,57],[-36,11],[-130,-62],[-22,-22],[-50,-8],[-105,60],[-60,68],[-61,-8],[-40,104],[-29,19],[-54,6],[-84,-20],[-112,6],[-91,65],[-60,-19],[-62,-107],[-8,-60],[-68,-35],[-40,-40],[-10,-73],[-29,-28],[-41,-8],[-5,-35],[14,-114],[24,-43],[-8,-47],[-46,-84],[-14,-44],[-65,-47],[-87,-40],[-56,-12],[-14,-35],[21,-43],[-14,-52],[-75,-88],[-73,-59],[-62,24],[-52,-20],[-52,24],[-145,45],[-54,-16],[-66,-1],[-19,-54],[-102,-60],[-23,-24]],[[29538,10037],[-30,27],[-119,76],[-23,46],[12,43],[-53,39],[-13,34],[7,67],[-10,75],[-48,84],[-37,47],[-60,36],[-33,49],[-70,53],[-16,43],[-48,26],[-40,-7],[-38,-37],[-15,-38],[-62,3],[-45,-16],[-31,9],[-46,64],[-77,45],[-55,-18],[-68,32],[-56,4],[-36,61],[-71,36],[-139,-31],[-63,32]],[[35933,18766],[-22,-51],[18,-36],[56,-30],[10,-81],[19,-33],[81,-32],[18,-27],[-13,-51],[-59,-28],[-12,-41],[-51,-38],[-4,-47],[11,-58],[-27,-61],[6,-39],[25,-28],[71,-33],[50,-53],[77,-10],[59,-42],[83,-33],[110,-14],[40,-32],[68,-18],[35,-22],[41,20],[80,18],[41,64],[48,11],[74,-2],[131,15],[43,-6],[43,20],[22,54],[43,25],[99,120],[2,53],[-15,80],[53,97],[113,-6],[35,-27],[57,-23],[11,-40],[27,-20],[12,-43],[53,15],[29,-14],[30,-39],[53,2],[87,74],[111,-25],[49,13],[24,46],[39,-21],[161,29],[6,56],[39,48],[49,24],[53,54],[52,35],[38,65],[45,14],[80,-62],[29,24],[44,11]],[[38613,18587],[52,-34],[25,-53],[110,-40],[46,-51],[-15,-84],[38,-41],[65,-20],[42,1],[-23,-57],[16,-64],[-49,-26],[-37,-54],[-90,-81],[6,-46],[114,-58],[88,-35],[73,7],[70,48],[101,29],[40,-2],[54,15],[57,-59],[-22,-48],[16,-34],[46,5],[46,-29],[-19,-52],[-66,-20],[-29,-64],[23,-58],[76,-103],[23,-42],[-6,-929],[50,-13],[43,13],[178,11],[219,-19],[73,1],[80,-20],[146,-61],[149,-98],[60,-70],[71,-107],[38,-87],[37,-153],[12,-114],[-2,-61],[-17,-90],[-26,-98],[-44,-75],[-74,-74],[-159,-122],[-212,-187],[-87,-100],[-39,-28],[-55,-66],[-53,-29],[-36,-43],[-87,-56],[-87,-70],[148,-28],[87,25],[122,7],[34,-62],[91,55],[29,-4],[71,36],[35,29],[27,-1],[40,-49],[9,-39],[48,-22],[51,18],[56,75],[30,-26],[-25,-72],[72,-45],[67,-15],[-14,-75],[-121,-57],[16,-68],[-52,-3],[-54,18],[-27,-36],[-21,-77],[37,-37],[62,-15],[-3,-55],[20,-37],[40,-36],[-38,-28],[-84,35],[-79,7],[-26,-39],[33,-48],[62,-20],[-4,-47],[-57,-66],[14,-33],[70,5],[31,-31],[11,-42],[64,29],[72,-11],[14,58],[72,44],[87,1],[22,48],[66,-12],[-23,-74],[67,-22],[-22,-22],[10,-169],[35,4],[52,-39],[37,-5],[21,-51]],[[41044,13568],[3,-37],[-38,-22],[-8,-57],[16,-39],[-2,-55],[-30,-48],[-3,-95],[-23,-34],[-79,-47],[-55,-23],[-44,-36],[8,-41],[29,-40],[7,-42],[31,-35],[62,-30],[11,-54],[-50,-30],[-44,5],[-49,-27],[-54,-128],[-63,-53],[-41,-8],[-64,-91],[-154,-104],[-51,20],[-21,-25],[-68,3],[-22,39],[-26,3],[-44,-28],[-57,0],[-167,-49],[-28,20],[9,59],[-43,12],[-75,-34],[-59,2],[-8,28],[31,102],[57,40],[-23,47],[-38,2],[-50,-26],[-60,4],[-196,-71],[-68,5],[-54,-8],[-35,21],[-21,55],[-116,26],[-50,-1],[-60,-57],[-98,-33],[-54,-30],[-72,-25],[-70,-57],[-47,-60],[-50,-34],[-42,-95],[-31,-10],[-46,35],[-77,6],[-61,-22],[-105,-67],[-68,-33],[-127,-17],[-27,-14],[-44,-49],[-95,-53],[-53,-44],[-48,-53],[-109,-30],[-75,15],[-92,-6],[-24,-11],[-15,-62],[-49,-43],[-89,-43],[-88,-24],[-113,-5],[-139,32],[-108,9],[-152,55],[-137,63],[-77,11],[-35,-14],[-42,-71],[-141,-84],[-55,-48],[-30,-43],[19,-29],[-1,-49],[-71,-108],[-86,-28],[-86,-44],[-58,1],[-78,-51],[-228,-41],[-49,-2],[-116,25],[-184,-22],[-52,-50],[-40,-18],[-124,-18],[-27,14],[-13,67],[-25,22],[-76,36],[-6,47],[72,46],[55,14],[77,-10],[67,41],[39,48],[5,41],[-76,19],[-54,55],[-12,42],[44,58],[-22,70]],[[38613,18587],[125,40],[76,44],[28,6],[43,-25],[40,106],[50,42],[47,88],[61,52],[10,34],[-3,68],[78,108],[85,16],[146,88],[81,35],[110,79]],[[39590,19368],[21,-54],[25,-8],[67,9],[129,-46],[101,-18],[45,-1],[85,142],[35,22],[41,3],[114,24],[53,19],[47,-25],[32,-35],[106,-40],[88,3],[41,-52],[44,-18],[84,8],[50,-34],[75,-18],[74,-72],[36,-91],[19,-16],[49,-1],[49,22],[26,-5],[47,-48],[24,-4],[129,48],[102,4],[45,17],[31,42],[19,102],[66,67],[61,37],[120,27],[63,-6],[37,19],[49,54],[37,79],[53,-27],[35,-42],[61,-30],[58,83],[105,102],[57,13],[84,-32],[61,38],[51,103],[122,104],[39,16],[120,-10],[89,56],[162,18],[62,26],[63,61],[58,135],[35,23],[92,-15],[56,32],[23,34],[90,-49],[40,-52],[4,-30],[-28,-64],[-1,-43],[56,-112],[21,-23],[70,-44],[84,-16],[41,-64],[100,-22],[66,-52],[131,-1],[36,-19],[44,-62],[16,-54],[47,-98],[41,-116],[21,-15],[42,59],[36,29],[48,13],[152,85],[98,-4],[34,-9],[21,53],[57,51],[76,15],[93,-48],[83,1],[53,-34],[13,-76],[-75,-49],[23,-60],[-4,-51],[23,-47],[-50,-42],[-2,-43],[-28,-68],[31,-32],[33,-10],[22,-54],[48,-2],[111,-26],[83,15],[77,5],[41,16],[102,17],[51,41],[44,-39],[44,-21],[136,-36],[52,-40],[80,1],[49,-10],[112,10],[-3,-34],[-89,-18],[-17,-45],[-38,-33],[-41,-120],[44,-32],[27,-38],[10,-66],[-37,-52],[40,1],[25,-25],[123,-36],[25,-76],[-13,-14],[-1,-74],[10,-48],[52,-76],[135,-108],[51,-52],[12,-33],[10,-87],[-20,-52],[-6,-82],[14,-52],[-23,-88],[9,-73],[-13,-81],[23,-42],[54,-18],[53,-55],[1,-27],[50,-67],[0,-25],[-58,-59],[-90,-44],[7,-65],[55,-69],[30,-60],[49,-57],[44,-6],[36,17],[88,2],[91,-11],[60,-48],[18,-69],[-23,-50],[-31,-23],[-96,-22],[-54,-90],[-72,-80],[-24,-61],[2,-27],[35,-27],[49,-11],[71,17],[47,-9],[6,-79],[-3,-114],[-22,-39],[-57,-23],[-21,-31],[-73,-31],[-6,-57],[-16,-38],[-111,-83],[-8,-30],[60,-50],[47,-12],[93,15],[56,-3],[71,14],[177,92],[72,68],[54,10],[71,-43],[11,-47],[-29,-90],[2,-61],[37,-50],[128,-49],[67,-20],[29,35],[35,6],[-12,37],[35,17],[131,109],[70,37],[22,-32],[66,-55],[-1,-62],[39,-95],[-4,-29],[-37,-12],[-13,-40],[56,-80],[4,-46],[41,-41],[10,-48],[80,-93],[22,-68],[-29,-61],[-1,-36],[31,-74],[47,-57],[16,-67],[-15,-25],[-151,-77],[-52,-56],[-27,-48],[-33,-29],[-7,-48],[-87,-100],[-31,-93],[-34,-18],[-55,0],[-30,46],[-15,61],[-67,-30],[-71,-60],[-72,-71],[-41,-69],[-43,-51],[-128,-61],[-51,-44],[-26,-62],[-26,-24],[-172,-15],[-53,-110],[-57,-78],[-24,-17],[-21,-84],[-34,-29],[-66,-83],[-23,-7],[-87,3],[-150,-84],[-37,12],[-78,-31],[-240,7],[-50,13],[-27,-11],[-7,-36],[-36,-73],[-96,-38],[-42,-99],[-31,-26],[-38,4],[-22,-25],[-65,-41],[-48,-9],[-54,-61],[-121,28],[-94,10],[-31,22],[-4,46],[-48,44],[-69,-62],[-24,-40],[-28,-16],[-28,-41],[-76,9],[-73,-3],[64,77],[-20,38],[-111,143],[-67,-26],[-47,1],[-114,-21],[-56,15],[-23,23],[-62,-3],[-31,-31],[-97,-10],[-83,4],[-62,47],[-104,17],[-52,-43],[-44,45],[-59,15],[-56,-11],[-61,0],[-9,17],[35,64],[-63,18],[-49,69],[-34,-9],[-107,6],[-20,27],[39,53],[12,43],[36,50],[43,18],[35,-7],[44,31],[14,36],[-25,48],[1,133],[-38,22],[-5,24],[43,75],[22,66],[-53,19],[-21,88],[-35,12],[-59,-23],[-32,30],[-43,0],[-78,-16],[-33,9],[-29,39],[-18,51],[-36,64],[-42,-4],[-24,-54],[-35,8],[-14,42],[-62,-6],[1,-106],[-22,-15],[-91,47],[-25,-10],[3,-58],[-12,-45],[-49,-31],[6,-38],[26,-35],[-4,-28],[-55,-52],[-42,-7],[-33,14],[-73,88],[-33,7],[-56,-22],[-21,-33],[-41,-26],[-104,-24],[-65,14],[-16,58],[-33,11],[-61,-51],[-66,23],[-98,-5],[-55,12],[-38,-7],[-51,-52],[-35,-59],[-26,-16],[-90,4],[-47,17],[-14,27],[-85,18],[-95,-34],[-75,5],[-10,-83],[-39,-27],[-109,-33],[-19,-16],[22,-78],[-26,-40],[-100,-16],[-97,13],[-37,-28],[-65,-12],[-34,-46]],[[35157,25803],[79,-10],[9,-135],[12,-66],[15,-160],[-7,-49],[-39,-75],[-7,-40],[17,-59],[45,-21],[57,-64],[119,-75],[13,-50],[34,-48],[62,-59],[38,-10],[70,-36],[80,-93],[52,-17],[35,-56],[98,19],[70,-22],[30,-19],[72,-97],[26,-58],[75,-55],[23,-60],[5,-67],[13,-29],[-27,-72],[114,-85],[8,-34],[31,-13],[65,38],[48,-92],[55,-24],[9,-55],[25,-24],[22,-96],[36,-16],[15,-40],[74,-6],[23,-27],[15,-70],[57,-119],[36,-61],[67,-79],[42,-72],[69,-72],[32,-57],[31,-20],[62,-70],[52,-39],[32,4],[34,30],[47,-32],[37,-57],[48,-30],[31,-38],[55,1],[37,-13],[46,23],[25,51],[64,75],[48,-15],[77,4],[37,-46],[19,-49],[42,-1],[23,68],[41,52],[76,10],[-2,68],[15,27],[60,-5],[69,25],[23,-17],[103,-39],[34,-26],[47,-59],[51,-121],[-20,-88],[40,-100],[19,-178],[52,-71],[27,-56],[39,-132],[19,-130],[51,-138],[45,-43],[90,-40],[43,15],[40,-29],[89,33],[58,34],[18,-56],[-7,-56],[33,-34],[-21,-28],[18,-45],[2,-46],[41,-66],[64,-19],[29,9],[115,60],[82,-7],[49,-39],[34,-55],[7,-51],[-17,-46],[10,-34],[75,-70],[62,-121],[7,-47],[38,-73],[55,-72],[82,-56],[44,-40],[52,-78],[12,-55],[-31,-178],[-20,-34],[-72,-189],[-44,-50],[-11,-61],[24,-48],[-6,-29],[-43,-11],[-36,22],[-37,-16],[-19,-83],[-41,-41],[-95,-62],[-64,-18],[-28,-25],[6,-33],[110,-55],[86,-97],[37,-90],[35,-21],[33,-84],[46,-51],[13,-111],[33,-61],[-24,-48],[-67,-18],[-96,-44],[-8,-25]],[[20149,15299],[147,-8],[-1,128],[49,-19],[0,-110],[372,-7],[6,63],[153,-62]],[[20875,15284],[52,-38]],[[20927,15246],[-203,-133],[-44,-72],[-2,-69],[-61,6],[-62,-49],[-58,56],[-30,14],[-53,0],[1,-107],[-34,0],[-9,-29],[51,-106]],[[20423,14757],[-53,-18],[-22,46],[-47,0],[0,-44],[-128,49],[-31,-5],[-54,35]],[[20088,14820],[-3,259],[25,0],[5,70],[34,150]],[[20927,15246],[35,-41],[108,-191]],[[21070,15014],[-87,-73],[-48,-86],[-29,-149],[-18,-156],[-27,-26],[-11,-95],[5,-30],[-95,-54],[-18,-142]],[[20742,14203],[-20,-19],[-34,39],[-24,63],[-89,74]],[[20575,14360],[-32,28],[-21,50],[-49,61],[-31,8],[1,74],[17,87],[-37,89]],[[19889,14754],[82,-64],[69,15],[-61,60],[66,72],[43,-17]],[[20575,14360],[-39,-65],[-95,-41],[-76,-114]],[[20365,14140],[-106,30],[-24,0],[-59,-44],[-45,20],[-47,64],[-142,162],[-91,80]],[[19939,15443],[73,-38],[28,-4],[-1,-67],[28,-33],[82,-2]],[[20973,15645],[108,-162],[-47,-14],[23,-157],[-83,-19],[-73,13],[-26,-22]],[[21339,14522],[77,31],[11,-56],[68,8],[8,-39],[41,8],[39,57],[-20,43],[5,51],[31,25],[66,-8]],[[21665,14642],[-9,-70],[130,-17],[-4,-34],[64,-8],[5,33],[48,-6],[-63,-92]],[[21836,14448],[-31,-9],[-113,-243],[63,-47],[-95,-141],[162,-82]],[[21822,13926],[61,-54],[69,-78],[-31,-10],[10,-53],[-10,-38],[6,-79],[85,30],[104,58],[90,-48],[63,-111],[-208,-91],[-69,-22],[-35,2],[-21,36],[-52,-29],[25,-48]],[[21909,13391],[-63,-4],[0,-43],[-19,-74],[-87,22],[-37,-1],[-20,-24],[-132,141],[-31,27],[-26,63],[-30,22],[-50,-32],[-41,-54]],[[21373,13434],[-73,80]],[[21300,13514],[17,12],[-35,53],[45,32],[-33,31],[25,25],[-53,50],[-117,55],[-14,63],[28,9],[-2,85],[28,14],[-3,64],[-35,-1],[-39,-29],[-39,36],[41,27],[0,66],[-44,9],[184,102],[-56,101],[-39,-2]],[[21159,14316],[88,62],[22,43],[6,63],[64,38]],[[21373,13434],[-30,-73],[1,-60],[-13,-73],[-72,-92],[-144,-100],[-37,-11],[-7,-33]],[[21071,12992],[-91,-24],[-64,-9],[-105,36],[-23,27],[-21,67],[-3,52],[32,35],[15,75],[-2,59],[-25,80],[27,104]],[[20811,13494],[114,29],[132,63],[111,29],[32,-16],[60,-112],[40,27]],[[20811,13494],[2,50],[-17,43],[-183,272],[-21,35]],[[20592,13894],[49,-35],[5,-30],[39,-16],[66,-2],[62,41],[85,35],[49,80],[8,126],[48,73]],[[21003,14166],[38,49],[118,101]],[[20742,14203],[27,-43],[78,-33],[66,3],[81,46],[9,-10]],[[20592,13894],[-39,75],[-52,47],[-23,54],[-60,55],[-53,15]],[[21070,15014],[14,-31],[255,-461]],[[21775,15380],[21,-50],[-18,-109],[-60,-216],[-51,-79],[-32,-78],[40,-24],[6,-60],[-16,-122]],[[22348,14979],[34,-42],[-4,-88],[25,-108],[2,-78],[-167,-53],[-67,-52]],[[22171,14558],[-66,-108],[-98,13],[-112,-35],[-59,20]],[[22961,15068],[27,-61],[31,-33],[25,-78],[2,-69],[-40,-73],[-15,-73],[-58,-197],[30,-43],[38,-81],[11,-48],[26,-50],[49,-58],[-28,-41],[-29,10],[-49,-9],[-60,23],[-64,-40],[-85,-25],[-43,-37]],[[22729,14085],[-34,32],[-98,71],[-29,6],[-24,84],[-28,15],[-78,-5],[-114,84],[-49,84],[-40,-1],[-4,42],[-60,61]],[[22729,14085],[-33,-41],[-64,-108],[-100,-51],[50,-80],[6,-28]],[[22588,13777],[-80,-20],[-84,12],[-302,73],[-300,84]],[[22588,13777],[120,28],[27,-34],[82,-26],[23,-78],[77,-41],[46,-83],[8,-60],[29,-26],[53,-20],[30,-36],[20,-67],[11,-106],[0,-56],[12,-68],[-30,-71],[-65,-79],[-12,-40],[19,-44],[-72,-58],[-13,-36],[-2,-107],[-23,-32],[-38,-6]],[[22890,12631],[-16,23],[-154,34],[2,-87],[-37,-11],[-48,41],[-23,1],[-6,-53],[-54,-62],[-39,29],[-55,-4],[-15,26],[-44,-5],[17,-55],[-108,-14]],[[22310,12494],[-15,119],[-28,140],[7,116],[-42,18],[-39,60],[-63,-8],[-38,68],[-183,384]],[[22310,12494],[-291,-165],[-89,-30]],[[21930,12299],[-44,14],[-24,104],[-62,-66],[-20,-6],[-35,47],[-81,-24],[-88,-48],[-34,62],[-65,22],[-31,22]],[[21446,12426],[-29,38],[-3,49],[-85,51],[-1,75],[-25,124],[-48,53],[-10,49],[-99,89],[-75,38]],[[22890,12631],[-56,-31],[-53,-109],[27,-45],[-25,-146],[11,-54],[52,-42],[-67,-32],[-17,-40],[57,-80],[69,6],[128,-3],[20,-41],[-14,-106],[7,-23],[62,-67],[76,-42],[79,-3],[38,43]],[[23284,11816],[45,-83],[115,-94],[32,-49],[12,-43],[-24,-20],[6,-66],[-7,-36],[29,-86],[-17,-77],[-28,-36],[9,-39],[-48,-46],[10,-45],[75,-30],[28,-22],[137,-194],[61,-54],[120,-88],[25,-36],[4,-41],[-33,-63],[20,-49],[91,-20],[35,-35],[15,-42],[-103,-111],[-59,-50],[25,-35],[-1,-91]],[[23858,10135],[-12,-26],[-83,34],[1,-78],[-21,-111],[-34,-11],[52,-77],[-40,-23],[-14,-63],[-48,-6],[-34,-32]],[[23625,9742],[-33,27],[-85,35],[-18,40],[-36,19],[-37,49],[-78,29],[-44,57],[-20,89],[-37,65],[-58,52],[-101,53],[-83,58],[-149,184]],[[22846,10499],[-198,221],[-38,85],[-90,61],[-51,-8],[-49,45],[-48,5],[-78,51],[-29,-56],[-61,-58],[-76,-35],[-50,31],[-41,-29],[-121,-18],[-37,-41],[-53,9],[-62,-34],[-66,12],[-32,28],[-53,18],[11,44],[36,41],[28,9],[64,-12]],[[21752,10868],[77,6],[61,48],[52,75],[-29,74],[25,72],[-56,73],[-28,15],[11,50],[68,93],[30,114],[1,29],[-28,87],[-18,28],[24,42],[6,61],[-9,44],[-25,43],[-59,52],[-9,24],[-41,39],[46,108],[54,40],[46,20],[-16,46],[3,45],[26,17],[3,42],[-37,44]],[[29538,10037],[-86,-104],[-64,-55],[-67,-77],[-63,-27],[-53,-57],[-78,-52],[-80,-85],[-55,-78],[-14,-42],[-35,-27],[-32,-3],[-29,40],[-21,0],[-92,-34],[-201,-195],[11,-27],[-74,-80],[-28,-11],[-129,-130],[-21,-38],[-89,-12],[-31,-25],[2,601],[-19,14],[-86,-9],[-57,38],[-46,7],[-21,21],[-46,5],[-20,31],[-62,13],[-10,24],[-120,1],[-96,-15],[-119,-73],[-36,-32],[-54,-92],[-103,-13],[-22,23],[-93,-24],[-55,-28],[6,-63],[-27,-32],[-83,6],[-54,-30],[-77,-9],[-30,39],[-90,-16],[-52,-23],[-35,-1],[-36,32],[-52,14],[-47,45],[-69,-57],[-27,-36],[-46,-33],[-27,-45],[86,6],[39,-29],[-43,-77],[-25,-82],[-43,-60],[-25,-77],[-98,-67],[-26,-49],[-25,1],[-12,-54],[-30,-22],[-46,-1],[-39,17],[-104,-25],[-101,-71],[-46,-76],[-63,87],[-198,0],[-110,-21],[-67,-28],[-16,-53],[-57,-22]],[[25349,8498],[-32,19],[-37,-30],[-76,-1],[-70,34],[-15,50],[-54,-17],[-31,5],[-26,37],[-58,-20],[-42,21],[-67,-13],[-58,38],[-34,1],[-54,29],[-25,28],[-32,67],[3,37],[28,61],[33,39],[14,57],[-11,40],[-110,2],[-105,37],[-51,-11],[-92,16],[-158,90],[-85,54],[-104,90],[-84,89],[-47,84],[-12,51],[9,52],[-26,25],[-36,4],[-37,-22],[-40,38],[-14,33],[-71,52],[-17,78]],[[23858,10135],[60,-1],[36,-31],[61,-26],[39,-48],[30,-6],[77,41],[84,-27],[26,55],[66,-18],[16,62],[29,40],[33,4],[32,-38],[46,-18],[129,17],[27,29],[35,5],[18,27],[57,-7]],[[24759,10195],[30,-69],[49,-21],[33,-43],[-51,-62],[-3,-26],[31,-63],[25,7],[31,53],[37,-26],[27,11],[23,39],[32,1],[36,-49],[66,31],[55,-32],[9,42],[-8,65],[28,22],[71,-26],[164,7],[102,58],[102,8],[50,48],[48,-38],[55,4],[119,92],[44,26],[111,-3],[21,59],[67,11],[37,61],[79,57],[63,-4],[26,11],[60,-17],[27,24],[52,77],[21,103],[34,16],[26,-12],[23,-47],[21,-4],[49,55],[41,-21],[69,10],[54,57],[59,23],[69,89],[14,40],[-4,95],[-26,25],[-52,-1],[-14,16],[30,92],[32,19]],[[26953,11085],[41,6],[51,-9],[51,30],[25,55],[46,27],[45,5],[46,24],[34,-25],[80,-8],[54,-26],[19,-30],[29,11],[-4,89],[62,30],[6,46],[30,32],[54,11],[26,70],[1,65],[33,64],[42,13],[66,-56],[94,17],[43,-49],[33,-8]],[[23420,14536],[-3,-17],[91,-2],[40,-9],[14,-22],[-17,-114],[19,-47],[-42,-59],[-16,-45],[-43,-27],[-54,-86],[94,-145],[-26,-105],[22,-49],[-11,-29]],[[23488,13780],[-57,48],[-42,50],[-23,-42],[44,-19],[29,-37],[-18,-49],[115,-78],[-50,-27],[-2,-96],[-11,-80],[-15,-189],[5,-215],[34,0],[-4,-50],[59,-70],[17,-53],[54,-50],[56,-76],[40,-85],[37,-39],[20,-51],[-4,-96],[25,-45],[-2,-30],[24,-47],[3,-136]],[[23822,12218],[-42,-10],[-25,14],[-35,-18],[-12,-69],[-29,-31],[-95,-26],[-41,-22],[-57,-70],[18,-32],[-26,-48],[-36,-27],[-73,19],[-53,-2],[-28,-23],[-4,-57]],[[23488,13780],[3,-49],[16,-26],[69,-33],[33,6],[48,48],[84,2],[97,-64],[19,-40],[91,8],[10,-27],[75,11],[52,48],[118,-43],[83,9],[45,-16],[59,0]],[[24390,13614],[28,-39],[-8,-115],[-13,-53],[8,-78],[25,-61],[88,-70],[24,-92],[-47,-92],[-83,-46],[7,-30],[109,-74]],[[24528,12864],[-15,-23],[-142,-104],[-20,-1],[-35,-81],[8,-76],[-21,-32],[-30,14],[-33,-43],[-13,-39],[-64,-34],[-55,-49],[-41,-54],[-37,-31],[-203,-85],[-5,-8]],[[25011,14427],[24,8],[72,-43],[27,-4],[23,42],[46,0],[23,-33],[25,24],[47,-8],[-11,-60],[-53,-77],[-52,-14],[-108,1],[-2,-51],[-64,-116]],[[25008,14096],[4,-14],[-68,-106],[-15,-46],[-43,-59],[-118,-86],[-41,-17],[-1,-47],[-35,-70],[-28,-11],[-138,-21],[-50,4],[-85,-9]],[[25008,14096],[21,-34],[-4,-81],[36,-61],[6,-99],[-20,-45],[-43,-16],[45,-106],[109,15],[50,-20],[1,51],[39,-4],[11,-37],[-29,-28],[2,-37],[47,-55],[-8,-68],[-17,-29],[-22,-95],[46,-42],[-11,-49],[41,-57],[102,-82]],[[25410,13117],[-89,-33],[-31,-33],[-1,-85]],[[25289,12966],[-25,-4],[-74,33],[-26,54],[-115,20],[-15,60],[-76,47],[-84,-6],[-55,40],[-28,-19],[-33,-55],[-50,-13],[-11,-57],[16,-83],[-23,-41],[-53,-5],[-82,9],[-27,-82]],[[26186,15246],[-22,-8],[-28,-70],[-36,-12],[-65,-75],[-18,-49],[-44,-42],[-35,-18],[-24,-51],[-5,-63],[-17,-39],[-27,-17],[-5,-60],[11,-20],[-27,-60],[8,-29],[-39,-82],[-45,-48],[-62,-107],[-28,-68],[-5,-50],[25,-72],[27,-42],[-2,-42],[-19,-62],[11,-65],[45,-53],[7,-80],[54,-130],[10,-48],[30,-51],[42,-44],[2,-108],[-103,-41],[-60,-47],[-27,-62],[-86,-32],[-47,-40],[-83,-28],[-38,-75],[-51,-39]],[[25289,12966],[-16,-51],[-41,-79],[-2,-31],[27,-64],[-1,-66],[64,-2],[40,-15],[14,-26],[-26,-53],[21,-20],[64,9],[41,37],[103,66],[98,-2],[113,-35],[-23,-94],[6,-45],[-11,-68],[-35,-83],[67,-8],[39,31],[53,17],[16,39],[44,25],[26,-28],[163,-1],[98,-51],[31,-1],[53,-30],[73,60],[15,-6]],[[26403,12391],[12,-56],[22,-39],[36,-32],[93,-35],[-9,-21],[-47,-17],[-24,-39],[-14,-52]],[[26472,12100],[-9,-35],[-51,-34],[-78,56],[-35,51],[-31,22],[-99,-1],[-43,-127],[4,-33],[41,-38],[53,-83],[11,-35],[-21,-59],[-31,-42],[1,-67],[-69,-67],[-63,36],[-34,-11],[-34,-34],[-38,-7],[-39,46],[-43,18],[-47,-7],[-96,15],[4,-29],[-11,-83],[-14,-27],[-44,-25],[8,-28],[-19,-65],[-55,-9],[-46,15]],[[25544,11413],[-34,7],[-59,-20],[-39,-44],[-45,-4],[-55,-36],[-27,-45],[11,-51],[-38,-15],[-64,42],[-42,-15],[0,-35],[53,-128],[-2,-37],[-58,-79],[-33,-89],[-32,-38],[-32,-95],[-34,-31],[42,-72],[41,-132],[-14,-87],[-60,-44],[-40,33],[-39,-40],[-74,0],[-33,-20],[-42,-4],[-23,-23],[33,-85],[-46,-31]],[[27003,13807],[-58,36],[-60,6],[-40,-16],[-73,-50],[-81,-99],[-11,-87],[-17,-20],[-121,6],[-25,-51],[56,-56],[-26,-48],[19,-61],[-9,-28],[-50,-34],[-18,-76],[-43,-33],[-24,2],[-45,35],[-25,-19],[-9,-109],[-58,-39],[5,-64],[-38,-99],[33,-75],[56,-38],[93,-27],[25,-73],[-28,-128],[32,-43],[-52,-15],[-33,-72],[25,-41]],[[27876,12135],[-32,-12],[-14,54],[-37,82],[-25,26],[-33,-31],[-44,-71],[10,-38],[0,-67],[18,-41],[-34,-42],[-77,-14],[-28,-25],[13,-34],[-12,-30],[-72,29],[-20,-47],[-39,-9],[-76,42],[-36,5],[-42,-19],[-25,-33],[-120,11],[-46,-30],[-57,37],[-32,46],[-8,39],[-39,19],[-70,-21],[-17,22],[-6,87],[-76,93],[-45,-2],[-46,-64],[-20,-7],[-93,37],[-60,-30],[-64,3]],[[26953,11085],[-81,11],[-87,57],[-33,-1],[-38,50],[-16,48],[-74,44],[-6,25],[-39,29],[-61,29],[9,-40],[-41,-59],[-30,-4],[-7,-39],[-54,-11],[-37,-32],[-36,1],[-48,-59],[-24,-14],[-28,-52],[-43,20],[-144,-221],[-36,-84],[-21,88],[-22,56],[-34,42],[-56,34],[-135,45],[-91,47],[-50,64],[-19,76],[0,39],[-24,71],[-3,68]],[[20283,13264],[155,-478]],[[20438,12786],[106,-337],[6,-291],[-3,-165],[14,-73],[15,-28],[60,-67]],[[20636,11825],[-41,-36],[-106,-46],[-78,-41],[-115,-32],[-58,-45],[-70,-14],[-41,-44],[-21,41],[-120,8]],[[19986,11616],[-72,212],[-29,56],[-93,71],[-26,77],[-66,102],[-47,112],[-32,35]],[[19621,12281],[27,81],[0,49],[42,48],[-10,26],[25,44],[35,12],[56,63],[26,46],[98,40],[51,48],[26,40],[-10,88],[-34,84],[6,59],[43,97],[-16,55],[-48,51],[44,51],[21,63],[31,57]],[[20034,13383],[211,6]],[[20245,13389],[38,-125]],[[19806,14331],[50,-56],[86,-173],[96,-178],[125,-333],[82,-202]],[[20034,13383],[-52,-15],[-120,10],[-81,-37],[-31,-24],[-41,-63],[-74,-22],[-36,-20],[-278,224]],[[19321,13436],[30,82],[36,53],[53,116],[-86,9],[-36,20],[-52,-9],[-99,-94],[-30,-62],[-40,-21],[-63,-51],[-38,43],[-88,66],[-2,101],[-54,39],[-49,99],[1,46]],[[20811,13494],[-193,-32],[-272,-51],[-39,-61],[-8,-66],[-16,-20]],[[21446,12426],[-43,-27]],[[21403,12399],[-31,-20],[-47,45],[-47,6],[5,31],[-38,39],[-41,-9],[-53,51],[-52,11],[-170,94],[-23,-9],[-56,13],[-16,38],[5,50],[-36,18],[-42,-74],[-146,87],[-32,-18],[-42,25],[-77,15],[-26,-6]],[[21403,12399],[20,-25],[-45,-96],[27,-30],[-75,-19],[-20,-22],[-10,-197],[11,-39],[-65,-87],[12,-11],[-47,-56],[-22,-53],[18,-34],[51,-16],[-19,-29],[-170,-15],[-99,29],[-42,-13],[-15,-30],[-60,-52]],[[20853,11604],[-217,221]],[[21752,10868],[32,74],[-63,21],[10,69],[-64,61],[-39,19],[-92,-3],[4,-63],[-84,-3],[-106,-23],[-27,13],[-44,47],[-22,-33],[-28,8],[-28,-73]],[[21201,10982],[-36,166],[-16,35],[-296,421]],[[21201,10982],[15,-60],[-119,-43],[-34,-29],[-8,-42],[-43,-42],[3,-42],[-44,-10],[-36,17],[-126,-28],[-10,90],[-29,40],[-33,-5],[-118,-113],[-37,-66],[-87,43],[-52,16],[-161,-4],[-80,25],[-53,33],[-46,46],[-85,-26]],[[20018,10782],[-42,138],[-35,57],[28,180],[16,4],[-21,72],[52,167],[6,44],[-27,108],[-9,64]],[[22846,10499],[-93,-58],[-90,-67],[-110,-94],[-186,-134],[-135,-63],[-80,-9],[-17,19],[-92,58],[-83,0],[-265,-107],[-220,-112],[-156,-98],[-166,-84],[-70,-24],[-68,-37],[-67,-49],[-107,-30],[-61,-2],[-275,84],[-171,-7],[-301,-139],[-107,-56],[-103,-68],[-74,-38],[-28,-3]],[[19721,9381],[4,67],[-7,166],[15,200],[25,53],[-29,43],[-128,44],[40,38],[-5,76],[4,84],[22,47],[35,39],[32,16],[24,51],[-4,38],[19,221],[26,125],[43,53],[50,28],[131,12]],[[18594,9256],[670,-9],[72,100],[43,71],[59,18],[72,-9],[90,-27],[121,-19]],[[25349,8498],[-43,-44],[-101,-45],[-10,33],[-40,-30],[-89,-43],[-45,-34],[-67,-83],[-54,-51],[-60,-36],[-101,-25],[-56,-6],[-80,19],[-20,47],[-79,-43],[-41,-55],[-2,-30],[30,-22],[-28,-39],[-22,35],[-182,-23],[21,-48],[74,29],[82,-67],[-33,-33],[20,-21],[-55,-52],[0,-33],[-25,-47],[0,-53],[-23,-44],[-36,-27],[39,-28],[27,36],[60,32],[27,-4],[7,-53],[26,-29],[-57,-74],[-49,-106],[-32,-27],[-39,-64],[-109,-23],[-64,-27],[-55,10],[-38,-15],[-7,-27],[-57,-28],[-35,-40],[-34,-89],[-33,-29],[-16,-75],[-30,-8],[-12,-68],[-24,-30],[0,-45],[43,-42],[-49,-7],[-58,46],[-79,77],[-38,52],[-45,-58],[-14,-48],[-24,-18],[52,-34],[-23,-59],[-19,-115],[-34,-25],[-19,-52],[-47,-13],[-29,-32],[-38,-18],[-14,-41],[-30,-21],[-16,-65],[-33,-21],[-72,-22],[-64,-82],[-36,-70],[-49,-56],[-50,6],[24,59],[-68,15],[-50,-28],[-33,-38],[-56,-95],[-66,-61],[-23,-65],[0,-126],[-51,-76],[-49,-45],[-28,-65],[-73,-48],[-40,5],[-79,-74],[-42,-11],[-38,12],[-25,-14],[-57,21],[-134,-4],[-43,-15],[-54,-36],[-62,31],[-86,-18],[-38,-62],[-33,-14],[20,-56],[-24,-18],[-7,-45],[39,11],[17,-33],[-73,-50],[-39,-5],[-31,-63],[-20,-16],[-122,-30],[-63,-24],[-43,-47],[-11,-38],[-34,-11],[18,-43],[-26,-49],[-83,-41],[-28,13],[-67,4],[-95,-83],[-33,-50],[24,-25],[-56,-65],[-40,-6],[-48,10],[10,-54],[-8,-47],[-25,-39],[-40,-22],[-13,-57],[-41,-5],[-9,-27],[12,-68],[-17,-45],[-41,0],[-91,-38],[-10,-61],[-50,-86],[-33,-33],[-46,17],[-80,-71],[-26,-67],[-5,-82],[-72,-43],[-30,15],[0,90],[46,40],[-33,12],[-4,61],[-65,34],[-6,-39],[-54,-155],[-28,-24],[-65,-9],[-42,-27],[-73,-95],[-73,43],[-37,-27],[-42,-72],[-61,-25],[-23,-49],[-92,-17],[-24,-38],[-104,-17],[-53,-53],[-43,-29],[-35,41],[-54,29],[-71,-9],[-136,-48],[-23,-16],[-64,-11],[-35,-48],[-30,-16],[-82,-4]],[[17694,11379],[150,-35],[89,7],[38,-10],[53,28],[45,-14],[35,-80],[52,13],[86,-81],[90,33],[31,-17],[45,7],[18,-32],[71,-35],[30,39],[57,-36],[47,-17],[70,-47],[67,45],[101,-7],[64,8],[33,16],[10,46],[40,58],[61,26],[53,45],[47,79],[-22,15],[-23,61],[-6,127],[20,57],[15,94]],[[19161,11772],[30,57],[70,15],[44,37],[3,30],[42,92],[32,15],[35,49],[70,46],[44,15],[74,64],[25,44],[-9,45]],[[18350,13371],[70,-65],[100,-44],[227,-51],[127,-48],[62,-41],[81,-90],[147,-228]],[[19164,12804],[-38,-40],[-75,-21],[-99,-6],[-49,-13],[-118,-72],[-101,-35],[-113,-27],[-78,-99],[-37,-8],[-37,-27],[6,-35]],[[19321,13436],[-17,9],[-54,-72],[42,-87],[33,-34],[-17,-35],[49,-15],[-22,-51],[72,-8],[58,-66],[-63,-52],[-30,-44],[-52,-46],[-39,-85],[-79,-24],[-38,-22]],[[19161,11772],[-25,-6],[69,341]],[[19205,12107],[30,140],[20,125],[1,54],[-13,92],[-54,230],[-25,56]],[[19205,12107],[-62,32],[-25,38],[-55,-81],[-97,32],[-64,46],[-32,60],[-90,37],[-165,-17],[-59,25]],[[14199,15247],[-27,19],[-49,-43],[-25,14],[-36,-40],[-44,-2],[-64,-23],[-44,26],[-60,14],[-51,0],[-75,31],[-53,81],[-70,48],[-3,32],[76,32],[-24,78],[-63,64],[-6,85],[39,66],[-5,22]],[[13683,14699],[-19,23],[-74,-11],[-41,107],[-23,15],[5,116],[24,51],[0,79],[-37,96],[-77,-30],[-55,138],[15,44],[-138,-41],[-78,184],[-17,95],[-3,69]],[[13360,14461],[-50,21],[-36,-9],[-52,108],[-26,-15],[-42,17],[-36,76],[29,28],[-48,108],[-41,42],[3,30],[-46,17],[-37,-30],[-52,40],[-30,-28],[-19,69],[-66,-10],[-5,23],[-145,-24],[-72,-53],[-11,4]],[[12578,14875],[73,115],[-63,43],[17,54],[47,55],[11,78],[-19,52],[-29,29],[-47,89],[2,19],[78,99]],[[12648,15508],[31,32],[45,3]],[[13202,14241],[0,4],[-395,166]],[[12807,14411],[-46,17],[-477,201]],[[12284,14629],[48,7],[34,-23],[78,42],[17,85],[18,29],[90,54],[9,52]],[[13159,13838],[-68,25],[-40,-47],[-12,-86],[-40,-33],[-28,-79],[-33,-31],[-65,11],[-70,115],[-40,105],[-25,23],[-52,156],[-66,25],[28,22],[53,129],[10,43],[-14,40],[6,99],[25,4],[79,52]],[[12923,12934],[-56,15],[-45,-29],[-73,-16],[-59,-27],[-54,-10],[-42,6],[-91,-31],[-59,41],[-105,-11],[-15,51],[-25,0],[-33,41],[-20,66],[13,23],[-20,36],[-9,77],[14,26],[-55,40],[-34,3],[-36,30],[-90,-26],[-75,-39],[-28,-28],[-149,-21],[-64,-20],[-112,-49],[-87,9]],[[11514,13091],[-51,49],[-34,15],[-5,29],[62,-9],[19,29],[-16,41],[15,104],[-51,41],[-36,55],[14,40],[37,21],[76,146],[46,27],[24,41],[-31,27],[-32,62],[23,65],[54,-35],[30,20],[19,45],[1,74],[51,60],[149,103],[65,32],[13,57],[107,63],[11,35],[40,57],[41,32],[3,42],[-68,36],[-23,117],[85,30],[61,49],[2,-33],[27,-28],[42,-1]],[[11514,13091],[-51,-50],[-32,-85],[-26,-15],[-73,46],[-85,40],[-91,-7],[-62,-14]],[[11094,13006],[15,137],[48,120],[34,226],[19,62],[69,166],[-2,38],[35,85],[4,43],[-55,2],[-63,84],[-48,28],[-23,-64],[-10,-68],[-49,-62],[17,-63],[-42,-31],[-73,-17],[-19,85],[14,73],[-11,36],[56,38],[-46,33],[19,72],[27,32],[-18,19],[-63,3],[-6,79],[-18,45],[112,-20],[33,-32],[29,14],[72,-35],[27,60],[80,-7],[18,32],[-61,64],[-5,28],[-47,22],[-45,37],[-71,85],[118,-39],[48,62],[32,-6],[11,71],[61,12],[9,31],[115,29],[27,-8],[40,59],[37,7],[36,34],[-16,22],[11,54],[31,45],[53,-7],[57,28],[34,-6],[-1,53],[60,23],[19,59]],[[11829,14978],[65,62],[134,35],[100,72],[126,55],[30,32],[51,110],[41,50],[98,28],[38,47],[136,39]],[[11094,13006],[-52,11],[-11,39],[-48,12],[-24,-21],[-98,-18],[-60,10],[-91,-31],[-21,9],[-22,107],[-65,66],[-60,6],[-52,39],[-59,26],[-22,24],[-39,87],[-50,44],[-32,-5],[-78,113],[-17,12]],[[10193,13536],[-70,22],[-78,-32],[-36,-47],[-163,26],[-77,-24],[-24,6],[-32,61],[-2,60],[-23,32],[-58,13],[-62,-5],[-63,29],[-75,17],[-51,46],[-47,-10],[-37,65],[-62,11],[-19,107],[20,39]],[[9234,13952],[22,46],[57,58],[3,41],[-19,51],[44,58],[29,54],[44,44],[71,38],[34,63],[4,31],[-22,67],[10,63],[28,47],[35,121],[-25,71],[106,-7],[74,21],[31,27],[17,47],[119,-24],[35,11],[52,59],[74,37],[71,12],[55,30],[10,33],[45,48],[13,76],[68,5],[78,18],[40,-4],[55,-67]],[[10492,15127],[62,-15],[71,3],[71,-23],[53,-63],[15,6],[47,126],[39,28],[66,86],[56,49],[69,35],[83,70],[56,-8],[16,-33],[31,-150],[26,-60],[71,12],[73,1]],[[11397,15191],[24,-3],[76,-49],[18,-57],[55,-18],[83,-45],[30,-28],[28,-71],[90,31],[28,27]],[[13688,10144],[-82,64],[-40,13],[-81,10],[-91,-51],[-44,36],[-77,-49],[-29,17],[-55,-5],[-98,-102],[-112,-59],[-38,12],[-61,60],[-81,26],[-40,42],[-44,9],[-46,-10],[-51,3],[-52,-53],[-33,19],[-40,-32],[-62,45],[-115,4],[-76,-31],[-22,-24],[-7,-47],[-46,-30],[-78,-90],[-38,-98],[-61,-91],[-86,-37],[-91,14],[-71,66]],[[11740,9775],[8,35],[40,87],[-7,71],[-23,60],[22,95],[-11,124],[-18,64],[-30,42],[-59,27],[-14,76],[10,16],[74,25],[12,50],[-98,89],[-4,31],[-33,30],[-54,10],[-77,54],[-14,38],[-38,-2],[-41,39],[-26,-28],[-46,-101],[0,-28],[-29,-33],[-28,-68],[-53,33],[-29,2],[-69,42],[-146,19],[-58,49],[-23,73],[-53,106],[35,86],[27,38],[-26,13],[-50,-15],[-60,-41],[-23,-31],[-101,-12],[5,52],[-13,57],[-100,-58],[-46,23],[-19,141],[11,44],[-4,53],[21,45],[39,36],[-43,85],[33,107],[-26,51],[-104,34],[-6,53],[-43,90],[-1,41]],[[10331,11794],[74,83],[251,415],[70,83],[72,49],[58,65],[66,124],[57,165],[84,140],[31,88]],[[11740,9775],[-36,-23],[-6,-46],[19,-47],[-15,-56],[-17,-15],[-62,-2],[-46,-32],[-21,-30],[11,-71],[-81,-138],[-75,-54],[-9,-95],[-37,-8],[-70,10],[-47,36],[-50,2],[-47,-60],[7,-79],[-27,-50],[-44,-23],[-105,-38],[-22,-81],[-69,-9],[-5,66],[-42,77],[-61,38],[-43,8],[-41,-18],[-24,28],[8,55]],[[10683,9120],[-45,27],[-63,54],[-50,24],[-54,-1],[-25,17],[-19,66],[-47,62],[-62,-57],[-40,10],[-25,-42],[-90,-15],[-79,-59],[-39,2],[-53,-30],[-49,10],[-55,-33],[-44,14],[-1,49],[-35,70],[-29,24],[-68,12],[-48,71],[-48,48],[-57,24],[-32,40],[-29,87],[-48,10],[-13,-63],[8,-43],[58,-172],[-47,-7],[-84,107]],[[9371,9426],[4,71],[-72,168],[-14,51],[3,54],[24,64],[70,128],[84,106],[82,141],[131,203],[25,52],[100,506],[70,121],[41,125],[105,386],[32,46],[83,28],[60,29],[67,54],[65,35]],[[9371,9426],[-49,59],[-9,29],[-8,95],[-136,27],[-239,85],[-98,9],[-38,13],[-25,62],[-176,16]],[[8593,9821],[25,86],[43,4],[33,31],[17,53],[-8,64],[-27,50],[-18,79],[63,32],[45,80],[51,51],[41,78],[2,26],[-47,35],[-23,57],[3,34],[44,69],[5,41],[71,24],[8,24],[-95,103],[-10,24],[3,72],[-33,47],[-13,49],[-43,36],[-15,45],[18,84],[39,79],[46,58],[49,21],[34,38],[69,10],[91,-59],[8,51]],[[9069,11397],[2,110],[43,41],[119,4],[70,28],[27,37],[132,128],[23,12],[42,55],[83,125],[30,69],[36,34],[25,73],[-4,32],[45,191],[-9,29],[39,46],[16,51],[-25,91],[25,35],[2,75],[20,72],[31,70],[40,38],[-40,27],[10,92],[-9,21],[21,61],[72,66],[-13,48],[-31,2],[-16,49],[36,28],[33,53],[9,57],[54,79],[43,-3],[13,36],[55,54],[75,23]],[[10683,9120],[-44,-19],[-116,-1],[-47,-15],[-23,-22],[-81,-168],[18,-85],[55,-57],[22,-36],[16,-70],[-37,-72],[-8,-95],[-28,-39],[-123,-19],[-36,-121],[9,-37],[39,-45],[35,-105],[-1,-51],[-16,-19],[-77,-24],[-50,-112],[-87,-73],[-90,-20],[-16,-34],[-58,-6],[7,-49],[49,-4],[39,-22],[28,-87],[66,-10],[111,6],[43,-12],[15,-32],[81,-83],[17,-46],[29,-17],[68,-1],[13,-41],[46,-22],[11,-51],[68,-53],[26,-5],[39,-40],[44,37],[22,-23],[90,-16],[26,-22],[113,17],[37,47],[30,-47],[81,-49],[74,46],[32,-37],[25,-1]],[[11269,7158],[88,28],[75,-87],[-33,-17],[-2,-62],[14,-40],[-22,-39],[13,-51],[-19,-16],[-4,-49],[-44,-104],[-34,-43],[-10,-39],[-30,-31],[-8,-43],[-40,-32],[0,-62],[-19,-53],[-50,-19],[-22,-44],[-37,-141],[-29,-62],[-23,-78],[-59,-32],[-73,28],[-49,-33],[-30,-79],[-21,-26],[-60,-40],[12,-91],[-7,-17],[-55,9],[-69,-9],[-43,37],[-37,6],[-51,-20],[-33,2],[-47,28],[-47,-27],[-13,-59],[-25,-23],[-55,-17],[-12,-49],[-107,-97],[22,-91],[-39,-82],[19,-48],[3,-79],[-6,-73],[-47,-48],[-8,-34],[0,-85],[-145,-87],[-43,-38],[-19,-66],[-32,-71],[0,-87],[-66,-22],[-35,28],[-38,0],[-75,-57],[-19,-64],[-35,-26],[-11,-84],[-27,-37],[-48,8],[-47,-20],[-48,33]],[[9408,4435],[-29,-39],[-1,-51],[-85,-46],[-42,113],[-47,47],[-42,3],[-33,-48],[-6,-52],[-96,-14],[-102,46],[-123,24],[-17,29],[-66,23],[-24,27],[-6,51],[-55,13],[-26,45],[-74,16],[-53,-31],[-19,-30],[-53,-15],[-94,76],[-5,50],[-36,4],[-4,34],[-43,68],[0,48],[-56,45],[-4,54],[35,74],[-27,21],[-21,106],[17,101],[-18,20],[-93,19],[-26,56],[38,34],[-7,89],[-20,30],[-49,127],[-60,18],[-54,-5],[-24,-24],[-31,12],[-11,123],[-29,30],[-22,47],[-1,33],[-55,-7],[-73,30],[-34,43],[-69,35],[-33,83],[-54,29],[-46,-55],[-78,-5],[-110,-88],[13,-57],[-28,-36],[-39,21],[0,-48],[-62,3],[-27,35],[-46,-34],[-23,59],[-94,-34],[-15,82],[72,25],[24,59],[-29,69],[-59,52],[5,27],[-76,10],[-29,38],[14,64],[-33,14],[5,38],[-35,47],[13,29],[-26,33],[5,37],[-38,51],[19,45],[-29,32],[-73,8],[-70,73],[9,60],[-11,28],[-62,-23],[-60,27],[-124,157],[-40,40],[-14,105],[-35,-30],[-77,29],[-53,71],[-64,27],[-47,58],[-56,56],[-51,31],[-45,75],[-33,25],[-50,-7],[-32,30],[-2,44]],[[5704,7446],[45,27],[13,56],[38,-9],[9,39],[73,71],[13,118],[34,44],[66,20],[40,-33],[49,10],[28,39],[44,-10],[-17,71],[17,78],[62,7],[-5,26],[-45,55],[32,115],[-24,15],[-46,74],[-68,33],[53,39],[-17,51],[-31,39],[71,108],[32,9],[58,-30],[68,14],[85,-34],[48,35],[46,13],[104,53],[45,-17],[34,3],[65,41],[68,9],[37,24],[29,48],[67,9],[21,14],[103,16],[2,64],[28,71],[47,45],[-33,71],[-30,18],[-70,-16],[-22,7]],[[6970,8996],[9,41],[65,67],[59,12],[36,-10],[83,81],[8,20],[-1,100],[25,33],[0,31],[-40,35],[-39,72],[9,92],[34,33],[76,51],[76,80],[63,14],[70,-1],[9,48],[55,53],[64,37],[43,-2],[12,-48],[81,-120],[-20,-57],[-50,-55],[5,-35],[90,-51],[99,-87],[28,-50],[17,-87],[81,-2],[29,25],[65,-17],[33,-26],[37,0],[62,55],[31,92],[-4,35],[46,34],[73,-18],[59,2],[70,35],[25,45],[-5,59],[-18,39],[36,126],[37,44]],[[13846,8368],[-31,-25],[-364,-419],[-239,-280],[17,-49],[-24,-65],[-103,-76],[-12,-84],[-41,-74],[-100,-64],[-103,32],[-36,18],[-59,8],[-66,-24],[12,-95],[-11,-69]],[[12686,7102],[-56,-3],[-120,-66],[-15,-34],[-58,-42],[-28,32],[-36,-19],[-63,26],[-36,-6],[-55,34],[-49,-46],[-80,-15],[-23,-43],[11,-104],[-38,-62],[-65,-44],[-20,-64],[-75,99],[-16,74],[-68,71],[0,43],[-23,42],[3,37],[-22,74],[26,110],[-17,29],[-68,28],[-95,-25],[-77,11],[-91,50],[-28,38],[-31,-22],[-14,-38],[-28,-3],[-11,-39],[-27,-14],[-24,-53]],[[12735,6063],[-27,5],[-13,51],[-32,31],[-9,44],[-26,-1],[-46,79],[4,129],[54,112],[-76,114],[-17,12],[12,61],[35,48],[1,74],[88,32],[4,60],[21,38],[-22,150]],[[12632,4910],[-27,25],[-43,4],[-92,-63],[-38,-53],[-70,-71],[-16,-62],[-48,-47],[-73,-32],[-41,43],[-57,-65],[-38,-58],[-25,-17],[-56,-6],[-19,-37],[-60,-31],[-42,10],[-74,-6],[-37,-47],[-31,-5],[-30,34],[-36,-13],[-14,-62],[-54,-34],[-28,92],[-30,3],[-55,-39],[-77,3],[-8,-51],[-28,-31],[-72,4],[-47,17],[-17,-53],[-23,0],[-34,43],[-26,-24],[-37,-4],[-25,22],[-31,96],[-41,-18],[-54,17],[-18,65],[-31,8],[-88,-21],[-89,-65],[-44,11],[-30,31],[-20,116],[-24,45],[-43,33],[-99,23],[-50,2],[-81,-57],[-83,-40],[-33,-71],[-51,-24],[-64,31],[-30,-15],[-21,-46],[-50,-39],[-17,-66],[-26,-15],[-84,-17],[-54,3],[-32,-65],[-116,26],[-18,-60],[-45,14],[-63,151],[-33,30],[-57,-21],[-54,32],[-22,42]],[[12752,4306],[6,-42],[-64,-24],[-153,8],[-64,-30],[-53,-96],[-95,44],[-66,-75],[-153,-69],[-42,-4],[-47,-25],[-3,-41],[32,-24],[12,-43],[35,-31],[48,-1],[31,-53],[40,-29],[23,-46],[-24,-37],[-58,-14],[-20,-55],[-31,42],[-99,-4],[-83,27],[-58,3],[-88,-49],[-35,-30],[-29,-117],[-42,-17],[-136,-6],[-71,-61],[-36,-20],[-13,-43],[-73,-127],[-42,-14],[-42,-35],[-16,-40],[-29,-29],[-41,29],[-38,-42],[-93,4],[-49,-15],[-19,-60],[-77,-60],[-31,-45],[-43,-38],[-155,30],[-35,22],[-49,-22],[-150,-133],[-53,1],[-31,-28],[-18,-44],[9,-64],[-7,-84],[32,-31],[19,-99],[77,-49],[12,-54],[32,-35],[15,-48],[32,-38],[32,-64],[39,-4],[26,42],[16,54],[49,19],[38,-31],[21,-42],[-49,-62],[26,-87],[-5,-66],[12,-56],[38,-34],[-19,-51],[-95,-63],[-42,-36],[2,-71],[46,-15],[80,1],[54,-91],[-20,-56],[-48,-2],[-35,-38],[-31,-64],[-46,33],[-44,6],[-39,-49],[-48,12],[-81,-3],[-35,19],[-48,2],[-86,-38],[2,-48],[20,-44],[-26,-51],[-154,-88],[-86,-105],[-11,-62],[57,-20],[73,24],[33,-27],[-35,-64],[-40,2],[-51,-40],[-23,-47],[-36,-21],[-69,18],[-54,-14],[-61,-92],[-16,-64],[-100,34],[-50,3],[-58,-20],[-49,22],[-10,52],[-33,55],[-49,12],[-111,-57],[-56,-19],[-38,14],[-35,36],[-54,26],[-66,-16],[-32,-35],[-94,-32],[-50,-36],[-66,17],[-75,79],[-40,117],[9,45],[-18,60],[-38,28],[-26,51],[-57,-12],[-71,-40],[-53,-50],[70,-82],[-27,-43],[-103,-19],[-65,0],[-14,-49],[4,-54],[-85,37],[-52,2],[-32,-62],[-50,-31],[-31,46],[-88,-37],[-62,0],[-66,-35],[-72,6],[-61,85],[-52,-17],[-37,-32],[-12,-50],[22,-41],[81,-36],[-69,-80],[-7,-82],[19,-50],[50,8],[42,-25],[8,-40],[-34,-71],[-39,-19],[-82,-12],[-20,-43],[-50,-36],[-38,-4],[-49,22],[-106,-50],[-59,-58],[-56,25],[-27,42],[-27,94],[-49,48],[-87,9],[-106,-31],[-53,8],[-80,68],[-62,129],[-23,23],[-39,1],[-140,-143],[-41,-70],[-17,-50],[-74,-143],[-32,1],[-61,34],[-74,82],[-88,37],[-46,70],[-39,23],[-32,-21],[-27,-40],[-41,24],[-33,78],[-56,47],[-21,-7],[-80,50],[-32,43],[-6,44],[10,52],[30,60],[-18,92],[0,45],[-22,29],[-81,0],[-34,95],[-32,156],[-74,137],[-72,18],[-37,26],[-9,38],[-48,13],[-20,111],[-15,18],[-71,-13],[-76,-39],[-28,6],[-8,81],[15,42],[2,83],[-14,48],[-42,42],[-37,68],[-55,49],[-49,22],[-59,70],[-65,42],[-46,-22],[-36,-72],[-99,-149],[-86,-42],[-14,-31],[32,-48],[-18,-83],[-42,-39],[-84,-52],[-97,47],[-92,4],[-95,57],[-97,27],[-104,69],[-87,26],[-74,47],[-88,-13],[-27,41],[7,81],[-9,133],[-56,5],[-21,26],[-15,81],[-43,23],[-46,-3],[-39,17],[11,68],[-30,48],[5,77],[42,64],[-64,38],[-70,-2],[-49,13],[-30,63],[-40,8],[-22,33],[-230,-102],[-41,20],[-27,-6],[-60,-52],[-58,10],[-52,37],[-49,-10],[-39,-27],[20,-46],[40,-41],[10,-56],[4,-136],[-5,-74],[-23,-17],[-98,0],[-95,-33],[-43,7],[-33,-40],[-91,-43],[-105,-83],[-63,-2],[-21,29],[-44,17],[-20,48],[-50,6],[-87,-16],[-87,52],[-36,-14],[-76,102],[-8,47],[-50,2],[-82,-10],[-54,71],[-53,4],[-28,31],[-68,-14],[-34,27],[-54,-9],[-32,25],[-51,12],[-79,-51],[-83,0],[-45,15],[-75,-9],[-98,67],[-62,24],[-32,-34],[-33,8],[-36,-26],[-46,-7],[-25,29],[-10,47],[-43,39],[-43,0],[-20,24],[-169,-106],[-77,32],[-19,76],[35,28],[75,41],[14,53],[53,86],[69,33],[88,-21],[42,29],[-1,21],[-44,46],[1,51],[-37,48],[-34,80],[-66,52],[32,70],[-12,77],[-26,25],[-2,34],[32,34],[-10,21],[-44,-4],[-32,-40],[-22,10],[-1,68],[-23,29],[-45,21],[-63,-16],[21,61],[24,30],[-33,39],[-32,-9],[-44,-65],[-28,-15],[-38,24],[-27,47],[24,59],[-26,64],[-64,26],[-5,19],[93,128],[71,48],[61,21],[39,-6],[102,7],[41,18],[1,62],[23,38],[18,68],[-75,-7],[-27,15],[-25,130],[-26,19],[-19,-35],[-38,21],[-27,80],[4,97],[14,34],[-5,39],[37,36],[1,67],[53,-7],[47,-54],[85,-49],[50,35],[75,22],[43,24],[6,46],[-22,127],[-59,24],[-15,32],[-9,143],[24,20],[52,-24],[20,-48],[34,-30],[49,-3],[69,42],[31,0],[27,-37],[20,-95],[40,-41],[8,-52],[28,-28],[34,12],[5,50],[-27,42],[13,42],[92,44],[35,-13],[51,-53],[71,-31],[175,1],[68,18],[30,-6],[30,-51],[41,6],[26,34],[24,81],[1,108],[16,101],[67,82],[6,35],[-18,35],[19,29],[67,2],[120,113],[39,102],[68,56],[83,9],[40,43],[-9,87],[79,88],[45,23],[24,76],[-49,-4],[-38,21],[-29,38],[-68,-3],[-11,16],[47,36],[50,-5],[64,16],[37,43],[17,39],[41,43],[38,63],[-15,64],[10,34],[-61,12],[-25,35],[-60,7],[44,34],[38,11],[-6,83],[14,16],[67,16],[47,89],[-46,27],[15,51],[75,67],[41,4],[33,-19],[71,76],[22,60],[-24,19],[-48,-27],[-28,5],[-24,34],[-72,9],[24,30],[-9,35],[37,70],[8,41],[31,37],[-7,66],[27,53],[-16,40],[21,73],[53,17],[89,10],[-14,65],[59,30],[10,53],[-31,56],[35,30],[13,34],[53,12],[81,59],[18,41],[-32,18],[34,51],[-10,15],[32,102],[-30,21],[17,51],[28,26],[46,7],[29,-36],[2,-56],[39,-17],[50,39],[26,-6],[20,-64],[24,-39],[36,-21],[3,-63],[19,-19],[94,-4],[38,-10],[35,55],[68,-12],[99,53],[31,7],[45,-44],[64,-10],[44,27],[56,-12],[33,30],[34,4],[105,46],[109,20],[37,30],[41,-19],[108,13],[54,51],[30,-1],[88,-50],[53,-10],[50,23],[-19,46],[-13,73],[9,44],[29,5],[43,-28],[23,-59],[56,-13],[66,-68],[39,-13],[32,46],[24,10],[24,-61],[18,-16],[75,-12],[57,5],[48,20],[30,64],[40,28],[89,39],[26,70],[31,23],[52,-35],[15,11],[-55,49],[60,16],[93,-17],[35,-38],[41,-14],[-21,-79],[73,-59],[36,-64],[70,-28],[4,-45],[42,-10]],[[9331,19617],[64,-52],[124,3],[60,21],[66,-2],[59,-25],[76,-6],[47,16],[13,45],[79,122],[-14,41],[109,32],[140,-2],[4,30],[-15,80],[20,59],[1,153],[65,19],[30,40],[54,13],[46,-3],[47,17],[50,46],[20,-53],[1,-43],[-23,-93],[11,-70],[41,-57]],[[10506,19948],[16,-16],[79,-145],[44,-63],[80,-69],[52,-22],[54,-52],[15,-31],[19,-157],[27,-48],[35,-29],[94,-58]],[[11021,19258],[25,-56],[16,-116],[47,-62],[53,-52],[73,-50],[68,-13],[414,-8],[32,4]],[[11749,18905],[-90,-110],[-23,-4],[-90,-60]],[[11546,18731],[-68,-15],[-181,-9]],[[11297,18707],[-37,35],[37,29],[-4,38],[-31,32],[-81,-17],[-100,-50],[-61,-5],[-47,14],[-55,39],[-14,-7],[-58,106],[-37,19],[-66,-16],[-75,-74],[-92,-19],[-113,-2],[-310,49]],[[10153,18878],[-31,38],[-31,-12],[-130,121],[-18,9],[-129,-1],[-233,-72]],[[9581,18961],[-17,39],[22,31],[-43,25],[-63,21],[-24,49],[157,50],[48,8],[7,57],[-46,59],[-28,13],[-38,44],[-70,55],[-70,15],[-75,5],[-13,17],[3,168]],[[12986,20245],[-10,-77],[35,-99],[-14,-27],[-41,-15],[-26,-28],[-15,-72],[11,-43],[32,-19],[21,-40],[-21,-37],[-38,1],[-87,-41],[-40,-95]],[[12793,19653],[6,-49],[-18,-19],[-30,-81],[-61,-46],[-20,-44],[-26,-16],[-49,-62],[-17,-59],[12,-70],[30,-18],[27,-68],[60,-76],[6,-39],[-13,-80]],[[12700,18926],[-58,33],[-37,-46],[-181,26],[-24,99],[-23,53],[-17,120],[40,119],[-65,-4],[-310,54],[8,26],[-22,55],[-43,37],[-265,67],[-187,-26],[29,-207],[-50,-14],[-60,-3],[-19,163],[-27,-28],[-114,-12],[-24,-98],[-89,11],[-92,-36],[-49,-57]],[[10506,19948],[46,8],[88,39],[58,13],[58,32],[57,-25],[4,-30],[49,-13],[38,-58],[69,-6],[40,-56],[134,-13],[70,-21],[84,-1],[78,45],[46,57],[51,-29],[32,-36],[33,26],[45,2],[61,-34],[58,-11],[31,27],[58,-13],[55,-57],[37,4],[64,58],[87,15],[25,17],[44,-20],[27,25],[94,25],[33,-23],[46,37],[45,-60],[91,-17],[47,-37],[10,-60],[37,-4],[9,39],[35,7],[52,-37],[79,31],[41,84],[-7,51],[20,67],[-11,28],[13,67],[38,55],[87,33],[35,47],[22,54]],[[12700,18926],[-26,-28]],[[12674,18898],[-24,-49],[-99,-52],[-99,-103],[-28,-57],[-6,-77]],[[12418,18560],[-86,-41],[-42,6],[-29,25],[-36,82],[-149,48],[-81,76],[-48,34],[-3,50],[-86,52],[-48,12],[-61,1]],[[11297,18707],[-55,-5],[-55,-64],[-26,-53],[-60,-29],[-42,-58],[-42,19],[-29,-35],[0,-78],[66,-45]],[[11054,18359],[-56,-44],[-64,25],[-34,-59],[-31,17],[-97,-6],[-27,-11],[-74,-98],[-92,11],[-51,-29],[-98,38]],[[10430,18203],[-106,55],[-44,90],[-16,54],[-25,30],[-41,17],[-55,60],[-81,67],[24,28],[29,82]],[[10115,18686],[30,174],[8,18]],[[11054,18359],[12,-40],[-6,-43],[-73,-49],[6,-33],[45,-61],[-34,-46],[20,-31],[15,-58],[-32,-4],[-26,-91],[25,-4],[-11,-94],[6,-66]],[[11001,17739],[44,-2]],[[11045,17737],[-22,-17],[-109,-36],[-50,-34],[-16,-27],[-94,-14],[-88,-63],[-50,4],[-45,29],[-25,34],[-29,-8],[-107,-84],[-26,-45],[-84,-11],[-39,-17],[-36,3],[-56,30],[-24,29]],[[10145,17510],[12,7],[37,88],[76,38],[26,44],[-10,108],[3,60],[84,42],[43,92],[4,36],[-18,47],[2,36],[26,95]],[[10145,17510],[-54,47],[-9,80],[27,83],[-19,26],[6,34],[-19,46],[-50,64],[-42,17],[-20,47],[19,65],[40,82],[19,12],[13,85],[-8,39],[-45,63],[-25,93]],[[9978,18393],[-46,45]],[[9932,18438],[9,76],[33,84],[66,87],[18,12],[57,-11]],[[9932,18438],[-42,-22],[-93,34],[-57,59],[-47,91],[-71,-24],[-56,8],[-46,-55],[-57,3],[-89,47],[-38,54],[1,64],[-27,74],[2,71],[-73,-1]],[[9239,18841],[85,38],[257,82]],[[9239,18841],[-100,-56],[-38,4],[-41,35],[-27,-43],[-39,-10],[-100,39],[-40,8]],[[8854,18818],[-100,14],[-93,48],[-195,130],[-77,8],[-39,87],[-74,-19],[-48,29],[-87,-11],[-8,-22],[-84,29],[-40,36],[-75,13],[-48,62],[-47,45],[-94,47]],[[7745,19314],[-25,12],[2,61],[56,95],[71,39],[40,7],[86,35],[50,64],[-25,58],[21,13],[5,44],[21,23],[30,-21],[23,33],[3,43],[158,-47],[36,10],[79,-45],[13,-49],[21,-5],[24,42],[32,21],[68,-11],[36,-33],[63,-20],[40,25],[73,8],[51,-9],[31,-38],[52,11],[106,-30],[45,4],[138,55],[57,-29],[79,-6],[26,-57]],[[11546,18731],[-9,-48],[96,2],[-28,-108],[-12,-13],[-4,-86],[-12,-26],[39,-17],[-23,-50],[31,-15],[37,-48],[62,-17],[5,-32],[50,-34],[68,16],[-31,-56],[-1,-86],[12,-38],[56,-310],[25,-66],[-55,-129],[5,-57]],[[11857,17513],[-7,-49],[-92,10],[-31,32],[-54,26],[-76,8],[-29,12]],[[11568,17552],[-99,100],[-25,53],[-51,35],[-145,14],[-64,21],[-101,0],[-82,-36]],[[12418,18560],[-3,-89]],[[12415,18471],[32,-56],[-2,-118],[-25,-66],[-3,-118],[4,-186],[-15,-87],[-85,-56],[-26,-60],[22,-57]],[[12317,17667],[-7,-18]],[[12310,17649],[-58,11],[-64,-9],[-75,-79],[-89,-46],[-141,3],[-26,-16]],[[12310,17649],[-32,-50],[25,-62],[8,-73]],[[12311,17464],[-21,-67],[-54,-44],[-23,-70],[24,-33],[-44,-20],[-44,-42],[-19,-73],[-43,-39],[-25,-46],[-10,-52],[-97,-14],[-38,-72],[-68,-40],[-27,24],[-89,3],[-56,-34],[-37,0]],[[11640,16845],[9,31],[36,37],[9,49],[-46,38],[-40,-16],[-61,44],[12,37],[-88,40],[-5,73],[35,47],[20,46],[4,76],[37,46],[32,74],[-26,85]],[[12311,17464],[25,-41],[-2,-105],[-18,-59],[77,-94],[12,-25],[-10,-115],[52,-83],[65,-45],[-17,-50],[12,-45]],[[12507,16802],[-24,-33],[8,-45],[-15,-69],[-54,-75],[-1,-46],[-22,-24],[21,-38]],[[12420,16472],[-15,-27],[-84,-45],[-138,4],[-57,64],[-77,14],[-47,24],[-36,66],[-95,76],[-33,-13],[-111,-12],[-129,7],[-17,-40],[20,-108],[-25,-37],[-48,15],[-77,-20],[-35,37],[-86,-3]],[[11330,16474],[16,48],[-22,136],[43,73],[-15,43],[-57,39],[32,35],[40,8],[42,-10],[38,27],[117,-23],[76,-5]],[[11330,16474],[-42,-30],[-48,29],[-56,7],[-31,42],[-60,13],[-49,49],[3,48],[-47,-21],[-89,1],[-37,54],[-55,9],[12,50],[-3,46],[-38,24],[-58,-19],[-39,23],[-40,84],[-50,4],[-39,18],[-31,101],[25,33]],[[10558,17039],[12,46],[-5,79],[13,21],[123,-17],[17,25],[-49,73],[5,33],[40,26],[-45,43],[18,60],[54,-18],[25,11],[47,-30],[33,-4],[18,37],[87,-24],[31,76],[45,30],[13,43],[-9,82],[-29,4],[10,50],[33,52]],[[13371,18478],[65,-16],[173,-58],[65,-34],[131,-105]],[[13805,18265],[24,-127],[9,-189]],[[13838,17949],[-31,-10],[-150,55],[8,28],[-68,25],[-22,-18],[-199,215],[-84,-49],[-20,31],[-33,124],[6,43]],[[13245,18393],[34,20],[50,56],[42,9]],[[14280,17595],[-61,30],[-62,61],[-90,-102],[-66,41],[-49,-47],[-124,-36],[-37,20],[-41,-16],[12,96]],[[13762,17642],[72,25],[27,69],[-18,94],[-5,119]],[[13805,18265],[60,-55],[45,-26],[125,-48],[88,14],[107,101]],[[13395,16699],[-57,13],[-46,24],[-19,41],[1,91],[142,103],[3,14],[71,60],[21,-4],[21,74],[-26,10],[6,63],[29,92]],[[13541,17280],[47,119],[95,90],[19,32],[29,88],[31,33]],[[13541,17280],[-41,5],[-202,85]],[[13298,17370],[-107,49],[134,344],[21,43],[-81,25],[-18,38],[-89,41],[-22,-40],[-57,21],[-103,7]],[[12976,17898],[-12,117],[14,22],[8,66],[-31,3],[-10,81],[37,3],[23,195],[-48,28]],[[12957,18413],[143,-21],[110,-11],[35,12]],[[12724,15543],[-40,58],[-31,70],[-22,18],[-66,3],[-116,67],[-48,86],[9,45],[97,117],[41,67],[-7,85],[12,59],[-17,26],[-82,11],[-1,104],[-18,33],[10,32],[-25,48]],[[12507,16802],[12,81],[88,23],[70,-45],[47,16],[12,-31],[78,11],[52,-13]],[[12866,16844],[27,-144],[-89,-16],[6,-25],[-46,-27],[25,-122],[32,-28],[105,24],[12,-80]],[[12866,16844],[41,29],[56,56],[64,26],[39,30],[2,35],[53,49],[90,-9],[2,27],[-28,114],[11,53],[-12,39],[20,37],[36,-21],[58,61]],[[12317,17667],[77,-47],[93,4],[74,-27],[83,-50],[40,63],[27,-34],[183,-172],[13,-35],[70,149],[-8,56],[35,106],[-44,34],[-17,180],[33,4]],[[12415,18471],[180,-11],[138,33],[50,-3],[51,-19],[69,-43],[54,-15]],[[12674,18898],[101,-18],[144,-41],[71,-26],[252,-103],[188,-81]],[[13430,18629],[-6,-41],[-53,-110]],[[13430,18629],[34,-15],[109,-24],[169,-25],[77,-50],[131,31]],[[13950,18546],[94,-14],[136,-45],[147,-54],[30,-6]],[[12793,19653],[114,-46],[9,-15],[178,-73],[9,27],[43,-14],[71,-7],[122,57],[38,50],[43,9],[23,-68],[103,-16],[42,12],[10,-71],[53,-18]],[[13651,19480],[-9,-14],[-73,9],[-66,-118],[-20,-23],[10,-146],[16,-64],[-22,-19],[8,-35],[34,-25],[48,2],[44,-28],[-41,-95],[-50,-53],[-75,-131],[-25,-111]],[[13651,19480],[125,-2],[17,5],[155,4],[33,-77],[-21,-50]],[[13960,19360],[-21,-25],[-23,-117],[5,-71],[-67,19],[-41,33],[-31,-72],[41,-65],[-22,-39],[4,-75],[35,-30],[11,-31],[41,6],[-10,-78],[68,-269]],[[13960,19360],[23,-24],[33,60],[61,41],[-29,50],[52,44]],[[9978,18393],[-21,-21],[-71,-22],[-52,16],[-37,-6],[-106,-68],[-32,14],[-104,-29],[-74,-55],[-128,19],[-49,27],[-33,-6],[-112,3]],[[9159,18265],[31,30],[-81,157],[-30,32],[-54,-2],[-37,-30],[-39,1]],[[8949,18453],[-44,-9],[-32,21],[-22,84],[-17,30],[-3,65],[41,21],[-18,153]],[[10145,17510],[-69,-43],[-138,1],[-84,-12],[-93,33],[-36,-1],[-67,-21],[-8,-31],[-57,-52],[-38,-12]],[[9555,17372],[-1,66],[-30,51],[-27,12],[-47,-15],[-31,27],[-25,56],[-40,48],[-56,28],[-44,56],[5,28],[-23,75],[25,77],[35,17],[0,55],[-19,76],[-30,55],[-63,40],[-33,77],[8,64]],[[10558,17039],[-144,-54],[-118,-77],[-71,-9],[-25,14]],[[10200,16913],[-25,26],[-48,20],[-51,2],[-113,-28],[-148,-10],[-100,2],[-147,39],[-63,46],[-49,69],[-15,35]],[[9441,17114],[30,18],[31,93],[41,45],[-8,71],[20,31]],[[11397,15191],[-17,37],[4,175],[-12,105],[-76,116],[48,29],[40,-44],[22,-50],[80,35],[-42,167],[37,94],[-72,32],[-142,12],[-14,78],[58,2],[-23,59],[-13,124],[15,51],[112,65],[3,15],[-26,109],[-49,72]],[[10492,15127],[-15,39],[14,45],[-35,79],[-5,54],[-35,19],[-12,32],[-48,61],[-49,19],[-59,137],[-45,40],[-53,29],[1,59],[82,35],[-7,29],[35,36],[-15,17],[-87,16],[-78,27],[-144,-28],[31,58],[-4,103],[-24,81],[-15,21],[21,54],[-1,46],[48,88],[46,30],[28,98],[-26,91],[-64,-57],[-49,-13],[-79,27],[-64,32],[114,41],[60,-20],[28,20],[67,21],[35,111],[63,47],[1,37],[66,78],[-19,47]],[[9234,13952],[-57,-40],[-18,-65],[-75,15],[-27,-16],[-16,-60],[-54,-51]],[[8987,13735],[-116,141],[-46,-118],[-116,36],[-51,-2],[-57,-49],[-91,-127],[-252,3],[-74,51],[-23,-1],[-49,-34],[-63,9],[-127,113],[-39,79],[-38,52],[-7,50],[36,62],[-52,148],[-7,4],[-176,-162],[-105,-3],[-464,16]],[[7070,14003],[-18,37],[-58,46],[-105,130],[-20,80],[9,54],[69,126],[-2,89],[25,111],[49,38],[-32,93],[-1,71],[32,31],[-12,54],[-30,10],[19,77],[0,48],[-38,155],[42,71],[-3,97],[-8,25],[-73,74],[17,25],[50,16],[44,0],[112,99],[-7,38],[41,65],[35,16]],[[7207,15779],[67,4],[39,18],[32,-6],[32,-32],[58,-37],[34,0],[49,50],[36,14],[90,9],[35,13],[48,-5],[87,-39],[22,-1],[93,102],[40,87],[5,35],[-13,81],[27,87]],[[7988,16159],[37,50],[114,64],[38,42],[69,9],[21,39],[38,148],[54,62],[160,124],[-18,59],[7,63],[22,26],[73,26],[64,33],[50,12],[44,47],[103,64],[6,82]],[[8870,17109],[17,-17],[104,-26],[109,17],[102,-48],[64,38],[113,20],[62,21]],[[9069,11397],[-283,378],[-25,40],[-81,45],[27,50],[-18,62],[-98,11],[-16,32],[4,67],[-33,25],[4,34],[-24,124],[16,35],[-13,38],[-58,19],[-13,65],[24,46],[52,41],[7,30],[-24,45],[23,56],[-7,34],[18,51],[79,-5],[36,-10],[31,24],[29,47],[84,9],[66,-7],[48,-48],[74,69],[14,38],[-6,59],[-22,55],[-70,60],[-17,29],[-45,1],[-1,38],[68,75],[-11,60],[5,100],[57,94],[48,6],[13,29],[-7,43],[-37,31],[16,67],[-39,101],[23,45]],[[6970,8996],[-116,-86],[-31,-2],[-50,49],[-46,-26],[-72,53],[-59,-14],[-44,90],[-55,8],[-50,46],[-49,129],[-52,59],[-43,18],[-103,-35],[-55,22],[-45,66]],[[6100,9373],[64,99],[101,102],[99,47],[49,31],[87,122],[-1,58],[-24,64],[-53,61],[53,130],[-63,19],[-39,178],[119,88],[-26,73],[-69,129],[50,67],[6,133],[-45,41],[90,155],[-35,92],[-2,73],[11,64],[70,117],[30,39],[31,67],[-7,77],[-70,138],[10,125],[-33,72],[-10,61],[104,110],[38,85],[34,20],[-2,37],[19,30],[-8,141],[-17,39],[-58,59],[-14,50],[32,56],[66,86],[45,23],[50,97],[1,46],[-23,56],[-64,72],[19,79],[31,53],[-20,61],[-5,78],[12,67],[30,78],[39,54],[-30,41],[4,23]],[[6776,13436],[31,15],[61,125],[125,46],[5,19],[-34,115],[12,78],[16,17],[54,8],[11,28],[-20,50],[5,34],[28,32]],[[6100,9373],[-25,3],[-70,40],[12,35],[-47,34],[-18,33],[-27,106],[-31,69],[-25,24],[5,78],[16,51],[-13,35],[-60,19],[7,42],[-50,58],[-92,35],[-21,18],[-56,11],[-8,59],[-33,5],[26,67],[-12,53],[75,36],[51,50],[-25,59],[26,93],[-83,2],[-39,25],[-19,-39],[-48,-8],[7,62],[-57,80],[-6,44],[42,58],[-2,42],[-27,33],[50,19],[50,63],[-3,67],[22,21],[2,82],[-42,37],[-6,47],[16,38],[-36,64],[-63,-2],[-99,19],[-28,-17],[-17,-41],[-44,9],[-59,-9],[-21,25],[-75,34],[-62,89],[-23,45],[17,41],[-18,43],[-38,34],[-8,121],[-59,98],[20,30],[-72,23],[-47,35],[3,50],[-36,40],[-20,50],[7,66],[-27,36],[-54,25],[0,36],[-62,29],[-7,29],[19,34],[15,111],[57,35],[6,30],[-18,91],[-35,75],[0,41],[-23,52],[8,82],[-36,51],[-9,47],[18,144],[12,40],[-4,43],[-39,36],[-66,-17],[-88,22],[-45,34],[-43,-20],[-47,5],[-31,-14],[-28,17],[-56,-2],[-11,75],[-49,75],[47,43],[3,42],[-31,35],[-45,11],[-99,49],[-35,42],[-14,61],[-40,35],[26,37],[50,27],[11,32],[-19,55],[-22,24],[45,43],[-44,88],[66,130],[-9,35],[74,-26],[35,44],[35,-34],[41,43],[36,-3],[35,35],[-31,51],[49,101],[-14,21],[33,27],[100,-27],[82,11],[114,51],[85,97],[5,56],[35,12],[6,35],[-17,34],[29,33],[12,37],[-17,108],[-18,74],[-22,36],[26,32]],[[4744,14885],[100,-2],[91,-35],[33,-46],[37,11],[67,-20],[41,6],[71,-20],[33,-46],[-2,-41],[21,-87],[48,-39],[61,-14],[113,-72],[27,-73],[64,-40],[146,-22],[107,30],[55,-21],[36,-33],[6,-38],[32,-55],[-5,-40],[26,-90],[25,-43],[13,-52],[41,-12],[12,-48],[22,-26],[77,-14],[30,39],[66,-1],[26,-27],[62,-35],[16,-35],[94,-67],[46,-50],[57,10],[69,28],[41,-23],[63,15],[25,-12],[6,-70],[-14,-154],[27,-70],[20,-15]],[[4744,14885],[44,73],[21,76],[-1,96],[26,84],[51,48],[56,2],[79,-56],[39,33],[45,19],[23,52],[-12,63],[78,52],[75,14],[41,51],[-1,48],[13,63],[53,100],[37,21],[51,88],[-30,71],[13,24],[67,50],[-2,24],[43,59],[31,73],[6,55],[38,62],[-3,46],[-26,27],[-6,45],[15,91],[32,23],[87,29]],[[5727,16491],[176,-22],[13,-10],[13,-75],[19,-41],[29,-11],[60,30],[105,140],[123,12],[42,18],[37,61],[34,12],[63,-31],[45,-40],[49,16],[44,-30],[29,18],[38,-17],[43,32],[30,0],[8,-46],[-93,-150],[-21,-65],[18,-64],[-22,-43],[33,-43],[6,-49],[48,-42],[111,-2],[62,-14],[-6,-48],[61,-59],[36,-65],[-25,-58],[17,-42],[41,-10],[106,6],[48,46],[30,8],[30,-34]],[[5727,16491],[84,23],[29,35],[-10,62],[4,54],[-31,13],[-9,36],[-35,14],[-5,35],[-73,62],[-3,128],[39,3],[58,-15],[47,40],[47,7],[91,-22],[59,105],[127,26],[14,38],[-33,55],[3,20],[47,12],[48,52],[37,18],[143,100],[19,19],[-5,48]],[[6419,17459],[25,19],[26,-90],[61,-48],[24,19],[16,48],[35,50],[-19,80],[-18,23],[9,36],[32,22],[172,29],[63,42],[40,-12],[45,16],[57,54],[35,18],[52,-2],[28,29],[48,21],[13,-48],[45,-49],[44,-73],[52,-40],[-60,-31],[-24,-30],[-17,-71],[-20,-39],[-33,-12],[-16,-50],[5,-88],[-30,-75],[-47,-22],[-7,-33],[20,-31],[-25,-43],[-16,-63],[-46,-26],[-48,-5],[-56,-61],[-44,-20],[-24,-34],[0,-76],[60,-49],[71,12],[42,-27],[16,-42],[31,-32],[80,-28],[62,-12],[106,-61],[40,-32],[74,-1],[4,-13],[108,-112],[24,11],[68,67],[31,49],[85,-1],[56,-42],[63,-118],[75,-67],[23,-50],[63,-16],[-24,-57],[14,-13]],[[8870,17109],[-42,33],[-83,120],[-49,92],[-1,42],[-51,51],[-10,35],[-42,35],[-44,10],[-50,47],[-16,40],[-71,59],[-156,52],[-40,34],[-5,80],[40,81],[43,-8],[33,18],[-24,52],[17,17],[69,-12],[90,-73],[39,3],[-28,44],[75,-9],[-39,91],[139,148],[3,34],[-27,88],[59,20],[76,12],[40,-82],[11,54],[-29,55],[30,23],[47,-1],[16,30],[59,29]],[[6419,17459],[-28,55],[-66,33],[-84,0],[-20,70],[1,62],[-14,32],[8,52],[-19,41],[-9,57],[21,111],[-9,54],[17,9],[115,4],[68,34],[46,50],[72,8],[45,24],[69,-1],[88,18],[38,34],[62,15],[34,41],[30,3],[16,69],[-48,23],[-7,29],[26,21],[-39,34],[-69,8],[-5,38],[-44,31],[16,55],[-8,29],[23,33],[-14,113],[13,30],[34,13],[15,66],[29,38],[-4,88],[-42,46]],[[6776,19029],[95,-7],[71,-30],[60,21],[26,52],[0,46],[50,33],[76,-6],[67,-33],[36,-4],[98,64],[45,22],[66,-16],[47,45],[66,15],[79,-20],[32,8],[55,95]],[[6776,19029],[-44,-3],[-31,23],[-39,-2],[-31,27],[-40,0],[-30,33],[-41,73],[-2,54],[-30,61],[-72,65],[-81,90],[-33,127],[-45,38],[-49,100],[-12,49],[-55,36],[-62,-5],[-27,30],[-3,33],[43,72],[92,87],[-6,36],[-67,73],[-38,61],[5,32],[62,63],[67,85],[41,120],[16,132],[-59,74],[-30,15],[13,41],[-4,51],[55,32],[28,-24],[22,28],[-55,36],[2,45],[44,53],[-42,39],[-10,28],[52,62],[-111,19],[-34,59],[-17,-45],[-32,-11],[-69,48],[-40,5],[-2,37],[-28,11],[-78,60],[-100,-4],[-36,-38],[-46,-8],[-71,50],[-35,88],[-19,22],[-40,3],[-43,21],[-26,42],[-26,10]],[[5427,21468],[150,-10],[71,14],[54,24],[105,19],[63,61],[50,7],[41,-16],[76,-1],[67,14],[121,-19],[74,1],[46,32],[61,18],[51,-1],[102,17],[50,-14],[68,15],[65,48],[44,-8],[57,-44],[68,-2],[10,-67],[14,-19],[105,5],[60,19],[156,107],[38,14],[50,51],[63,45],[62,24],[72,10],[29,45],[33,123],[57,53],[52,230],[52,51],[46,-12],[91,21],[28,-13],[102,20],[39,-28],[34,8],[18,41],[46,23],[-1,50],[26,70],[39,37],[124,54],[31,36],[-19,44],[-93,54],[-70,-1],[-43,-13],[-109,22],[1,51],[21,17],[56,-2],[50,63],[24,62],[35,34],[98,37],[39,-9],[75,16],[44,-33],[22,6],[-7,53],[40,44],[82,-8],[27,51],[-23,45],[25,38],[85,-5],[70,-71],[62,-8]],[[5427,21468],[42,37],[33,92],[-2,69],[-27,66],[17,20],[-28,47],[-42,37],[-34,49],[-62,-15],[-11,44],[-1,79],[-12,61],[9,75],[76,32],[-5,30],[15,61],[30,19],[-18,56],[-54,16],[13,39],[44,7],[26,53],[-71,64],[1,57],[68,30],[18,39],[-20,37],[39,45],[-19,71],[-59,43],[0,64],[-53,3],[-27,21],[-8,102],[-31,46],[-11,43],[11,55],[22,30],[94,63],[35,43],[9,77],[38,28],[50,-32],[28,-1],[99,32],[23,24],[25,63],[-16,93],[-35,65],[-31,16],[-79,5],[-67,80],[-69,-12],[-31,67],[20,82],[-32,56],[-12,55],[14,53],[-10,66],[-41,101],[-33,47],[-6,37],[86,64],[51,15],[59,55],[46,3],[53,26],[46,52],[35,13],[51,-7],[37,11],[91,2],[120,56],[81,-42],[47,9],[-6,35],[45,36],[-13,51],[33,41],[61,26],[58,12],[23,18],[61,0],[27,39],[35,-17],[66,2],[30,39],[40,-2],[38,-37],[35,-1],[-3,62],[29,52],[-15,40],[31,33],[49,12],[65,39],[64,-58],[11,-27],[43,-11],[23,37],[67,-47],[29,13],[15,36],[124,-32],[40,17],[58,45],[77,75],[52,22],[32,-28],[55,4],[4,32],[39,34],[51,18],[15,34],[62,2],[122,69],[39,13],[42,-88],[63,-54],[34,2],[13,51],[32,-1],[42,35],[42,-4],[27,23],[35,-18],[50,33],[38,6],[25,-26],[-7,-31],[30,-14],[44,15],[0,26],[64,9],[-8,31],[19,38],[46,1],[21,37],[44,19],[39,-26],[32,-54],[39,56]]],"transform":{"scale":[0.00003148406847642026,0.000029284726427583484],"translate":[-47.20839437170216,-24.064227029320765]},"objects":{"zonas_2017_s":{"type":"GeometryCollection","geometries":[{"arcs":[[0,1,2,3,4]],"type":"Polygon","properties":{"codigo":"1","nome":"Sé","municipio_nome":"São Paulo"},"id":"1"},{"arcs":[[-5,5,6,7,8,9,10,11]],"type":"Polygon","properties":{"codigo":"2","nome":"Parque Dom Pedro","municipio_nome":"São Paulo"},"id":"2"},{"arcs":[[-1,-12,12,13,14]],"type":"Polygon","properties":{"codigo":"3","nome":"Praça João Mendes","municipio_nome":"São Paulo"},"id":"3"},{"arcs":[[-2,-15,15,16,17,18]],"type":"Polygon","properties":{"codigo":"4","nome":"Ladeira da Memória","municipio_nome":"São Paulo"},"id":"4"},{"arcs":[[-3,-19,19,20,21]],"type":"Polygon","properties":{"codigo":"5","nome":"República","municipio_nome":"São Paulo"},"id":"5"},{"arcs":[[-4,-22,22,23,-6]],"type":"Polygon","properties":{"codigo":"6","nome":"Santa Ifigênia","municipio_nome":"São Paulo"},"id":"6"},{"arcs":[[-7,-24,24,25,26,27,28,29]],"type":"Polygon","properties":{"codigo":"7","nome":"Luz","municipio_nome":"São Paulo"},"id":"7"},{"arcs":[[-27,30,31,32,33,34]],"type":"Polygon","properties":{"codigo":"8","nome":"Bom Retiro","municipio_nome":"São Paulo"},"id":"8"},{"arcs":[[-28,-35,35,36,37,38]],"type":"Polygon","properties":{"codigo":"9","nome":"Ponte Pequena","municipio_nome":"São Paulo"},"id":"9"},{"arcs":[[-38,39,40,41,42]],"type":"Polygon","properties":{"codigo":"10","nome":"Canindé","municipio_nome":"São Paulo"},"id":"10"},{"arcs":[[-42,43,44,45,46]],"type":"Polygon","properties":{"codigo":"11","nome":"Bom Jardim","municipio_nome":"São Paulo"},"id":"11"},{"arcs":[[-29,-39,-43,-47,47,48,49,50]],"type":"Polygon","properties":{"codigo":"12","nome":"Pari","municipio_nome":"São Paulo"},"id":"12"},{"arcs":[[-30,-51,51,52]],"type":"Polygon","properties":{"codigo":"13","nome":"João Teodoro","municipio_nome":"São Paulo"},"id":"13"},{"arcs":[[-50,53,54,55,-52]],"type":"Polygon","properties":{"codigo":"14","nome":"Oriente","municipio_nome":"São Paulo"},"id":"14"},{"arcs":[[56,57,58,59,-55]],"type":"Polygon","properties":{"codigo":"15","nome":"Bresser","municipio_nome":"São Paulo"},"id":"15"},{"arcs":[[-9,60,-59,61,62]],"type":"Polygon","properties":{"codigo":"16","nome":"Brás","municipio_nome":"São Paulo"},"id":"16"},{"arcs":[[-8,-53,-56,-60,-61]],"type":"Polygon","properties":{"codigo":"17","nome":"Gasômetro","municipio_nome":"São Paulo"},"id":"17"},{"arcs":[[-10,-63,63,64,65,66,67]],"type":"Polygon","properties":{"codigo":"18","nome":"Independência","municipio_nome":"São Paulo"},"id":"18"},{"arcs":[[-67,68,69,70,71]],"type":"Polygon","properties":{"codigo":"19","nome":"Cambuci","municipio_nome":"São Paulo"},"id":"19"},{"arcs":[[-11,-68,-72,72,73,74,-13]],"type":"Polygon","properties":{"codigo":"20","nome":"Glicério","municipio_nome":"São Paulo"},"id":"20"},{"arcs":[[-71,75,76,-73]],"type":"Polygon","properties":{"codigo":"21","nome":"Aclimação","municipio_nome":"São Paulo"},"id":"21"},{"arcs":[[-74,-77,77,78,79]],"type":"Polygon","properties":{"codigo":"22","nome":"Pires da Mota","municipio_nome":"São Paulo"},"id":"22"},{"arcs":[[-79,80,81,82]],"type":"Polygon","properties":{"codigo":"23","nome":"Centro Cultural","municipio_nome":"São Paulo"},"id":"23"},{"arcs":[[-14,-75,-80,-83,83]],"type":"Polygon","properties":{"codigo":"24","nome":"Liberdade","municipio_nome":"São Paulo"},"id":"24"},{"arcs":[[-17,84,85,86,87,88]],"type":"Polygon","properties":{"codigo":"25","nome":"Treze de Maio","municipio_nome":"São Paulo"},"id":"25"},{"arcs":[[-16,-84,89,-85]],"type":"Polygon","properties":{"codigo":"26","nome":"Bexiga","municipio_nome":"São Paulo"},"id":"26"},{"arcs":[[-82,90,91,-86,-90]],"type":"Polygon","properties":{"codigo":"27","nome":"Bela Vista","municipio_nome":"São Paulo"},"id":"27"},{"arcs":[[-87,-92,92,93]],"type":"Polygon","properties":{"codigo":"28","nome":"São Carlos do Pinhal","municipio_nome":"São Paulo"},"id":"28"},{"arcs":[[-88,-94,94,95,96,97]],"type":"Polygon","properties":{"codigo":"29","nome":"Masp","municipio_nome":"São Paulo"},"id":"29"},{"arcs":[[98,99,100,101,102]],"type":"Polygon","properties":{"codigo":"30","nome":"Higienópolis","municipio_nome":"São Paulo"},"id":"30"},{"arcs":[[-18,-89,-98,103,-99,104,-20]],"type":"Polygon","properties":{"codigo":"31","nome":"Vila Buarque","municipio_nome":"São Paulo"},"id":"31"},{"arcs":[[-97,105,106,107,-100,-104]],"type":"Polygon","properties":{"codigo":"32","nome":"Consolação","municipio_nome":"São Paulo"},"id":"32"},{"arcs":[[-108,108,109,110,111]],"type":"Polygon","properties":{"codigo":"33","nome":"Pacaembu","municipio_nome":"São Paulo"},"id":"33"},{"arcs":[[-101,-112,112,113]],"type":"Polygon","properties":{"codigo":"34","nome":"FAAP","municipio_nome":"São Paulo"},"id":"34"},{"arcs":[[-21,-105,-103,114,-25,-23]],"type":"Polygon","properties":{"codigo":"35","nome":"Santa Cecília","municipio_nome":"São Paulo"},"id":"35"},{"arcs":[[-26,-115,-102,-114,115,116,-31]],"type":"Polygon","properties":{"codigo":"36","nome":"Marechal Deodoro","municipio_nome":"São Paulo"},"id":"36"},{"arcs":[[-32,-117,117]],"type":"Polygon","properties":{"codigo":"37","nome":"Rudge","municipio_nome":"São Paulo"},"id":"37"},{"arcs":[[-46,118,119,120,-48]],"type":"Polygon","properties":{"codigo":"38","nome":"Catumbi","municipio_nome":"São Paulo"},"id":"38"},{"arcs":[[-120,121,122,123,124,125,126]],"type":"Polygon","properties":{"codigo":"39","nome":"Belém","municipio_nome":"São Paulo"},"id":"39"},{"arcs":[[127,128,129,130]],"type":"Polygon","properties":{"codigo":"40","nome":"Quarta Parada","municipio_nome":"São Paulo"},"id":"40"},{"arcs":[[131,-126,132,-131,133,-57]],"type":"Polygon","properties":{"codigo":"41","nome":"Belenzinho","municipio_nome":"São Paulo"},"id":"41"},{"arcs":[[-49,-121,-127,-132,-54]],"type":"Polygon","properties":{"codigo":"42","nome":"Celso Garcia","municipio_nome":"São Paulo"},"id":"42"},{"arcs":[[-58,-134,-130,134,135,136,-62]],"type":"Polygon","properties":{"codigo":"43","nome":"Mooca","municipio_nome":"São Paulo"},"id":"43"},{"arcs":[[-136,137,138,139]],"type":"Polygon","properties":{"codigo":"44","nome":"Alto da Mooca","municipio_nome":"São Paulo"},"id":"44"},{"arcs":[[-64,-137,-140,140,141,142]],"type":"Polygon","properties":{"codigo":"45","nome":"Parque da Mooca","municipio_nome":"São Paulo"},"id":"45"},{"arcs":[[143,144,145,146,147,148,149]],"type":"Polygon","properties":{"codigo":"46","nome":"Água Rasa","municipio_nome":"São Paulo"},"id":"46"},{"arcs":[[-138,150,-144,151]],"type":"Polygon","properties":{"codigo":"47","nome":"Vila Bertioga","municipio_nome":"São Paulo"},"id":"47"},{"arcs":[[-129,152,153,-145,-151,-135]],"type":"Polygon","properties":{"codigo":"48","nome":"Regente Feijó","municipio_nome":"São Paulo"},"id":"48"},{"arcs":[[-76,154,155,156,157,-81,-78]],"type":"Polygon","properties":{"codigo":"49","nome":"Ana Rosa","municipio_nome":"São Paulo"},"id":"49"},{"arcs":[[-70,158,159,160,161,-155]],"type":"Polygon","properties":{"codigo":"50","nome":"Jardim da Glória","municipio_nome":"São Paulo"},"id":"50"},{"arcs":[[-161,162,163,164]],"type":"Polygon","properties":{"codigo":"51","nome":"Chácara Klabin","municipio_nome":"São Paulo"},"id":"51"},{"arcs":[[-156,-162,-165,165,166]],"type":"Polygon","properties":{"codigo":"52","nome":"Vila Mariana","municipio_nome":"São Paulo"},"id":"52"},{"arcs":[[-164,167,168,169,170,-166]],"type":"Polygon","properties":{"codigo":"53","nome":"Santa Cruz","municipio_nome":"São Paulo"},"id":"53"},{"arcs":[[-170,171,172,173]],"type":"Polygon","properties":{"codigo":"54","nome":"Vila Clementino","municipio_nome":"São Paulo"},"id":"54"},{"arcs":[[-167,-171,-174,174,175]],"type":"Polygon","properties":{"codigo":"55","nome":"França Pinto","municipio_nome":"São Paulo"},"id":"55"},{"arcs":[[-157,-176,176,177]],"type":"Polygon","properties":{"codigo":"56","nome":"Rodrigues Alves","municipio_nome":"São Paulo"},"id":"56"},{"arcs":[[-91,-158,-178,178,179,180]],"type":"Polygon","properties":{"codigo":"57","nome":"Paraíso","municipio_nome":"São Paulo"},"id":"57"},{"arcs":[[-169,181,182,183,184]],"type":"Polygon","properties":{"codigo":"58","nome":"Bosque da Saúde","municipio_nome":"São Paulo"},"id":"58"},{"arcs":[[-184,185,186,187,188,189]],"type":"Polygon","properties":{"codigo":"59","nome":"Saúde","municipio_nome":"São Paulo"},"id":"59"},{"arcs":[[-189,190,191,192,193,194,195]],"type":"Polygon","properties":{"codigo":"60","nome":"Planalto Paulista","municipio_nome":"São Paulo"},"id":"60"},{"arcs":[[-172,-185,-190,-196,196,197]],"type":"Polygon","properties":{"codigo":"61","nome":"Mirandópolis","municipio_nome":"São Paulo"},"id":"61"},{"arcs":[[-175,198,199,200,201,-179,-177]],"type":"Polygon","properties":{"codigo":"62","nome":"Parque Ibirapuera","municipio_nome":"São Paulo"},"id":"62"},{"arcs":[[-173,-198,202,203,-199]],"type":"Polygon","properties":{"codigo":"63","nome":"Jardim Luzitânia","municipio_nome":"São Paulo"},"id":"63"},{"arcs":[[-195,204,205,-203,-197]],"type":"Polygon","properties":{"codigo":"64","nome":"Moema","municipio_nome":"São Paulo"},"id":"64"},{"arcs":[[-204,-206,206,207,208,209]],"type":"Polygon","properties":{"codigo":"65","nome":"Vila Helena","municipio_nome":"São Paulo"},"id":"65"},{"arcs":[[-194,210,211,-207,-205]],"type":"Polygon","properties":{"codigo":"66","nome":"Bandeirantes","municipio_nome":"São Paulo"},"id":"66"},{"arcs":[[-200,-210,212,213,214]],"type":"Polygon","properties":{"codigo":"67","nome":"Vila Nova Conceição","municipio_nome":"São Paulo"},"id":"67"},{"arcs":[[-214,215,216,217,218,219]],"type":"Polygon","properties":{"codigo":"68","nome":"Chácara Itaim","municipio_nome":"São Paulo"},"id":"68"},{"arcs":[[-209,220,221,-216,-213]],"type":"Polygon","properties":{"codigo":"69","nome":"Vila Olímpia","municipio_nome":"São Paulo"},"id":"69"},{"arcs":[[-208,-212,222,223,-221]],"type":"Polygon","properties":{"codigo":"70","nome":"Hélio Pelegrino","municipio_nome":"São Paulo"},"id":"70"},{"arcs":[[-223,224,225,226,227]],"type":"Polygon","properties":{"codigo":"71","nome":"Brooklin","municipio_nome":"São Paulo"},"id":"71"},{"arcs":[[-227,228,229,230,231]],"type":"Polygon","properties":{"codigo":"72","nome":"Vila Cordeiro","municipio_nome":"São Paulo"},"id":"72"},{"arcs":[[-217,-222,-224,-228,-232,232,233]],"type":"Polygon","properties":{"codigo":"73","nome":"Berrini","municipio_nome":"São Paulo"},"id":"73"},{"arcs":[[-93,-181,234,235,-95]],"type":"Polygon","properties":{"codigo":"74","nome":"Campinas","municipio_nome":"São Paulo"},"id":"74"},{"arcs":[[-180,-202,236,237,-235]],"type":"Polygon","properties":{"codigo":"75","nome":"Pamplona","municipio_nome":"São Paulo"},"id":"75"},{"arcs":[[-201,-215,-220,238,239,240,241,-237]],"type":"Polygon","properties":{"codigo":"76","nome":"Jardins","municipio_nome":"São Paulo"},"id":"76"},{"arcs":[[-107,242,243,-241,244,245,246,-109]],"type":"Polygon","properties":{"codigo":"77","nome":"Clínicas","municipio_nome":"São Paulo"},"id":"77"},{"arcs":[[-238,-242,-244,247]],"type":"Polygon","properties":{"codigo":"78","nome":"Oscar Freire","municipio_nome":"São Paulo"},"id":"78"},{"arcs":[[-96,-236,-248,-243,-106]],"type":"Polygon","properties":{"codigo":"79","nome":"Trianon","municipio_nome":"São Paulo"},"id":"79"},{"arcs":[[-240,248,249,250,-245]],"type":"Polygon","properties":{"codigo":"80","nome":"Jardim Paulistano","municipio_nome":"São Paulo"},"id":"80"},{"arcs":[[-219,251,252,-249,-239]],"type":"Polygon","properties":{"codigo":"81","nome":"Jardim Europa","municipio_nome":"São Paulo"},"id":"81"},{"arcs":[[-250,-253,253,254,255,256]],"type":"Polygon","properties":{"codigo":"82","nome":"Pinheiros","municipio_nome":"São Paulo"},"id":"82"},{"arcs":[[-246,-251,-257,257,258,259,260]],"type":"Polygon","properties":{"codigo":"83","nome":"Vila Madalena","municipio_nome":"São Paulo"},"id":"83"},{"arcs":[[261,262,263,264,265]],"type":"Polygon","properties":{"codigo":"84","nome":"PUC","municipio_nome":"São Paulo"},"id":"84"},{"arcs":[[-111,266,-262,267,-113]],"type":"Polygon","properties":{"codigo":"85","nome":"Cardoso de Almeida","municipio_nome":"São Paulo"},"id":"85"},{"arcs":[[-110,-247,268,269,-263,-267]],"type":"Polygon","properties":{"codigo":"86","nome":"Zequinha de Abreu","municipio_nome":"São Paulo"},"id":"86"},{"arcs":[[-261,270,271,-269]],"type":"Polygon","properties":{"codigo":"87","nome":"Sumaré","municipio_nome":"São Paulo"},"id":"87"},{"arcs":[[-264,-270,-272,272,273,274]],"type":"Polygon","properties":{"codigo":"88","nome":"Perdizes","municipio_nome":"São Paulo"},"id":"88"},{"arcs":[[-260,275,276,277,-273,-271]],"type":"Polygon","properties":{"codigo":"89","nome":"Vila Anglo Brasileira","municipio_nome":"São Paulo"},"id":"89"},{"arcs":[[-274,-278,278,279,280]],"type":"Polygon","properties":{"codigo":"90","nome":"Pompéia","municipio_nome":"São Paulo"},"id":"90"},{"arcs":[[281,282,283,284,285,286,287]],"type":"Polygon","properties":{"codigo":"91","nome":"Santa Marina","municipio_nome":"São Paulo"},"id":"91"},{"arcs":[[-33,-118,288,-287,289]],"type":"Polygon","properties":{"codigo":"92","nome":"Barra Funda","municipio_nome":"São Paulo"},"id":"92"},{"arcs":[[-116,-268,-266,290,-289]],"type":"Polygon","properties":{"codigo":"93","nome":"Francisco Matarazzo","municipio_nome":"São Paulo"},"id":"93"},{"arcs":[[-265,-275,-281,291,-288,-291]],"type":"Polygon","properties":{"codigo":"94","nome":"Água Branca","municipio_nome":"São Paulo"},"id":"94"},{"arcs":[[-259,292,293,-276]],"type":"Polygon","properties":{"codigo":"95","nome":"Vila Beatriz","municipio_nome":"São Paulo"},"id":"95"},{"arcs":[[-256,294,295,296,297,-293,-258]],"type":"Polygon","properties":{"codigo":"96","nome":"Alto de Pinheiros","municipio_nome":"São Paulo"},"id":"96"},{"arcs":[[-297,298,299,300,301,302,303]],"type":"Polygon","properties":{"codigo":"97","nome":"Boaçava","municipio_nome":"São Paulo"},"id":"97"},{"arcs":[[304,305,306,307,308,309]],"type":"Polygon","properties":{"codigo":"98","nome":"Vila Anastácio","municipio_nome":"São Paulo"},"id":"98"},{"arcs":[[-283,310,-309,311,312]],"type":"Polygon","properties":{"codigo":"99","nome":"Lapa de Baixo","municipio_nome":"São Paulo"},"id":"99"},{"arcs":[[-280,313,314,315,-310,-311,-282,-292]],"type":"Polygon","properties":{"codigo":"100","nome":"Lapa","municipio_nome":"São Paulo"},"id":"100"},{"arcs":[[-277,-294,-298,-304,316,-314,-279]],"type":"Polygon","properties":{"codigo":"101","nome":"Vila Ipojuca","municipio_nome":"São Paulo"},"id":"101"},{"arcs":[[-303,317,318,319,-315,-317]],"type":"Polygon","properties":{"codigo":"102","nome":"Alto da Lapa","municipio_nome":"São Paulo"},"id":"102"},{"arcs":[[-305,-316,-320,320,321]],"type":"Polygon","properties":{"codigo":"103","nome":"Gavião Peixoto","municipio_nome":"São Paulo"},"id":"103"},{"arcs":[[-319,322,323,324,-321]],"type":"Polygon","properties":{"codigo":"104","nome":"Bela Aliança","municipio_nome":"São Paulo"},"id":"104"},{"arcs":[[-302,325,326,-323,-318]],"type":"Polygon","properties":{"codigo":"105","nome":"Vila Hamburguesa","municipio_nome":"São Paulo"},"id":"105"},{"arcs":[[-301,327,328,329,-326]],"type":"Polygon","properties":{"codigo":"106","nome":"CEASA","municipio_nome":"São Paulo"},"id":"106"},{"arcs":[[-324,-327,-330,330]],"type":"Polygon","properties":{"codigo":"107","nome":"Vila Leopoldina","municipio_nome":"São Paulo"},"id":"107"},{"arcs":[[-306,-322,-325,-331,-329,331,332,333]],"type":"Polygon","properties":{"codigo":"108","nome":"Emissário","municipio_nome":"São Paulo"},"id":"108"},{"arcs":[[334,335,336,337,338,339,340]],"type":"Polygon","properties":{"codigo":"109","nome":"Vila Zatt","municipio_nome":"São Paulo"},"id":"109"},{"arcs":[[-308,341,-341,342,343,-312]],"type":"Polygon","properties":{"codigo":"110","nome":"Pirituba","municipio_nome":"São Paulo"},"id":"110"},{"arcs":[[-307,344,345,-335,-342]],"type":"Polygon","properties":{"codigo":"111","nome":"São Domingos","municipio_nome":"São Paulo"},"id":"111"},{"arcs":[[-336,-346,346,347,348,349,350]],"type":"Polygon","properties":{"codigo":"112","nome":"Jardim Mutinga","municipio_nome":"São Paulo"},"id":"112"},{"arcs":[[351,-347,-345,-334]],"type":"Polygon","properties":{"codigo":"113","nome":"Vila Jaguara","municipio_nome":"São Paulo"},"id":"113"},{"arcs":[[-350,352,353,354]],"type":"Polygon","properties":{"codigo":"114","nome":"Parque do Jaraguá","municipio_nome":"São Paulo"},"id":"114"},{"arcs":[[-337,-351,-355,355,356,357]],"type":"Polygon","properties":{"codigo":"115","nome":"Nova Jaraguá","municipio_nome":"São Paulo"},"id":"115"},{"arcs":[[-338,-358,358,359,360,361,362]],"type":"Polygon","properties":{"codigo":"116","nome":"Parada de Taipas","municipio_nome":"São Paulo"},"id":"116"},{"arcs":[[363,364,365,366,367]],"type":"Polygon","properties":{"codigo":"117","nome":"Parque Morro Doce","municipio_nome":"São Paulo"},"id":"117"},{"arcs":[[368,-368,369,370,371,-356,-354]],"type":"Polygon","properties":{"codigo":"118","nome":"Anhanguera","municipio_nome":"São Paulo"},"id":"118"},{"arcs":[[-357,-372,372,373,374,-359]],"type":"Polygon","properties":{"codigo":"119","nome":"Perus","municipio_nome":"São Paulo"},"id":"119"},{"arcs":[[-361,375,376,377]],"type":"Polygon","properties":{"codigo":"120","nome":"Vista Alegre","municipio_nome":"São Paulo"},"id":"120"},{"arcs":[[-362,-378,378,379,380,381,382]],"type":"Polygon","properties":{"codigo":"121","nome":"Jardim Damasceno","municipio_nome":"São Paulo"},"id":"121"},{"arcs":[[-339,-363,-383,383,384]],"type":"Polygon","properties":{"codigo":"122","nome":"Vila Souza","municipio_nome":"São Paulo"},"id":"122"},{"arcs":[[-382,385,386,-384]],"type":"Polygon","properties":{"codigo":"123","nome":"Vila Terezinha","municipio_nome":"São Paulo"},"id":"123"},{"arcs":[[-381,387,388,389,390,-386]],"type":"Polygon","properties":{"codigo":"124","nome":"Brasilândia","municipio_nome":"São Paulo"},"id":"124"},{"arcs":[[-340,-385,-387,-391,391,392,-343]],"type":"Polygon","properties":{"codigo":"125","nome":"Vila Morro Grande","municipio_nome":"São Paulo"},"id":"125"},{"arcs":[[-390,393,394,395,-392]],"type":"Polygon","properties":{"codigo":"126","nome":"Itaberaba","municipio_nome":"São Paulo"},"id":"126"},{"arcs":[[-284,-313,-344,-393,-396,396,397]],"type":"Polygon","properties":{"codigo":"127","nome":"Freguesia do Ó","municipio_nome":"São Paulo"},"id":"127"},{"arcs":[[398,399,400,401]],"type":"Polygon","properties":{"codigo":"128","nome":"Carandiru","municipio_nome":"São Paulo"},"id":"128"},{"arcs":[[-399,402,403,404,405]],"type":"Polygon","properties":{"codigo":"129","nome":"Santana","municipio_nome":"São Paulo"},"id":"129"},{"arcs":[[-400,-406,406,407,408]],"type":"Polygon","properties":{"codigo":"130","nome":"Zaki Narchi","municipio_nome":"São Paulo"},"id":"130"},{"arcs":[[-37,409,-401,-409,410,-40]],"type":"Polygon","properties":{"codigo":"131","nome":"Tietê","municipio_nome":"São Paulo"},"id":"131"},{"arcs":[[-34,411,412,413,-402,-410,-36]],"type":"Polygon","properties":{"codigo":"132","nome":"Parque Anhembi","municipio_nome":"São Paulo"},"id":"132"},{"arcs":[[-403,-414,414,415,416]],"type":"Polygon","properties":{"codigo":"133","nome":"Alfredo Pujol","municipio_nome":"São Paulo"},"id":"133"},{"arcs":[[-416,417,418,419]],"type":"Polygon","properties":{"codigo":"134","nome":"Santa Terezinha","municipio_nome":"São Paulo"},"id":"134"},{"arcs":[[-404,-417,-420,420,421,422,423]],"type":"Polygon","properties":{"codigo":"135","nome":"Jardim São Paulo","municipio_nome":"São Paulo"},"id":"135"},{"arcs":[[-286,424,425,426,-412,-290]],"type":"Polygon","properties":{"codigo":"136","nome":"Casa Verde","municipio_nome":"São Paulo"},"id":"136"},{"arcs":[[-413,-427,427,428,429,-418,-415]],"type":"Polygon","properties":{"codigo":"137","nome":"Parque Peruche","municipio_nome":"São Paulo"},"id":"137"},{"arcs":[[-285,-398,430,431,-425]],"type":"Polygon","properties":{"codigo":"138","nome":"Limão","municipio_nome":"São Paulo"},"id":"138"},{"arcs":[[-395,432,433,-431,-397]],"type":"Polygon","properties":{"codigo":"139","nome":"Jardim Primavera","municipio_nome":"São Paulo"},"id":"139"},{"arcs":[[-426,-432,-434,434,-428]],"type":"Polygon","properties":{"codigo":"140","nome":"Vila Santa Maria","municipio_nome":"São Paulo"},"id":"140"},{"arcs":[[-389,435,436,437,-429,-435,-433,-394]],"type":"Polygon","properties":{"codigo":"141","nome":"Cachoeirinha","municipio_nome":"São Paulo"},"id":"141"},{"arcs":[[-380,438,439,440,-436,-388]],"type":"Polygon","properties":{"codigo":"142","nome":"Jardim Peri","municipio_nome":"São Paulo"},"id":"142"},{"arcs":[[-377,441,442,443,-439,-379]],"type":"Polygon","properties":{"codigo":"143","nome":"Reserva da Cantareira","municipio_nome":"São Paulo"},"id":"143"},{"arcs":[[-419,-430,-438,444,445,-421]],"type":"Polygon","properties":{"codigo":"144","nome":"Mandaqui","municipio_nome":"São Paulo"},"id":"144"},{"arcs":[[-437,-441,446,447,448,449,-445]],"type":"Polygon","properties":{"codigo":"145","nome":"Horto Florestal","municipio_nome":"São Paulo"},"id":"145"},{"arcs":[[-440,-444,450,451,-447]],"type":"Polygon","properties":{"codigo":"146","nome":"ETA Guaraú","municipio_nome":"São Paulo"},"id":"146"},{"arcs":[[452,453,454,455,456,457]],"type":"Polygon","properties":{"codigo":"147","nome":"Parque Palmas do Tremembé","municipio_nome":"São Paulo"},"id":"147"},{"arcs":[[-449,458,-458,459]],"type":"Polygon","properties":{"codigo":"148","nome":"Tremembé","municipio_nome":"São Paulo"},"id":"148"},{"arcs":[[-448,-452,460,461,462,463,464,-453,-459]],"type":"Polygon","properties":{"codigo":"149","nome":"Cantareira","municipio_nome":"São Paulo"},"id":"149"},{"arcs":[[-454,-465,465,466,467,468]],"type":"Polygon","properties":{"codigo":"150","nome":"Jardim das Pedras","municipio_nome":"São Paulo"},"id":"150"},{"arcs":[[-455,-469,469,470,471]],"type":"Polygon","properties":{"codigo":"151","nome":"Jardim Guapira","municipio_nome":"São Paulo"},"id":"151"},{"arcs":[[-423,472,473,474,475]],"type":"Polygon","properties":{"codigo":"152","nome":"Parada Inglesa","municipio_nome":"São Paulo"},"id":"152"},{"arcs":[[-422,-446,-450,-460,-457,476,-473]],"type":"Polygon","properties":{"codigo":"153","nome":"Tucuruvi","municipio_nome":"São Paulo"},"id":"153"},{"arcs":[[-456,-472,477,478,-474,-477]],"type":"Polygon","properties":{"codigo":"154","nome":"Vila Gustavo","municipio_nome":"São Paulo"},"id":"154"},{"arcs":[[-468,479,480,481,482,-470]],"type":"Polygon","properties":{"codigo":"155","nome":"Cohab Jova Rural","municipio_nome":"São Paulo"},"id":"155"},{"arcs":[[-471,-483,483,484,485,-478]],"type":"Polygon","properties":{"codigo":"156","nome":"Jaçanã","municipio_nome":"São Paulo"},"id":"156"},{"arcs":[[-485,486,487,488]],"type":"Polygon","properties":{"codigo":"157","nome":"Parque Edu Chaves","municipio_nome":"São Paulo"},"id":"157"},{"arcs":[[-475,-479,489,490,491]],"type":"Polygon","properties":{"codigo":"158","nome":"Vila Medeiros","municipio_nome":"São Paulo"},"id":"158"},{"arcs":[[-486,-489,492,493,494,-490]],"type":"Polygon","properties":{"codigo":"159","nome":"Jardim Brasil","municipio_nome":"São Paulo"},"id":"159"},{"arcs":[[-491,-495,495,496,497]],"type":"Polygon","properties":{"codigo":"160","nome":"Jardim Japão","municipio_nome":"São Paulo"},"id":"160"},{"arcs":[[-124,498,-496,-494,499,500,501,502]],"type":"Polygon","properties":{"codigo":"161","nome":"Parque Novo Mundo","municipio_nome":"São Paulo"},"id":"161"},{"arcs":[[-123,503,504,-497,-499]],"type":"Polygon","properties":{"codigo":"162","nome":"Vila Maria","municipio_nome":"São Paulo"},"id":"162"},{"arcs":[[-405,-424,-476,-492,-498,-505,505,506,-407]],"type":"Polygon","properties":{"codigo":"163","nome":"Vila Isolina Mazzei","municipio_nome":"São Paulo"},"id":"163"},{"arcs":[[-45,507,-506,-504,-122,-119]],"type":"Polygon","properties":{"codigo":"164","nome":"Vila Guilherme","municipio_nome":"São Paulo"},"id":"164"},{"arcs":[[-41,-411,-408,-507,-508,-44]],"type":"Polygon","properties":{"codigo":"165","nome":"Coroa","municipio_nome":"São Paulo"},"id":"165"},{"arcs":[[508,509,510,511,512]],"type":"Polygon","properties":{"codigo":"166","nome":"Gomes Cardim","municipio_nome":"São Paulo"},"id":"166"},{"arcs":[[-128,513,-513,514,-153]],"type":"Polygon","properties":{"codigo":"167","nome":"Tatuapé","municipio_nome":"São Paulo"},"id":"167"},{"arcs":[[-125,-503,515,-509,-514,-133]],"type":"Polygon","properties":{"codigo":"168","nome":"Chácara do Piqueri","municipio_nome":"São Paulo"},"id":"168"},{"arcs":[[-502,516,517,518,-510,-516]],"type":"Polygon","properties":{"codigo":"169","nome":"Parque São Jorge","municipio_nome":"São Paulo"},"id":"169"},{"arcs":[[-501,519,520,521,522,523,-517]],"type":"Polygon","properties":{"codigo":"170","nome":"Penha","municipio_nome":"São Paulo"},"id":"170"},{"arcs":[[-523,524,525,526,527,528]],"type":"Polygon","properties":{"codigo":"171","nome":"Tiquatira","municipio_nome":"São Paulo"},"id":"171"},{"arcs":[[-527,529,530,531,532]],"type":"Polygon","properties":{"codigo":"172","nome":"Vila Esperança","municipio_nome":"São Paulo"},"id":"172"},{"arcs":[[-531,533,534,535,536,537]],"type":"Polygon","properties":{"codigo":"173","nome":"Vila Ré","municipio_nome":"São Paulo"},"id":"173"},{"arcs":[[538,539,540,541,542]],"type":"Polygon","properties":{"codigo":"174","nome":"Rui Barbosa","municipio_nome":"São Paulo"},"id":"174"},{"arcs":[[-543,543,544,545]],"type":"Polygon","properties":{"codigo":"175","nome":"Estação Eng. Goulart","municipio_nome":"São Paulo"},"id":"175"},{"arcs":[[-522,546,-545,547,-525]],"type":"Polygon","properties":{"codigo":"176","nome":"Cangaíba","municipio_nome":"São Paulo"},"id":"176"},{"arcs":[[-521,548,549,550,551,-539,-546,-547]],"type":"Polygon","properties":{"codigo":"177","nome":"Parque Ecológico do Tietê","municipio_nome":"São Paulo"},"id":"177"},{"arcs":[[-540,-552,552]],"type":"Polygon","properties":{"codigo":"178","nome":"USP Leste I","municipio_nome":"São Paulo"},"id":"178"},{"arcs":[[553,554,555,556,557]],"type":"Polygon","properties":{"codigo":"179","nome":"USP Leste II","municipio_nome":"São Paulo"},"id":"179"},{"arcs":[[-541,-553,-551,-558,558,559]],"type":"Polygon","properties":{"codigo":"180","nome":"Ermelino Matarazzo","municipio_nome":"São Paulo"},"id":"180"},{"arcs":[[-557,560,561,562,563,564,-559]],"type":"Polygon","properties":{"codigo":"181","nome":"Parque Buturussu","municipio_nome":"São Paulo"},"id":"181"},{"arcs":[[-526,-548,-544,-542,-560,-565,565,-534,-530]],"type":"Polygon","properties":{"codigo":"182","nome":"Ponte Rasa","municipio_nome":"São Paulo"},"id":"182"},{"arcs":[[-535,-566,-564,566,567,568]],"type":"Polygon","properties":{"codigo":"183","nome":"Burgo Paulista","municipio_nome":"São Paulo"},"id":"183"},{"arcs":[[-563,569,570,-567]],"type":"Polygon","properties":{"codigo":"184","nome":"Limoeiro","municipio_nome":"São Paulo"},"id":"184"},{"arcs":[[-562,571,572,573,574,575,-570]],"type":"Polygon","properties":{"codigo":"185","nome":"Laranja da China","municipio_nome":"São Paulo"},"id":"185"},{"arcs":[[-572,576,577]],"type":"Polygon","properties":{"codigo":"186","nome":"Pedro José Nunes","municipio_nome":"São Paulo"},"id":"186"},{"arcs":[[-556,578,579,580,-577,-561]],"type":"Polygon","properties":{"codigo":"187","nome":"Parque Cruzeiro do Sul","municipio_nome":"São Paulo"},"id":"187"},{"arcs":[[-573,-578,581,582,583]],"type":"Polygon","properties":{"codigo":"188","nome":"Vila Jacuí","municipio_nome":"São Paulo"},"id":"188"},{"arcs":[[584,585,586,587,588,589]],"type":"Polygon","properties":{"codigo":"189","nome":"Parada XV","municipio_nome":"São Paulo"},"id":"189"},{"arcs":[[-590,590,591,592,593,594,595,596,597]],"type":"Polygon","properties":{"codigo":"190","nome":"Itaquera","municipio_nome":"São Paulo"},"id":"190"},{"arcs":[[-596,598,599,600]],"type":"Polygon","properties":{"codigo":"191","nome":"Arena Corinthians","municipio_nome":"São Paulo"},"id":"191"},{"arcs":[[-597,-601,601,602,603]],"type":"Polygon","properties":{"codigo":"192","nome":"Vila Campanela","municipio_nome":"São Paulo"},"id":"192"},{"arcs":[[-568,-571,-576,604,-603,605]],"type":"Polygon","properties":{"codigo":"193","nome":"Araucárias","municipio_nome":"São Paulo"},"id":"193"},{"arcs":[[-575,606,-585,-598,-604,-605]],"type":"Polygon","properties":{"codigo":"194","nome":"Parque Guarani","municipio_nome":"São Paulo"},"id":"194"},{"arcs":[[-574,-584,607,-586,-607]],"type":"Polygon","properties":{"codigo":"195","nome":"Rio Verde","municipio_nome":"São Paulo"},"id":"195"},{"arcs":[[-583,608,609,610,611,-587,-608]],"type":"Polygon","properties":{"codigo":"196","nome":"Saudade","municipio_nome":"São Paulo"},"id":"196"},{"arcs":[[-581,612,613,-609,-582]],"type":"Polygon","properties":{"codigo":"197","nome":"São Miguel Paulista","municipio_nome":"São Paulo"},"id":"197"},{"arcs":[[-610,-614,614,615,616]],"type":"Polygon","properties":{"codigo":"198","nome":"Cidade Nitro-Operária","municipio_nome":"São Paulo"},"id":"198"},{"arcs":[[-616,617,618,619,620]],"type":"Polygon","properties":{"codigo":"199","nome":"Jardim Helena","municipio_nome":"São Paulo"},"id":"199"},{"arcs":[[-620,621,622,623,624]],"type":"Polygon","properties":{"codigo":"200","nome":"Jardim Romano","municipio_nome":"São Paulo"},"id":"200"},{"arcs":[[-617,-621,625,626,627]],"type":"Polygon","properties":{"codigo":"201","nome":"Vila Curuçá","municipio_nome":"São Paulo"},"id":"201"},{"arcs":[[-611,-628,628,629,630]],"type":"Polygon","properties":{"codigo":"202","nome":"Jardim Robru","municipio_nome":"São Paulo"},"id":"202"},{"arcs":[[-588,-612,-631,631,632,633]],"type":"Polygon","properties":{"codigo":"203","nome":"Lajeado","municipio_nome":"São Paulo"},"id":"203"},{"arcs":[[-630,634,635,636,637,-632]],"type":"Polygon","properties":{"codigo":"204","nome":"Fábrica Bandeirantes","municipio_nome":"São Paulo"},"id":"204"},{"arcs":[[-627,638,639,640,641,-635,-629]],"type":"Polygon","properties":{"codigo":"205","nome":"Fazenda Itaim","municipio_nome":"São Paulo"},"id":"205"},{"arcs":[[-625,642,-639,-626]],"type":"Polygon","properties":{"codigo":"206","nome":"Itaim Paulista","municipio_nome":"São Paulo"},"id":"206"},{"arcs":[[-624,643,644,-640,-643]],"type":"Polygon","properties":{"codigo":"207","nome":"Jardim das Oliveiras","municipio_nome":"São Paulo"},"id":"207"},{"arcs":[[-511,-519,645,646,647]],"type":"Polygon","properties":{"codigo":"208","nome":"Vila Califórnia","municipio_nome":"São Paulo"},"id":"208"},{"arcs":[[-647,648,649,650,651,652,653]],"type":"Polygon","properties":{"codigo":"209","nome":"Vila Carrão","municipio_nome":"São Paulo"},"id":"209"},{"arcs":[[-146,-154,-515,-512,-648,-654,654]],"type":"Polygon","properties":{"codigo":"210","nome":"Jardim Anália Franco","municipio_nome":"São Paulo"},"id":"210"},{"arcs":[[-147,-655,-653,655,656,657]],"type":"Polygon","properties":{"codigo":"211","nome":"Vila Formosa","municipio_nome":"São Paulo"},"id":"211"},{"arcs":[[-652,658,659,660,661,-656]],"type":"Polygon","properties":{"codigo":"212","nome":"Barreira Grande","municipio_nome":"São Paulo"},"id":"212"},{"arcs":[[-651,662,663,664,-659]],"type":"Polygon","properties":{"codigo":"213","nome":"Aricanduva","municipio_nome":"São Paulo"},"id":"213"},{"arcs":[[-518,-524,-529,665,-649,-646]],"type":"Polygon","properties":{"codigo":"214","nome":"Frei Mont'Alverne","municipio_nome":"São Paulo"},"id":"214"},{"arcs":[[-528,-533,666,667,668,-650,-666]],"type":"Polygon","properties":{"codigo":"215","nome":"Vila Matilde","municipio_nome":"São Paulo"},"id":"215"},{"arcs":[[-532,-538,669,-667]],"type":"Polygon","properties":{"codigo":"216","nome":"Cidade Patriarca","municipio_nome":"São Paulo"},"id":"216"},{"arcs":[[-536,-569,-606,-602,670]],"type":"Polygon","properties":{"codigo":"217","nome":"Cidade A.E.Carvalho","municipio_nome":"São Paulo"},"id":"217"},{"arcs":[[-537,-671,-600,671,672,-668,-670]],"type":"Polygon","properties":{"codigo":"218","nome":"Artur Alvim","municipio_nome":"São Paulo"},"id":"218"},{"arcs":[[-663,-669,-673,673,674]],"type":"Polygon","properties":{"codigo":"219","nome":"Cidade Líder","municipio_nome":"São Paulo"},"id":"219"},{"arcs":[[-595,675,676,-674,-672,-599]],"type":"Polygon","properties":{"codigo":"220","nome":"Santa Marcelina","municipio_nome":"São Paulo"},"id":"220"},{"arcs":[[-664,-675,-677,677,678,679]],"type":"Polygon","properties":{"codigo":"221","nome":"Parque Savoy","municipio_nome":"São Paulo"},"id":"221"},{"arcs":[[-594,680,681,-678,-676]],"type":"Polygon","properties":{"codigo":"222","nome":"Vila Carmosina","municipio_nome":"São Paulo"},"id":"222"},{"arcs":[[-593,682,683,-681]],"type":"Polygon","properties":{"codigo":"223","nome":"Fazenda Caguaçu","municipio_nome":"São Paulo"},"id":"223"},{"arcs":[[-679,-682,-684,684,685,686,687]],"type":"Polygon","properties":{"codigo":"224","nome":"Parque do Carmo","municipio_nome":"São Paulo"},"id":"224"},{"arcs":[[-592,688,689,690,691,692,-685,-683]],"type":"Polygon","properties":{"codigo":"225","nome":"Gleba do Pêssego","municipio_nome":"São Paulo"},"id":"225"},{"arcs":[[-589,-634,693,-689,-591]],"type":"Polygon","properties":{"codigo":"226","nome":"José Bonifácio","municipio_nome":"São Paulo"},"id":"226"},{"arcs":[[-633,-638,694,695,696,-690,-694]],"type":"Polygon","properties":{"codigo":"227","nome":"Guaianases","municipio_nome":"São Paulo"},"id":"227"},{"arcs":[[-696,697,698,699]],"type":"Polygon","properties":{"codigo":"228","nome":"Juscelino Kubitschek","municipio_nome":"São Paulo"},"id":"228"},{"arcs":[[-691,-697,-700,700,701,702]],"type":"Polygon","properties":{"codigo":"229","nome":"Cidade Tiradentes","municipio_nome":"São Paulo"},"id":"229"},{"arcs":[[-702,703,704,705]],"type":"Polygon","properties":{"codigo":"230","nome":"Santa Etelvina","municipio_nome":"São Paulo"},"id":"230"},{"arcs":[[-692,-703,-706,706,707,708,709]],"type":"Polygon","properties":{"codigo":"231","nome":"Terceira Divisão","municipio_nome":"São Paulo"},"id":"231"},{"arcs":[[-686,-693,-710,710,711,712]],"type":"Polygon","properties":{"codigo":"232","nome":"Iguatemi","municipio_nome":"São Paulo"},"id":"232"},{"arcs":[[-687,-713,713,714,715]],"type":"Polygon","properties":{"codigo":"233","nome":"Sítio Carrãozinho","municipio_nome":"São Paulo"},"id":"233"},{"arcs":[[-709,716,717,-711]],"type":"Polygon","properties":{"codigo":"234","nome":"Parque São Rafael","municipio_nome":"São Paulo"},"id":"234"},{"arcs":[[-712,-718,718,719,720,721,-714]],"type":"Polygon","properties":{"codigo":"235","nome":"Rodolfo Pirani","municipio_nome":"São Paulo"},"id":"235"},{"arcs":[[722,723,724,725]],"type":"Polygon","properties":{"codigo":"236","nome":"Ipiranga","municipio_nome":"São Paulo"},"id":"236"},{"arcs":[[-725,726,727,728,729,730]],"type":"Polygon","properties":{"codigo":"237","nome":"Sacomã","municipio_nome":"São Paulo"},"id":"237"},{"arcs":[[-730,731,732,733,734,735]],"type":"Polygon","properties":{"codigo":"238","nome":"Alto do Ipiranga","municipio_nome":"São Paulo"},"id":"238"},{"arcs":[[-160,736,-726,-731,-736,737,-163]],"type":"Polygon","properties":{"codigo":"239","nome":"Vila São José","municipio_nome":"São Paulo"},"id":"239"},{"arcs":[[-66,738,-723,-737,-159,-69]],"type":"Polygon","properties":{"codigo":"240","nome":"Vila Monumento","municipio_nome":"São Paulo"},"id":"240"},{"arcs":[[-65,-143,739,740,-727,-724,-739]],"type":"Polygon","properties":{"codigo":"241","nome":"Vila Independência","municipio_nome":"São Paulo"},"id":"241"},{"arcs":[[-728,-741,741,742,743]],"type":"Polygon","properties":{"codigo":"242","nome":"Vila Carioca","municipio_nome":"São Paulo"},"id":"242"},{"arcs":[[-733,744,745,746,747,748]],"type":"Polygon","properties":{"codigo":"243","nome":"Moinho Velho","municipio_nome":"São Paulo"},"id":"243"},{"arcs":[[-729,-744,749,750,-745,-732]],"type":"Polygon","properties":{"codigo":"244","nome":"Vila Heliópolis","municipio_nome":"São Paulo"},"id":"244"},{"arcs":[[-746,-751,751,752,753,754,755]],"type":"Polygon","properties":{"codigo":"245","nome":"São João Clímaco","municipio_nome":"São Paulo"},"id":"245"},{"arcs":[[-755,756,757,758]],"type":"Polygon","properties":{"codigo":"246","nome":"Anchieta","municipio_nome":"São Paulo"},"id":"246"},{"arcs":[[-747,-756,-759,759,760,761]],"type":"Polygon","properties":{"codigo":"247","nome":"Vila das Mercês","municipio_nome":"São Paulo"},"id":"247"},{"arcs":[[-761,762,763,764,765,766]],"type":"Polygon","properties":{"codigo":"248","nome":"Parque do Estado","municipio_nome":"São Paulo"},"id":"248"},{"arcs":[[-187,767,768,-748,-762,-767,769]],"type":"Polygon","properties":{"codigo":"249","nome":"Água Funda","municipio_nome":"São Paulo"},"id":"249"},{"arcs":[[-183,770,771,-768,-186]],"type":"Polygon","properties":{"codigo":"250","nome":"Jardim da Saúde","municipio_nome":"São Paulo"},"id":"250"},{"arcs":[[-168,-738,-735,772,-771,-182]],"type":"Polygon","properties":{"codigo":"251","nome":"Vila Gumercindo","municipio_nome":"São Paulo"},"id":"251"},{"arcs":[[-734,-749,-769,-772,-773]],"type":"Polygon","properties":{"codigo":"252","nome":"Jardim Previdência","municipio_nome":"São Paulo"},"id":"252"},{"arcs":[[-142,773,774,775,-742,-740]],"type":"Polygon","properties":{"codigo":"253","nome":"Tamanduateí","municipio_nome":"São Paulo"},"id":"253"},{"arcs":[[-139,-152,-150,776,777,-774,-141]],"type":"Polygon","properties":{"codigo":"254","nome":"Orfanato","municipio_nome":"São Paulo"},"id":"254"},{"arcs":[[-775,-778,778,779,780]],"type":"Polygon","properties":{"codigo":"255","nome":"Vila Zelina","municipio_nome":"São Paulo"},"id":"255"},{"arcs":[[-149,781,782,-779,-777]],"type":"Polygon","properties":{"codigo":"256","nome":"Linhas Corrente","municipio_nome":"São Paulo"},"id":"256"},{"arcs":[[-148,-658,783,784,-782]],"type":"Polygon","properties":{"codigo":"257","nome":"Vila Ema","municipio_nome":"São Paulo"},"id":"257"},{"arcs":[[-780,-783,-785,785,786,787,788]],"type":"Polygon","properties":{"codigo":"258","nome":"Parque São Lucas","municipio_nome":"São Paulo"},"id":"258"},{"arcs":[[789,790,791,792,793]],"type":"Polygon","properties":{"codigo":"259","nome":"Vila Cardoso Franco","municipio_nome":"São Paulo"},"id":"259"},{"arcs":[[-787,794,795,-794,796]],"type":"Polygon","properties":{"codigo":"260","nome":"Parque Santa Madalena","municipio_nome":"São Paulo"},"id":"260"},{"arcs":[[-657,-662,797,-795,-786,-784]],"type":"Polygon","properties":{"codigo":"261","nome":"Jardim Colorado","municipio_nome":"São Paulo"},"id":"261"},{"arcs":[[-661,798,799,800,-790,-796,-798]],"type":"Polygon","properties":{"codigo":"262","nome":"Teotônio Vilela","municipio_nome":"São Paulo"},"id":"262"},{"arcs":[[-791,-801,801,802,803]],"type":"Polygon","properties":{"codigo":"263","nome":"Fazenda da Juta","municipio_nome":"São Paulo"},"id":"263"},{"arcs":[[-721,804,-802,-800,805,806,807]],"type":"Polygon","properties":{"codigo":"264","nome":"São Mateus","municipio_nome":"São Paulo"},"id":"264"},{"arcs":[[-660,808,-806,-799]],"type":"Polygon","properties":{"codigo":"265","nome":"Cidade IV Centenário","municipio_nome":"São Paulo"},"id":"265"},{"arcs":[[-665,-680,-688,-716,809,-807,-809]],"type":"Polygon","properties":{"codigo":"266","nome":"Rio Claro","municipio_nome":"São Paulo"},"id":"266"},{"arcs":[[-715,-722,-808,-810]],"type":"Polygon","properties":{"codigo":"267","nome":"Cidade Satélite","municipio_nome":"São Paulo"},"id":"267"},{"arcs":[[-229,810,811,812]],"type":"Polygon","properties":{"codigo":"268","nome":"Joaquim Nabuco","municipio_nome":"São Paulo"},"id":"268"},{"arcs":[[-226,813,814,815,-811]],"type":"Polygon","properties":{"codigo":"269","nome":"Vieira de Moraes","municipio_nome":"São Paulo"},"id":"269"},{"arcs":[[-211,816,-814,-225]],"type":"Polygon","properties":{"codigo":"270","nome":"Campo Belo","municipio_nome":"São Paulo"},"id":"270"},{"arcs":[[-193,817,818,-815,-817]],"type":"Polygon","properties":{"codigo":"271","nome":"Congonhas","municipio_nome":"São Paulo"},"id":"271"},{"arcs":[[-812,-816,-819,819,820,821]],"type":"Polygon","properties":{"codigo":"272","nome":"Jardim Aeroporto","municipio_nome":"São Paulo"},"id":"272"},{"arcs":[[-821,822,823,824]],"type":"Polygon","properties":{"codigo":"273","nome":"Vila Santa Catarina","municipio_nome":"São Paulo"},"id":"273"},{"arcs":[[-192,825,826,-823,-820,-818]],"type":"Polygon","properties":{"codigo":"274","nome":"Jabaquara","municipio_nome":"São Paulo"},"id":"274"},{"arcs":[[-188,-770,-766,827,-826,-191]],"type":"Polygon","properties":{"codigo":"275","nome":"Cidade Vargas","municipio_nome":"São Paulo"},"id":"275"},{"arcs":[[-765,828,829,830,-824,-827,-828]],"type":"Polygon","properties":{"codigo":"276","nome":"Jardim Bom Clima","municipio_nome":"São Paulo"},"id":"276"},{"arcs":[[-822,-825,-831,831,832,833,834,835]],"type":"Polygon","properties":{"codigo":"277","nome":"Cupecê","municipio_nome":"São Paulo"},"id":"277"},{"arcs":[[-830,836,837,838,839,-832]],"type":"Polygon","properties":{"codigo":"278","nome":"Jardim Miriam","municipio_nome":"São Paulo"},"id":"278"},{"arcs":[[-833,-840,840,841]],"type":"Polygon","properties":{"codigo":"279","nome":"Vila Missionária","municipio_nome":"São Paulo"},"id":"279"},{"arcs":[[842,843,844,845,846,847]],"type":"Polygon","properties":{"codigo":"280","nome":"Jurubatuba","municipio_nome":"São Paulo"},"id":"280"},{"arcs":[[-835,848,-843,849,850]],"type":"Polygon","properties":{"codigo":"281","nome":"Vila São Pedro","municipio_nome":"São Paulo"},"id":"281"},{"arcs":[[-834,-842,851,852,-849]],"type":"Polygon","properties":{"codigo":"282","nome":"Campo Grande","municipio_nome":"São Paulo"},"id":"282"},{"arcs":[[-844,-853,853,854,855]],"type":"Polygon","properties":{"codigo":"283","nome":"Vila Sabará","municipio_nome":"São Paulo"},"id":"283"},{"arcs":[[-839,856,857,-854,-852,-841]],"type":"Polygon","properties":{"codigo":"284","nome":"Mar Paulista","municipio_nome":"São Paulo"},"id":"284"},{"arcs":[[-838,858,859,860,861,862,863,-857]],"type":"Polygon","properties":{"codigo":"285","nome":"Pedreira","municipio_nome":"São Paulo"},"id":"285"},{"arcs":[[-846,864,865,866,867]],"type":"Polygon","properties":{"codigo":"286","nome":"Vila Socorro","municipio_nome":"São Paulo"},"id":"286"},{"arcs":[[-845,868,869,870,-865]],"type":"Polygon","properties":{"codigo":"287","nome":"Parque Interlagos","municipio_nome":"São Paulo"},"id":"287"},{"arcs":[[-870,871,872,873,874]],"type":"Polygon","properties":{"codigo":"288","nome":"Jardim Represa","municipio_nome":"São Paulo"},"id":"288"},{"arcs":[[-856,875,876,-872,-869]],"type":"Polygon","properties":{"codigo":"289","nome":"Rio Bonito","municipio_nome":"São Paulo"},"id":"289"},{"arcs":[[-855,-858,-864,877,878,879,-876]],"type":"Polygon","properties":{"codigo":"290","nome":"SESC Interlagos","municipio_nome":"São Paulo"},"id":"290"},{"arcs":[[-873,-877,-880,880,881,882,883,884]],"type":"Polygon","properties":{"codigo":"291","nome":"Jardim Presidente","municipio_nome":"São Paulo"},"id":"291"},{"arcs":[[-882,885,886,887,888]],"type":"Polygon","properties":{"codigo":"292","nome":"Vila Natal","municipio_nome":"São Paulo"},"id":"292"},{"arcs":[[-879,889,890,-886,-881]],"type":"Polygon","properties":{"codigo":"293","nome":"Grajaú","municipio_nome":"São Paulo"},"id":"293"},{"arcs":[[-863,891,892,893,-890,-878]],"type":"Polygon","properties":{"codigo":"294","nome":"Cocaia","municipio_nome":"São Paulo"},"id":"294"},{"arcs":[[-887,-891,-894,894]],"type":"Polygon","properties":{"codigo":"295","nome":"Belmira Marin","municipio_nome":"São Paulo"},"id":"295"},{"arcs":[[-888,-895,-893,895,896,897]],"type":"Polygon","properties":{"codigo":"296","nome":"Bororé","municipio_nome":"São Paulo"},"id":"296"},{"arcs":[[-884,898,899,900,901,902]],"type":"Polygon","properties":{"codigo":"297","nome":"Jaceguava","municipio_nome":"São Paulo"},"id":"297"},{"arcs":[[-883,-889,-898,903,904,905,-899]],"type":"Polygon","properties":{"codigo":"298","nome":"Parelheiros","municipio_nome":"São Paulo"},"id":"298"},{"arcs":[[-905,906,907,908,909,910]],"type":"Polygon","properties":{"codigo":"299","nome":"Marsilac","municipio_nome":"São Paulo"},"id":"299"},{"arcs":[[-230,911,912,913,914,915]],"type":"Polygon","properties":{"codigo":"300","nome":"Granja Julieta","municipio_nome":"São Paulo"},"id":"300"},{"arcs":[[-813,-836,-851,916,-912]],"type":"Polygon","properties":{"codigo":"301","nome":"Chácara Flora","municipio_nome":"São Paulo"},"id":"301"},{"arcs":[[-848,917,-913,-917,-850]],"type":"Polygon","properties":{"codigo":"302","nome":"Santo Amaro","municipio_nome":"São Paulo"},"id":"302"},{"arcs":[[-847,-868,918,-914,-918]],"type":"Polygon","properties":{"codigo":"303","nome":"Vila Miranda","municipio_nome":"São Paulo"},"id":"303"},{"arcs":[[919,920,921,922,923]],"type":"Polygon","properties":{"codigo":"304","nome":"Jardim São Luís","municipio_nome":"São Paulo"},"id":"304"},{"arcs":[[-867,924,925,926,-920,927,-919]],"type":"Polygon","properties":{"codigo":"305","nome":"Centro Empresarial","municipio_nome":"São Paulo"},"id":"305"},{"arcs":[[-925,-866,-871,-875,928,929,930]],"type":"Polygon","properties":{"codigo":"306","nome":"Guarapiranga","municipio_nome":"São Paulo"},"id":"306"},{"arcs":[[-874,-885,-903,931,932,-929]],"type":"Polygon","properties":{"codigo":"307","nome":"Jardim Capela","municipio_nome":"São Paulo"},"id":"307"},{"arcs":[[-930,-933,933,934,935]],"type":"Polygon","properties":{"codigo":"308","nome":"Riviera","municipio_nome":"São Paulo"},"id":"308"},{"arcs":[[-935,936,937,938,939]],"type":"Polygon","properties":{"codigo":"309","nome":"Jardim Turquesa","municipio_nome":"São Paulo"},"id":"309"},{"arcs":[[-939,940,941,942]],"type":"Polygon","properties":{"codigo":"310","nome":"Morro do Índio","municipio_nome":"São Paulo"},"id":"310"},{"arcs":[[-926,-931,-936,-940,-943,943]],"type":"Polygon","properties":{"codigo":"311","nome":"Jardim Ângela","municipio_nome":"São Paulo"},"id":"311"},{"arcs":[[-921,-927,944,945,946,947]],"type":"Polygon","properties":{"codigo":"312","nome":"Capão Redondo","municipio_nome":"São Paulo"},"id":"312"},{"arcs":[[-942,948,-945,-944]],"type":"Polygon","properties":{"codigo":"313","nome":"Jardim Sônia Ingá","municipio_nome":"São Paulo"},"id":"313"},{"arcs":[[-938,949,950,951,-946,-949,-941]],"type":"Polygon","properties":{"codigo":"314","nome":"Adventista","municipio_nome":"São Paulo"},"id":"314"},{"arcs":[[-947,-952,952,953,954,955]],"type":"Polygon","properties":{"codigo":"315","nome":"Parque Fernanda","municipio_nome":"São Paulo"},"id":"315"},{"arcs":[[956,957,958,959,960,961]],"type":"Polygon","properties":{"codigo":"316","nome":"Morumbi","municipio_nome":"São Paulo"},"id":"316"},{"arcs":[[-218,-234,962,-962,963,-254,-252]],"type":"Polygon","properties":{"codigo":"317","nome":"Jóquei Clube","municipio_nome":"São Paulo"},"id":"317"},{"arcs":[[-231,964,965,-957,-963,-233]],"type":"Polygon","properties":{"codigo":"318","nome":"Fazenda Morumbi","municipio_nome":"São Paulo"},"id":"318"},{"arcs":[[-958,-966,966,967,968]],"type":"Polygon","properties":{"codigo":"319","nome":"Real Parque","municipio_nome":"São Paulo"},"id":"319"},{"arcs":[[-916,969,970,971,-967,-965]],"type":"Polygon","properties":{"codigo":"320","nome":"Paraisópolis","municipio_nome":"São Paulo"},"id":"320"},{"arcs":[[-915,-928,-924,972,-970]],"type":"Polygon","properties":{"codigo":"321","nome":"Jardim Vitória Régia","municipio_nome":"São Paulo"},"id":"321"},{"arcs":[[-923,973,974,975,976,-971,-973]],"type":"Polygon","properties":{"codigo":"322","nome":"Vila Suzana","municipio_nome":"São Paulo"},"id":"322"},{"arcs":[[-922,-948,-956,977,978,979,-974]],"type":"Polygon","properties":{"codigo":"323","nome":"Parque Arariba","municipio_nome":"São Paulo"},"id":"323"},{"arcs":[[-955,980,981,982,983,-978]],"type":"Polygon","properties":{"codigo":"324","nome":"Jardim Mitsutani","municipio_nome":"São Paulo"},"id":"324"},{"arcs":[[-979,-984,984,985,986]],"type":"Polygon","properties":{"codigo":"325","nome":"Pirajussara","municipio_nome":"São Paulo"},"id":"325"},{"arcs":[[-975,-980,-987,987,988,989]],"type":"Polygon","properties":{"codigo":"326","nome":"Jardim Umarizal","municipio_nome":"São Paulo"},"id":"326"},{"arcs":[[-968,-972,-977,990,991]],"type":"Polygon","properties":{"codigo":"327","nome":"Portal do Morumbi","municipio_nome":"São Paulo"},"id":"327"},{"arcs":[[-976,-990,992,993,994,-991]],"type":"Polygon","properties":{"codigo":"328","nome":"Jardim Jussara","municipio_nome":"São Paulo"},"id":"328"},{"arcs":[[-959,-969,-992,-995,995,996,997]],"type":"Polygon","properties":{"codigo":"329","nome":"Vila Sônia","municipio_nome":"São Paulo"},"id":"329"},{"arcs":[[-994,998,999,1000,-996]],"type":"Polygon","properties":{"codigo":"330","nome":"Jardim Maria do Carmo","municipio_nome":"São Paulo"},"id":"330"},{"arcs":[[-1000,1001,1002,1003,1004,1005,1006,1007,1008]],"type":"Polygon","properties":{"codigo":"331","nome":"Jardim Cambará","municipio_nome":"São Paulo"},"id":"331"},{"arcs":[[-1005,1009,1010,1011]],"type":"Polygon","properties":{"codigo":"332","nome":"Jardim João XXIII","municipio_nome":"São Paulo"},"id":"332"},{"arcs":[[-1006,-1012,1012,1013,1014,1015]],"type":"Polygon","properties":{"codigo":"333","nome":"Raposo Tavares","municipio_nome":"São Paulo"},"id":"333"},{"arcs":[[1016,1017,1018,1019,1020,1021]],"type":"Polygon","properties":{"codigo":"334","nome":"Rio Pequeno","municipio_nome":"São Paulo"},"id":"334"},{"arcs":[[-1008,1022,-1017,1023]],"type":"Polygon","properties":{"codigo":"335","nome":"Jardim Ester Yolanda","municipio_nome":"São Paulo"},"id":"335"},{"arcs":[[-1007,-1016,1024,1025,1026,-1018,-1023]],"type":"Polygon","properties":{"codigo":"336","nome":"Jardim Adalgiza","municipio_nome":"São Paulo"},"id":"336"},{"arcs":[[-1019,-1027,1027,1028]],"type":"Polygon","properties":{"codigo":"337","nome":"Parque Continental","municipio_nome":"São Paulo"},"id":"337"},{"arcs":[[-300,1029,-1020,-1029,1030,1031,1032,-332,-328]],"type":"Polygon","properties":{"codigo":"338","nome":"Jaguaré","municipio_nome":"São Paulo"},"id":"338"},{"arcs":[[-296,1033,1034,1035,-1021,-1030,-299]],"type":"Polygon","properties":{"codigo":"339","nome":"Cidade Universitária","municipio_nome":"São Paulo"},"id":"339"},{"arcs":[[-255,-964,-961,1036,-1034,-295]],"type":"Polygon","properties":{"codigo":"340","nome":"Butantã","municipio_nome":"São Paulo"},"id":"340"},{"arcs":[[-960,-998,1037,-1035,-1037]],"type":"Polygon","properties":{"codigo":"341","nome":"Jardim Caxingui","municipio_nome":"São Paulo"},"id":"341"},{"arcs":[[-997,-1001,-1009,-1024,-1022,-1036,-1038]],"type":"Polygon","properties":{"codigo":"342","nome":"Jardim Bonfiglioli","municipio_nome":"São Paulo"},"id":"342"},{"arcs":[[-360,-375,1038,1039,1040,-442,-376]],"type":"Polygon","properties":{"codigo":"343","nome":"Melhoramentos","municipio_nome":"Caieiras"},"id":"343"},{"arcs":[[-374,1041,1042,1043,1044,-1039]],"type":"Polygon","properties":{"codigo":"344","nome":"Caieiras","municipio_nome":"Caieiras"},"id":"344"},{"arcs":[[-1043,1045,1046,1047]],"type":"Polygon","properties":{"codigo":"345","nome":"Serpa","municipio_nome":"Caieiras"},"id":"345"},{"arcs":[[1048,-1046,-1042,-373,-371,1049]],"type":"Polygon","properties":{"codigo":"346","nome":"Santa Inês","municipio_nome":"Caieiras"},"id":"346"},{"arcs":[[1050,1051,-1050,-370,-367,1052]],"type":"Polygon","properties":{"codigo":"347","nome":"Cajamar","municipio_nome":"Cajamar"},"id":"347"},{"arcs":[[-1051,1053,1054,1055,1056]],"type":"Polygon","properties":{"codigo":"348","nome":"Jordanésia","municipio_nome":"Cajamar"},"id":"348"},{"arcs":[[-1047,-1049,-1052,-1057,1057,1058,1059]],"type":"Polygon","properties":{"codigo":"349","nome":"Cristais","municipio_nome":"Franco da Rocha"},"id":"349"},{"arcs":[[-1044,-1048,-1060,1060,1061,1062,1063]],"type":"Polygon","properties":{"codigo":"350","nome":"Baltazar Fidélis","municipio_nome":"Franco da Rocha"},"id":"350"},{"arcs":[[-1063,1064,1065,1066,1067]],"type":"Polygon","properties":{"codigo":"351","nome":"Franco da Rocha","municipio_nome":"Franco da Rocha"},"id":"351"},{"arcs":[[-1040,-1045,-1064,-1068,1068,1069,1070]],"type":"Polygon","properties":{"codigo":"352","nome":"Parque do Juqueri","municipio_nome":"Franco da Rocha"},"id":"352"},{"arcs":[[-1067,1071,1072,1073,1074,-1069]],"type":"Polygon","properties":{"codigo":"353","nome":"Palmares","municipio_nome":"Franco da Rocha"},"id":"353"},{"arcs":[[-1059,1075,1076,1077,-1061]],"type":"Polygon","properties":{"codigo":"354","nome":"Sete Voltas","municipio_nome":"Francisco Morato"},"id":"354"},{"arcs":[[-1062,-1078,1078,-1065]],"type":"Polygon","properties":{"codigo":"355","nome":"Afonso Moreno","municipio_nome":"Francisco Morato"},"id":"355"},{"arcs":[[-1066,-1079,-1077,1079,1080,-1072]],"type":"Polygon","properties":{"codigo":"356","nome":"Francisco Morato","municipio_nome":"Francisco Morato"},"id":"356"},{"arcs":[[-1073,-1081,1081]],"type":"Polygon","properties":{"codigo":"357","nome":"Cascatas","municipio_nome":"Francisco Morato"},"id":"357"},{"arcs":[[-462,1082,1083,1084]],"type":"Polygon","properties":{"codigo":"358","nome":"Mairiporã","municipio_nome":"Mairiporã"},"id":"358"},{"arcs":[[-443,-1041,-1071,1085,-1083,-461,-451]],"type":"Polygon","properties":{"codigo":"359","nome":"Paiva Castro","municipio_nome":"Mairiporã"},"id":"359"},{"arcs":[[-1070,-1075,1086,1087,-1084,-1086]],"type":"Polygon","properties":{"codigo":"360","nome":"Colinas","municipio_nome":"Mairiporã"},"id":"360"},{"arcs":[[-463,-1085,-1088,1088,1089,1090,1091]],"type":"Polygon","properties":{"codigo":"361","nome":"Pirucaia","municipio_nome":"Mairiporã"},"id":"361"},{"arcs":[[1092,1093,1094,1095,1096]],"type":"Polygon","properties":{"codigo":"362","nome":"Guarulhos","municipio_nome":"Guarulhos"},"id":"362"},{"arcs":[[-1097,1097,1098,1099,1100]],"type":"Polygon","properties":{"codigo":"363","nome":"Macedo","municipio_nome":"Guarulhos"},"id":"363"},{"arcs":[[-555,1101,1102,1103,1104,1105,-579]],"type":"Polygon","properties":{"codigo":"364","nome":"Cumbica","municipio_nome":"Guarulhos"},"id":"364"},{"arcs":[[-550,1106,-1093,-1101,1107,-1102,-554]],"type":"Polygon","properties":{"codigo":"365","nome":"Várzea do Palácio","municipio_nome":"Guarulhos"},"id":"365"},{"arcs":[[-488,1108,1109,-1094,-1107,-549,-520,-500,-493]],"type":"Polygon","properties":{"codigo":"366","nome":"Ponte Grande","municipio_nome":"Guarulhos"},"id":"366"},{"arcs":[[-1095,-1110,1110,1111]],"type":"Polygon","properties":{"codigo":"367","nome":"Gopouva","municipio_nome":"Guarulhos"},"id":"367"},{"arcs":[[-482,1112,1113,-1111,-1109,-487,-484]],"type":"Polygon","properties":{"codigo":"368","nome":"Vila São Rafael","municipio_nome":"Guarulhos"},"id":"368"},{"arcs":[[-481,1114,1115,-1113]],"type":"Polygon","properties":{"codigo":"369","nome":"Vila Rosália","municipio_nome":"Guarulhos"},"id":"369"},{"arcs":[[-1096,-1112,-1114,-1116,1116,1117,-1098]],"type":"Polygon","properties":{"codigo":"370","nome":"André Luiz","municipio_nome":"Guarulhos"},"id":"370"},{"arcs":[[-1099,-1118,1118,1119,1120,1121]],"type":"Polygon","properties":{"codigo":"371","nome":"Jardim Santa Clara","municipio_nome":"Guarulhos"},"id":"371"},{"arcs":[[-1100,-1122,1122,1123,-1103,-1108]],"type":"Polygon","properties":{"codigo":"372","nome":"Parque CECAP","municipio_nome":"Guarulhos"},"id":"372"},{"arcs":[[-1121,1124,1125,-1123]],"type":"Polygon","properties":{"codigo":"373","nome":"Taboão","municipio_nome":"Guarulhos"},"id":"373"},{"arcs":[[-1104,-1124,-1126,1126,1127,1128]],"type":"Polygon","properties":{"codigo":"374","nome":"Aeroporto","municipio_nome":"Guarulhos"},"id":"374"},{"arcs":[[-1105,-1129,1129,1130,1131,1132,1133]],"type":"Polygon","properties":{"codigo":"375","nome":"Jardim Presidente Dutra","municipio_nome":"Guarulhos"},"id":"375"},{"arcs":[[-1132,1134,1135,1136,1137,1138]],"type":"Polygon","properties":{"codigo":"376","nome":"Baquirivu","municipio_nome":"Guarulhos"},"id":"376"},{"arcs":[[-619,1139,-1133,-1139,1140,1141,1142,-622]],"type":"Polygon","properties":{"codigo":"377","nome":"Água Chata","municipio_nome":"Guarulhos"},"id":"377"},{"arcs":[[-580,-1106,-1134,-1140,-618,-615,-613]],"type":"Polygon","properties":{"codigo":"378","nome":"Pimentas","municipio_nome":"Guarulhos"},"id":"378"},{"arcs":[[-467,1143,1144,-1119,-1117,-1115,-480]],"type":"Polygon","properties":{"codigo":"379","nome":"Cabuçu","municipio_nome":"Guarulhos"},"id":"379"},{"arcs":[[-1120,-1145,1145,1146,-1127,-1125]],"type":"Polygon","properties":{"codigo":"380","nome":"Invernada","municipio_nome":"Guarulhos"},"id":"380"},{"arcs":[[-464,-1092,1147,1148,-1146,-1144,-466]],"type":"Polygon","properties":{"codigo":"381","nome":"Morro dos Macacos","municipio_nome":"Guarulhos"},"id":"381"},{"arcs":[[-1128,-1147,-1149,1149,1150,-1130]],"type":"Polygon","properties":{"codigo":"382","nome":"Chácaras Bananal","municipio_nome":"Guarulhos"},"id":"382"},{"arcs":[[-1131,-1151,1151,-1135]],"type":"Polygon","properties":{"codigo":"383","nome":"Estrada de Nazaré Paulista","municipio_nome":"Guarulhos"},"id":"383"},{"arcs":[[-1091,1152,1153,-1136,-1152,-1150,-1148]],"type":"Polygon","properties":{"codigo":"384","nome":"Água Azul","municipio_nome":"Guarulhos"},"id":"384"},{"arcs":[[-1090,1154,1155,1156,-1153]],"type":"Polygon","properties":{"codigo":"385","nome":"Vasconcelândia","municipio_nome":"Guarulhos"},"id":"385"},{"arcs":[[-1137,-1154,-1157,1157,1158]],"type":"Polygon","properties":{"codigo":"386","nome":"Arujazinho","municipio_nome":"Arujá"},"id":"386"},{"arcs":[[-1138,-1159,1159,1160,1161,-1141]],"type":"Polygon","properties":{"codigo":"387","nome":"Arujá","municipio_nome":"Arujá"},"id":"387"},{"arcs":[[-1161,1162,1163,1164,1165]],"type":"Polygon","properties":{"codigo":"388","nome":"Fazenda Velha","municipio_nome":"Arujá"},"id":"388"},{"arcs":[[1166,1167,1168]],"type":"Polygon","properties":{"codigo":"389","nome":"Santa Isabel","municipio_nome":"Santa Isabel"},"id":"389"},{"arcs":[[-1156,1169,1170,-1169,1171,-1163,-1160,-1158]],"type":"Polygon","properties":{"codigo":"390","nome":"Jaguari","municipio_nome":"Santa Isabel"},"id":"390"},{"arcs":[[-637,1172,1173,1174,1175,1176,-698,-695]],"type":"Polygon","properties":{"codigo":"391","nome":"Ferraz de Vasconcelos","municipio_nome":"Ferraz de Vasconcelos"},"id":"391"},{"arcs":[[-699,-1177,1177,1178,1179,-704,-701]],"type":"Polygon","properties":{"codigo":"392","nome":"Paiol Velho","municipio_nome":"Ferraz de Vasconcelos"},"id":"392"},{"arcs":[[-636,-642,1180,1181,-1173]],"type":"Polygon","properties":{"codigo":"393","nome":"Santos Dumont","municipio_nome":"Ferraz de Vasconcelos"},"id":"393"},{"arcs":[[-1175,1182,1183]],"type":"Polygon","properties":{"codigo":"394","nome":"Jardim São José","municipio_nome":"Poá"},"id":"394"},{"arcs":[[-1174,-1182,1184,1185,1186,-1183]],"type":"Polygon","properties":{"codigo":"395","nome":"Poá","municipio_nome":"Poá"},"id":"395"},{"arcs":[[-641,-645,1187,1188,1189,-1185,-1181]],"type":"Polygon","properties":{"codigo":"396","nome":"Itaquaquecetuba","municipio_nome":"Itaquaquecetuba"},"id":"396"},{"arcs":[[-623,-1143,1190,1191,-1188,-644]],"type":"Polygon","properties":{"codigo":"397","nome":"Quinta da Boa Vista","municipio_nome":"Itaquaquecetuba"},"id":"397"},{"arcs":[[-1142,-1162,-1166,1192,-1191]],"type":"Polygon","properties":{"codigo":"398","nome":"Bonsucesso","municipio_nome":"Itaquaquecetuba"},"id":"398"},{"arcs":[[-1165,1193,1194,1195,-1189,-1192,-1193]],"type":"Polygon","properties":{"codigo":"399","nome":"Pinheirinho","municipio_nome":"Itaquaquecetuba"},"id":"399"},{"arcs":[[-1186,-1190,-1196,1196,1197,1198]],"type":"Polygon","properties":{"codigo":"400","nome":"Miguel Badra","municipio_nome":"Suzano"},"id":"400"},{"arcs":[[-1176,-1184,-1187,-1199,1199,1200,1201]],"type":"Polygon","properties":{"codigo":"401","nome":"Suzano","municipio_nome":"Suzano"},"id":"401"},{"arcs":[[-1201,1202,1203,1204,1205,1206,1207]],"type":"Polygon","properties":{"codigo":"402","nome":"Guaió","municipio_nome":"Suzano"},"id":"402"},{"arcs":[[-1178,-1202,-1208,1208,1209]],"type":"Polygon","properties":{"codigo":"403","nome":"Ouro Fino","municipio_nome":"Suzano"},"id":"403"},{"arcs":[[1210,1211,1212]],"type":"Polygon","properties":{"codigo":"404","nome":"Mogi das Cruzes","municipio_nome":"Mogi das Cruzes"},"id":"404"},{"arcs":[[-1213,1213,1214,1215,1216,1217]],"type":"Polygon","properties":{"codigo":"405","nome":"Estudantes","municipio_nome":"Mogi das Cruzes"},"id":"405"},{"arcs":[[-1211,-1218,1218,1219,1220]],"type":"Polygon","properties":{"codigo":"406","nome":"Vila Oliveira","municipio_nome":"Mogi das Cruzes"},"id":"406"},{"arcs":[[-1212,-1221,1221,1222,1223,-1214]],"type":"Polygon","properties":{"codigo":"407","nome":"Brás Cubas","municipio_nome":"Mogi das Cruzes"},"id":"407"},{"arcs":[[-1198,1224,-1223,1225,-1203,-1200]],"type":"Polygon","properties":{"codigo":"408","nome":"Jundiapeba","municipio_nome":"Mogi das Cruzes"},"id":"408"},{"arcs":[[-1195,1226,-1215,-1224,-1225,-1197]],"type":"Polygon","properties":{"codigo":"409","nome":"Jardim Graziella","municipio_nome":"Mogi das Cruzes"},"id":"409"},{"arcs":[[-1164,-1172,-1168,1227,1228,1229,-1216,-1227,-1194]],"type":"Polygon","properties":{"codigo":"410","nome":"Itapeti","municipio_nome":"Mogi das Cruzes"},"id":"410"},{"arcs":[[-1229,1230,1231,1232]],"type":"Polygon","properties":{"codigo":"411","nome":"Sabaúna","municipio_nome":"Mogi das Cruzes"},"id":"411"},{"arcs":[[-1217,-1230,-1233,1233,1234,-1219]],"type":"Polygon","properties":{"codigo":"412","nome":"César de Souza","municipio_nome":"Mogi das Cruzes"},"id":"412"},{"arcs":[[-1204,-1226,-1222,-1220,-1235,1235,1236,1237]],"type":"Polygon","properties":{"codigo":"413","nome":"Taiaçupeba","municipio_nome":"Mogi das Cruzes"},"id":"413"},{"arcs":[[-1232,1238,1239,1240,-1236,-1234]],"type":"Polygon","properties":{"codigo":"414","nome":"Biritiba-Mirim","municipio_nome":"Biritiba-Mirim"},"id":"414"},{"arcs":[[-1240,1241,1242]],"type":"Polygon","properties":{"codigo":"415","nome":"Salesópolis","municipio_nome":"Salesópolis"},"id":"415"},{"arcs":[[-1167,-1171,1243,-1242,-1239,-1231,-1228]],"type":"Polygon","properties":{"codigo":"416","nome":"Guararema","municipio_nome":"Guararema"},"id":"416"},{"arcs":[[1244,1245,1246,1247,1248]],"type":"Polygon","properties":{"codigo":"417","nome":"Santa Paula","municipio_nome":"São Caetano do Sul"},"id":"417"},{"arcs":[[-1247,1249,1250,1251,1252]],"type":"Polygon","properties":{"codigo":"418","nome":"Vila Gerti","municipio_nome":"São Caetano do Sul"},"id":"418"},{"arcs":[[-753,1253,-1248,-1253,1254,1255]],"type":"Polygon","properties":{"codigo":"419","nome":"Estrada das Lágrimas","municipio_nome":"São Caetano do Sul"},"id":"419"},{"arcs":[[-750,1256,-1249,-1254,-752]],"type":"Polygon","properties":{"codigo":"420","nome":"Santo Antônio","municipio_nome":"São Caetano do Sul"},"id":"420"},{"arcs":[[-743,-776,-781,-789,1257,-1245,-1257]],"type":"Polygon","properties":{"codigo":"421","nome":"São Caetano do Sul","municipio_nome":"São Caetano do Sul"},"id":"421"},{"arcs":[[1258,1259,1260,1261,1262,1263,1264,1265]],"type":"Polygon","properties":{"codigo":"422","nome":"Santo André","municipio_nome":"Santo André"},"id":"422"},{"arcs":[[-1264,1266,1267,1268]],"type":"Polygon","properties":{"codigo":"423","nome":"Vila Gilda","municipio_nome":"Santo André"},"id":"423"},{"arcs":[[-1265,-1269,1269,1270,1271]],"type":"Polygon","properties":{"codigo":"424","nome":"Valparaíso","municipio_nome":"Santo André"},"id":"424"},{"arcs":[[-1252,1272,-1271,1273,-1255]],"type":"Polygon","properties":{"codigo":"425","nome":"Sacadura Cabral","municipio_nome":"Santo André"},"id":"425"},{"arcs":[[-1251,1274,-1266,-1272,-1273]],"type":"Polygon","properties":{"codigo":"426","nome":"Campestre","municipio_nome":"Santo André"},"id":"426"},{"arcs":[[-788,1275,-1259,-1275,-1250,-1246,-1258]],"type":"Polygon","properties":{"codigo":"427","nome":"Utinga","municipio_nome":"Santo André"},"id":"427"},{"arcs":[[-793,1276,1277,-1260,-1276,-797]],"type":"Polygon","properties":{"codigo":"428","nome":"Vila Lucinda","municipio_nome":"Santo André"},"id":"428"},{"arcs":[[-792,-804,1278,1279,-1277]],"type":"Polygon","properties":{"codigo":"429","nome":"Parque Oratório","municipio_nome":"Santo André"},"id":"429"},{"arcs":[[-1261,-1278,-1280,1280,1281]],"type":"Polygon","properties":{"codigo":"430","nome":"Parque das Nações","municipio_nome":"Santo André"},"id":"430"},{"arcs":[[-1262,-1282,1282,1283,1284]],"type":"Polygon","properties":{"codigo":"431","nome":"Jardim do Estádio","municipio_nome":"Santo André"},"id":"431"},{"arcs":[[-1263,-1285,1285,1286,1287,-1267]],"type":"Polygon","properties":{"codigo":"432","nome":"Carijós","municipio_nome":"Santo André"},"id":"432"},{"arcs":[[-1284,1288,1289,1290,1291,1292,1293,-1286]],"type":"Polygon","properties":{"codigo":"433","nome":"Parque do Pedroso","municipio_nome":"Santo André"},"id":"433"},{"arcs":[[-1205,-1238,1294,1295,-1291,1296,1297,1298]],"type":"Polygon","properties":{"codigo":"434","nome":"Paranapiacaba","municipio_nome":"Santo André"},"id":"434"},{"arcs":[[-720,1299,1300,1301,-1289,-1283,-1281,-1279,-803,-805]],"type":"Polygon","properties":{"codigo":"435","nome":"Capuava","municipio_nome":"Mauá"},"id":"435"},{"arcs":[[-1301,1302,1303,1304]],"type":"Polygon","properties":{"codigo":"436","nome":"Mauá","municipio_nome":"Mauá"},"id":"436"},{"arcs":[[-708,1305,1306,-1303,-1300,-719,-717]],"type":"Polygon","properties":{"codigo":"437","nome":"Jardim Zaíra","municipio_nome":"Mauá"},"id":"437"},{"arcs":[[-1304,-1307,1307,1308,1309]],"type":"Polygon","properties":{"codigo":"438","nome":"Barão de Mauá","municipio_nome":"Mauá"},"id":"438"},{"arcs":[[-705,-1180,1310,-1308,-1306,-707]],"type":"Polygon","properties":{"codigo":"439","nome":"Estrada do Carneiro","municipio_nome":"Mauá"},"id":"439"},{"arcs":[[-1290,-1302,-1305,-1310,1311,1312,1313,1314,-1297]],"type":"Polygon","properties":{"codigo":"440","nome":"Ribeirão Pires","municipio_nome":"Ribeirão Pires"},"id":"440"},{"arcs":[[-1179,-1210,1315,-1312,-1309,-1311]],"type":"Polygon","properties":{"codigo":"441","nome":"Jardim Santa Luzia","municipio_nome":"Ribeirão Pires"},"id":"441"},{"arcs":[[-1207,1316,-1313,-1316,-1209]],"type":"Polygon","properties":{"codigo":"442","nome":"Ouro Fino Paulista","municipio_nome":"Ribeirão Pires"},"id":"442"},{"arcs":[[-1206,-1299,1317,-1314,-1317]],"type":"Polygon","properties":{"codigo":"443","nome":"Parque Sete Pontes","municipio_nome":"Rio Grande da Serra"},"id":"443"},{"arcs":[[-1298,-1315,-1318]],"type":"Polygon","properties":{"codigo":"444","nome":"Rio Grande da Serra","municipio_nome":"Rio Grande da Serra"},"id":"444"},{"arcs":[[1318,1319,1320,1321,1322,1323,1324]],"type":"Polygon","properties":{"codigo":"445","nome":"Planalto","municipio_nome":"São Bernardo do Campo"},"id":"445"},{"arcs":[[-758,1325,-1324,1326,1327,-760]],"type":"Polygon","properties":{"codigo":"446","nome":"Paulicéia","municipio_nome":"São Bernardo do Campo"},"id":"446"},{"arcs":[[-754,-1256,-1274,-1270,1328,-1325,-1326,-757]],"type":"Polygon","properties":{"codigo":"447","nome":"Rudge Ramos","municipio_nome":"São Bernardo do Campo"},"id":"447"},{"arcs":[[-1268,-1288,1329,1330,-1319,-1329]],"type":"Polygon","properties":{"codigo":"448","nome":"Baeta Neves","municipio_nome":"São Bernardo do Campo"},"id":"448"},{"arcs":[[-1320,-1331,1331,1332]],"type":"Polygon","properties":{"codigo":"449","nome":"São Bernardo do Campo","municipio_nome":"São Bernardo do Campo"},"id":"449"},{"arcs":[[-1287,-1294,1333,1334,-1332,-1330]],"type":"Polygon","properties":{"codigo":"450","nome":"Montanhão","municipio_nome":"São Bernardo do Campo"},"id":"450"},{"arcs":[[-1321,-1333,-1335,1335,1336]],"type":"Polygon","properties":{"codigo":"451","nome":"Demarchi","municipio_nome":"São Bernardo do Campo"},"id":"451"},{"arcs":[[-1293,1337,1338,-1336,-1334]],"type":"Polygon","properties":{"codigo":"452","nome":"Riacho Grande","municipio_nome":"São Bernardo do Campo"},"id":"452"},{"arcs":[[-897,1339,-1338,-1292,-1296,1340,-907,-904]],"type":"Polygon","properties":{"codigo":"453","nome":"Caminho do Mar","municipio_nome":"São Bernardo do Campo"},"id":"453"},{"arcs":[[-862,1341,1342,-1322,-1337,-1339,-1340,-896,-892]],"type":"Polygon","properties":{"codigo":"454","nome":"Reservatório Billings","municipio_nome":"São Bernardo do Campo"},"id":"454"},{"arcs":[[-764,1343,1344,-859,-837,-829]],"type":"Polygon","properties":{"codigo":"455","nome":"Diadema","municipio_nome":"Diadema"},"id":"455"},{"arcs":[[-763,-1328,1345,-1344]],"type":"Polygon","properties":{"codigo":"456","nome":"Jardim das Nações","municipio_nome":"Diadema"},"id":"456"},{"arcs":[[-1323,-1343,1346,1347,-1346,-1327]],"type":"Polygon","properties":{"codigo":"457","nome":"Piraporinha","municipio_nome":"Diadema"},"id":"457"},{"arcs":[[-860,-1345,-1348,1348]],"type":"Polygon","properties":{"codigo":"458","nome":"Vila Conceição","municipio_nome":"Diadema"},"id":"458"},{"arcs":[[-861,-1349,-1347,-1342]],"type":"Polygon","properties":{"codigo":"459","nome":"Eldorado","municipio_nome":"Diadema"},"id":"459"},{"arcs":[[-989,1349,-1002,-999,-993]],"type":"Polygon","properties":{"codigo":"460","nome":"Taboão da Serra","municipio_nome":"Taboão da Serra"},"id":"460"},{"arcs":[[-986,1350,-1003,-1350,-988]],"type":"Polygon","properties":{"codigo":"461","nome":"Jardim Irapuã","municipio_nome":"Taboão da Serra"},"id":"461"},{"arcs":[[-983,1351,1352,1353,-1010,-1004,-1351,-985]],"type":"Polygon","properties":{"codigo":"462","nome":"Parque Pinheiros","municipio_nome":"Taboão da Serra"},"id":"462"},{"arcs":[[-982,1354,1355,1356,-1352]],"type":"Polygon","properties":{"codigo":"463","nome":"Parque Industrial","municipio_nome":"Taboão da Serra"},"id":"463"},{"arcs":[[-954,1357,-1355,-981]],"type":"Polygon","properties":{"codigo":"464","nome":"Santo Eduardo","municipio_nome":"Embu das Artes"},"id":"464"},{"arcs":[[-951,1358,1359,-1356,-1358,-953]],"type":"Polygon","properties":{"codigo":"465","nome":"São Marcos","municipio_nome":"Embu das Artes"},"id":"465"},{"arcs":[[-1353,-1357,-1360,1360,1361,1362]],"type":"Polygon","properties":{"codigo":"466","nome":"Embu das Artes","municipio_nome":"Embu das Artes"},"id":"466"},{"arcs":[[-1362,1363,1364,1365,1366,1367]],"type":"Polygon","properties":{"codigo":"467","nome":"Ressaca","municipio_nome":"Embu das Artes"},"id":"467"},{"arcs":[[-902,1368,1369,1370,-1361,-1359,-950,-937,-934,-932]],"type":"Polygon","properties":{"codigo":"468","nome":"Itapecerica da Serra","municipio_nome":"Itapecerica da Serra"},"id":"468"},{"arcs":[[-1370,1371,1372,1373]],"type":"Polygon","properties":{"codigo":"469","nome":"Jardim Petrópolis","municipio_nome":"Itapecerica da Serra"},"id":"469"},{"arcs":[[-1364,-1371,-1374,1374,1375,1376]],"type":"Polygon","properties":{"codigo":"470","nome":"Embu-Mirim","municipio_nome":"Itapecerica da Serra"},"id":"470"},{"arcs":[[-1373,1377,1378,1379,1380,1381,-1375]],"type":"Polygon","properties":{"codigo":"471","nome":"São Lourenço da Serra","municipio_nome":"São Lourenço da Serra"},"id":"471"},{"arcs":[[-901,1382,1383,-1378,-1372,-1369]],"type":"Polygon","properties":{"codigo":"472","nome":"Embu-Guaçu","municipio_nome":"Embu-Guaçu"},"id":"472"},{"arcs":[[-900,-906,-911,1384,-1383]],"type":"Polygon","properties":{"codigo":"473","nome":"Cipó","municipio_nome":"Embu-Guaçu"},"id":"473"},{"arcs":[[-910,1385,-1379,-1384,-1385]],"type":"Polygon","properties":{"codigo":"474","nome":"Santa Rita","municipio_nome":"Embu-Guaçu"},"id":"474"},{"arcs":[[-909,1386,-1380,-1386]],"type":"Polygon","properties":{"codigo":"475","nome":"Juquitiba","municipio_nome":"Juquitiba"},"id":"475"},{"arcs":[[1387,1388,1389,1390,1391,1392,1393,1394]],"type":"Polygon","properties":{"codigo":"476","nome":"Barueri","municipio_nome":"Barueri"},"id":"476"},{"arcs":[[-365,1395,1396,1397,-1389,1398]],"type":"Polygon","properties":{"codigo":"477","nome":"Aphaville","municipio_nome":"Barueri"},"id":"477"},{"arcs":[[-1390,-1398,1399,1400,1401]],"type":"Polygon","properties":{"codigo":"478","nome":"Tamboré","municipio_nome":"Barueri"},"id":"478"},{"arcs":[[-1393,1402,1403,1404,1405]],"type":"Polygon","properties":{"codigo":"479","nome":"Antônio João","municipio_nome":"Barueri"},"id":"479"},{"arcs":[[-1404,1406,1407,1408,1409]],"type":"Polygon","properties":{"codigo":"480","nome":"Vutopoca","municipio_nome":"Barueri"},"id":"480"},{"arcs":[[-1405,-1410,1410,1411,1412]],"type":"Polygon","properties":{"codigo":"481","nome":"Jardim Silveira","municipio_nome":"Barueri"},"id":"481"},{"arcs":[[-1394,-1406,-1413,1413,1414]],"type":"Polygon","properties":{"codigo":"482","nome":"Jardim Belval","municipio_nome":"Barueri"},"id":"482"},{"arcs":[[-1395,-1415,1415,1416,1417]],"type":"Polygon","properties":{"codigo":"483","nome":"Morada dos Lagos","municipio_nome":"Barueri"},"id":"483"},{"arcs":[[-1392,1418,1419,1420,-1407,-1403]],"type":"Polygon","properties":{"codigo":"484","nome":"Cidade Ariston","municipio_nome":"Carapicuíba"},"id":"484"},{"arcs":[[-1391,-1402,1421,1422,1423,1424,-1419]],"type":"Polygon","properties":{"codigo":"485","nome":"Carapicuíba","municipio_nome":"Carapicuíba"},"id":"485"},{"arcs":[[-1420,-1425,1425,1426,1427]],"type":"Polygon","properties":{"codigo":"486","nome":"Jardim Planalto","municipio_nome":"Carapicuíba"},"id":"486"},{"arcs":[[-1427,1428,1429,1430,1431]],"type":"Polygon","properties":{"codigo":"487","nome":"Aldeia de Carapicuíba","municipio_nome":"Carapicuíba"},"id":"487"},{"arcs":[[-1408,-1421,-1428,-1432,1432,1433]],"type":"Polygon","properties":{"codigo":"488","nome":"Estrada do Jacarandá","municipio_nome":"Carapicuíba"},"id":"488"},{"arcs":[[1434,1435,1436,1437]],"type":"Polygon","properties":{"codigo":"489","nome":"Osasco","municipio_nome":"Osasco"},"id":"489"},{"arcs":[[-1026,1438,1439,-1436,1440,-1031,-1028]],"type":"Polygon","properties":{"codigo":"490","nome":"Vila Yara","municipio_nome":"Osasco"},"id":"490"},{"arcs":[[-1015,1441,1442,-1439,-1025]],"type":"Polygon","properties":{"codigo":"491","nome":"Bussocaba City","municipio_nome":"Osasco"},"id":"491"},{"arcs":[[-1437,-1440,-1443,1443,1444,1445,1446]],"type":"Polygon","properties":{"codigo":"492","nome":"Nova Granada","municipio_nome":"Osasco"},"id":"492"},{"arcs":[[-1011,1447,-1430,1448,1449,-1013]],"type":"Polygon","properties":{"codigo":"493","nome":"Recanto das Rosas","municipio_nome":"Osasco"},"id":"493"},{"arcs":[[-1014,-1450,1450,-1444,-1442]],"type":"Polygon","properties":{"codigo":"494","nome":"Jardim Novo Osasco","municipio_nome":"Osasco"},"id":"494"},{"arcs":[[-1424,1451,-1445,-1451,-1449,-1429,-1426]],"type":"Polygon","properties":{"codigo":"495","nome":"Jardim Veloso","municipio_nome":"Osasco"},"id":"495"},{"arcs":[[-1423,1452,-1446,-1452]],"type":"Polygon","properties":{"codigo":"496","nome":"Quitaúna","municipio_nome":"Osasco"},"id":"496"},{"arcs":[[-1401,1453,1454,-1438,-1447,-1453,-1422]],"type":"Polygon","properties":{"codigo":"497","nome":"Jardim Piratininga","municipio_nome":"Osasco"},"id":"497"},{"arcs":[[-1032,-1441,-1435,-1455,1455,1456]],"type":"Polygon","properties":{"codigo":"498","nome":"Presidente Altino","municipio_nome":"Osasco"},"id":"498"},{"arcs":[[-1397,1457,1458,-1454,-1400]],"type":"Polygon","properties":{"codigo":"499","nome":"Munhoz Junior","municipio_nome":"Osasco"},"id":"499"},{"arcs":[[-1456,-1459,1459,1460]],"type":"Polygon","properties":{"codigo":"500","nome":"Rochdale","municipio_nome":"Osasco"},"id":"500"},{"arcs":[[-333,-1033,-1457,-1461,1461,-348,-352]],"type":"Polygon","properties":{"codigo":"501","nome":"Mutinga","municipio_nome":"Osasco"},"id":"501"},{"arcs":[[-349,-1462,-1460,-1458,-1396,-364,-369,-353]],"type":"Polygon","properties":{"codigo":"502","nome":"Três Montanhas","municipio_nome":"Osasco"},"id":"502"},{"arcs":[[-1412,1462,1463,1464,-1416,-1414]],"type":"Polygon","properties":{"codigo":"503","nome":"Ribeirão Itaqui","municipio_nome":"Jandira"},"id":"503"},{"arcs":[[-1411,1465,1466,-1463]],"type":"Polygon","properties":{"codigo":"504","nome":"Jandira","municipio_nome":"Jandira"},"id":"504"},{"arcs":[[-1409,-1434,1467,1468,1469,-1466]],"type":"Polygon","properties":{"codigo":"505","nome":"Ribeirão das Pombas","municipio_nome":"Jandira"},"id":"505"},{"arcs":[[-1354,-1363,-1368,1470,-1431,-1448]],"type":"Polygon","properties":{"codigo":"506","nome":"Granja Viana","municipio_nome":"Cotia"},"id":"506"},{"arcs":[[-1367,1471,-1468,-1433,-1471]],"type":"Polygon","properties":{"codigo":"507","nome":"Fernando Nobre","municipio_nome":"Cotia"},"id":"507"},{"arcs":[[-1366,1472,1473,1474,1475,1476,1477,-1469,-1472]],"type":"Polygon","properties":{"codigo":"508","nome":"Cotia","municipio_nome":"Cotia"},"id":"508"},{"arcs":[[-1365,-1377,1478,-1473]],"type":"Polygon","properties":{"codigo":"509","nome":"Capueira","municipio_nome":"Cotia"},"id":"509"},{"arcs":[[-1376,-1382,1479,1480,1481,-1474,-1479]],"type":"Polygon","properties":{"codigo":"510","nome":"Caucaia","municipio_nome":"Cotia"},"id":"510"},{"arcs":[[-1481,1482,1483]],"type":"Polygon","properties":{"codigo":"511","nome":"Caucaia do Alto","municipio_nome":"Cotia"},"id":"511"},{"arcs":[[-1475,-1482,-1484,1484,1485]],"type":"Polygon","properties":{"codigo":"512","nome":"Vargem Grande Paulista","municipio_nome":"Vargem Grande Paulista"},"id":"512"},{"arcs":[[-1476,-1486,1486,1487]],"type":"Polygon","properties":{"codigo":"513","nome":"Quatro Encruzilhadas","municipio_nome":"Itapevi"},"id":"513"},{"arcs":[[-1464,-1467,-1470,-1478,1488]],"type":"Polygon","properties":{"codigo":"514","nome":"Itapevi","municipio_nome":"Itapevi"},"id":"514"},{"arcs":[[-1417,-1465,-1489,-1477,-1488,1489,1490]],"type":"Polygon","properties":{"codigo":"515","nome":"Amador Bueno","municipio_nome":"Itapevi"},"id":"515"},{"arcs":[[-366,-1399,-1388,-1418,-1491,1491,1492,-1054,-1053]],"type":"Polygon","properties":{"codigo":"516","nome":"Santana de Parnaíba","municipio_nome":"Santana de Parnaíba"},"id":"516"},{"arcs":[[-1055,-1493,1493]],"type":"Polygon","properties":{"codigo":"517","nome":"Pirapora do Bom Jesus","municipio_nome":"Pirapora do Bom Jesus"},"id":"517"}]}}}