{"type":"Topology","arcs":[[[22729,21704],[-75,-11],[-144,0],[-87,42],[-3,15],[-101,50],[-31,37]],[[22288,21837],[2,30]],[[22290,21867],[97,162]],[[22387,22029],[40,66]],[[22427,22095],[33,-36],[29,-57],[16,-94],[38,45],[49,-121],[37,-11],[97,-102],[3,-15]],[[22427,22095],[42,71],[22,148],[3,86]],[[22494,22400],[273,-75]],[[22767,22325],[-65,-160],[54,-58],[22,-83],[-6,-98],[7,-47],[29,-54]],[[22808,21825],[25,-81],[-13,-85]],[[22820,21659],[14,-41],[-77,-10]],[[22757,21608],[-10,-1]],[[22747,21607],[-18,97]],[[22747,21607],[-37,-61],[-48,-11]],[[22662,21535],[-205,-16],[-119,20]],[[22338,21539],[31,86],[0,85],[-81,127]],[[22338,21539],[-172,30],[-91,34],[-39,39],[-23,65]],[[22013,21707],[-19,57]],[[21994,21764],[-59,136]],[[21935,21900],[58,15],[147,-29],[93,11],[57,-30]],[[21935,21900],[5,249]],[[21940,22149],[44,32],[17,82]],[[22001,22263],[386,-234]],[[22001,22263],[224,168],[49,3]],[[22274,22434],[86,1],[134,-35]],[[22274,22434],[-82,118],[-44,87],[-35,36],[-48,26],[-64,7]],[[22001,22708],[32,26],[148,74],[125,68],[27,-7]],[[22333,22869],[62,-18],[-13,-89],[347,-114],[44,-37],[31,-63]],[[22804,22548],[16,-79]],[[22820,22469],[-5,-31],[-48,-113]],[[22001,22708],[-74,-8],[-5,38]],[[21922,22738],[-8,42],[-182,339],[-43,46]],[[21689,23165],[6,43]],[[21695,23208],[437,-62],[325,-20]],[[22457,23126],[-74,-53],[-39,-49],[15,-21],[-26,-134]],[[22457,23126],[173,-13]],[[22630,23113],[190,-13]],[[22820,23100],[-13,-457]],[[22807,22643],[-3,-95]],[[22820,23100],[106,0],[80,19],[59,4]],[[23065,23123],[39,-6],[108,-57]],[[23212,23060],[-27,-103],[-40,-14],[-13,-44]],[[23132,22899],[-51,-70],[-143,-71],[-15,-58],[-116,-57]],[[23212,23060],[81,-72],[80,-45]],[[23373,22943],[77,-12],[79,13]],[[23529,22944],[34,-147],[18,-19],[-96,-103]],[[23485,22675],[-116,117],[-40,-25],[-31,27],[10,29],[-176,76]],[[23485,22675],[-52,-55]],[[23433,22620],[-118,-126]],[[23315,22494],[-33,30],[-104,-113],[-112,8]],[[23066,22419],[-133,15],[-113,35]],[[23066,22419],[-3,-78],[52,2],[5,-118],[-65,-69]],[[23055,22156],[-43,49],[-66,55],[-101,46],[-78,19]],[[23315,22494],[153,-146],[25,-90]],[[23493,22258],[-166,-46],[-214,-143]],[[23113,22069],[-58,87]],[[23493,22258],[37,-144],[36,-37],[66,-102]],[[23632,21975],[-299,-69],[-109,-11]],[[23224,21895],[-115,171]],[[23109,22066],[4,3]],[[22808,21825],[-13,43],[67,58],[131,65],[116,75]],[[23224,21895],[182,-290]],[[23406,21605],[-311,33],[-275,21]],[[23406,21605],[70,-129],[178,-404]],[[23654,21072],[-40,2],[-132,-58]],[[23482,21016],[-42,50],[-111,-55],[-10,-38]],[[23319,20973],[-26,58],[-29,26],[-85,19],[-42,-4],[-36,21],[-61,75],[-75,109],[-52,20],[-43,-3]],[[22870,21294],[-51,9],[34,110],[-86,42],[-10,153]],[[23319,20973],[-21,-82],[-63,-47],[4,-35],[-38,-35],[-40,-71],[-71,-56],[-10,-23],[17,-55]],[[23097,20569],[-46,35],[-240,-3]],[[22811,20601],[40,211]],[[22851,20812],[66,345],[-20,10],[-20,64],[-7,63]],[[22851,20812],[-91,17],[0,32],[-53,43],[46,87],[-80,65],[-21,1],[-72,92]],[[22580,21149],[-11,128],[10,94]],[[22579,21371],[0,83],[46,3],[37,78]],[[22811,20601],[-99,-1],[-51,-21],[-131,12],[-13,72],[-41,75],[-53,-4],[-98,33]],[[22325,20767],[20,75],[48,-19],[2,41],[52,40],[-39,49],[95,73],[3,64],[74,59]],[[22325,20767],[-55,19]],[[22270,20786],[10,129],[15,56],[-6,44],[138,176]],[[22427,21191],[92,116],[60,64]],[[22270,20786],[-71,24]],[[22199,20810],[20,246],[-4,77],[22,127]],[[22237,21260],[45,-24],[114,-21],[31,-24]],[[22237,21260],[19,95],[39,67],[43,117]],[[22013,21707],[9,-137],[19,-187]],[[22041,21383],[-44,-6],[-9,91],[-71,-7],[-20,-100]],[[21897,21361],[-28,4],[-9,117]],[[21860,21482],[-4,58],[-49,8],[-46,113]],[[21761,21661],[76,44],[99,34],[24,-8],[34,33]],[[22237,21260],[-194,50],[-2,73]],[[22199,20810],[-33,14],[-275,227]],[[21891,21051],[53,92],[-58,54],[11,164]],[[21891,21051],[-187,168]],[[21704,21219],[77,93],[5,114],[74,56]],[[21704,21219],[-80,72]],[[21624,21291],[-123,117]],[[21501,21408],[126,176],[14,9]],[[21641,21593],[120,68]],[[21815,22152],[-51,-161],[-127,-146],[-12,6],[-154,-92]],[[21471,21759],[-33,35]],[[21438,21794],[-10,76],[16,66],[35,90],[-5,65],[26,35],[21,70]],[[21521,22196],[106,-38]],[[21627,22158],[188,-6]],[[21641,21593],[-66,138],[-58,-33],[-46,61]],[[21815,22152],[125,-3]],[[21501,21408],[-157,150],[-68,-33]],[[21276,21525],[-82,25]],[[21194,21550],[67,75],[42,15],[-3,70],[89,13],[49,71]],[[21194,21550],[-129,63],[-226,101]],[[20839,21714],[70,155],[82,25],[97,71]],[[21088,21965],[129,53]],[[21217,22018],[1,-190],[23,-83],[67,40],[24,49],[27,-1],[79,-39]],[[21217,22018],[81,204],[10,83],[16,43]],[[21324,22348],[77,-75],[120,-77]],[[21627,22158],[94,337],[17,28],[263,185]],[[21324,22348],[97,210],[1,174],[19,85]],[[21441,22817],[34,-7],[240,-75],[70,-8],[137,11]],[[21441,22817],[25,102],[24,58],[129,145],[70,43]],[[23529,22944],[91,11],[60,-12],[65,-37],[143,-126]],[[23888,22780],[-168,-65],[4,-97],[35,-92],[36,14],[9,-55],[-24,-9]],[[23780,22476],[-67,-24],[-112,19],[-168,149]],[[23888,22780],[38,-33]],[[23926,22747],[95,-72],[64,-17],[62,-3]],[[24147,22655],[44,7],[201,55]],[[24392,22717],[49,-131],[37,-163]],[[24478,22423],[-283,-65],[-191,-20],[-156,-34]],[[23848,22304],[-68,172]],[[24556,22185],[78,-356]],[[24634,21829],[-71,-28],[19,-32],[-137,-140]],[[24445,21629],[-181,165],[-159,188],[-50,85]],[[24055,22067],[-6,16],[173,30],[334,72]],[[23493,22258],[228,36],[127,10]],[[24478,22423],[25,-108],[33,-58],[20,-72]],[[24055,22067],[-423,-92]],[[24445,21629],[-126,-253]],[[24319,21376],[-322,156]],[[23997,21532],[-69,21],[10,86],[-63,12],[-32,40],[-30,-31],[-386,40],[-1,-94],[-20,-1]],[[24319,21376],[-103,-208],[42,-50],[105,-97],[127,-11],[46,-41],[4,-83],[-22,-30],[18,-31]],[[24536,20825],[-137,-62],[-10,-78],[-69,-116]],[[24320,20569],[-26,242],[-1,138],[-36,53],[-280,163],[-59,62],[-95,135],[107,28],[67,142]],[[24320,20569],[-35,-57],[-58,-29],[-54,9],[-15,-46]],[[24158,20446],[-235,15]],[[23923,20461],[-269,611]],[[24629,20755],[50,5],[3,83],[134,22],[134,-37],[55,-5],[21,24],[-26,54],[-3,237]],[[24997,21138],[90,111],[71,56]],[[25158,21305],[19,-15],[332,-183],[95,-93]],[[25604,21014],[-120,-291]],[[25484,20723],[-28,-232]],[[25456,20491],[-84,7],[-123,-30]],[[25249,20468],[-96,1],[-62,11],[-100,46],[-105,27],[-130,72],[-38,0],[-39,76],[-59,3],[9,51]],[[24319,21376],[145,-70],[94,-8],[5,63],[88,-34],[39,-40],[61,8],[101,-90],[33,-39],[80,1],[32,-29]],[[24629,20755],[-93,70]],[[24634,21829],[56,-116],[107,-25],[137,19],[56,-27],[32,-35]],[[25022,21645],[-31,-129],[43,-62],[40,-25],[84,-124]],[[22811,20601],[-30,-145]],[[22781,20456],[-96,13],[-74,-48],[-105,-2],[-139,-55]],[[22367,20364],[-142,241],[-45,122]],[[22180,20727],[19,83]],[[23097,20569],[153,-121]],[[23250,20448],[-39,-54],[-73,-21],[-21,-21],[-72,-132],[-20,-65]],[[23025,20155],[-91,17],[11,40],[-61,125],[-160,0]],[[22724,20337],[8,79],[49,40]],[[23025,20155],[-31,-166]],[[22994,19989],[-41,-13],[-76,-87],[-39,-17],[-106,24],[-50,25],[-121,134],[5,33]],[[22566,20088],[5,38],[43,60],[36,9],[55,60],[19,82]],[[22566,20088],[-36,-11],[-104,-5]],[[22426,20072],[29,109],[-20,69],[-68,114]],[[22994,19989],[-24,-105],[-95,-192]],[[22875,19692],[-216,-1],[-289,4]],[[22370,19695],[5,199],[-3,110]],[[22372,20004],[54,68]],[[22370,19695],[-240,-2],[-204,20],[-111,28]],[[21815,19741],[15,195],[10,54]],[[21840,19990],[108,-53],[32,32],[92,-37],[82,2],[147,22],[71,48]],[[21840,19990],[33,40],[-14,49],[70,86]],[[21929,20165],[260,96],[178,103]],[[21929,20165],[-12,50],[25,62],[-3,59],[-57,82],[-20,60]],[[21862,20478],[318,249]],[[21862,20478],[-51,58],[-5,24],[14,96],[6,122],[-84,49],[-32,35]],[[21710,20862],[50,49]],[[21760,20911],[131,140]],[[22875,19692],[-107,-256]],[[22768,19436],[-56,-136],[-7,-85],[25,-79]],[[22730,19136],[-74,-29],[-181,-7],[-31,13],[-108,-50],[-16,66]],[[22320,19129],[6,179],[8,66],[36,134],[0,187]],[[22730,19136],[15,-67],[-3,-60],[-27,-138],[-6,-140]],[[22709,18731],[-55,-199],[-15,-90]],[[22639,18442],[-145,-22],[-52,-1],[-201,21],[-74,-5],[-63,-41]],[[22104,18394],[51,55],[1,84],[-39,102],[34,40],[-16,182],[-18,47],[-22,150]],[[22095,19054],[108,41],[-2,23],[119,11]],[[22104,18394],[-73,-16],[-43,-49]],[[21988,18329],[-45,70]],[[21943,18399],[-117,32],[-37,58],[-48,121],[-72,136],[-19,54],[-68,45],[-190,97]],[[21392,18942],[118,137]],[[21510,19079],[244,280],[35,81],[14,159]],[[21803,19599],[51,-56],[20,-92],[82,-108],[72,-111],[29,-61],[38,-117]],[[21803,19599],[10,128]],[[21813,19727],[2,14]],[[21840,19990],[-32,78],[-94,-29],[-428,-156]],[[21286,19883],[-17,67],[4,59],[56,451],[-29,43]],[[21300,20503],[128,82],[174,170]],[[21602,20755],[108,107]],[[21813,19727],[-68,-62],[-101,-41],[-38,-36],[-224,194]],[[21382,19782],[-58,52],[-38,49]],[[21510,19079],[-382,332]],[[21128,19411],[262,302],[-37,32],[29,37]],[[21128,19411],[-223,190]],[[20905,19601],[10,83],[2,115]],[[20917,19799],[32,95]],[[20949,19894],[269,-35],[68,24]],[[21392,18942],[-72,38],[-102,28],[-68,31],[-93,79],[-128,65],[-48,40],[-74,94]],[[20807,19317],[58,154],[40,130]],[[20949,19894],[6,87],[16,102],[43,155],[27,69]],[[21041,20307],[17,45]],[[21058,20352],[242,151]],[[21041,20307],[-112,-51],[-47,-40],[-63,-76],[-319,-93]],[[20500,20047],[-92,-9],[-213,69]],[[20195,20107],[26,86],[5,50]],[[20226,20243],[44,1],[34,20],[234,245],[133,-5],[61,10],[200,131],[93,16]],[[21025,20661],[-4,-15],[39,-247],[-2,-47]],[[20917,19799],[-86,7],[-22,73],[-79,-23],[-10,34],[-85,-26],[-38,20],[-20,-38],[-65,34]],[[20512,19880],[34,10],[-46,157]],[[20807,19317],[-63,62],[-56,124],[-44,47],[-132,118],[-72,46]],[[20440,19714],[61,122],[11,44]],[[20807,19317],[-56,-181],[-23,-45]],[[20728,19091],[-146,-229]],[[20582,18862],[-115,89],[-104,59],[-160,56]],[[20203,19066],[36,49],[-83,71],[-4,43],[19,55],[66,77],[-35,31],[20,60],[55,64],[-15,48],[140,161],[38,-11]],[[20582,18862],[-192,-299]],[[20390,18563],[-40,23],[-115,-1],[-64,24],[-118,64],[-102,122],[-112,33]],[[19839,18828],[23,70],[47,239]],[[19909,19137],[144,-27],[150,-44]],[[19909,19137],[55,255],[124,383]],[[20088,19775],[107,332]],[[21760,20911],[-129,110],[-7,-8],[-138,133]],[[21486,21146],[138,145]],[[21602,20755],[-109,112],[-20,-22],[-99,96],[38,43],[-42,40]],[[21370,21024],[116,122]],[[21025,20661],[-10,33],[-245,318],[-35,34],[75,101],[-51,47]],[[20759,21194],[-2,3]],[[20757,21197],[58,33],[58,49]],[[20873,21279],[155,-113],[259,-228],[83,86]],[[21276,21525],[-69,-28],[-58,-42]],[[21149,21455],[-160,-99],[-116,-77]],[[20757,21197],[-140,214],[-23,53]],[[20594,21464],[-26,49],[5,25],[79,60],[86,100],[37,58]],[[20775,21756],[64,-42]],[[21149,21455],[158,-149],[-42,-45],[38,-37],[79,82],[47,-46],[-31,-32],[88,-82]],[[20759,21194],[-375,-214]],[[20384,20980],[-212,326],[-15,15]],[[20157,21321],[40,98],[101,-147],[296,192]],[[20226,20243],[-21,86],[-187,356]],[[20018,20685],[14,13],[249,144],[-24,64],[127,74]],[[20018,20685],[-24,31],[-137,140]],[[19857,20856],[-55,90],[-33,84],[-64,195]],[[19705,21225],[210,190],[19,22]],[[19934,21437],[165,-70],[58,-46]],[[19934,21437],[36,60]],[[19970,21497],[90,170],[41,158],[92,127],[-21,60]],[[20172,22012],[43,-30]],[[20215,21982],[78,-61],[52,-20],[40,2],[58,-21],[61,-55],[29,-10],[145,-11],[97,-50]],[[21254,22483],[-142,-202],[30,-38],[-26,-44],[-40,30],[-76,-102]],[[21000,22127],[-141,102]],[[20859,22229],[37,86],[8,116],[-12,43],[-39,70],[-54,37],[-14,78]],[[20785,22659],[140,-89]],[[20925,22570],[29,-20],[300,-67]],[[21088,21965],[-64,9],[-102,45],[123,69],[-45,39]],[[21254,22483],[70,-48],[-19,-40],[19,-47]],[[20775,21756],[14,56],[27,291],[6,37]],[[20822,22140],[37,89]],[[20215,21982],[55,80],[9,51],[-26,154],[19,48]],[[20272,22315],[47,-9],[33,49],[228,-160],[26,-68],[175,-36],[4,29],[37,20]],[[20272,22315],[40,66]],[[20312,22381],[138,213],[140,204]],[[20590,22798],[104,-85],[91,-54]],[[20172,22012],[-75,75],[-58,42],[-37,67]],[[20002,22196],[-15,125],[17,122],[53,-3],[68,58],[19,60],[53,-26]],[[20197,22532],[38,-24],[-35,-53],[112,-74]],[[20197,22532],[105,159]],[[20302,22691],[81,123],[82,-2],[4,104]],[[20469,22916],[107,-57],[14,-61]],[[20369,23009],[-3,5]],[[20366,23014],[-86,184],[-90,158],[-9,51],[-40,70],[7,90]],[[20148,23567],[151,-32]],[[20299,23535],[188,-38],[106,-46],[98,-82],[103,-41],[234,-32]],[[21028,23296],[168,-22]],[[21196,23274],[-29,-216],[-26,-60],[-119,-145]],[[21022,22853],[-253,23],[-106,30],[-123,68],[-75,29],[-96,6]],[[21441,22817],[-419,36]],[[21196,23274],[499,-66]],[[20925,22570],[104,169],[-69,44],[62,70]],[[20469,22916],[-100,93]],[[19970,21497],[-73,65],[-34,52],[-75,40],[-32,44],[-7,41],[-207,140],[21,36],[1,58],[31,26],[59,87],[-24,17],[40,75],[6,59]],[[19676,22237],[37,-19],[114,-26],[116,-12],[59,16]],[[19705,21225],[-55,90],[-54,44],[-153,85]],[[19443,21444],[-331,174]],[[19112,21618],[25,40],[109,205],[173,163],[34,150],[59,-27],[76,94],[9,34]],[[19597,22277],[44,-5],[35,-35]],[[19112,21618],[-362,192],[-92,64]],[[18658,21874],[-117,107]],[[18541,21981],[176,180],[80,11]],[[18797,22172],[8,77],[65,70],[61,30],[151,-13],[56,36]],[[19138,22372],[27,23],[171,28],[73,-3],[75,-16],[44,-29],[1,-30],[51,-61]],[[19580,22284],[17,-7]],[[19443,23060],[-85,1],[-76,19],[-60,31],[-54,14],[-224,-8]],[[18944,23117],[-54,66],[-31,113]],[[18859,23296],[93,56],[71,69],[70,105]],[[19093,23526],[38,26],[93,25],[117,-9]],[[19341,23568],[44,-133],[52,-80],[56,-57],[53,-35],[146,-69],[-7,-12]],[[19685,23182],[-59,-5],[-183,-117]],[[20366,23014],[-228,-4],[-96,21],[-266,124],[-7,-13],[-84,40]],[[19341,23568],[269,-22],[62,3]],[[19672,23549],[180,18],[184,15],[112,-15]],[[20302,22691],[-51,34],[-382,2],[-69,-9],[-97,22]],[[19703,22740],[-43,0],[-111,46],[-15,74],[-163,-33]],[[19371,22827],[-4,37],[87,47],[-11,149]],[[19580,22284],[9,40],[44,100],[14,73],[6,165],[50,78]],[[19138,22372],[4,56],[-12,72],[13,63],[-36,131]],[[19107,22694],[0,56],[-31,57]],[[19076,22807],[77,2],[-6,83],[58,28],[56,-61],[49,-26],[61,-6]],[[19076,22807],[-45,165],[-4,36],[-57,78]],[[18970,23086],[-26,31]],[[19107,22694],[-81,43],[1,53],[-43,17],[-71,-38],[-28,-37]],[[18885,22732],[-88,49],[-122,86],[-36,46],[-8,101]],[[18631,23014],[73,4],[-1,22],[74,4],[1,-21],[130,4],[12,54],[50,5]],[[18797,22172],[-164,195],[-157,205]],[[18476,22572],[138,119],[97,-114],[152,115],[22,40]],[[18541,21981],[-502,483],[-49,78],[-9,72]],[[17981,22614],[78,11],[63,33],[173,146]],[[18295,22804],[41,-60],[140,-172]],[[18295,22804],[41,25],[240,186],[55,-1]],[[17981,22614],[-16,137],[-26,40],[-50,20],[-28,30]],[[17861,22841],[70,16],[64,58],[57,140]],[[18052,23055],[45,55],[62,43],[100,22],[293,-12],[61,3],[65,21],[181,109]],[[18437,24479],[-91,36],[-87,68],[-76,6],[-78,-51]],[[18105,24538],[-73,23],[-25,-16],[-74,23],[-57,35],[-79,0],[-48,23],[-26,59],[67,54],[5,45],[27,19],[19,73],[3,82],[-33,97]],[[17811,25055],[-6,19],[10,158],[52,-13],[62,84],[-14,35],[111,35],[83,-4],[-8,-41],[9,-63],[20,-39],[255,203]],[[18385,25429],[93,74],[673,188],[-12,39],[-48,26],[18,97],[43,32],[10,36],[104,52],[6,41],[75,-24],[82,-115],[-8,-29]],[[19421,25846],[-58,-64],[-56,-97],[-15,-95],[41,-71]],[[19333,25519],[30,-94],[22,-13],[37,-88],[17,-114],[38,-16],[-15,-70],[36,-71],[-22,-53],[12,-63],[125,-95],[-41,-121],[1,-68],[-51,-90],[-41,-50],[-7,-39]],[[19474,24474],[-40,-29],[-80,1],[-34,-25],[-85,-9],[-11,35],[-37,-12],[-108,-10],[-44,-16],[-49,-44],[-56,-20],[-106,86],[-75,-32],[-53,21],[-116,6],[-143,53]],[[19093,23526],[-27,70],[-271,335],[-147,230],[-136,164],[-35,52],[-40,102]],[[19474,24474],[25,-157]],[[19499,24317],[15,-104],[81,-134],[31,-87],[19,-162],[9,-136],[18,-145]],[[18859,23296],[-35,116],[-58,70],[-66,42],[-116,31],[-604,53],[-64,22],[-37,28],[-103,144],[-19,88]],[[17757,23890],[102,14],[20,17],[21,71],[-2,68],[34,105],[-11,43],[-29,30],[34,115],[16,24],[77,66],[14,45],[72,50]],[[17757,23890],[-3,145],[-10,47],[-27,43],[-57,37],[-64,4]],[[17596,24166],[-46,38],[-67,-4],[-56,33],[-56,12]],[[17371,24245],[-74,43],[-59,189],[-82,123],[-10,41],[7,66],[-17,68],[25,126],[-30,88],[-41,44]],[[17090,25033],[27,9],[43,-25],[69,-84],[67,12],[37,-44],[50,73],[141,93]],[[17524,25067],[153,-12],[89,-24],[45,24]],[[18052,23055],[-148,-17],[-35,7],[-55,39],[7,97],[-67,36],[-73,8],[-49,24],[12,76],[-19,35],[-65,28],[-26,68],[-64,26],[4,51],[-42,39],[-42,75],[5,34],[67,106],[24,61],[42,24],[25,49],[92,8],[3,73],[74,78],[-22,51],[-104,35]],[[17090,25033],[-59,13],[-9,26],[-68,43],[5,50],[-33,86],[39,175],[80,58],[29,40],[-3,36],[67,121],[-64,-14],[-60,-79],[-6,-38],[-118,-147],[-45,-1]],[[16845,25402],[21,33],[58,38],[30,115],[-1,261],[129,73],[69,-24],[23,37],[8,78],[-5,73],[62,36],[37,37]],[[17276,26159],[27,-163],[72,31],[75,-6],[64,-30],[51,-38],[52,-65],[54,28],[73,-31],[-35,-60],[-16,-63],[22,-91],[75,-33],[22,-48],[-12,-115],[-53,-22],[-30,-37],[-29,-80],[15,-149],[-179,-120]],[[17276,26159],[41,32],[31,90],[19,111],[-18,51],[6,60],[23,40],[-1,47],[-22,39],[40,37],[23,58],[64,29],[2,58]],[[17484,26811],[72,16],[44,-22],[139,17],[280,24],[14,39],[-21,21],[19,40],[-4,63],[23,94],[64,27],[12,32],[54,53]],[[18180,27215],[7,-46],[-14,-44],[-55,-89],[-36,-168],[-47,-119],[-9,-83],[30,-179],[43,-64],[82,-55],[37,-54],[27,-95],[6,-84],[-18,-132],[31,-97],[112,-84],[28,-50],[4,-76],[-44,-84],[-72,-55],[8,-33],[65,-45],[20,-50]],[[18180,27215],[145,55],[111,2],[31,-23],[97,-12],[41,-24],[113,-28],[58,39],[41,-52],[24,-6],[75,34],[49,-14],[-20,-70],[47,-92],[20,-59],[142,73],[40,54],[43,107],[57,33],[135,4],[107,12],[21,48],[12,160]],[[19569,27456],[38,3],[103,-19],[91,-25],[88,7],[7,-60],[-20,-150]],[[19876,27212],[-83,1],[-40,-54],[3,-109],[30,-145],[3,-48],[-21,-199],[6,-109],[-38,-21]],[[19736,26528],[-55,45],[-71,-9],[-49,-53]],[[19561,26511],[-78,-21],[-51,-57],[19,-75],[33,-38],[130,-71],[34,-48],[3,-68],[-41,-114],[8,-40],[-88,-54],[-47,-9],[-62,-70]],[[16841,25403],[-77,-8],[-29,46],[-45,9],[-58,-83],[-81,-14],[-61,20],[-19,30],[-81,78],[-55,26],[-43,44],[-88,-51],[-69,-10],[-26,-88],[9,-96],[-26,-112],[-65,-23],[-29,-39]],[[15998,25132],[-45,43]],[[15953,25175],[14,46],[-5,59],[-20,39],[-48,44],[-124,147],[-16,102],[5,103],[-12,79],[-59,86],[-46,83],[-16,66],[6,51],[-17,42],[9,78],[-17,46],[2,120],[-27,35],[-55,32],[-9,40],[10,120],[-45,79],[-57,20],[-41,43],[-15,78],[-54,85],[-103,34],[-73,76],[-45,76],[-27,124]],[[15068,27208],[25,22],[13,58],[81,22],[23,89],[-28,68],[0,41],[-52,56],[-20,74],[-93,51],[-62,91],[23,36],[43,30],[9,30]],[[15030,27876],[17,-5],[116,-99],[79,-46],[69,-12],[145,-5],[113,-33],[127,-100],[199,-119],[111,-77],[126,-61],[248,-146],[58,-60],[27,-72],[48,-338],[19,-163],[-4,-60],[-53,-275],[-1,-101],[33,-194],[16,-56],[34,-58],[176,-253],[108,-140]],[[16845,25402],[-4,1]],[[15030,27876],[-50,97],[62,78],[39,63]],[[15081,28114],[39,-20],[75,7],[8,49],[100,35],[90,-33],[72,12],[33,46],[82,-38],[105,17],[0,45],[68,56],[24,-8],[89,20],[-43,63],[100,-22],[32,-62],[74,-83],[0,-48],[-60,-28],[-15,-25],[50,-60],[18,30],[41,-20],[53,-4],[-29,48],[77,54],[36,1],[26,27],[44,-10],[29,-74],[31,-38],[54,10],[33,-66],[35,6],[76,-56],[44,44],[65,-3],[24,28],[-11,38]],[[16650,28052],[38,-24],[77,-83],[26,-3],[5,-67],[28,-18],[53,-93],[63,-36],[27,-60],[39,-28],[-24,-53],[77,-51],[-13,-67],[34,-31],[22,-75],[109,-37],[55,21],[112,-22],[44,-37],[64,-124],[-40,-74],[48,-57],[9,-38],[-29,-112],[23,-30],[-13,-42]],[[16650,28052],[-48,116],[29,45],[55,-7],[43,32],[27,-13],[114,-21],[1,38],[69,51],[53,-14],[65,8],[65,-9],[-6,77],[28,82],[7,49],[-17,35],[10,115],[40,17],[27,-34],[34,22],[-17,40],[33,40],[62,14],[31,46],[31,17],[25,-53],[85,-40],[31,44],[31,-24],[39,13],[68,-11],[74,-29]],[[17739,28698],[34,-31],[27,-54],[94,-38],[40,36],[46,-13],[24,16],[77,-17],[136,15],[42,-12],[180,30],[66,31],[30,-34],[45,-84],[62,-72],[58,-53],[57,-26],[79,-18],[75,4],[73,-34],[14,-34],[47,2],[52,-49],[28,-78],[-22,-61],[-3,-50]],[[19100,28074],[15,-71],[78,-104],[87,-53],[64,3],[85,31],[47,1],[24,-39],[9,-69],[21,-64],[-2,-160],[7,-43],[34,-50]],[[19876,27212],[29,-51],[117,-35],[59,7],[88,56],[53,-10],[120,-125],[76,-39],[46,63],[1,82],[20,81],[5,98],[96,70],[92,32],[100,61]],[[20778,27502],[2,-78],[49,-134],[52,-72],[11,-41],[36,-33],[41,-80],[49,-68],[52,-19],[25,-84],[19,-8],[97,47],[29,1],[55,-35],[26,-56],[2,-38],[-27,-50],[-64,-28],[-91,-6],[-82,-72],[-37,-70],[-2,-39]],[[21020,26539],[-58,-63],[-34,-58],[-46,-29],[-4,46],[-157,-28],[-51,51],[-30,-7],[-47,-49],[-66,25],[-34,-13],[7,-47],[-36,-28],[-13,-68],[-43,23],[-29,42],[-30,-22],[-102,-14],[-7,29],[-40,25],[-87,30],[-46,66],[-42,4],[-94,-58],[-53,41],[-104,-27],[-18,12],[-28,95],[8,11]],[[21020,26539],[4,-27]],[[21024,26512],[35,-104],[-25,-38],[-45,-12],[-14,-59],[-4,-107],[-26,-17],[-90,-155],[56,-93],[-42,-132],[0,-84],[60,-85]],[[20929,25626],[-35,9],[-46,-24],[-117,-28],[-20,-60],[25,-57],[-44,-60]],[[20692,25406],[-20,37],[-127,61],[-32,85],[-22,26],[-89,40],[-59,-27],[-37,12],[-73,119],[-24,21],[-159,61],[-31,38]],[[20019,25879],[-13,27],[-44,-20],[-48,20],[-36,125],[-22,34],[-53,33],[-36,63],[-56,40],[-21,32],[-16,91],[-92,87],[-21,100]],[[20019,25879],[-17,-50],[-37,-17],[-37,-188],[-92,-83],[6,-49]],[[19842,25492],[-94,56],[-44,10],[-121,-15],[-113,4],[-27,23],[-110,-51]],[[20692,25406],[17,-85],[73,-63],[-41,-6],[-22,-50],[-45,-42],[-74,-35],[-46,-3],[-2,-40],[-64,14],[-36,92],[-24,16],[-119,19],[-26,-40],[-56,61],[-123,79],[-11,-20],[-53,16],[-63,-31]],[[19977,25288],[-131,174],[-4,30]],[[20929,25626],[27,-56],[20,-113],[64,-94],[23,-88]],[[21063,25275],[-13,-109],[15,-149]],[[21065,25017],[-28,-13],[-79,4],[-81,-88],[-43,-32],[-43,-9],[-83,14],[-59,-3],[-75,-56],[23,-83],[-29,-23],[-60,-18],[-85,23],[19,56],[-34,34],[-68,8],[6,22],[-98,4],[-161,-3]],[[20087,24854],[-47,102],[11,68],[-25,42],[-9,121],[-33,36],[14,35],[-21,30]],[[20087,24854],[-19,-53],[17,-63],[-15,-24],[10,-49],[-59,-9],[-34,-93],[31,-24],[-43,-84],[14,-23]],[[19989,24432],[-51,-97],[-49,47],[-59,13],[-24,-12],[-40,26],[-72,-23],[-49,17],[-49,-38],[-97,-48]],[[21065,25017],[-11,-40],[-81,-64],[-38,-135]],[[20935,24778],[-12,-36],[-33,-30],[-168,-89],[-30,-31],[-185,-213]],[[20507,24379],[-49,-9],[-62,13],[31,105],[-79,2],[-122,70],[-43,-73],[-6,-44],[-41,-42],[-106,16],[-41,15]],[[20507,24379],[-16,-24],[-24,-89],[34,-186],[-3,-45],[-62,-111],[-78,-167]],[[20358,23757],[-28,-74],[-31,-148]],[[22699,23746],[230,-6],[46,-19]],[[22975,23721],[-141,-109],[-5,-180]],[[22829,23432],[-159,-4]],[[22670,23428],[41,282],[-12,36]],[[22699,23746],[11,71],[31,-7],[4,96],[53,-3],[15,58],[121,-7]],[[22934,23954],[197,-11],[94,-57]],[[23225,23886],[-25,-31]],[[23200,23855],[-42,-28],[-112,-27],[-71,-79]],[[23200,23855],[13,-93]],[[23213,23762],[4,-37],[-14,-138],[-34,-48],[-193,-99]],[[22976,23440],[-50,-12],[-97,4]],[[22630,23113],[20,153],[43,23],[3,28],[-35,35],[9,76]],[[22976,23440],[1,-103],[20,-62],[61,-82],[7,-70]],[[21695,23208],[3,28],[60,-7],[101,25],[-29,249],[15,40],[49,23],[-8,37]],[[21886,23603],[229,50]],[[22115,23653],[30,-50],[61,4],[171,159],[22,9],[114,7],[95,32],[-4,-61],[95,-7]],[[22115,23653],[78,63],[-84,141],[-26,80]],[[22083,23937],[50,7],[-18,45],[47,23],[60,-33],[76,34],[95,99],[47,23],[49,79],[68,30],[-23,33],[38,49],[52,-45],[165,-5],[65,70]],[[22854,24346],[-19,-70],[54,-55],[59,-135],[-14,-132]],[[22083,23937],[-46,147],[-140,89],[21,43],[-94,116],[-28,67]],[[21796,24399],[139,24],[68,44],[45,10],[157,7],[98,43],[90,95],[56,17],[113,8]],[[22562,24647],[46,-55],[109,-90],[59,-63],[2,-60],[78,-12],[-2,-21]],[[22562,24647],[54,-3],[85,63],[72,43],[71,-4],[96,-79],[12,45],[0,84]],[[22952,24796],[371,-82]],[[23323,24714],[-53,-91],[-69,-62],[161,-111],[18,7],[64,-28],[-80,-197]],[[23364,24232],[-26,-159],[-28,-63],[-85,-124]],[[21028,23296],[22,313],[70,75]],[[21120,23684],[34,66],[138,182],[20,52]],[[21312,23984],[33,58],[63,69],[17,-71],[26,-8],[185,-181],[-25,-25],[65,-58],[39,-18],[15,-68],[47,-74],[41,-22],[68,17]],[[21312,23984],[-101,76],[-40,212],[27,5],[44,64],[-8,37],[40,74],[-6,62],[36,77],[47,35]],[[21351,24626],[37,52],[31,-8],[70,-62],[125,80],[24,5]],[[21638,24693],[33,-31],[52,-83],[26,-126],[47,-54]],[[20358,23757],[84,-10],[23,9],[115,-12],[157,21]],[[20737,23765],[134,-5],[95,-15],[-17,-54],[171,-7]],[[20935,24778],[10,-16],[-2,-93]],[[20943,24669],[-26,-68],[-51,-99],[33,-15],[-42,-107],[-18,-81],[-69,-73],[-6,-36],[22,-114],[-13,-108],[-33,-122],[-3,-81]],[[20943,24669],[227,30],[73,-26],[47,-36],[61,-11]],[[21063,25275],[57,-19],[48,23],[28,93],[69,35],[43,70],[62,12],[69,33],[130,-79],[30,-46],[64,19],[53,45],[5,28],[42,34],[-8,69],[-32,-3],[-18,112],[37,58],[23,105]],[[21765,25864],[99,-71],[38,-46],[1,-51],[54,-112],[-9,-50],[-46,-89],[105,-228]],[[22007,25217],[-96,-19],[-80,-47],[-41,-12],[44,-49],[23,-50],[1,-46],[-27,-69],[6,-43],[-21,-72],[-126,-56],[0,-21],[-52,-40]],[[21024,26512],[50,-4],[65,-34],[28,-28],[47,-88],[15,-50],[-30,-39],[-56,-99],[18,-21],[-28,-36],[5,-33],[46,-10],[-27,-73],[59,-31],[51,-4],[44,17],[3,40],[39,103],[48,-20],[43,54],[40,-20],[46,41],[8,64],[38,-5],[5,-48],[42,-46],[50,16],[67,-73]],[[21740,26085],[44,-90]],[[21784,25995],[-19,-131]],[[20778,27502],[55,-17],[137,-140],[23,-5],[83,29]],[[21076,27369],[32,-13],[87,-91],[97,-124],[37,-24],[96,-36],[39,-35],[107,-181],[27,-19],[69,14]],[[21667,26860],[66,2],[57,-51],[19,-40],[0,-96],[-58,-105],[-59,-26],[-34,-67],[57,-165],[-29,-55],[13,-46],[44,-11],[19,-27],[1,-67],[-23,-21]],[[22007,25217],[65,16],[51,56],[66,34],[112,19],[136,50],[76,16],[32,-6],[21,-68],[34,-19]],[[22600,25315],[15,-100],[95,-3],[28,-38],[-19,-68],[242,-50],[117,-34],[-41,-99],[-41,-51],[-44,-76]],[[21784,25995],[30,148],[69,-58],[136,47],[32,-4],[98,51],[-17,-76],[49,-58],[71,-20],[27,51],[1,80],[11,42],[29,19],[57,7]],[[22377,26224],[-35,-34],[0,-45],[56,-57],[-26,-55],[13,-114],[27,-88]],[[22412,25831],[53,-75],[21,-82],[23,-28],[90,-19],[51,-97]],[[22650,25530],[16,-92],[-33,-82],[-33,-41]],[[21667,26860],[82,27],[51,31],[82,5],[87,-5],[55,43],[54,1],[58,25],[84,0],[76,14],[112,-13],[40,-65],[33,-1]],[[22481,26922],[-11,-83],[14,-31],[-13,-44],[20,-57],[31,-37],[1,-97],[39,-20],[12,-65],[-68,-114],[-77,-57],[-51,-74],[-1,-19]],[[23074,26308],[20,16],[20,62],[44,10],[17,46]],[[23175,26442],[75,-11],[26,28],[68,-16],[81,67],[126,-1],[42,12],[17,-31],[52,23],[16,-36],[-12,-36],[39,-55],[16,-48],[49,-11],[76,-57],[-20,-53],[37,-46]],[[23863,26171],[-22,-28],[3,-106],[-90,-102],[-52,-166],[13,-97],[-18,-130],[-16,-48]],[[23681,25494],[-3,-10]],[[23678,25484],[-68,2],[-175,-27],[-49,-26],[-31,52],[-67,47],[-31,-6],[-48,-42],[-48,-13]],[[23161,25471],[33,76],[26,143],[27,69],[-3,50],[-41,121],[-30,43],[-59,6],[3,79],[-26,22],[-15,62],[16,34],[-25,74],[7,58]],[[22412,25831],[112,84],[44,45],[14,39],[33,23],[14,95],[81,53],[30,50],[54,26],[23,59],[170,72],[75,-29],[12,-40]],[[23161,25471],[-3,-51],[-107,48],[-124,-6],[-83,36],[-119,-43],[-26,38],[-49,37]],[[22481,26922],[93,34],[14,69],[66,45],[79,98],[51,17],[107,-2],[60,12],[18,18],[7,56],[-15,67],[-65,100],[34,17],[63,-15],[56,-58],[127,19],[115,9],[26,43],[-43,80],[-27,87],[0,43],[33,37],[78,28],[0,27],[-33,89],[20,59],[41,56],[62,123],[64,73],[65,88],[45,31],[203,93],[37,49],[0,46],[-30,49],[-47,36],[-16,75],[28,39],[108,58],[27,29],[57,28],[97,24],[128,96],[38,56],[93,25],[83,77],[32,62],[89,21],[13,99],[43,37],[117,-3],[44,-9]],[[24766,29259],[86,-61],[121,-29],[65,17],[23,58],[36,36],[38,85],[25,30],[61,37],[135,49],[93,141],[37,31],[74,39],[20,52],[50,59],[43,86],[19,63],[83,54],[39,-17]],[[25814,29989],[64,-38],[70,-3],[25,21],[46,-11],[65,-44],[18,-47],[32,-36],[43,-10],[22,-40],[133,-68]],[[26332,29713],[-40,-23],[-38,-69],[-12,-54],[26,-101],[-17,-30],[-53,-31],[-121,-140],[-93,-59],[-34,-66],[3,-115],[16,-54],[7,-141],[-45,-61],[2,-61],[-65,-38],[-66,-87],[-44,-46],[-65,-46],[-57,-65],[-24,-53],[-90,-105],[-8,-51],[54,-127],[-35,-63],[-26,-87],[0,-81],[16,-40],[-13,-68],[-37,-18],[-17,-37]],[[25456,27696],[-177,211],[-126,165],[-89,218],[63,13],[-7,35],[-52,47],[-91,30],[-2,39],[62,38],[-38,41],[-135,39],[24,64],[-19,25],[-104,-22],[-65,-57],[0,-64],[41,-101],[6,-38],[-13,-88],[-39,-21],[-13,-60],[7,-45],[40,-83],[-19,-41],[-88,-16],[-48,20],[-20,-30],[-67,-48],[-108,15],[-48,-30],[-16,-72],[-51,-43],[-51,-93],[-38,-24],[-38,-65],[-19,-69],[-76,-65],[-20,-63],[-32,-168],[-36,-41],[-86,8],[-52,-16],[-53,6],[-57,-21],[-12,-95],[37,-54],[-46,-53],[-77,-25],[-28,-51],[-52,-29],[-30,21],[-67,3],[64,-72],[-17,-55],[-29,-15],[-82,2],[-110,-47],[-79,-89],[-18,-103],[32,-30],[20,-71],[-37,-21]],[[25456,27696],[-78,2],[-39,-55],[-25,-2],[-15,-44],[-40,3]],[[25259,27600],[-68,-50],[-52,-15],[-28,-31],[-8,-43],[58,-72],[-29,-29],[-12,-99],[-13,-32],[14,-78],[24,-20],[-19,-49],[22,-35],[-1,-52],[-52,-104]],[[25095,26891],[-78,51],[-67,-17],[37,-75],[49,-145],[23,-140],[-46,-30],[-55,-18],[-28,-51]],[[24930,26466],[-78,60],[-31,11],[-114,-96],[-95,59],[-77,23],[-192,-3],[-30,-16],[-50,-122],[-123,105],[-46,-52],[-51,-35],[-22,-62],[-54,-32],[-26,-68],[-78,-67]],[[24930,26466],[-35,-34],[-33,-76],[-32,-50],[-45,-207],[-73,44],[-96,-30],[-39,-80],[-60,-53],[-20,-44],[-51,-42],[-55,-78],[-62,-8],[-11,-30],[69,-10],[119,-30]],[[24506,25738],[-110,-69],[-76,-133],[-51,-78],[-28,-13],[-70,25],[-51,-33],[-65,-72],[-49,6],[-24,-41]],[[23982,25330],[-101,59],[-50,9],[-58,59],[-52,-2],[-40,39]],[[23323,24714],[44,35],[-9,48],[43,86]],[[23401,24883],[129,-126],[195,-73],[54,48],[55,-33],[167,21],[180,-44]],[[24181,24676],[-37,-29],[-78,-135],[-38,-99],[-30,-50],[-123,-72],[-24,-31]],[[23851,24260],[-17,9],[-90,-17],[-144,-37],[-56,-8],[-154,29],[-26,-4]],[[23678,25484],[-18,-74],[12,-58],[-27,-126],[-56,-57],[-77,-100],[-27,-67],[-56,-89],[-28,-30]],[[23982,25330],[69,-54],[67,-27],[69,23],[25,-82],[16,6],[147,-156],[29,-47],[7,-50],[-11,-50],[52,-46]],[[24452,24847],[-227,-148],[-44,-23]],[[25095,26891],[-9,-42],[-46,-65],[40,-32],[34,-79],[65,-29],[-16,-131],[8,-53],[-8,-62],[-31,-16]],[[25132,26382],[-25,-21],[-8,-79],[8,-29],[-10,-73],[-41,-54],[-23,-64],[14,-52],[-8,-39],[-75,-111],[5,-66],[-16,-49],[8,-79]],[[24961,25666],[3,-9]],[[24964,25657],[-62,-22],[-13,45],[-37,-14],[-165,-14],[-94,67],[-87,19]],[[24964,25657],[45,-76],[11,-50],[46,-116],[46,-40],[38,-79],[14,-52],[73,-76],[60,-82],[9,-52]],[[25306,25034],[-62,59],[-133,80],[-187,-96]],[[24924,25077],[-73,-5],[-14,-17],[-80,-1],[-76,-29],[-55,-1],[-96,-77],[-78,-100]],[[25306,25034],[3,-48],[22,-34],[10,-90],[-21,-67],[7,-45]],[[25327,24750],[4,-51],[-16,-108],[13,-135]],[[25328,24456],[-130,91],[-17,29],[-257,501]],[[24452,24847],[54,-48],[155,-301],[95,-115],[-27,-40],[66,-64],[-3,-42],[-92,-126]],[[24700,24111],[-90,19],[-136,12],[-73,-17],[-144,-155],[-53,-11],[-92,-55],[-40,17]],[[24072,23921],[-90,72],[-52,3],[-2,60],[-49,32],[22,139],[-50,33]],[[25328,24456],[45,-100],[-3,-182],[-19,-102],[-60,-119],[0,-38]],[[25291,23915],[-214,-162],[-29,-4]],[[25048,23749],[-40,13],[-55,53],[1,38],[-135,146],[-119,112]],[[25048,23749],[-47,-70],[-442,-501]],[[24559,23178],[-67,-5],[51,58],[-12,46],[-322,232],[-34,12],[11,43],[-69,-3],[-32,30],[-32,-20],[-39,18],[-26,36],[-49,22]],[[23939,23647],[-9,21],[33,82],[93,68],[16,103]],[[24147,22655],[21,21],[155,218],[103,132],[133,152]],[[25291,23915],[105,-184],[-4,-77],[15,-37],[141,-126]],[[25548,23491],[-31,-110],[-2,-118],[25,-119],[-1,-68],[-15,-46],[-40,-54],[-44,-30]],[[25440,22946],[-65,-21],[-136,2],[-90,-25],[-119,-69],[-85,-28]],[[24945,22805],[-64,-5],[-90,10],[-67,-3],[-332,-90]],[[23926,22747],[72,100],[-26,63],[-13,62],[38,95],[4,184]],[[24001,23251],[6,267],[-68,129]],[[24001,23251],[-304,103],[17,30],[-137,69]],[[23577,23453],[-154,68],[-106,56],[33,54],[4,92],[-141,39]],[[23373,22943],[8,53],[55,151],[45,58],[0,30],[78,165],[18,53]],[[24961,22272],[8,1]],[[24969,22273],[469,99],[4,-18]],[[25442,22354],[59,-253],[28,-78],[84,-346],[-8,-107]],[[25605,21570],[-2,-29],[-68,13],[-128,38],[-103,69],[-163,17]],[[25141,21678],[-17,78],[-50,-10],[-113,526]],[[24556,22185],[209,39],[196,48]],[[25141,21678],[-41,4],[-78,-37]],[[24945,22805],[7,-48],[83,-308],[-73,-39],[8,-44],[-1,-93]],[[25440,22946],[49,-84],[57,-78],[122,-199],[27,-29],[106,-55],[25,-44]],[[25826,22457],[5,-18]],[[25831,22439],[-389,-85]],[[25548,23491],[50,69],[36,27],[86,33]],[[25720,23620],[12,-102],[59,10],[79,-3]],[[25870,23525],[51,-115],[5,-94],[112,14]],[[26038,23330],[7,-38],[37,-27],[48,16],[35,-46],[13,-75],[-36,-6],[16,-95],[-36,-7],[14,-82],[-23,-16],[36,-270],[5,-92],[-81,-12],[14,-67]],[[26087,22513],[-261,-56]],[[26038,23330],[145,-8],[101,-23],[94,-6],[268,30],[133,28],[81,-12],[38,-22]],[[26898,23317],[40,-31]],[[26938,23286],[-48,-64],[-49,-27],[12,-38],[-77,-199],[-25,5],[-52,-146],[-42,-5],[11,-77],[-35,-93],[11,-74]],[[26644,22568],[-44,-2],[-148,18],[-119,-19]],[[26333,22565],[-246,-52]],[[26938,23286],[188,-104],[108,-76],[73,-14],[106,-38]],[[27413,23054],[2,-42],[30,-18],[-23,-44],[-31,-116],[-29,6],[-22,-82]],[[27340,22758],[-157,-25],[-53,-18],[-199,-103]],[[26931,22612],[-52,-14],[-235,-30]],[[27413,23054],[169,-9],[133,19],[29,-4],[158,-54]],[[27902,23006],[42,-68],[116,-102],[62,-94]],[[28122,22742],[45,-91],[-157,-167],[-43,-62]],[[27967,22422],[-64,13],[-93,72],[-141,99]],[[27669,22606],[-180,126],[-76,29],[-73,-3]],[[27339,24132],[82,84],[49,98]],[[27470,24314],[30,70]],[[27500,24384],[145,-38],[40,-32],[92,-32],[9,-19],[5,-112],[17,-61],[54,-77],[22,-5],[77,-102],[-7,-54],[8,-97],[-22,-121]],[[27940,23634],[-73,-11],[-29,-19],[-88,-13],[-90,-45],[-82,20],[-63,-9],[-78,-37],[-95,-6],[-127,-61],[-55,-6]],[[27160,23447],[-11,138],[42,127],[215,-1],[84,37],[10,23],[-1,158],[-54,72],[-87,87],[-19,44]],[[27160,23447],[-94,-37],[-84,-47],[-43,-36]],[[26939,23327],[-15,8],[-40,149],[1,62],[-12,105],[-13,28],[120,41],[-43,121],[4,76],[-64,-25],[-41,68]],[[26836,23960],[274,111],[51,13],[126,12],[52,36]],[[25870,23525],[68,1],[53,16],[92,102],[63,50],[351,222],[72,19],[161,-6],[106,31]],[[26939,23327],[-41,-10]],[[25720,23620],[161,26],[42,25],[90,91],[72,93],[13,46],[73,74],[126,94],[64,74],[33,54],[83,45],[125,50],[96,89],[107,153],[62,49]],[[26867,24583],[58,6],[60,72],[91,51],[148,66],[61,40],[129,15],[188,49],[117,11]],[[27719,24893],[-16,-57]],[[27703,24836],[-178,-254],[-130,-203],[75,-65]],[[27703,24836],[6,-21],[133,-212],[20,-23],[-68,-42],[-150,-1],[-51,-10],[-50,-39],[-43,-104]],[[27719,24893],[86,11],[155,32],[190,-65],[46,-1]],[[28196,24870],[90,21],[215,6],[62,-29],[140,-33],[138,-79],[78,-34]],[[28919,24722],[-12,-36]],[[28907,24686],[-82,11],[-47,-11],[-194,-69],[-42,-38]],[[28542,24579],[-20,132],[-11,10],[-280,-22],[-38,52],[-36,-10],[26,-52],[-42,-44],[-54,73],[-49,-11],[-43,18],[-31,81],[-43,26],[-116,12],[-25,35],[-34,-11],[-27,25]],[[28542,24579],[26,-158],[-31,-87],[11,-89],[-62,-21],[-112,-56],[-44,-37],[-97,-137],[-21,-52],[-49,-338]],[[28163,23604],[-70,-5],[-94,35],[-59,0]],[[28907,24686],[-24,-92],[47,-44],[52,-139],[-12,-21],[-63,-16],[-2,-89],[-22,-102],[10,-29],[46,-26],[23,-31],[23,-141]],[[28985,23956],[-76,-54],[-54,-62],[-22,-51],[-50,-44]],[[28783,23745],[-64,-51],[-141,-68]],[[28578,23626],[-75,-24],[-86,11],[-92,-7],[-74,5]],[[28251,23611],[-88,-7]],[[28251,23611],[-8,-62],[45,-17],[-21,-60],[-47,15],[-35,-89],[-8,-109],[-73,-9],[-32,-64],[-57,-74],[-6,-53],[-62,-84],[-45,1]],[[28578,23626],[43,-232],[24,-186]],[[28645,23208],[50,-298]],[[28695,22910],[-231,-88],[-51,-5],[-65,35],[-79,-40],[-45,-5],[-29,22],[-54,-76],[-19,-11]],[[28783,23745],[93,-59],[34,-69],[27,-25],[64,-28],[-18,-123],[5,-25],[57,7],[24,-172]],[[29069,23251],[-97,-25],[-55,-97],[-55,-34],[-130,17],[-58,81],[-29,15]],[[28985,23956],[25,-55],[22,-101],[190,-177],[96,-99],[56,-101],[28,3]],[[29402,23426],[6,-57],[62,-101]],[[29470,23268],[-2,0]],[[29468,23268],[-295,-2],[-33,-3]],[[29140,23263],[-71,-12]],[[28985,23956],[70,8],[99,34],[141,10],[115,-22]],[[29410,23986],[-83,-85],[-8,-43],[28,-153],[20,-29],[43,-18],[16,-57],[-25,-81],[1,-94]],[[28919,24722],[183,-66],[129,-18],[56,4]],[[29287,24642],[55,18],[32,-6]],[[29374,24654],[49,-61],[37,-81],[72,-203],[8,-68],[-76,-98],[-54,-157]],[[29410,23986],[34,0],[48,25],[63,56],[49,-98],[72,26],[69,-9],[17,-37],[-15,-98],[4,-35],[57,-78],[33,-115],[33,-55],[43,-103],[10,-49]],[[29927,23416],[-6,-69]],[[29921,23347],[-307,-25],[-144,-54]],[[29501,22413],[37,36]],[[29538,22449],[200,166],[141,201]],[[29879,22816],[51,30],[105,0],[86,-30],[45,8],[100,39],[56,-10],[42,-51]],[[30364,22802],[90,-200],[29,-101]],[[30483,22501],[-103,-26],[-67,-37],[-164,-75],[-9,-38],[-47,-75],[-10,-48],[17,-102],[-66,-19],[-182,-120]],[[29852,21961],[-24,-6],[-20,55],[31,10],[-17,80],[-87,-51],[-7,53],[-95,99],[-6,39],[-82,101],[-42,30],[-2,42]],[[29852,21961],[22,-108],[-5,-99],[6,-159],[-8,-80]],[[29867,21515],[-14,-5]],[[29853,21510],[-38,12],[-193,7],[-150,94]],[[29472,21623],[-183,114],[-7,-11],[-86,53],[-33,-12]],[[29163,21767],[16,41],[-35,42]],[[29144,21850],[7,59],[50,98],[-31,96],[68,32],[1,23],[-97,63]],[[29142,22221],[45,9],[81,-13],[63,10],[83,59],[59,87]],[[29473,22373],[28,40]],[[29144,21850],[-88,-35],[-237,-29],[-47,42],[0,23],[-175,1]],[[28597,21852],[7,60],[35,74],[89,103],[35,103],[-6,34]],[[28757,22226],[56,35],[93,-2],[43,-12],[90,-64],[47,4],[56,34]],[[28757,22226],[-25,20],[-41,80],[41,86],[21,79],[2,66],[-27,160]],[[28728,22717],[232,14],[-22,24],[32,30],[40,-14],[64,102],[18,2]],[[29092,22875],[67,-50],[79,-128],[59,-71],[-10,-10],[84,-138],[59,1],[-9,-34],[19,-49],[33,-23]],[[29140,23263],[49,-289],[-71,-61],[-26,-38]],[[28728,22717],[-33,193]],[[29468,23268],[3,-43],[-21,-79],[8,-105],[-8,-33],[-74,-167],[-5,-44],[47,-176],[38,-70],[82,-102]],[[29921,23347],[4,-120],[-19,-173],[29,-68],[-14,-61],[-35,-24],[-37,-68],[30,-17]],[[29927,23416],[27,14],[53,-8],[20,-28],[76,56],[54,13]],[[30157,23463],[51,-44],[105,-36],[31,-1],[48,56]],[[30392,23438],[0,-1]],[[30392,23437],[52,-111],[3,-67],[22,-48],[-33,-74],[14,-38],[-23,-122],[9,-84]],[[30436,22893],[-33,-2],[-39,-89]],[[29374,24654],[21,-4],[230,39],[92,27],[86,14],[105,34]],[[29908,24764],[-47,-45],[23,-75],[-36,-63],[4,-54],[-27,-36],[-14,-63],[60,-21],[-11,-103],[-38,-21],[36,-42],[23,18],[107,-183],[-11,-109],[80,-8],[5,-20],[33,-371],[62,-105]],[[29908,24764],[81,26],[70,-16]],[[30059,24774],[-29,-88],[14,-18],[119,-47],[73,-82],[14,-33],[4,-88],[-29,-55],[4,-71]],[[30229,24292],[29,-43],[96,-10],[114,-54],[52,-142],[13,-66],[-2,-98],[-58,-170],[-99,-167],[-7,-43],[25,-61]],[[30059,24774],[25,-11],[75,11],[95,51],[-2,39],[-41,33],[13,51],[96,-27],[9,-38],[73,-27],[-6,45],[71,41],[-16,67],[12,35],[92,54],[38,8],[69,-32],[68,-7]],[[30730,25067],[53,-8],[106,-55],[24,13],[0,45],[38,25],[42,-15],[25,-55],[59,4],[-5,35],[-35,25],[66,57],[54,33],[60,2],[18,-51],[92,-24],[5,-30],[-80,-51],[-17,-33],[64,-26],[14,-60],[37,-30],[31,4],[20,49],[57,-75],[-47,-33],[3,-22],[62,-58],[-28,-28],[-58,-7],[-15,-74],[0,-73],[33,-42],[46,5],[45,40],[65,-71]],[[31564,24483],[-25,-81],[-87,-94],[-41,-107],[5,-34]],[[31416,24167],[-48,1],[-514,57],[-625,67]],[[31564,24483],[26,-5],[7,53],[45,102],[30,9],[50,-51],[43,-1],[53,61],[77,63],[54,28],[127,-74],[34,15],[56,96],[-27,123],[27,41],[-12,49]],[[32154,24992],[28,6],[28,-34],[62,-8],[10,39],[-35,20],[48,60],[44,27],[34,-159],[31,-39],[18,-55],[44,-33],[11,-121]],[[32477,24695],[-93,-34],[-327,-180],[-46,-34],[-177,-201]],[[31834,24246],[-40,-37],[-57,-20],[-321,-22]],[[31416,24167],[-29,-92],[-25,-27],[-19,-77],[0,-73],[30,-80],[31,-36],[76,-222],[14,-75],[83,-67]],[[31577,23418],[4,-63],[-28,-65]],[[31553,23290],[-32,-27],[-85,7],[-97,21],[-25,-21],[-121,26],[-40,202],[-167,55],[-94,51],[-40,-85],[-55,-54],[-49,62],[-64,-2],[-103,38],[-46,0],[-49,-83],[-94,-43]],[[31553,23290],[-6,-48],[114,-130],[22,-109],[21,-32],[21,-94],[23,-30]],[[31748,22847],[-127,-79],[-30,1],[-57,-45],[-98,-32],[-49,-5],[-87,62],[-57,28],[-117,97],[-208,44]],[[30918,22918],[-1,37],[-39,107],[-99,-53],[-78,31],[-91,52],[-112,1],[-41,-52],[-8,-137],[-13,-11]],[[30918,22918],[-2,-54],[26,-149],[73,-54],[15,-37],[-9,-83],[-40,-42],[-11,-67],[19,-61],[-24,-57],[36,-14],[23,-73],[-52,-50],[6,-40]],[[30978,22137],[-78,17],[-104,48],[-68,41]],[[30728,22243],[-93,118],[-123,91],[-29,49]],[[31748,22847],[35,31],[-17,69],[7,32],[49,25],[153,-3],[47,15],[29,30],[39,-31],[61,11],[7,-24]],[[32158,23002],[22,-57],[68,-30],[-94,-99],[-63,-32],[-60,-47],[-38,-64],[-60,-48],[-71,39],[-40,-6],[-17,-49],[43,-47],[25,-78],[5,-141],[17,-53],[52,-80],[59,-45],[68,-88],[38,-94],[-17,-64],[-149,-91],[-99,4],[-22,-69],[72,-56],[4,-17]],[[31901,21690],[0,-1]],[[31901,21689],[-112,83],[-98,112],[-98,67],[-264,82],[-249,80],[-102,24]],[[31577,23418],[43,43],[19,-17],[99,-1],[-12,38],[111,22],[23,-72],[42,-56],[85,-3],[58,33],[87,96],[17,-27],[44,21],[-35,55]],[[32158,23550],[96,-47],[41,66],[50,44],[21,37],[-75,82],[-32,60],[42,23],[26,60],[29,16],[25,-66],[77,30],[13,-32],[82,-17],[137,39],[143,54],[-32,57],[29,72]],[[32830,24028],[85,-111],[23,-65],[38,-44],[22,-52],[-4,-64],[-31,-142],[6,-55],[-19,-91]],[[32950,23404],[-173,39],[-95,-7],[-85,-74],[35,-31],[1,-62],[-92,-35],[-113,-4],[-46,-23],[-68,-77],[-20,-76],[-55,-15],[-17,-23],[-64,-14]],[[31834,24246],[29,-116],[-19,-19],[36,-60],[147,-330],[72,-86],[59,-85]],[[32477,24695],[55,-124]],[[32532,24571],[128,-221],[83,-109],[12,-43],[53,-68],[22,-102]],[[25831,22439],[28,-94],[41,-42],[82,-41],[192,-82],[131,-7],[43,-20]],[[26348,22153],[-66,-60],[85,-46],[-96,-197],[-49,24],[-20,-42],[-40,20],[-95,-196],[-48,-15],[-52,9],[-28,-57]],[[25939,21593],[-9,-31],[-44,11],[-92,-16],[-17,47],[-48,0],[-77,-71],[-47,37]],[[26348,22153],[58,-45],[139,-69],[100,-104],[85,-71],[34,-51],[42,-33]],[[26806,21780],[161,-98],[29,-25],[52,-76]],[[27048,21581],[-76,-77],[-83,-51],[12,-37],[-33,-66],[-45,-126],[-58,-61],[-57,-36],[-45,-52],[-38,-78],[-63,-58]],[[26562,20939],[-15,-9]],[[26547,20930],[-23,49],[-34,22],[-46,112],[58,113],[-175,99],[-72,-45],[-55,23],[-70,2]],[[26130,21305],[-14,64],[-90,-33],[-4,25],[-83,232]],[[26130,21305],[-20,-60],[-93,-75],[-24,-38],[-33,-12],[-7,-35],[20,-67],[-29,-22],[3,-33],[-53,-24],[-76,-6],[-58,-22],[-126,72],[-30,31]],[[26547,20930],[-57,-30],[-43,-61],[10,-45],[85,-40],[50,-35],[3,-23],[87,-29],[65,-37],[-9,-76],[-119,-210]],[[26619,20344],[-123,40],[-28,1],[-61,-32],[-37,6]],[[26370,20359],[-60,75],[-50,21],[-120,99],[-656,169]],[[26562,20939],[56,-17],[51,-51],[-26,-52],[46,-35],[35,44],[63,-14],[6,-52],[133,-55],[12,-16],[88,-11],[111,-41],[92,-82],[87,-16],[258,117],[64,-140]],[[27638,20518],[-54,-83],[-47,-90],[-10,-84],[-64,-120],[-9,-39]],[[27454,20102],[-136,45],[-102,87],[-59,10],[-50,-18],[-46,2],[-69,56]],[[26992,20284],[-97,46],[-231,-21],[-45,35]],[[27048,21581],[55,-78],[164,-176],[51,-41]],[[27318,21286],[65,-57],[58,-116],[100,-113],[16,-51],[4,-127],[66,-119]],[[27627,20703],[1,-52],[20,-95],[-10,-38]],[[26333,22565],[12,-55],[47,-55],[95,-29],[97,-100],[46,38],[12,-60],[37,8],[3,-72],[79,-51],[77,-72],[107,-66],[-25,-62],[-32,-6],[-82,-203]],[[26931,22612],[15,-18],[15,-118],[19,-48],[58,-63],[-20,-18],[127,-113],[215,-170],[214,-129],[81,-26]],[[27655,21909],[-24,-87]],[[27631,21822],[-106,25],[-69,-10],[-65,-46],[-83,-3],[-38,-17],[-61,-62],[-50,-81],[-111,-47]],[[27669,22606],[-17,-24],[20,-40],[136,-178],[71,-134],[-15,-7],[111,-141],[-134,23],[-82,-26],[-90,-116],[-14,-54]],[[28757,22226],[-82,-83],[-78,-23],[-209,46],[-82,74],[-36,54],[-40,98],[-41,22],[-100,-6],[-122,14]],[[28597,21852],[-75,-186],[-71,-39],[-43,14],[-62,-44]],[[28346,21597],[-112,27],[-194,24],[-58,23],[-165,114],[-55,19],[-78,1],[-53,17]],[[28346,21597],[87,8],[-21,-32],[-5,-62],[27,4],[4,-89],[-23,-79],[-36,-6]],[[28379,21341],[-289,101],[-8,-29],[-81,-35],[34,-39],[-47,-99],[0,-40],[-108,-40],[-48,9],[-13,29],[12,47],[-70,18],[-71,98],[-63,4],[-72,-11],[-15,39],[-94,-34],[-46,19],[-12,-78],[-42,46],[-28,-60]],[[29163,21767],[-27,-82],[-28,-39],[1,-38],[-52,-42],[-19,-79],[-41,4],[-47,-17],[-77,-91],[-94,-49],[-58,6],[0,-216],[-12,-78],[-39,-45],[-116,-26],[-39,-25],[-87,43]],[[28428,20993],[-27,51],[7,62],[33,27],[-20,48],[-8,62],[-34,98]],[[28428,20993],[-98,-146],[-16,-44],[-7,-100],[-63,-70],[-21,-68],[-30,-55]],[[28193,20510],[-59,-31],[-62,-47]],[[28072,20432],[-86,109],[-52,32],[-125,10],[-90,33],[-92,87]],[[29472,21623],[-94,-150],[8,-64],[-109,15],[-10,-67],[111,-154],[18,-58],[-38,-121],[-39,-60],[-2,-30]],[[29317,20934],[-55,33],[-91,87],[-35,22],[-159,53],[-36,-157],[-23,-44],[-47,-32],[-84,-27],[-57,-36],[-88,-80],[-102,-52],[-34,-37],[-23,-59],[-39,-44],[-40,-18],[-108,-3],[-103,-30]],[[29853,21510],[-9,-148],[-41,-300],[-16,-76],[18,-79],[69,-168],[71,-141],[41,-169],[-7,-66],[-30,-73]],[[29949,20290],[-30,10],[-98,-96],[22,-31],[0,-48],[-60,-6],[-24,78],[-45,0],[-16,39],[-81,7],[10,38],[65,6],[29,34],[-124,4],[-41,77],[-72,-5],[-72,31],[34,48],[-22,42],[-69,13],[-39,53],[48,73],[-16,126],[-4,86],[-27,65]],[[29949,20290],[-2,-47],[17,-72],[-14,-73],[-59,-109]],[[29891,19989],[-86,-20],[-71,-1]],[[29734,19968],[-143,-6],[-83,-22],[-40,-27],[-60,-9],[-94,-102],[0,-24],[-57,-7],[-32,50]],[[29225,19821],[-47,47],[-104,54],[-15,28],[-68,39],[-93,29],[-239,25],[-79,53],[-82,30],[-90,95],[-43,13],[-73,-3],[-54,10],[-66,51],[-100,140]],[[29867,21515],[106,23],[109,2],[75,-7],[43,-18],[32,10],[56,-56],[181,42],[60,57],[40,14],[90,55]],[[30659,21637],[-44,-39],[8,-54],[-13,-29],[9,-53],[-39,-81],[-6,-50],[128,-127],[93,-5],[63,-16]],[[30858,21183],[-65,-102],[-11,-86],[-21,-65],[-32,-31],[-15,-58],[68,-91],[39,-27],[118,-54],[54,-55],[26,-80],[-4,-80],[22,-4],[17,-160],[-14,-125],[-56,-68],[-21,-59],[-35,-51]],[[30928,19987],[-86,34],[-68,-46],[-41,-9],[-125,-6],[-115,-53],[-101,4],[-58,38],[-32,-5]],[[30302,19944],[-61,-1],[-19,24],[-77,-11],[-48,39],[-11,31],[-43,22],[-81,-19],[-3,-50],[-68,10]],[[30728,22243],[-75,-127],[-13,-92],[-31,-60],[-6,-88],[56,-191],[0,-48]],[[31901,21689],[24,-83]],[[31925,21606],[-36,29],[-63,74],[-13,-26],[-72,-38],[-30,52],[-28,-26],[-51,-1],[-34,-48],[-25,-8],[-87,19],[-78,49],[-45,-49],[-43,-13],[-59,-62],[-65,-20],[31,-51],[-5,-42],[-52,-47],[-49,-11],[-16,35],[-59,-5],[-133,-48],[-27,-46],[20,-65]],[[30906,21258],[-12,-48],[-36,-27]],[[31925,21606],[-10,-52],[75,-167],[76,-56],[78,-33],[175,-50],[102,22]],[[32421,21270],[-1,-50],[-22,-52],[-87,-74],[7,-66],[-40,-27],[2,-54]],[[32280,20947],[-98,-65],[-63,-10],[-46,9],[-68,32],[-90,-24],[-37,8],[-37,40],[-57,-6],[-100,63],[-125,91],[-101,111],[-51,33],[-137,48],[-66,7],[-87,-46],[-51,-15],[-55,33],[-105,2]],[[32280,20947],[5,-60],[24,-31],[51,-13],[12,-46],[82,-20],[45,-35],[-21,-39],[-46,-36],[-83,-15],[-72,-32],[-9,-60],[10,-47]],[[32278,20513],[-39,3],[-26,-53],[-42,-12],[-20,-28],[1,-86],[11,-34],[-8,-55],[-132,-48],[-23,9],[-64,-24],[-9,-40],[-73,-17],[-42,67],[-71,-7],[-14,-23],[-124,-37],[-34,-28],[-95,-27],[-37,29],[-107,-32],[43,-93],[-204,-237],[-81,-61]],[[31088,19679],[-31,54],[-15,59],[-47,102],[-67,93]],[[32278,20513],[59,-17],[84,-129],[2,-62],[85,-108],[-8,-61],[-86,36],[-86,-108],[-21,-49],[-8,-97],[-48,-69],[2,-45],[40,-41],[-1,-63],[-53,-50],[-64,-17],[-42,10],[-67,-16],[-49,-32],[-25,-52],[-47,9],[-27,46],[-34,9],[-72,-22],[-82,-101],[-73,-50],[28,-92],[101,-56],[49,-116],[-13,-21]],[[31822,19149],[-24,-87],[-19,-27],[-63,-45]],[[31716,18990],[28,94],[-23,72],[-48,59],[-34,21],[-106,100],[-82,66],[-9,36],[-37,38],[-77,32],[-16,19],[-73,23],[-19,23],[-68,2],[-55,69],[-9,35]],[[31716,18990],[9,-99],[-98,-70],[-24,-53],[-100,-79],[-75,22],[-61,-4],[-33,-98],[-6,-59],[40,-89],[7,-75],[-10,-51],[-83,-61],[-68,-16],[-45,-60],[-69,-7],[-18,-94],[-62,-102],[-68,-38],[-114,-14],[-25,-33]],[[30813,17910],[-17,-62],[11,-19],[-88,-28],[-45,56],[6,98],[-80,98],[-61,57],[-50,10],[-34,28]],[[30455,18148],[0,36],[23,95],[8,91],[-22,49],[25,47],[-4,66],[-41,49],[-18,47]],[[30426,18628],[18,73],[4,86],[25,5],[52,-38],[16,26],[56,-34],[30,83],[46,28],[39,4],[22,152],[-22,129],[-38,108],[-11,84],[6,32],[-25,67],[-96,57],[-72,70],[-43,86],[-108,233],[-23,65]],[[30426,18628],[-27,51],[-36,36],[-85,25],[-26,48],[-88,49]],[[30164,18837],[-44,28]],[[30120,18865],[-71,90],[-30,66],[56,125],[-40,63],[-6,50],[-29,13],[-34,76],[6,111],[-61,85],[-18,71],[7,82],[-14,47],[1,98],[-38,30],[-66,18],[-27,72],[-22,6]],[[30120,18865],[-108,84],[-135,37],[-44,-12],[-48,33],[-77,82],[-39,66],[-73,50],[-97,40]],[[29499,19245],[-34,35],[-22,62],[24,37],[-36,29],[-44,133],[-35,44],[3,36],[-47,96],[-62,14],[-25,26]],[[29221,19757],[4,64]],[[30455,18148],[-64,-55],[-7,-70],[21,-57],[-7,-29],[-53,-29],[-70,1],[-50,19],[-91,-26],[-59,4],[-45,-13],[-85,-76],[-83,10],[-50,-15],[-36,18],[-198,50],[-61,65],[-71,-7],[-93,-33],[-94,72],[-96,56],[-17,1]],[[29146,18034],[25,79],[12,80],[24,49],[-31,59],[27,12],[21,90],[-30,158],[28,11],[36,51],[1,63],[-27,66],[-29,20],[33,69],[38,-8],[19,-46],[38,-4],[86,61],[41,-4],[51,-37],[72,-20],[81,-54],[41,-13],[126,2],[36,-35],[62,38],[4,47],[51,4],[94,81],[72,-36],[16,20]],[[29146,18034],[-79,15],[-20,-15],[-133,-2],[-60,12]],[[28854,18044],[-53,-10],[-52,66],[3,32],[-57,83],[-20,77],[5,80],[-37,40],[-27,75],[-7,91],[-71,22],[-101,61]],[[28437,18661],[99,72],[28,53],[17,101],[47,81],[38,153],[9,0]],[[28675,19121],[42,11],[143,-77],[39,7],[48,-23],[111,-104],[40,28],[83,-8],[57,37],[61,26],[45,37],[75,20],[4,48],[57,76],[19,46]],[[23505,20378],[272,23]],[[23777,20401],[47,20],[-1,-72],[51,-93],[0,-50],[24,-203]],[[23898,20003],[-230,-21],[-5,51],[-126,-11]],[[23537,20022],[-32,356]],[[23898,20003],[13,-135]],[[23911,19868],[8,-95],[-20,-100],[-36,-57]],[[23863,19616],[-38,-49]],[[23825,19567],[-73,-16],[-61,43],[-38,42],[-37,68],[-56,160]],[[23560,19864],[-12,44],[-11,114]],[[23825,19567],[-8,-11]],[[23817,19556],[-69,-44],[-47,3],[-86,-80],[-26,-45],[-77,-222]],[[23512,19168],[-36,30],[-12,74],[-57,20],[-72,-4],[-67,41],[-9,21]],[[23259,19350],[-40,257],[-43,105],[15,52],[-18,59]],[[23173,19823],[135,19],[252,22]],[[23250,20448],[74,-45],[6,-42],[175,17]],[[23173,19823],[-33,43],[-49,9],[-64,60],[-3,58],[-30,-4]],[[23482,21016],[8,-24],[11,-197],[-59,-150],[15,-60],[70,6],[-5,60],[176,16],[79,-266]],[[23923,20461],[74,-167],[29,-53],[169,-220]],[[24195,20021],[-184,-142],[-100,-11]],[[24195,20021],[421,-539]],[[24616,19482],[-52,-311]],[[24564,19171],[-103,43],[-218,43],[-34,17],[-139,118],[-145,130],[-62,94]],[[23817,19556],[-7,-44],[32,-50],[27,-72],[44,-38],[77,-138],[53,-132],[81,-291],[8,-59],[24,-53]],[[24156,18679],[5,-59],[-14,-86],[-95,-38],[-76,-20],[-10,-68],[-20,-38]],[[23946,18370],[-31,111],[-153,273],[-26,-24],[-135,-82],[-230,-34]],[[23371,18614],[-21,-3]],[[23350,18611],[-17,125],[135,307],[44,125]],[[24564,19171],[-95,-592],[30,-62]],[[24499,18517],[-53,-48],[-67,2],[23,69],[-48,62],[-87,24],[-71,2],[-2,48],[-38,3]],[[24499,18517],[35,-58],[-31,-144]],[[24503,18315],[-94,-79],[-14,-55],[61,-241]],[[24456,17940],[-50,-143]],[[24406,17797],[-366,302]],[[24040,18099],[-46,79],[-35,121],[-13,71]],[[24406,17797],[-5,-7]],[[24401,17790],[8,-25],[-212,-160],[-122,-76],[-94,-41],[-42,-49],[-125,-26],[-94,-37]],[[23720,17376],[-76,45],[62,171],[-43,26],[15,76],[45,85],[-1,143],[118,72],[13,39],[82,36],[61,5],[44,25]],[[23720,17376],[-14,-37],[-50,-37],[-60,6],[-57,-15],[-82,-68],[-48,-29],[-76,-24],[-80,-45],[-25,5],[-23,50],[-39,40]],[[23166,17222],[32,19],[71,114],[-28,143],[40,121],[-15,91],[51,117],[2,33],[-48,70],[-2,48]],[[23269,17978],[76,19],[21,55],[15,89],[69,105],[4,70],[-40,123],[-18,95],[-25,80]],[[23166,17222],[-34,27],[-98,-47],[-9,-36],[-94,-52],[-16,-34],[-90,86],[-53,-14],[2,-41],[-18,-109],[2,-119],[-12,-109],[-43,-54],[-12,-45],[-60,-37],[-24,-39]],[[22607,16599],[-6,11]],[[22601,16610],[-55,109],[-23,141],[108,67],[-47,104],[-39,51],[-8,50],[-42,12],[-21,210]],[[22474,17354],[53,-10],[14,65],[67,-27],[7,199],[115,1],[74,-23],[48,97],[-58,94],[-59,191],[2,100]],[[22737,18041],[79,63],[204,47],[50,-19],[28,-31],[59,26],[57,-32],[41,-1],[32,-44],[-18,-72]],[[22709,18731],[42,7],[15,-103],[81,-29],[147,-33],[64,-4]],[[23058,18569],[292,42]],[[22737,18041],[-35,-7],[-63,11],[-23,-16],[23,413]],[[22768,19436],[44,-11],[81,-79],[100,-38],[49,27],[152,-40]],[[23194,19295],[-74,-63],[-8,-41],[22,-107],[-31,-138],[-39,-51],[-64,-58],[-9,-40],[67,-228]],[[23259,19350],[-65,-55]],[[24158,20446],[72,-163],[81,-83]],[[24311,20200],[-10,-47],[-38,-33],[84,-107],[73,-50],[125,-158],[46,-83],[37,-22]],[[24628,19700],[8,-43],[-24,-60],[4,-115]],[[25249,20468],[8,-41],[-118,-13],[92,-250],[154,-187]],[[25385,19977],[-56,-34],[-43,-4],[-40,29],[-91,31],[-54,50],[-105,15],[-540,92],[-41,-1],[-28,-28],[-76,73]],[[25385,19977],[33,-34],[85,-36],[33,-32],[56,-24],[47,-44],[84,-48]],[[25723,19759],[-6,-81],[32,-17],[-18,-63],[-42,-49],[-1,-127],[23,-31]],[[25711,19391],[-76,-92],[-41,-73],[-89,-57],[-56,9],[-287,192],[-117,94],[-253,170],[-106,32],[-58,34]],[[25456,20491],[9,-47],[190,-43],[138,-68],[145,-133],[112,-154]],[[26050,20046],[-30,-29],[-33,45],[-44,-77],[21,-10],[-198,-177],[-49,28],[6,-67]],[[26370,20359],[24,-33],[62,-138],[-159,-369]],[[26297,19819],[-128,140],[-119,87]],[[26297,19819],[66,-50],[208,-71],[46,-25],[86,-66]],[[26703,19607],[-30,-63],[67,-45],[64,-1],[58,-86],[-65,-102],[-32,-36],[-20,-55],[76,-104],[6,-22]],[[26827,19093],[-29,-9],[-227,10],[-70,-36],[-40,24],[-92,-11],[-139,87],[-71,56],[-195,129],[-72,97],[-53,-19]],[[25839,19421],[-38,21],[-57,-14],[-33,-37]],[[27510,19291],[43,-39]],[[27553,19252],[-1,-96],[32,-62],[49,-46],[34,-49],[8,-56],[-20,-39],[37,-19],[-17,-34],[-37,19],[-83,-157],[23,-85],[-5,-32]],[[27573,18596],[-40,-1]],[[27533,18595],[-58,-8],[-42,18],[-99,68],[-30,48],[-38,33],[-61,119],[-66,30],[-42,3],[-73,39],[-22,51],[-29,18]],[[26973,19014],[21,55],[81,20],[53,-15],[0,-25],[98,7],[55,59],[17,70],[167,-37],[-38,68],[83,75]],[[26703,19607],[226,-37],[77,3],[149,-24],[19,24],[81,-21]],[[27255,19552],[-11,-18],[87,-54],[31,15],[66,-98],[-27,-15],[41,-74],[33,12],[35,-29]],[[26973,19014],[-62,20],[-30,52],[-54,7]],[[26992,20284],[-34,-97],[-38,-55],[45,-78],[-16,-87],[88,-134],[78,-7],[61,32],[17,-50],[12,-102],[45,-55],[5,-99]],[[27454,20102],[-1,-146],[160,-75],[14,-39],[71,-29],[70,-4],[38,14],[43,47],[58,3]],[[27907,19873],[-18,-101],[-49,-219],[18,-65],[-43,-164],[-67,-57]],[[27748,19267],[-77,-26],[0,-29],[-107,44],[-11,-4]],[[27748,19267],[-32,-45],[246,100],[70,22],[191,47],[57,-19],[40,-53],[16,-83],[-68,0],[54,-218],[39,-69],[12,-172],[-24,-110]],[[28349,18667],[-31,38],[-30,0]],[[28288,18705],[-51,4],[-39,-45],[-58,-7],[-51,-22],[-67,16],[-33,-47],[-109,44],[-53,-22],[-58,46],[-56,-2],[-100,-68],[-40,-6]],[[28437,18661],[-46,19],[-42,-13]],[[27907,19873],[30,17],[17,-89],[78,-136],[26,-27],[112,-77],[96,27],[-19,57],[161,123],[-38,49],[96,76],[-10,16]],[[28456,19909],[84,17],[97,-58],[142,-112],[95,9],[77,-31]],[[28951,19734],[-55,-60],[-15,-36],[-34,-201],[-37,-54],[-15,-54],[-27,5],[-26,-33],[17,-26],[-50,-38],[-22,-36],[-35,-11],[23,-69]],[[27638,20518],[54,-3],[87,-43],[100,-76],[153,-52],[35,-86],[61,-84],[136,-154],[103,-101],[51,10],[38,-20]],[[29221,19757],[-185,-24],[-85,1]],[[20582,18862],[124,-102],[59,-69],[91,-171],[114,-141],[100,-97],[45,89]],[[21115,18371],[-8,-46],[-4,-122],[-14,-26],[-157,-181],[-8,-34],[40,-77],[2,-76]],[[20966,17809],[-64,81],[-65,53],[-23,37],[-44,152],[-72,102],[-102,84],[-90,92],[-55,108],[-61,45]],[[20728,19091],[20,-15],[462,-402],[86,-95],[33,-63],[47,-24]],[[21376,18492],[-54,-23],[-138,-33]],[[21184,18436],[-36,-18],[-33,-47]],[[21392,18942],[-15,-52],[18,-218],[7,-127],[-26,-53]],[[21943,18399],[-69,-55],[-12,-76],[28,-46],[-4,-49],[-47,-13]],[[21839,18160],[-41,-32],[-15,26],[-55,-20],[-95,36],[13,47],[-10,60],[-35,30],[-56,1],[-90,-14],[-271,142]],[[21839,18160],[4,-41],[-62,-117],[-34,0],[-71,-47],[-89,-12],[-60,-62]],[[21527,17881],[-23,-9],[-44,73],[-9,51],[-26,30],[-63,34],[-76,-86],[-73,-68],[-59,-24],[7,-26],[-98,-26],[-33,-42],[-42,-10]],[[20988,17778],[-22,31]],[[21527,17881],[142,-156],[56,-67],[78,-110],[84,-43],[63,21],[-32,-59]],[[21918,17467],[-6,-12],[17,-157],[-22,-28],[-33,26],[-75,-103],[-10,-47],[-102,115],[-67,-57],[-58,67],[-40,-22],[-159,-34],[-30,-65]],[[21333,17150],[-6,36],[-221,257],[-70,243],[-48,92]],[[21988,18329],[141,-97],[57,-4],[10,-132],[-9,-174],[11,-146],[42,-99],[-13,-84],[77,-33],[-28,-50]],[[22276,17510],[-47,-78],[-18,-82],[-48,-71],[-29,17],[-56,-13],[-23,13],[-7,69],[-114,72],[-16,30]],[[22474,17354],[10,128],[-45,19],[-32,-58],[-131,67]],[[22601,16610],[-11,-36]],[[22590,16574],[-60,-24],[-3,-30],[-35,-25],[-42,27],[-24,39],[-101,53],[-141,40],[-38,-15],[-36,36],[-33,-28],[-56,99],[-118,75],[-30,-16],[-73,14],[-31,38],[-48,21],[-54,54],[-30,13]],[[21637,16945],[-104,56],[-48,8],[-15,-62],[-53,47],[-83,121],[-1,35]],[[21637,16945],[-38,-70],[-40,-16],[58,-39],[-46,-94],[-1,-22],[-72,-103],[-40,-46],[26,-27],[-54,-51]],[[21430,16477],[-48,38],[-97,33],[-146,104]],[[21139,16652],[-86,79],[-59,16],[-54,30],[-27,45],[-40,15],[-124,75]],[[20749,16912],[-46,158],[-22,330],[13,45]],[[20694,17445],[250,330],[22,34]],[[22590,16574],[11,-89],[-10,-58],[22,-17],[6,-65],[-10,-54],[-54,-23],[-53,-46],[-11,-34],[23,-91],[-6,-59],[-27,-90],[-44,-33],[-27,-48],[21,-59]],[[22431,15808],[-13,-34],[-52,-31],[-78,8],[-57,-37],[-64,-6],[-73,-45]],[[22094,15663],[-5,44],[-28,60]],[[22061,15767],[-9,82],[13,103],[-50,84],[-40,36],[-78,15],[-21,16],[-446,374]],[[22061,15767],[-31,-12],[-33,67],[-86,17],[-37,-10],[-23,88],[-72,53],[-52,71],[8,34],[-322,-198],[-59,32],[-119,-9],[-69,24],[-56,-3],[-47,23]],[[21063,15944],[-13,34],[3,73],[17,40],[-9,64],[19,106],[-32,14],[-4,120],[36,160],[-23,65],[56,11],[26,21]],[[20245,17368],[-21,-118],[4,-75],[-36,-61],[-9,-82],[56,-64],[106,-278],[71,-111],[29,-65],[17,-97],[21,-65]],[[20483,16352],[-170,-142],[-105,-106],[-73,-88],[-71,-47]],[[20064,15969],[-112,212],[-27,39],[-127,141]],[[19798,16361],[-64,104],[-248,455]],[[19486,16920],[93,59],[108,109],[23,14]],[[19710,17102],[158,51],[295,160],[82,55]],[[20749,16912],[15,-73],[-8,-141],[17,-114],[-62,-120],[-33,-33],[-195,-79]],[[20245,17368],[57,40]],[[20302,17408],[121,91],[32,12],[145,-33],[45,-32],[49,-1]],[[21063,15944],[-69,-102],[-73,-38],[-3,-15],[-75,-54],[-53,3],[-22,-36]],[[20768,15702],[-4,99],[-23,56],[-77,76],[-20,63],[-3,100],[-64,135],[-67,59],[-27,62]],[[20768,15702],[-54,-54],[-40,-13],[-81,10],[-33,-7],[3,-47],[-28,-50],[-40,-7],[-39,-90]],[[20456,15444],[-30,16]],[[20426,15460],[-91,72],[-64,94],[-151,255],[-56,88]],[[22094,15663],[-35,-28],[-102,-50],[-58,-2],[-73,36],[-29,-52],[-63,-74],[-84,-138],[-269,-172],[-106,-37],[-256,-50]],[[21019,15096],[-28,134],[-24,39],[-81,46],[-216,46],[-109,35],[-105,48]],[[22431,15808],[98,-14],[5,-65],[34,-30],[-3,-106],[109,-65],[1,-53],[24,-56]],[[22699,15419],[38,-20],[39,-79],[85,37],[9,-73],[-10,-41]],[[22860,15243],[24,-53],[27,20],[60,-70],[116,-12],[52,-43],[27,-90],[-49,-72],[-72,-62],[-160,-92],[-61,-21],[-74,4],[-116,-119],[-88,-79],[-155,-172],[-161,-98],[-115,-37],[-128,-33],[-142,-49],[-46,-39]],[[21799,14126],[-30,9]],[[21769,14135],[-209,273],[-140,148],[-89,84]],[[21331,14640],[-189,180],[-71,120],[-52,156]],[[19798,16361],[-132,-97],[-59,130],[-46,-16],[-13,28],[-87,-12],[-32,61],[-34,33],[-66,24],[-8,-19],[-482,167],[-5,35]],[[18834,16695],[55,40],[32,40],[16,62]],[[18937,16837],[94,370],[21,39],[70,35]],[[19122,17281],[44,-41],[141,-100],[64,-56],[62,-77],[53,-87]],[[20064,15969],[-28,-16],[-41,-54],[-45,-160],[-61,-147],[-51,-209]],[[19838,15383],[-42,-169],[-52,6],[-117,-5],[-53,-46],[-165,-74],[-202,-73],[-185,-44]],[[19022,14978],[15,51],[0,138],[-27,86],[-146,326],[-34,67],[0,86],[57,184],[11,131],[-2,96],[-23,149],[-29,250],[-28,95],[18,58]],[[19838,15383],[49,-255],[-23,14],[-46,-86],[31,-149],[-10,-17],[-81,-48],[-79,24],[-54,-69],[65,-59],[-39,-26],[29,-81],[-23,-26],[-8,-78],[49,-36],[108,-55],[-34,-37],[-69,-2]],[[19703,14397],[-53,-54],[-12,-32],[2,-109],[-79,-18],[-158,-116],[-56,-26],[-33,14],[-34,-37],[-53,-15],[5,-50],[-33,-11],[39,-45],[20,-44],[34,-24],[48,-61],[85,-40],[28,5],[25,-84],[-59,-57],[-123,-141],[-123,50],[-39,1],[-123,107],[-34,45],[-80,7],[-127,98],[-9,14]],[[18761,13774],[23,73],[3,77],[-10,270],[8,120]],[[18785,14314],[20,278],[23,84],[68,120],[126,182]],[[20426,15460],[-100,-345],[-115,-414],[-6,-72],[13,-214]],[[20218,14415],[-34,-57],[-72,41],[-32,-110],[-107,-18],[-53,20],[-116,1],[-101,105]],[[21331,14640],[-104,-124],[-72,-100],[-93,-177]],[[21062,14239],[-40,-25],[-147,-18],[-70,-49],[-122,-57],[-34,1],[-93,-116],[-41,-88],[-92,-65],[-63,46],[-28,94],[4,71],[28,94],[-50,127],[-88,83]],[[20226,14337],[-8,78]],[[20226,14337],[0,-86],[-13,-60],[-48,-93],[-448,-590]],[[19717,13508],[-72,-103],[-128,-300],[-65,-165],[-22,-109],[-4,-291]],[[19426,12540],[-34,50],[-44,39],[-119,20]],[[19229,12649],[-50,9],[-36,-12],[-107,0],[-54,-12],[-69,3],[-35,43],[55,45],[-26,48],[6,64],[-18,19],[27,53],[-10,59],[-25,41],[-68,63],[-4,25],[27,64],[-21,129],[-7,122],[-11,74],[-72,253]],[[18731,13739],[30,35]],[[19717,13508],[124,-146],[25,-49],[41,-31],[31,-109],[67,12],[54,-3],[64,-64],[50,-18],[38,-58]],[[20211,13042],[-28,-47],[-37,-6],[-23,-86],[-58,-56],[13,-18],[-61,-164],[-54,-83],[-19,-73],[-36,-52],[-31,-102],[17,-72],[55,-135],[30,-48]],[[19979,12100],[-83,-36],[-114,25],[-5,180],[8,71],[-94,-37],[-60,-1],[-161,95],[-45,15]],[[19425,12412],[1,128]],[[21062,14239],[-103,-202],[-64,-174],[-6,-96],[-63,-75],[-53,-108],[-59,-86],[-76,-91],[-37,-34],[-70,-34],[-95,-81],[-71,-87]],[[20365,13171],[-154,-129]],[[21769,14135],[55,-213],[42,-113],[22,-95],[64,-412],[16,-136],[27,-95],[31,-56],[119,-150]],[[22145,12865],[-431,-147]],[[21714,12718],[-38,57],[-83,84],[-41,54],[-198,20],[-53,-1],[-68,31],[-40,31],[-42,55],[-93,10],[-40,18],[-67,60],[-168,-38],[-66,14],[-109,83],[-65,9],[-148,-41],[-30,7]],[[21714,12718],[-42,-15],[1,-181],[-16,-93],[0,-110],[-147,-25],[-68,-66],[9,-40],[-161,-6],[-14,-15],[-10,-81],[-38,28],[-51,-37],[-76,-3],[-8,-58],[-50,-17],[-19,14],[-139,39],[-81,71],[-68,9],[-65,-13],[35,-102],[69,-123],[-14,-31],[-4,-69],[46,-24],[73,-6],[4,-22],[-32,-99],[-58,-16],[-32,25],[-134,24],[-83,-86],[-35,53],[8,46],[-54,13],[-84,-32],[-76,4],[4,81],[33,52],[-40,47],[-155,-18],[-26,14],[-27,80],[-23,15],[17,53],[-23,79],[-48,46],[-33,-23]],[[22145,12865],[502,-654],[178,-229],[62,-104],[25,-93],[-4,-295]],[[22908,11490],[-6,-437],[-10,-423],[-39,-224],[-16,-32],[-114,-107],[-57,-63],[-129,-157],[-54,-97],[-14,-90],[4,-106],[-36,-80],[-5,-105]],[[22432,9569],[-143,-19],[-172,-50],[-114,-60],[-123,-80],[-113,-97],[-109,-105],[-71,-44],[-87,-22],[-169,21],[-114,45],[-79,62],[-84,21],[-126,5],[-138,-27],[-98,18],[-68,-37],[-16,-99],[-119,7],[-51,-21],[-80,-81],[-47,-11],[-74,19],[-72,71],[-38,51],[-16,119],[-60,154],[-13,97],[-14,222],[-13,60],[-65,207],[-123,269],[-42,153],[-8,56],[7,70],[72,278],[6,52],[-10,78],[-120,364],[-65,184],[-135,412],[-91,267],[-13,104],[1,130]],[[19229,12649],[-6,-35],[-101,3],[-146,-32],[-52,-56],[-73,-109],[10,-36],[98,-21],[114,-55],[-78,-81],[0,-60],[-15,-32],[-54,-54],[-9,-62],[-35,-2],[-50,43],[-78,23],[-55,-19],[-60,-58],[-32,2],[-28,36],[-109,-20],[-51,-77],[9,-45],[-55,-28],[-50,36],[-75,-14],[-42,18],[-82,-11],[-47,-46],[-48,-29],[-52,68],[-7,62],[-82,25],[-69,-34],[-59,-8],[-55,40],[-23,-50],[-54,-48],[-18,-42],[-41,-40],[-73,-42],[-87,-2],[-60,-28],[-23,-24],[61,-88],[33,-128],[34,-61],[68,-93],[27,-111],[-6,-26],[-43,-22],[-55,-151],[-5,-38],[-118,-150],[-14,-69],[10,-40],[2,-98],[-9,-23],[1,-87],[59,-107],[57,-17],[12,-31],[-23,-71],[-48,-46],[-46,-21],[-37,-54]],[[17286,10173],[-20,14],[-67,107],[-108,60],[-33,33]],[[17058,10387],[-71,72],[-27,-10],[-45,41],[-43,15],[-129,95],[-44,10],[-31,30],[-95,10],[-55,14],[-100,47],[-117,13],[-131,31],[-43,-25],[-66,27],[-126,31],[-31,80],[8,76],[40,57],[18,54],[-20,16],[14,67],[44,4],[33,48],[92,44],[8,30],[-23,43],[52,89],[55,70],[55,36],[25,44],[68,46],[32,39],[-39,65],[56,31],[20,54],[-57,7],[9,61],[-63,200],[11,97],[26,70],[42,65],[36,31],[72,28],[139,28],[47,18],[68,77],[91,130]],[[16863,12593],[83,52],[82,19],[81,79],[43,97],[31,151],[4,109]],[[17187,13100],[86,42],[44,60],[22,76],[0,191],[10,123],[18,61],[62,87],[68,38],[109,24],[178,-16],[65,-13],[70,-28],[89,-64],[101,-98],[45,-18],[75,2],[252,101],[207,50],[43,21]],[[22432,9569],[38,-221],[62,-314],[28,-64],[93,-79],[187,-95],[78,-69],[158,-98],[67,-56],[16,-46],[1,-86],[-20,-186],[12,-26],[25,-189],[19,-75],[-58,-104],[16,-44],[-6,-56],[-31,-138],[-16,-34],[15,-73],[-3,-79],[48,-139],[-2,-33],[22,-80],[24,-45],[-14,-58],[18,-120],[41,-47],[19,-85],[-5,-47],[23,-54]],[[23287,6729],[-1002,-239],[-62,-15]],[[22223,6475],[-2,110],[-19,63],[-102,244],[-53,78],[-89,89],[-52,69],[-86,167],[-30,78],[-10,93],[-1853,85],[-710,225],[-1371,436],[-311,117],[-118,41],[-61,-4],[-24,-16],[-72,9],[-42,-50],[-34,-7],[-62,19],[-106,-2],[-49,55],[-55,19]],[[16912,8393],[5,458],[-48,51],[-51,83],[-35,37],[14,99],[-19,20],[29,92],[-18,97],[-24,27],[2,57],[57,24],[76,-26],[51,-43],[65,-25],[36,13],[128,7],[76,-11],[28,21],[93,23],[5,37],[46,83],[-15,48],[29,70],[3,44],[-26,57],[-49,7],[-39,-15],[-4,57],[76,58],[24,59],[-2,46],[19,72],[-22,52],[-136,101]],[[22223,6475],[-31,-78],[-124,-277],[-4,43],[-28,46],[-81,67],[-23,29],[-20,91],[-56,58],[-80,12],[-110,-39],[-64,24],[-44,35],[-49,15],[-117,-25],[-45,14],[-59,58],[-56,34],[-85,27],[-90,-7],[-86,6],[-162,-26],[-99,17],[-103,-17],[-85,-23],[-40,6],[-55,51],[-12,89],[-22,38],[-102,82],[-81,36],[-42,6],[-70,-15],[-155,-55],[-69,-68],[43,-13],[17,-29],[-11,-67],[-34,-30],[-34,60],[-25,18],[-86,-24],[-39,-63],[-7,-48],[-54,-19],[-94,14],[-42,-67],[-42,13],[76,113],[68,45],[-8,27],[-45,2],[9,39],[-85,41],[-59,10],[-287,-30],[-24,-61],[11,-41],[-42,-68],[-51,-32],[-22,-66],[-56,27],[-65,-3],[-54,24],[-24,-32],[32,-52],[-76,-65],[-8,72],[-90,72],[-26,-8],[-53,22],[-8,26],[-49,35],[-117,-3],[-85,102],[-145,86],[-64,54],[-16,28],[-122,104],[-67,36],[-81,3],[-25,-55],[-25,-163],[-27,14],[-18,73],[-50,-5],[-74,-89],[-80,-132],[-37,-73],[-53,0],[-17,-22],[-18,-90],[21,-27],[26,-111],[-29,-71],[5,-41],[-26,-18],[-25,58],[-117,124],[-10,57],[-20,26],[-60,-17],[9,-49],[-24,-104],[35,-32],[-1,-42],[-52,32],[-42,-16],[-55,31],[-52,7],[-59,35],[-52,53],[-46,-20],[-42,13],[-38,105],[-114,59],[-25,134],[-46,50],[-26,71],[-76,121],[-111,66],[-47,6],[-36,25],[-61,7],[-72,-19],[-35,33],[-49,14],[-54,-15],[-24,-38],[-49,-15],[-22,40],[-27,156],[121,62],[-15,41]],[[15987,7230],[30,-2],[105,27],[51,-29],[287,-41],[68,19],[358,47],[11,24],[15,1118]],[[23403,6349],[-56,3],[-6,5],[-3,12],[7,73]],[[23345,6442],[2,-90],[56,-3]],[[23290,4022],[-3,38],[-57,28]],[[23230,4088],[57,-28],[3,-38]],[[15683,7517],[6,9]],[[15689,7526],[2,6]],[[15691,7532],[-2,-6],[-6,-9]],[[15566,6080],[-4,15]],[[15562,6095],[-1,25]],[[15561,6120],[5,-40]],[[23287,6729],[146,35],[11,3],[20,-12],[0,-3],[-28,-10],[-71,-87],[-41,-37],[-12,-45],[40,-64],[-13,-57],[1,-2],[5,-8]],[[23403,6349],[28,-15],[32,-7],[4,-8],[0,-5],[-20,-49],[-9,-11],[-1,-4],[-13,-31],[-10,-31],[-2,-26],[1,-14],[19,-21],[7,-7],[10,-16],[-3,-36],[0,-1],[0,-1],[6,-18],[-1,-6],[-5,-64],[0,-3],[-32,-28],[-12,-8],[-14,-37],[39,-49],[6,-30],[5,-25],[-1,-12],[-33,3],[-29,1],[-21,-14],[-6,-11],[1,-49],[-4,-11],[-17,-10],[-31,-11],[-34,-57],[-1,0],[-28,7],[-66,30],[-13,-53],[1,-3],[-3,-20],[-7,-45],[2,-16],[14,-60],[1,-7],[5,-10],[24,-28],[7,-18],[65,-6],[4,-9],[22,-39],[51,3],[21,3],[30,23],[15,9],[71,-2],[8,-3],[15,-11],[6,-8],[19,-61],[-12,-15],[-14,-35],[-38,-42],[5,-18],[35,-81],[26,-48],[-23,-34],[-5,-11],[3,-22],[8,-44],[-12,-24],[-27,-32],[-47,-28],[-12,-21],[-28,0],[-6,-2],[-11,-42],[3,-7],[33,-26],[74,-63],[30,-17],[19,-10],[-3,-22],[0,-1],[4,-32],[-9,-30],[-2,-6],[1,-6],[24,-29],[6,-18],[0,-5],[-36,-29],[-54,-45],[7,-2],[2,-1],[6,-8],[11,-21],[-49,2],[-23,-25],[-4,-1],[0,-5],[31,-10],[43,-30],[-9,-43],[12,-49],[-68,-47],[-19,-5],[-1,-42],[0,-1],[-18,-18],[-21,-7],[-5,-2],[-15,-45],[1,-8]],[[23339,4090],[-10,-43],[2,-36],[-21,-14],[-17,4],[-3,21]],[[23230,4088],[-41,21],[-9,0],[-15,-12],[-10,-18],[-30,3],[-19,8],[-10,-8],[-24,-25],[-7,-31],[5,-1],[-36,-13],[-4,0],[-4,0],[-11,-8],[-7,-9],[-3,-11],[0,-6],[0,-6],[-16,-13],[-66,-13],[-47,-5],[-13,5],[-5,0],[-3,-1],[-4,-1],[-15,-13],[-5,-11],[0,-11],[-3,-10],[-41,-5],[-15,-3],[-4,0],[-17,7],[-5,2],[-6,0],[-5,-1],[-7,-4],[-8,-14],[-3,-26],[-8,-4],[-20,-5],[-26,14],[-7,1],[-3,0],[-4,0],[-5,-5],[0,-2],[3,-4],[7,-5],[1,-8],[-4,-3],[-11,-2],[-17,-11],[-47,-46],[-28,-13],[-13,-5],[-15,-7],[-109,-64],[-3,-11],[0,-2],[7,-11],[6,-8],[14,-52],[0,-8],[0,-15],[4,-23],[4,-22],[8,-17],[9,-13],[28,-44],[14,-85],[1,-75],[3,-10],[10,-15],[1,-12],[-4,-6],[-9,-16],[4,-6],[40,-20],[24,-26],[25,-23],[10,-6],[14,-8],[15,-8],[7,-2],[0,0],[5,0],[5,1],[0,0],[10,-1],[-8,-42],[-42,-33],[-18,-13],[-14,-5],[-3,0],[-8,0],[-23,1],[-49,-11],[-9,-6],[-8,-8],[-6,-13],[-36,-66],[-1,0],[-13,-3],[-1,0],[-12,2],[-63,26],[-15,-3],[-11,-5],[-17,-14],[-6,-4],[-6,-5],[-14,-28],[-10,-38],[-12,-34],[-22,-18],[-23,-12],[-8,0],[-4,0],[-10,2],[-38,9],[-10,-4],[-10,-12],[-20,-17],[-11,-6],[-33,-14],[-26,-7],[-37,-11],[-55,-19],[-75,-47],[-23,-28],[-12,6],[-14,9],[-32,60],[-43,91],[-32,55],[-40,29],[-45,48],[-69,75],[-74,33],[-25,23],[-3,6],[-11,44],[-39,53],[-37,42],[-45,-9],[-3,0],[-78,8],[-29,0],[-37,-4],[-62,-12],[-16,-5],[-34,-6],[-23,-2],[-24,-10],[-5,-3],[-9,-2],[-31,6],[-31,16],[-39,-7],[-30,-24],[-10,-5],[-2,0],[-2,0],[-14,2],[-35,15],[-59,28],[-49,27],[-35,21],[-22,22],[-44,68],[-4,9],[-13,38],[-21,49],[-13,15],[-22,5],[-38,-1],[-53,-15],[-7,-14],[-37,-51],[-21,-15],[0,0],[-3,-2],[-14,-4],[-6,0],[-45,12],[-65,11],[-10,-1],[-17,-1],[-29,-7],[-10,-6],[-5,-5],[-22,-37],[-26,-44],[-28,-20],[-66,-43],[-16,-10],[-20,-19],[-12,-11],[-39,-38],[-19,-10],[-29,-9],[-91,-35],[-28,-13],[-2,-1],[-10,-2],[-9,0],[-2,1],[-21,13],[-63,22],[-28,3],[-70,-14],[-25,-32],[-17,-32],[-6,-8],[-13,-14],[-22,-15],[-27,-12],[-20,-7],[-15,-3],[-31,3],[-9,-3],[-13,-17],[-6,-16],[-15,-37],[-10,-11],[-20,-12],[-25,-2],[-64,10],[-25,5],[-11,2],[-38,15],[-22,10],[-26,16],[-2,2],[-5,7],[-10,31],[-17,35],[-24,-4],[-73,-33],[-51,-16],[-35,-2],[-42,-2],[-52,-20],[-59,-18],[-25,-5],[-10,-3],[-34,-1],[-69,23],[-49,19],[-38,19],[-84,78],[-14,14],[-8,3],[-14,1],[-3,-1],[-18,-8],[-29,-17],[-33,-2],[-85,21],[-41,-5],[-8,-26],[-2,-6],[-12,-24],[-6,-6],[-3,-3],[-16,-9],[-47,-9],[-30,-4],[-66,-7],[-31,0],[-10,-3],[-8,-18],[8,-17],[-1,-18],[-38,-17],[-19,-22],[-4,1],[-12,13],[-14,11],[-18,6],[-3,0],[-1,0],[-6,-1],[-40,-12],[-25,-10],[-40,-19],[-19,-20],[-44,-78],[-35,-57],[-12,-23],[-38,-54],[-10,-10],[-11,-9],[-53,-16],[-16,-5],[-8,-4],[-6,-5],[-5,-4],[-5,-8],[-13,-28],[-21,-64],[-12,-11],[-16,-9],[-16,-3],[-31,2],[-79,42],[-14,1],[-10,-6],[-11,-10],[-9,-10],[-4,-3],[-5,-8],[-10,-23],[-13,-36],[-10,-15],[-11,-9],[-16,-8],[-12,-3],[-11,0],[0,0],[-17,3],[-37,11],[-20,13],[-8,10],[-6,12],[-1,5],[1,14],[-1,15],[-8,15],[-9,9],[-4,2],[-39,17],[-7,9],[-8,13],[-11,23],[-9,20],[0,40],[30,35],[70,36],[18,7],[18,9],[14,8],[14,11],[38,30],[7,7],[13,16],[28,14],[5,3],[3,4],[3,8],[-4,26],[-7,29],[-2,25],[17,41],[5,3],[11,7],[19,19],[8,23],[7,30],[3,8],[5,10],[0,22],[-2,39],[40,49],[23,21],[10,25],[-1,15],[2,28],[4,3],[5,1],[19,3],[22,3],[25,7],[20,36],[0,33],[8,9],[16,10],[25,37],[8,6],[3,4],[13,17],[3,15],[0,15],[-1,20],[0,5],[1,7],[11,25],[15,22],[6,5],[49,59],[-4,12],[-6,3],[-21,10],[-7,5],[-3,7],[3,23],[9,30],[3,4],[13,4],[13,0],[22,-2],[6,0],[18,6],[13,23],[11,29],[13,32],[4,7],[3,5],[20,5],[7,2],[7,5],[2,6],[2,8],[0,14],[0,42],[4,36],[-1,10],[-8,9],[-8,5],[-12,3],[-41,1],[-15,-3],[-12,-2],[-9,-1],[-18,0],[-19,19],[-6,13],[-19,37],[-27,31],[-65,62],[-41,19],[-15,12],[-9,12],[-22,70],[0,3],[13,17],[14,9],[16,46],[-5,13],[-1,4],[-9,15],[-55,58],[-36,30],[-22,11],[-14,1],[-4,1],[-3,-1],[-7,-2],[-40,-18],[-28,-11],[-15,-1],[-3,1],[-7,4],[-4,7],[-16,32],[-6,3],[-12,-2],[-43,-23],[-10,4],[-4,3],[-7,11],[-13,38],[-11,23],[-25,32],[-56,60],[-20,9],[-6,6],[-6,8],[-3,10],[0,11],[2,4],[9,16],[9,17],[7,19],[2,6],[6,17],[4,13],[0,8],[-20,33],[-1,1],[-5,7],[-2,4],[-2,7],[0,9],[3,11],[11,19],[15,28],[5,15],[0,11],[-12,17],[-7,4],[-26,7],[-26,2],[-25,-4],[-16,-2],[-10,-1],[-8,1],[-5,1],[-32,17],[-23,14],[-10,6],[-9,4],[-48,6],[-16,6],[-42,44],[-13,11],[-33,16],[-6,69],[1,15],[-53,53],[-8,10],[-30,59],[-8,8],[-20,14],[-73,31],[-31,9],[-10,2],[-16,-4],[-6,-10],[-7,-12],[-10,-18],[-9,-12],[-24,-23],[-14,-9],[-31,-11],[-17,-2],[-19,1],[-47,21],[-26,29],[-27,58],[-36,38],[-40,19],[-25,14],[-90,42],[-38,-1],[-30,-5],[-36,-10],[-102,-20],[-17,6],[-20,18]],[[15710,5345],[-10,35],[-5,17],[-1,8],[-1,10],[0,12],[0,2],[11,29],[2,5],[1,12],[1,13],[-1,12],[-17,35],[-7,11],[-9,19],[-20,63],[0,15],[1,21],[12,58],[-4,25],[-10,24],[-18,41],[-12,38],[-14,49],[-20,64],[-5,23],[-5,41],[-13,53]],[[15561,6120],[-2,43],[2,14],[1,2],[4,5],[18,6],[8,7],[2,3],[0,2],[-5,5],[-20,10],[-19,19],[-19,-2],[-13,5],[1,2],[4,4],[4,5],[-10,21],[0,8],[10,3],[7,6],[13,35],[-6,10],[-2,3],[-4,8],[1,23],[-4,9],[-5,8],[-7,12],[1,9],[1,21],[-1,8],[-1,2],[4,12],[11,13],[7,8],[12,12],[7,8],[0,0],[-3,3],[-2,0],[-3,-1],[-8,-2],[-3,2],[-2,4],[-5,7],[-4,2],[-3,0],[-4,-9],[-4,-12],[-3,-1],[-2,3],[-1,40],[-2,1],[-1,4],[2,3],[3,1],[12,7],[9,6],[0,5],[-17,26],[0,0],[-1,4],[2,3],[2,2],[3,3],[6,8],[-5,30],[1,8],[4,4],[9,19],[16,1],[2,2],[0,3],[-2,6],[-7,9],[0,9],[0,1],[6,14],[3,3],[6,4],[1,13],[13,2],[8,7],[0,1],[2,3],[12,11],[2,2],[12,8],[0,1],[-1,2],[-1,7],[4,4],[1,0],[8,0],[18,5],[-1,3],[-6,9],[6,24],[6,11],[6,17],[-1,12],[7,6],[7,4],[7,11],[6,9],[5,2],[8,4],[6,12],[3,5],[2,2],[1,1],[0,0],[5,-3],[2,-1],[4,2],[1,7],[-9,40],[-1,3],[0,8],[1,3],[8,9],[12,10],[6,14],[1,2],[22,20],[4,8],[7,25],[3,-2],[1,0],[3,4],[0,4],[-2,9],[3,8],[9,2],[3,3],[0,1],[-8,8],[-1,5],[7,12],[1,5],[1,10],[-1,7],[-9,13],[-1,2],[0,3],[5,3],[7,4],[7,7],[3,11],[2,6],[2,6],[1,6],[-19,61],[0,1],[8,3],[15,1],[12,5],[0,2],[-39,48],[-6,8],[-6,6],[-2,0],[-2,0],[-4,-1],[-8,-6],[-3,-7],[1,-2],[10,-10],[-20,1],[-4,10],[-10,40],[-1,1],[-1,1],[-2,0],[-3,10],[1,4],[-2,1],[-9,0],[-7,0],[-4,3],[0,8],[0,2],[2,2],[16,11],[-1,5],[0,20],[-1,3],[-23,-7],[-2,3],[12,13],[4,10],[-1,6],[-7,15],[-1,8],[1,9],[1,2],[2,0],[1,-1],[2,-2],[10,-12],[1,-1],[4,-1],[0,0],[-1,30],[-2,3],[-6,1],[0,0],[-27,14],[-1,3]],[[15691,7532],[1,2],[9,-4],[4,-2],[7,-3],[19,-11],[2,-2],[3,-2],[14,-9],[22,-11],[4,0],[2,-1],[5,1],[30,3],[13,-1],[3,-1],[13,0],[1,0],[51,-26],[7,-7],[17,-20],[11,-17],[8,-20],[9,-43],[0,-21],[-2,-46],[1,-25],[4,-6],[15,-16],[23,-14]],[[20390,18563],[-126,-189],[-129,-144],[-75,-91],[-160,-273],[-59,-42]],[[19841,17824],[-165,-109],[-108,3],[-95,24]],[[19473,17742],[-232,34],[-378,12]],[[18863,17788],[20,89],[63,117],[87,104],[206,238]],[[19239,18336],[192,221],[31,30],[102,62],[104,34],[79,37],[46,42],[46,66]],[[20302,17408],[2,59],[58,105],[-27,66],[-52,40],[-53,-29],[-79,-21],[-310,196]],[[19710,17102],[-47,105],[-41,33],[-32,97],[-117,405]],[[19122,17281],[-192,243],[-38,61],[-31,119],[2,84]],[[18807,17795],[-77,-10],[-29,-83],[-115,-160],[-30,-107],[-58,-78],[-180,-80],[-57,-38],[-54,-56],[-86,-44],[-60,-19],[-43,-30],[-72,-21],[-103,-14],[-64,34],[-54,-35],[-55,9],[-42,45]],[[17628,17108],[0,57],[53,61],[-9,25],[104,207],[35,48],[20,94],[-85,22],[-136,0]],[[17610,17622],[21,54],[58,47],[59,16],[76,-2],[115,42],[67,46],[42,51],[12,90]],[[18060,17966],[145,-58],[58,3],[80,-13],[126,-38]],[[18469,17860],[259,-60],[79,-5]],[[18937,16837],[-111,-7],[-180,-24],[-76,-43],[-202,-70],[-116,-68],[-140,-60],[-108,-64],[-45,-54]],[[17959,16447],[-73,17],[-78,1],[-98,20],[-116,-17],[-6,44],[-32,84],[-8,59],[-19,26],[-65,37]],[[17464,16718],[23,76],[-10,88],[37,75],[47,36],[55,69],[12,46]],[[18807,17795],[56,-7]],[[18785,14314],[-245,33],[-97,33],[-66,35],[-65,48],[-37,41],[-149,233],[-62,88],[-46,45],[-115,64],[-119,29]],[[17784,14963],[76,150],[54,119],[-22,9],[71,158],[-126,27],[-106,40],[-20,18]],[[17711,15484],[-26,58],[35,136],[82,80],[53,39],[21,44],[-39,100],[-41,63],[59,67],[31,15],[80,85],[15,56],[-26,56],[-28,24],[32,140]],[[17187,13100],[-15,80],[-91,57],[-35,2],[-56,-33],[-59,-12],[-34,27],[-17,75],[-43,1],[-75,51],[-30,-49],[-29,-6],[-35,30],[-29,50],[-98,70],[-52,17],[-129,117],[-11,41],[19,77],[-66,20],[-47,33],[-120,34],[17,136],[-53,82],[-60,121],[-2,86],[34,49],[113,76],[19,63],[37,67]],[[16240,14462],[-3,-97],[88,44],[42,33],[63,19],[90,9],[40,34],[3,42],[28,19],[36,-33],[42,6],[47,35],[64,-61],[31,9],[81,95],[-14,12],[62,78],[58,49],[69,30],[127,96],[67,86],[63,55],[38,17],[90,7],[86,-17],[64,-49],[43,-9],[139,-8]],[[16240,14462],[37,76],[-13,36],[32,57],[-21,34],[0,169],[-30,41],[26,104],[-18,34],[19,69]],[[16272,15082],[41,-20],[107,29],[34,66],[52,42],[89,-29],[16,81],[48,38],[-17,48],[36,25],[29,59],[30,19],[53,69],[6,31],[-23,119],[16,56]],[[16789,15715],[165,-31],[296,3],[47,-37],[123,3],[60,-31],[91,-95],[140,-43]],[[16272,15082],[16,90],[31,58],[-15,74],[9,62],[-48,55],[-76,16],[-137,57],[-72,11],[-28,22],[39,44],[66,11]],[[16057,15582],[29,-2],[50,53],[43,5],[52,67],[45,-23],[72,13],[-20,50],[65,104],[3,23],[-35,58],[-27,108],[88,5],[156,-83],[25,-36],[93,20]],[[16696,15944],[20,-16],[94,3],[29,-41],[23,-80],[2,-42]],[[16864,15768],[-75,-53]],[[16696,15944],[24,-7],[177,355],[-3,68],[48,80],[59,25]],[[17001,16465],[15,-70],[116,-76],[50,-89]],[[17182,16230],[-35,-21],[10,-100],[-19,-77],[-132,-164],[-78,-80],[-64,-20]],[[17182,16230],[34,4],[32,85],[172,251],[23,28],[21,120]],[[17464,16718],[-64,-13],[-139,7],[-66,39],[-111,46],[-48,1]],[[17036,16798],[14,43],[36,16],[38,41],[56,108],[13,43],[40,55],[-46,34]],[[17187,17138],[55,72],[43,17],[34,57]],[[17319,17284],[75,98],[58,64],[59,36],[26,40],[65,52],[8,48]],[[17001,16465],[43,207],[-10,48],[2,78]],[[16057,15582],[40,53],[-39,71],[-36,147],[-101,157],[0,47]],[[15921,16057],[21,82]],[[15942,16139],[21,-27],[-4,-42],[94,52],[73,126],[24,70],[127,120],[130,22],[27,28],[38,125],[157,234],[25,70],[38,63],[56,53],[66,38],[34,38],[113,47],[130,-28],[58,17],[38,-7]],[[15942,16139],[52,98],[-16,109],[51,80],[10,72],[45,45],[73,158],[18,87],[1,58],[-19,66],[39,64],[-2,82],[23,66],[-5,54]],[[16212,17178],[28,35],[-1,57],[58,199],[-20,103]],[[16277,17572],[30,17],[43,78],[37,14],[87,-42],[37,-50],[71,-39],[70,-9],[72,-36],[50,-1],[36,-28],[36,34],[-1,45],[82,-46],[54,-6],[62,-68],[103,-37]],[[17146,17398],[66,-25],[38,-47],[69,-42]],[[19614,19912],[-48,-82],[-6,-101]],[[19560,19729],[-39,-61],[-44,0],[-132,185],[-105,42],[-55,-17],[-79,-123]],[[19106,19755],[3,35],[-21,135],[-27,42],[-30,125],[-90,156]],[[18941,20248],[134,55],[101,23],[57,32],[163,76],[33,30],[47,78]],[[19476,20542],[79,58],[25,34],[40,95]],[[19620,20729],[19,-16],[0,-69],[31,-154],[-11,-366],[17,-64],[-23,-86],[-39,-62]],[[20088,19775],[-170,17],[16,73],[-74,-29],[-13,-96],[-14,-14],[-81,-7],[5,63],[-34,-4],[-60,41],[16,84],[-19,25],[-46,-16]],[[19620,20729],[29,64],[93,54],[34,10],[81,-1]],[[19839,18828],[-22,19],[-14,71],[-87,19],[-124,12],[-181,24],[-71,120]],[[19340,19093],[55,75],[-10,72],[18,79],[5,154],[21,106],[33,30],[59,22],[44,81],[-5,17]],[[19340,19093],[-42,2],[-100,93],[-71,11],[-62,-30],[-39,0],[-225,24]],[[18801,19193],[80,131],[19,46],[9,89]],[[18909,19459],[-3,84],[22,53],[154,130],[24,29]],[[19239,18336],[-37,23],[-8,152],[-17,76],[-57,-7],[-118,77],[-72,-41],[-53,42],[-4,72],[-30,-2],[-10,46],[-53,1],[-72,50],[-31,-48],[-37,-5],[-8,38],[-46,-26]],[[18586,18784],[14,62],[51,92],[12,111]],[[18663,19049],[44,64],[94,80]],[[18469,17860],[-17,85],[10,58],[-12,90],[-3,187],[40,207],[19,48],[49,70],[31,179]],[[18060,17966],[26,30],[49,9],[7,29],[51,45],[67,95],[15,56],[-107,235]],[[18168,18465],[-222,489]],[[17946,18954],[46,9],[113,83],[127,-10],[60,8],[37,-24]],[[18329,19020],[118,-60],[44,1],[81,88],[91,0]],[[17146,17398],[-31,41],[-27,133],[170,143],[-16,15],[37,88],[21,91]],[[17300,17909],[60,18],[19,-22],[59,-14],[25,10],[0,53],[33,-1],[105,39],[43,24],[51,-30],[14,-30],[-8,-77],[77,-24],[21,39],[-33,15],[-32,110],[-54,26],[-55,124],[8,86]],[[17633,18255],[29,6],[164,-30],[40,27],[-1,24],[69,33],[54,71],[40,-12],[50,30],[75,15],[15,46]],[[16277,17572],[-12,107]],[[16265,17679],[123,95],[33,85],[0,29],[38,64]],[[16459,17952],[45,38],[46,6],[13,45],[90,43],[60,1],[13,17],[132,84],[-3,57]],[[16855,18243],[137,-6],[108,18],[53,-29],[14,-86],[95,-89],[25,-45],[13,-97]],[[16855,18243],[3,4]],[[16858,18247],[42,120],[51,38],[90,38],[28,34],[35,9],[86,45],[15,47],[52,95],[78,75],[95,136]],[[17430,18884],[3,-21],[137,-123],[21,-80],[9,-93],[-95,-2],[-17,-30],[67,-100],[10,-60],[24,-7],[33,-64],[11,-49]],[[17430,18884],[63,44]],[[17493,18928],[39,121],[86,84],[71,34],[36,35],[57,-12],[58,44],[30,74]],[[17870,19308],[29,-181],[28,-132],[19,-41]],[[18329,19020],[-7,55],[-33,14],[-7,49],[59,23],[51,-9],[51,15],[25,32],[-18,57],[-80,71],[19,20],[81,29],[-41,78]],[[18429,19454],[68,17],[-18,44],[50,110],[61,-142],[35,0],[5,49],[82,17],[94,53],[16,-3],[39,-78],[-16,-51],[64,-11]],[[17870,19308],[8,99],[59,25],[31,59]],[[17968,19491],[17,61],[51,120],[10,103],[19,43],[49,55],[86,45]],[[18200,19918],[31,-72],[-44,-14],[25,-34],[78,-54],[-30,-51],[38,-19],[-26,-40],[70,-35],[43,-56],[44,-89]],[[18200,19918],[44,22],[74,66],[128,76],[57,25]],[[18503,20107],[98,44],[23,24],[43,81],[127,73],[57,51]],[[18851,20380],[50,44],[48,-57],[-8,-119]],[[17968,19491],[-48,15],[-17,56],[-31,38],[-33,0],[-99,48],[-63,43],[-57,10],[-42,51],[5,45],[-59,96]],[[17524,19893],[17,43],[58,37],[181,74],[-14,50],[-41,29],[-28,55],[28,71]],[[17725,20252],[213,-2],[70,15],[73,37],[79,14],[169,-8],[78,18],[96,-219]],[[17524,19893],[-105,-129],[-35,-22],[-101,-21],[-74,-50],[-56,-3],[-65,21],[-48,-3],[-44,-30],[-48,-97],[-73,-2],[-73,30],[-29,-34]],[[16773,19553],[-21,-33],[-39,-13],[-75,19],[-42,-1],[-53,-33],[-75,-19],[-57,-64],[-35,4],[-27,35],[-75,0],[-55,-40]],[[16219,19408],[-22,-3],[-50,46]],[[16147,19451],[36,-3],[114,41],[117,54],[26,-41],[38,15],[18,36],[-19,78],[14,56],[203,113],[-81,96],[44,26],[-63,60],[49,56],[27,56],[38,23],[41,54],[13,-53],[40,60],[-63,66],[-28,123]],[[16711,20367],[265,30]],[[16976,20397],[82,3],[92,-11],[103,-59],[117,-28]],[[17370,20302],[131,-18],[160,-32]],[[17661,20252],[64,0]],[[16147,19451],[-28,18],[-78,6],[-35,-98],[-21,-25],[-78,-2],[-108,-46],[-70,-13],[-53,4]],[[15676,19295],[13,30],[-26,93],[23,48],[-10,34],[-55,62],[32,23],[9,51],[-31,48],[-1,62],[22,35],[39,100],[-4,40],[32,24],[0,35]],[[15719,19980],[96,-6],[89,15],[166,80],[380,240],[59,29],[67,15],[135,14]],[[15719,19980],[15,79],[46,100],[-24,62],[-65,67],[38,71],[57,-5],[84,20],[38,49],[31,-32]],[[15939,20391],[36,-8],[45,16],[37,-27],[53,45],[57,4],[25,54],[77,43],[51,105],[48,16],[70,-4],[38,31],[26,64]],[[16502,20730],[25,29],[51,15],[95,-23]],[[16673,20751],[38,-69],[54,-38],[61,-58],[5,-43],[76,-81],[20,-35],[49,-30]],[[17990,20610],[-71,45],[-126,290],[-34,-29],[-108,108]],[[17651,21024],[30,37],[34,77],[53,50],[56,31],[117,31],[33,33],[56,150]],[[18030,21433],[44,17],[61,-8]],[[18135,21442],[20,-2]],[[18155,21440],[112,-176],[-69,-33],[68,-92],[-35,-26],[81,-108],[-37,-28],[86,-114],[94,-58]],[[18455,20805],[-71,-21],[-61,-57],[-107,-62],[-19,-43],[-64,-17],[-37,-36],[-75,39],[-31,2]],[[17370,20302],[3,24],[-49,41],[-61,18],[-45,42],[-13,53],[11,71],[101,104],[20,45],[45,54],[7,73],[30,95],[28,18],[148,49],[56,35]],[[17990,20610],[-38,-41],[8,-46],[-25,-27],[20,-45],[-3,-60],[-81,-29],[-28,-42],[-35,21],[-52,-5],[-24,-40],[-48,-17],[-23,-27]],[[16673,20751],[21,2],[23,61],[46,49],[15,56],[40,-11],[129,28],[87,11],[21,61],[23,153],[55,12],[62,80],[63,7],[21,-42],[61,13],[19,76],[39,20],[13,79],[40,47],[3,51],[82,83],[30,75],[5,56],[-25,80],[46,45]],[[17592,21843],[-14,28]],[[17578,21871],[22,-22],[98,-267],[43,-27],[118,41],[27,-7],[38,-66],[80,-57],[26,-33]],[[17578,21871],[-53,84],[-7,49],[7,100],[33,164],[-5,53],[-32,82],[26,131],[-9,40]],[[17538,22574],[80,13],[106,-465],[15,-45],[-2,-94],[37,20],[81,87],[98,-204],[112,-12],[85,-58],[25,-35],[51,-198],[-7,-41],[-84,-100]],[[18658,21874],[-39,-67],[-1,-93],[-37,-64],[-216,-131],[-29,-13],[-72,-2],[-58,-47],[-51,-17]],[[17538,22574],[-7,83]],[[17531,22657],[13,24],[115,115],[29,79]],[[17688,22875],[68,-23],[105,-11]],[[19443,21444],[-18,-35],[0,-53],[16,-416],[-137,47],[-315,-143]],[[18989,20844],[-151,-68]],[[18838,20776],[-23,28],[95,45],[-15,118],[-26,-6],[-34,42],[-70,20],[-114,-69],[-14,-50],[-39,20],[-63,-36],[-80,-83]],[[19476,20542],[-18,42],[-105,64],[-38,32],[-61,8],[-33,43],[10,76],[-61,-33],[-59,49],[-94,-43],[-28,64]],[[18851,20380],[-39,23],[-10,84],[-34,27],[13,40],[-37,99],[23,89],[71,34]],[[19100,28074],[228,39],[176,221],[39,111],[96,157],[51,-3],[76,99],[7,84],[24,23],[45,3],[51,36],[33,62],[-3,104],[-36,79],[43,130],[62,17],[36,37],[-36,127],[-54,39],[-1,43],[-102,1],[-20,-13],[-87,6],[-151,36],[-105,12],[-101,92],[-63,25],[-62,40],[-40,50],[-24,63],[-97,3],[23,107],[-20,121]],[[19088,30025],[135,19],[64,-17],[81,-73],[84,-37],[98,-61],[32,-37],[44,-80],[31,-27],[70,-5],[70,18],[86,-2],[50,45],[22,0],[99,-70],[89,-53],[94,-107],[47,-3],[131,108],[36,-1],[63,-75],[88,-58],[57,28],[123,28],[58,21],[50,35],[48,4],[68,32],[53,65]],[[21059,29722],[22,-11],[29,-158],[57,-125],[-11,-155],[50,-55],[96,-41],[89,31],[65,-14],[-7,-62],[24,-36],[-5,-82],[8,-58],[-37,-37],[77,-89],[48,5],[38,-19],[25,-84],[-22,-27],[-74,-23],[-42,-72],[13,-36],[84,-28],[20,-19],[-51,-62],[22,-58],[60,-9],[18,-51],[-66,-46],[-70,-76],[-32,-85],[-50,-75],[-18,-50],[-85,-86],[-44,-63],[-7,-64],[-33,-55],[-49,-138],[-102,-100],[-21,-70],[-2,-70]],[[17739,28698],[5,51],[-26,120],[1,129],[9,118],[-4,62],[-21,92],[6,87],[20,61],[33,56],[57,65],[78,73],[-27,62],[14,59],[34,14],[56,81],[29,105],[31,31],[74,21]],[[18108,29985],[35,14],[62,66]],[[18205,30065],[47,14]],[[18252,30079],[45,-3],[79,-38],[149,-17],[165,-13],[128,-30],[97,-10],[124,11],[49,46]],[[18108,29985],[-127,49],[-200,68],[-316,86],[-250,-10],[-109,394]],[[17106,30572],[4,122],[52,84],[-1,48],[46,67],[25,7]],[[17232,30900],[76,28],[220,99],[160,179],[152,58],[97,-79],[50,-97],[63,-31],[105,-228],[77,-154],[17,-64],[-8,-116],[12,-157],[54,-43],[-30,-17],[18,-47],[-45,-38],[-14,-46],[-49,11],[-23,-56],[41,-37]],[[15053,31084],[31,-12],[42,-50],[21,-86],[64,-95],[30,-20],[74,5],[76,-30],[54,7],[93,55],[40,-3],[80,-83],[41,-20],[89,-4],[45,-59],[60,-29],[39,-38],[19,-94],[27,-26],[65,9],[77,-12],[52,-49],[56,-14],[38,25],[64,80],[83,-7],[36,-30],[7,-55],[92,-50],[32,-58],[42,-32],[66,-4],[44,-58],[75,-11],[46,38],[69,-14],[59,16],[69,88],[31,62],[-5,46],[30,100]],[[15081,28114],[-28,2970]],[[13136,28125],[46,36],[39,2],[38,30],[54,125],[84,60],[-20,33],[9,56],[-7,53],[44,83],[20,73],[4,138],[17,39],[16,120],[42,36],[2,39],[-66,-7],[-72,9],[6,-78],[-16,-61],[-38,4],[-220,454],[179,23],[13,63],[-65,-1],[-547,10],[-47,-18],[-4,138],[-105,102],[-19,182],[-8,231],[2,95],[166,3],[84,13],[48,-21],[63,-58],[62,-79],[16,37],[0,54],[27,59],[-5,48],[32,33],[140,4],[130,55],[67,19],[125,107],[66,27],[48,1],[105,-28],[10,63],[61,117],[6,78],[65,11],[81,-64],[30,-41],[30,-97],[65,-46],[69,72],[68,47],[28,114],[-12,133],[-49,-19],[-40,77],[-11,75],[29,42],[111,12],[20,-169],[27,87],[35,25],[53,13],[40,34],[91,28],[-44,128],[-56,56],[-122,72],[198,221],[179,-223],[74,77],[44,31],[77,-31],[127,2]],[[14975,31393],[1,-41],[62,-92],[1,-58],[15,-50],[-1,-68]],[[15068,27208],[-38,23],[-23,-30],[-68,-21],[-41,-41],[-71,-18],[-7,-69],[-30,-82],[1,-71],[-55,-25],[-84,50],[-29,75],[-53,64],[-82,3],[-64,59],[-33,60],[-38,7],[-28,68],[-164,-11],[-67,14],[-56,-6],[-1,39],[-65,-40],[-70,-13],[-67,62],[-60,41],[-59,16],[-55,1],[-54,-19],[-85,-14],[-55,42],[-47,85],[-152,64],[50,52],[7,87],[-52,-6],[-21,32],[30,80],[-7,48],[26,82],[47,43],[-33,43],[-36,4],[-32,36],[3,45],[-28,12],[-3,40],[-83,6]],[[13136,28125],[-32,62],[-93,21],[9,23],[-73,10],[-7,36],[-39,15],[-45,-22],[-73,60],[-29,-9],[-69,14],[-32,23],[-52,-37],[-1,-54],[18,-35],[-40,-15],[10,-38],[-113,39],[-48,5],[-33,-58],[-21,24],[-71,-6],[-37,-24],[-97,22],[-66,-14],[-19,25],[-64,-16],[-23,45],[-93,18],[-57,37],[-4,58],[-36,31],[-62,8],[-51,-35],[-93,102],[-13,40],[-88,-4],[-14,62],[52,25],[28,33],[-21,30],[-2,93],[-27,-4],[-56,-71],[-48,-36],[-86,-34],[-43,11],[-83,3],[-66,41],[-46,-21],[-46,7],[-58,-22],[-25,18],[5,57],[-24,18]],[[10939,28686],[-9,94],[-72,95],[-33,105],[-7,62],[33,23],[65,8],[74,87],[160,-20],[105,-2],[108,75],[49,13],[85,75],[53,14],[65,56],[36,90],[45,21],[92,-54],[66,47],[21,65],[72,18],[28,23],[-17,79],[12,61],[-27,34],[35,87],[-1,40],[-25,35],[-46,16],[-50,58],[-148,46],[-26,64],[-38,40],[-32,8],[-62,-21],[-159,-119],[-128,-24],[-80,1],[-70,33],[-121,-5],[-35,-20],[-25,-42],[-12,-57],[4,-68],[-15,-40],[-54,-19],[-72,-54],[-43,-58],[-32,13],[-20,54],[24,82],[-18,35],[-88,54],[-19,54],[-98,142],[-22,107],[21,65],[74,104],[12,45],[-5,74],[13,985]],[[10582,31470],[30,34],[3,45],[42,52],[-3,26],[51,51],[48,-5],[1,53],[20,47],[36,25],[14,60],[34,44],[100,3],[69,31],[116,80],[31,36],[67,-3],[86,-98],[37,-4],[32,66],[66,32],[98,-32],[97,13],[51,21],[42,-32],[37,28],[29,-22],[79,19],[35,36],[62,-1],[11,63],[41,43],[70,-3],[65,35],[33,36],[34,72],[196,72],[32,73],[30,15],[70,78],[-2,107],[42,58],[-5,54],[55,37],[122,42],[40,-18],[32,-37],[66,-33],[35,11],[14,33],[-38,88],[9,47],[69,139],[65,44],[64,13],[91,-9],[28,39],[23,113],[53,31],[53,-65],[60,1],[81,49],[51,-26],[-17,-49],[6,-41],[27,-29],[84,-27],[48,-25],[123,-25],[47,-32],[97,-14],[101,6],[155,83],[35,-6],[43,-44],[111,-137],[44,-27]],[[14486,32910],[-3,-97],[-54,-86],[-104,-120],[8,-152],[21,-57],[5,-69],[19,-46],[51,-49],[125,-84],[33,-46],[-16,-55],[109,-104],[54,2],[40,20],[76,2],[74,-38],[68,-59],[48,-1],[14,-23],[60,-27],[1,-75],[-40,-64],[-60,-31],[-18,-57],[-32,-41],[-1,-29],[46,-37],[-8,-51],[-27,-43]],[[14486,32910],[38,22],[55,10],[52,72],[-3,98],[-15,78],[34,56],[52,6],[37,23],[169,-37],[177,5],[138,-32],[80,-66],[34,-9],[48,17],[34,31],[19,47],[-4,43],[-30,53],[7,33],[57,45],[56,15],[79,54],[141,-15],[19,30],[-34,51],[11,25],[98,68],[10,47],[-16,73],[40,75],[1,63],[-26,56],[28,154],[-2,55],[75,17],[49,-16],[80,-47],[163,-79],[20,-25],[28,-88],[-3,-108],[50,-22],[120,27],[61,55]],[[16513,33870],[64,1],[74,-35],[60,-82],[45,-112],[36,-26],[20,-99],[19,-49],[6,-79],[22,-39],[93,-98],[87,-110],[92,-34],[64,-55],[20,-64]],[[17215,32989],[-640,-496],[14,-136],[55,2],[117,-761],[-67,-13],[-133,-9],[-59,-33],[-6,-106],[-53,-80],[-59,-23],[323,-259],[65,68],[460,-243]],[[17215,32989],[31,1],[52,34],[43,0]],[[17341,33024],[29,-140],[-15,-61],[71,-54],[39,-53],[93,17],[47,-17],[75,-91],[10,-71],[31,-58],[88,22],[73,-17],[10,-33],[-29,-29],[50,-38],[6,-33],[-46,-51],[523,-2],[266,-3]],[[18662,32312],[43,-76],[103,-90],[69,-100],[78,-65],[117,-86],[35,-42],[15,-104],[-23,-50],[-66,-69],[-31,-65],[-52,-220],[-19,-65],[-33,-56],[-58,-134],[-61,-73],[-99,-52]],[[18680,30965],[-91,-40],[-52,-49],[-37,-53],[-46,-94],[-46,-125],[-42,-188],[-80,-245],[-34,-92]],[[18662,32312],[17,0]],[[18679,32312],[521,-6],[9,80],[49,44],[48,17],[46,102],[34,14],[43,70],[44,5],[35,-26],[57,0],[78,-31],[55,-2],[15,32],[69,3],[6,60],[76,37]],[[19864,32711],[367,-533],[21,-44],[298,-359],[30,-71],[-20,-34],[-39,-10],[-87,-79],[-75,-40],[-18,-56],[18,-94],[-40,-63]],[[20319,31328],[-13,-19],[7,-150],[-68,-28],[69,-28],[88,-51],[-31,-38],[-61,14],[3,40],[-36,27],[-72,10],[-56,-50],[-30,-6],[-52,21],[-56,40],[-109,-24],[-31,-20],[-72,16],[-62,35],[-45,-20],[-12,-102],[-30,14],[-64,-56],[-54,7],[-72,-13],[-48,102],[-43,15],[-36,-12],[-164,-2],[-42,-40],[-7,-54],[-74,-66],[-42,-1],[-71,19],[-71,50],[-45,44],[-68,-62],[-69,25]],[[20319,31328],[62,12],[53,-14],[41,8],[145,99],[57,-25],[32,-107],[-1,-141],[43,15],[34,-44],[82,-28],[104,1],[44,12],[103,-16],[46,44],[84,-59],[59,-12],[59,7],[107,43],[12,-27],[-51,-52],[62,-18]],[[21496,31026],[-39,-48],[-44,-98],[-15,-85]],[[21398,30795],[-36,-144],[-30,-147],[-51,-98],[-12,-40],[-25,-163],[-47,-83],[-40,-89],[-29,-87],[-16,-92],[-53,-130]],[[19864,32711],[88,36],[-4,44],[34,41],[111,-24],[69,14],[64,-37],[60,-6],[44,28],[43,125],[41,-18],[34,55],[43,37],[60,96],[-9,19]],[[20542,33121],[-30,23],[-60,-1],[-45,14],[-28,32],[-11,100],[26,25],[89,13],[43,-38],[44,14],[42,-9],[40,44],[16,40],[47,61],[14,55],[42,-15],[23,40],[42,-11],[113,24],[-17,27],[30,36],[38,-4],[56,20],[42,36],[52,10],[75,32],[59,-3],[59,73],[67,17],[72,-29],[72,0],[67,14],[91,-1],[60,14],[111,97],[58,68],[100,44],[152,52],[62,44],[36,53],[10,59]],[[22301,34191],[53,-17]],[[22354,34174],[4,-32],[-26,-79],[3,-123],[-7,-36],[-32,-43],[-29,-4],[-77,31],[-69,-27],[-68,-111],[-4,-52],[-26,-54],[-85,-85],[-9,-32],[16,-82],[-68,-37],[-73,-14],[-61,-24],[-50,7],[-80,-63],[-72,28],[-51,-8],[-63,-136],[12,-52],[57,-46],[48,6],[182,-49],[54,-132],[52,-27],[52,28],[65,-4],[34,-105],[5,-51],[-16,-84],[9,-85],[31,-36],[112,-70],[47,-39],[79,-35],[41,-34],[100,-151],[13,-60],[-54,-51],[-145,-77],[-71,-74],[3,-52],[-40,-20],[-68,-7],[-10,-88],[20,-115],[-7,-80],[-69,-40],[-79,-28],[-69,-52],[-29,-9],[-103,-2],[-194,-73],[-103,-28],[-31,-17],[-30,-51],[19,-59],[91,-66],[65,-16],[41,-57],[-6,-42],[-39,-42]],[[16513,33870],[85,36],[17,41],[-20,53],[21,62],[83,78],[44,24],[42,52],[31,16],[45,-7],[48,-65],[87,-31],[89,-43],[33,-3],[62,28],[81,-12],[98,72],[54,14],[42,-15]],[[17455,34170],[17,-97],[31,-49],[61,-32],[50,-3],[83,36],[58,2],[51,-18],[57,-44],[21,-58],[-3,-137]],[[17881,33770],[-103,-55],[-40,-81],[-48,-20],[-113,17],[-34,23],[7,31],[-48,60],[-90,25],[-7,-59],[-25,-37],[13,-134],[-29,-74],[-12,-64],[51,-77],[14,-51],[-7,-60],[-60,-93],[-17,-54],[8,-43]],[[17881,33770],[9,-112],[43,-124],[67,-60],[128,-21],[41,-27],[37,-60],[14,-98],[8,-175],[24,-77],[39,5],[18,-40],[-11,-35],[22,-61],[38,-58],[-15,-27],[41,-68],[42,11],[36,-33],[-11,-60],[28,-107],[60,-78],[28,-8],[61,-45],[29,-36],[22,-64]],[[17455,34170],[57,-10],[25,13],[0,58],[21,38],[51,25],[39,68],[58,-5],[92,-66],[77,31],[-13,46],[60,50],[22,35],[55,12],[39,38],[142,1],[73,-25],[50,-45],[69,-32],[67,-11],[87,26],[65,-43]],[[18591,34374],[-10,-59],[125,-57],[40,-79],[47,-20],[-9,-33],[-56,-22],[-49,-92],[-50,0],[-10,-116],[77,-4],[51,-20],[-4,-59],[28,-42],[44,-2],[9,-50],[39,-29],[76,-22],[66,4],[60,18],[2,66],[138,4],[-15,-32],[13,-56],[-21,-19],[-4,-82],[111,-31],[31,33],[117,29],[139,-35],[104,-62],[32,-94],[-45,-133],[-23,-124],[16,-31],[106,-8],[132,-50],[79,28],[44,1],[92,-58],[78,-17],[37,-27],[314,129]],[[18591,34374],[66,5],[53,21],[87,70],[48,83],[40,26],[85,-10],[25,-13],[78,-80],[70,-45],[25,-55],[101,-14],[90,3],[101,18],[58,-7],[91,53],[75,18],[41,-23],[51,21],[144,-46],[53,-35],[27,-67],[-66,-37],[16,-44],[47,7],[62,-13],[61,-84],[66,23],[48,62],[54,-1],[111,-69],[36,-2],[38,68],[69,-3],[66,-65],[151,-99],[100,-12],[66,147],[60,86],[100,-9],[43,-32],[26,-55],[75,-27],[86,16],[87,-26],[107,-10],[93,-22],[151,1],[58,28],[54,61],[35,22],[94,28],[72,65],[58,20],[61,-31],[116,-99]],[[24766,29259],[8,47],[-53,-9],[-55,56],[61,100],[-7,76],[6,59],[-27,40],[6,55],[-54,27],[8,94],[-114,41],[-140,-16],[-43,71],[4,52],[-77,35],[-45,-2],[-55,32],[-32,-15],[-32,-45],[-157,-53],[-64,-39],[-150,-5],[-64,23],[-58,38],[-119,112],[-19,113],[5,93],[25,121],[-8,49],[36,66],[14,57],[23,31],[14,70],[28,34],[78,40],[97,95],[17,43],[-24,84],[-67,34],[-78,-43],[-67,-19],[-37,11],[-81,1],[-31,19],[-2,104],[-40,15],[-32,61],[3,27]],[[23367,31139],[54,58],[6,35],[45,-16],[144,-25],[98,12],[143,88],[163,141],[8,15],[-58,64],[63,76],[73,-46],[22,49],[53,-21],[101,41],[21,35],[72,56],[115,46],[3,89],[-43,-18],[-14,-28],[-88,0],[-56,-65],[-39,-3],[-176,-71],[-61,12],[-30,-19],[-105,-6],[-39,17],[-16,72],[170,82],[57,-56],[137,102],[-32,75],[15,15],[-48,61],[50,19],[-30,54],[11,43],[71,14],[-48,162],[-23,47],[-88,10],[-7,50],[-62,-15],[-73,-35],[-19,66],[293,94],[-7,77],[-20,97],[11,47],[-30,25],[-30,60],[102,80],[6,14]],[[24232,32915],[61,-57],[49,-77],[63,14],[45,65],[28,14],[58,-7],[42,-34],[26,-69],[51,-30],[94,7],[97,-38],[54,-101],[9,-40],[160,-73],[30,3],[5,58],[-54,21],[48,64],[78,133],[87,17],[88,-40],[16,-42],[-6,-46],[55,-53],[190,-208],[112,-66],[71,-13],[25,-73],[-90,-139],[67,-48],[32,-1],[125,20],[36,-15],[29,34],[87,53],[49,46],[-74,122],[25,46],[96,73],[4,-32],[53,-48],[32,-101],[151,83],[-27,35],[-34,103],[-5,46],[303,47],[74,6],[56,26],[190,-112],[23,-212],[-122,-6],[-1,88],[-170,1],[-68,45],[-31,-33],[45,-32],[-4,-62],[-97,-31],[-8,-33],[76,-57],[43,-7],[62,-60],[-86,-66],[27,-38],[-27,-56],[-83,-103],[-6,-71],[-54,-59],[76,-40],[-17,-98],[60,-127],[-25,-37],[-61,-160],[-35,-5],[-84,-58],[-115,-124],[-149,-105],[-94,-109],[-54,-32],[70,-49],[19,-67],[-13,-100],[-37,-52],[-93,-76],[-6,-117],[-24,-39],[-21,-124],[-57,16],[-87,-3],[-58,15],[-13,-19],[11,-65],[58,-47],[51,-85]],[[21398,30795],[91,-3],[96,48],[53,-2],[52,33],[55,10],[116,-66],[94,-1],[72,-21],[58,31],[0,64],[17,54],[25,27],[190,113],[87,27],[83,44],[79,15],[111,-18],[99,3],[58,-38],[37,-68],[37,-12],[39,13],[100,89],[39,16],[82,11],[52,30],[62,-19],[29,-44],[56,8]],[[22354,34174],[47,0],[48,26],[54,-33],[84,-11],[41,-23],[34,8],[25,34],[85,78],[27,-1],[68,-35],[48,14],[23,103],[-24,99],[14,59],[-13,206],[39,150],[110,24],[56,63],[-31,69],[20,62],[31,158],[76,64],[21,72],[-41,95],[20,23],[209,63],[78,-20],[75,-61],[37,-79],[0,-98],[22,-127],[28,-12],[57,23]],[[23722,35167],[46,-58],[58,-56],[31,-56],[46,-155],[28,-63],[142,-158],[11,-24],[-7,-62],[-65,-83],[-7,-87],[37,-59],[362,-403],[28,-62],[-4,-105],[-69,-372],[-32,-159],[-23,-42],[-110,-128],[-5,-82],[43,-38]],[[23722,35167],[31,18],[93,-47],[89,-16],[117,-36],[101,5],[50,-10],[24,45],[63,45],[78,11],[77,60],[185,16],[142,-2],[73,-12],[30,-19],[68,-2],[105,-17],[22,-15],[33,-72],[78,-10],[71,-22],[42,29],[109,26],[64,-4],[73,-27],[71,-8],[62,-35],[36,-104],[99,-33],[67,-42],[68,-7],[129,46],[98,22],[180,-25],[104,-5],[88,-38],[67,-1],[67,75],[44,36],[95,37],[107,20],[144,-46],[51,43],[-6,-68],[35,-130],[-27,-84],[35,-79],[35,-52],[-4,-55],[-24,-60],[130,-9],[90,35],[168,29],[50,30],[14,-22],[22,-95],[49,-23],[44,-68],[99,-25],[75,-5],[1,-33],[40,-26],[59,2],[49,-26],[39,-96],[91,-54],[21,-79],[42,-51],[91,-71],[57,-69],[-7,-67],[148,-75],[46,-54],[13,-50],[50,-62],[2,-85],[51,-44],[78,-27],[20,-102],[2,-65],[21,-56],[39,-39],[45,-8],[42,55],[55,31],[73,6],[108,25],[17,52],[64,29],[11,110],[-56,109],[13,46],[81,63],[34,-6],[72,-80],[49,-25],[55,-6],[66,21],[31,44],[42,30],[81,33],[35,-7],[33,-57],[85,3],[55,-16],[40,-32],[66,-19],[37,-30],[12,-34],[86,-71],[102,-152],[-120,-152],[-1,-47],[141,-86],[48,-43],[118,-72],[82,-97],[9,-29],[-18,-102],[12,-25],[54,-42],[25,-65],[-23,-166],[62,-100],[17,-54],[90,-97],[33,-97],[22,-107],[54,-55],[21,-70],[-5,-39]],[[30910,31705],[-22,-4],[-98,40],[-69,-40],[-16,-44],[29,-58],[-5,-31],[-47,-34],[-8,-43],[-38,-86],[-86,-4],[-44,-66],[-47,-123],[-35,-58],[-95,-43],[-21,-56],[46,-105],[38,-43]],[[30392,30907],[1,-12],[-92,-66],[-50,-18],[-67,-54],[-72,-41],[-23,-44],[11,-56],[-45,-5],[-49,13],[-46,48],[-46,5],[-19,-29],[23,-59],[-48,-123],[-61,-60],[-74,-117],[6,-38],[76,-79],[57,-81],[25,-66],[-1,-49],[-20,-47]],[[29878,29929],[-9,-22],[-114,46],[-170,-27],[-66,29],[-15,23],[-91,6],[-51,15],[-163,-45],[-69,6],[-47,15],[-90,-3],[-33,27],[-48,-26],[-19,-44],[-65,-17],[-89,-124],[-70,-22],[-60,35],[-36,2],[-67,-42],[-37,3],[-68,90],[-63,36],[-68,21],[-30,25],[-16,71],[12,94],[-22,144],[-46,41],[-53,-1],[-37,25],[-38,-2],[-36,25],[-126,19],[-69,-82],[-87,-55],[-114,-26],[-69,3],[-55,-13],[-52,-30],[-59,-84],[-83,-23],[-36,6],[-155,50],[-93,-17],[-90,5],[-53,-59],[-125,-101],[-48,-29],[-96,-36],[-76,-58],[-116,-29],[-70,-61]],[[26673,25206],[-77,-15],[9,-59],[101,-49],[19,-45]],[[26725,25038],[-51,-26],[-93,33],[-203,-108],[8,27]],[[26386,24964],[20,66],[-162,117],[-21,30],[-13,133]],[[26210,25310],[84,76],[-42,16],[-43,62],[-40,-28],[-25,47],[75,40],[-21,95],[-68,67],[59,29],[59,12],[12,-43],[76,38],[-31,58],[84,59]],[[26389,25838],[17,-132],[15,-50],[111,-227],[6,-49],[55,-27],[76,-89],[4,-58]],[[26389,25838],[77,23],[146,-27]],[[26612,25834],[60,97],[51,-48],[139,22],[43,-27],[-3,85],[14,42],[47,39],[38,-39],[68,62]],[[27069,26067],[32,-47],[6,-38],[97,-101],[45,-81],[-18,-52],[127,25],[-27,-47],[21,-109],[72,-8],[-27,-132]],[[27397,25477],[31,-50],[-71,-29],[-67,-14],[-75,27],[-58,-53],[-21,107],[-32,-34],[-41,-8],[34,-165],[-73,-27],[-186,-29],[-14,-93],[-40,6],[7,56],[-41,5],[-39,-26],[-46,3],[8,53]],[[28196,24870],[17,60],[9,138],[-17,155],[-11,182],[-99,94],[-12,37]],[[28083,25536],[-32,83],[9,67]],[[28060,25686],[62,3],[63,28],[48,36],[28,49],[6,79],[42,41],[86,47],[70,17]],[[28465,25986],[26,-59],[76,33],[142,-73],[27,-67]],[[28736,25820],[232,-401],[52,70],[-27,37],[63,109],[81,-46],[-44,-113],[38,-83],[11,-84],[29,-50],[80,-101],[37,-72],[10,-114],[-66,-244],[37,-36],[18,-50]],[[26867,24583],[-97,260],[-30,107],[-15,88]],[[27397,25477],[76,27],[20,-16],[33,41],[-29,18],[40,63],[-12,46],[10,51],[115,24],[175,60],[20,-51],[55,-85],[-48,-28],[-49,-65],[44,-118],[236,92]],[[25327,24750],[44,17],[99,-51],[23,0],[27,46],[152,-32],[-37,-184],[87,-21],[31,80],[49,-11],[34,127]],[[25836,24721],[19,26],[77,-157],[25,-25],[47,-12],[42,15],[22,66],[38,77],[93,69],[-14,-49],[22,-42],[72,43],[37,143],[-36,13],[16,60],[61,24],[29,-8]],[[25836,24721],[-19,13],[-34,133],[27,102],[60,162],[-11,63],[39,67],[-24,32],[24,52]],[[25898,25345],[80,-4],[152,-49],[11,39],[69,-21]],[[24961,25666],[241,104],[89,-25],[33,17],[94,-98],[47,16],[1,-69],[62,-42],[61,8]],[[25589,25577],[-2,-90],[107,-58],[113,-42],[91,-42]],[[25132,26382],[21,-68],[48,6],[53,-16],[-8,44],[142,22],[17,60],[108,20],[5,-22],[96,33],[44,30],[0,34],[43,52],[-26,32],[7,85],[80,-2],[79,15],[70,-39]],[[25911,26668],[-9,-36],[41,-61],[-85,-56],[-37,-69],[-2,-48],[-24,-65],[33,-59],[57,-136],[-38,-30],[-49,-124],[39,-18],[16,-37],[-48,-11],[-27,-127],[38,8],[38,-19],[-2,-39],[-32,-37],[-43,-87],[-87,-21],[-47,3],[-54,-22]],[[25911,26668],[65,54],[74,33],[91,0],[47,51],[71,23],[-9,59],[51,56],[57,-63]],[[26358,26881],[32,-71],[-5,-48],[30,-6],[5,-95],[31,-24],[5,-50],[42,-83],[12,-50],[-7,-51],[-42,-58],[-36,-78],[-8,-66],[50,-84],[145,-283]],[[26358,26881],[23,2],[16,111],[-14,57]],[[26383,27051],[41,41],[19,-56],[26,-1],[77,67],[39,-70],[27,15],[86,-42],[93,60],[-38,64],[74,-4],[56,-50],[6,-75],[21,-36],[-13,-49],[134,44],[34,1],[90,59],[84,37]],[[27239,27056],[-20,-48],[-41,-51],[-48,-35],[-37,-50],[-13,-98],[-77,-213]],[[27003,26561],[-5,-44],[35,-62],[20,-144],[-27,2],[-1,-56],[47,-73],[-3,-117]],[[27003,26561],[127,-50],[47,-41],[50,-68],[45,18],[61,54],[82,-14],[472,-115]],[[27887,26345],[19,-109],[119,-304],[28,-24],[17,-61],[6,-72],[-16,-89]],[[27239,27056],[129,53],[124,108],[0,28],[135,54],[39,-6],[58,45],[10,25],[73,104],[64,-1],[25,24],[48,-7],[2,70],[69,37],[52,15],[8,-62],[20,-32],[70,-46],[16,-43],[-51,-121],[-28,-46],[-8,-53]],[[28094,27202],[-72,-67],[-38,-78],[-22,-205],[-43,-298],[-32,-128],[0,-81]],[[28094,27202],[73,59],[31,13]],[[28198,27274],[230,70],[205,59],[83,16],[60,-11],[84,-49],[25,-35],[164,-25],[83,-19],[79,27],[36,-2],[95,-68],[53,-71],[71,13],[113,102],[130,94]],[[29709,27375],[40,-67],[178,92],[21,-43],[186,-334],[-291,-159],[-65,-41],[-12,-45],[-46,12],[-52,-22],[-53,12],[-104,-7],[-59,-22],[-79,-5],[-76,-79],[-84,11],[-143,-57],[-70,-42],[-25,-39],[-26,-100],[-38,-111],[-57,-100],[-12,-60],[-29,-41],[-323,-136],[-25,-6]],[[29709,27375],[125,54],[69,20]],[[29903,27449],[64,14],[102,-16],[17,28],[45,-9],[217,87],[71,12],[126,-24]],[[30545,27541],[-10,-10],[69,-303],[15,-109],[-125,-56],[-6,-18],[72,-213],[-1,-19],[160,-8],[-2,-86]],[[30717,26719],[-229,-105]],[[30488,26614],[-842,-384],[-466,-213],[-444,-197]],[[30545,27541],[51,-33],[127,-181],[368,-112],[244,-84],[-16,149],[-19,100],[-2,191],[-16,118],[17,138],[119,237],[-14,41]],[[31404,28105],[109,48],[92,-53],[23,19],[76,-64],[74,-27],[29,11],[84,-21],[86,17],[4,18],[93,49],[11,38],[83,-8],[33,18],[62,88],[35,136],[88,-25],[28,-20],[72,-23],[91,-2]],[[32577,28304],[-37,-23],[-32,-188],[21,-72],[72,-77],[-17,-82],[22,-52],[120,-169],[24,-154]],[[32750,27487],[2,-19]],[[32752,27468],[-104,-33],[-307,-85],[-546,-162],[-267,-99],[-104,-51],[-425,-190],[-282,-129]],[[30730,25067],[-11,85],[-23,12],[12,51],[96,73],[33,40],[47,94],[3,44],[-62,105],[-53,74],[-75,158],[4,227],[-138,189],[31,172],[-90,138],[-16,85]],[[32752,27468],[15,-67],[29,-9],[47,-75],[2,-30],[71,-98],[-21,-22],[18,-116],[-14,-80],[32,-91],[65,-44],[71,-72],[121,-145],[71,-42]],[[33259,26577],[-21,-45],[-25,-4],[-54,52],[-25,45],[-56,39],[-74,-15],[-36,-41],[-17,-42],[-51,5],[-38,23],[-39,47],[-23,76],[-54,8],[-30,45],[-35,-18],[-103,41],[-14,-29],[-73,-5],[-67,-45],[-117,39],[-20,-48],[-52,-42],[-96,-33],[-42,-74],[25,-48],[37,-22],[70,-9],[20,-52],[27,-127],[-2,-28],[-51,-41],[-50,-5],[-99,20],[-20,-43],[8,-57],[-19,-38],[-55,-20],[-113,10],[-16,61],[-42,34],[-56,13],[-23,-19],[1,-54],[32,-43],[55,-137],[80,-66],[21,-39],[-8,-57],[-23,-56],[12,-42],[39,-32],[-16,-87],[44,-103],[66,-91],[17,-69]],[[32058,25309],[23,-106],[-15,-62],[96,-80],[-26,-46],[18,-23]],[[25259,27600],[70,-48],[16,-35],[-5,-69],[-37,-34],[82,-12],[123,-52],[77,56],[20,50],[111,-21],[63,39]],[[25779,27474],[524,-43],[6,27],[208,-105],[-18,-45],[53,-111],[-32,-27],[-50,31],[-65,-60],[-22,-47],[0,-43]],[[25779,27474],[34,103],[35,11],[22,46],[145,88],[12,103],[35,77],[89,80],[107,-35],[51,50],[76,-35],[71,53],[-9,83],[30,64],[62,40],[20,28],[-7,61],[46,43],[159,265],[168,6],[198,-62],[104,13],[237,-94],[69,-47],[66,-15],[80,14],[172,10],[11,75],[31,37],[77,-19],[13,88],[-14,22],[-85,5],[-18,15],[-8,90],[146,159],[81,7],[31,13],[78,149],[-3,55],[30,47],[54,10],[74,36],[65,-18],[224,23],[31,-21],[-14,-45],[41,-50],[64,-41],[39,-12],[20,-72],[25,-44],[30,-12],[52,28],[44,-5]],[[28970,28944],[4,-32],[-95,-268],[-84,-49],[-93,-28],[-39,-30],[-69,-30],[-55,12],[-31,-22],[-94,26],[-58,-37],[-5,-210],[60,-99],[-25,-30],[7,-40],[-66,-94],[-1,-28],[186,27],[-17,-115],[-26,-96],[-137,-4],[-26,-33],[4,-91],[-21,-47],[-69,-68],[-19,-55],[3,-67],[-46,-89],[40,-73]],[[29878,29929],[-6,-86],[-37,-47],[-69,-67]],[[29766,29729],[-40,-55],[-65,-8],[-32,-43],[-23,-69],[-7,-124],[-143,-175],[30,-43],[-133,-70],[7,81],[-38,1],[-14,-28],[-62,-63],[22,-30],[-68,-27],[-52,-43],[-22,-35],[-119,-46],[-37,-8]],[[29766,29729],[55,-40],[72,-7],[68,37],[105,-26],[-43,-57],[14,-146],[-36,-61],[4,-39],[-61,-146],[-14,-63],[60,-102],[91,-60],[12,-42],[60,-1],[60,23],[37,-15]],[[30250,28984],[-29,-117],[-32,-35],[-57,-31],[-93,-74],[-52,-77],[-26,-58],[-61,-186],[-25,-48],[-111,-121],[-27,-100],[17,-92],[-4,-109],[-40,-82],[-91,-76],[-27,-48],[141,-126],[-28,-33],[88,-83],[87,-6],[23,-33]],[[30250,28984],[55,-58],[31,-121],[88,-90],[9,-35],[-79,-99],[66,-94],[9,-63],[66,-159],[63,-4],[62,-75],[27,-58],[112,34],[62,105],[42,154],[88,93],[38,22],[27,70],[105,87],[86,-127],[86,-193],[42,-117],[17,-103],[52,-48]],[[30392,30907],[167,-47],[222,-104],[108,-110],[157,-88],[41,-10],[196,-108],[188,-62],[87,-34],[26,-142],[54,-22],[0,-46],[34,-36],[5,-58],[38,-76],[85,-51],[16,-32],[68,-69],[16,3],[53,-157],[-2,-150],[5,-67],[28,-62],[27,-138],[46,-133],[46,-103],[16,-18],[97,-8],[122,5],[71,48],[96,32],[65,1],[50,16],[48,34],[94,1],[31,15]],[[32793,29131],[13,-73],[-43,-88],[-6,-34],[34,-20],[0,-47],[-21,-40],[-61,-46],[-15,-33],[78,-45],[15,-22],[0,-79],[44,-49],[22,-63],[8,-89],[-124,-34],[-160,-65]],[[30910,31705],[51,51],[34,77],[94,135],[15,76],[24,30],[76,48],[17,29],[7,63],[-70,67],[-5,34],[27,24],[90,36],[51,8],[86,-31],[60,21],[58,61],[-21,133],[57,-2],[41,21],[10,38],[-10,130],[19,102],[80,62],[71,77],[56,-2],[114,-50],[68,-17],[92,16],[35,18],[30,79],[68,58],[11,89],[66,92],[48,49],[56,-24],[48,-4],[114,21],[161,108],[93,28],[85,-7],[56,53],[61,-7]],[[33034,33495],[3,-9],[10,-14],[9,-9],[23,-20],[3,-3],[20,-23],[4,-6],[7,-12],[3,-5],[2,-8],[1,-4],[-19,-47],[-3,-8],[-3,-8],[-1,-21],[1,-3],[3,-16],[6,-22],[5,-44],[3,-16],[8,-32],[7,-39],[26,-40],[27,-24],[5,-2],[13,-5],[15,-10],[13,-12],[7,-10],[16,-30],[5,-9],[68,-69],[13,-17],[7,-20],[2,-13],[2,-27],[-2,-5],[-2,-4],[-5,-5],[-21,-14],[-28,-22],[-11,-19],[-5,-9],[-2,-9],[-2,-12],[2,-35],[1,-6],[28,-85],[1,-4],[10,-31],[6,-9],[31,-23],[11,-14],[11,-25],[6,-14],[2,-13],[0,0],[-6,-31],[-17,-29],[-2,-21]],[[33351,32399],[-13,-124],[-30,-29]],[[33308,32246],[-23,-19],[-25,-25],[-13,-25],[-1,-9],[6,-11],[8,-39],[-3,-17],[0,-1],[11,-27],[10,-13],[16,-6],[45,-29],[37,-46],[3,-9],[-7,-62],[-10,-45],[-1,-12],[0,0],[2,-48],[-2,-8],[-23,-42],[-56,-50],[-13,-33],[0,-5],[-1,-5],[1,-11],[9,-32],[17,-45],[10,-37],[13,-43],[3,-9],[11,-20],[24,-30],[19,-21],[41,-47],[12,-39],[2,-26],[1,-10],[9,-25],[34,-24],[15,-4],[16,-7],[46,-41],[14,-15],[11,-8],[18,-8],[20,-1],[3,-1],[0,0],[80,5],[49,-8],[8,-1],[15,0],[33,9],[14,3],[92,10],[67,8],[85,-9],[55,-14],[9,-8],[1,-1],[2,-1],[11,-22],[3,-13],[-10,-31],[5,-58],[-11,-86],[-10,-16]],[[34115,30923],[-70,0],[-65,-23],[-21,-78],[-32,-41],[7,-46],[-33,-45],[10,-43],[-33,-19],[-55,-4],[12,-70],[-44,-19],[6,-58],[-41,-22],[-58,-94],[-52,-17],[-42,-50],[-77,-21],[3,-69],[-57,-21],[-69,-3],[-119,-128],[10,-81],[-85,-87],[-69,-26],[-56,18],[-3,-58],[-66,-78],[-60,-44],[-47,-6],[-102,-52],[-24,-64],[-57,-35],[-15,-69],[5,-44],[42,-96],[24,-32],[26,-71],[-15,-96]],[[34115,30923],[35,-1],[12,-2],[1,0],[27,35],[-13,25],[15,57],[8,17],[36,8],[42,20],[9,32],[16,14],[21,-18],[11,-3],[1,0],[21,8],[5,1],[9,-11],[7,-14],[7,-3],[6,4],[24,44],[8,6],[6,3],[43,22],[0,9],[-11,18],[2,19],[10,6],[24,4],[1,0],[42,-12],[52,11],[43,24],[3,8],[6,5],[84,32],[8,7],[18,-8],[3,-7],[33,7]],[[34790,31290],[22,63],[56,25],[47,3],[145,83],[-19,-58],[6,-47],[43,3],[84,47],[5,35],[70,3],[24,18],[50,-4],[15,25],[56,-20],[14,-44],[-21,-69],[26,0],[32,45],[38,2],[29,-30],[35,5],[31,-35],[-11,-31],[36,-86],[76,-77],[-47,-45],[-10,-33],[45,-31],[-5,-56],[98,-7],[33,-41],[71,-40],[55,-45],[-13,-54],[-109,-48],[-7,-36],[7,-94],[34,-50],[5,-53],[33,-66],[-13,-73]],[[35856,30374],[-69,13],[-45,26],[-70,-68],[-39,-15],[-6,-30],[-61,-72],[-27,-47],[-55,-3],[-39,-50],[-10,-52],[-52,-46],[-46,-24],[-93,16],[50,-181],[6,-81],[-130,-151],[-40,-64],[-16,-114],[29,-82],[7,-77],[-79,-6],[-7,-55],[-76,-75],[-15,-58],[-84,24],[-57,89],[-60,63],[-49,-13],[-15,-43],[-57,-54],[-102,-3],[-3,-37],[-117,6],[-3,51],[-68,-5],[-63,8],[-112,-18],[5,-48],[-46,-5],[32,-74],[16,-136],[3,-88],[-71,-25],[-50,24],[-92,21],[101,-214],[94,-166],[12,-87],[19,-55],[-19,-13],[-540,-195],[18,-84],[-37,-8],[-53,18],[-161,16],[-125,-63],[-176,-165],[-55,-70],[-10,-68],[-20,-49],[-103,-70],[-175,-55]],[[35856,30374],[-17,-89],[1,-46],[25,-47],[-46,-92],[7,-114],[-11,-107],[-39,-58],[7,-97],[-7,-41],[16,-45],[-18,-47],[-8,-136],[51,-69],[712,-737]],[[36529,28649],[-428,-203],[-63,-34],[-203,-129],[-105,-36],[-91,-9],[-146,-64],[-88,-28],[-351,-71],[-193,-27],[59,-71],[44,-94],[-17,-64],[-121,-75],[-40,-62],[64,-54],[0,-27],[73,-113],[50,-63]],[[34973,27425],[-28,-74],[-49,-39],[-13,-125],[-23,-41],[-93,-16],[-96,-54],[1,33],[-55,-13],[-45,10],[-33,41],[-49,16],[-5,-31],[-41,-23],[-167,35],[-34,-3],[-54,24],[-53,1],[-34,20],[-90,-10],[-37,-18],[-32,48],[-100,35],[-92,43],[-46,-2],[-32,23],[-46,6],[-135,-39],[-78,-75],[-19,-87],[6,-48],[-19,-45],[-84,-86],[-18,-38],[14,-73],[3,-136],[-38,-107]],[[36529,28649],[88,-20],[23,-55],[72,-68],[60,-83],[103,-101],[48,-21],[89,-72],[58,-57],[40,-20],[62,4],[16,-86],[38,-71],[32,-106],[99,61],[34,5],[49,-53],[57,21],[67,9],[28,-17]],[[37592,27919],[-68,-65],[-53,-88],[4,-27],[44,-47],[15,-145],[-19,-29],[-38,-5],[-26,-37],[-177,-61],[4,-87],[-26,-29],[-61,-1],[21,-60],[-96,-30],[-6,-103],[-44,-71],[-132,-39],[-46,-53],[-67,-23],[-32,-34],[-95,14]],[[36694,26899],[-92,33],[-21,-46],[-11,-111],[-33,-17],[-27,29],[-31,-48],[-39,-8],[-75,14],[-30,-34],[-67,-2],[-114,-41],[-101,16],[-33,30],[-28,-20],[-42,34],[-54,65],[-61,25],[-10,52],[-29,24],[-87,-54],[-61,10]],[[35648,26850],[-27,77],[-46,72],[-101,36],[-32,27],[-14,54],[-222,36],[-55,-11],[-47,35],[-20,159],[13,40],[-18,70],[-40,29],[-29,-5],[-37,-44]],[[41116,30596],[5,-14]],[[41121,30582],[-211,-132],[-15,-43],[56,-80],[-47,-120],[-80,-50],[-15,-70],[-55,-38],[-3,-76],[-18,-28],[-67,-15],[-22,22],[-46,0],[-83,-30],[-111,2],[-60,15],[-100,61],[-37,5],[-56,-42],[-58,-8],[-143,-96],[-48,-130],[-24,-30],[-61,-14],[-54,35],[-50,-11],[-81,-59],[-85,-25],[-66,-30],[-112,-74],[-14,-57],[-21,-15]],[[39334,29449],[-118,219],[-34,87],[37,35],[-1,52],[19,64],[-82,64],[-220,-45],[18,292],[-124,147],[-57,50],[1,69],[-401,2],[-27,19],[-107,28],[-43,-6],[14,84],[-49,35],[-40,-3],[-43,40],[-80,-27],[-38,43],[-47,-10],[-202,-12],[-53,69],[-4,121],[-46,27],[30,41],[77,52],[129,33],[52,-1],[47,17],[111,69],[39,50],[-10,95],[-141,22],[-7,35],[-77,-6],[-22,43],[-38,30],[116,15],[-29,112],[31,88],[24,37],[-28,62],[8,50],[-21,32],[5,50],[-18,95],[-22,24],[26,47],[-6,28],[37,119],[24,18],[20,90],[99,-95],[66,-116],[22,-60],[36,21],[39,72],[1,40],[31,73],[-13,72],[0,70],[57,135],[45,72],[41,43],[168,97],[6,25],[-16,136],[17,30],[3,80],[-15,27],[40,40],[22,-4],[20,-81],[46,-11],[33,15],[76,186],[149,67]],[[38937,33174],[-3,-60],[11,-82],[25,-48],[21,-157],[14,-48],[37,-22],[19,-38],[42,8],[9,-61],[-4,-96],[-25,-87],[2,-155],[-2,-1],[-4,-3],[-15,-10],[11,-69],[3,-19],[3,-14],[0,0],[0,0],[5,-10],[7,-14],[0,0],[11,-26],[4,-38],[3,-34],[-3,-28],[-3,-20],[11,-5],[22,-35],[60,-101],[27,-46],[12,-28],[35,-35],[16,0],[0,0],[47,-13],[19,-4],[41,1],[28,-1],[0,0],[29,-11],[26,-24],[3,-4],[18,-23],[2,-6],[6,-18],[62,-6],[44,30],[49,54],[51,88],[58,77],[56,132],[77,89],[81,10],[70,74],[109,39],[54,-26],[33,5],[5,-83],[17,-66],[45,-56],[21,-52],[-16,-48],[48,-38],[149,-237],[55,40],[30,-74],[-10,-86],[3,-60],[23,-120],[28,-47],[-17,-69],[-46,-83],[-46,-14],[-145,-93],[-38,-87],[10,-60],[-39,-55],[-15,-75],[32,-19],[39,-52],[2,-73],[25,-39],[-11,-27],[21,-61],[-12,-52],[16,-16],[58,-2],[32,-49],[37,-86],[196,75],[216,125],[152,80]],[[33351,32399],[-13,-124],[-30,-29]],[[39067,36458],[80,-35],[-1,-55],[18,-31],[82,-81],[64,38],[63,9],[157,-27],[37,-59],[53,-31],[-21,-147],[-2,-168],[26,-48],[90,-24],[107,-70],[42,-109],[67,-40],[62,8],[55,24],[63,-17],[35,-68],[45,-28],[94,-17],[65,-84],[98,-76],[62,5],[39,37],[35,6],[86,-39],[93,-74],[66,-111],[81,23],[31,-2],[85,-42],[82,-11],[119,26],[34,-1]],[[41259,35139],[-92,-51],[-151,-104],[-164,-74],[-165,68],[-151,-27],[-125,-87],[-122,-41],[-115,-4],[-45,-57],[-148,-15],[-72,-42],[-279,-238],[-338,-351],[14,-123],[133,-81],[5,-67],[-81,-74],[-56,-66],[-13,-105],[-126,-168],[-45,-51],[-115,-51],[-36,-55],[-35,-101]],[[39334,29449],[-34,-24],[-19,-62],[-148,-86],[-46,-19],[-40,3],[-41,-31],[8,-40],[-24,-34],[12,-39],[-47,-8],[-82,12],[-48,-40],[-26,-97],[-48,-35],[-19,-82],[-30,-45],[-9,-67],[-35,-10],[-94,61],[-41,12],[-21,34],[-60,21],[-41,-19],[6,-64],[-44,-21],[-58,-79],[-45,-33],[-47,-102],[-51,-29],[-59,11],[-32,-20],[-45,4],[-27,22],[-42,-54],[-102,-11],[-19,-38],[24,-40],[-15,-48],[41,-81],[-44,-90],[25,-34],[-22,-35],[-51,-43],[-49,-16],[-18,-27],[38,-44],[42,-15],[-21,-46],[-48,-35],[-41,-51],[-48,-7],[-27,61],[-30,30]],[[34790,31290],[-31,45],[11,52],[-22,51],[33,48],[12,50],[33,44],[-14,49],[-53,7],[-60,68],[53,21],[34,68],[82,76],[13,95],[-37,127],[22,67],[102,40],[57,40],[43,2],[117,59],[50,11],[49,-19],[87,50],[84,80],[34,95],[33,30],[11,57],[-13,49],[27,87],[-49,53],[-42,-1],[-56,53],[-32,-8],[-81,32],[-50,40],[-115,37],[266,341],[189,-85],[34,-10],[2,48],[32,22],[43,108],[-33,44],[2,61],[25,55],[68,12],[60,28],[80,10],[45,20],[-13,59],[45,55],[29,5],[40,38],[-34,50],[4,91],[-21,24],[-10,90],[50,217],[10,84],[42,70],[56,9],[50,-32],[40,-47],[68,-6],[45,48],[42,64],[35,76],[99,4],[41,-30],[58,23],[35,-2],[42,-56],[54,-21],[54,-84],[61,-146],[1,-40],[-37,-35],[15,-105],[-8,-42],[49,-80],[3,-50],[53,-73],[154,-57],[70,64],[47,0],[58,34],[75,11],[52,23],[72,-11],[86,-64],[48,-19],[6,90],[-38,43],[-18,80],[21,108],[59,104],[75,67],[86,90],[52,8],[35,45],[18,83],[-27,189],[23,169],[112,115],[87,129],[76,59],[72,97],[5,55],[27,43],[90,34],[27,75],[23,91],[101,117],[16,31],[101,107],[36,17],[27,60],[50,9],[40,37],[33,65],[12,55],[-22,50],[7,24],[97,64],[34,32],[20,76],[34,65],[0,82],[19,47],[56,8]],[[33219,33530],[57,8],[43,21]],[[33319,33559],[-43,-21],[-57,-8]],[[33034,33495],[25,17],[12,4],[18,5],[7,2],[13,2],[19,3],[91,2]],[[33319,33559],[0,7],[-6,12],[-17,10],[-31,8],[-15,5],[-27,24],[-3,10],[-4,20],[1,21],[-2,61],[-7,7],[-3,15],[4,7],[39,61],[17,18],[14,9],[20,9],[48,17],[6,1],[52,-6],[38,14],[0,20],[-10,19],[-3,20],[1,16],[6,19],[6,14],[1,2],[10,13],[52,40],[32,48],[26,36],[11,15],[17,36],[10,28],[12,27],[2,6],[10,28],[34,42],[-2,77],[9,11],[19,15],[8,2],[5,0],[2,0],[17,-6],[10,-3],[36,7],[70,33],[8,1],[15,1],[14,0],[42,6],[32,1],[5,0],[21,-6],[8,-1],[1,0],[18,6],[31,11],[7,2],[9,2],[18,4],[21,6],[22,14],[5,6],[5,6],[88,89],[12,13],[24,22],[6,4],[7,7],[12,5],[9,0],[11,1],[20,1],[34,10],[7,3],[18,5],[20,-2],[1,1],[1,1],[2,4],[21,90],[24,31],[12,16],[9,12],[43,75],[6,7],[4,3],[14,11],[31,10],[33,21],[27,21],[27,25],[58,78],[22,16],[86,69],[23,20],[58,57],[11,16],[18,27],[19,43],[32,70],[12,14],[9,10],[18,12],[7,4],[18,7],[40,15],[16,8],[7,6],[8,15],[1,8],[12,57],[5,27],[15,26],[13,7],[41,37],[6,26],[-8,17],[-2,12],[-1,8],[0,12],[1,20],[2,19],[0,9],[0,8],[9,25],[8,13],[44,46],[19,28],[2,6],[1,8],[1,23],[1,13],[3,10],[31,68],[22,63],[1,5],[-1,24],[0,8],[-5,29],[-3,13],[-66,40],[-6,5],[-17,20],[-28,42],[-2,6],[-2,13],[-4,51],[-29,69],[-6,11],[-5,16],[7,10],[12,5],[8,3],[55,35],[7,12],[6,26],[-1,8],[-7,19],[-12,25],[-11,18],[-9,10],[-6,9],[-9,11],[-1,4],[-1,7],[0,7],[1,9],[8,13],[9,13],[8,12],[14,18],[10,11],[40,21],[20,6],[18,3],[10,1],[15,0],[18,1],[48,-4],[51,-32],[8,-5],[11,-1],[23,11],[1,0],[1,1],[10,7],[34,31],[9,7],[38,21],[4,2],[38,-5],[5,-4],[19,-18],[4,2],[10,8],[4,7],[8,14],[28,29],[46,32],[7,3],[3,2],[11,3],[38,12],[21,23],[2,0],[25,8],[13,2],[18,5],[28,12],[67,38],[48,33],[12,6],[24,10],[12,7],[12,10],[12,14],[8,19],[11,47],[9,39],[35,135],[16,32],[14,12],[24,10],[31,2],[28,-3],[46,-11],[23,-12],[16,-9],[15,-16],[7,-4],[15,-3],[1,0],[46,0],[33,-8],[27,-18],[21,-23],[21,-32],[14,-12],[40,-23],[11,-5],[17,-2],[25,4],[15,-5],[6,-9],[12,-34],[17,-39],[22,-23],[38,-13],[21,-4],[4,1],[34,10],[10,5],[15,9],[13,7],[8,5],[8,6],[9,14],[3,6],[41,33],[25,3],[24,19],[11,14],[11,19],[6,17],[0,6],[1,5],[11,-3],[25,-4],[39,1],[8,1],[28,11],[28,19],[7,3],[5,1],[12,-1],[20,-6],[7,-3],[63,-31],[21,-5],[34,-7],[11,-3],[24,-9],[12,-7],[10,-10],[8,-10],[7,-11],[11,-11],[17,-12],[9,-4],[30,-9],[3,-1],[6,-1],[2,0],[4,1],[2,3],[12,11],[46,42],[16,10],[60,16],[24,15],[36,27],[33,8],[23,-2],[16,-5],[13,-5],[77,-40],[25,3],[26,6],[41,-26],[0,0],[1,0],[14,3],[34,16],[42,19],[21,1],[13,-2],[74,-38],[1,-2],[12,-25],[8,-24],[7,-13],[27,-27],[47,18],[23,8],[47,6],[13,-2],[49,-13],[20,-27],[9,-34],[8,-26],[49,-138],[5,-14],[32,-56],[23,-12],[67,-14],[59,-10],[54,-3],[27,-7],[8,-5],[7,-5],[14,-25],[10,-46],[32,-34],[9,-4],[34,-2],[12,0],[8,0],[28,-7],[19,-13],[3,-3],[7,-11],[58,-45],[14,-16],[25,-33],[30,-27],[22,-13],[5,-2]],[[41259,35139],[40,-35],[-5,-47],[-41,-104],[-39,-55],[-50,-4],[-38,-33],[-1,-106],[-30,-94],[73,-109],[13,-92],[-38,-103],[-2,-42],[23,-28],[52,-9],[115,-71],[50,0],[90,20],[61,-4],[16,-30],[-28,-61],[-49,-21],[-33,-71],[-50,-30],[8,-78],[-17,-30],[-97,-48],[-4,-27],[60,-54],[5,-72],[-7,-133],[41,-84],[33,-21],[49,4],[100,52],[46,-10],[25,-96],[27,-32],[74,-23],[88,-95],[33,-62],[-24,-52],[8,-117],[91,-103],[79,-19],[65,-1],[85,16],[160,10],[40,-26],[41,-74],[48,-23],[63,44],[43,71],[47,41],[21,45],[143,13],[62,-16],[37,-60],[11,-70],[-36,-45],[18,-65],[-7,-33],[-64,-85],[-5,-110],[14,-51],[38,-66],[31,-21],[54,-8],[30,-22],[20,-47],[63,-1],[31,-28],[41,-11],[156,-12],[89,-114],[-31,-71],[-1,-58]],[[43313,32032],[-55,-54],[-102,-47],[-51,20],[-46,-4],[-51,15],[-56,-8],[-78,30],[-14,-47],[-27,-24],[-40,-88],[-49,-18],[-240,-185],[-84,-61],[-76,-84],[-31,4],[-46,-41],[-27,9],[-63,-35],[-39,23],[-88,-72],[-6,-75],[-45,-13],[-59,-50],[-36,2],[-83,-72],[-39,16],[-19,-39],[-55,-61],[-84,-22],[-18,-52],[-50,-47],[-41,-15],[-22,-33],[-35,11],[-24,-46],[-97,-34],[35,-25],[-38,-47],[-59,-11],[-37,-36],[-67,-8],[-55,-112]],[[31901,21690],[55,-71],[55,-36],[51,-6],[280,54],[45,53],[24,111],[77,90],[30,64],[63,68],[98,37],[59,31],[219,172],[176,141],[190,124]],[[33323,22522],[65,-123],[37,-326],[-51,-66],[-25,-49]],[[33349,21958],[-38,-113],[30,-32],[-17,-43],[3,-63],[32,-30],[37,-61],[11,-42],[66,-67],[-32,-78],[-100,-149],[-9,-39],[-58,-82],[12,-36],[139,10],[46,-71],[-10,-54],[16,-45],[71,-69],[48,-93]],[[33596,20801],[-42,-16],[-80,1],[-37,-66],[-42,-48]],[[33395,20672],[-24,41],[-26,87],[-104,5],[-64,25],[-71,-48],[-103,20],[-131,-52],[-37,19],[8,36],[-43,38],[5,69],[-38,48],[-99,58],[-133,126],[-56,65],[-26,53],[-32,8]],[[33395,20672],[13,-47],[-47,-111],[12,-46],[-45,-18],[-52,8],[-57,-9],[-98,-50],[-54,-93],[16,-99],[-66,-73],[-41,-62],[-44,-116],[-6,-87],[-29,-25],[-42,-95],[-43,-155],[-50,-140],[-30,-31],[-43,-115],[-27,-32],[-47,-24],[-83,-23],[-25,-17],[-31,-84],[-97,-46],[-22,-64],[-44,-65],[-32,-22]],[[32281,18931],[-21,-5]],[[32260,18926],[-33,60],[1,45],[-176,88],[-27,37],[-45,3],[-50,-16],[-108,6]],[[32950,23404],[8,-1]],[[32958,23403],[-28,-63],[9,-26],[-1,-97],[-13,-62],[-40,-50],[-26,-89],[-1,-83],[34,-95],[47,-75],[94,-7],[49,-17],[83,-123],[35,-34],[65,-11],[58,-49]],[[33349,21958],[88,-37],[134,241],[114,62],[31,-45],[98,-84],[205,58],[5,-14],[105,-27]],[[34129,22112],[-40,-17],[-36,-108],[-57,-6],[-39,-27],[-28,-47],[-1,-182],[-21,-23],[-14,-68],[-29,-46],[9,-72],[17,-42],[-11,-86],[11,-43],[-23,-105],[-42,-16],[-29,-87],[-39,-47],[-19,-51],[-52,-38],[-43,-127],[-52,-52],[5,-21]],[[32958,23403],[257,163],[112,53],[119,95],[59,-53],[53,-65],[93,-13],[63,1],[276,27],[86,22],[31,20],[269,24]],[[34376,23677],[-8,-32],[28,-61],[36,-24],[20,-93],[43,44],[38,-17],[-10,-51],[57,-15],[9,-22],[-51,-31],[-38,-83],[60,-45],[-92,-28],[-48,-48],[-14,-68],[-33,-43],[55,-79],[-6,-57],[-46,-152]],[[34376,22772],[32,-85],[-13,-33],[-40,-33],[-33,-61],[2,-54],[-22,-64],[12,-135],[-17,-43],[-108,-78],[-60,-74]],[[32532,24571],[45,10],[47,-11],[73,-45],[135,-7],[94,-46],[115,62],[158,75],[97,4],[80,34],[86,68],[3,53],[35,-10],[40,84],[61,39],[37,-30],[55,-24],[68,-8],[59,57],[-2,89]],[[33818,24965],[32,2],[34,-25],[-10,-53],[19,-93],[57,-36],[87,-16],[40,45],[68,-21],[37,35],[40,-13],[40,25],[43,-54],[63,34],[23,-34],[-35,-51],[7,-50],[42,-14],[-46,-105],[-3,-64],[-29,-90]],[[34327,24387],[-99,-184],[-39,-22],[25,-43],[-59,-34],[47,-75],[-68,-104],[96,-37],[4,43],[34,6],[32,-57],[36,35],[26,-35],[-11,-62],[36,-45],[-14,-46],[3,-50]],[[32058,25309],[130,40],[88,19],[184,20],[211,-6],[139,-23],[261,-61],[158,-17],[117,12],[100,23],[132,58],[69,44],[153,132],[521,479],[109,79],[119,52],[176,43]],[[34725,26203],[5,-32],[47,-46],[45,-5],[47,-56],[36,-23],[24,-41],[-56,-211],[17,-76],[26,3],[10,-61],[-14,-146],[-19,7],[-22,-141],[-61,6],[-8,-119],[-51,-24],[12,-45],[-22,-73],[-34,-42],[14,-64],[-95,-38],[-31,20],[-102,28],[-96,51],[-41,31],[-13,-37],[-80,-57],[-65,-19],[-25,85],[-76,2],[-66,18],[-58,-37],[-83,5],[-71,-29],[-1,-72]],[[35648,26850],[3,-92],[-73,-62],[-42,-52],[-34,-126],[-69,-74],[-50,-93],[-658,-148]],[[36694,26899],[3,-61],[-36,-120],[-3,-79],[-54,-62],[16,-78],[-29,-27],[20,-58],[-5,-69]],[[36606,26345],[-33,-107],[-63,-39],[49,-76],[-26,-41],[5,-62],[-103,-79],[-40,-51],[-13,-56],[-28,-24],[2,-51],[-73,-46],[-68,-7],[-37,-43],[-61,4],[-61,-46],[33,-71],[-7,-115],[5,-82],[53,-133],[49,-28],[50,-143],[-1,-54],[31,-55],[-5,-96],[17,-129],[-54,-29],[-100,16],[-47,-15],[-45,-71],[-78,-59],[-19,-52],[32,-105],[39,-43]],[[36009,24357],[-46,-40],[-196,-145],[-101,-13],[-4,-26],[-62,-58],[-33,26],[-37,-21],[-48,12],[-25,35],[-62,-28],[-69,60],[-21,64],[-27,20],[-46,-8],[-52,37],[-35,-30],[-105,-14],[-29,29],[-31,-19],[-35,16],[-46,-4],[-138,18],[-100,48],[-69,7],[-164,78],[-101,-14]],[[36009,24357],[19,27],[41,9],[61,-10],[36,16],[44,49],[99,11],[65,24],[86,-1],[48,37],[65,24],[82,14],[45,-7],[48,-27],[42,14],[115,-129],[1,-172],[37,-83],[5,-82],[-18,-92],[-32,-78],[-49,-67],[-48,-31],[-36,-44],[-15,-47],[43,-193],[-9,-92],[-45,-51],[81,-45],[10,-51],[38,-117],[3,-79],[65,-75],[47,-37],[42,-81],[-99,-326]],[[36926,22565],[25,-143],[-41,-12],[-21,-28],[-33,43],[-38,-65],[-37,22],[-30,-71],[-11,-79],[-45,-2],[-20,-70]],[[36675,22160],[-63,7],[-364,-20],[1,24],[-28,278],[-228,-25],[-190,-28],[-255,-32],[-100,5],[-389,148],[-219,80],[-362,140],[-102,35]],[[36675,22160],[-1,-128],[-39,-24],[-186,-4],[-100,14],[-48,-33],[-22,-116],[13,-140],[-6,-39],[28,-39],[50,-2],[3,-71],[-61,-36],[-38,-68],[40,-32],[3,-30],[-37,-30],[-17,-60],[-21,-3],[-58,-107],[-6,-31],[-44,-58]],[[36128,21123],[-58,-72],[-147,-88],[-8,-27],[42,-51],[-10,-72],[20,-69],[-29,-25],[19,-114],[-14,-100],[26,-86],[24,-167],[-36,-101],[-31,-110],[0,-98],[-40,-73],[-27,-113],[-59,-76],[-13,-77],[-42,-96],[-21,-26],[4,-99],[-38,-114],[-62,-64]],[[35628,19205],[-55,27],[-8,50],[34,32],[8,43],[-31,89],[-72,30],[-80,15],[-58,40],[-84,108],[-18,41],[-3,116],[8,151],[12,56],[0,170],[-70,68],[-5,35],[-45,2],[-27,-66],[-23,-26],[-74,-20],[-27,35],[11,36],[-9,104],[-82,188],[-46,75],[-32,23],[31,100],[-24,39],[-83,-6],[-54,-39],[-143,-64],[-45,0],[-87,16],[-110,11],[-86,32],[-81,6],[-122,92],[-54,182],[-100,-130],[-69,-56],[-93,-30],[-84,-50],[-79,-69],[-33,-50],[-141,61]],[[36128,21123],[44,-44],[1,-75],[94,-91]],[[36267,20913],[32,-69],[38,-197],[29,-69],[52,-86],[210,-254],[165,-230],[103,-289],[17,-71],[-5,-35],[-41,-79],[42,-125],[50,-41],[11,-76],[37,-11],[81,-75],[54,-30],[-40,-89],[-47,-44],[-29,-55],[11,-125],[-14,-30],[7,-88],[-45,-79],[-19,-12],[-9,-61],[13,-25],[-45,-111],[32,-48],[-20,-33],[2,-43],[76,-11],[48,-70],[61,-28],[21,-87],[-15,-50],[61,-58],[15,-109],[-29,-14],[19,-103],[25,-30],[-7,-47],[49,-43],[25,-45],[-3,-35],[35,-78],[-11,-95],[-36,-2],[-26,-28],[1,-40],[-53,-71],[53,-79],[-12,-50],[-53,-24],[-18,-40],[22,-31],[-12,-74],[1,-82],[-26,-10],[9,-57],[38,-8],[20,-30],[-32,-84],[-98,-9],[8,-31],[-22,-53],[3,-55],[-79,-66],[-67,-87],[3,-33],[-41,-41],[-8,-63],[-65,-121],[8,-25],[49,-34],[-32,-57],[-85,-81],[-43,-9],[-31,-42],[-58,-1],[-80,-50],[-41,3],[-94,-39],[-29,-41],[-91,-55],[-32,-37],[-89,-25],[-80,-95]],[[36091,15573],[-9,-5],[-12,-6],[-55,-27],[-40,-16],[-97,-64],[-7,-10],[-8,-11],[-72,-32],[-46,-52],[-36,-28],[-39,-21],[-20,-26],[-22,-41],[42,-86],[19,-32],[7,-33],[37,-105],[-7,-44],[-8,-15],[-30,-72],[-11,-35],[-3,-22],[1,-3],[41,-37],[18,-64],[0,-18],[-3,-28],[-11,-22],[-36,-37],[-14,-22],[-8,-45],[1,-17],[-6,-34],[-72,-84],[-4,-6],[-24,-17],[-53,-20],[-33,-41],[-2,-13],[2,-42],[-24,-31],[-17,-6],[-6,-2],[-46,-45],[-35,-22],[-35,-19],[-30,-30],[-6,-76],[-8,-15],[-44,-85],[-48,-25],[-38,-68],[-17,-22],[-12,-12],[-6,-5],[-51,-55],[-81,-29],[-17,-7],[-24,-11],[-7,-5],[-24,-19],[-16,-22],[-14,-21],[-33,-21],[-17,-8],[-14,-10],[-9,-6],[-33,-8],[-72,2]],[[34687,13557],[23,38],[49,21],[66,64],[63,97],[-20,96],[-56,41],[-61,-9],[-77,33],[-20,34],[-62,60],[-20,95],[-126,110]],[[34446,14237],[57,30],[-24,105],[47,43],[-19,61],[-2,64],[18,51],[-15,39],[16,55],[-12,68],[-36,84],[45,46],[-14,76],[21,42],[46,17],[9,29],[-4,132],[37,88],[-47,56],[-69,22],[-69,-10],[-9,-38],[15,-123],[-14,-47],[-33,-39],[-47,-24]],[[34343,15064],[-9,121],[-51,90],[3,104],[25,129],[-8,79],[-45,66],[-24,63],[-84,72],[-9,49],[-27,30],[-30,94],[17,59],[-18,53],[9,32],[-12,60],[28,50],[-69,163],[-37,47],[-87,58],[-55,50],[-53,22],[-35,51],[-56,60],[-34,16],[-22,48],[-30,20],[-5,50]],[[33625,16800],[34,71],[56,66],[39,27],[14,58],[107,98],[72,38],[26,36],[85,80],[47,94],[41,8],[33,61],[66,38],[70,75],[29,59],[-30,73],[10,38],[46,38],[62,130],[77,124],[40,44],[34,67],[54,70],[37,-4],[28,51],[54,-11],[42,37],[70,31],[37,41],[6,31],[47,91],[115,72],[23,32],[68,13],[32,-17],[52,25],[45,-8],[7,43],[30,-1],[57,42],[-9,41],[11,55],[-23,29],[21,26],[-28,44],[29,35],[-13,26],[46,36],[-13,44],[77,59],[15,63],[52,15],[41,52],[35,19]],[[33625,16800],[-62,63],[-87,45],[-140,85],[-10,63],[-62,59],[3,25]],[[33267,17140],[45,55],[-4,102],[13,50],[78,154],[-18,74],[66,30],[18,27],[-11,47],[-42,69],[0,35],[36,47],[0,51],[-37,74],[-44,56],[-47,36],[-71,-51],[-84,-19],[-25,-42],[-69,-39],[-92,-12],[-43,-40],[-68,-27],[-142,-11],[-39,22],[-60,58],[-47,72],[-7,53],[-48,63],[-44,76],[-17,95],[2,90],[-36,97],[-13,65],[-47,87],[-67,146],[-1,76],[-24,96],[3,29]],[[39925,23193],[18,-119],[63,8],[3,-219],[84,-19],[90,-103],[102,-28],[-14,-50],[50,-14],[-17,-64],[46,-18],[68,-47],[66,-32],[21,-28],[65,-34],[40,1],[62,-31],[91,-96],[6,-143],[8,-32],[62,-60],[81,-58],[-76,-58],[-10,-26],[-54,-17],[-18,-49],[-92,-22],[-88,-54],[-29,-55],[-83,-71],[7,-60],[-58,-35],[-56,37],[-9,-48],[-99,-45],[-19,-46],[-49,3],[-105,-84],[-80,-20],[-13,-69],[-52,-79],[-69,-75],[-146,-128]],[[39722,21006],[66,291],[-35,176],[-207,261],[16,44],[-62,73],[-61,137],[-4,82],[-24,62],[-61,19],[-88,43],[-63,82],[-77,54],[-104,-22],[-105,44],[-78,2],[-33,18],[-35,76],[23,47]],[[38790,22495],[163,127],[346,252],[170,101],[456,218]],[[38790,22495],[15,26],[-30,52],[3,79],[-41,109],[-32,61],[-97,106]],[[38608,22928],[23,38],[-24,68],[-4,70],[-15,35],[15,63],[-10,36],[52,37],[32,90],[19,27],[49,139],[48,105],[-2,51]],[[38791,23687],[40,3],[130,-47],[37,-44],[48,-14],[78,6],[47,-17],[26,-35],[27,-70],[34,-43],[26,52],[53,38],[72,9],[31,24],[19,46],[39,47],[28,95],[62,60],[55,-7],[170,26],[54,67],[24,47],[77,1],[16,18],[32,99],[20,191],[75,9],[116,-54],[129,-116],[203,-141]],[[40559,23937],[-115,-97],[-7,-63],[-71,-72],[12,-88],[74,-74],[-3,-88],[22,-40],[61,-46],[90,-14],[1,55],[43,-12],[42,20],[0,78],[55,-13],[3,-26],[-38,-71]],[[40728,23386],[-101,-55],[-73,-26],[-178,28],[-62,-3],[-175,-44],[-92,-30],[-122,-63]],[[40728,23386],[29,-13],[-8,-42],[45,-39],[11,-38],[34,-42],[-1,-43],[25,-105],[60,-3],[56,-35],[32,-60],[-20,-29],[-24,-79],[30,-9],[18,-70],[27,-40],[-8,-82],[39,-44],[72,-20],[42,17],[21,-57],[31,-26],[8,-43],[99,21],[50,-24],[36,13],[39,-36],[38,-62],[27,7],[5,-64],[-59,-54],[36,-56],[-45,-24],[-25,-53],[11,-85],[22,-38],[75,-74],[20,22],[68,17],[33,32],[19,-42],[63,19],[55,-10],[-13,-46],[62,-13],[87,32],[89,-2],[86,-44]],[[42125,21920],[43,-122],[20,-155],[-36,-133],[13,-58],[-49,-57],[-106,7],[-211,-27],[1,-43],[-28,-77],[-82,-114],[2,-64],[-12,-61],[-57,-103],[-98,-83],[-8,-20],[-92,-78],[-26,-46],[-30,-15],[-96,-137],[-80,-5],[-104,-55],[-160,66],[-122,-9],[-15,-43],[-79,-66],[-8,-53],[-25,-24],[147,-118],[31,-42],[78,-66],[19,-32],[67,-67],[45,-26],[-9,-54],[-59,-36],[-17,-46],[-5,-67],[-36,-25],[-87,1],[-34,-12],[-61,-106],[-43,-52],[-155,-40],[-63,4],[-34,42],[-48,191],[-64,85],[-90,-9],[27,109],[-71,134],[-72,2],[-62,19],[-62,81],[16,86],[-22,84],[-76,46],[-135,49],[-66,-36],[-31,14],[-30,53],[-14,56]],[[39664,20567],[50,263],[8,176]],[[39664,20567],[-219,143],[-102,-7],[-16,-60],[-45,10],[-26,35],[-236,-27],[-2,-80],[-77,-1],[1,85],[-98,-11],[-122,-277],[-19,0],[-29,60],[5,42],[-90,9],[-47,26],[-39,-19]],[[38503,20495],[-50,28],[7,31],[-20,62],[-46,22],[-85,154],[-8,80],[23,3],[-2,68],[19,39],[44,24],[35,41],[11,103],[-18,13],[42,92],[-42,53],[-15,59],[-34,20],[-24,56],[-42,21],[-31,-6],[-51,46],[-22,-6],[-50,37],[-12,37],[-65,15],[-25,47],[-70,53],[-23,55],[-69,70],[9,81],[-12,36],[-62,81],[-38,23],[-60,66],[-14,45],[-77,58],[-66,-16],[-63,1],[-36,20],[-40,89],[-1,51],[69,69]],[[37489,22416],[106,44],[34,36],[-16,31],[19,31],[48,30],[-16,70],[39,5],[48,81],[60,-2],[25,34],[2,38],[65,0],[17,-34],[-36,-15],[7,-39],[55,38],[56,-21],[51,46],[31,58],[41,35],[56,9],[25,-23],[-38,-50],[71,-26],[80,38],[57,-26],[41,9],[31,-52],[32,41],[-19,53],[34,14],[1,-61],[92,43],[-22,31],[-5,49],[47,-3]],[[36926,22565],[25,39],[67,34],[58,-26],[40,-2],[24,-34],[43,-18],[24,15],[17,52],[77,-38],[31,-49],[32,37],[32,-29],[-29,-37],[1,-47],[-29,-47],[48,-31],[102,32]],[[38503,20495],[-176,-186],[3,-86],[-47,-95],[-42,-45],[-104,-22],[-68,-179],[-36,-11],[-72,85],[-64,122],[-102,92],[-54,18],[-131,67],[-121,38],[-34,49],[-96,93],[-57,25],[2,134],[-239,76],[-489,212],[-309,31]],[[36606,26345],[86,-20],[58,-3],[90,16],[386,91],[70,-49],[187,-147],[101,-66],[19,-42],[46,-219],[10,-146],[7,-5],[43,-354],[-7,0],[24,-204],[40,-126],[46,-78],[80,-69],[185,-109],[-2,-88],[54,-24],[73,-15],[-7,-38],[30,-57],[-34,-65],[37,-71],[-6,-32],[-43,-80],[30,-49],[155,-6],[26,-52],[-13,-68],[71,-68],[1,-43],[32,-47],[-2,-40],[-42,-46],[-8,-97],[13,-29],[49,-30],[82,-9],[46,-23],[67,-65],[34,-5],[71,19]],[[41121,30582],[31,-94],[-6,-344],[37,-107],[39,-183],[-42,-117],[112,-168],[-9,-77],[-41,-23],[-76,-122],[9,-43],[-23,-30],[-12,-53],[12,-49],[-38,-109],[-42,-51],[36,-107],[-42,-89],[-30,-27],[9,-43],[-42,-91],[37,-38],[-10,-30],[47,-54],[-6,-34],[50,2],[95,-79],[58,-104],[138,-149],[14,-35],[61,-57],[18,-86],[30,-40],[-40,-69],[15,-61],[148,-118],[33,-5],[11,-40],[-17,-48],[33,-64],[4,-64],[-55,-46],[-98,-36],[-45,-32],[-13,-37],[-46,-34],[-23,-39],[-75,-32],[-31,-48],[-70,-20],[-24,-33],[-6,-58],[-19,-37],[62,-60],[63,-79],[60,-19],[75,-84],[99,-61],[243,-282],[147,67],[70,77],[88,-43],[73,21],[94,71],[49,-15],[117,27],[79,3],[77,-28],[69,-39],[49,-40],[82,-17],[38,-52],[13,-65],[-14,-77],[60,-120],[33,-22],[127,-44],[40,-30],[10,-34],[2,-93],[21,-59],[-19,-78],[28,-45],[86,58],[42,-2],[48,-58],[46,-8],[124,52],[81,43],[75,-9],[72,34],[41,40],[83,-26],[71,15],[40,-6]],[[43961,25943],[-19,-100],[-47,-90],[-217,-183],[-117,-33],[-113,-20],[-96,-2],[-100,24],[-154,60],[-154,-50],[-49,-93],[-59,-58],[-468,-123],[-85,-12],[37,-30],[-31,-50],[-46,-42],[-48,-18],[-30,-33],[-59,-12],[16,-54],[-38,-24],[-262,-198],[-44,-89],[-48,-51],[-4,-27],[-92,-16],[-64,-57],[-2,-25],[-67,-171],[21,-56],[-22,-61],[-76,-47],[-35,-78]],[[41389,24124],[-281,376],[-112,-83],[-19,-51],[-37,-3],[-56,-54],[6,-36],[-45,-56],[-95,-27],[-29,-67],[-86,-43],[-35,-54],[-4,-53],[-37,-36]],[[43961,25943],[41,-17],[46,4],[178,65],[68,-57],[96,-2],[94,-87]],[[44484,25849],[486,-448],[13,-34],[19,-29],[13,-18],[28,-49],[23,-32],[16,-37],[2,-26],[43,-57],[8,-8],[45,-81],[-21,-83],[11,-32],[-3,-14],[-5,-10],[-3,-9],[0,-47],[-3,-40],[3,-12],[4,-12],[1,-2],[8,-21],[5,-5],[8,-14],[11,-10],[1,-1],[1,0],[21,-10],[22,-12],[11,-20],[2,-7],[0,-17],[-27,-40],[-20,-35],[-5,-18],[18,-35],[64,-115],[-2,-18],[-5,-6],[-5,-4],[-24,-8],[-56,-3],[-9,-1],[-24,-10],[-96,-52],[-96,-26],[-85,-54],[-43,-11],[-38,7],[-24,-18],[5,-47],[5,-22],[4,-28],[-6,-75],[-23,-43],[-17,-28],[-6,-11],[-4,-13],[1,-25],[4,-19],[0,-4],[0,-10],[-2,-14],[-8,-29],[-20,-32],[-7,-10],[-4,-22],[1,-6],[4,-25],[0,-77],[-11,-53],[-13,-16],[-9,-3],[-8,0],[-7,-2],[-10,-2],[-13,-4],[-5,-3],[-14,-7],[-24,-14],[-27,-13],[-25,-24],[-10,-22],[-3,-7],[-6,-16],[-6,-21],[-17,-34],[-29,-22],[-28,3],[-26,16],[-30,19],[-10,23],[-23,47],[-5,3],[-5,1],[-3,1],[-20,-1],[-22,-11],[-37,-41],[-20,-21],[-6,-10],[-7,-14],[-3,-10],[-4,-18],[8,-35],[43,-58]],[[44269,23296],[-82,44],[-132,5],[-89,14],[-40,49],[-6,87],[-42,56],[-43,27],[-69,-1],[-91,-52],[-79,-58],[-58,39],[-59,-18],[-21,21],[-5,102],[-34,16],[-46,-41],[-55,22],[-69,5],[-18,-19],[15,-88],[-18,-40],[16,-40],[-25,-36],[-38,1],[-122,51]],[[43059,23442],[-53,109],[-107,75],[-95,52],[-58,107],[-198,-55],[-78,-38],[-179,-55],[-128,-46],[-76,-60],[-443,333],[-170,167],[-85,93]],[[43059,23442],[31,-58],[81,-86],[53,-86],[43,-98],[104,-104],[15,-114],[-15,-39],[-41,-35],[-33,-50],[-56,-22],[-27,-31],[-93,-71],[-63,-38],[-26,-34],[-8,-42],[-61,-82],[-23,-59],[-44,-204],[105,-170],[24,1],[15,-109],[-59,-40],[44,-115],[-91,-72]],[[42934,21684],[-44,18],[-26,-24],[-58,6],[-28,-15],[-24,53],[-42,5],[-11,30],[-41,7],[-55,-35],[-23,43],[-70,2],[-38,68],[-83,20],[-44,33],[-34,3],[-35,29],[-35,-37],[-62,-13],[12,39],[-68,4]],[[42934,21684],[46,-35],[49,9],[33,-67],[53,-20],[94,20],[70,-30],[45,-66],[8,-55],[43,-24],[4,-52],[49,-20],[34,-39],[76,-1],[48,-27],[0,-34],[37,-34],[39,-109],[77,-79],[32,-48],[33,-197],[36,-55],[-11,-27],[14,-64],[-29,-132],[-69,-65],[-3,-91],[16,-68],[-11,-57],[3,-54],[24,-37],[-62,-149],[11,-33],[42,-11],[-22,-56],[36,-63],[-1,-38],[27,-21],[8,-70],[-2,-83],[43,-33],[-8,-44]],[[43846,19525],[2,-28],[0,-23],[0,-1],[-3,-6],[-4,-3],[-3,-1],[-3,-107],[-8,-3],[0,-29],[-4,-3],[-19,-2],[-5,-8],[0,-17],[1,-6],[2,-9],[13,-29],[1,-28],[3,-27],[-2,-17],[2,-40],[10,-14],[-5,-9],[-16,-25],[0,0],[2,-7],[1,-7],[-12,-10],[-8,-5],[-1,-1],[0,-17],[-6,-8],[-8,-10],[-39,-61],[-1,-39],[-26,-34],[-1,0],[-6,-5],[-4,-7],[-2,-17],[-9,-12],[-65,-33],[6,-17]],[[43629,18800],[-31,-36],[-56,-15],[14,-46],[-10,-70],[-32,-21],[36,-71],[-21,-44],[-39,-9],[-70,17],[-49,27],[-49,-20],[4,-63],[-18,-41],[-48,-48],[-45,-62],[-41,-85],[-38,30],[-66,-15],[-60,9],[-116,53],[-71,-42],[26,-41],[40,-105],[9,-112],[-5,-49],[-39,-109],[-51,-72],[-45,-42],[-140,-74],[-85,-16],[0,-36],[-28,-69],[-83,-32],[-16,-46],[6,-66],[-50,-10],[-105,-53],[-109,-64],[-53,3],[1,-67],[-30,-19],[-110,24],[-72,34],[-53,65],[-81,52],[-48,49],[-41,-8],[-74,-96],[-55,-19],[-36,-61],[-131,-2],[-59,69],[-115,31],[-48,-84],[23,-39],[24,-84],[53,-15],[50,30],[51,-22],[-2,-58],[40,-36],[20,-43],[40,-9],[66,31],[87,-81],[34,-57],[34,-7],[5,-93],[33,0],[17,-43],[-25,-32],[8,-32],[48,-35],[25,2],[5,-58],[-19,-112],[28,-24],[-22,-48],[1,-52],[-39,-30],[-3,-45],[-88,-50],[-36,-66],[0,-48],[23,-66],[2,-57],[-25,-47],[-100,52],[-72,-12],[-73,80],[-120,-46],[-84,76],[-57,-2],[-69,102],[-36,29],[-24,48],[-44,-27],[-40,2],[-26,-22],[-74,22],[-56,-27],[-62,-80],[-33,21],[-92,12],[-33,35],[-7,61],[-31,56],[-77,-33],[-36,17],[-19,-40],[-114,-26],[-71,21],[-28,-38],[-103,-16],[-68,52],[-67,-19],[-76,6],[-16,-93],[-57,14],[-54,-11],[-61,134],[-21,9],[-39,-48],[-36,-67],[-32,21],[-8,41],[-50,41],[-53,-15],[-56,-97],[12,-51],[-74,37],[-15,-24],[-41,5],[-143,-75],[-37,-59],[-41,18],[-36,43],[-63,-1],[-30,-36],[-111,-31],[-30,42],[-103,84],[-73,-35],[-32,-90],[-54,-63],[-9,-39],[-76,-81],[-17,-125],[6,-53],[-45,-19],[-37,58],[-109,-7],[-66,27],[-49,-21],[-51,-78],[-14,-66],[-24,-40],[-54,-46],[-45,-20],[-73,-8],[-94,27],[-54,45],[-39,87],[-69,-46],[-51,34],[-22,-24],[-73,-29],[-59,12],[-99,-22],[-67,-63],[-37,-6],[-56,29],[-68,49],[-6,77],[-60,7],[-150,-105],[-55,-3],[-41,22],[30,96],[-30,44],[-98,-1],[-79,-55],[-39,11],[-24,42],[-48,7],[-68,-93],[-245,55]],[[43742,18249],[0,-7]],[[43742,18242],[3,-8]],[[43745,18234],[-3,8],[0,7]],[[43517,17502],[27,7],[50,68]],[[43594,17577],[-50,-68],[-27,-7]],[[43336,14658],[27,25]],[[43363,14683],[-27,-25]],[[37271,12733],[-52,-68],[-77,-64]],[[37142,12601],[77,64],[52,68]],[[36391,12460],[7,9]],[[36398,12469],[-7,-9]],[[35329,13389],[-41,25],[-36,-13]],[[35252,13401],[36,13],[41,-25]],[[43629,18800],[-14,-34],[-7,-7],[-2,-2],[-24,-7],[-4,-10],[10,-8],[0,-3],[-5,-4],[-2,-6],[9,-8],[1,-2],[0,-1],[0,-1],[-6,-11],[-7,-9],[2,-9],[13,7],[10,9],[2,2],[4,0],[4,-4],[2,-2],[-16,-28],[0,0],[-10,-15],[-3,-8],[-4,-19],[32,-45],[21,-63],[13,-24],[21,-22],[2,-14],[-14,-22],[3,-14],[1,-3],[5,-6],[16,-26],[9,-23],[10,-25],[20,-18],[10,-6],[2,-2],[12,-20],[0,-15]],[[43745,18272],[-3,-16],[0,-7]],[[43745,18234],[34,-23],[2,-1],[0,-3],[-3,-21],[-2,-5],[1,-17],[8,-9],[6,-2],[10,-11],[4,-13],[-1,-10],[-2,-20],[10,-18],[12,-26],[0,-13],[-16,-37],[-4,-25],[-6,-37],[-36,-14],[-20,-12],[-12,-23],[-1,-14],[14,-26],[-12,-23],[-1,-11],[1,-26],[-18,-11],[-7,-4],[-6,-10],[-6,-18],[-2,-10],[0,-9],[4,-34],[-3,-30],[-5,-14],[-17,-27],[-15,-7],[-62,-43]],[[43517,17502],[-25,-16],[-10,-10],[-9,-5],[-18,-1],[-6,-7],[-4,-35],[-3,-7],[-16,-24],[1,-21],[4,-6],[19,-10],[7,-14],[0,-8],[-4,-7],[-4,-7],[-1,-5],[4,-7],[7,-13],[-8,-15],[13,-17],[5,-3],[0,-3],[1,-1],[-7,-10],[-5,-6],[-2,-3],[5,-16],[5,-12],[-15,-13],[-10,-4],[-3,-4],[-1,-5],[28,-44],[3,-22],[-12,-26],[-55,-26],[-5,-5],[-13,-8],[-5,0],[-12,6],[-4,0],[-12,-17],[3,-9],[0,-8],[-10,-10],[-44,-69],[-47,-48],[-1,-17],[10,-4],[35,-10],[17,-16],[12,-32],[9,-4],[25,-6],[10,0],[28,25],[17,-5],[7,-3],[85,-11],[0,0],[5,1],[79,53],[32,9],[14,1],[15,1],[23,12],[16,-1],[3,3],[12,14],[20,4],[5,-2],[0,0],[6,0],[13,6],[9,-3],[8,-14],[11,-3],[4,4],[7,0],[1,-1],[16,-13],[9,-2],[5,3],[27,21],[42,5],[20,6],[5,2],[0,0],[24,19],[37,12],[1,0],[42,-7],[30,-12],[9,-14],[1,-15],[0,-8],[3,-11],[12,-13],[2,-18],[4,-12],[8,-10],[-5,-15],[-5,-10],[5,-12],[10,-17],[1,-21],[-9,-20],[-6,-24],[12,-25],[-15,-86],[20,-52],[-4,-8],[-1,-2],[-14,-20],[-21,-30],[-1,-13],[8,-22],[13,-33],[1,-3],[-7,-11],[-4,-11],[11,-10],[1,-2],[-5,-15],[-11,-17],[1,-9],[17,-12],[-4,-15],[-5,-29],[0,-1],[-3,-5],[-11,-6],[-16,-8],[-2,-6],[14,-13],[2,-6],[-11,-11],[-16,-20],[8,-14],[13,-32],[-14,-26],[-25,-7],[-10,-5],[-1,-5],[3,-11],[-4,-35],[-1,-15],[-9,-19],[-18,-7],[-2,-2],[-3,-11],[-10,-32],[-19,-1],[-19,-27],[0,-12],[-18,-20],[-3,-16],[6,-20],[0,-1],[-18,-26],[-6,-14],[0,-8],[3,-11],[-5,-4],[-9,1],[-7,-3],[-1,-4],[10,-10],[4,-2],[-11,-18],[-16,-14],[-16,-49],[-19,-42],[-15,-11],[-13,-8],[-6,-9],[-7,-49],[-3,-32],[3,-13],[-46,-70],[-11,-30],[-10,-18],[-4,-3],[-1,-1],[-20,-25],[-2,-23],[-15,-52],[-2,-8],[-15,-83],[-3,-14],[-13,-28],[-19,-25],[-41,-51],[-46,-60],[-52,-77],[-60,-104],[-8,-38],[4,-14],[6,-33],[-4,-45],[-18,-54],[-25,-32]],[[43336,14658],[-11,22],[-98,93],[-8,10],[5,44],[22,48],[3,11],[0,7],[-2,17],[-5,9],[-29,34],[-8,5],[-16,6],[-32,2],[-17,-4],[-5,-1],[-14,-9],[-7,-6],[-31,-40],[-12,-21],[-11,-29],[-18,-49],[-4,-6],[-4,-5],[-16,-9],[-14,-3],[-1,1],[-18,6],[-17,9],[-10,6],[-8,3],[-20,3],[-4,-1],[-5,-3],[-15,-20],[-14,-37],[-5,-11],[-52,-50],[-17,-6],[-19,-2],[-12,1],[-26,7],[-19,11],[-37,62],[-46,9],[-13,-3],[-17,-6],[-7,-3],[-4,-2],[-13,-9],[-16,-18],[-25,-29],[-63,-52],[-2,-1],[-2,-1],[-13,-1],[-1,0],[-7,2],[-19,24],[-8,25],[1,23],[9,17],[21,36],[12,39],[-5,4],[-9,3],[-12,-3],[-29,-16],[-11,1],[-7,3],[-30,43],[-14,36],[-2,2],[-6,4],[-18,4],[-4,-3],[-3,-2],[-7,-12],[-30,-133],[-2,-7],[-6,-14],[-29,-41],[-18,-23],[-5,-12],[-23,-76],[-5,-5],[-2,-2],[-4,-3],[-61,-51],[0,-9],[5,-37],[-4,-29],[-6,-18],[-1,-7],[-5,-10],[-2,-4],[-11,-10],[-21,-10],[-41,4],[-59,9],[-38,4],[-9,0],[-8,-1],[-3,-1],[-9,-12],[-3,-12],[-10,-20],[-25,-23],[-35,0],[-24,13],[-29,7],[-7,-1],[-29,-10],[-93,-25],[-50,-11],[-7,-1],[-18,-5],[-27,-11],[-84,-41],[-6,-8],[-12,-20],[-15,-56],[-12,-22],[-22,-25],[-3,-9],[-17,-31],[-5,-6],[-54,-38],[-47,-24],[-5,-3],[-10,-8],[-30,-28],[-25,-23],[-37,-26],[-9,-6],[-3,-1],[-14,3],[-5,4],[-20,22],[-19,31],[-1,16],[1,9],[2,18],[-1,29],[-5,9],[-4,6],[-7,6],[-88,30],[-22,2],[-10,-2],[-84,-30],[-18,-1],[-16,-1],[-12,-6],[-42,-52],[-16,-13],[-7,-1],[-14,0],[-16,5],[-46,39],[-18,17],[-23,18],[-13,10],[-9,4],[-4,1],[-2,0],[-4,0],[-2,0],[-5,0],[-6,-1],[-6,-2],[-5,-2],[-8,-4],[-7,-5],[-12,-10],[-25,-28],[-31,-39],[-6,-7],[-61,-53],[-5,-3],[-20,-6],[-15,5],[-12,2],[-29,13],[-6,-2],[-19,-11],[-5,-13],[3,-11],[2,-14],[0,-7],[5,-14],[8,-28],[-7,-20],[-4,-6],[-47,-39],[-9,-76],[-3,-74],[-3,-61],[-1,-45],[-2,-7],[-6,-8],[-6,-3],[-23,-5],[-2,0],[-21,5],[-32,12],[-51,19],[-36,22],[-18,6],[-39,3],[-76,-12],[-24,-15],[-34,-29],[-38,-34],[-17,-17],[-19,-22],[-17,-90],[-17,-59],[-18,-21],[-42,-56],[-23,-33],[-12,-11],[-11,-8],[-15,-6],[-22,-6],[-8,-1],[-5,1],[-8,1],[-24,9],[-13,14],[-7,9],[-32,28],[-19,1],[-9,-2],[-41,-14],[-17,-2],[-2,1],[-32,18],[-12,15],[-20,34],[-2,3],[-16,7],[-12,3],[-1,0],[-41,-1],[-24,10],[-44,-2],[-66,-19],[-66,-1],[-20,9],[-20,32],[10,23],[0,26],[-8,33],[0,7],[15,43],[6,32],[1,11],[0,13],[-26,102],[-13,33],[-34,43],[-63,24],[-3,0],[-8,-2],[-8,-3],[-66,-34],[-39,-20],[-15,-6],[-15,-9],[-11,-7],[-23,-23],[-6,-4],[-10,-4],[-32,-4],[-13,1],[-86,53],[-30,17],[-10,4],[-9,6],[-13,10],[-17,21],[-14,31],[-2,3],[-14,11],[-9,4],[-1,0],[-9,-1],[-35,-6],[-11,-1],[-32,3],[-4,17],[1,12],[-2,11],[-6,29],[-9,27],[-5,12],[-6,11],[-3,4],[-10,9],[-44,21],[-30,3],[-18,0],[-9,-3],[-11,-2],[-19,-5],[-88,-17],[-1,0],[-87,11],[-21,-3],[-32,14],[-23,28],[-20,17],[-57,25],[-29,-5],[-9,-5],[-44,-50],[-21,-46],[-5,-8],[-35,-63],[-10,-70],[-12,-9],[-31,-4],[-34,-16],[-42,-42],[-3,-3],[-5,-6],[-9,-24],[-1,-7],[1,-17],[-2,-38],[-5,-12],[-7,-10],[-15,-14],[-6,-2],[-4,-1],[-1,0],[-12,2],[-28,-6],[-7,-4],[-6,-6],[-2,-4],[-3,-7],[0,-7],[1,-13],[0,-9],[2,-17],[2,-13],[5,-43],[1,-23],[5,-29],[2,-13],[4,-8],[4,-5],[6,-10],[13,-25],[4,-11],[1,-7],[0,-3],[-3,-25],[-7,-19],[-5,-8],[-12,-18],[-9,-14],[-2,-7],[-2,-15],[-3,-9],[-23,-29],[-5,-15],[-10,-38],[-4,-7],[-10,-13],[-36,-21],[-10,-9],[-38,-22],[-18,-7],[-33,-17],[-32,-15],[-63,-16],[-17,-4],[-17,-39],[3,-9],[20,-37],[0,-44],[-24,-43]],[[37142,12601],[-6,-8],[-22,-26],[-15,-5],[-11,4],[-5,3],[-35,14],[-26,8],[-7,0],[-35,-13],[-17,-9],[-16,-2],[-17,1],[-16,6],[-9,7],[-11,16],[-178,55],[-67,-20],[-64,11],[-6,-2],[-9,-7],[-6,-10],[-4,-9],[-7,-32],[-7,-16],[-8,-7],[-31,-16],[-20,-14],[-89,-61]],[[36391,12460],[-27,25],[-31,19],[-89,54],[-46,38],[-11,15],[-5,13],[-3,9],[-1,10],[13,27],[3,17],[-5,22],[-44,26],[-22,18],[-9,16],[-2,9],[1,27],[4,34],[4,33],[0,5],[-18,103],[-39,63],[-51,76],[-16,11],[-32,10],[-54,61],[-22,32],[-10,7],[-4,3],[-2,1],[-55,37],[-16,19],[-7,22],[-23,41],[-49,22],[-13,-1],[-36,-9],[-26,-22],[-25,-33],[-9,-22],[-5,-15],[-13,-5],[-4,0],[-16,4],[-43,5],[-14,-4],[-11,-5],[-17,-8],[-56,13],[-5,7],[-10,19],[-8,14],[-23,27],[-17,14],[-43,25]],[[35252,13401],[-13,-5],[-33,-4],[-45,29],[-22,8],[-56,0],[-10,4],[-29,43],[-8,13],[-14,23],[-18,8],[-33,8],[-36,28],[-19,-7],[-44,-14],[-41,1],[-22,-6],[-20,-6],[-25,-7],[-6,1],[-65,31],[-6,8]],[[44269,23296],[1,-5],[-27,-55],[-2,-5],[1,-18],[5,-9],[17,-16],[16,-9],[30,-15],[15,-7],[19,-40],[0,-39],[1,-21],[21,-45],[5,-3],[49,-25],[35,-9],[14,-5],[15,-11],[2,-5],[2,-5],[1,-16],[-3,-12],[-3,-8],[-7,-35],[-10,-18],[-15,-6],[-36,-4],[-9,-7],[-6,-8],[-5,-10],[-2,-9],[-2,-8],[-4,-21],[-31,-31],[-26,-12],[-8,-8],[-4,-47],[4,-24],[9,-43],[2,-14],[-3,-26],[-4,-14],[-21,-28],[-7,-11],[4,-29],[3,-6],[18,-28],[15,-15],[17,-11],[14,-8],[65,-30],[29,-31],[43,-38],[12,-2],[26,3],[2,1],[21,-2],[20,-5],[48,-37],[16,-10],[15,-6],[3,0],[31,-8],[108,-41],[84,-5],[78,-52],[8,-3],[31,-5],[21,-4],[38,-26],[35,18],[16,7],[63,6],[29,12],[15,27],[5,15],[14,22],[10,10],[36,19],[36,4],[21,0],[36,-3],[11,1],[48,6],[116,11],[7,1],[40,-4],[27,-3],[23,5],[18,9],[11,11],[9,17],[8,32],[51,40],[10,7],[30,39],[60,63],[20,25],[14,24],[7,24],[-11,65],[-12,68],[4,15],[8,16],[12,19],[34,70],[19,12],[34,-3],[8,-3],[13,-4],[6,-1],[10,0],[28,3],[29,-3],[50,-36],[2,-1],[15,0],[3,-1],[14,-3],[15,-8],[14,-13],[5,-11],[9,-39],[10,-8],[14,-9],[12,-11],[4,-7],[7,-35],[2,-9],[5,-6],[2,-2],[2,-1],[6,1],[13,4],[10,9],[10,9],[18,5],[35,-16],[36,-48],[23,-3],[41,5],[5,3],[10,7],[91,79],[16,11],[11,-1],[21,-17],[42,-14],[29,-5],[20,-2],[12,0],[48,15],[22,32],[6,20],[4,9],[21,-8],[7,-6],[18,-15],[11,-4],[11,2],[11,3],[15,4],[26,9],[16,5],[65,6],[6,-1],[6,0],[21,3],[10,8],[0,6],[8,64],[18,30],[26,27],[59,30],[19,15],[55,58],[37,26],[39,37]],[[47295,23032],[31,57],[31,21]],[[47357,23110],[17,0],[12,-5],[23,-16],[15,-12],[10,-7],[36,-39],[9,-1],[77,42],[15,2]],[[47571,23074],[63,-42],[31,-66],[136,-49],[43,-32],[14,-33],[-19,-103],[47,-52],[80,-24],[52,1],[-28,-70],[20,-80],[-62,-33],[-45,-66],[-48,-35],[-63,-66],[-71,-1],[79,-56],[140,-72],[109,-43],[90,8],[86,60],[124,35],[50,-2],[66,18],[70,-72],[-27,-60],[19,-42],[58,5],[56,-35],[3,-35],[-26,-29],[-82,-25],[-29,-42],[-7,-38],[29,-72],[94,-128],[28,-51],[-6,-981]],[[48645,20666],[-42,0],[-44,-23],[-26,22],[-66,13],[-30,-17],[-84,-14],[-1,-327],[37,-65],[-4,-88],[-53,-163],[-126,-34],[-151,-56],[-70,-44],[-74,-80],[-89,-61],[-58,-7],[-55,57],[-32,60],[-90,27],[-60,46],[-37,43],[-27,-17],[-74,4],[-63,-12],[-63,50],[-38,50],[-8,124],[-42,-30],[5,-70],[-36,20],[15,-180],[-1,-69],[-57,-71],[-10,-36],[-50,-2],[-30,42],[-53,31],[-19,-52],[16,-74],[-49,-37],[-1,-23],[-157,-113],[-227,-172],[-385,-169],[-814,-370],[8,70],[-8,120],[-14,31],[-1,91],[-18,69],[4,47],[30,108],[-25,79],[-82,143],[-10,37],[5,62],[-108,33],[-113,-21],[-71,-34],[-127,-50],[-22,61],[-73,-32],[-64,-12],[-36,-33],[-37,-2],[-49,29],[-87,2],[-61,37],[-27,-11],[-83,33],[-64,-25],[-58,-77],[-67,-63],[-75,21],[-15,-33],[-44,-30],[-9,47],[-33,38],[-42,11]],[[43745,18272],[-3,-16],[0,-14]],[[50319,17251],[37,42],[-63,26]],[[50293,17319],[55,-7],[8,-19],[-37,-42]],[[50132,17267],[-57,-28],[-38,-48]],[[50037,17191],[6,21],[32,27],[57,28]],[[50084,18026],[1,66],[-57,13]],[[50028,18105],[57,-13],[-1,-66]],[[50051,19449],[-38,-155],[-22,-42]],[[49991,19252],[22,42],[38,155]],[[50025,19862],[-17,72],[-47,108],[-88,133],[-74,87],[-140,95]],[[49659,20357],[140,-95],[74,-87],[88,-133],[47,-108],[17,-72]],[[49990,19249],[-33,-48],[-91,-92],[-39,-30]],[[49827,19079],[39,30],[91,92],[33,48]],[[49843,17848],[95,-5],[37,27]],[[49975,17870],[-37,-27],[-95,5]],[[49941,18284],[4,-29],[-32,-77]],[[49913,18178],[32,77],[-4,29]],[[49819,18179],[-43,-6],[-57,25]],[[49719,18198],[57,-25],[43,6]],[[49672,17434],[30,-26],[63,-12]],[[49765,17396],[-63,12],[-30,26]],[[49688,18968],[-17,-11],[-261,-232],[-28,-35]],[[49382,18690],[28,35],[261,232],[17,11]],[[49475,20444],[109,-45]],[[49584,20399],[19,-9]],[[49603,20390],[-128,54]],[[49327,18180],[17,-13],[86,46]],[[49430,18213],[-86,-46],[-17,13]],[[48845,18253],[18,-14],[151,-32]],[[49014,18207],[-151,32],[-18,14]],[[48645,20666],[0,-1],[-1,-98],[0,-74],[25,-9],[51,-3],[38,12],[195,13],[41,0],[253,-23],[35,3],[34,0],[120,-26],[39,-16]],[[49603,20390],[56,-33]],[[50025,19862],[27,-118],[9,-81]],[[50061,19663],[5,-102],[-15,-112]],[[49991,19252],[-1,-3]],[[49827,19079],[-139,-111]],[[49382,18690],[-57,-66],[-53,-46],[-26,-25],[-10,-15],[-12,-14],[-53,-50],[-42,-22],[-7,-3]],[[49122,18449],[-45,-54],[-51,-39]],[[49026,18356],[-8,-4]],[[49018,18352],[-48,-26],[-68,-57],[-38,17]],[[48864,18286],[-1,0],[-21,-23],[-1,-1],[4,-9]],[[49014,18207],[50,-2],[77,27]],[[49141,18232],[110,8],[37,3],[21,-2],[15,-36],[-2,-5],[5,-20]],[[49430,18213],[57,18],[101,50],[48,31],[20,-3],[16,-20],[39,-54],[8,-37]],[[49819,18179],[4,4],[28,31],[28,36],[28,38],[10,5],[10,1],[14,-10]],[[49913,18178],[22,-25],[50,-31],[43,-17]],[[50084,18026],[-14,-26],[-32,-13],[-91,-43],[-30,-25],[-2,-6],[13,-19],[47,-24]],[[49843,17848],[-46,4],[-23,-39],[-19,-64],[-5,-18],[12,-36],[6,-3],[67,-26],[43,-14],[-1,-11],[-20,-35],[9,-16],[26,-38],[-1,-9],[6,-7],[4,-1],[32,-3],[-1,-47],[-5,-7]],[[49927,17478],[-63,-9],[-73,39],[-98,8],[-16,-12]],[[49677,17504],[-9,-21],[4,-49]],[[49765,17396],[12,-12],[1,-1],[3,-13],[-23,-67],[-22,-25],[-36,-43],[-2,-13],[9,-15],[23,-5],[64,9],[45,-35],[6,-47],[11,-10],[2,-1]],[[49858,17118],[79,35],[15,-7]],[[49952,17146],[5,-2],[5,-15],[4,-10],[14,35],[10,25],[3,0],[11,-26],[7,-8],[20,6],[6,40]],[[50132,17267],[11,0],[84,-1],[28,36],[-47,12],[-1,3],[0,2],[14,9],[0,0],[72,-9]],[[50319,17251],[0,-30],[37,-8],[2,0],[8,3],[37,-10],[0,-9],[-13,-20],[-17,-17],[-2,-26],[3,-13],[12,-117],[-3,-14],[3,-34],[1,0],[27,0],[21,5],[17,-19],[15,-2],[6,-3],[14,-18],[13,-7],[1,0],[27,3],[3,-1],[25,-62]],[[50556,16852],[10,-9]],[[50566,16843],[7,-25],[0,-13],[-13,-15],[-38,-20],[-11,-30],[-1,-10],[-1,-7],[17,-56],[9,-32],[1,-25],[-2,-13],[-9,-23],[-27,-37],[-5,-34],[-4,-99],[-1,-5],[-27,-37],[-97,-58],[-87,-39],[-25,-15],[-1,-70],[36,-50],[9,-52],[38,-43],[80,-41],[16,-38],[-6,-25],[-20,-17],[-21,-13],[-20,-7],[-34,6],[-15,0],[-66,-33],[-52,-127],[-36,-49],[-37,-38],[-50,-22],[-10,1],[-49,-63],[-40,-50],[-108,-75],[-41,-30],[-30,-18],[-15,-7],[-8,-1],[-12,5],[-7,5],[-4,6],[-51,-20],[-23,-6],[-19,-1],[-37,4],[-8,9],[-9,17],[-20,31],[-11,4],[-12,-1],[-15,-8],[-19,-14],[-22,-12],[-13,-6],[-9,-2],[-13,-1],[-38,6],[-2,1],[-88,-26],[-49,-16],[-30,-10],[-24,-8],[-8,-2],[-18,3],[-23,22],[11,37],[4,25],[-1,5],[-9,11],[-7,5],[-9,4],[-18,4],[-29,-8],[-81,-38],[-29,-4],[-46,17],[-1,29],[17,36],[6,62],[2,6],[53,44],[24,17],[5,12],[-2,14],[-31,42],[-16,3],[-6,1],[-2,0],[-24,-7],[-9,-9],[-22,-13],[-25,-7],[-46,2],[-60,-6],[-150,-59],[-30,-10],[-48,-13],[-76,8],[-56,-8],[-13,3],[-25,14],[-9,16],[-7,16],[-4,28],[-20,19],[-33,10],[-84,18],[-16,2],[-45,0],[-22,-3],[-78,-74],[-66,-19],[-128,-57],[-32,-6],[-92,-64],[-45,-45],[-48,-59],[-58,-36],[-5,-11],[-36,-94],[-6,-8],[-47,-23],[-5,1],[-47,37],[-12,9],[-33,7],[-1,0],[-52,-3],[-77,-28],[-51,-30],[-7,-3],[-14,-8],[-16,-11],[-30,-23],[-51,-29],[-23,-11],[-89,-23],[-13,-2],[-61,-4],[-28,-5],[-4,-2],[-9,-5],[-33,-30],[-33,-41],[-11,-6],[-101,-56],[-74,-64],[-6,-7],[-19,-29],[-17,-15],[-29,-12],[-16,-4],[-49,-13],[-57,-13],[-9,-1],[-74,19],[-26,-2],[-48,-3],[-2,0],[-71,-21],[-4,-16],[-4,-34],[-3,-12],[-2,-6],[-12,-16],[-42,-34],[-24,-14],[-55,-27],[-50,-23],[-35,-10],[-45,-12],[-157,-11],[-19,3],[-30,5],[-102,29],[-39,4],[-28,-2],[-5,0],[-32,1],[-10,2],[-24,6],[-38,12],[-70,26],[-116,44],[-65,29],[-74,35],[-8,3],[-51,9],[-29,4],[-47,-8],[-7,-4],[-15,-17],[-11,-20],[-8,-18],[-22,-37],[-60,-38],[-35,-14],[-38,-25],[-45,-31],[-45,-37],[-56,-76],[0,-11],[10,-10],[20,-32],[0,-14],[-3,-12],[-8,-20],[-20,-27],[0,0],[-27,-42],[-15,-36],[-55,-38],[-33,-8],[-55,-17],[-26,-11],[-23,-13],[-35,-22],[-10,-4],[-27,4],[-16,3],[-6,-1],[-22,-6],[-13,-8],[-28,-22],[-44,-29],[-36,-6],[-41,-3],[-36,-10],[-40,-11],[-79,-14],[-117,-12],[-123,26],[-46,4],[-208,-28],[-19,-10],[-11,-10],[-9,-15],[-22,-29],[-64,-22],[-20,-4],[-106,-14],[-12,-1],[-2,-1],[-10,3],[-13,11],[-13,37],[2,25],[-1,8],[-26,37],[-106,53],[-12,15],[-4,29],[28,28],[12,9],[57,35],[68,17],[94,-13],[67,40],[29,26],[45,65],[-5,31],[-5,4],[-15,8],[-68,8],[-47,43],[-16,19],[-14,20],[-8,15],[-3,9],[6,26],[39,50],[3,55],[-19,45]],[[47571,23074],[21,3],[20,4],[131,51],[65,39],[54,11],[15,-11],[29,-16],[6,4],[13,53],[18,45],[41,57],[13,9],[42,45],[35,80],[33,29],[20,16],[26,21],[6,13],[-5,84],[0,14],[5,15],[39,46],[23,32],[33,54],[30,14],[22,4],[45,1],[75,41],[74,47]],[[48500,23879],[139,66],[135,98]],[[48774,24043],[27,-67],[30,-10],[82,11],[159,-57],[125,-22],[55,-1],[70,125],[35,51],[43,28],[51,3],[140,30],[65,23],[58,-31],[40,-43],[130,-50],[109,4],[33,-21],[17,-43],[55,-23],[102,10],[62,-42],[93,-22],[91,-90],[45,-113],[23,-20],[60,-1],[60,27],[32,-6],[59,-59],[28,-5],[117,38],[42,21],[126,5],[56,21],[38,53],[24,126],[81,83],[75,46],[78,24],[70,9],[78,-7],[45,23],[61,67],[45,99],[65,-34],[43,-52],[51,-38],[25,1],[71,103],[55,46],[75,81],[69,16],[62,-14],[42,-26],[35,9],[40,38],[64,128],[149,129],[48,20],[148,-13],[109,70],[201,22],[76,33],[78,75],[38,78],[33,90],[43,29],[114,-19],[68,39],[29,43],[39,-30],[71,-31],[50,-64],[5,-37],[-35,-80],[-1,-54],[69,-139],[26,-29],[86,-53],[71,-6],[32,-15],[51,-78],[124,-28],[50,-51],[31,-14],[161,-1],[44,-23],[54,-78],[21,-66],[57,-123],[51,-143],[26,-19],[51,73],[45,36],[59,17],[188,105],[120,-5],[41,-11],[27,24],[0,41],[70,64],[45,18],[49,0],[49,-34],[65,-25],[102,1],[65,-43],[-3,-39],[19,-55],[-37,-28],[-43,-5],[-11,-27],[28,-74],[-5,-64],[28,-58],[-61,-53],[-4,-53],[-34,-84],[39,-40],[40,-12],[27,-67],[60,-3],[136,-32],[103,19],[94,6],[50,19],[127,22],[62,51],[55,-49],[53,-26],[168,-45],[64,-50],[99,2],[60,-13],[138,13],[-4,-42],[-109,-23],[-21,-56],[-47,-41],[-51,-148],[54,-41],[34,-46],[13,-83],[-46,-64],[49,2],[31,-32],[152,-44],[21,-34],[9,-60],[-16,-18],[-1,-61]],[[56899,22654],[1,40],[-55,29],[-20,47],[-52,60],[-83,42],[-32,-18],[-12,-59],[-108,-44],[-239,83],[-55,-3],[-44,13],[-99,5],[-30,17],[-115,-2],[-58,8],[-264,-27],[-36,2],[-127,35],[-135,2],[-84,-25],[-91,22],[-84,-19],[-104,6],[-108,-46],[-218,-25],[-85,24],[-49,-8],[-131,-55],[-237,35],[-122,-14],[-81,-35],[-15,-49],[-83,-18],[-37,34],[-38,12],[-44,-12],[-27,-45],[75,-7],[70,-73],[-263,-198],[-141,-114],[-144,-136],[-21,20],[-114,0],[-42,-13],[-125,-1],[-25,-13],[-35,-119],[-45,-40],[3,-35],[-85,-93],[-16,-82],[-59,-52],[-11,-37],[-30,-20],[-16,-39],[-62,-13],[-52,97],[19,33],[8,62],[-47,-21],[-35,3],[-7,-57],[-63,-138],[-62,6],[-42,46],[-66,-11],[-71,-33],[-48,-1],[-1,-54],[-62,1],[-1,66],[-31,14],[-42,-34],[-32,5],[-28,-36],[18,-29],[-50,-44],[-45,23],[-22,-22],[-70,-7],[-41,-32],[2,-68],[-13,-56],[-74,-26],[-26,-31],[-59,-12],[-32,-76],[-50,62],[-73,10],[-105,-90],[-54,32],[-24,102],[-48,-83],[-70,-5],[-15,-63],[-86,-41],[-50,10],[-58,-33],[-30,9],[16,104],[-12,43],[-39,-2],[-19,34],[21,62],[36,17],[34,-78],[29,55],[21,69],[25,15],[95,-1],[-59,63],[51,74],[-21,21],[-72,-61],[-99,-46],[-9,51],[34,73],[3,45],[-27,16],[-44,-78],[-17,-56],[-22,-125],[-39,-113],[-12,-187],[26,-167],[-16,-99],[-64,-84],[-80,-38],[-1030,-287]],[[50025,19862],[27,-118],[9,-81]],[[49122,18449],[-44,-54],[-52,-39]],[[49018,18352],[-48,-26],[-68,-57],[-13,1],[-25,16]],[[49014,18207],[50,-2],[77,27]],[[49927,17478],[-63,-9],[-73,39],[-98,8],[-16,-12]],[[49858,17118],[79,35],[15,-7]],[[50556,16852],[10,-9]],[[59111,18645],[0,-27],[38,-91],[58,-82]],[[59207,18445],[-58,82],[-38,91],[0,27]],[[59118,18678],[24,37],[-2,44]],[[59140,18759],[2,-44],[-24,-37]],[[58576,17891],[-94,-36],[-33,-28]],[[58449,17827],[33,28],[82,37],[12,-1]],[[58213,17554],[-67,-40],[-101,-46],[-58,-48]],[[57987,17420],[58,48],[101,46],[67,40]],[[57965,19683],[-32,-24],[-218,-113],[-48,-10]],[[57667,19536],[48,10],[218,113],[32,24]],[[57754,20631],[48,48],[11,69]],[[57813,20748],[-11,-69],[-48,-48]],[[57606,20876],[111,-13],[19,-10]],[[57736,20853],[-19,10],[-111,13]],[[57483,19838],[26,27],[66,22],[20,32]],[[57595,19919],[-20,-32],[-66,-22],[-26,-27]],[[57452,20335],[22,54],[78,89]],[[57552,20478],[-78,-89],[-22,-54]],[[57479,19787],[-1,-10],[-20,-47],[-23,-24],[-44,-24]],[[57391,19682],[44,24],[23,24],[21,57]],[[57396,21284],[-60,-57],[-51,-27]],[[57285,21200],[51,27],[60,57]],[[57373,19673],[-51,-45],[-11,-37]],[[57311,19591],[11,37],[51,45]],[[57376,20884],[-39,48],[-36,74],[-71,89]],[[57230,21095],[71,-89],[36,-74],[39,-48]],[[57204,22010],[3,47],[25,64],[-6,72]],[[57226,22193],[6,-72],[-25,-64],[-3,-47]],[[57192,21662],[-9,-72],[23,-40]],[[57206,21550],[-23,40],[9,72]],[[52983,17712],[-16,-27],[7,-66]],[[52974,17619],[-7,66],[16,27]],[[51378,17327],[-87,-36],[-36,-1]],[[51255,17290],[36,1],[87,36]],[[50780,16950],[73,-16],[57,4]],[[50910,16938],[-58,-4],[-72,16]],[[56899,22654],[7,-54],[9,-43],[38,-44],[11,-27],[67,-65],[41,-35],[55,-41],[19,-15],[27,-29],[32,-31],[0,0],[19,-70],[2,-7]],[[57204,22010],[0,-68],[12,-42],[-2,-51],[-25,-72],[10,-75],[-7,-40]],[[57206,21550],[6,-12],[49,-10],[8,-5],[58,-61],[15,-13],[2,-21],[4,-21],[30,-34],[30,-61],[-12,-28]],[[57285,21200],[-19,-10],[-46,-31],[10,-64]],[[57376,20884],[59,-32],[37,10],[25,12],[109,2]],[[57736,20853],[55,-50],[22,-55]],[[57754,20631],[-100,-20],[-59,-55],[-43,-78]],[[57452,20335],[-9,-35],[6,-24],[49,-33],[70,-6],[89,18],[11,-1],[32,-36],[2,-15],[-8,-160],[2,-13],[-2,-40],[-32,-40],[-16,-7],[-36,-14],[-15,-10]],[[57483,19838],[-4,-51]],[[57391,19682],[-18,-9]],[[57311,19591],[79,-65],[78,-12],[4,0],[60,14],[135,8]],[[57965,19683],[5,6],[50,54],[1,1],[54,12],[12,1],[88,-54],[3,-8],[11,-55],[-7,-36],[-25,-55],[-1,-92],[31,-49],[105,-48],[101,-49],[30,-4],[78,50],[19,4],[-5,26],[-9,21],[3,5],[34,13],[6,1],[23,18],[162,134],[57,33],[32,-42],[82,-69],[0,-26],[-1,-51],[27,-53],[21,-70],[-27,-40],[-38,-17],[-1,-1],[13,-60],[54,-89],[2,-26],[5,-20],[46,-46],[22,-77],[26,-32],[49,-43],[3,-8],[5,-10],[0,-1],[29,-72]],[[59118,18678],[-7,-33]],[[59207,18445],[10,-46],[8,-20],[-17,-36],[-45,-27],[-121,-58],[-33,-24],[-59,-73],[-49,-61],[-8,-8],[-15,-49],[-3,-21],[-8,-14],[-11,-15],[-65,-66],[-37,-65],[-19,-71],[-5,-9],[-58,-24],[-52,1],[-37,57],[-7,75]],[[58449,17827],[-130,-122],[-33,-42],[-28,-48],[-3,-9],[-42,-52]],[[57987,17420],[-21,-45],[-17,-39],[-12,-16],[-3,-2],[-49,-21],[-64,2],[-115,-11],[-25,-56],[-41,-80],[-57,-78],[-12,-20],[-38,-34],[-12,-77],[-68,-80],[-21,-28],[-40,-45],[-77,-6],[-47,2],[-44,-15],[-153,-90],[-37,15],[-59,-25],[-83,-14],[-177,7],[-18,3],[-2,0],[-61,-2],[-60,16],[-2,0],[-33,-13],[-17,-61],[-28,-62],[-8,-12],[-54,-19],[-24,-5],[-32,-16],[-17,-26],[-18,-48],[-31,-64],[-4,-4],[-2,-2],[-37,-18],[-15,3],[-31,-1],[-8,-13],[-5,-12],[-1,0],[-17,-10],[-24,-12],[-13,-13],[-9,-9],[-6,-4],[-14,-7],[-30,2],[-5,0],[-15,-5],[-17,-20],[-32,-41],[-35,-29],[-10,-2],[-10,0],[-34,21],[-57,16],[-40,7],[-8,0],[-8,0],[-19,2],[-39,12],[-46,4],[-15,11],[-11,18],[0,19],[0,19],[-11,24],[-3,7],[-8,12],[-16,21],[-13,5],[-7,-2],[-81,-71],[-25,-30],[-12,-27],[-35,-19],[-10,-19],[-13,-22],[-6,-6],[-50,4],[-35,2],[-14,0],[-17,-4],[-17,-5],[-18,-2],[-6,1],[-9,1],[34,66],[12,17],[7,11],[-21,55],[-34,41],[-58,72],[-11,24],[-6,13],[-6,16],[-6,6],[-12,4],[-5,1],[-35,-9],[-10,-4],[-11,-5],[-12,-8],[-13,-5],[-14,-1],[0,0],[-45,2],[-11,-1],[-22,-6],[-39,-10],[-16,-4],[-52,-5],[-17,1],[-36,9],[-45,36],[-12,5],[-31,0],[-45,-18],[-16,-19],[-11,-10],[-32,2],[-10,-2],[-88,-12],[-24,1],[-27,2],[-1,0],[-37,1],[-22,6],[-14,9],[-21,29],[-20,14],[-3,1],[-22,5],[-73,17],[-10,0],[-3,0],[-23,-3],[-7,-3],[-31,-31],[-10,-13],[-3,-2],[-7,-3],[-1,0],[-19,11],[-32,40],[-7,7],[-54,18],[-11,-1],[-48,-10],[-25,-4],[-39,-2],[-24,2],[-17,4],[-5,4],[-2,5],[13,27],[8,11],[12,19],[3,38],[-2,1],[-9,2],[-2,1],[-3,0],[-31,1],[-16,7],[-11,7],[-15,19],[-12,39],[-5,8],[-15,14],[-9,2],[-7,-1],[-6,-2],[-29,-8],[-66,3],[-67,4],[-24,34],[17,27],[26,27],[14,47],[26,51],[42,41],[15,6],[20,5],[8,-1],[8,-2],[21,-7],[21,9],[33,24],[15,16],[7,17],[2,15],[-3,12],[-10,14],[-10,17],[-9,116],[3,45],[-1,10],[-12,30],[-6,4],[-1,1],[-17,3],[-9,3],[-8,9],[-1,4],[16,49],[39,60],[23,66],[-4,30],[-4,2],[-41,4],[-19,11],[-4,11],[-3,50],[-5,31],[-12,13],[-19,9],[-67,-19],[-7,-3],[-7,-2],[-5,-1],[-27,20],[-7,8],[-18,11],[-6,1],[-41,-2],[-34,-8],[-62,-13],[-28,3],[-22,20],[-19,24],[-10,20],[-13,38],[-4,11],[-15,27],[-21,43],[-1,3],[-18,20],[-20,5],[-18,-8],[-8,-11],[0,-14],[0,-11],[-6,-20],[-6,-8],[-23,-13],[-25,0],[-28,64],[-15,6],[-13,5],[-5,-1],[-35,-12],[-12,-19],[5,-118],[-19,-18],[-7,0],[-11,4],[-102,54],[-18,-2]],[[52974,17619],[-7,-36],[-4,-6],[-19,-11],[-17,-4],[-19,-10],[-8,-13],[-2,-20],[44,-94],[-6,-12],[-18,-18],[-25,-24],[-41,-34],[-13,-2],[-11,-1],[-55,20],[-10,14],[-22,28],[-21,22],[-20,24],[-25,26],[-20,4],[-55,-12],[-36,-31],[-16,-26],[-12,-11],[-69,-25],[-22,-3],[-12,-3],[-24,-14],[-74,-5],[-35,11],[-11,18],[-20,32],[0,21],[-1,9],[-1,1],[-5,7],[-23,7],[-3,0],[-7,-3],[-26,-28],[-10,-12],[-16,-16],[-18,-7],[-5,-1],[-20,1],[-7,1],[-9,4],[-9,6],[-37,17],[-67,-8],[-114,14],[-10,3],[-5,1],[-15,0],[-9,-2],[-78,-74],[-19,-31],[-35,-54],[-16,-7],[-1,0],[-38,8],[-34,4],[-4,0],[-13,-2],[-26,-5],[-39,9],[-17,10],[-4,3],[-22,38],[-72,13],[-26,4],[-30,-7]],[[51255,17290],[-17,9],[-13,8],[-5,3],[-3,1],[-8,-1],[-4,-2],[-5,-8],[-4,-26],[-4,-42],[-1,-11],[-16,-38],[-20,-13],[-151,-50],[-23,-20],[5,-31],[20,-70],[-22,-39],[-74,-22]],[[50780,16950],[-23,2],[-61,-29],[-19,-12],[-11,-4],[-37,5],[-11,-5],[-37,-39],[-8,-13],[-7,-12]],[[43313,32032],[97,-13],[8,-35],[3,-132],[15,-83],[18,-198],[-8,-61],[-48,-93],[-9,-50],[21,-73],[55,-26],[70,-79],[147,-94],[16,-61],[42,-60],[76,-73],[48,-13],[86,-45],[98,-115],[64,-21],[43,-70],[122,24],[86,-27],[37,-24],[88,-121],[32,-71],[51,-28],[41,-40],[29,-75],[5,-84],[16,-36],[-33,-64],[1,-25],[62,-52],[45,-19],[33,-34],[10,-42],[38,-16],[81,46],[15,-45],[43,-68],[68,-30],[11,-68],[31,-30],[19,-50],[9,-70],[44,-20],[18,-50],[91,-6],[29,-34],[18,-86],[70,-149],[45,-76],[82,-98],[51,-88],[43,-36],[43,-55],[39,-69],[38,-26],[77,-87],[64,-48],[39,4],[42,38],[59,-39],[45,-71],[59,-38],[37,-47],[68,2],[47,-17],[56,29],[31,64],[78,93],[59,-19],[96,4],[45,-57],[23,-61],[52,-1],[28,85],[52,64],[93,13],[-2,84],[18,34],[74,-7],[85,32],[29,-21],[126,-49],[42,-33],[58,-72],[63,-151],[-24,-66],[-1,-43],[50,-124],[23,-221],[64,-89],[33,-69],[48,-164],[23,-161],[39,-120],[25,-51],[54,-53],[111,-50],[53,19],[50,-37],[110,42],[26,27],[45,14],[22,-69],[-8,-70],[40,-41],[-25,-36],[22,-55],[2,-57],[50,-82],[79,-24],[36,11],[142,75],[101,-9],[61,-49],[41,-68],[8,-63],[-20,-57],[13,-42],[92,-87],[25,-40],[50,-110],[9,-59],[30,-39],[17,-52],[69,-88],[101,-70],[53,-49],[64,-98],[16,-68],[-38,-221],[-25,-42],[-57,-160],[-33,-75],[-54,-61],[-14,-77],[30,-60],[-7,-36],[-53,-13],[-45,28],[-45,-20],[-24,-104],[-49,-50],[-118,-78],[-78,-21],[-36,-32],[9,-41],[61,-25],[74,-43],[106,-120],[45,-112],[43,-26],[28,-50],[13,-54],[56,-63],[17,-139],[40,-75],[-29,-59],[-83,-23],[-117,-55],[-11,-31]],[[48500,23879],[6,62],[-41,87],[-14,103],[10,24],[-62,27],[-46,46],[-82,35],[-14,38],[-73,108],[-60,140],[7,68],[-34,39],[-95,26],[-48,-34],[-36,63],[-71,39],[-40,6],[-46,75],[-16,110],[43,36],[12,82],[16,35],[37,-7],[12,115],[57,144],[57,48],[6,43],[-19,107],[-35,31],[-168,96],[-78,65],[-198,125],[-131,64],[-39,-16],[-27,45],[-42,16],[-51,-17],[-38,19],[4,79],[-55,41],[-127,55],[-183,170],[-87,55],[-331,172],[-151,142],[-63,87],[-87,68],[-84,41],[-68,23],[-59,6],[-121,48],[-76,53],[-38,-77],[1,-124],[-16,-89],[-44,-93],[-21,-107],[-12,-123],[17,-85],[-71,-68],[-64,-94],[-6,-71],[-32,-39],[-110,-70],[-77,-40],[-109,9],[-53,-25],[-15,-25],[-51,26],[-29,35],[-88,-38],[-29,28],[-98,46],[-106,-42],[-25,-40],[-111,-57]],[[47295,23032],[31,57],[31,21]],[[24823,18992],[181,-10],[-1,159],[60,-24],[0,-136],[459,-9],[17,16],[-10,62],[188,-77]],[[25717,18973],[64,-47]],[[25781,18926],[-250,-165],[-53,-89],[-3,-85],[-76,7],[-75,-61],[-72,69],[-37,18],[-65,0],[1,-133],[-42,0],[-11,-37],[63,-130]],[[25161,18320],[-65,-23],[-28,57],[-58,0],[1,-55],[-158,61],[-38,-6],[-67,44]],[[24748,18398],[-4,320],[31,0],[7,88],[41,186]],[[25781,18926],[44,-50],[133,-238]],[[25958,18638],[-108,-90],[-28,-37],[-30,-70],[-37,-186],[-3,-65],[-19,-127],[-32,-33],[-15,-118],[7,-38],[-117,-67],[-23,-175]],[[25553,17632],[-24,-24],[-42,48],[-29,78],[-110,92]],[[25348,17826],[-39,35],[-27,63],[-60,75],[-38,10],[2,92],[20,62],[1,46],[-46,111]],[[24503,18315],[43,-25],[58,-54],[85,18],[-75,75],[81,90],[53,-21]],[[25348,17826],[-48,-80],[-117,-51],[-51,-66],[-43,-76]],[[25089,17553],[-130,37],[-30,0],[-72,-54],[-56,24],[-58,81],[-175,200],[-85,67],[-27,32]],[[24564,19171],[90,-48],[34,-5],[-1,-83],[39,-2],[-4,-39],[101,-2]],[[25839,19421],[133,-201],[-59,-17],[13,-113],[16,-82],[-103,-23],[-89,15],[-33,-27]],[[26290,18027],[95,38],[12,-69],[85,10],[9,-48],[51,9],[48,71],[-25,54],[7,63],[38,32],[81,-11]],[[26691,18176],[-12,-87],[161,-21],[-6,-42],[80,-10],[6,42],[59,-8],[-77,-115]],[[26902,17935],[-39,-11],[-139,-301],[78,-59],[-103,-145],[-15,-29],[200,-103]],[[26884,17287],[75,-67],[86,-96],[-39,-13],[13,-66],[-13,-46],[8,-99],[105,37],[128,72],[110,-59],[78,-138],[-256,-113],[-85,-27],[-44,2],[-25,45],[-65,-36],[31,-60]],[[26991,16623],[-78,-5],[1,-53],[-24,-92],[-107,28],[-46,-2],[-24,-30],[-163,176],[-38,34],[-32,78],[-37,27],[-61,-40],[-51,-68]],[[26331,16676],[-89,100]],[[26242,16776],[20,15],[-43,66],[55,40],[-40,37],[31,32],[-66,62],[-77,42],[-66,27],[-18,78],[34,11],[-1,106],[33,17],[-3,79],[-43,-1],[-10,-36],[-38,-1],[-48,45],[50,34],[0,82],[-54,11],[227,127],[-70,125],[-48,-3]],[[26067,17771],[108,78],[28,53],[7,78],[80,47]],[[26331,16676],[-36,-90],[0,-74],[-16,-91],[-88,-114],[-89,-68],[-89,-57],[-46,-14],[-8,-40]],[[25959,16128],[-112,-30],[-78,-11],[-59,13],[-71,32],[-28,33],[-27,84],[-3,65],[39,43],[19,93],[-3,73],[-30,100],[7,54],[26,74]],[[25639,16751],[140,36],[163,78],[137,37],[39,-20],[74,-139],[50,33]],[[25639,16751],[2,62],[-21,53],[-225,339],[-26,43]],[[25369,17248],[60,-43],[6,-38],[48,-19],[82,-3],[77,50],[104,44],[37,48],[24,51],[9,156],[59,92]],[[25875,17586],[47,60],[145,125]],[[25553,17632],[34,-53],[96,-42],[81,4],[101,58],[10,-13]],[[25369,17248],[-48,93],[-64,58],[-29,68],[-74,67],[-65,19]],[[25958,18638],[17,-38],[315,-573]],[[26827,19093],[25,-62],[-22,-136],[-28,-115],[-15,-28],[-31,-125],[-62,-98],[-40,-97],[49,-30],[18,26],[37,-24],[-56,-50],[9,-26],[-20,-152]],[[27533,18595],[41,-52],[-5,-109],[31,-135],[2,-96],[-206,-66],[-81,-64]],[[27315,18073],[-82,-135],[-24,12],[-97,5],[-137,-44],[-73,24]],[[28288,18705],[24,-21],[8,-54],[39,-42],[30,-96],[3,-86],[-49,-91],[-19,-90],[-71,-245],[37,-53],[20,-64],[27,-36],[13,-60],[32,-63],[61,-71],[-35,-51],[-35,12],[-60,-12],[-75,29],[-78,-49],[-105,-31],[-54,-46]],[[28001,17485],[-41,40],[-121,88],[-35,8],[-31,104],[-33,19],[-97,-7],[-141,105],[-59,104],[-50,-2],[-5,52],[-73,77]],[[28001,17485],[-40,-51],[-78,-134],[-124,-63],[61,-99],[8,-36]],[[27828,17102],[-99,-24],[-104,15],[-372,90],[-369,104]],[[27828,17102],[148,35],[33,-41],[101,-33],[28,-97],[95,-50],[57,-104],[9,-74],[36,-33],[66,-24],[37,-46],[24,-82],[14,-132],[0,-69],[15,-85],[-38,-88],[-80,-98],[-14,-49],[23,-55],[-88,-72],[-16,-45],[-9,-88],[7,-44],[-30,-40],[-47,-8]],[[28199,15680],[-18,28],[-191,43],[3,-108],[-45,-13],[-59,51],[-30,1],[-6,-67],[-67,-76],[-52,6],[5,30],[-69,-6],[-18,33],[-54,-6],[21,-69],[-46,-27],[-17,25],[-70,-16]],[[27486,15509],[-20,149],[-34,174],[-3,60],[12,83],[-52,23],[-19,-32],[-28,106],[-78,-9],[-47,84],[-226,476]],[[27486,15509],[-272,-152],[-88,-52],[-109,-38]],[[27017,15267],[-54,18],[-29,130],[-76,-82],[-26,-8],[-42,58],[-100,-30],[-108,-59],[-43,77],[-80,27],[-38,27]],[[26421,15425],[-36,48],[-3,60],[-105,64],[-1,92],[-31,155],[-60,66],[-12,61],[-122,110],[-92,47]],[[28199,15680],[-68,-38],[-52,-95],[-13,-41],[33,-55],[0,-34],[-26,-93],[-4,-54],[13,-68],[64,-52],[-83,-40],[-21,-50],[71,-99],[84,7],[158,-4],[25,-50],[-17,-132],[8,-28],[77,-83],[50,-19],[44,-34],[96,-3],[47,53]],[[28685,14668],[56,-103],[35,-35],[106,-81],[41,-62],[14,-53],[-30,-25],[8,-81],[-10,-45],[37,-107],[-16,-25],[-5,-70],[-35,-46],[12,-48],[-60,-56],[13,-57],[92,-37],[35,-27],[168,-241],[75,-67],[148,-109],[31,-45],[5,-51],[-41,-78],[25,-61],[113,-25],[43,-44],[17,-52],[-12,-31],[-44,-31],[-71,-75],[-71,-62],[30,-43],[7,-81],[-8,-33]],[[29393,12581],[-15,-32],[-102,43],[1,-97],[-26,-139],[-42,-13],[65,-96],[-50,-28],[-18,-78],[-21,-28],[-38,20],[-42,-40]],[[29105,12093],[-40,34],[-104,44],[-23,49],[-45,24],[-45,61],[-96,36],[-34,25],[-21,46],[-24,110],[-46,81],[-72,64],[-123,66],[-103,72],[-90,117],[-93,111]],[[28146,13033],[-244,275],[-19,62],[-28,43],[-111,76],[-63,-10],[-35,19],[-25,37],[-59,7],[-59,27],[-37,35],[-36,-70],[-75,-71],[-94,-44],[-62,38],[-49,-36],[-149,-21],[-46,-52],[-66,11],[-42,-36],[-34,-6],[-81,16],[-40,34],[-66,22],[15,56],[43,50],[35,11],[79,-15]],[[26798,13491],[95,7],[75,60],[23,49],[42,44],[-37,93],[31,89],[-68,90],[-35,19],[13,62],[36,62],[48,54],[37,142],[1,36],[-34,107],[-23,35],[30,52],[7,75],[-10,55],[-32,53],[-73,65],[-10,31],[-51,47],[58,135],[65,49],[57,26],[-19,57],[3,56],[32,20],[4,52],[-46,54]],[[36391,12460],[-107,-129],[-79,-68],[-82,-96],[-77,-34],[-66,-71],[-96,-64],[-98,-106],[-68,-97],[-18,-52],[-42,-33],[-40,-3],[-36,49],[-26,0],[-113,-42],[-55,-43],[-38,-49],[-154,-151],[13,-33],[-91,-100],[-35,-13],[-32,-39],[-66,-55],[-61,-67],[-26,-47],[-110,-15],[-37,-32],[2,747],[-23,17],[-106,-11],[-71,48],[-57,8],[-25,26],[-57,7],[-25,38],[-75,16],[-13,30],[-147,0],[-120,-17],[-146,-92],[-44,-39],[-67,-115],[-42,-12],[-84,-4],[-28,29],[-115,-30],[-67,-34],[8,-78],[-34,-41],[-102,8],[-67,-37],[-56,3],[-38,-15],[-37,49],[-51,-16],[-61,-4],[-64,-29],[-42,-1],[-45,40],[-64,18],[-59,55],[-38,-44],[-46,-27],[-33,-45],[-57,-40],[-33,-56],[106,8],[48,-36],[-53,-97],[-31,-101],[-53,-74],[-30,-96],[-121,-84],[-32,-60],[-32,1],[-13,-67],[-38,-27],[-57,-1],[-47,20],[-129,-30],[-124,-88],[-39,-51],[-17,-44],[-78,108],[-94,-4],[-150,4],[-19,-18],[-44,12],[-73,-20],[-82,-35],[-20,-66],[-71,-26]],[[31229,10550],[-39,23],[-45,-37],[-95,-1],[-85,42],[-19,62],[-66,-21],[-38,5],[-32,47],[-72,-25],[-52,26],[-82,-16],[-71,47],[-43,2],[-66,35],[-32,34],[-38,85],[4,45],[34,76],[41,49],[16,70],[-13,49],[-136,3],[-129,46],[-63,-14],[-76,5],[-37,15],[-194,113],[-105,66],[-128,112],[-104,111]],[[29464,11604],[-58,103],[-14,64],[11,65],[-33,30],[-44,5],[-46,-26],[-49,46],[-17,41],[-88,64],[-21,97]],[[29393,12581],[74,-1],[44,-39],[75,-32],[48,-60],[37,-7],[95,51],[103,-34],[32,69],[82,-22],[20,77],[35,49],[40,5],[40,-46],[56,-23],[120,22],[40,-1],[33,36],[43,6],[22,34],[70,-8]],[[30502,12657],[38,-87],[60,-25],[40,-54],[-62,-77],[-4,-33],[38,-78],[32,9],[37,66],[46,-33],[33,15],[29,48],[39,1],[45,-61],[25,1],[56,38],[68,-40],[10,52],[-9,80],[35,28],[86,-32],[202,8],[126,72],[126,10],[29,43],[33,17],[59,-47],[67,5],[147,114],[54,33],[137,-4],[26,73],[82,14],[45,75],[56,49],[42,22],[78,-5],[32,13],[74,-20],[33,29],[64,96],[23,76],[3,52],[42,19],[32,-14],[28,-58],[26,-5],[33,51],[27,17],[50,-26],[86,12],[67,71],[73,28],[26,46],[58,65],[18,49],[-6,118],[-31,31],[-65,-1],[-17,20],[37,115],[40,23]],[[33206,13761],[50,8],[63,-12],[62,38],[31,68],[57,33],[56,6],[57,31],[41,-32],[99,-10],[66,-32],[24,-37],[35,13],[-5,111],[77,37],[8,57],[36,40],[66,13],[32,87],[3,81],[25,24],[15,55],[51,17],[81,-70],[55,6],[29,23],[32,-8],[54,-60],[40,-11]],[[28854,18044],[-4,-20],[112,-3],[49,-11],[17,-27],[-21,-141],[23,-59],[-52,-74],[-19,-55],[-54,-34],[-65,-106],[115,-180],[-31,-131],[27,-60],[-14,-37]],[[28937,17106],[-70,60],[-53,62],[-28,-52],[55,-24],[36,-45],[-23,-61],[141,-97],[-61,-34],[-2,-120],[-14,-98],[-18,-235],[6,-267],[42,0],[-5,-62],[73,-87],[-8,-24],[28,-42],[67,-62],[69,-95],[49,-105],[46,-48],[25,-63],[-5,-120],[30,-55],[-2,-37],[30,-59],[7,-90],[-14,-51],[11,-28]],[[29349,15167],[-53,-12],[-30,17],[-44,-23],[-14,-85],[-36,-39],[-117,-32],[-50,-27],[-71,-87],[23,-40],[-32,-59],[-45,-34],[-89,24],[-66,-2],[-35,-29],[-5,-71]],[[28937,17106],[3,-61],[21,-32],[84,-41],[40,8],[60,59],[104,3],[119,-79],[23,-51],[52,-4],[61,14],[12,-33],[93,14],[63,59],[21,-15],[124,-38],[103,11],[56,-19],[72,-1]],[[30048,16900],[35,-48],[-10,-142],[-16,-67],[10,-96],[31,-76],[108,-87],[31,-87],[-1,-28],[-58,-114],[-102,-56],[8,-38],[70,-41],[64,-51]],[[30218,15969],[-18,-28],[-90,-61],[-23,-28],[-62,-41],[-25,-1],[-43,-100],[10,-94],[-27,-40],[-36,17],[-41,-53],[-16,-49],[-79,-42],[-67,-61],[-51,-67],[-45,-38],[-251,-106],[-5,-10]],[[30813,17910],[30,10],[88,-54],[33,-5],[29,53],[56,-1],[30,-41],[30,30],[57,-10],[-13,-75],[-65,-94],[-64,-18],[-133,1],[-2,-63],[-25,-42],[-41,6],[16,-53],[-30,-56]],[[30809,17498],[6,-16],[-85,-132],[-18,-57],[-53,-73],[-145,-108],[-51,-21],[-2,-58],[-42,-87],[-34,-14],[-170,-26],[-62,6],[-105,-12]],[[30809,17498],[26,-42],[-4,-100],[44,-76],[-4,-66],[-20,-46],[31,-11],[-24,-55],[-54,-20],[56,-132],[97,7],[37,12],[62,-25],[2,63],[47,-4],[13,-47],[-35,-35],[2,-46],[58,-68],[-9,-85],[-21,-36],[-14,-92],[-14,-26],[57,-52],[-14,-60],[51,-71],[125,-102]],[[31304,16283],[-109,-41],[-38,-41],[-1,-106]],[[31156,16095],[-31,-5],[-92,42],[-27,24],[-5,43],[-38,20],[-38,-10],[-65,15],[-19,74],[-94,59],[-103,-7],[-68,48],[-34,-23],[-40,-68],[-62,-16],[-13,-71],[19,-103],[-29,-50],[-65,-7],[-100,10],[-34,-101]],[[32260,18926],[-26,-9],[-35,-88],[-44,-15],[-80,-93],[-23,-60],[-54,-53],[-43,-22],[-29,-63],[-6,-79],[-22,-48],[-33,-21],[-6,-74],[14,-25],[-34,-74],[10,-37],[-47,-102],[-56,-59],[-76,-133],[-35,-85],[-7,-61],[31,-90],[-4,-32],[38,-20],[-2,-52],[-25,-77],[15,-81],[54,-65],[10,-100],[66,-161],[13,-59],[37,-64],[51,-54],[3,-134],[-82,-41],[-46,-11],[-73,-59],[-33,-76],[-106,-40],[-58,-49],[-103,-35],[-46,-93],[-64,-49]],[[31156,16095],[-20,-62],[-51,-98],[-2,-39],[33,-79],[-1,-82],[78,-3],[50,-19],[17,-32],[-31,-65],[25,-25],[78,11],[51,46],[128,82],[120,-3],[140,-43],[-30,-117],[8,-56],[-13,-84],[-44,-103],[31,8],[52,-18],[44,8],[5,31],[65,20],[19,48],[55,31],[32,-34],[104,4],[96,-5],[121,-63],[38,-2],[65,-37],[90,74],[19,-7]],[[32528,15382],[15,-70],[26,-48],[45,-40],[115,-43],[-11,-26],[-58,-21],[-30,-49],[-17,-64]],[[32613,15021],[-11,-44],[-62,-42],[-97,69],[-44,64],[-37,27],[-122,-1],[-20,-74],[-33,-83],[5,-42],[50,-47],[66,-103],[12,-43],[-25,-73],[-38,-52],[1,-84],[-66,-77],[-19,-6],[-78,45],[-42,-14],[-41,-43],[-47,-8],[-49,57],[-52,23],[-59,-9],[-117,19],[5,-37],[-14,-103],[-17,-33],[-55,-31],[11,-35],[-24,-80],[-67,-11],[-57,18]],[[31470,14168],[-42,9],[-73,-25],[-48,-55],[-56,-4],[-67,-46],[-34,-56],[15,-63],[-47,-18],[-80,52],[-52,-18],[1,-44],[66,-159],[-3,-46],[-72,-98],[-40,-111],[-40,-47],[-39,-117],[-42,-39],[51,-90],[51,-163],[2,-40],[-20,-68],[-74,-54],[-48,40],[-49,-50],[-91,0],[-40,-25],[-52,-5],[-29,-28],[41,-105],[-23,-34],[-34,-4]],[[33267,17140],[-71,45],[-74,7],[-49,-20],[-90,-63],[-100,-121],[-14,-108],[-20,-26],[-95,-1],[-54,9],[-31,-64],[60,-45],[8,-24],[-31,-59],[23,-77],[-12,-34],[-60,-43],[-23,-94],[-53,-41],[-30,3],[-56,44],[-30,-25],[-10,-134],[-72,-49],[5,-80],[-35,-71],[-11,-51],[22,-31],[18,-63],[70,-46],[114,-34],[22,-34],[8,-57],[-33,-159],[40,-21],[-1,-33],[-65,-18],[-40,-89],[31,-51]],[[34343,15064],[-40,-14],[-18,66],[-44,102],[-32,32],[-40,-38],[-55,-88],[13,-48],[1,-83],[21,-51],[-42,-52],[-94,-17],[-35,-32],[16,-41],[-15,-38],[-88,37],[-25,-59],[-48,-11],[-94,53],[-44,6],[-52,-24],[-30,-41],[-34,-9],[-42,16],[-72,6],[-58,-37],[-70,47],[-39,56],[-10,49],[-48,23],[-86,-26],[-21,28],[-8,107],[-93,116],[-55,-3],[-57,-79],[-25,-8],[-66,34],[-48,12],[-74,-38],[-79,4]],[[33206,13761],[-101,13],[-70,39],[-36,32],[-42,-1],[-46,62],[-20,60],[-91,55],[-7,31],[-48,36],[-75,35],[11,-50],[-50,-73],[-37,-5],[-9,-48],[-66,-14],[-46,-39],[-45,1],[-59,-74],[-30,-16],[-34,-65],[-54,25],[-177,-275],[-43,-104],[-26,109],[-27,69],[-43,52],[-69,42],[-166,56],[-112,60],[-61,79],[-24,94],[0,49],[-29,88],[-4,84]],[[24989,16466],[190,-593]],[[25179,15873],[67,-208],[64,-211],[7,-55],[-4,-86],[4,-220],[-3,-205],[17,-90],[18,-35],[75,-83]],[[25424,14680],[-52,-45],[-130,-57],[-96,-51],[-142,-40],[-71,-56],[-87,-17],[-24,-47],[-27,-8],[-25,50],[-148,11]],[[24622,14420],[-88,263],[-36,70],[-115,88],[-22,34],[-9,61],[-82,126],[-58,140],[-40,43]],[[24172,15245],[34,100],[0,62],[52,59],[-13,33],[32,55],[42,15],[69,77],[33,58],[120,49],[63,60],[32,50],[4,35],[-16,74],[-42,104],[7,73],[53,121],[-20,67],[-59,65],[8,28],[46,34],[26,79],[39,70]],[[24682,16613],[260,8]],[[24942,16621],[47,-155]],[[24401,17790],[62,-70],[105,-214],[118,-221],[154,-413],[102,-251]],[[24682,16613],[-64,-18],[-82,13],[-66,-1],[-101,-45],[-37,-30],[-51,-78],[-91,-28],[-44,-24],[-342,278]],[[23804,16680],[31,62],[5,39],[44,66],[37,96],[29,48],[-106,11],[-45,25],[-64,-12],[-24,-31],[-97,-85],[-37,-77],[-50,-26],[-77,-63],[-48,53],[-108,82],[-8,33],[6,93],[-66,47],[-61,124],[1,57]],[[25639,16751],[-238,-39],[-335,-64],[-48,-76],[-9,-82],[-20,-24]],[[26421,15425],[-52,-33]],[[26369,15392],[-38,-25],[-60,56],[-57,8],[6,37],[-46,49],[-51,-11],[-66,64],[-63,13],[-210,116],[-28,-11],[-69,16],[-20,48],[6,62],[-44,23],[-52,-92],[-180,107],[-39,-22],[-52,31],[-95,19],[-32,-7]],[[26369,15392],[24,-31],[-55,-120],[32,-37],[-92,-23],[-24,-27],[-13,-246],[14,-47],[-80,-108],[15,-14],[-58,-69],[-30,7],[3,-73],[22,-43],[63,-19],[-23,-37],[-211,-18],[-122,36],[-51,-16],[-19,-38],[-74,-64]],[[25690,14405],[-266,275]],[[26798,13491],[39,93],[-77,25],[12,86],[-79,76],[-48,24],[-67,7],[-46,-11],[5,-79],[-104,-4],[-131,-27],[-33,16],[-53,58],[-28,-41],[-34,10],[-34,-91]],[[26120,13633],[-46,206],[-19,44],[-365,522]],[[26120,13633],[18,-74],[-147,-54],[-42,-36],[-10,-52],[-53,-52],[4,-53],[-54,-12],[-45,21],[-113,-19],[-42,-16],[-12,112],[-36,49],[-41,-5],[-73,-78],[-71,-63],[-46,-81],[-108,53],[-64,19],[-73,4],[-125,-9],[-99,31],[-65,42],[-56,57],[-105,-32]],[[24662,13385],[-25,101],[-27,70],[-42,70],[20,107],[14,118],[19,4],[-25,89],[63,208],[8,54],[-33,134],[-12,80]],[[28146,13033],[-115,-71],[-110,-84],[-137,-116],[-229,-167],[-64,-36],[-102,-42],[-99,-11],[-20,23],[-114,72],[-47,10],[-55,-9],[-326,-134],[-271,-138],[-193,-122],[-205,-105],[-85,-30],[-84,-45],[-82,-61],[-132,-37],[-76,-2],[-219,65],[-85,35],[-34,4],[-211,-9],[-371,-172]],[[24680,11851],[-132,-70],[-127,-85],[-91,-47],[-34,-4]],[[24296,11645],[5,83],[-9,207],[8,163],[10,85],[32,65],[-28,16],[-8,38],[-158,54],[50,48],[-7,94],[5,105],[27,57],[43,49],[40,20],[29,64],[-5,47],[23,274],[33,155],[53,65],[61,36],[117,6],[45,9]],[[29464,11604],[-97,-126],[-154,-66],[-164,-47],[-300,-14],[-94,2],[-160,-22],[-84,-33],[-141,-99],[-52,-10],[-71,5],[-82,25],[-47,-10],[-87,-99],[-152,-89],[-87,-10],[-106,23],[-93,-5],[-147,-73],[-115,-24],[-200,-4],[-92,-20],[-101,-40],[-76,-18],[-328,5],[-123,17],[-154,0],[-180,38],[-119,20],[-118,29],[-212,83],[-92,32],[-218,87],[-169,93],[-111,105],[-164,238],[-94,254]],[[22908,11490],[825,-11],[88,124],[53,89],[73,22],[89,-12],[111,-33],[149,-24]],[[31229,10550],[-53,-55],[-123,-57],[-13,42],[-50,-38],[-109,-53],[-56,-42],[-82,-103],[-67,-63],[-74,-46],[-124,-31],[-69,-7],[-99,24],[5,50],[-30,8],[-96,-53],[-51,-69],[-2,-37],[37,-27],[0,-31],[-35,-18],[-27,44],[-225,-29],[27,-59],[91,37],[100,-84],[-39,-41],[23,-26],[-67,-65],[0,-41],[-31,-58],[0,-65],[-28,-55],[-44,-34],[47,-34],[34,43],[74,41],[32,-5],[9,-66],[32,-36],[-70,-91],[-59,-133],[-40,-33],[-22,-56],[-27,-23],[-134,-29],[-79,-34],[-67,13],[-47,-18],[-9,-35],[-70,-35],[-43,-48],[-42,-112],[-41,-35],[2,-39],[-22,-54],[-36,-10],[-15,-85],[-30,-37],[0,-55],[44,-22],[9,-30],[-60,-10],[-23,32],[-49,25],[-97,96],[-46,64],[-17,-2],[-39,-69],[-17,-60],[-30,-22],[64,-42],[-29,-74],[-6,-83],[-17,-60],[-41,-30],[-24,-65],[-58,-16],[-35,-40],[-47,-22],[-18,-51],[-36,-27],[-20,-80],[-40,-26],[-90,-27],[-43,-68],[-35,-34],[-44,-87],[-62,-69],[-61,7],[-6,25],[36,48],[-84,19],[-61,-35],[-42,-47],[-68,-119],[-82,-74],[-28,-82],[5,-52],[-4,-104],[-64,-94],[-60,-56],[-34,-81],[-42,-38],[-49,-21],[-49,6],[-97,-93],[-52,-13],[-47,15],[-31,-18],[-69,27],[-70,-7],[-95,2],[-54,-19],[-44,-44],[-22,0],[-77,38],[-83,-9],[-23,-14],[-46,-76],[-41,-17],[24,-70],[-29,-23],[-9,-55],[48,14],[22,-41],[-28,-29],[-62,-34],[-48,-6],[-39,-78],[-24,-21],[-79,-17],[-27,-20],[-45,0],[-77,-30],[-54,-57],[-13,-47],[-42,-14],[22,-54],[-32,-60],[-34,-27],[-68,-25],[-34,16],[-83,6],[-117,-103],[-41,-63],[30,-31],[-69,-80],[-50,-8],[-58,13],[12,-67],[-9,-58],[-32,-49],[-50,-27],[-16,-71],[-49,-6],[-12,-33],[16,-85],[-22,-56],[-50,0],[-94,-32],[-18,-15],[-12,-76],[-63,-106],[-40,-41],[-44,-13],[-13,33],[-98,-88],[-32,-82],[-6,-103],[-89,-53],[-37,19],[9,66],[-9,45],[56,50],[-40,15],[-5,75],[-81,42],[-7,-48],[-36,-115],[-31,-76],[-34,-31],[-80,-11],[-51,-33],[-48,-65],[-7,-33],[-36,-20],[-90,53],[-44,-34],[-53,-89],[-75,-31],[-28,-60],[-113,-22],[-30,-47],[-128,-21],[-65,-65],[-54,-37],[-30,9],[-12,43],[-67,35],[-87,-11],[-168,-60],[-28,-20],[-79,-14],[-44,-59],[-37,-20],[-100,-5]],[[21799,14126],[184,-44],[110,9],[47,-13],[66,36],[55,-18],[43,-100],[64,16],[106,-100],[30,3],[81,38],[38,-21],[55,9],[23,-40],[87,-44],[37,49],[35,-6],[35,-39],[58,-20],[86,-59],[83,55],[124,-9],[79,11],[41,20],[12,56],[50,73],[75,32],[64,56],[58,98],[-26,19],[-29,76],[-8,157],[25,72],[19,115]],[[23606,14613],[9,45],[28,27],[39,-3],[47,22],[55,45],[3,38],[52,114],[40,18],[43,60],[86,58],[54,19],[91,79],[31,55],[-12,55]],[[22607,16599],[87,-81],[67,-38],[55,-17],[280,-63],[55,-16],[101,-43],[77,-52],[54,-50],[45,-61],[182,-283]],[[23610,15895],[-47,-50],[-93,-26],[-121,-7],[-61,-16],[-145,-90],[-53,-11],[-72,-32],[-138,-34],[-24,-20],[-73,-103],[-45,-10],[-46,-33],[7,-44]],[[23804,16680],[-21,10],[-67,-89],[52,-108],[41,-43],[-22,-42],[61,-19],[-28,-64],[89,-10],[32,-24],[39,-57],[-78,-64],[-36,-56],[-65,-57],[-48,-105],[-97,-30],[-46,-27]],[[23606,14613],[-31,-7],[85,424]],[[23660,15030],[37,173],[25,156],[1,67],[-16,114],[-66,285],[-31,70]],[[23660,15030],[-76,40],[-31,46],[-68,-100],[-120,39],[-78,58],[-40,75],[-110,45],[-204,-21],[-73,31]],[[17493,18928],[-33,23],[-61,-53],[-30,17],[-44,-50],[-55,-2],[-78,-29],[-55,32],[-74,18],[-63,0],[-93,38],[-65,101],[-86,60],[-3,39],[94,40],[-30,97],[-35,25],[-43,54],[-8,106],[48,81],[-6,28]],[[16858,18247],[-24,29],[-92,-14],[-50,132],[-29,19],[6,145],[30,63],[0,98],[-45,119],[-95,-38],[-68,172],[19,54],[-170,-50],[-96,229],[-21,117],[-4,86]],[[16459,17952],[-61,25],[-44,-10],[-64,133],[-33,-17],[-51,20],[-45,95],[36,34],[-59,134],[-51,53],[4,37],[-56,21],[-46,-37],[-65,50],[-36,-35],[-23,85],[-82,-12],[-6,28],[-82,-9],[-96,-20],[-89,-66],[-14,4]],[[15496,18465],[12,38],[35,32],[43,73],[-78,54],[22,67],[31,22],[26,46],[14,97],[-23,65],[-37,36],[-58,110],[3,23],[96,123]],[[15582,19251],[39,41],[55,3]],[[16265,17679],[0,5],[-487,206]],[[15778,17890],[-57,21],[-587,249]],[[15134,18160],[59,9],[42,-28],[41,32],[55,20],[21,105],[21,37],[112,66],[11,64]],[[16212,17178],[-84,31],[-50,-58],[-14,-107],[-49,-40],[-34,-99],[-42,-38],[-80,13],[-86,143],[-49,131],[-30,28],[-65,194],[-82,31],[35,27],[66,160],[12,53],[-17,51],[7,122],[30,5],[98,65]],[[15921,16057],[-70,18],[-54,-36],[-91,-21],[-72,-32],[-66,-13],[-52,7],[-77,-34],[-36,-4],[-72,50],[-49,-17],[-22,14],[-58,-10],[-20,64],[-30,-1],[-41,51],[-25,82],[17,29],[-25,45],[-10,95],[16,32],[-68,50],[-42,4],[-43,37],[-111,-33],[-92,-48],[-35,-35],[-184,-25],[-79,-26],[-100,-50],[-38,-10],[-107,12]],[[14185,16252],[-63,60],[-42,19],[-6,35],[77,-10],[23,35],[-19,51],[18,129],[-63,51],[-45,69],[18,49],[45,26],[94,181],[56,34],[30,51],[-38,34],[-40,76],[5,48],[24,33],[67,-44],[36,25],[-2,45],[26,12],[1,91],[63,75],[184,127],[80,40],[16,71],[131,78],[14,44],[49,70],[51,40],[3,53],[-83,44],[-29,146],[105,36],[75,61],[2,-41],[34,-34],[52,-2]],[[14185,16252],[-63,-63],[-39,-105],[-32,-19],[-90,57],[-105,50],[-112,-9],[-77,-17]],[[13667,16146],[19,170],[59,149],[42,280],[23,77],[86,206],[-3,47],[43,106],[5,53],[-68,3],[-77,104],[-60,35],[-27,-80],[-13,-84],[-61,-77],[22,-79],[-52,-38],[-90,-21],[-24,105],[17,91],[-13,45],[69,48],[-57,40],[24,90],[34,39],[-23,23],[-77,4],[-12,30],[4,69],[-22,55],[137,-24],[42,-40],[35,18],[89,-45],[33,75],[99,-8],[21,40],[-74,78],[-6,36],[-58,27],[-56,46],[-87,105],[-17,46],[101,-73],[61,-21],[59,77],[40,-8],[-2,57],[15,32],[42,-5],[34,19],[10,39],[142,36],[33,-10],[50,74],[45,8],[44,42],[-19,28],[13,67],[38,55],[66,-8],[70,34],[42,-7],[-1,66],[74,28],[23,74]],[[14573,18594],[80,76],[33,18],[55,1],[77,25],[123,89],[156,69],[36,40],[63,136],[51,62],[121,35],[46,58],[168,48]],[[13667,16146],[-64,13],[-14,48],[-58,16],[-30,-26],[-121,-23],[-73,13],[-113,-39],[-25,11],[-28,133],[-79,82],[-74,7],[-64,49],[-73,32],[-28,30],[-48,107],[-61,55],[-40,-6],[-41,50],[-55,91],[-20,15]],[[12558,16804],[-86,26],[-97,-39],[-45,-59],[-200,33],[-95,-30],[-29,8],[-39,75],[-3,74],[-29,40],[-71,17],[-77,-6],[-77,35],[-93,22],[-62,57],[-58,-12],[-32,33],[-14,47],[-77,13],[-22,88],[-1,45],[25,48]],[[11376,17319],[27,59],[71,71],[4,51],[-25,64],[55,71],[36,67],[53,55],[89,47],[42,78],[4,39],[-27,83],[12,78],[34,58],[43,150],[-37,74],[7,15],[131,-9],[91,26],[38,33],[21,59],[147,-30],[43,14],[64,73],[91,46],[87,15],[68,37],[13,41],[56,60],[15,94],[84,6],[96,23],[49,-6],[35,-57],[32,-26]],[[12925,18778],[77,-18],[88,4],[87,-29],[66,-78],[18,7],[29,93],[29,63],[48,35],[81,107],[70,61],[85,43],[64,64],[38,24],[69,-11],[19,-41],[38,-185],[33,-75],[87,15],[90,1]],[[14041,18858],[30,-4],[94,-61],[21,-71],[69,-22],[102,-56],[36,-34],[20,-81],[15,-7],[111,38],[34,34]],[[16863,12593],[-101,79],[-49,17],[-99,11],[-56,-26],[-28,-38],[-29,1],[-55,45],[-94,-61],[-35,21],[-68,-6],[-68,-79],[-53,-48],[-138,-72],[-47,14],[-74,74],[-101,33],[-49,52],[-54,11],[-57,-13],[-63,4],[-18,-35],[-46,-30],[-41,24],[-48,-41],[-77,56],[-142,5],[-49,-30],[-45,-9],[-26,-29],[-9,-58],[-57,-38],[-35,-52],[-61,-60],[-47,-121],[-50,-89],[-25,-24],[-106,-46],[-111,18],[-89,81]],[[14463,12134],[10,43],[50,110],[-9,87],[-28,75],[27,118],[-14,153],[-22,80],[-38,52],[-71,33],[-18,95],[12,20],[92,30],[27,21],[-12,42],[-121,111],[-5,38],[-41,38],[-67,12],[-94,66],[-18,48],[-47,-3],[-50,48],[-32,-34],[-57,-125],[1,-35],[-36,-41],[-35,-85],[-66,41],[-35,3],[-85,52],[-179,24],[-72,60],[-29,91],[-65,131],[43,107],[34,47],[-32,17],[-62,-19],[-74,-51],[-29,-38],[-71,-14],[-15,-41],[-38,40],[6,65],[-15,70],[-56,-40],[-68,-32],[-56,29],[-24,175],[13,54],[-4,66],[25,56],[49,45],[-53,106],[-3,44],[22,23],[21,65],[-6,45],[-26,18],[-104,27],[-23,15],[-9,66],[-52,112],[-2,50]],[[12727,14640],[43,39],[49,65],[309,515],[40,57],[47,46],[88,61],[72,81],[81,154],[70,205],[103,173],[38,110]],[[14463,12134],[-44,-28],[-8,-57],[24,-58],[-18,-70],[-21,-18],[-76,-3],[-57,-40],[-26,-37],[14,-88],[-101,-172],[-92,-67],[-11,-118],[-46,-9],[-86,12],[-57,45],[-62,3],[-29,-22],[-29,-53],[8,-98],[-33,-62],[-54,-29],[-129,-47],[-28,-100],[-18,-15],[-66,4],[-7,80],[-52,97],[-75,47],[-52,9],[-51,-21],[-29,35],[10,67]],[[13162,11321],[-56,34],[-78,67],[-62,30],[-66,-1],[-30,21],[-24,82],[-58,77],[-76,-71],[-50,12],[-30,-52],[-46,-17],[-65,-2],[-97,-73],[-49,2],[-65,-36],[-61,11],[-68,-40],[-53,17],[-2,61],[-42,87],[-36,30],[-84,15],[-59,88],[-59,60],[-71,29],[-39,50],[-36,108],[-19,24],[-39,-12],[-17,-78],[10,-53],[72,-214],[-33,-27],[-25,18],[-105,133]],[[11544,11701],[13,36],[-7,52],[-89,208],[-18,64],[4,68],[31,79],[86,159],[103,132],[101,174],[161,252],[31,65],[35,169],[20,118],[68,340],[87,152],[50,155],[61,220],[37,154],[31,104],[39,58],[49,25],[54,9],[74,37],[83,67],[79,42]],[[11544,11701],[-59,73],[-12,37],[-10,117],[-168,33],[-139,47],[-154,59],[-121,11],[-47,17],[-30,44],[0,33],[-113,6],[-38,14],[-66,0]],[[10587,12192],[31,106],[52,6],[41,38],[20,65],[-9,80],[-34,62],[-22,98],[78,41],[56,98],[63,64],[50,96],[2,32],[-58,44],[-28,71],[4,43],[55,85],[5,51],[87,30],[11,29],[-118,128],[-12,30],[4,90],[-41,57],[-16,62],[-53,44],[-18,56],[2,46],[20,58],[48,98],[57,73],[61,26],[41,47],[52,20],[33,-8],[112,-73],[10,63]],[[11173,14148],[3,137],[52,51],[147,5],[86,34],[33,46],[69,62],[94,97],[28,15],[52,68],[102,156],[37,85],[44,42],[31,91],[-5,40],[56,237],[-12,36],[49,57],[20,63],[-31,113],[31,43],[3,93],[23,90],[39,87],[50,47],[-50,34],[12,114],[-11,26],[26,75],[89,83],[-17,59],[-38,3],[-20,60],[45,35],[41,66],[10,71],[67,98],[53,-4],[17,45],[67,66],[93,30]],[[13162,11321],[-54,-23],[-144,-1],[-58,-19],[-28,-27],[-27,-68],[-72,-141],[21,-105],[68,-71],[27,-45],[20,-86],[-45,-90],[-11,-118],[-34,-49],[-152,-23],[-9,-10],[-35,-140],[11,-47],[49,-55],[42,-130],[0,-63],[-21,-25],[-95,-29],[-25,-44],[-36,-95],[-107,-90],[-111,-25],[-20,-42],[-72,-8],[9,-61],[60,-5],[49,-27],[17,-82],[17,-26],[81,-13],[138,8],[52,-15],[18,-40],[62,-55],[39,-48],[20,-56],[36,-23],[84,-1],[16,-50],[57,-28],[13,-62],[84,-67],[32,-6],[22,-43],[26,-7],[55,46],[27,-29],[50,-1],[61,-18],[32,-27],[62,2],[26,21],[51,-2],[45,59],[37,-60],[100,-61],[31,8],[26,38],[34,12],[39,-46],[31,-1]],[[13883,8886],[109,35],[92,-108],[-41,-22],[-3,-76],[19,-50],[-28,-48],[20,-15],[-4,-49],[-24,-20],[-4,-61],[-55,-129],[-42,-53],[-12,-48],[-37,-39],[-10,-54],[-48,-39],[-1,-77],[-23,-65],[-62,-24],[-27,-55],[-46,-175],[-35,-77],[-29,-97],[-72,-39],[-90,34],[-61,-41],[-36,-97],[-27,-33],[-73,-50],[15,-112],[-9,-22],[-67,11],[-86,-11],[-53,46],[-45,7],[-63,-24],[-40,2],[-59,35],[-57,-34],[-17,-72],[-30,-29],[-69,-21],[-14,-61],[-132,-121],[1,-40],[27,-73],[-49,-101],[24,-60],[3,-98],[-7,-91],[-58,-59],[-10,-42],[1,-106],[-179,-108],[-54,-47],[-23,-83],[-26,-34],[-13,-53],[0,-109],[-43,-26],[-39,0],[-43,35],[-47,0],[-40,-41],[-52,-31],[-24,-79],[-43,-33],[-13,-104],[-34,-46],[-59,11],[-58,-26],[-59,41]],[[11590,5505],[-35,-47],[-1,-64],[-106,-57],[-51,139],[-58,59],[-52,4],[-40,-59],[-8,-65],[-117,-17],[-127,57],[-108,16],[-44,13],[-20,37],[-81,28],[-30,34],[-8,63],[-67,16],[-32,55],[-37,-1],[-55,22],[-65,-39],[-23,-37],[-65,-18],[-117,94],[-5,62],[-45,5],[-4,41],[-54,86],[0,60],[-20,30],[-48,24],[13,45],[-18,23],[42,92],[-33,26],[-26,132],[20,80],[1,45],[-22,25],[-115,23],[-31,70],[46,42],[-8,110],[-25,38],[-60,158],[-74,22],[-66,-7],[-30,-29],[-38,15],[-10,129]],[[9633,7085],[-67,118],[0,42],[-69,-9],[-38,25],[-52,12],[-41,54],[-45,13],[-40,30],[-41,103],[-67,36],[-56,-68],[-97,-7],[-135,-108],[-9,-32],[25,-39],[-34,-45],[-48,26],[0,-60],[-77,4],[-33,44],[-56,-42],[-21,17],[-8,56],[-116,-43],[-43,6],[11,36]],[[8476,7254],[25,16],[-12,45],[89,31],[28,33],[-15,94],[-18,31],[-38,20],[-35,45],[8,21],[-67,25],[-29,-1],[-36,47],[18,81],[-41,17],[6,47],[-41,71],[8,13],[-26,52],[6,45],[-47,64],[24,55],[-36,40],[-75,6],[-14,4],[-67,58],[-21,32],[12,75],[-14,35],[-76,-28],[-74,33],[-152,195],[-50,49],[-15,71],[-2,60],[-44,-38],[-95,36],[-65,89],[-79,34],[-57,72],[-42,28],[-28,41],[-62,38],[-40,52],[-15,41],[-41,31],[-62,-8],[-39,36],[-3,55]],[[7027,9243],[55,34],[17,69],[46,-10],[11,47],[34,42],[-14,21],[70,25],[17,148],[41,54],[37,23],[45,2],[49,-41],[60,13],[34,48],[55,-13],[-20,89],[20,97],[77,8],[-7,32],[-56,69],[41,143],[-31,17],[-56,93],[-83,40],[65,49],[-21,63],[-39,49],[39,64],[34,30],[15,40],[39,11],[72,-37],[83,17],[105,-42],[60,44],[56,16],[129,66],[54,-22],[43,4],[80,50],[83,12],[46,29],[36,60],[24,14],[58,-3],[26,17],[127,21],[2,79],[35,89],[58,55],[-41,88],[-37,23],[-86,-20],[-27,8]],[[8587,11167],[12,52],[79,83],[73,15],[45,-12],[101,100],[11,24],[-3,125],[32,41],[0,38],[-50,43],[-47,90],[11,114],[42,41],[93,63],[93,100],[78,17],[58,-13],[29,12],[10,60],[69,65],[79,47],[52,-3],[15,-60],[100,-149],[-24,-71],[-62,-68],[5,-44],[111,-63],[67,-51],[56,-57],[34,-62],[20,-108],[29,-12],[71,10],[36,30],[81,-20],[40,-33],[46,1],[76,68],[38,114],[-4,43],[57,42],[89,-22],[73,3],[86,43],[31,56],[-7,73],[-21,49],[18,82],[26,74],[46,55]],[[17058,10387],[-39,-30],[-448,-521],[-294,-347],[21,-61],[-29,-80],[-87,-72],[-40,-23],[-15,-105],[-50,-91],[-124,-79],[-127,39],[-45,23],[-72,10],[-81,-29],[2,-75],[13,-44],[-14,-86]],[[15629,8816],[-69,-4],[-147,-81],[-19,-42],[-71,-52],[-35,40],[-45,-25],[-78,33],[-44,-8],[-67,42],[-61,-57],[-98,-18],[-29,-54],[14,-129],[-47,-77],[-79,-55],[-26,-79],[-92,124],[-20,90],[-35,48],[-48,42],[-1,53],[-27,52],[3,45],[-28,93],[32,136],[-20,36],[-84,35],[-116,-31],[-95,13],[-113,63],[-34,47],[-39,-28],[-17,-47],[-34,-4],[-14,-48],[-33,-17],[-30,-66]],[[15689,7526],[-13,3],[-15,1],[-5,3],[-16,63],[-40,38],[-11,55],[-31,-1],[-41,55],[-16,42],[5,162],[36,69],[-8,20],[38,49],[-94,142],[-20,14],[15,76],[42,60],[2,92],[108,39],[5,74],[26,48],[-18,87],[-9,99]],[[15562,6095],[-33,31],[-53,6],[-114,-79],[-47,-66],[-85,-87],[-20,-78],[-59,-59],[-90,-38],[-50,53],[-71,-81],[-47,-72],[-31,-21],[-69,-8],[-23,-45],[-74,-39],[-51,12],[-92,-7],[-45,-58],[-38,-6],[-37,41],[-44,-16],[-19,-77],[-26,-31],[-40,-10],[-34,114],[-37,4],[-68,-49],[-95,3],[-10,-63],[-34,-39],[-88,5],[-58,21],[-21,-65],[-29,0],[-41,53],[-33,-30],[-45,-4],[-31,27],[-17,78],[-21,41],[-50,-23],[-67,21],[-22,81],[-39,10],[-109,-26],[-74,-63],[-35,-18],[-54,14],[-37,39],[-15,45],[-10,99],[-29,55],[-53,42],[-81,11],[-41,17],[-62,2],[-100,-71],[-77,-27],[-24,-22],[-41,-88],[-63,-30],[-79,39],[-38,-18],[-25,-58],[-61,-48],[-22,-82],[-31,-19],[-104,-21],[-67,4],[-25,-24],[-13,-57],[-144,33],[-20,-18],[-2,-57],[-55,17],[-44,91],[-35,96],[-40,38],[-70,-26],[-66,39],[-28,52]],[[9633,7085],[-24,-34],[10,-45],[-68,-181],[-41,-23],[-92,-118],[-31,-23],[-3,-36],[-46,-38],[16,-53],[49,-28],[12,-42],[-26,-93],[-10,-106],[-42,-56],[-10,-170],[32,-47],[-8,-85],[72,-297],[34,-37],[106,1],[31,-36],[22,-64],[78,-96],[-62,-115],[-74,-62],[-52,-78],[7,-126],[-114,-60],[2,-16],[-58,-49],[-116,-68],[-101,-10],[-67,-22],[-10,-18],[-70,-16],[-62,-39],[-73,-23],[-56,56],[-88,-14],[-55,-36],[-4,-40],[-33,-54],[-1,-39],[-25,-35],[1,-42],[-34,-114],[7,-74],[-43,-74],[-37,-5],[-19,-46],[-65,-17],[-8,-41],[-63,11],[-31,-27],[-40,-129],[12,-48],[-58,-48],[-46,5],[-73,-57],[-1,-73],[-53,-21],[-42,14],[-84,-55],[-14,-41],[-71,-153],[-5,-50],[-56,-103],[-46,-42],[-74,-38],[-35,10],[-48,86],[-55,-6],[-132,24],[22,84],[-21,30],[-45,120],[-43,36],[-24,54],[-40,48],[-55,19],[-49,0],[-59,53],[-21,65],[-60,54],[-78,-16],[-22,-30],[-55,-6],[-8,-57],[-185,-131],[-55,11],[-35,47],[-6,81],[-33,18],[-63,-17],[-102,112],[-59,-32],[-18,22],[-4,56],[-68,-24],[-37,-50],[-82,-61],[-74,11],[-35,54],[-49,16],[-18,-39],[-54,15],[-38,62],[-120,108],[-77,-31],[-29,24],[-16,66],[10,89],[-44,3],[36,91],[-6,70],[-51,103],[-30,-20],[-63,-12],[3,-75],[-74,-32],[-129,8],[-67,-5],[-103,-87],[-69,-10],[-106,-41],[-110,-29],[-45,-49],[13,-32],[75,-34],[29,-55],[12,-88],[29,-65],[72,-72],[54,-140],[44,-225],[34,-218],[13,-171],[-25,-126],[-82,-143],[-47,-55],[-45,-10],[-160,-17],[-57,-17],[-38,-38],[-19,-48],[-63,-208],[-6,-82]],[[4539,2292],[-69,7],[-27,32],[0,60],[-17,41],[-53,29],[-58,-4],[-47,21],[13,84],[-37,60],[15,56],[-9,39],[38,39],[14,41],[-78,47],[-86,-3],[-61,16],[-37,79],[-50,9],[-27,41],[-283,-126],[-51,26],[-33,-8],[-74,-65],[-71,12],[-65,46],[-60,-13],[-48,-33],[25,-57],[49,-50],[12,-71],[5,-168],[-5,-92],[-29,-22],[-121,1],[-117,-41],[-53,8],[-40,-48],[-113,-54],[-129,-103],[-77,-3],[-26,37],[-54,20],[-25,60],[-61,7],[-108,-20],[-107,65],[-44,-17],[-94,126],[-10,58],[-62,4],[-101,-13],[-66,88],[-66,5],[-33,39],[-29,4],[-56,-23],[-41,34],[-67,-11],[-39,31],[-63,15],[-98,-63],[-102,0],[-56,19],[-92,-12],[-70,41],[-51,43],[-77,30],[-38,-42],[-41,9],[-44,-32],[-58,-9],[-29,36],[-13,58],[-53,49],[-53,-1],[-25,30],[-49,17],[2,-43],[-91,-53],[-71,-51],[-94,38],[-25,65],[2,30],[43,35],[92,51],[17,65],[66,108],[84,40],[110,-25],[51,35],[-1,27],[-55,56],[2,64],[-46,60],[-41,98],[-82,65],[39,88],[-14,95],[-32,31],[-3,42],[40,42],[-13,26],[-54,-5],[-39,-49],[-28,12],[0,84],[-29,36],[-56,26],[-78,-19],[27,75],[29,38],[-40,48],[-40,-11],[-54,-81],[-34,-18],[-47,29],[-33,58],[29,74],[-32,79],[-79,32],[-6,24],[114,158],[87,60],[76,27],[48,-7],[125,8],[52,22],[0,77],[30,47],[22,84],[-93,-8],[-34,18],[-30,162],[-32,24],[-24,-44],[-47,26],[-33,100],[5,120],[17,42],[-6,48],[45,45],[2,84],[66,-9],[57,-67],[105,-61],[61,43],[93,28],[53,29],[7,57],[-25,109],[-2,49],[-73,31],[-18,38],[-12,179],[31,25],[64,-31],[25,-60],[41,-36],[61,-4],[84,52],[39,0],[33,-46],[24,-117],[49,-52],[10,-64],[35,-34],[42,14],[6,61],[-33,54],[16,51],[88,34],[26,20],[42,-15],[63,-66],[88,-39],[215,1],[84,23],[38,-7],[36,-64],[50,7],[41,70]],[[1934,5524],[66,20],[43,-39],[56,-84],[88,-33],[91,37],[34,56],[75,8],[41,-71],[33,-79],[96,-38],[137,30],[182,71],[33,47],[-20,70],[-45,19],[50,42],[68,28],[67,-23],[95,-47],[81,76],[63,8],[34,-46],[74,-8],[26,41],[13,83],[210,211],[-5,33],[-36,8],[9,95],[-28,55],[-6,60],[44,48],[-21,37],[12,49],[-8,50],[34,83],[17,16],[-16,68],[-65,77],[20,43],[69,52],[24,43],[41,13],[36,-55],[141,-31],[77,41],[87,-3],[75,-53],[57,-23],[100,-61],[58,-18],[33,-28],[19,-60],[60,-58],[13,-100],[25,-32],[85,-45],[91,-18],[43,14],[112,-34],[64,15],[27,34],[148,11],[38,-12],[37,-62],[106,8],[39,59],[53,-97],[35,-14],[53,42],[34,92],[64,22],[12,32],[159,57],[59,31],[56,8],[59,46],[74,14],[65,50],[-9,87],[45,45],[92,-55],[161,40],[70,-9],[170,-77],[159,2],[-50,51],[45,24],[103,-33],[10,37],[41,47],[7,66],[28,16],[56,-10],[9,40],[49,27],[1,85],[47,45],[124,-3],[82,-69],[96,-99],[83,-22],[25,-34],[64,43],[120,-72],[70,24],[7,40],[30,38],[59,35],[108,45],[27,0],[88,89],[21,44],[-8,59],[40,62],[17,63],[-6,56],[32,33],[59,-17],[28,25],[43,-36],[70,2],[31,36],[39,4],[89,-25]],[[15710,5345],[7,-52],[-37,-25],[-41,-5],[-189,10],[-79,-37],[-65,-119],[-116,55],[-83,-94],[-187,-86],[-52,-4],[-59,-31],[-3,-51],[39,-30],[15,-54],[44,-38],[58,-1],[39,-66],[49,-36],[29,-57],[-30,-45],[-72,-18],[-25,-68],[-37,52],[-122,-5],[-102,33],[-72,4],[-109,-61],[-42,-38],[-37,-144],[-51,-22],[-168,-6],[-88,-76],[-44,-26],[-16,-52],[-90,-158],[-52,-18],[-51,-43],[-20,-49],[-35,-37],[-51,36],[-47,-53],[-114,5],[-61,-17],[-23,-75],[-96,-74],[-38,-57],[-52,-47],[-104,25],[-87,12],[-44,28],[-59,-27],[-185,-165],[-66,0],[-38,-35],[-22,-53],[11,-80],[-9,-104],[39,-39],[19,-51],[5,-72],[95,-61],[14,-67],[41,-43],[17,-60],[41,-47],[39,-79],[47,-6],[33,52],[19,68],[60,23],[47,-38],[26,-53],[-60,-77],[32,-107],[-7,-82],[16,-69],[46,-43],[-22,-63],[-118,-78],[-52,-45],[3,-88],[57,-19],[97,2],[67,-113],[-24,-69],[-60,-4],[-42,-46],[-38,-81],[-58,42],[-54,8],[-48,-61],[-59,15],[-100,-4],[-43,23],[-59,2],[-105,-46],[2,-59],[25,-56],[-33,-63],[-189,-110],[-39,-40],[-67,-90],[-13,-77],[69,-25],[90,31],[41,-35],[-43,-78],[-50,2],[-63,-50],[-27,-58],[-45,-26],[-84,23],[-68,-18],[-33,-38],[-42,-77],[-19,-78],[-123,42],[-62,4],[-72,-26],[-60,27],[-13,66],[-40,67],[-60,15],[-67,-29],[-70,-42],[-69,-23],[-47,18],[-43,44],[-67,32],[-80,-19],[-40,-44],[-117,-40],[-60,-44],[-82,21],[-52,46],[-40,52],[-50,145],[12,56],[-22,75],[-47,34],[-33,63],[-69,-15],[-88,-50],[-65,-61],[85,-102],[-32,-53],[-127,-23],[-81,0],[-17,-62],[5,-67],[-104,46],[-65,2],[-39,-76],[-61,-39],[-39,58],[-108,-46],[-77,0],[-81,-44],[-89,7],[-30,54],[-45,52],[-64,-21],[-45,-41],[-15,-61],[27,-51],[99,-45],[-84,-99],[-9,-102],[24,-61],[61,9],[52,-30],[10,-50],[-43,-89],[-48,-23],[-100,-15],[-25,-53],[-61,-45],[-47,-5],[-60,26],[-131,-61],[-73,-72],[-69,31],[-33,52],[-33,117],[-61,59],[-48,14],[-58,-2],[-42,-20],[-90,-19],[-65,11],[-98,83],[-77,160],[-29,29],[-47,2],[-34,-21],[-29,-46],[-110,-112],[-50,-86],[-21,-62],[-92,-177],[-38,0],[-75,43],[-47,62],[-45,40],[-109,45],[-56,88],[-49,28],[-39,-26],[-33,-50],[-50,30],[-41,98],[-69,57],[-25,-9],[-100,63],[-39,53],[-8,55],[12,64],[39,74],[-1,49],[-22,66],[-1,56],[-27,36],[-82,-10],[-17,10],[-43,117],[-38,194],[-91,170],[-90,23],[-45,32],[-11,47],[-59,17],[-25,137],[-18,22],[-88,-16],[-93,-48],[-34,7],[-10,101],[18,52],[2,103],[-17,60],[-51,51],[-46,86],[-68,61],[-60,26],[-73,87],[-81,52],[-56,-26],[-44,-90],[-123,-186],[-41,-28],[-64,-23],[-18,-39],[41,-59],[-23,-104],[-52,-48],[-104,-65],[-119,59],[-113,5],[-117,70],[-61,10],[-59,24],[-128,85],[-107,33],[-91,58],[-109,-16],[-32,52],[8,99],[-11,165]],[[1934,5524],[22,74],[0,133],[20,126],[15,29],[68,73],[7,43],[-23,44],[24,35],[83,3],[148,141],[48,125],[84,70],[58,-2],[44,13],[50,54],[2,50],[-15,58],[98,109],[56,29],[30,94],[-61,-5],[-47,27],[3,33],[-39,14],[-83,-5],[-14,20],[58,45],[62,-6],[79,20],[45,53],[21,49],[50,53],[47,79],[-18,79],[12,42],[-37,20],[-38,-5],[-30,43],[-75,9],[54,42],[48,14],[-8,103],[17,20],[82,19],[29,62],[32,6],[-2,43],[-58,34],[20,63],[39,47],[52,36],[51,5],[41,-23],[49,42],[39,52],[27,74],[-30,23],[-59,-33],[-34,7],[-30,42],[-89,11],[29,37],[-10,43],[45,88],[10,51],[38,46],[-14,22],[5,60],[34,65],[-19,50],[25,90],[65,21],[55,1],[27,-22],[27,33],[-19,38],[2,44],[73,36],[12,66],[-37,70],[43,38],[16,42],[37,23],[28,-9],[28,31],[71,43],[23,51],[-40,22],[42,63],[-12,18],[39,127],[-37,26],[21,64],[35,32],[57,9],[35,-45],[3,-70],[47,-20],[62,48],[33,-8],[24,-79],[29,-48],[46,-26],[3,-79],[23,-24],[116,-4],[47,-12],[43,68],[83,-16],[122,67],[38,8],[56,-55],[79,-12],[54,34],[70,-16],[40,38],[42,5],[129,57],[43,2],[92,23],[44,38],[51,-24],[89,3],[44,13],[67,64],[37,-2],[108,-62],[66,-13],[53,7],[9,22],[-25,57],[-15,91],[11,54],[36,7],[52,-35],[29,-74],[68,-15],[32,-46],[51,-39],[47,-16],[27,14],[13,43],[29,12],[30,-76],[23,-19],[91,-16],[71,7],[58,25],[38,79],[49,36],[79,25],[31,22],[56,1],[-32,45],[8,41],[38,28],[64,-43],[18,14],[-68,60],[75,20],[64,-7],[45,24],[5,-37],[44,-48],[50,-17],[-26,-98],[89,-73],[45,-80],[86,-34],[6,-57],[51,-12]],[[11496,24353],[30,-37],[48,-29],[55,-4],[98,9],[74,26],[82,-3],[72,-31],[93,-7],[59,20],[15,55],[98,152],[-18,51],[135,40],[111,-8],[62,5],[5,37],[-19,100],[25,73],[1,189],[79,24],[37,50],[67,16],[57,-4],[58,21],[62,57],[24,-66],[1,-52],[-27,-116],[13,-88],[50,-70]],[[12943,24763],[20,-20],[98,-180],[53,-78],[99,-85],[65,-27],[65,-65],[19,-38],[15,-89],[-5,-45],[14,-62],[33,-60],[43,-35],[116,-72]],[[13578,23907],[30,-70],[20,-144],[58,-76],[65,-66],[91,-61],[84,-16],[509,-11],[39,5]],[[14474,23468],[-111,-136],[-27,-5],[-111,-74]],[[14225,23253],[-84,-19],[-223,-11]],[[13918,23223],[-46,43],[46,37],[-5,47],[-38,40],[-101,-22],[-122,-62],[-76,-6],[-57,17],[-68,48],[-17,-8],[-48,98],[-24,33],[-46,24],[-80,-20],[-93,-92],[-114,-23],[-139,-3],[-381,61]],[[12509,23435],[-39,47],[-38,-15],[-160,150],[-22,12],[-159,-2],[-288,-89]],[[11803,23538],[-20,48],[27,39],[-53,31],[-78,26],[-30,60],[194,62],[59,11],[9,71],[-57,73],[-35,16],[-46,55],[-87,68],[-85,19],[-94,5],[-15,21],[6,99],[-2,111]],[[15998,25132],[-11,-96],[42,-122],[-17,-34],[-50,-19],[-33,-35],[-18,-89],[14,-53],[39,-24],[25,-50],[-25,-45],[-47,1],[-107,-52],[-49,-117]],[[15761,24397],[7,-61],[-22,-23],[-37,-101],[-75,-57],[-25,-54],[-32,-20],[-60,-77],[-21,-74],[15,-87],[36,-22],[34,-85],[21,-14],[53,-79],[7,-49],[-16,-100]],[[15646,23494],[-71,41],[-30,-15],[-15,-42],[-223,33],[-31,122],[-27,67],[-22,148],[49,148],[-79,-5],[-112,23],[-271,45],[10,32],[-27,68],[-52,46],[-151,35],[-176,47],[-109,-19],[-121,-13],[35,-257],[-61,-17],[-74,-4],[-24,203],[-33,-35],[-141,-15],[-28,-121],[-110,13],[-114,-45],[-60,-70]],[[12943,24763],[57,10],[109,48],[71,17],[71,39],[70,-31],[5,-37],[61,-16],[46,-72],[86,-7],[49,-70],[165,-17],[86,-25],[104,-1],[40,33],[55,23],[58,71],[62,-37],[40,-44],[41,32],[55,3],[74,-42],[36,8],[37,-22],[38,33],[72,-16],[67,-71],[45,5],[33,42],[47,30],[107,19],[31,20],[53,-24],[33,31],[81,28],[36,3],[41,-28],[56,45],[55,-74],[112,-21],[59,-47],[11,-73],[47,-6],[10,49],[43,8],[64,-45],[98,37],[50,105],[-8,64],[25,82],[-15,35],[16,84],[47,68],[108,41],[43,59],[27,66]],[[15646,23494],[-31,-35]],[[15615,23459],[-30,-60],[-123,-65],[-121,-127],[-35,-71],[-13,-51],[6,-45]],[[15299,23040],[-25,12],[-25,-38],[-57,-24],[-52,7],[-34,31],[-18,62],[-27,39],[-184,60],[-100,94],[-59,43],[-3,62],[-107,64],[-58,15],[-76,1]],[[13918,23223],[-68,-6],[-68,-80],[-32,-66],[-73,-36],[-52,-72],[-53,24],[-35,-44],[0,-97],[82,-55]],[[13619,22791],[-70,-55],[-78,31],[-42,-73],[-38,21],[-121,-8],[-32,-13],[-92,-122],[-112,14],[-64,-36],[-121,47]],[[12849,22597],[-130,69],[-54,111],[-20,67],[-31,37],[-51,21],[-66,75],[-36,21],[-65,63],[30,34],[35,102]],[[12461,23197],[37,216],[11,22]],[[13619,22791],[14,-50],[-8,-54],[-89,-60],[8,-42],[54,-75],[-42,-57],[26,-38],[18,-73],[-40,-5],[-31,-112],[30,-6],[-10,-57],[-30,-16],[27,-43],[7,-82]],[[13553,22021],[54,-3]],[[13607,22018],[-27,-20],[-134,-45],[-62,-43],[-19,-33],[-58,-17],[-58,0],[-108,-78],[-62,4],[-56,36],[-31,43],[-35,-11],[-133,-104],[-32,-56],[-103,-13],[-47,-22],[-45,5],[-69,36],[-30,36]],[[12498,21736],[16,9],[45,110],[93,46],[33,56],[-12,134],[3,74],[103,52],[53,114],[5,45],[-22,58],[3,45],[31,118]],[[12498,21736],[-66,59],[-11,100],[33,103],[-23,31],[7,43],[-24,57],[-61,79],[-51,22],[-25,58],[23,81],[49,101],[24,15],[16,105],[-10,49],[-56,78],[-30,116]],[[12293,22833],[-56,56]],[[12237,22889],[11,94],[39,105],[82,108],[22,14],[70,-13]],[[12237,22889],[-53,-27],[-114,42],[-71,73],[-57,113],[-21,7],[-67,-37],[-69,10],[-57,-68],[-70,3],[-109,59],[-47,67],[0,79],[-32,92],[2,88],[-89,0]],[[11383,23390],[104,46],[316,102]],[[11383,23390],[-124,-70],[-47,5],[-50,43],[-33,-53],[-49,-13],[-123,49],[-49,9]],[[10908,23360],[-123,17],[-115,60],[-93,66],[-147,95],[-81,-2],[-14,12],[-48,109],[-16,6],[-75,-30],[-60,36],[-107,-14],[-9,-27],[-60,29],[-43,7],[-51,45],[-92,16],[-58,77],[-58,56],[-56,36],[-60,22]],[[9542,23976],[-31,15],[2,76],[38,73],[38,5],[-7,39],[88,49],[49,8],[107,45],[24,47],[36,31],[-30,73],[26,16],[6,54],[26,29],[37,-26],[28,41],[4,53],[194,-58],[45,13],[96,-57],[17,-60],[26,-6],[30,52],[39,26],[83,-14],[45,-40],[77,-26],[50,31],[34,-6],[56,17],[62,-12],[38,-48],[65,15],[131,-37],[55,4],[82,27],[87,42],[71,-37],[97,-6],[22,-14],[11,-57]],[[14225,23253],[-11,-60],[117,2],[-34,-133],[-15,-17],[-5,-106],[-15,-33],[49,-20],[-28,-63],[38,-18],[46,-61],[76,-21],[5,-40],[62,-42],[84,20],[-38,-69],[-2,-106],[15,-48],[70,-384],[30,-83],[-67,-160],[6,-71]],[[14608,21740],[-9,-61],[-113,13],[-39,40],[-66,32],[-93,9],[-36,16]],[[14252,21789],[-122,124],[-32,66],[-62,43],[-38,-1],[-141,19],[-78,25],[-125,1],[-101,-45]],[[15299,23040],[7,-42],[-11,-68]],[[15295,22930],[39,-70],[-1,-146],[-31,-83],[-5,-146],[6,-231],[-18,-107],[-106,-71],[-32,-73],[27,-72]],[[15174,21931],[-8,-22]],[[15166,21909],[-72,14],[-78,-12],[-93,-97],[-110,-58],[-174,4],[-31,-20]],[[15166,21909],[-40,-62],[31,-76],[17,-70],[-7,-22]],[[15167,21679],[-21,-31],[-5,-52],[-66,-54],[-29,-87],[29,-41],[-54,-25],[-53,-52],[-24,-90],[-53,-49],[-31,-57],[-12,-65],[-42,-14],[-41,11],[-36,-14],[-48,-90],[-83,-49],[-34,30],[-109,4],[-70,-43],[-45,0]],[[14340,20911],[11,38],[45,46],[11,62],[-56,47],[-50,-20],[-76,54],[15,47],[-108,49],[-6,91],[44,57],[23,57],[6,95],[45,58],[40,91],[33,26],[-45,26],[-20,54]],[[15167,21679],[31,-51],[-2,-129],[-31,-50],[8,-24],[96,-117],[14,-30],[-12,-144],[64,-102],[80,-57],[-21,-61],[14,-56]],[[15408,20858],[-30,-41],[11,-56],[-26,-60],[7,-26],[-67,-93],[0,-56],[-27,-31],[26,-46]],[[15302,20449],[-20,-34],[-102,-56],[-171,5],[-70,80],[-95,17],[-58,29],[-44,83],[-117,93],[-41,-16],[-137,-15],[-102,12],[-57,-2],[-21,-50],[21,-73],[5,-62],[-32,-45],[-59,18],[-94,-24],[-44,46],[-106,-5]],[[13958,20450],[20,60],[-27,169],[53,91],[-19,53],[-69,48],[39,44],[49,10],[52,-13],[47,34],[50,-4],[93,-25],[94,-6]],[[13958,20450],[-52,-37],[-33,0],[-25,36],[-69,9],[-38,53],[-74,15],[-61,61],[4,60],[-58,-26],[-110,0],[-46,68],[-50,-11],[-17,22],[15,62],[-4,58],[-47,29],[-42,-1],[-29,-23],[-48,29],[-4,26],[-46,79],[-61,4],[-48,22],[-5,39],[-34,87],[32,40]],[[13008,21151],[14,59],[-6,98],[15,25],[153,-21],[21,31],[-60,91],[5,41],[45,6],[4,26],[-54,53],[21,75],[67,-22],[30,13],[43,-11],[15,-26],[41,-5],[22,46],[107,-30],[39,94],[55,38],[16,53],[-11,102],[-36,5],[13,62],[40,64]],[[16473,22939],[79,-21],[214,-71],[80,-43],[162,-130]],[[17008,22674],[29,-157],[11,-235]],[[17048,22282],[-37,-12],[-186,68],[10,34],[-84,31],[-27,-22],[-90,94],[-156,173],[-102,-61],[-25,39],[-41,153],[8,54]],[[16318,22833],[41,25],[62,69],[52,12]],[[17592,21843],[-75,37],[-75,76],[-59,-76],[-53,-52],[-42,-9],[-6,38],[-34,23],[-59,-59],[-154,-45],[-44,25],[-51,-19],[19,89],[-5,30]],[[16954,21901],[90,31],[32,86],[-21,115],[-7,149]],[[17008,22674],[74,-68],[55,-32],[154,-61],[108,18],[132,126]],[[16502,20730],[-70,16],[-57,30],[-23,51],[1,113],[175,127],[4,18],[88,75],[25,-6],[27,92],[-33,13],[7,78],[36,114]],[[16682,21451],[58,148],[19,25],[98,87],[23,39],[36,110],[38,41]],[[16682,21451],[-50,6],[-250,106]],[[16382,21563],[-131,61],[165,426],[26,55],[-100,30],[-22,47],[-110,51],[-31,-3],[4,-46],[-70,25],[-74,12],[-53,-3]],[[15986,22218],[-14,145],[17,27],[9,83],[-38,4],[-12,100],[46,4],[28,242],[-59,34]],[[15963,22857],[176,-26],[136,-13],[43,15]],[[15676,19295],[-50,72],[-38,86],[-27,24],[-82,2],[-95,49],[-47,35],[-60,107],[12,55],[73,98],[46,48],[51,83],[-8,105],[13,73],[-20,33],[-101,14],[-1,128],[-22,41],[12,40],[-30,61]],[[15408,20858],[15,101],[109,28],[86,-56],[58,20],[15,-38],[95,12],[64,-15]],[[15850,20910],[34,-179],[-110,-20],[8,-31],[-57,-33],[31,-152],[40,-34],[128,29],[15,-99]],[[15850,20910],[51,36],[21,34],[48,35],[79,33],[47,37],[4,44],[65,60],[111,-11],[2,33],[-34,142],[14,66],[-16,48],[25,47],[44,-27],[59,49],[12,27]],[[15174,21931],[95,-58],[36,9],[78,-4],[92,-33],[102,-63],[50,79],[33,-42],[225,-214],[16,-43],[87,184],[-10,71],[43,131],[-54,42],[-21,223],[40,5]],[[15295,22930],[222,-14],[88,26],[82,15],[61,-4],[63,-24],[85,-52],[67,-20]],[[15615,23459],[124,-22],[177,-50],[87,-33],[311,-128],[178,-81],[53,-19]],[[16545,23126],[-7,-51],[-35,-47],[4,-26],[-34,-63]],[[16545,23126],[43,-19],[134,-30],[208,-30],[15,-21],[80,-42],[161,39]],[[17186,23023],[116,-18],[168,-56],[180,-67],[38,-7]],[[15761,24397],[140,-57],[12,-19],[218,-91],[11,34],[54,-17],[87,-9],[150,71],[48,62],[16,66],[36,-55],[29,-85],[127,-19],[51,14],[13,-88],[64,-22]],[[16817,24182],[-10,-17],[-91,11],[-81,-146],[-24,-29],[12,-182],[20,-79],[-28,-23],[10,-43],[43,-32],[59,3],[54,-35],[-50,-118],[-63,-66],[-65,-103],[-27,-59],[-31,-138]],[[16817,24182],[154,-2],[21,7],[192,4],[40,-96],[-25,-61]],[[17199,24034],[-26,-32],[-29,-145],[7,-88],[-83,24],[-51,41],[-38,-90],[50,-81],[-26,-48],[4,-93],[43,-37],[14,-38],[50,6],[-12,-97],[47,-199],[37,-134]],[[17199,24034],[28,-30],[40,74],[76,51],[-36,62],[64,54]],[[12293,22833],[-26,-26],[-88,-27],[-63,19],[-46,-7],[-131,-84],[-39,17],[-129,-36],[-90,-68],[-158,24],[-60,32],[-41,-7],[-139,4]],[[11283,22674],[38,37],[-99,195],[-36,39],[-67,-1],[-46,-38],[-48,1]],[[11025,22907],[-54,-10],[-40,25],[-27,105],[-21,37],[-4,81],[51,25],[-22,190]],[[12498,21736],[-85,-52],[-169,1],[-103,-16],[-116,42],[-44,-2],[-82,-26],[-10,-39],[-70,-64],[-47,-15]],[[11772,21565],[-2,82],[-37,63],[-33,16],[-57,-19],[-39,33],[-30,71],[-50,58],[-69,35],[-54,70],[6,35],[-28,92],[30,97],[44,20],[0,69],[-24,94],[-37,69],[-35,35],[-43,13],[-40,96],[9,80]],[[13008,21151],[-178,-66],[-32,-31],[-46,-15],[-68,-50],[-87,-11],[-31,18]],[[12566,20996],[-31,32],[-58,24],[-64,3],[-139,-35],[-182,-12],[-123,3],[-76,15],[-106,33],[-78,57],[-60,86],[-17,44]],[[11632,21246],[36,21],[38,116],[50,55],[-9,89],[25,38]],[[14041,18858],[-22,45],[6,218],[-14,130],[-94,145],[59,35],[48,-54],[29,-62],[98,44],[-52,206],[45,117],[-89,40],[-174,15],[-17,97],[71,2],[-28,74],[-17,153],[19,64],[28,23],[110,58],[4,18],[-33,135],[-60,89]],[[12925,18778],[-18,49],[18,56],[-43,98],[-7,67],[-43,23],[-15,41],[-59,75],[-59,24],[-73,169],[-56,50],[-65,36],[1,73],[25,19],[75,24],[-8,37],[44,44],[-19,21],[-107,21],[-97,33],[-177,-35],[-3,19],[41,54],[5,36],[-10,91],[-30,101],[-18,25],[26,68],[-1,57],[59,109],[57,37],[34,122],[-31,113],[-27,-36],[-52,-35],[-61,-15],[-97,33],[-79,40],[140,50],[74,-25],[35,25],[83,26],[26,65],[17,73],[77,58],[1,47],[34,51],[47,45],[-23,59]],[[11376,17319],[-70,-49],[-7,-69],[-15,-12],[-93,19],[-34,-19],[-19,-75],[-66,-63]],[[11072,17051],[-144,174],[-56,-146],[-143,45],[-62,-3],[-70,-61],[-112,-158],[-311,4],[-92,64],[-28,-1],[-60,-42],[-78,11],[-156,139],[-48,99],[-48,64],[-8,63],[16,49],[28,27],[-63,184],[-9,5],[-216,-201],[-131,-4],[-571,21]],[[8710,17384],[-23,45],[-70,58],[-130,160],[-25,100],[11,67],[85,156],[-1,111],[9,76],[20,62],[61,47],[-39,116],[-2,87],[40,39],[-14,67],[-37,13],[22,94],[1,61],[-20,53],[-2,47],[-25,91],[51,89],[-8,42],[5,78],[-10,32],[-90,91],[21,31],[62,20],[54,0],[67,53],[71,70],[-9,47],[51,81],[43,20]],[[8879,19588],[83,5],[48,22],[39,-7],[40,-40],[71,-46],[42,0],[60,62],[44,17],[112,11],[43,16],[58,-5],[108,-49],[27,-1],[66,65],[48,61],[50,108],[6,44],[-16,101],[32,108]],[[9840,20060],[47,62],[140,79],[47,53],[85,11],[26,47],[10,64],[19,30],[18,91],[66,77],[80,57],[47,47],[70,49],[-22,73],[9,79],[27,32],[90,32],[78,41],[62,15],[55,58],[127,80],[7,101]],[[10928,21238],[21,-20],[128,-32],[134,20],[51,-17],[75,-42],[78,47],[140,26],[77,26]],[[11173,14148],[-349,470],[-30,49],[-101,55],[34,64],[-22,76],[-121,13],[-20,40],[5,83],[-40,31],[4,42],[-29,155],[20,43],[-17,47],[-70,24],[-17,80],[29,57],[65,52],[8,37],[-29,56],[29,69],[-10,42],[23,63],[97,-5],[45,-13],[37,30],[36,58],[104,11],[81,-8],[38,-54],[21,-6],[53,40],[38,46],[18,47],[-8,73],[-27,68],[-86,75],[-21,36],[-55,1],[-2,47],[85,94],[-15,75],[7,123],[38,49],[2,37],[30,31],[59,8],[16,35],[-9,54],[-46,38],[20,84],[-43,93],[-4,32],[28,56]],[[8587,11167],[-143,-106],[-38,-3],[-62,61],[-57,-33],[-88,67],[-73,-17],[-54,110],[-68,10],[-62,58],[-59,161],[-65,72],[-53,22],[-127,-43],[-67,28],[-36,71],[-20,11]],[[7515,11636],[78,122],[126,128],[121,58],[61,38],[107,152],[-2,72],[-29,78],[-65,76],[66,161],[-78,24],[-48,221],[146,109],[-32,91],[-85,160],[61,83],[9,165],[-57,52],[112,192],[-43,114],[-4,91],[15,79],[85,146],[37,48],[39,83],[-9,95],[-86,171],[13,156],[-41,90],[-13,75],[129,136],[15,55],[31,51],[42,26],[-3,46],[24,36],[-9,176],[-22,47],[-71,74],[-18,62],[40,70],[82,106],[55,29],[61,120],[1,57],[-27,70],[-80,90],[24,98],[38,65],[-24,76],[-6,97],[13,84],[37,96],[48,66],[-36,52],[5,29]],[[8348,16680],[39,18],[75,155],[54,13],[99,44],[7,23],[-42,143],[15,97],[18,21],[68,11],[13,35],[-24,61],[6,42],[34,41]],[[7515,11636],[-31,3],[-86,50],[15,44],[-58,41],[-23,42],[-33,131],[-37,86],[-31,29],[13,54],[-7,43],[20,63],[-16,44],[-75,23],[9,53],[-62,72],[-113,43],[-26,23],[-68,14],[-10,72],[-42,7],[33,83],[-15,66],[92,45],[64,62],[-32,72],[32,116],[-78,12],[-24,-9],[-48,30],[-24,-47],[-59,-10],[9,77],[-70,99],[-7,54],[52,73],[-3,51],[-34,41],[62,24],[61,78],[-3,83],[27,27],[3,101],[-52,46],[-8,59],[20,47],[-44,80],[-53,9],[-24,-13],[-62,20],[-61,4],[-34,-21],[-21,-51],[-55,11],[-71,-11],[-27,32],[-92,42],[-76,109],[-29,57],[21,50],[-22,54],[-48,43],[-9,45],[1,105],[-38,25],[-1,30],[-34,66],[24,37],[-31,20],[-58,9],[-58,43],[4,62],[-44,50],[-25,63],[9,81],[-33,45],[-67,30],[0,46],[-77,36],[-8,36],[23,42],[19,138],[70,43],[7,38],[-22,112],[-42,93],[-1,51],[-28,64],[10,103],[-44,63],[-12,59],[22,177],[15,50],[-5,54],[-47,44],[-82,-20],[-108,27],[-56,42],[-53,-25],[-57,7],[-39,-18],[-35,21],[-68,-3],[3,48],[-17,46],[-60,92],[57,54],[4,53],[-38,43],[-56,13],[-25,41],[-28,-11],[-69,32],[-42,51],[-18,76],[-49,43],[32,46],[61,34],[15,40],[-25,69],[-26,29],[56,53],[-55,109],[56,103],[-5,42],[30,17],[-11,43],[91,-31],[43,54],[43,-42],[32,15],[19,38],[44,-4],[43,44],[-37,63],[60,125],[-18,27],[41,33],[124,-33],[100,14],[71,24],[70,39],[64,65],[41,55],[6,69],[42,15],[8,44],[-21,42],[36,41],[14,46],[-14,50],[-6,84],[-23,92],[-26,44],[31,40]],[[5844,18478],[124,-3],[77,-38],[34,-5],[42,-57],[45,14],[83,-26],[50,9],[88,-26],[41,-57],[-4,-51],[27,-108],[59,-48],[75,-17],[139,-90],[33,-91],[79,-49],[180,-28],[68,12],[19,24],[45,2],[67,-27],[45,-40],[7,-48],[40,-68],[-6,-49],[32,-112],[30,-53],[16,-65],[51,-14],[15,-61],[27,-32],[94,-18],[38,49],[81,-1],[32,-33],[77,-44],[19,-43],[38,-19],[78,-64],[57,-62],[69,11],[86,36],[51,-28],[77,18],[31,-15],[7,-86],[-16,-119],[-1,-74],[34,-86],[24,-18]],[[5844,18478],[55,91],[26,94],[-2,119],[32,105],[64,60],[68,2],[35,-13],[16,-33],[47,-24],[45,9],[2,32],[56,23],[28,65],[-14,78],[95,65],[93,18],[51,62],[-2,61],[16,78],[43,69],[22,55],[46,26],[64,108],[-2,33],[-35,56],[16,29],[82,63],[-2,29],[52,74],[38,90],[7,69],[20,12],[28,65],[-5,57],[-31,34],[-8,55],[19,113],[40,29],[67,14],[39,22]],[[7055,20472],[218,-27],[15,-13],[17,-93],[22,-52],[37,-13],[74,38],[72,94],[34,62],[23,18],[83,14],[69,0],[51,23],[46,75],[41,15],[78,-39],[56,-49],[59,19],[55,-36],[36,22],[46,-21],[53,40],[38,0],[9,-58],[-15,-37],[-46,-61],[-53,-88],[-26,-80],[22,-80],[-26,-53],[39,-54],[9,-61],[59,-52],[136,-2],[77,-17],[-8,-59],[75,-74],[44,-81],[-30,-72],[21,-52],[50,-13],[131,8],[59,58],[37,9],[37,-42]],[[7055,20472],[104,28],[36,44],[-12,77],[4,67],[-38,16],[-10,45],[-44,16],[-7,44],[-89,77],[-6,97],[-20,22],[23,40],[48,5],[71,-19],[58,49],[58,9],[112,-28],[26,21],[4,41],[43,69],[156,32],[17,47],[-41,68],[3,26],[59,15],[59,64],[45,22],[176,124],[24,24],[-5,60]],[[7909,21674],[30,23],[23,-51],[9,-60],[75,-60],[30,23],[-8,50],[27,10],[44,62],[-24,99],[-22,29],[11,44],[39,28],[212,36],[78,52],[49,-15],[55,20],[70,67],[44,22],[64,-2],[35,36],[59,26],[15,-60],[56,-61],[54,-90],[65,-50],[-75,-38],[-29,-38],[-21,-87],[-25,-49],[-41,-15],[-19,-62],[6,-109],[-37,-93],[-57,-28],[-10,-40],[25,-39],[-30,-54],[-20,-77],[-57,-33],[-59,-6],[-69,-76],[-55,-24],[-29,-43],[1,-94],[73,-61],[87,15],[52,-34],[20,-51],[38,-40],[99,-36],[77,-15],[130,-75],[48,-40],[92,-1],[5,-17],[133,-138],[30,14],[83,83],[39,60],[104,-1],[70,-52],[77,-146],[92,-83],[28,-62],[79,-21],[-31,-70],[17,-16]],[[10928,21238],[-8,27],[-44,15],[-103,149],[-60,114],[-1,53],[-63,62],[-12,44],[-51,44],[-56,12],[-61,58],[-19,50],[-87,74],[-193,64],[5,27],[-54,15],[-7,99],[15,50],[35,50],[24,-49],[28,40],[42,23],[-30,63],[21,22],[85,-16],[111,-90],[47,4],[-33,54],[92,-11],[-49,113],[136,140],[36,44],[4,42],[-34,109],[74,26],[93,15],[49,-102],[13,66],[-36,69],[37,29],[59,-2],[19,37],[73,36]],[[7909,21674],[-36,68],[-81,41],[-104,0],[-24,87],[1,77],[-17,39],[10,65],[-24,51],[-11,70],[26,138],[-10,68],[20,11],[142,5],[84,41],[57,63],[88,9],[56,31],[84,-2],[58,20],[51,3],[47,42],[76,19],[42,51],[37,3],[20,86],[-60,28],[-9,37],[33,25],[-48,43],[-86,10],[-6,46],[-54,39],[20,68],[-9,36],[28,41],[-17,140],[16,38],[41,16],[18,82],[36,48],[-4,108],[-52,57]],[[8348,23622],[117,-9],[87,-36],[37,-3],[37,28],[32,65],[0,57],[62,41],[94,-8],[82,-40],[44,-5],[121,80],[56,26],[81,-19],[58,56],[81,18],[98,-24],[39,9],[68,118]],[[8348,23622],[-55,-3],[-38,28],[-47,-3],[-39,34],[-49,1],[-37,41],[-51,89],[-2,68],[-23,24],[-13,52],[-89,80],[-101,112],[-40,157],[-56,48],[-60,124],[-15,61],[-68,44],[-75,-6],[-35,37],[-2,42],[53,89],[113,108],[-8,44],[-82,92],[-48,75],[7,40],[76,78],[83,106],[21,43],[30,106],[19,163],[-73,92],[-36,19],[16,50],[-5,64],[17,25],[51,14],[34,-29],[27,35],[-67,45],[2,55],[53,66],[-4,29],[-46,19],[-13,35],[19,38],[45,39],[-136,24],[-43,73],[-20,-56],[-40,-14],[-85,60],[-50,7],[-2,45],[-34,13],[-97,75],[-122,-5],[-45,-47],[-57,-10],[-88,62],[-42,110],[-23,27],[-50,4],[-53,25],[-31,53],[-34,12]],[[6685,26650],[186,-13],[87,18],[66,30],[130,23],[78,76],[62,8],[50,-19],[94,-2],[82,18],[150,-23],[91,1],[57,39],[75,23],[62,-1],[125,21],[62,-17],[84,18],[80,59],[54,-9],[20,-30],[50,-25],[85,-2],[14,-16],[-2,-68],[17,-24],[130,7],[73,24],[192,133],[47,16],[61,64],[78,56],[77,29],[89,14],[35,54],[20,102],[21,52],[70,65],[23,84],[6,58],[21,59],[14,84],[19,32],[46,32],[56,-15],[112,26],[35,-15],[126,24],[48,-34],[41,9],[22,51],[57,28],[-2,63],[33,86],[48,47],[153,66],[38,45],[-23,55],[-116,67],[-86,-1],[-53,-17],[-134,29],[2,62],[25,21],[70,-3],[61,79],[29,78],[44,41],[121,46],[47,-11],[93,20],[54,-41],[27,7],[-9,66],[16,40],[34,14],[101,-9],[26,23],[7,40],[-29,57],[31,47],[105,-7],[86,-88],[77,-10]],[[6685,26650],[9,26],[43,20],[27,51],[15,63],[-4,86],[-32,82],[20,25],[-34,57],[-52,48],[-14,41],[-28,19],[-33,-22],[-43,3],[25,50],[-39,5],[-9,70],[8,28],[-15,75],[12,94],[93,39],[-6,38],[19,76],[36,22],[-21,71],[-67,20],[16,47],[54,10],[32,65],[-15,36],[-37,2],[-35,42],[1,70],[83,38],[22,49],[-23,45],[47,55],[-23,88],[-73,54],[12,50],[-12,30],[-66,3],[-32,26],[-10,127],[-38,58],[-14,53],[13,68],[28,38],[115,77],[44,53],[11,96],[47,35],[61,-39],[34,-2],[123,40],[28,29],[31,79],[-21,115],[-42,81],[-39,20],[-67,-5],[-30,11],[-55,78],[-27,22],[-85,-15],[-39,83],[25,101],[-39,70],[-15,69],[17,65],[-12,82],[-51,126],[-41,58],[-7,45],[106,80],[64,19],[72,68],[57,4],[64,32],[57,65],[43,16],[63,-9],[46,14],[112,2],[148,70],[100,-52],[57,11],[-7,43],[55,45],[-15,63],[40,51],[75,32],[71,16],[30,21],[75,1],[33,48],[42,-21],[82,3],[37,47],[49,-2],[47,-46],[44,-1],[-5,77],[37,65],[-19,49],[38,41],[60,15],[81,49],[79,-72],[13,-34],[53,-14],[28,47],[82,-59],[37,16],[18,45],[93,-18],[60,-21],[49,21],[71,56],[38,47],[57,46],[64,26],[40,-34],[68,4],[5,41],[48,42],[62,22],[19,43],[76,1],[150,87],[48,15],[52,-109],[78,-67],[42,2],[16,64],[39,-1],[52,44],[52,-6],[33,29],[44,-22],[61,41],[46,7],[31,-33],[-9,-37],[37,-18],[54,19],[1,31],[79,12],[-10,38],[23,47],[57,1],[26,47],[54,23],[49,-33],[5,-38],[33,-29],[49,70]]],"transform":{"scale":[0.000025555647614328116,0.000023590317523868096],"translate":[-47.20839437170217,-24.064227029320833]},"objects":{"zonas_2023_s":{"type":"GeometryCollection","geometries":[{"arcs":[[0,1,2,3,4]],"type":"Polygon","properties":{"codigo":"1","nome":"Sé","municipio_nome":"São Paulo"},"id":"1"},{"arcs":[[-5,5,6,7,8,9,10,11]],"type":"Polygon","properties":{"codigo":"2","nome":"Parque Dom Pedro","municipio_nome":"São Paulo"},"id":"2"},{"arcs":[[-1,-12,12,13,14]],"type":"Polygon","properties":{"codigo":"3","nome":"Praça João Mendes","municipio_nome":"São Paulo"},"id":"3"},{"arcs":[[-2,-15,15,16,17,18]],"type":"Polygon","properties":{"codigo":"4","nome":"Ladeira da Memória","municipio_nome":"São Paulo"},"id":"4"},{"arcs":[[-3,-19,19,20,21]],"type":"Polygon","properties":{"codigo":"5","nome":"República","municipio_nome":"São Paulo"},"id":"5"},{"arcs":[[-4,-22,22,23,-6]],"type":"Polygon","properties":{"codigo":"6","nome":"Santa Ifigênia","municipio_nome":"São Paulo"},"id":"6"},{"arcs":[[-7,-24,24,25,26,27,28]],"type":"Polygon","properties":{"codigo":"7","nome":"Luz","municipio_nome":"São Paulo"},"id":"7"},{"arcs":[[-26,29,30,31,32,33]],"type":"Polygon","properties":{"codigo":"8","nome":"Bom Retiro","municipio_nome":"São Paulo"},"id":"8"},{"arcs":[[-27,-34,34,35,36,37]],"type":"Polygon","properties":{"codigo":"9","nome":"Ponte Pequena","municipio_nome":"São Paulo"},"id":"9"},{"arcs":[[-37,38,39,40,41]],"type":"Polygon","properties":{"codigo":"10","nome":"Canindé","municipio_nome":"São Paulo"},"id":"10"},{"arcs":[[-41,42,43,44,45]],"type":"Polygon","properties":{"codigo":"11","nome":"Bom Jardim","municipio_nome":"São Paulo"},"id":"11"},{"arcs":[[-28,-38,-42,-46,46,47,48,49]],"type":"Polygon","properties":{"codigo":"12","nome":"Pari","municipio_nome":"São Paulo"},"id":"12"},{"arcs":[[-29,-50,50,51]],"type":"Polygon","properties":{"codigo":"13","nome":"João Teodoro","municipio_nome":"São Paulo"},"id":"13"},{"arcs":[[-49,52,53,54,-51]],"type":"Polygon","properties":{"codigo":"14","nome":"Oriente","municipio_nome":"São Paulo"},"id":"14"},{"arcs":[[55,56,57,58,-54]],"type":"Polygon","properties":{"codigo":"15","nome":"Bresser","municipio_nome":"São Paulo"},"id":"15"},{"arcs":[[-9,59,-58,60,61]],"type":"Polygon","properties":{"codigo":"16","nome":"Brás","municipio_nome":"São Paulo"},"id":"16"},{"arcs":[[-8,-52,-55,-59,-60]],"type":"Polygon","properties":{"codigo":"17","nome":"Gasômetro","municipio_nome":"São Paulo"},"id":"17"},{"arcs":[[-10,-62,62,63,64,65,66]],"type":"Polygon","properties":{"codigo":"18","nome":"Independência","municipio_nome":"São Paulo"},"id":"18"},{"arcs":[[-66,67,68,69,70]],"type":"Polygon","properties":{"codigo":"19","nome":"Cambuci","municipio_nome":"São Paulo"},"id":"19"},{"arcs":[[-11,-67,-71,71,72,73,-13]],"type":"Polygon","properties":{"codigo":"20","nome":"Glicério","municipio_nome":"São Paulo"},"id":"20"},{"arcs":[[-70,74,75,-72]],"type":"Polygon","properties":{"codigo":"21","nome":"Aclimação","municipio_nome":"São Paulo"},"id":"21"},{"arcs":[[-73,-76,76,77,78]],"type":"Polygon","properties":{"codigo":"22","nome":"Pires da Mota","municipio_nome":"São Paulo"},"id":"22"},{"arcs":[[-78,79,80,81]],"type":"Polygon","properties":{"codigo":"23","nome":"Centro Cultural","municipio_nome":"São Paulo"},"id":"23"},{"arcs":[[-14,-74,-79,-82,82]],"type":"Polygon","properties":{"codigo":"24","nome":"Liberdade","municipio_nome":"São Paulo"},"id":"24"},{"arcs":[[-17,83,84,85,86,87]],"type":"Polygon","properties":{"codigo":"25","nome":"Treze de Maio","municipio_nome":"São Paulo"},"id":"25"},{"arcs":[[-16,-83,88,-84]],"type":"Polygon","properties":{"codigo":"26","nome":"Bexiga","municipio_nome":"São Paulo"},"id":"26"},{"arcs":[[-81,89,90,-85,-89]],"type":"Polygon","properties":{"codigo":"27","nome":"Bela Vista","municipio_nome":"São Paulo"},"id":"27"},{"arcs":[[-86,-91,91,92]],"type":"Polygon","properties":{"codigo":"28","nome":"São Carlos do Pinhal","municipio_nome":"São Paulo"},"id":"28"},{"arcs":[[-87,-93,93,94,95,96]],"type":"Polygon","properties":{"codigo":"29","nome":"Masp","municipio_nome":"São Paulo"},"id":"29"},{"arcs":[[97,98,99,100,101]],"type":"Polygon","properties":{"codigo":"30","nome":"Higienópolis","municipio_nome":"São Paulo"},"id":"30"},{"arcs":[[-18,-88,-97,102,-98,103,-20]],"type":"Polygon","properties":{"codigo":"31","nome":"Vila Buarque","municipio_nome":"São Paulo"},"id":"31"},{"arcs":[[-96,104,105,106,-99,-103]],"type":"Polygon","properties":{"codigo":"32","nome":"Consolação","municipio_nome":"São Paulo"},"id":"32"},{"arcs":[[-107,107,108,109,110]],"type":"Polygon","properties":{"codigo":"33","nome":"Pacaembu","municipio_nome":"São Paulo"},"id":"33"},{"arcs":[[-100,-111,111,112]],"type":"Polygon","properties":{"codigo":"34","nome":"FAAP","municipio_nome":"São Paulo"},"id":"34"},{"arcs":[[-21,-104,-102,113,-25,-23]],"type":"Polygon","properties":{"codigo":"35","nome":"Santa Cecília","municipio_nome":"São Paulo"},"id":"35"},{"arcs":[[-114,-101,-113,114,115,-30]],"type":"Polygon","properties":{"codigo":"36","nome":"Marechal Deodoro","municipio_nome":"São Paulo"},"id":"36"},{"arcs":[[-31,-116,116]],"type":"Polygon","properties":{"codigo":"37","nome":"Rudge","municipio_nome":"São Paulo"},"id":"37"},{"arcs":[[-45,117,118,119,-47]],"type":"Polygon","properties":{"codigo":"38","nome":"Catumbi","municipio_nome":"São Paulo"},"id":"38"},{"arcs":[[-119,120,121,122,123,124,125]],"type":"Polygon","properties":{"codigo":"39","nome":"Belém","municipio_nome":"São Paulo"},"id":"39"},{"arcs":[[126,127,128,129]],"type":"Polygon","properties":{"codigo":"40","nome":"Quarta Parada","municipio_nome":"São Paulo"},"id":"40"},{"arcs":[[130,-125,131,-130,132,-56]],"type":"Polygon","properties":{"codigo":"41","nome":"Belenzinho","municipio_nome":"São Paulo"},"id":"41"},{"arcs":[[-48,-120,-126,-131,-53]],"type":"Polygon","properties":{"codigo":"42","nome":"Celso Garcia","municipio_nome":"São Paulo"},"id":"42"},{"arcs":[[-57,-133,-129,133,134,135,-61]],"type":"Polygon","properties":{"codigo":"43","nome":"Mooca","municipio_nome":"São Paulo"},"id":"43"},{"arcs":[[-135,136,137,138]],"type":"Polygon","properties":{"codigo":"44","nome":"Alto da Mooca","municipio_nome":"São Paulo"},"id":"44"},{"arcs":[[-63,-136,-139,139,140,141]],"type":"Polygon","properties":{"codigo":"45","nome":"Parque da Mooca","municipio_nome":"São Paulo"},"id":"45"},{"arcs":[[142,143,144,145,146,147,148]],"type":"Polygon","properties":{"codigo":"46","nome":"Água Rasa","municipio_nome":"São Paulo"},"id":"46"},{"arcs":[[-137,149,-143,150]],"type":"Polygon","properties":{"codigo":"47","nome":"Vila Bertioga","municipio_nome":"São Paulo"},"id":"47"},{"arcs":[[-128,151,152,-144,-150,-134]],"type":"Polygon","properties":{"codigo":"48","nome":"Regente Feijó","municipio_nome":"São Paulo"},"id":"48"},{"arcs":[[-75,153,154,155,156,-80,-77]],"type":"Polygon","properties":{"codigo":"49","nome":"Ana Rosa","municipio_nome":"São Paulo"},"id":"49"},{"arcs":[[-69,157,158,159,160,-154]],"type":"Polygon","properties":{"codigo":"50","nome":"Jardim da Glória","municipio_nome":"São Paulo"},"id":"50"},{"arcs":[[-160,161,162,163]],"type":"Polygon","properties":{"codigo":"51","nome":"Chácara Klabin","municipio_nome":"São Paulo"},"id":"51"},{"arcs":[[-155,-161,-164,164,165]],"type":"Polygon","properties":{"codigo":"52","nome":"Vila Mariana","municipio_nome":"São Paulo"},"id":"52"},{"arcs":[[-163,166,167,168,169,-165]],"type":"Polygon","properties":{"codigo":"53","nome":"Santa Cruz","municipio_nome":"São Paulo"},"id":"53"},{"arcs":[[-169,170,171,172]],"type":"Polygon","properties":{"codigo":"54","nome":"Vila Clementino","municipio_nome":"São Paulo"},"id":"54"},{"arcs":[[-166,-170,-173,173,174]],"type":"Polygon","properties":{"codigo":"55","nome":"França Pinto","municipio_nome":"São Paulo"},"id":"55"},{"arcs":[[-156,-175,175,176]],"type":"Polygon","properties":{"codigo":"56","nome":"Rodrigues Alves","municipio_nome":"São Paulo"},"id":"56"},{"arcs":[[-90,-157,-177,177,178,179]],"type":"Polygon","properties":{"codigo":"57","nome":"Paraíso","municipio_nome":"São Paulo"},"id":"57"},{"arcs":[[-168,180,181,182,183]],"type":"Polygon","properties":{"codigo":"58","nome":"Bosque da Saúde","municipio_nome":"São Paulo"},"id":"58"},{"arcs":[[-183,184,185,186,187,188]],"type":"Polygon","properties":{"codigo":"59","nome":"Saúde","municipio_nome":"São Paulo"},"id":"59"},{"arcs":[[-188,189,190,191,192,193,194]],"type":"Polygon","properties":{"codigo":"60","nome":"Planalto Paulista","municipio_nome":"São Paulo"},"id":"60"},{"arcs":[[-171,-184,-189,-195,195,196]],"type":"Polygon","properties":{"codigo":"61","nome":"Mirandópolis","municipio_nome":"São Paulo"},"id":"61"},{"arcs":[[-174,197,198,199,200,-178,-176]],"type":"Polygon","properties":{"codigo":"62","nome":"Parque Ibirapuera","municipio_nome":"São Paulo"},"id":"62"},{"arcs":[[-172,-197,201,202,-198]],"type":"Polygon","properties":{"codigo":"63","nome":"Jardim Luzitânia","municipio_nome":"São Paulo"},"id":"63"},{"arcs":[[-194,203,204,-202,-196]],"type":"Polygon","properties":{"codigo":"64","nome":"Moema","municipio_nome":"São Paulo"},"id":"64"},{"arcs":[[-203,-205,205,206,207,208]],"type":"Polygon","properties":{"codigo":"65","nome":"Vila Helena","municipio_nome":"São Paulo"},"id":"65"},{"arcs":[[-193,209,210,-206,-204]],"type":"Polygon","properties":{"codigo":"66","nome":"Bandeirantes","municipio_nome":"São Paulo"},"id":"66"},{"arcs":[[-199,-209,211,212,213]],"type":"Polygon","properties":{"codigo":"67","nome":"Vila Nova Conceição","municipio_nome":"São Paulo"},"id":"67"},{"arcs":[[-213,214,215,216,217,218]],"type":"Polygon","properties":{"codigo":"68","nome":"Chácara Itaim","municipio_nome":"São Paulo"},"id":"68"},{"arcs":[[-208,219,220,-215,-212]],"type":"Polygon","properties":{"codigo":"69","nome":"Vila Olímpia","municipio_nome":"São Paulo"},"id":"69"},{"arcs":[[-207,-211,221,222,-220]],"type":"Polygon","properties":{"codigo":"70","nome":"Hélio Pelegrino","municipio_nome":"São Paulo"},"id":"70"},{"arcs":[[-222,223,224,225,226]],"type":"Polygon","properties":{"codigo":"71","nome":"Brooklin","municipio_nome":"São Paulo"},"id":"71"},{"arcs":[[-226,227,228,229,230]],"type":"Polygon","properties":{"codigo":"72","nome":"Vila Cordeiro","municipio_nome":"São Paulo"},"id":"72"},{"arcs":[[-216,-221,-223,-227,-231,231,232]],"type":"Polygon","properties":{"codigo":"73","nome":"Berrini","municipio_nome":"São Paulo"},"id":"73"},{"arcs":[[-92,-180,233,234,-94]],"type":"Polygon","properties":{"codigo":"74","nome":"Campinas","municipio_nome":"São Paulo"},"id":"74"},{"arcs":[[-179,-201,235,236,-234]],"type":"Polygon","properties":{"codigo":"75","nome":"Pamplona","municipio_nome":"São Paulo"},"id":"75"},{"arcs":[[-200,-214,-219,237,238,239,240,-236]],"type":"Polygon","properties":{"codigo":"76","nome":"Jardins","municipio_nome":"São Paulo"},"id":"76"},{"arcs":[[-106,241,242,-240,243,244,245,-108]],"type":"Polygon","properties":{"codigo":"77","nome":"Clínicas","municipio_nome":"São Paulo"},"id":"77"},{"arcs":[[-237,-241,-243,246]],"type":"Polygon","properties":{"codigo":"78","nome":"Oscar Freire","municipio_nome":"São Paulo"},"id":"78"},{"arcs":[[-95,-235,-247,-242,-105]],"type":"Polygon","properties":{"codigo":"79","nome":"Trianon","municipio_nome":"São Paulo"},"id":"79"},{"arcs":[[-239,247,248,249,-244]],"type":"Polygon","properties":{"codigo":"80","nome":"Jardim Paulistano","municipio_nome":"São Paulo"},"id":"80"},{"arcs":[[-218,250,251,-248,-238]],"type":"Polygon","properties":{"codigo":"81","nome":"Jardim Europa","municipio_nome":"São Paulo"},"id":"81"},{"arcs":[[-249,-252,252,253,254,255]],"type":"Polygon","properties":{"codigo":"82","nome":"Pinheiros","municipio_nome":"São Paulo"},"id":"82"},{"arcs":[[-245,-250,-256,256,257,258,259]],"type":"Polygon","properties":{"codigo":"83","nome":"Vila Madalena","municipio_nome":"São Paulo"},"id":"83"},{"arcs":[[260,261,262,263,264]],"type":"Polygon","properties":{"codigo":"84","nome":"PUC","municipio_nome":"São Paulo"},"id":"84"},{"arcs":[[-110,265,-261,266,-112]],"type":"Polygon","properties":{"codigo":"85","nome":"Cardoso de Almeida","municipio_nome":"São Paulo"},"id":"85"},{"arcs":[[-109,-246,267,268,-262,-266]],"type":"Polygon","properties":{"codigo":"86","nome":"Zequinha de Abreu","municipio_nome":"São Paulo"},"id":"86"},{"arcs":[[-260,269,270,-268]],"type":"Polygon","properties":{"codigo":"87","nome":"Sumaré","municipio_nome":"São Paulo"},"id":"87"},{"arcs":[[-263,-269,-271,271,272,273]],"type":"Polygon","properties":{"codigo":"88","nome":"Perdizes","municipio_nome":"São Paulo"},"id":"88"},{"arcs":[[-259,274,275,276,-272,-270]],"type":"Polygon","properties":{"codigo":"89","nome":"Vila Anglo Brasileira","municipio_nome":"São Paulo"},"id":"89"},{"arcs":[[-273,-277,277,278,279]],"type":"Polygon","properties":{"codigo":"90","nome":"Pompéia","municipio_nome":"São Paulo"},"id":"90"},{"arcs":[[280,281,282,283,284,285,286]],"type":"Polygon","properties":{"codigo":"91","nome":"Santa Marina","municipio_nome":"São Paulo"},"id":"91"},{"arcs":[[-32,-117,287,-286,288]],"type":"Polygon","properties":{"codigo":"92","nome":"Barra Funda","municipio_nome":"São Paulo"},"id":"92"},{"arcs":[[-115,-267,-265,289,-288]],"type":"Polygon","properties":{"codigo":"93","nome":"Francisco Matarazzo","municipio_nome":"São Paulo"},"id":"93"},{"arcs":[[-264,-274,-280,290,-287,-290]],"type":"Polygon","properties":{"codigo":"94","nome":"Água Branca","municipio_nome":"São Paulo"},"id":"94"},{"arcs":[[-258,291,292,-275]],"type":"Polygon","properties":{"codigo":"95","nome":"Vila Beatriz","municipio_nome":"São Paulo"},"id":"95"},{"arcs":[[-255,293,294,295,296,-292,-257]],"type":"Polygon","properties":{"codigo":"96","nome":"Alto de Pinheiros","municipio_nome":"São Paulo"},"id":"96"},{"arcs":[[-296,297,298,299,300,301,302]],"type":"Polygon","properties":{"codigo":"97","nome":"Boaçava","municipio_nome":"São Paulo"},"id":"97"},{"arcs":[[303,304,305,306,307,308]],"type":"Polygon","properties":{"codigo":"98","nome":"Vila Anastácio","municipio_nome":"São Paulo"},"id":"98"},{"arcs":[[-282,309,-308,310,311]],"type":"Polygon","properties":{"codigo":"99","nome":"Lapa de Baixo","municipio_nome":"São Paulo"},"id":"99"},{"arcs":[[-279,312,313,314,-309,-310,-281,-291]],"type":"Polygon","properties":{"codigo":"100","nome":"Lapa","municipio_nome":"São Paulo"},"id":"100"},{"arcs":[[-276,-293,-297,-303,315,-313,-278]],"type":"Polygon","properties":{"codigo":"101","nome":"Vila Ipojuca","municipio_nome":"São Paulo"},"id":"101"},{"arcs":[[-302,316,317,318,-314,-316]],"type":"Polygon","properties":{"codigo":"102","nome":"Alto da Lapa","municipio_nome":"São Paulo"},"id":"102"},{"arcs":[[-304,-315,-319,319,320]],"type":"Polygon","properties":{"codigo":"103","nome":"Gavião Peixoto","municipio_nome":"São Paulo"},"id":"103"},{"arcs":[[-318,321,322,323,-320]],"type":"Polygon","properties":{"codigo":"104","nome":"Bela Aliança","municipio_nome":"São Paulo"},"id":"104"},{"arcs":[[-301,324,325,-322,-317]],"type":"Polygon","properties":{"codigo":"105","nome":"Vila Hamburguesa","municipio_nome":"São Paulo"},"id":"105"},{"arcs":[[-300,326,327,328,-325]],"type":"Polygon","properties":{"codigo":"106","nome":"CEASA","municipio_nome":"São Paulo"},"id":"106"},{"arcs":[[-323,-326,-329,329]],"type":"Polygon","properties":{"codigo":"107","nome":"Vila Leopoldina","municipio_nome":"São Paulo"},"id":"107"},{"arcs":[[-305,-321,-324,-330,-328,330,331,332]],"type":"Polygon","properties":{"codigo":"108","nome":"Emissário","municipio_nome":"São Paulo"},"id":"108"},{"arcs":[[333,334,335,336,337,338,339]],"type":"Polygon","properties":{"codigo":"109","nome":"Vila Zatt","municipio_nome":"São Paulo"},"id":"109"},{"arcs":[[-307,340,-340,341,342,-311]],"type":"Polygon","properties":{"codigo":"110","nome":"Pirituba","municipio_nome":"São Paulo"},"id":"110"},{"arcs":[[-306,343,344,-334,-341]],"type":"Polygon","properties":{"codigo":"111","nome":"São Domingos","municipio_nome":"São Paulo"},"id":"111"},{"arcs":[[-335,-345,345,346,347,348,349]],"type":"Polygon","properties":{"codigo":"112","nome":"Jardim Mutinga","municipio_nome":"São Paulo"},"id":"112"},{"arcs":[[350,-346,-344,-333]],"type":"Polygon","properties":{"codigo":"113","nome":"Vila Jaguara","municipio_nome":"São Paulo"},"id":"113"},{"arcs":[[-349,351,352,353]],"type":"Polygon","properties":{"codigo":"114","nome":"Parque do Jaraguá","municipio_nome":"São Paulo"},"id":"114"},{"arcs":[[-336,-350,-354,354,355,356]],"type":"Polygon","properties":{"codigo":"115","nome":"Nova Jaraguá","municipio_nome":"São Paulo"},"id":"115"},{"arcs":[[-337,-357,357,358,359,360,361]],"type":"Polygon","properties":{"codigo":"116","nome":"Parada de Taipas","municipio_nome":"São Paulo"},"id":"116"},{"arcs":[[362,363,364,365,366]],"type":"Polygon","properties":{"codigo":"117","nome":"Parque Morro Doce","municipio_nome":"São Paulo"},"id":"117"},{"arcs":[[367,-367,368,369,370,-355,-353]],"type":"Polygon","properties":{"codigo":"118","nome":"Anhanguera","municipio_nome":"São Paulo"},"id":"118"},{"arcs":[[-356,-371,371,372,373,-358]],"type":"Polygon","properties":{"codigo":"119","nome":"Perus","municipio_nome":"São Paulo"},"id":"119"},{"arcs":[[-360,374,375,376]],"type":"Polygon","properties":{"codigo":"120","nome":"Vista Alegre","municipio_nome":"São Paulo"},"id":"120"},{"arcs":[[-361,-377,377,378,379,380,381]],"type":"Polygon","properties":{"codigo":"121","nome":"Jardim Damasceno","municipio_nome":"São Paulo"},"id":"121"},{"arcs":[[-338,-362,-382,382,383]],"type":"Polygon","properties":{"codigo":"122","nome":"Vila Souza","municipio_nome":"São Paulo"},"id":"122"},{"arcs":[[-381,384,385,-383]],"type":"Polygon","properties":{"codigo":"123","nome":"Vila Terezinha","municipio_nome":"São Paulo"},"id":"123"},{"arcs":[[-380,386,387,388,389,-385]],"type":"Polygon","properties":{"codigo":"124","nome":"Brasilândia","municipio_nome":"São Paulo"},"id":"124"},{"arcs":[[-339,-384,-386,-390,390,391,-342]],"type":"Polygon","properties":{"codigo":"125","nome":"Vila Morro Grande","municipio_nome":"São Paulo"},"id":"125"},{"arcs":[[-389,392,393,394,-391]],"type":"Polygon","properties":{"codigo":"126","nome":"Itaberaba","municipio_nome":"São Paulo"},"id":"126"},{"arcs":[[-283,-312,-343,-392,-395,395,396]],"type":"Polygon","properties":{"codigo":"127","nome":"Freguesia do Ó","municipio_nome":"São Paulo"},"id":"127"},{"arcs":[[397,398,399,400]],"type":"Polygon","properties":{"codigo":"128","nome":"Carandiru","municipio_nome":"São Paulo"},"id":"128"},{"arcs":[[-398,401,402,403,404]],"type":"Polygon","properties":{"codigo":"129","nome":"Santana","municipio_nome":"São Paulo"},"id":"129"},{"arcs":[[-399,-405,405,406,407]],"type":"Polygon","properties":{"codigo":"130","nome":"Zaki Narchi","municipio_nome":"São Paulo"},"id":"130"},{"arcs":[[-36,408,-400,-408,409,-39]],"type":"Polygon","properties":{"codigo":"131","nome":"Tietê","municipio_nome":"São Paulo"},"id":"131"},{"arcs":[[-33,410,411,412,-401,-409,-35]],"type":"Polygon","properties":{"codigo":"132","nome":"Parque Anhembi","municipio_nome":"São Paulo"},"id":"132"},{"arcs":[[-402,-413,413,414,415]],"type":"Polygon","properties":{"codigo":"133","nome":"Alfredo Pujol","municipio_nome":"São Paulo"},"id":"133"},{"arcs":[[-415,416,417,418]],"type":"Polygon","properties":{"codigo":"134","nome":"Santa Terezinha","municipio_nome":"São Paulo"},"id":"134"},{"arcs":[[-403,-416,-419,419,420,421,422]],"type":"Polygon","properties":{"codigo":"135","nome":"Jardim São Paulo","municipio_nome":"São Paulo"},"id":"135"},{"arcs":[[-285,423,424,425,-411,-289]],"type":"Polygon","properties":{"codigo":"136","nome":"Casa Verde","municipio_nome":"São Paulo"},"id":"136"},{"arcs":[[-412,-426,426,427,428,-417,-414]],"type":"Polygon","properties":{"codigo":"137","nome":"Parque Peruche","municipio_nome":"São Paulo"},"id":"137"},{"arcs":[[-284,-397,429,430,-424]],"type":"Polygon","properties":{"codigo":"138","nome":"Limão","municipio_nome":"São Paulo"},"id":"138"},{"arcs":[[-394,431,432,-430,-396]],"type":"Polygon","properties":{"codigo":"139","nome":"Jardim Primavera","municipio_nome":"São Paulo"},"id":"139"},{"arcs":[[-425,-431,-433,433,-427]],"type":"Polygon","properties":{"codigo":"140","nome":"Vila Santa Maria","municipio_nome":"São Paulo"},"id":"140"},{"arcs":[[-388,434,435,436,-428,-434,-432,-393]],"type":"Polygon","properties":{"codigo":"141","nome":"Cachoeirinha","municipio_nome":"São Paulo"},"id":"141"},{"arcs":[[-379,437,438,439,-435,-387]],"type":"Polygon","properties":{"codigo":"142","nome":"Jardim Peri","municipio_nome":"São Paulo"},"id":"142"},{"arcs":[[-376,440,441,442,-438,-378]],"type":"Polygon","properties":{"codigo":"143","nome":"Reserva da Cantareira","municipio_nome":"São Paulo"},"id":"143"},{"arcs":[[-418,-429,-437,443,444,-420]],"type":"Polygon","properties":{"codigo":"144","nome":"Mandaqui","municipio_nome":"São Paulo"},"id":"144"},{"arcs":[[-436,-440,445,446,447,448,-444]],"type":"Polygon","properties":{"codigo":"145","nome":"Horto Florestal","municipio_nome":"São Paulo"},"id":"145"},{"arcs":[[-439,-443,449,450,-446]],"type":"Polygon","properties":{"codigo":"146","nome":"ETA Guaraú","municipio_nome":"São Paulo"},"id":"146"},{"arcs":[[451,452,453,454,455,456]],"type":"Polygon","properties":{"codigo":"147","nome":"Parque Palmas do Tremembé","municipio_nome":"São Paulo"},"id":"147"},{"arcs":[[-448,457,-457,458]],"type":"Polygon","properties":{"codigo":"148","nome":"Tremembé","municipio_nome":"São Paulo"},"id":"148"},{"arcs":[[-447,-451,459,460,461,462,463,-452,-458]],"type":"Polygon","properties":{"codigo":"149","nome":"Cantareira","municipio_nome":"São Paulo"},"id":"149"},{"arcs":[[-453,-464,464,465,466,467]],"type":"Polygon","properties":{"codigo":"150","nome":"Jardim das Pedras","municipio_nome":"São Paulo"},"id":"150"},{"arcs":[[-454,-468,468,469,470]],"type":"Polygon","properties":{"codigo":"151","nome":"Jardim Guapira","municipio_nome":"São Paulo"},"id":"151"},{"arcs":[[-422,471,472,473,474]],"type":"Polygon","properties":{"codigo":"152","nome":"Parada Inglesa","municipio_nome":"São Paulo"},"id":"152"},{"arcs":[[-421,-445,-449,-459,-456,475,-472]],"type":"Polygon","properties":{"codigo":"153","nome":"Tucuruvi","municipio_nome":"São Paulo"},"id":"153"},{"arcs":[[-455,-471,476,477,-473,-476]],"type":"Polygon","properties":{"codigo":"154","nome":"Vila Gustavo","municipio_nome":"São Paulo"},"id":"154"},{"arcs":[[-467,478,479,480,481,-469]],"type":"Polygon","properties":{"codigo":"155","nome":"Cohab Jova Rural","municipio_nome":"São Paulo"},"id":"155"},{"arcs":[[-470,-482,482,483,484,-477]],"type":"Polygon","properties":{"codigo":"156","nome":"Jaçanã","municipio_nome":"São Paulo"},"id":"156"},{"arcs":[[-484,485,486,487]],"type":"Polygon","properties":{"codigo":"157","nome":"Parque Edu Chaves","municipio_nome":"São Paulo"},"id":"157"},{"arcs":[[-474,-478,488,489,490]],"type":"Polygon","properties":{"codigo":"158","nome":"Vila Medeiros","municipio_nome":"São Paulo"},"id":"158"},{"arcs":[[-485,-488,491,492,493,-489]],"type":"Polygon","properties":{"codigo":"159","nome":"Jardim Brasil","municipio_nome":"São Paulo"},"id":"159"},{"arcs":[[-490,-494,494,495,496]],"type":"Polygon","properties":{"codigo":"160","nome":"Jardim Japão","municipio_nome":"São Paulo"},"id":"160"},{"arcs":[[-123,497,-495,-493,498,499,500,501]],"type":"Polygon","properties":{"codigo":"161","nome":"Parque Novo Mundo","municipio_nome":"São Paulo"},"id":"161"},{"arcs":[[-122,502,503,-496,-498]],"type":"Polygon","properties":{"codigo":"162","nome":"Vila Maria","municipio_nome":"São Paulo"},"id":"162"},{"arcs":[[-404,-423,-475,-491,-497,-504,504,505,-406]],"type":"Polygon","properties":{"codigo":"163","nome":"Vila Isolina Mazzei","municipio_nome":"São Paulo"},"id":"163"},{"arcs":[[-44,506,-505,-503,-121,-118]],"type":"Polygon","properties":{"codigo":"164","nome":"Vila Guilherme","municipio_nome":"São Paulo"},"id":"164"},{"arcs":[[-40,-410,-407,-506,-507,-43]],"type":"Polygon","properties":{"codigo":"165","nome":"Coroa","municipio_nome":"São Paulo"},"id":"165"},{"arcs":[[507,508,509,510,511]],"type":"Polygon","properties":{"codigo":"166","nome":"Gomes Cardim","municipio_nome":"São Paulo"},"id":"166"},{"arcs":[[-127,512,-512,513,-152]],"type":"Polygon","properties":{"codigo":"167","nome":"Tatuapé","municipio_nome":"São Paulo"},"id":"167"},{"arcs":[[-124,-502,514,-508,-513,-132]],"type":"Polygon","properties":{"codigo":"168","nome":"Chácara do Piqueri","municipio_nome":"São Paulo"},"id":"168"},{"arcs":[[-501,515,516,517,-509,-515]],"type":"Polygon","properties":{"codigo":"169","nome":"Parque São Jorge","municipio_nome":"São Paulo"},"id":"169"},{"arcs":[[-500,518,519,520,521,522,-516]],"type":"Polygon","properties":{"codigo":"170","nome":"Penha","municipio_nome":"São Paulo"},"id":"170"},{"arcs":[[-522,523,524,525,526,527]],"type":"Polygon","properties":{"codigo":"171","nome":"Tiquatira","municipio_nome":"São Paulo"},"id":"171"},{"arcs":[[-526,528,529,530,531]],"type":"Polygon","properties":{"codigo":"172","nome":"Vila Esperança","municipio_nome":"São Paulo"},"id":"172"},{"arcs":[[-530,532,533,534,535,536]],"type":"Polygon","properties":{"codigo":"173","nome":"Vila Ré","municipio_nome":"São Paulo"},"id":"173"},{"arcs":[[537,538,539,540,541]],"type":"Polygon","properties":{"codigo":"174","nome":"Rui Barbosa","municipio_nome":"São Paulo"},"id":"174"},{"arcs":[[-542,542,543,544]],"type":"Polygon","properties":{"codigo":"175","nome":"Estação Eng. Goulart","municipio_nome":"São Paulo"},"id":"175"},{"arcs":[[-521,545,-544,546,-524]],"type":"Polygon","properties":{"codigo":"176","nome":"Cangaíba","municipio_nome":"São Paulo"},"id":"176"},{"arcs":[[-520,547,548,549,550,-538,-545,-546]],"type":"Polygon","properties":{"codigo":"177","nome":"Parque Ecológico do Tietê","municipio_nome":"São Paulo"},"id":"177"},{"arcs":[[-539,-551,551]],"type":"Polygon","properties":{"codigo":"178","nome":"USP Leste I","municipio_nome":"São Paulo"},"id":"178"},{"arcs":[[552,553,554,555,556]],"type":"Polygon","properties":{"codigo":"179","nome":"USP Leste II","municipio_nome":"São Paulo"},"id":"179"},{"arcs":[[-540,-552,-550,-557,557,558]],"type":"Polygon","properties":{"codigo":"180","nome":"Ermelino Matarazzo","municipio_nome":"São Paulo"},"id":"180"},{"arcs":[[-556,559,560,561,562,563,-558]],"type":"Polygon","properties":{"codigo":"181","nome":"Parque Buturussu","municipio_nome":"São Paulo"},"id":"181"},{"arcs":[[-525,-547,-543,-541,-559,-564,564,-533,-529]],"type":"Polygon","properties":{"codigo":"182","nome":"Ponte Rasa","municipio_nome":"São Paulo"},"id":"182"},{"arcs":[[-534,-565,-563,565,566,567]],"type":"Polygon","properties":{"codigo":"183","nome":"Burgo Paulista","municipio_nome":"São Paulo"},"id":"183"},{"arcs":[[-562,568,569,-566]],"type":"Polygon","properties":{"codigo":"184","nome":"Limoeiro","municipio_nome":"São Paulo"},"id":"184"},{"arcs":[[-561,570,571,572,573,574,-569]],"type":"Polygon","properties":{"codigo":"185","nome":"Laranja da China","municipio_nome":"São Paulo"},"id":"185"},{"arcs":[[-571,575,576]],"type":"Polygon","properties":{"codigo":"186","nome":"Pedro José Nunes","municipio_nome":"São Paulo"},"id":"186"},{"arcs":[[-555,577,578,579,-576,-560]],"type":"Polygon","properties":{"codigo":"187","nome":"Parque Cruzeiro do Sul","municipio_nome":"São Paulo"},"id":"187"},{"arcs":[[-572,-577,580,581,582]],"type":"Polygon","properties":{"codigo":"188","nome":"Vila Jacuí","municipio_nome":"São Paulo"},"id":"188"},{"arcs":[[583,584,585,586,587,588]],"type":"Polygon","properties":{"codigo":"189","nome":"Parada XV","municipio_nome":"São Paulo"},"id":"189"},{"arcs":[[-589,589,590,591,592,593,594,595,596]],"type":"Polygon","properties":{"codigo":"190","nome":"Itaquera","municipio_nome":"São Paulo"},"id":"190"},{"arcs":[[-595,597,598,599]],"type":"Polygon","properties":{"codigo":"191","nome":"Arena Corinthians","municipio_nome":"São Paulo"},"id":"191"},{"arcs":[[-596,-600,600,601,602]],"type":"Polygon","properties":{"codigo":"192","nome":"Vila Campanela","municipio_nome":"São Paulo"},"id":"192"},{"arcs":[[-567,-570,-575,603,-602,604]],"type":"Polygon","properties":{"codigo":"193","nome":"Araucárias","municipio_nome":"São Paulo"},"id":"193"},{"arcs":[[-574,605,-584,-597,-603,-604]],"type":"Polygon","properties":{"codigo":"194","nome":"Parque Guarani","municipio_nome":"São Paulo"},"id":"194"},{"arcs":[[-573,-583,606,-585,-606]],"type":"Polygon","properties":{"codigo":"195","nome":"Rio Verde","municipio_nome":"São Paulo"},"id":"195"},{"arcs":[[-582,607,608,609,610,611,-586,-607]],"type":"Polygon","properties":{"codigo":"196","nome":"Saudade","municipio_nome":"São Paulo"},"id":"196"},{"arcs":[[-580,612,613,-608,-581]],"type":"Polygon","properties":{"codigo":"197","nome":"São Miguel Paulista","municipio_nome":"São Paulo"},"id":"197"},{"arcs":[[-609,-614,614,615,616]],"type":"Polygon","properties":{"codigo":"198","nome":"Cidade Nitro-Operária","municipio_nome":"São Paulo"},"id":"198"},{"arcs":[[-616,617,618,619,620]],"type":"Polygon","properties":{"codigo":"199","nome":"Jardim Helena","municipio_nome":"São Paulo"},"id":"199"},{"arcs":[[-620,621,622,623,624]],"type":"Polygon","properties":{"codigo":"200","nome":"Jardim Romano","municipio_nome":"São Paulo"},"id":"200"},{"arcs":[[-617,-621,625,626,627,-610]],"type":"Polygon","properties":{"codigo":"201","nome":"Vila Curuçá","municipio_nome":"São Paulo"},"id":"201"},{"arcs":[[-611,-628,628,629,630]],"type":"Polygon","properties":{"codigo":"202","nome":"Jardim Robru","municipio_nome":"São Paulo"},"id":"202"},{"arcs":[[-587,-612,-631,631,632,633]],"type":"Polygon","properties":{"codigo":"203","nome":"Lajeado","municipio_nome":"São Paulo"},"id":"203"},{"arcs":[[-630,634,635,636,637,-632]],"type":"Polygon","properties":{"codigo":"204","nome":"Fábrica Bandeirantes","municipio_nome":"São Paulo"},"id":"204"},{"arcs":[[-627,638,639,640,641,-635,-629]],"type":"Polygon","properties":{"codigo":"205","nome":"Fazenda Itaim","municipio_nome":"São Paulo"},"id":"205"},{"arcs":[[-625,642,-639,-626]],"type":"Polygon","properties":{"codigo":"206","nome":"Itaim Paulista","municipio_nome":"São Paulo"},"id":"206"},{"arcs":[[-624,643,644,-640,-643]],"type":"Polygon","properties":{"codigo":"207","nome":"Jardim das Oliveiras","municipio_nome":"São Paulo"},"id":"207"},{"arcs":[[-510,-518,645,646,647]],"type":"Polygon","properties":{"codigo":"208","nome":"Vila Califórnia","municipio_nome":"São Paulo"},"id":"208"},{"arcs":[[-647,648,649,650,651,652,653]],"type":"Polygon","properties":{"codigo":"209","nome":"Vila Carrão","municipio_nome":"São Paulo"},"id":"209"},{"arcs":[[-145,-153,-514,-511,-648,-654,654]],"type":"Polygon","properties":{"codigo":"210","nome":"Jardim Anália Franco","municipio_nome":"São Paulo"},"id":"210"},{"arcs":[[-146,-655,-653,655,656,657]],"type":"Polygon","properties":{"codigo":"211","nome":"Vila Formosa","municipio_nome":"São Paulo"},"id":"211"},{"arcs":[[-652,658,659,660,661,-656]],"type":"Polygon","properties":{"codigo":"212","nome":"Barreira Grande","municipio_nome":"São Paulo"},"id":"212"},{"arcs":[[-651,662,663,664,-659]],"type":"Polygon","properties":{"codigo":"213","nome":"Aricanduva","municipio_nome":"São Paulo"},"id":"213"},{"arcs":[[-517,-523,-528,665,-649,-646]],"type":"Polygon","properties":{"codigo":"214","nome":"Frei Mont'Alverne","municipio_nome":"São Paulo"},"id":"214"},{"arcs":[[-527,-532,666,667,668,-650,-666]],"type":"Polygon","properties":{"codigo":"215","nome":"Vila Matilde","municipio_nome":"São Paulo"},"id":"215"},{"arcs":[[-531,-537,669,-667]],"type":"Polygon","properties":{"codigo":"216","nome":"Cidade Patriarca","municipio_nome":"São Paulo"},"id":"216"},{"arcs":[[-535,-568,-605,-601,670]],"type":"Polygon","properties":{"codigo":"217","nome":"Cidade A.E.Carvalho","municipio_nome":"São Paulo"},"id":"217"},{"arcs":[[-536,-671,-599,671,672,-668,-670]],"type":"Polygon","properties":{"codigo":"218","nome":"Artur Alvim","municipio_nome":"São Paulo"},"id":"218"},{"arcs":[[-663,-669,-673,673,674]],"type":"Polygon","properties":{"codigo":"219","nome":"Cidade Líder","municipio_nome":"São Paulo"},"id":"219"},{"arcs":[[-594,675,676,-674,-672,-598]],"type":"Polygon","properties":{"codigo":"220","nome":"Santa Marcelina","municipio_nome":"São Paulo"},"id":"220"},{"arcs":[[-664,-675,-677,677,678,679]],"type":"Polygon","properties":{"codigo":"221","nome":"Parque Savoy","municipio_nome":"São Paulo"},"id":"221"},{"arcs":[[-593,680,681,-678,-676]],"type":"Polygon","properties":{"codigo":"222","nome":"Vila Carmosina","municipio_nome":"São Paulo"},"id":"222"},{"arcs":[[-592,682,683,-681]],"type":"Polygon","properties":{"codigo":"223","nome":"Fazenda Caguaçu","municipio_nome":"São Paulo"},"id":"223"},{"arcs":[[-679,-682,-684,684,685,686,687]],"type":"Polygon","properties":{"codigo":"224","nome":"Parque do Carmo","municipio_nome":"São Paulo"},"id":"224"},{"arcs":[[-591,688,689,690,691,692,-685,-683]],"type":"Polygon","properties":{"codigo":"225","nome":"Gleba do Pêssego","municipio_nome":"São Paulo"},"id":"225"},{"arcs":[[-588,-634,693,-689,-590]],"type":"Polygon","properties":{"codigo":"226","nome":"José Bonifácio","municipio_nome":"São Paulo"},"id":"226"},{"arcs":[[-633,-638,694,695,696,-690,-694]],"type":"Polygon","properties":{"codigo":"227","nome":"Guaianases","municipio_nome":"São Paulo"},"id":"227"},{"arcs":[[-696,697,698,699]],"type":"Polygon","properties":{"codigo":"228","nome":"Juscelino Kubitschek","municipio_nome":"São Paulo"},"id":"228"},{"arcs":[[-691,-697,-700,700,701,702]],"type":"Polygon","properties":{"codigo":"229","nome":"Cidade Tiradentes","municipio_nome":"São Paulo"},"id":"229"},{"arcs":[[-702,703,704,705]],"type":"Polygon","properties":{"codigo":"230","nome":"Santa Etelvina","municipio_nome":"São Paulo"},"id":"230"},{"arcs":[[-692,-703,-706,706,707,708,709]],"type":"Polygon","properties":{"codigo":"231","nome":"Terceira Divisão","municipio_nome":"São Paulo"},"id":"231"},{"arcs":[[-686,-693,-710,710,711,712]],"type":"Polygon","properties":{"codigo":"232","nome":"Iguatemi","municipio_nome":"São Paulo"},"id":"232"},{"arcs":[[-687,-713,713,714,715]],"type":"Polygon","properties":{"codigo":"233","nome":"Sítio Carrãozinho","municipio_nome":"São Paulo"},"id":"233"},{"arcs":[[-709,716,717,-711]],"type":"Polygon","properties":{"codigo":"234","nome":"Parque São Rafael","municipio_nome":"São Paulo"},"id":"234"},{"arcs":[[-712,-718,718,719,720,721,-714]],"type":"Polygon","properties":{"codigo":"235","nome":"Rodolfo Pirani","municipio_nome":"São Paulo"},"id":"235"},{"arcs":[[722,723,724,725]],"type":"Polygon","properties":{"codigo":"236","nome":"Ipiranga","municipio_nome":"São Paulo"},"id":"236"},{"arcs":[[-725,726,727,728,729,730]],"type":"Polygon","properties":{"codigo":"237","nome":"Sacomã","municipio_nome":"São Paulo"},"id":"237"},{"arcs":[[-730,731,732,733,734,735]],"type":"Polygon","properties":{"codigo":"238","nome":"Alto do Ipiranga","municipio_nome":"São Paulo"},"id":"238"},{"arcs":[[-159,736,-726,-731,-736,737,-162]],"type":"Polygon","properties":{"codigo":"239","nome":"Vila São José","municipio_nome":"São Paulo"},"id":"239"},{"arcs":[[-65,738,-723,-737,-158,-68]],"type":"Polygon","properties":{"codigo":"240","nome":"Vila Monumento","municipio_nome":"São Paulo"},"id":"240"},{"arcs":[[-64,-142,739,740,-727,-724,-739]],"type":"Polygon","properties":{"codigo":"241","nome":"Vila Independência","municipio_nome":"São Paulo"},"id":"241"},{"arcs":[[-728,-741,741,742,743]],"type":"Polygon","properties":{"codigo":"242","nome":"Vila Carioca","municipio_nome":"São Paulo"},"id":"242"},{"arcs":[[-733,744,745,746,747,748]],"type":"Polygon","properties":{"codigo":"243","nome":"Moinho Velho","municipio_nome":"São Paulo"},"id":"243"},{"arcs":[[-729,-744,749,750,-745,-732]],"type":"Polygon","properties":{"codigo":"244","nome":"Vila Heliópolis","municipio_nome":"São Paulo"},"id":"244"},{"arcs":[[-746,-751,751,752,753,754,755]],"type":"Polygon","properties":{"codigo":"245","nome":"São João Clímaco","municipio_nome":"São Paulo"},"id":"245"},{"arcs":[[-755,756,757,758]],"type":"Polygon","properties":{"codigo":"246","nome":"Anchieta","municipio_nome":"São Paulo"},"id":"246"},{"arcs":[[-747,-756,-759,759,760,761]],"type":"Polygon","properties":{"codigo":"247","nome":"Vila das Mercês","municipio_nome":"São Paulo"},"id":"247"},{"arcs":[[-761,762,763,764,765,766]],"type":"Polygon","properties":{"codigo":"248","nome":"Parque do Estado","municipio_nome":"São Paulo"},"id":"248"},{"arcs":[[-186,767,768,-748,-762,-767,769]],"type":"Polygon","properties":{"codigo":"249","nome":"Água Funda","municipio_nome":"São Paulo"},"id":"249"},{"arcs":[[-182,770,771,-768,-185]],"type":"Polygon","properties":{"codigo":"250","nome":"Jardim da Saúde","municipio_nome":"São Paulo"},"id":"250"},{"arcs":[[-167,-738,-735,772,-771,-181]],"type":"Polygon","properties":{"codigo":"251","nome":"Vila Gumercindo","municipio_nome":"São Paulo"},"id":"251"},{"arcs":[[-734,-749,-769,-772,-773]],"type":"Polygon","properties":{"codigo":"252","nome":"Jardim Previdência","municipio_nome":"São Paulo"},"id":"252"},{"arcs":[[-141,773,774,775,-742,-740]],"type":"Polygon","properties":{"codigo":"253","nome":"Tamanduateí","municipio_nome":"São Paulo"},"id":"253"},{"arcs":[[-138,-151,-149,776,777,-774,-140]],"type":"Polygon","properties":{"codigo":"254","nome":"Orfanato","municipio_nome":"São Paulo"},"id":"254"},{"arcs":[[-775,-778,778,779,780]],"type":"Polygon","properties":{"codigo":"255","nome":"Vila Zelina","municipio_nome":"São Paulo"},"id":"255"},{"arcs":[[-148,781,782,-779,-777]],"type":"Polygon","properties":{"codigo":"256","nome":"Linhas Corrente","municipio_nome":"São Paulo"},"id":"256"},{"arcs":[[-147,-658,783,784,-782]],"type":"Polygon","properties":{"codigo":"257","nome":"Vila Ema","municipio_nome":"São Paulo"},"id":"257"},{"arcs":[[-780,-783,-785,785,786,787,788]],"type":"Polygon","properties":{"codigo":"258","nome":"Parque São Lucas","municipio_nome":"São Paulo"},"id":"258"},{"arcs":[[789,790,791,792,793]],"type":"Polygon","properties":{"codigo":"259","nome":"Vila Cardoso Franco","municipio_nome":"São Paulo"},"id":"259"},{"arcs":[[-787,794,795,-794,796]],"type":"Polygon","properties":{"codigo":"260","nome":"Parque Santa Madalena","municipio_nome":"São Paulo"},"id":"260"},{"arcs":[[-657,-662,797,-795,-786,-784]],"type":"Polygon","properties":{"codigo":"261","nome":"Jardim Colorado","municipio_nome":"São Paulo"},"id":"261"},{"arcs":[[-661,798,799,800,-790,-796,-798]],"type":"Polygon","properties":{"codigo":"262","nome":"Teotônio Vilela","municipio_nome":"São Paulo"},"id":"262"},{"arcs":[[-791,-801,801,802,803]],"type":"Polygon","properties":{"codigo":"263","nome":"Fazenda da Juta","municipio_nome":"São Paulo"},"id":"263"},{"arcs":[[-721,804,-802,-800,805,806,807]],"type":"Polygon","properties":{"codigo":"264","nome":"São Mateus","municipio_nome":"São Paulo"},"id":"264"},{"arcs":[[-660,808,-806,-799]],"type":"Polygon","properties":{"codigo":"265","nome":"Cidade IV Centenário","municipio_nome":"São Paulo"},"id":"265"},{"arcs":[[-665,-680,-688,-716,809,-807,-809]],"type":"Polygon","properties":{"codigo":"266","nome":"Rio Claro","municipio_nome":"São Paulo"},"id":"266"},{"arcs":[[-715,-722,-808,-810]],"type":"Polygon","properties":{"codigo":"267","nome":"Cidade Satélite","municipio_nome":"São Paulo"},"id":"267"},{"arcs":[[-228,810,811,812]],"type":"Polygon","properties":{"codigo":"268","nome":"Joaquim Nabuco","municipio_nome":"São Paulo"},"id":"268"},{"arcs":[[-225,813,814,815,-811]],"type":"Polygon","properties":{"codigo":"269","nome":"Vieira de Moraes","municipio_nome":"São Paulo"},"id":"269"},{"arcs":[[-210,816,-814,-224]],"type":"Polygon","properties":{"codigo":"270","nome":"Campo Belo","municipio_nome":"São Paulo"},"id":"270"},{"arcs":[[-192,817,818,-815,-817]],"type":"Polygon","properties":{"codigo":"271","nome":"Congonhas","municipio_nome":"São Paulo"},"id":"271"},{"arcs":[[-812,-816,-819,819,820,821]],"type":"Polygon","properties":{"codigo":"272","nome":"Jardim Aeroporto","municipio_nome":"São Paulo"},"id":"272"},{"arcs":[[-821,822,823,824]],"type":"Polygon","properties":{"codigo":"273","nome":"Vila Santa Catarina","municipio_nome":"São Paulo"},"id":"273"},{"arcs":[[-191,825,826,-823,-820,-818]],"type":"Polygon","properties":{"codigo":"274","nome":"Jabaquara","municipio_nome":"São Paulo"},"id":"274"},{"arcs":[[-187,-770,-766,827,-826,-190]],"type":"Polygon","properties":{"codigo":"275","nome":"Cidade Vargas","municipio_nome":"São Paulo"},"id":"275"},{"arcs":[[-765,828,829,830,-824,-827,-828]],"type":"Polygon","properties":{"codigo":"276","nome":"Jardim Bom Clima","municipio_nome":"São Paulo"},"id":"276"},{"arcs":[[-822,-825,-831,831,832,833,834,835]],"type":"Polygon","properties":{"codigo":"277","nome":"Cupecê","municipio_nome":"São Paulo"},"id":"277"},{"arcs":[[-830,836,837,838,839,-832]],"type":"Polygon","properties":{"codigo":"278","nome":"Jardim Miriam","municipio_nome":"São Paulo"},"id":"278"},{"arcs":[[-833,-840,840,841]],"type":"Polygon","properties":{"codigo":"279","nome":"Vila Missionária","municipio_nome":"São Paulo"},"id":"279"},{"arcs":[[842,843,844,845,846,847]],"type":"Polygon","properties":{"codigo":"280","nome":"Jurubatuba","municipio_nome":"São Paulo"},"id":"280"},{"arcs":[[-835,848,-843,849,850]],"type":"Polygon","properties":{"codigo":"281","nome":"Vila São Pedro","municipio_nome":"São Paulo"},"id":"281"},{"arcs":[[-834,-842,851,852,-849]],"type":"Polygon","properties":{"codigo":"282","nome":"Campo Grande","municipio_nome":"São Paulo"},"id":"282"},{"arcs":[[-844,-853,853,854,855]],"type":"Polygon","properties":{"codigo":"283","nome":"Vila Sabará","municipio_nome":"São Paulo"},"id":"283"},{"arcs":[[-839,856,857,-854,-852,-841]],"type":"Polygon","properties":{"codigo":"284","nome":"Mar Paulista","municipio_nome":"São Paulo"},"id":"284"},{"arcs":[[-838,858,859,860,861,862,863,-857]],"type":"Polygon","properties":{"codigo":"285","nome":"Pedreira","municipio_nome":"São Paulo"},"id":"285"},{"arcs":[[-846,864,865,866,867]],"type":"Polygon","properties":{"codigo":"286","nome":"Vila Socorro","municipio_nome":"São Paulo"},"id":"286"},{"arcs":[[-845,868,869,870,-865]],"type":"Polygon","properties":{"codigo":"287","nome":"Parque Interlagos","municipio_nome":"São Paulo"},"id":"287"},{"arcs":[[-870,871,872,873,874]],"type":"Polygon","properties":{"codigo":"288","nome":"Jardim Represa","municipio_nome":"São Paulo"},"id":"288"},{"arcs":[[-856,875,876,-872,-869]],"type":"Polygon","properties":{"codigo":"289","nome":"Rio Bonito","municipio_nome":"São Paulo"},"id":"289"},{"arcs":[[-855,-858,-864,877,878,879,-876]],"type":"Polygon","properties":{"codigo":"290","nome":"SESC Interlagos","municipio_nome":"São Paulo"},"id":"290"},{"arcs":[[-873,-877,-880,880,881,882,883,884]],"type":"Polygon","properties":{"codigo":"291","nome":"Jardim Presidente","municipio_nome":"São Paulo"},"id":"291"},{"arcs":[[-882,885,886,887,888]],"type":"Polygon","properties":{"codigo":"292","nome":"Vila Natal","municipio_nome":"São Paulo"},"id":"292"},{"arcs":[[-879,889,890,-886,-881]],"type":"Polygon","properties":{"codigo":"293","nome":"Grajaú","municipio_nome":"São Paulo"},"id":"293"},{"arcs":[[-863,891,892,893,-890,-878]],"type":"Polygon","properties":{"codigo":"294","nome":"Cocaia","municipio_nome":"São Paulo"},"id":"294"},{"arcs":[[-887,-891,-894,894]],"type":"Polygon","properties":{"codigo":"295","nome":"Belmira Marin","municipio_nome":"São Paulo"},"id":"295"},{"arcs":[[-888,-895,-893,895,896,897]],"type":"Polygon","properties":{"codigo":"296","nome":"Bororé","municipio_nome":"São Paulo"},"id":"296"},{"arcs":[[-884,898,899,900,901,902]],"type":"Polygon","properties":{"codigo":"297","nome":"Jaceguava","municipio_nome":"São Paulo"},"id":"297"},{"arcs":[[-883,-889,-898,903,904,905,906,-899]],"type":"Polygon","properties":{"codigo":"298","nome":"Parelheiros","municipio_nome":"São Paulo"},"id":"298"},{"arcs":[[[-906,907,908]],[[909,910]],[[916,917,918]]],"type":"MultiPolygon","properties":{"codigo":"299","nome":"Marsilac","municipio_nome":"São Paulo"},"id":"299"},{"arcs":[[-905,919,-910,920,921,-913,922,923,-919,924,-916,925,-908]],"type":"Polygon","properties":{"codigo":"300","nome":"Jardim Emburá","municipio_nome":"São Paulo"},"id":"300"},{"arcs":[[-229,926,927,928,929,930]],"type":"Polygon","properties":{"codigo":"301","nome":"Granja Julieta","municipio_nome":"São Paulo"},"id":"301"},{"arcs":[[-813,-836,-851,931,-927]],"type":"Polygon","properties":{"codigo":"302","nome":"Chácara Flora","municipio_nome":"São Paulo"},"id":"302"},{"arcs":[[-848,932,-928,-932,-850]],"type":"Polygon","properties":{"codigo":"303","nome":"Santo Amaro","municipio_nome":"São Paulo"},"id":"303"},{"arcs":[[-847,-868,933,-929,-933]],"type":"Polygon","properties":{"codigo":"304","nome":"Vila Miranda","municipio_nome":"São Paulo"},"id":"304"},{"arcs":[[934,935,936,937,938]],"type":"Polygon","properties":{"codigo":"305","nome":"Jardim São Luís","municipio_nome":"São Paulo"},"id":"305"},{"arcs":[[-867,939,940,941,-935,942,-934]],"type":"Polygon","properties":{"codigo":"306","nome":"Centro Empresarial","municipio_nome":"São Paulo"},"id":"306"},{"arcs":[[-940,-866,-871,-875,943,944,945]],"type":"Polygon","properties":{"codigo":"307","nome":"Guarapiranga","municipio_nome":"São Paulo"},"id":"307"},{"arcs":[[-874,-885,-903,946,947,-944]],"type":"Polygon","properties":{"codigo":"308","nome":"Jardim Capela","municipio_nome":"São Paulo"},"id":"308"},{"arcs":[[-945,-948,948,949,950]],"type":"Polygon","properties":{"codigo":"309","nome":"Riviera","municipio_nome":"São Paulo"},"id":"309"},{"arcs":[[-950,951,952,953,954]],"type":"Polygon","properties":{"codigo":"310","nome":"Jardim Turquesa","municipio_nome":"São Paulo"},"id":"310"},{"arcs":[[-954,955,956,957]],"type":"Polygon","properties":{"codigo":"311","nome":"Morro do Índio","municipio_nome":"São Paulo"},"id":"311"},{"arcs":[[-941,-946,-951,-955,-958,958]],"type":"Polygon","properties":{"codigo":"312","nome":"Jardim Ângela","municipio_nome":"São Paulo"},"id":"312"},{"arcs":[[-936,-942,959,960,961,962]],"type":"Polygon","properties":{"codigo":"313","nome":"Capão Redondo","municipio_nome":"São Paulo"},"id":"313"},{"arcs":[[-957,963,-960,-959]],"type":"Polygon","properties":{"codigo":"314","nome":"Jardim Sônia Ingá","municipio_nome":"São Paulo"},"id":"314"},{"arcs":[[-953,964,965,966,-961,-964,-956]],"type":"Polygon","properties":{"codigo":"315","nome":"Adventista","municipio_nome":"São Paulo"},"id":"315"},{"arcs":[[-962,-967,967,968,969,970]],"type":"Polygon","properties":{"codigo":"316","nome":"Parque Fernanda","municipio_nome":"São Paulo"},"id":"316"},{"arcs":[[971,972,973,974,975,976]],"type":"Polygon","properties":{"codigo":"317","nome":"Morumbi","municipio_nome":"São Paulo"},"id":"317"},{"arcs":[[-217,-233,977,-977,978,-253,-251]],"type":"Polygon","properties":{"codigo":"318","nome":"Jóquei Clube","municipio_nome":"São Paulo"},"id":"318"},{"arcs":[[-230,979,980,-972,-978,-232]],"type":"Polygon","properties":{"codigo":"319","nome":"Fazenda Morumbi","municipio_nome":"São Paulo"},"id":"319"},{"arcs":[[-973,-981,981,982,983]],"type":"Polygon","properties":{"codigo":"320","nome":"Real Parque","municipio_nome":"São Paulo"},"id":"320"},{"arcs":[[-931,984,985,986,-982,-980]],"type":"Polygon","properties":{"codigo":"321","nome":"Paraisópolis","municipio_nome":"São Paulo"},"id":"321"},{"arcs":[[-930,-943,-939,987,-985]],"type":"Polygon","properties":{"codigo":"322","nome":"Jardim Vitória Régia","municipio_nome":"São Paulo"},"id":"322"},{"arcs":[[-938,988,989,990,991,-986,-988]],"type":"Polygon","properties":{"codigo":"323","nome":"Vila Suzana","municipio_nome":"São Paulo"},"id":"323"},{"arcs":[[-937,-963,-971,992,993,994,-989]],"type":"Polygon","properties":{"codigo":"324","nome":"Parque Arariba","municipio_nome":"São Paulo"},"id":"324"},{"arcs":[[-970,995,996,997,998,-993]],"type":"Polygon","properties":{"codigo":"325","nome":"Jardim Mitsutani","municipio_nome":"São Paulo"},"id":"325"},{"arcs":[[-994,-999,999,1000,1001]],"type":"Polygon","properties":{"codigo":"326","nome":"Pirajussara","municipio_nome":"São Paulo"},"id":"326"},{"arcs":[[-990,-995,-1002,1002,1003,1004]],"type":"Polygon","properties":{"codigo":"327","nome":"Jardim Umarizal","municipio_nome":"São Paulo"},"id":"327"},{"arcs":[[-983,-987,-992,1005,1006]],"type":"Polygon","properties":{"codigo":"328","nome":"Portal do Morumbi","municipio_nome":"São Paulo"},"id":"328"},{"arcs":[[-991,-1005,1007,1008,1009,-1006]],"type":"Polygon","properties":{"codigo":"329","nome":"Jardim Jussara","municipio_nome":"São Paulo"},"id":"329"},{"arcs":[[-974,-984,-1007,-1010,1010,1011,1012]],"type":"Polygon","properties":{"codigo":"330","nome":"Vila Sônia","municipio_nome":"São Paulo"},"id":"330"},{"arcs":[[-1009,1013,1014,1015,-1011]],"type":"Polygon","properties":{"codigo":"331","nome":"Jardim Maria do Carmo","municipio_nome":"São Paulo"},"id":"331"},{"arcs":[[-1015,1016,1017,1018,1019,1020,1021,1022,1023]],"type":"Polygon","properties":{"codigo":"332","nome":"Jardim Cambará","municipio_nome":"São Paulo"},"id":"332"},{"arcs":[[-1020,1024,1025,1026]],"type":"Polygon","properties":{"codigo":"333","nome":"Jardim João XXIII","municipio_nome":"São Paulo"},"id":"333"},{"arcs":[[-1021,-1027,1027,1028,1029,1030]],"type":"Polygon","properties":{"codigo":"334","nome":"Raposo Tavares","municipio_nome":"São Paulo"},"id":"334"},{"arcs":[[1031,1032,1033,1034,1035,1036]],"type":"Polygon","properties":{"codigo":"335","nome":"Rio Pequeno","municipio_nome":"São Paulo"},"id":"335"},{"arcs":[[-1023,1037,-1032,1038]],"type":"Polygon","properties":{"codigo":"336","nome":"Jardim Ester Yolanda","municipio_nome":"São Paulo"},"id":"336"},{"arcs":[[-1022,-1031,1039,1040,1041,-1033,-1038]],"type":"Polygon","properties":{"codigo":"337","nome":"Jardim Adalgiza","municipio_nome":"São Paulo"},"id":"337"},{"arcs":[[-1034,-1042,1042,1043]],"type":"Polygon","properties":{"codigo":"338","nome":"Parque Continental","municipio_nome":"São Paulo"},"id":"338"},{"arcs":[[-299,1044,-1035,-1044,1045,1046,1047,-331,-327]],"type":"Polygon","properties":{"codigo":"339","nome":"Jaguaré","municipio_nome":"São Paulo"},"id":"339"},{"arcs":[[-295,1048,1049,1050,-1036,-1045,-298]],"type":"Polygon","properties":{"codigo":"340","nome":"Cidade Universitária","municipio_nome":"São Paulo"},"id":"340"},{"arcs":[[-254,-979,-976,1051,-1049,-294]],"type":"Polygon","properties":{"codigo":"341","nome":"Butantã","municipio_nome":"São Paulo"},"id":"341"},{"arcs":[[-975,-1013,1052,-1050,-1052]],"type":"Polygon","properties":{"codigo":"342","nome":"Jardim Caxingui","municipio_nome":"São Paulo"},"id":"342"},{"arcs":[[-1012,-1016,-1024,-1039,-1037,-1051,-1053]],"type":"Polygon","properties":{"codigo":"343","nome":"Jardim Bonfiglioli","municipio_nome":"São Paulo"},"id":"343"},{"arcs":[[-359,-374,1053,1054,1055,-441,-375]],"type":"Polygon","properties":{"codigo":"344","nome":"Melhoramentos","municipio_nome":"Caieiras"},"id":"344"},{"arcs":[[-373,1056,1057,1058,1059,-1054]],"type":"Polygon","properties":{"codigo":"345","nome":"Caieiras","municipio_nome":"Caieiras"},"id":"345"},{"arcs":[[-1058,1060,1061,1062]],"type":"Polygon","properties":{"codigo":"346","nome":"Serpa","municipio_nome":"Caieiras"},"id":"346"},{"arcs":[[1063,-1061,-1057,-372,-370,1064]],"type":"Polygon","properties":{"codigo":"347","nome":"Santa Inês","municipio_nome":"Caieiras"},"id":"347"},{"arcs":[[1065,1066,-1065,-369,-366,1067]],"type":"Polygon","properties":{"codigo":"348","nome":"Cajamar","municipio_nome":"Cajamar"},"id":"348"},{"arcs":[[-1066,1068,1069,1070,1071]],"type":"Polygon","properties":{"codigo":"349","nome":"Jordanésia","municipio_nome":"Cajamar"},"id":"349"},{"arcs":[[-1062,-1064,-1067,-1072,1072,1073,1074]],"type":"Polygon","properties":{"codigo":"350","nome":"Cristais","municipio_nome":"Franco da Rocha"},"id":"350"},{"arcs":[[-1059,-1063,-1075,1075,1076,1077,1078]],"type":"Polygon","properties":{"codigo":"351","nome":"Baltazar Fidélis","municipio_nome":"Franco da Rocha"},"id":"351"},{"arcs":[[-1078,1079,1080,1081,1082]],"type":"Polygon","properties":{"codigo":"352","nome":"Franco da Rocha","municipio_nome":"Franco da Rocha"},"id":"352"},{"arcs":[[-1055,-1060,-1079,-1083,1083,1084,1085]],"type":"Polygon","properties":{"codigo":"353","nome":"Parque do Juqueri","municipio_nome":"Franco da Rocha"},"id":"353"},{"arcs":[[-1082,1086,1087,1088,1089,-1084]],"type":"Polygon","properties":{"codigo":"354","nome":"Palmares","municipio_nome":"Franco da Rocha"},"id":"354"},{"arcs":[[-1074,1090,1091,1092,-1076]],"type":"Polygon","properties":{"codigo":"355","nome":"Sete Voltas","municipio_nome":"Francisco Morato"},"id":"355"},{"arcs":[[-1077,-1093,1093,-1080]],"type":"Polygon","properties":{"codigo":"356","nome":"Afonso Moreno","municipio_nome":"Francisco Morato"},"id":"356"},{"arcs":[[-1081,-1094,-1092,1094,1095,-1087]],"type":"Polygon","properties":{"codigo":"357","nome":"Francisco Morato","municipio_nome":"Francisco Morato"},"id":"357"},{"arcs":[[-1088,-1096,1096]],"type":"Polygon","properties":{"codigo":"358","nome":"Cascatas","municipio_nome":"Francisco Morato"},"id":"358"},{"arcs":[[-461,1097,1098,1099]],"type":"Polygon","properties":{"codigo":"359","nome":"Mairiporã","municipio_nome":"Mairiporã"},"id":"359"},{"arcs":[[-442,-1056,-1086,1100,-1098,-460,-450]],"type":"Polygon","properties":{"codigo":"360","nome":"Paiva Castro","municipio_nome":"Mairiporã"},"id":"360"},{"arcs":[[-1085,-1090,1101,1102,-1099,-1101]],"type":"Polygon","properties":{"codigo":"361","nome":"Colinas","municipio_nome":"Mairiporã"},"id":"361"},{"arcs":[[-462,-1100,-1103,1103,1104,1105,1106]],"type":"Polygon","properties":{"codigo":"362","nome":"Pirucaia","municipio_nome":"Mairiporã"},"id":"362"},{"arcs":[[1107,1108,1109,1110,1111]],"type":"Polygon","properties":{"codigo":"363","nome":"Guarulhos","municipio_nome":"Guarulhos"},"id":"363"},{"arcs":[[-1112,1112,1113,1114,1115]],"type":"Polygon","properties":{"codigo":"364","nome":"Macedo","municipio_nome":"Guarulhos"},"id":"364"},{"arcs":[[-554,1116,1117,1118,1119,1120,-578]],"type":"Polygon","properties":{"codigo":"365","nome":"Cumbica","municipio_nome":"Guarulhos"},"id":"365"},{"arcs":[[-549,1121,-1108,-1116,1122,-1117,-553]],"type":"Polygon","properties":{"codigo":"366","nome":"Várzea do Palácio","municipio_nome":"Guarulhos"},"id":"366"},{"arcs":[[-487,1123,1124,-1109,-1122,-548,-519,-499,-492]],"type":"Polygon","properties":{"codigo":"367","nome":"Ponte Grande","municipio_nome":"Guarulhos"},"id":"367"},{"arcs":[[-1110,-1125,1125,1126]],"type":"Polygon","properties":{"codigo":"368","nome":"Gopouva","municipio_nome":"Guarulhos"},"id":"368"},{"arcs":[[-481,1127,1128,-1126,-1124,-486,-483]],"type":"Polygon","properties":{"codigo":"369","nome":"Vila São Rafael","municipio_nome":"Guarulhos"},"id":"369"},{"arcs":[[-480,1129,1130,-1128]],"type":"Polygon","properties":{"codigo":"370","nome":"Vila Rosália","municipio_nome":"Guarulhos"},"id":"370"},{"arcs":[[-1111,-1127,-1129,-1131,1131,1132,-1113]],"type":"Polygon","properties":{"codigo":"371","nome":"André Luiz","municipio_nome":"Guarulhos"},"id":"371"},{"arcs":[[-1114,-1133,1133,1134,1135,1136]],"type":"Polygon","properties":{"codigo":"372","nome":"Jardim Santa Clara","municipio_nome":"Guarulhos"},"id":"372"},{"arcs":[[-1115,-1137,1137,1138,-1118,-1123]],"type":"Polygon","properties":{"codigo":"373","nome":"Parque CECAP","municipio_nome":"Guarulhos"},"id":"373"},{"arcs":[[-1136,1139,1140,-1138]],"type":"Polygon","properties":{"codigo":"374","nome":"Taboão","municipio_nome":"Guarulhos"},"id":"374"},{"arcs":[[-1119,-1139,-1141,1141,1142,1143]],"type":"Polygon","properties":{"codigo":"375","nome":"Aeroporto","municipio_nome":"Guarulhos"},"id":"375"},{"arcs":[[-1120,-1144,1144,1145,1146,1147,1148]],"type":"Polygon","properties":{"codigo":"376","nome":"Jardim Presidente Dutra","municipio_nome":"Guarulhos"},"id":"376"},{"arcs":[[-1147,1149,1150,1151,1152,1153]],"type":"Polygon","properties":{"codigo":"377","nome":"Baquirivu","municipio_nome":"Guarulhos"},"id":"377"},{"arcs":[[-619,1154,-1148,-1154,1155,1156,1157,-622]],"type":"Polygon","properties":{"codigo":"378","nome":"Água Chata","municipio_nome":"Guarulhos"},"id":"378"},{"arcs":[[-579,-1121,-1149,-1155,-618,-615,-613]],"type":"Polygon","properties":{"codigo":"379","nome":"Pimentas","municipio_nome":"Guarulhos"},"id":"379"},{"arcs":[[-466,1158,1159,-1134,-1132,-1130,-479]],"type":"Polygon","properties":{"codigo":"380","nome":"Cabuçu","municipio_nome":"Guarulhos"},"id":"380"},{"arcs":[[-1135,-1160,1160,1161,-1142,-1140]],"type":"Polygon","properties":{"codigo":"381","nome":"Invernada","municipio_nome":"Guarulhos"},"id":"381"},{"arcs":[[-463,-1107,1162,1163,-1161,-1159,-465]],"type":"Polygon","properties":{"codigo":"382","nome":"Morro dos Macacos","municipio_nome":"Guarulhos"},"id":"382"},{"arcs":[[-1143,-1162,-1164,1164,1165,-1145]],"type":"Polygon","properties":{"codigo":"383","nome":"Chácaras Bananal","municipio_nome":"Guarulhos"},"id":"383"},{"arcs":[[-1146,-1166,1166,-1150]],"type":"Polygon","properties":{"codigo":"384","nome":"Estrada de Nazaré Paulista","municipio_nome":"Guarulhos"},"id":"384"},{"arcs":[[-1106,1167,1168,-1151,-1167,-1165,-1163]],"type":"Polygon","properties":{"codigo":"385","nome":"Água Azul","municipio_nome":"Guarulhos"},"id":"385"},{"arcs":[[-1105,1169,1170,1171,1172,1173,-1168]],"type":"Polygon","properties":{"codigo":"386","nome":"Vasconcelândia","municipio_nome":"Guarulhos"},"id":"386"},{"arcs":[[-1152,-1169,-1174,1174,1175,1176]],"type":"Polygon","properties":{"codigo":"387","nome":"Arujazinho","municipio_nome":"Arujá"},"id":"387"},{"arcs":[[-1153,-1177,1177,1178,1179,-1156]],"type":"Polygon","properties":{"codigo":"388","nome":"Arujá","municipio_nome":"Arujá"},"id":"388"},{"arcs":[[-1179,1180,1181,1182,1183]],"type":"Polygon","properties":{"codigo":"389","nome":"Fazenda Velha","municipio_nome":"Arujá"},"id":"389"},{"arcs":[[1184,1185,1186,1187]],"type":"Polygon","properties":{"codigo":"390","nome":"Santa Isabel","municipio_nome":"Santa Isabel"},"id":"390"},{"arcs":[[1189,1190,-1187,1191,-1181,-1178,-1176,1192]],"type":"Polygon","properties":{"codigo":"391","nome":"Jaguari","municipio_nome":"Santa Isabel"},"id":"391"},{"arcs":[[-1175,-1173,-1189,-1171,1195,-1195,1196,-1193]],"type":"Polygon","properties":{"codigo":"392","nome":"Barroca Funda","municipio_nome":"Santa Isabel"},"id":"392"},{"arcs":[[-1191,1197,1198,-1188]],"type":"Polygon","properties":{"codigo":"393","nome":"Monte Negro","municipio_nome":"Santa Isabel"},"id":"393"},{"arcs":[[-637,1199,1200,1201,1202,1203,-698,-695]],"type":"Polygon","properties":{"codigo":"394","nome":"Ferraz de Vasconcelos","municipio_nome":"Ferraz de Vasconcelos"},"id":"394"},{"arcs":[[-699,-1204,1204,1205,1206,-704,-701]],"type":"Polygon","properties":{"codigo":"395","nome":"Paiol Velho","municipio_nome":"Ferraz de Vasconcelos"},"id":"395"},{"arcs":[[-636,-642,1207,1208,-1200]],"type":"Polygon","properties":{"codigo":"396","nome":"Santos Dumont","municipio_nome":"Ferraz de Vasconcelos"},"id":"396"},{"arcs":[[-1202,1209,1210]],"type":"Polygon","properties":{"codigo":"397","nome":"Jardim São José","municipio_nome":"Poá"},"id":"397"},{"arcs":[[-1201,-1209,1211,1212,1213,-1210]],"type":"Polygon","properties":{"codigo":"398","nome":"Poá","municipio_nome":"Poá"},"id":"398"},{"arcs":[[-641,-645,1214,1215,1216,-1212,-1208]],"type":"Polygon","properties":{"codigo":"399","nome":"Itaquaquecetuba","municipio_nome":"Itaquaquecetuba"},"id":"399"},{"arcs":[[-623,-1158,1217,1218,-1215,-644]],"type":"Polygon","properties":{"codigo":"400","nome":"Quinta da Boa Vista","municipio_nome":"Itaquaquecetuba"},"id":"400"},{"arcs":[[-1157,-1180,-1184,1219,-1218]],"type":"Polygon","properties":{"codigo":"401","nome":"Bonsucesso","municipio_nome":"Itaquaquecetuba"},"id":"401"},{"arcs":[[-1183,1220,1221,1222,-1216,-1219,-1220]],"type":"Polygon","properties":{"codigo":"402","nome":"Pinheirinho","municipio_nome":"Itaquaquecetuba"},"id":"402"},{"arcs":[[-1213,-1217,-1223,1223,1224,1225]],"type":"Polygon","properties":{"codigo":"403","nome":"Miguel Badra","municipio_nome":"Suzano"},"id":"403"},{"arcs":[[-1203,-1211,-1214,-1226,1226,1227,1228]],"type":"Polygon","properties":{"codigo":"404","nome":"Suzano","municipio_nome":"Suzano"},"id":"404"},{"arcs":[[-1228,1229,1230,1231,1232,1233,1234,1235]],"type":"Polygon","properties":{"codigo":"405","nome":"Guaió","municipio_nome":"Suzano"},"id":"405"},{"arcs":[[-1205,-1229,-1236,1236,1237]],"type":"Polygon","properties":{"codigo":"406","nome":"Ouro Fino","municipio_nome":"Suzano"},"id":"406"},{"arcs":[[1238,1239,1240]],"type":"Polygon","properties":{"codigo":"407","nome":"Mogi das Cruzes","municipio_nome":"Mogi das Cruzes"},"id":"407"},{"arcs":[[-1241,1241,1242,1243,1244,1245]],"type":"Polygon","properties":{"codigo":"408","nome":"Estudantes","municipio_nome":"Mogi das Cruzes"},"id":"408"},{"arcs":[[-1239,-1246,1246,1247,1248]],"type":"Polygon","properties":{"codigo":"409","nome":"Vila Oliveira","municipio_nome":"Mogi das Cruzes"},"id":"409"},{"arcs":[[-1240,-1249,1249,1250,1251,-1242]],"type":"Polygon","properties":{"codigo":"410","nome":"Brás Cubas","municipio_nome":"Mogi das Cruzes"},"id":"410"},{"arcs":[[-1225,1252,-1251,1253,-1230,-1227]],"type":"Polygon","properties":{"codigo":"411","nome":"Jundiapeba","municipio_nome":"Mogi das Cruzes"},"id":"411"},{"arcs":[[-1222,1254,-1243,-1252,-1253,-1224]],"type":"Polygon","properties":{"codigo":"412","nome":"Jardim Graziella","municipio_nome":"Mogi das Cruzes"},"id":"412"},{"arcs":[[-1182,-1192,-1186,1255,1256,1257,-1244,-1255,-1221]],"type":"Polygon","properties":{"codigo":"413","nome":"Itapeti","municipio_nome":"Mogi das Cruzes"},"id":"413"},{"arcs":[[-1257,1258,1259,1260,1261]],"type":"Polygon","properties":{"codigo":"414","nome":"Sabaúna","municipio_nome":"Mogi das Cruzes"},"id":"414"},{"arcs":[[-1245,-1258,-1262,1262,1263,-1247]],"type":"Polygon","properties":{"codigo":"415","nome":"César de Souza","municipio_nome":"Mogi das Cruzes"},"id":"415"},{"arcs":[[-1231,-1254,-1250,-1248,-1264,1264,1265,1266]],"type":"Polygon","properties":{"codigo":"416","nome":"Taiaçupeba","municipio_nome":"Mogi das Cruzes"},"id":"416"},{"arcs":[[-1267,1280,1281,-1270,1282,-1271,1283,-1273,1284,-1276,1285,-1277,1286,-1280,1287,-1232]],"type":"Polygon","properties":{"codigo":"417","nome":"Quatinga-Barroso","municipio_nome":"Mogi das Cruzes"},"id":"417"},{"arcs":[[[-1261,1288,1289,1290,1291,1292,-1265,-1263]],[[1294,1295]],[[1296,1297]],[[1316,1317,1318]]],"type":"MultiPolygon","properties":{"codigo":"418","nome":"Biritiba-Mirim","municipio_nome":"Biritiba-Mirim"},"id":"418"},{"arcs":[[-1272,-1283,-1269,-1294,-1281,-1266,-1293,1323,-1319,1324,-1303,1325,1326,-1302,1327,-1306,1328,-1316,1329,1330,1331,1332,1333,-1323,1334,1335,-1321,1336,-1311,1337,-1310,1338,-1299,1339,-1307,1340,1341,1342,-1314,1343,1344,1345,-1297,1346,-1295,1347,1348,1349,-1274,-1284]],"type":"Polygon","properties":{"codigo":"419","nome":"Pico da Esplanada","municipio_nome":"Biritiba-Mirim"},"id":"419"},{"arcs":[[[-1292,1350,1351,1352,1353,-1317,-1324]],[[-1331,1355]],[[-1333,1356]],[[1365,1366]],[[1379,1380]],[[1395,1396]]],"type":"MultiPolygon","properties":{"codigo":"420","nome":"Salesópolis","municipio_nome":"Salesópolis"},"id":"420"},{"arcs":[[-1296,-1347,-1298,-1346,-1360,-1344,-1313,-1343,-1359,-1341,-1308,-1340,-1300,-1339,-1309,-1338,-1312,-1337,-1320,-1336,-1358,-1322,-1334,-1357,-1332,-1356,-1330,-1315,-1329,-1305,-1328,-1301,-1327,-1355,-1304,-1325,-1318,-1354,1397,-1388,1398,-1391,1399,-1383,1400,-1386,1401,-1375,1402,-1372,1403,-1378,1404,-1376,1405,-1381,1406,-1385,1407,-1370,1408,-1364,1409,-1363,1410,-1367,1411,-1369,1412,-1393,1413,-1395,1414,-1396,1415,-1361,-1348]],"type":"Polygon","properties":{"codigo":"421","nome":"Parque Nascentes do Tietê","municipio_nome":"Salesópolis"},"id":"421"},{"arcs":[[-1199,1416,-1352,1417,-1259,-1256,-1185]],"type":"Polygon","properties":{"codigo":"422","nome":"Guararema","municipio_nome":"Guararema"},"id":"422"},{"arcs":[[-1418,-1351,-1291,-1419,-1289,-1260]],"type":"Polygon","properties":{"codigo":"423","nome":"Vila Luis Carlos","municipio_nome":"Guararema"},"id":"423"},{"arcs":[[1419,1420,1421,1422,1423]],"type":"Polygon","properties":{"codigo":"424","nome":"Santa Paula","municipio_nome":"São Caetano do Sul"},"id":"424"},{"arcs":[[-1422,1424,1425,1426,1427]],"type":"Polygon","properties":{"codigo":"425","nome":"Vila Gerti","municipio_nome":"São Caetano do Sul"},"id":"425"},{"arcs":[[-753,1428,-1423,-1428,1429,1430]],"type":"Polygon","properties":{"codigo":"426","nome":"Estrada das Lágrimas","municipio_nome":"São Caetano do Sul"},"id":"426"},{"arcs":[[-750,1431,-1424,-1429,-752]],"type":"Polygon","properties":{"codigo":"427","nome":"Santo Antônio","municipio_nome":"São Caetano do Sul"},"id":"427"},{"arcs":[[-743,-776,-781,-789,1432,-1420,-1432]],"type":"Polygon","properties":{"codigo":"428","nome":"São Caetano do Sul","municipio_nome":"São Caetano do Sul"},"id":"428"},{"arcs":[[1433,1434,1435,1436,1437,1438,1439,1440]],"type":"Polygon","properties":{"codigo":"429","nome":"Santo André","municipio_nome":"Santo André"},"id":"429"},{"arcs":[[-1439,1441,1442,1443]],"type":"Polygon","properties":{"codigo":"430","nome":"Vila Gilda","municipio_nome":"Santo André"},"id":"430"},{"arcs":[[-1440,-1444,1444,1445,1446]],"type":"Polygon","properties":{"codigo":"431","nome":"Valparaíso","municipio_nome":"Santo André"},"id":"431"},{"arcs":[[-1427,1447,-1446,1448,-1430]],"type":"Polygon","properties":{"codigo":"432","nome":"Sacadura Cabral","municipio_nome":"Santo André"},"id":"432"},{"arcs":[[-1426,1449,-1441,-1447,-1448]],"type":"Polygon","properties":{"codigo":"433","nome":"Campestre","municipio_nome":"Santo André"},"id":"433"},{"arcs":[[-788,1450,-1434,-1450,-1425,-1421,-1433]],"type":"Polygon","properties":{"codigo":"434","nome":"Utinga","municipio_nome":"Santo André"},"id":"434"},{"arcs":[[-793,1451,1452,-1435,-1451,-797]],"type":"Polygon","properties":{"codigo":"435","nome":"Vila Lucinda","municipio_nome":"Santo André"},"id":"435"},{"arcs":[[-792,-804,1453,1454,-1452]],"type":"Polygon","properties":{"codigo":"436","nome":"Parque Oratório","municipio_nome":"Santo André"},"id":"436"},{"arcs":[[-1436,-1453,-1455,1455,1456]],"type":"Polygon","properties":{"codigo":"437","nome":"Parque das Nações","municipio_nome":"Santo André"},"id":"437"},{"arcs":[[-1437,-1457,1457,1458,1459]],"type":"Polygon","properties":{"codigo":"438","nome":"Jardim do Estádio","municipio_nome":"Santo André"},"id":"438"},{"arcs":[[-1438,-1460,1460,1461,1462,-1442]],"type":"Polygon","properties":{"codigo":"439","nome":"Carijós","municipio_nome":"Santo André"},"id":"439"},{"arcs":[[-1459,1463,1464,1465,1466,1467,1468,-1461]],"type":"Polygon","properties":{"codigo":"440","nome":"Parque do Pedroso","municipio_nome":"Santo André"},"id":"440"},{"arcs":[[-1233,-1288,-1279,-1287,1469,1470,1471,-1466,1472,1473,1474]],"type":"Polygon","properties":{"codigo":"441","nome":"Paranapiacaba","municipio_nome":"Santo André"},"id":"441"},{"arcs":[[-720,1475,1476,1477,-1464,-1458,-1456,-1454,-803,-805]],"type":"Polygon","properties":{"codigo":"442","nome":"Capuava","municipio_nome":"Mauá"},"id":"442"},{"arcs":[[-1477,1478,1479,1480]],"type":"Polygon","properties":{"codigo":"443","nome":"Mauá","municipio_nome":"Mauá"},"id":"443"},{"arcs":[[-708,1481,1482,-1479,-1476,-719,-717]],"type":"Polygon","properties":{"codigo":"444","nome":"Jardim Zaíra","municipio_nome":"Mauá"},"id":"444"},{"arcs":[[-1480,-1483,1483,1484,1485]],"type":"Polygon","properties":{"codigo":"445","nome":"Barão de Mauá","municipio_nome":"Mauá"},"id":"445"},{"arcs":[[-705,-1207,1486,-1484,-1482,-707]],"type":"Polygon","properties":{"codigo":"446","nome":"Estrada do Carneiro","municipio_nome":"Mauá"},"id":"446"},{"arcs":[[-1465,-1478,-1481,-1486,1487,1488,1489,1490,-1473]],"type":"Polygon","properties":{"codigo":"447","nome":"Ribeirão Pires","municipio_nome":"Ribeirão Pires"},"id":"447"},{"arcs":[[-1206,-1238,1491,-1488,-1485,-1487]],"type":"Polygon","properties":{"codigo":"448","nome":"Jardim Santa Luzia","municipio_nome":"Ribeirão Pires"},"id":"448"},{"arcs":[[-1235,1492,-1489,-1492,-1237]],"type":"Polygon","properties":{"codigo":"449","nome":"Ouro Fino Paulista","municipio_nome":"Ribeirão Pires"},"id":"449"},{"arcs":[[-1234,-1475,1493,-1490,-1493]],"type":"Polygon","properties":{"codigo":"450","nome":"Parque Sete Pontes","municipio_nome":"Rio Grande da Serra"},"id":"450"},{"arcs":[[-1474,-1491,-1494]],"type":"Polygon","properties":{"codigo":"451","nome":"Rio Grande da Serra","municipio_nome":"Rio Grande da Serra"},"id":"451"},{"arcs":[[1494,1495,1496,1497,1498,1499,1500]],"type":"Polygon","properties":{"codigo":"452","nome":"Planalto","municipio_nome":"São Bernardo do Campo"},"id":"452"},{"arcs":[[-758,1501,-1500,1502,1503,-760]],"type":"Polygon","properties":{"codigo":"453","nome":"Paulicéia","municipio_nome":"São Bernardo do Campo"},"id":"453"},{"arcs":[[-754,-1431,-1449,-1445,1504,-1501,-1502,-757]],"type":"Polygon","properties":{"codigo":"454","nome":"Rudge Ramos","municipio_nome":"São Bernardo do Campo"},"id":"454"},{"arcs":[[-1443,-1463,1505,1506,-1495,-1505]],"type":"Polygon","properties":{"codigo":"455","nome":"Baeta Neves","municipio_nome":"São Bernardo do Campo"},"id":"455"},{"arcs":[[-1496,-1507,1507,1508]],"type":"Polygon","properties":{"codigo":"456","nome":"São Bernardo do Campo","municipio_nome":"São Bernardo do Campo"},"id":"456"},{"arcs":[[-1462,-1469,1509,1510,-1508,-1506]],"type":"Polygon","properties":{"codigo":"457","nome":"Montanhão","municipio_nome":"São Bernardo do Campo"},"id":"457"},{"arcs":[[-1497,-1509,-1511,1511,1512]],"type":"Polygon","properties":{"codigo":"458","nome":"Demarchi","municipio_nome":"São Bernardo do Campo"},"id":"458"},{"arcs":[[-1468,1513,1514,1515,-1512,-1510]],"type":"Polygon","properties":{"codigo":"459","nome":"Riacho Grande","municipio_nome":"São Bernardo do Campo"},"id":"459"},{"arcs":[[-1467,-1472,1516,-1514]],"type":"Polygon","properties":{"codigo":"460","nome":"Caminho do Mar","municipio_nome":"São Bernardo do Campo"},"id":"460"},{"arcs":[[-897,1517,-1515,-1517,-1471,1518,-921,-911,-920,-904]],"type":"Polygon","properties":{"codigo":"461","nome":"Bairro dos Finco","municipio_nome":"São Bernardo do Campo"},"id":"461"},{"arcs":[[-862,1519,1520,-1498,-1513,-1516,-1518,-896,-892]],"type":"Polygon","properties":{"codigo":"462","nome":"Reservatório Billings","municipio_nome":"São Bernardo do Campo"},"id":"462"},{"arcs":[[-764,1521,1522,-859,-837,-829]],"type":"Polygon","properties":{"codigo":"463","nome":"Diadema","municipio_nome":"Diadema"},"id":"463"},{"arcs":[[-763,-1504,1523,-1522]],"type":"Polygon","properties":{"codigo":"464","nome":"Jardim das Nações","municipio_nome":"Diadema"},"id":"464"},{"arcs":[[-1499,-1521,1524,1525,-1524,-1503]],"type":"Polygon","properties":{"codigo":"465","nome":"Piraporinha","municipio_nome":"Diadema"},"id":"465"},{"arcs":[[-860,-1523,-1526,1526]],"type":"Polygon","properties":{"codigo":"466","nome":"Vila Conceição","municipio_nome":"Diadema"},"id":"466"},{"arcs":[[-861,-1527,-1525,-1520]],"type":"Polygon","properties":{"codigo":"467","nome":"Eldorado","municipio_nome":"Diadema"},"id":"467"},{"arcs":[[-1004,1527,-1017,-1014,-1008]],"type":"Polygon","properties":{"codigo":"468","nome":"Taboão da Serra","municipio_nome":"Taboão da Serra"},"id":"468"},{"arcs":[[-1001,1528,-1018,-1528,-1003]],"type":"Polygon","properties":{"codigo":"469","nome":"Jardim Irapuã","municipio_nome":"Taboão da Serra"},"id":"469"},{"arcs":[[-998,1529,1530,1531,-1025,-1019,-1529,-1000]],"type":"Polygon","properties":{"codigo":"470","nome":"Parque Pinheiros","municipio_nome":"Taboão da Serra"},"id":"470"},{"arcs":[[-997,1532,1533,1534,-1530]],"type":"Polygon","properties":{"codigo":"471","nome":"Parque Industrial","municipio_nome":"Taboão da Serra"},"id":"471"},{"arcs":[[-969,1535,-1533,-996]],"type":"Polygon","properties":{"codigo":"472","nome":"Santo Eduardo","municipio_nome":"Embu das Artes"},"id":"472"},{"arcs":[[-966,1536,1537,-1534,-1536,-968]],"type":"Polygon","properties":{"codigo":"473","nome":"São Marcos","municipio_nome":"Embu das Artes"},"id":"473"},{"arcs":[[-1531,-1535,-1538,1538,1539,1540]],"type":"Polygon","properties":{"codigo":"474","nome":"Embu das Artes","municipio_nome":"Embu das Artes"},"id":"474"},{"arcs":[[-1540,1541,1542,1543,1544,1545]],"type":"Polygon","properties":{"codigo":"475","nome":"Ressaca","municipio_nome":"Embu das Artes"},"id":"475"},{"arcs":[[-902,1546,1547,1548,-1539,-1537,-965,-952,-949,-947]],"type":"Polygon","properties":{"codigo":"476","nome":"Itapecerica da Serra","municipio_nome":"Itapecerica da Serra"},"id":"476"},{"arcs":[[-1548,1549,1550,1551]],"type":"Polygon","properties":{"codigo":"477","nome":"Jardim Petrópolis","municipio_nome":"Itapecerica da Serra"},"id":"477"},{"arcs":[[-1542,-1549,-1552,1552,1553,1554]],"type":"Polygon","properties":{"codigo":"478","nome":"Embu-Mirim","municipio_nome":"Itapecerica da Serra"},"id":"478"},{"arcs":[[-1551,1555,1556,1557,1558,1559,1560,1561,-1553]],"type":"Polygon","properties":{"codigo":"479","nome":"São Lourenço da Serra","municipio_nome":"São Lourenço da Serra"},"id":"479"},{"arcs":[[-901,1562,1563,-1556,-1550,-1547]],"type":"Polygon","properties":{"codigo":"480","nome":"Embu-Guaçu","municipio_nome":"Embu-Guaçu"},"id":"480"},{"arcs":[[-900,-907,-909,-926,-915,1564,-1563]],"type":"Polygon","properties":{"codigo":"481","nome":"Cipó","municipio_nome":"Embu-Guaçu"},"id":"481"},{"arcs":[[-918,1565,-1557,-1564,-1565,-914,-925]],"type":"Polygon","properties":{"codigo":"482","nome":"Santa Rita","municipio_nome":"Embu-Guaçu"},"id":"482"},{"arcs":[[-1559,1566,1567,1568]],"type":"Polygon","properties":{"codigo":"483","nome":"Juquitiba","municipio_nome":"Juquitiba"},"id":"483"},{"arcs":[[1569,-1567,-1558,-1566,-917,-924]],"type":"Polygon","properties":{"codigo":"484","nome":"Cascalheira","municipio_nome":"Juquitiba"},"id":"484"},{"arcs":[[-1569,1570,-1560]],"type":"Polygon","properties":{"codigo":"485","nome":"Três Nascentes","municipio_nome":"Juquitiba"},"id":"485"},{"arcs":[[1571,1572,1573,1574,1575,1576,1577,1578]],"type":"Polygon","properties":{"codigo":"486","nome":"Barueri","municipio_nome":"Barueri"},"id":"486"},{"arcs":[[-364,1579,1580,1581,-1573,1582]],"type":"Polygon","properties":{"codigo":"487","nome":"Aphaville","municipio_nome":"Barueri"},"id":"487"},{"arcs":[[-1574,-1582,1583,1584,1585]],"type":"Polygon","properties":{"codigo":"488","nome":"Tamboré","municipio_nome":"Barueri"},"id":"488"},{"arcs":[[-1577,1586,1587,1588,1589]],"type":"Polygon","properties":{"codigo":"489","nome":"Antônio João","municipio_nome":"Barueri"},"id":"489"},{"arcs":[[-1588,1590,1591,1592,1593]],"type":"Polygon","properties":{"codigo":"490","nome":"Vutopoca","municipio_nome":"Barueri"},"id":"490"},{"arcs":[[-1589,-1594,1594,1595,1596]],"type":"Polygon","properties":{"codigo":"491","nome":"Jardim Silveira","municipio_nome":"Barueri"},"id":"491"},{"arcs":[[-1578,-1590,-1597,1597,1598]],"type":"Polygon","properties":{"codigo":"492","nome":"Jardim Belval","municipio_nome":"Barueri"},"id":"492"},{"arcs":[[-1579,-1599,1599,1600,1601]],"type":"Polygon","properties":{"codigo":"493","nome":"Morada dos Lagos","municipio_nome":"Barueri"},"id":"493"},{"arcs":[[-1576,1602,1603,1604,-1591,-1587]],"type":"Polygon","properties":{"codigo":"494","nome":"Cidade Ariston","municipio_nome":"Carapicuíba"},"id":"494"},{"arcs":[[-1575,-1586,1605,1606,1607,1608,-1603]],"type":"Polygon","properties":{"codigo":"495","nome":"Carapicuíba","municipio_nome":"Carapicuíba"},"id":"495"},{"arcs":[[-1604,-1609,1609,1610,1611]],"type":"Polygon","properties":{"codigo":"496","nome":"Jardim Planalto","municipio_nome":"Carapicuíba"},"id":"496"},{"arcs":[[-1611,1612,1613,1614,1615]],"type":"Polygon","properties":{"codigo":"497","nome":"Aldeia de Carapicuíba","municipio_nome":"Carapicuíba"},"id":"497"},{"arcs":[[-1592,-1605,-1612,-1616,1616,1617]],"type":"Polygon","properties":{"codigo":"498","nome":"Estrada do Jacarandá","municipio_nome":"Carapicuíba"},"id":"498"},{"arcs":[[1618,1619,1620,1621]],"type":"Polygon","properties":{"codigo":"499","nome":"Osasco","municipio_nome":"Osasco"},"id":"499"},{"arcs":[[-1041,1622,1623,-1620,1624,-1046,-1043]],"type":"Polygon","properties":{"codigo":"500","nome":"Vila Yara","municipio_nome":"Osasco"},"id":"500"},{"arcs":[[-1030,1625,1626,-1623,-1040]],"type":"Polygon","properties":{"codigo":"501","nome":"Bussocaba City","municipio_nome":"Osasco"},"id":"501"},{"arcs":[[-1621,-1624,-1627,1627,1628,1629,1630]],"type":"Polygon","properties":{"codigo":"502","nome":"Nova Granada","municipio_nome":"Osasco"},"id":"502"},{"arcs":[[-1026,1631,-1614,1632,1633,-1028]],"type":"Polygon","properties":{"codigo":"503","nome":"Recanto das Rosas","municipio_nome":"Osasco"},"id":"503"},{"arcs":[[-1029,-1634,1634,-1628,-1626]],"type":"Polygon","properties":{"codigo":"504","nome":"Jardim Novo Osasco","municipio_nome":"Osasco"},"id":"504"},{"arcs":[[-1608,1635,-1629,-1635,-1633,-1613,-1610]],"type":"Polygon","properties":{"codigo":"505","nome":"Jardim Veloso","municipio_nome":"Osasco"},"id":"505"},{"arcs":[[-1607,1636,-1630,-1636]],"type":"Polygon","properties":{"codigo":"506","nome":"Quitaúna","municipio_nome":"Osasco"},"id":"506"},{"arcs":[[-1585,1637,1638,-1622,-1631,-1637,-1606]],"type":"Polygon","properties":{"codigo":"507","nome":"Jardim Piratininga","municipio_nome":"Osasco"},"id":"507"},{"arcs":[[-1047,-1625,-1619,-1639,1639,1640]],"type":"Polygon","properties":{"codigo":"508","nome":"Presidente Altino","municipio_nome":"Osasco"},"id":"508"},{"arcs":[[-1581,1641,1642,-1638,-1584]],"type":"Polygon","properties":{"codigo":"509","nome":"Munhoz Junior","municipio_nome":"Osasco"},"id":"509"},{"arcs":[[-1640,-1643,1643,1644]],"type":"Polygon","properties":{"codigo":"510","nome":"Rochdale","municipio_nome":"Osasco"},"id":"510"},{"arcs":[[-332,-1048,-1641,-1645,1645,-347,-351]],"type":"Polygon","properties":{"codigo":"511","nome":"Mutinga","municipio_nome":"Osasco"},"id":"511"},{"arcs":[[-348,-1646,-1644,-1642,-1580,-363,-368,-352]],"type":"Polygon","properties":{"codigo":"512","nome":"Três Montanhas","municipio_nome":"Osasco"},"id":"512"},{"arcs":[[-1596,1646,1647,1648,-1600,-1598]],"type":"Polygon","properties":{"codigo":"513","nome":"Ribeirão Itaqui","municipio_nome":"Jandira"},"id":"513"},{"arcs":[[-1595,1649,1650,-1647]],"type":"Polygon","properties":{"codigo":"514","nome":"Jandira","municipio_nome":"Jandira"},"id":"514"},{"arcs":[[-1593,-1618,1651,1652,1653,-1650]],"type":"Polygon","properties":{"codigo":"515","nome":"Ribeirão das Pombas","municipio_nome":"Jandira"},"id":"515"},{"arcs":[[-1532,-1541,-1546,1654,-1615,-1632]],"type":"Polygon","properties":{"codigo":"516","nome":"Granja Viana","municipio_nome":"Cotia"},"id":"516"},{"arcs":[[-1545,1655,-1652,-1617,-1655]],"type":"Polygon","properties":{"codigo":"517","nome":"Fernando Nobre","municipio_nome":"Cotia"},"id":"517"},{"arcs":[[-1544,1656,1657,1658,1659,1660,1661,-1653,-1656]],"type":"Polygon","properties":{"codigo":"518","nome":"Cotia","municipio_nome":"Cotia"},"id":"518"},{"arcs":[[-1543,-1555,1662,-1657]],"type":"Polygon","properties":{"codigo":"519","nome":"Capueira","municipio_nome":"Cotia"},"id":"519"},{"arcs":[[-1554,-1562,1663,1664,1665,-1658,-1663]],"type":"Polygon","properties":{"codigo":"520","nome":"Caucaia","municipio_nome":"Cotia"},"id":"520"},{"arcs":[[-1665,1666,1667]],"type":"Polygon","properties":{"codigo":"521","nome":"Caucaia do Alto","municipio_nome":"Cotia"},"id":"521"},{"arcs":[[-1659,-1666,-1668,1668,1669]],"type":"Polygon","properties":{"codigo":"522","nome":"Vargem Grande Paulista","municipio_nome":"Vargem Grande Paulista"},"id":"522"},{"arcs":[[-1660,-1670,1670,1671]],"type":"Polygon","properties":{"codigo":"523","nome":"Quatro Encruzilhadas","municipio_nome":"Itapevi"},"id":"523"},{"arcs":[[-1648,-1651,-1654,-1662,1672]],"type":"Polygon","properties":{"codigo":"524","nome":"Itapevi","municipio_nome":"Itapevi"},"id":"524"},{"arcs":[[-1601,-1649,-1673,-1661,-1672,1673,1674]],"type":"Polygon","properties":{"codigo":"525","nome":"Amador Bueno","municipio_nome":"Itapevi"},"id":"525"},{"arcs":[[-365,-1583,-1572,-1602,-1675,1675,1676,-1069,-1068]],"type":"Polygon","properties":{"codigo":"526","nome":"Santana de Parnaíba","municipio_nome":"Santana de Parnaíba"},"id":"526"},{"arcs":[[-1070,-1677,1677]],"type":"Polygon","properties":{"codigo":"527","nome":"Pirapora do Bom Jesus","municipio_nome":"Pirapora do Bom Jesus"},"id":"527"}]}}}