{"type":"Topology","arcs":[[[8378,8232],[-81,-8],[-83,47]],[[8214,8271],[-4,14]],[[8210,8285],[35,66]],[[8245,8351],[16,26]],[[8261,8377],[117,-145]],[[8261,8377],[19,34],[5,79]],[[8285,8490],[100,-27]],[[8385,8463],[-24,-58],[32,-57],[21,-102],[-8,-33]],[[8406,8213],[-23,-19]],[[8383,8194],[-5,38]],[[8383,8194],[0,-3]],[[8383,8191],[-33,-26]],[[8350,8165],[-119,2]],[[8231,8167],[13,47],[-30,57]],[[8231,8167],[-66,10],[-46,25],[-17,47]],[[8102,8249],[-15,57]],[[8087,8306],[123,-21]],[[8087,8306],[-5,88]],[[8082,8394],[20,42]],[[8102,8436],[143,-85]],[[8102,8436],[100,66]],[[8202,8502],[83,-12]],[[8202,8502],[-41,80],[-57,20]],[[8104,8602],[108,65],[30,-42],[130,-41],[23,-34]],[[8395,8550],[9,-32]],[[8404,8518],[-19,-55]],[[8385,8463],[80,-26],[94,-124],[24,-5]],[[8583,8308],[-26,-6],[65,-105]],[[8622,8197],[-216,16]],[[8622,8197],[94,-199]],[[8716,7998],[-57,-30]],[[8659,7968],[-60,-11]],[[8599,7957],[-21,32],[-62,14],[-50,68],[-35,6]],[[8431,8077],[-8,43],[-29,15],[-11,56]],[[8599,7957],[-8,-31],[-80,-98],[7,-22]],[[8518,7806],[-16,13],[-91,-2]],[[8411,7817],[14,79]],[[8425,7896],[17,91],[-11,90]],[[8425,7896],[-53,34],[16,33],[-65,58],[1,86]],[[8324,8107],[26,58]],[[8411,7817],[-104,-6],[-18,56],[-79,16]],[[8210,7883],[5,87],[109,137]],[[8210,7883],[-29,10]],[[8181,7893],[13,168]],[[8194,8061],[37,106]],[[8194,8061],[-72,17],[-5,62],[-43,-5],[-9,-64]],[[8065,8071],[-16,93],[-34,45]],[[8015,8209],[87,40]],[[8181,7893],[-5,2]],[[8176,7895],[-111,86]],[[8065,7981],[20,35],[-20,55]],[[8065,7981],[-100,88]],[[7965,8069],[-47,44]],[[7918,8113],[48,68],[49,28]],[[7918,8113],[-58,55],[-26,-13]],[[7834,8155],[-32,10]],[[7802,8165],[74,66],[47,178]],[[7923,8409],[40,-14]],[[7963,8395],[119,-1]],[[7963,8395],[38,136],[91,66]],[[8092,8597],[12,5]],[[8092,8597],[-21,6]],[[8071,8603],[-2,21],[-88,149]],[[7981,8773],[2,15]],[[7983,8788],[151,-19],[198,-13]],[[8332,8756],[71,-3]],[[8403,8753],[-2,-171]],[[8401,8582],[-6,-32]],[[8403,8753],[92,10]],[[8495,8763],[49,-19],[67,-48],[60,3]],[[8671,8699],[18,-63],[-35,-39]],[[8654,8597],[-48,47],[-86,35],[-119,-97]],[[8654,8597],[-19,-21]],[[8635,8576],[-44,-48]],[[8591,8528],[-51,-32],[-136,22]],[[8591,8528],[58,-54],[24,-87],[31,-51]],[[8704,8336],[-121,-28]],[[8671,8699],[74,-11],[73,-63]],[[8818,8625],[84,-33]],[[8902,8592],[90,23]],[[8992,8615],[33,-108]],[[9025,8507],[-105,-25],[-227,-35],[14,70],[-72,59]],[[9025,8507],[35,-106]],[[9060,8401],[28,-123]],[[9088,8278],[-72,-70]],[[9016,8208],[-67,61],[-76,88],[-115,-5],[-54,-16]],[[9016,8208],[-46,-94]],[[8970,8114],[-120,56]],[[8850,8170],[-23,41],[-191,20],[-14,-34]],[[8970,8114],[-37,-79],[56,-55],[64,-20],[0,-52]],[[9053,7908],[-50,-24],[-29,-72]],[[8974,7812],[-11,141],[-14,20],[-97,54],[-67,80],[65,63]],[[8974,7812],[-60,-48]],[[8914,7764],[-92,4]],[[8822,7768],[-106,230]],[[8822,7768],[60,-124],[37,-47]],[[8919,7597],[-57,-46],[-40,-4]],[[8822,7547],[-13,152],[-37,47]],[[8772,7746],[-31,99],[-97,-10],[21,49],[-6,84]],[[8772,7746],[-101,-10]],[[8671,7736],[-65,-7],[-32,34]],[[8574,7763],[-56,43]],[[8574,7763],[-52,-41],[-24,-46],[-18,-88]],[[8480,7588],[-56,-44],[-55,15],[-63,60],[-36,-2]],[[8270,7617],[2,68],[-83,138],[-15,42]],[[8174,7865],[2,30]],[[8270,7617],[-15,-20]],[[8255,7597],[-27,-22],[-137,-11],[-44,20]],[[8047,7584],[35,64],[5,66],[-29,52]],[[8058,7766],[116,99]],[[8058,7766],[-21,38],[7,73],[-45,33]],[[7999,7910],[66,71]],[[7999,7910],[-40,-41]],[[7959,7869],[-80,74],[-7,26]],[[7872,7969],[93,100]],[[7872,7969],[-31,-33],[-155,126]],[[7686,8062],[148,93]],[[7686,8062],[-43,-32]],[[7643,8030],[-63,100]],[[7580,8130],[-12,21],[78,90]],[[7646,8241],[25,-15]],[[7671,8226],[131,-61]],[[7671,8226],[25,58],[116,60],[37,121]],[[7849,8465],[74,-56]],[[7646,8241],[20,156],[21,43],[3,65],[-44,74]],[[7646,8579],[64,-40],[112,-23],[27,-51]],[[7849,8465],[36,81],[5,90]],[[7890,8636],[125,-29],[56,-4]],[[7646,8579],[-73,53]],[[7573,8632],[-41,39]],[[7532,8671],[-39,34]],[[7493,8705],[36,-4],[98,-45],[263,-20]],[[7890,8636],[19,66],[72,71]],[[7493,8705],[-72,133],[5,76]],[[7426,8914],[36,-7]],[[7462,8907],[104,-24],[89,-51],[77,-12]],[[7732,8820],[251,-32]],[[7732,8820],[7,118],[24,27]],[[7763,8965],[74,113]],[[7837,9078],[52,20],[70,-68],[33,-83],[35,-15]],[[8027,8932],[-13,-42],[25,-83],[-56,-19]],[[8027,8932],[111,26]],[[8138,8958],[36,-16],[63,61],[118,-8]],[[8355,8995],[-8,-119]],[[8347,8876],[-15,-120]],[[8355,8995],[1,60],[39,21],[49,-3]],[[8444,9073],[86,-3],[16,-17]],[[8546,9053],[-10,-5]],[[8536,9048],[-48,-21],[-34,-46],[-47,-36],[-1,-67],[-59,-2]],[[8536,9048],[12,-45]],[[8548,9003],[-4,-67],[-83,-54],[6,-58],[28,-61]],[[8548,9003],[53,-13],[-14,-56],[148,-71],[109,-43]],[[8844,8820],[4,-144],[-30,-51]],[[8546,9053],[34,40],[22,90]],[[8602,9183],[78,-11],[101,22],[21,-14]],[[8802,9180],[-7,-53],[73,-62]],[[8868,9065],[-8,-39],[-33,-25],[-7,-40]],[[8820,8961],[24,-46],[0,-95]],[[8820,8961],[105,-51],[120,-87],[-2,-45]],[[9043,8778],[-72,-86],[-69,-100]],[[8868,9065],[70,21],[52,59],[112,-5]],[[9102,9140],[133,-141]],[[9235,8999],[-192,-221]],[[9235,8999],[83,71]],[[9318,9070],[41,-57],[7,-54],[63,-42]],[[9429,8917],[-23,-89],[11,-80],[-35,-43]],[[9382,8705],[-77,-6],[-88,-42],[-90,-5],[-135,-37]],[[9382,8705],[85,-132],[64,-56]],[[9531,8517],[-145,-34]],[[9386,8483],[-207,-45],[-119,-37]],[[9386,8483],[66,-250],[-3,-42]],[[9449,8191],[-69,6],[-43,27],[-81,8],[-24,-15]],[[9232,8217],[-34,22],[-92,3],[-18,36]],[[9232,8217],[-11,-50],[65,-83]],[[9286,8084],[-62,-57],[4,-118],[-57,10],[-58,-33],[-47,10]],[[9066,7896],[-13,12]],[[9449,8191],[46,14],[24,-18],[54,14]],[[9573,8201],[33,-96],[39,-11]],[[9645,8094],[-65,-82],[-2,-47],[-76,-26],[-58,26]],[[9444,7965],[8,20],[-54,47],[-112,52]],[[9444,7965],[-37,-92]],[[9407,7873],[-9,-85]],[[9398,7788],[-78,-12]],[[9320,7776],[-60,5],[-125,54],[-69,61]],[[9320,7776],[-40,-20],[49,-106],[45,-57]],[[9374,7593],[-27,-13],[-119,45],[-40,50],[-109,-26],[-67,9],[-42,-30]],[[8970,7628],[-41,53],[14,20],[-29,63]],[[8970,7628],[48,-44],[68,-90]],[[9086,7494],[-28,-21],[20,-61]],[[9078,7412],[-58,60],[-101,125]],[[8822,7547],[-19,-90]],[[8803,7457],[-58,-44]],[[8745,7413],[-30,33],[-27,121],[-17,169]],[[8745,7413],[-45,-59],[-20,-73]],[[8680,7281],[-21,41],[-76,27]],[[8583,7349],[-28,160],[-21,35],[-54,44]],[[8680,7281],[-60,-146],[7,-60]],[[8627,7075],[-115,-17]],[[8512,7058],[-25,85],[40,55],[5,108],[51,43]],[[8512,7058],[-103,20],[-25,39]],[[8384,7117],[8,150]],[[8392,7267],[-14,74],[56,136]],[[8434,7477],[46,111]],[[8434,7477],[-183,-1]],[[8251,7476],[4,121]],[[8392,7267],[-32,-11],[-126,8]],[[8234,7264],[17,212]],[[8251,7476],[-90,-2],[-117,15]],[[8044,7489],[3,95]],[[8234,7264],[-84,-30]],[[8150,7234],[-25,62],[-86,139]],[[8039,7435],[5,54]],[[8039,7435],[-37,19],[-36,-22],[-120,109]],[[7846,7541],[-8,27],[21,186],[-11,19]],[[7848,7773],[47,32],[64,64]],[[7846,7541],[-27,-9],[-99,12]],[[7720,7544],[6,67],[26,87]],[[7752,7698],[7,17]],[[7759,7715],[89,58]],[[7759,7715],[-16,116]],[[7743,7831],[-108,143],[8,56]],[[7752,7698],[-91,-66],[-110,-33]],[[7551,7599],[-28,-4],[-84,28]],[[7439,7623],[12,49]],[[7451,7672],[21,3],[93,98],[67,1],[80,52],[31,5]],[[7451,7672],[-16,55],[-66,114]],[[7369,7841],[101,57],[34,50]],[[7504,7948],[139,82]],[[7504,7948],[-87,130]],[[7417,8078],[54,-21],[109,73]],[[7369,7841],[-66,59]],[[7303,7900],[-50,137]],[[7253,8037],[79,77]],[[7332,8114],[8,1]],[[7340,8115],[77,-37]],[[7340,8115],[40,89],[41,129]],[[7421,8333],[16,-10]],[[7437,8323],[109,-58],[66,-5],[34,-19]],[[7437,8323],[23,39],[-9,78],[122,192]],[[7332,8114],[-16,62],[-94,82],[-16,69],[29,88]],[[7235,8415],[53,-14],[68,0]],[[7356,8401],[65,-68]],[[7356,8401],[-10,97],[32,-3],[50,34],[38,60]],[[7466,8589],[66,82]],[[7466,8589],[-19,12],[-220,4],[-4,55],[-77,6],[-10,54]],[[7136,8720],[72,55],[29,-1],[166,-76],[90,7]],[[7235,8415],[-62,59],[-66,10],[-74,-19]],[[7033,8465],[2,71],[-47,165],[-19,34]],[[6969,8735],[89,7],[78,-22]],[[6969,8735],[-44,75]],[[6925,8810],[51,33],[42,58]],[[7018,8901],[28,13],[181,-6]],[[7227,8908],[127,13],[72,-7]],[[7462,8907],[12,64]],[[7474,8971],[48,18],[96,5],[91,-7],[54,-22]],[[7474,8971],[58,135],[-14,74],[17,46]],[[7535,9226],[73,85],[83,63]],[[7691,9374],[11,-41],[82,11],[64,-25]],[[7848,9319],[-30,-45],[-9,-62],[-26,-27],[16,-78],[38,-29]],[[7848,9319],[53,-7],[55,35]],[[7956,9347],[61,-111]],[[8017,9236],[92,-118],[17,-54]],[[8126,9064],[41,-82],[-29,-24]],[[8126,9064],[28,28],[52,3],[35,37],[85,63],[61,-1]],[[8387,9194],[41,-24],[20,-49],[-4,-48]],[[8017,9236],[74,26],[92,12],[69,54],[50,1]],[[8302,9329],[75,-67],[10,-68]],[[8302,9329],[81,44],[59,-34],[3,48]],[[8445,9387],[140,-26]],[[8585,9361],[-44,-59],[89,-47],[-28,-72]],[[8585,9361],[26,64]],[[8611,9425],[54,-48],[69,-26],[103,14],[84,-19]],[[8921,9346],[-119,-166]],[[8921,9346],[92,63]],[[9013,9409],[129,-212],[-40,-57]],[[9013,9409],[28,38],[78,39],[61,18]],[[9180,9504],[106,-199],[46,-32]],[[9332,9273],[24,-54],[-29,-79],[-9,-70]],[[9180,9504],[69,36],[63,-36]],[[9312,9504],[26,-46],[-6,-74]],[[9332,9384],[0,-111]],[[9332,9384],[57,-12],[21,19],[57,-13],[-11,-67],[31,-8],[39,68],[40,-52],[40,-1],[26,56],[38,-13],[35,28],[22,69]],[[9727,9458],[69,30],[11,54],[109,-38],[14,49],[64,19],[-14,57],[30,17],[66,-29],[27,39]],[[10103,9656],[37,1],[15,83],[61,10],[39,24],[27,-33],[-17,-34],[14,-52],[76,30],[-1,52]],[[10354,9737],[71,38],[7,40],[73,36]],[[10505,9851],[89,-38],[99,-171],[30,82],[30,-21],[-18,-40],[21,-66],[47,-65],[9,-49],[-21,-91]],[[10791,9392],[-76,-13],[-39,16]],[[10676,9395],[-42,-4],[-35,48],[-40,17],[-157,-68],[-97,37],[-58,8],[2,37]],[[10249,9470],[-109,-59],[-23,2],[-2,98],[-23,17],[-78,-31],[-65,-75],[-78,-7],[-28,-58],[-94,-97],[-69,-5],[17,-32],[-75,-57],[9,-40],[-73,-40],[1,-88],[-42,-26],[-44,21]],[[9473,8993],[-44,-76]],[[9473,8993],[18,-77],[49,8]],[[9540,8924],[23,-50],[59,-18]],[[9622,8856],[30,-119],[-19,-25],[27,-163]],[[9660,8549],[-129,-32]],[[9540,8924],[56,13],[48,51],[144,90],[115,9]],[[9903,9087],[32,-33],[19,-54],[-46,-13],[20,-141]],[[9928,8846],[-67,21],[-73,-25],[-71,-3],[-95,17]],[[9928,8846],[9,-8]],[[9937,8838],[-57,-122],[-55,17],[16,-101],[-8,-67]],[[9833,8565],[-78,7],[-95,-23]],[[9833,8565],[80,13]],[[9913,8578],[47,-83],[90,-79],[88,-61],[74,-31]],[[10212,8324],[-8,-32]],[[10204,8292],[-44,10],[-80,-24],[-55,-62],[-41,-17]],[[9984,8199],[-27,35],[-63,38],[-96,95],[-75,44]],[[9723,8411],[-63,9],[-111,53],[-18,44]],[[9723,8411],[8,-38],[-35,-74],[-41,0],[-35,-73],[-47,-25]],[[9984,8199],[-51,-61],[-25,-67],[-56,-53],[-42,-60]],[[9810,7958],[-42,73],[17,34],[-65,35],[-32,-17],[-43,11]],[[9810,7958],[-42,-53],[110,-61],[1,-23],[-48,-86]],[[9831,7735],[-44,15],[-42,-17]],[[9745,7733],[-95,81],[-243,59]],[[9745,7733],[27,-56],[-59,-142]],[[9713,7535],[-115,116]],[[9598,7651],[-56,66],[-144,71]],[[9598,7651],[-44,-87],[-54,-51]],[[9500,7513],[-126,80]],[[9500,7513],[10,-37],[-24,-52],[9,-51]],[[9495,7373],[-33,-57],[-61,-23],[-44,24],[-139,107],[-65,43],[-67,27]],[[9078,7412],[10,-18],[-16,-104]],[[9072,7290],[-135,36],[-50,42]],[[8887,7368],[-84,89]],[[9495,7373],[52,10]],[[9547,7383],[48,-72],[-22,-8],[15,-75],[-86,-11]],[[9502,7217],[-332,3],[-28,-105],[0,-119]],[[9142,6996],[-56,-33],[-31,25]],[[9055,6988],[5,35],[-27,40],[39,227]],[[8887,7368],[-45,-41],[28,-54],[50,-168],[-2,-57],[-63,-22],[-11,-35]],[[8844,6991],[-70,137],[-59,-39],[-79,-13]],[[8636,7076],[-9,-1]],[[9055,6988],[-45,-75],[27,-92]],[[9037,6821],[-16,-49]],[[9021,6772],[-141,113],[-36,106]],[[9502,7217],[18,-15]],[[9520,7202],[-88,-60],[-80,-91],[-61,30],[-19,-64],[21,-46],[-53,-9],[-98,34]],[[9021,6772],[-94,-80],[-93,-56],[-33,-5],[-48,-42],[-42,1],[-53,-45],[-74,-22],[-23,24]],[[8561,6547],[-5,5]],[[8556,6552],[40,50],[-12,53],[27,140],[-19,39]],[[8592,6834],[29,11],[10,51],[27,34],[-22,146]],[[8592,6834],[1,40],[-117,36],[-48,-6],[-30,-29]],[[8398,6875],[-48,11],[6,121]],[[8356,7007],[28,110]],[[8556,6552],[-29,-6],[-71,-56],[-40,39],[-15,-71],[2,-66],[-53,-73]],[[8350,6319],[-30,88],[42,23],[-45,97],[-19,88]],[[8298,6615],[43,9],[10,63],[85,7],[-42,125],[4,56]],[[8356,7007],[-61,-10],[-100,8],[-28,-10]],[[8167,6995],[31,78],[-28,7],[-2,63],[-25,59],[7,32]],[[8298,6615],[-74,40]],[[8224,6655],[-20,28],[-14,124],[2,102],[-75,49]],[[8117,6958],[50,37]],[[8117,6958],[-18,21]],[[8099,6979],[-47,19],[-72,141],[-90,48]],[[7890,7187],[43,53]],[[7933,7240],[101,128],[5,67]],[[8099,6979],[-49,-41],[-2,-49]],[[8048,6889],[-66,12],[-4,49],[-61,-7],[-97,52]],[[7820,6995],[70,29]],[[7890,7024],[0,163]],[[8224,6655],[-23,-59],[-58,-21],[-10,35],[-41,26]],[[8092,6636],[-54,35],[-74,98],[-28,20]],[[7936,6789],[27,25],[76,26],[9,49]],[[7936,6789],[-30,17],[-14,51],[-85,-76],[-63,-30]],[[7744,6751],[-9,12]],[[7735,6763],[-13,70],[58,68],[8,35]],[[7788,6936],[0,38],[32,21]],[[8092,6636],[2,-48],[-46,-53],[-42,25],[-40,-34],[-23,32],[-57,-11],[-11,-31]],[[7875,6516],[-87,112],[-44,123]],[[7933,7240],[-228,194]],[[7705,7434],[15,110]],[[7890,7187],[-89,35],[-101,65],[-30,40]],[[7670,7327],[35,107]],[[7890,7024],[-249,218]],[[7641,7242],[29,85]],[[7788,6936],[-26,8],[-63,76],[-23,58],[-43,52],[-43,30]],[[7590,7160],[51,82]],[[7735,6763],[-57,60],[-24,72],[-95,94],[-42,54]],[[7517,7043],[71,115]],[[7588,7158],[2,2]],[[7670,7327],[-57,82],[-81,64]],[[7532,7473],[37,68],[-18,58]],[[7532,7473],[-68,-56],[-48,-168]],[[7416,7249],[-81,6]],[[7335,7255],[14,73],[43,163]],[[7392,7491],[47,132]],[[7588,7158],[-97,65],[-75,26]],[[7517,7043],[-57,7],[-70,33],[-72,65]],[[7318,7148],[17,107]],[[7318,7148],[-49,31],[-120,13],[-25,47]],[[7124,7239],[17,19],[15,163],[46,44]],[[7202,7465],[97,10],[14,33],[79,-17]],[[7202,7465],[1,6]],[[7203,7471],[4,50],[29,48],[3,205],[-18,78]],[[7221,7852],[10,24],[72,24]],[[7203,7471],[-30,-19],[-52,71],[-62,4],[-20,-37]],[[7039,7490],[-37,123],[-33,54]],[[6969,7667],[158,65],[78,81],[16,39]],[[7124,7239],[-80,36],[-32,-12],[-90,8]],[[6922,7271],[34,61],[5,40]],[[6961,7372],[1,46],[77,72]],[[6969,7667],[4,41],[-50,-4]],[[6923,7704],[-20,25],[7,53],[-17,37],[33,44]],[[6926,7863],[69,34],[73,60],[83,8],[-7,137],[7,16]],[[7151,8118],[75,-45],[27,-36]],[[7151,8118],[-289,152]],[[6862,8270],[-50,45]],[[6812,8315],[68,73]],[[6880,8388],[76,67],[77,10]],[[6926,7863],[29,30],[-72,63],[-97,-82]],[[6786,7874],[-34,20],[-41,53],[17,33],[-30,40],[-23,89]],[[6675,8109],[53,29]],[[6728,8138],[95,51],[39,81]],[[6880,8388],[-6,40],[-91,107],[53,47],[38,-43],[64,59],[-82,51],[-11,72],[124,14]],[[6812,8315],[-208,201],[-7,129]],[[6597,8645],[28,70]],[[6625,8715],[32,35],[61,12],[124,0],[83,48]],[[6728,8138],[-35,39],[-15,56],[-42,40],[-44,7],[-36,73],[-56,24],[-38,160],[-27,13]],[[6435,8550],[51,72],[2,24]],[[6488,8646],[74,-15],[35,14]],[[6675,8109],[-51,1]],[[6624,8110],[-65,58],[-58,-9],[-42,96]],[[6459,8255],[-1,11]],[[6458,8266],[-27,51],[14,117],[-19,28],[9,88]],[[6625,8715],[-66,-5],[-22,51],[-62,19],[-13,50],[-59,49],[-24,72],[36,65],[62,30],[23,45],[-17,32]],[[6483,9123],[24,-30],[5,-69]],[[6512,9024],[21,-52],[62,-49],[227,-18],[79,-35],[24,-60]],[[6512,9024],[57,23],[4,155],[65,69]],[[6638,9271],[56,19],[66,-38]],[[6760,9252],[26,-61],[70,-81],[45,-74],[117,-135]],[[6483,9123],[-78,22]],[[6405,9145],[-67,32],[-6,42],[-54,98],[18,42],[1,69],[-43,26]],[[6254,9454],[92,29],[70,-25],[78,-11],[30,18]],[[6524,9465],[17,-55],[-38,-92],[30,-23],[105,-24]],[[6760,9252],[114,-29],[41,19],[44,-37],[34,25],[98,18],[65,-27]],[[7156,9221],[6,-24]],[[7162,9197],[10,-48],[39,-72],[16,-169]],[[6524,9465],[4,59],[40,45],[62,10]],[[6630,9579],[8,-51],[96,86],[113,46],[179,45],[-24,25],[25,64],[67,29],[33,-48]],[[7127,9775],[-45,-69],[11,-61]],[[7093,9645],[69,-163],[-10,-55],[51,-36],[-17,-72],[-30,-48],[0,-50]],[[7162,9197],[51,31],[68,-2],[39,-29],[21,44]],[[7341,9241],[55,-13],[34,61],[45,-27],[18,-39],[42,3]],[[7341,9241],[21,140],[17,20]],[[7379,9401],[93,-1],[61,-54],[51,69],[71,0],[48,46],[41,2]],[[7744,9463],[-46,-43],[-7,-46]],[[7093,9645],[137,16],[52,-24],[52,-77]],[[7334,9560],[28,-123],[17,-36]],[[7334,9560],[46,15],[72,-45],[51,2],[51,-36],[62,46],[-16,63]],[[7600,9605],[9,69],[66,21]],[[7675,9695],[63,-137]],[[7738,9558],[6,-95]],[[7127,9775],[62,33],[22,95],[-73,57],[-11,30],[46,26]],[[7173,10016],[10,-39],[37,-35],[5,-35],[67,-65],[13,-44],[128,-57],[24,-36],[70,-21],[19,-42],[54,-37]],[[7738,9558],[42,3],[12,40],[86,55],[86,-38],[36,39],[-22,67],[38,50]],[[8016,9774],[34,-35],[10,-54],[-13,-64],[37,-79]],[[8084,9542],[-64,-27],[17,-45],[-14,-79],[-67,-44]],[[7675,9695],[-16,22],[10,62],[-20,47],[59,82],[26,82],[-9,33]],[[7725,10023],[48,-17],[21,-58],[-29,-48],[12,-65],[39,-9],[90,70],[66,-61],[32,-2]],[[8004,9833],[12,-59]],[[8084,9542],[49,27],[151,48],[28,-36]],[[8312,9581],[42,-38],[10,-42],[129,-24],[-48,-90]],[[8004,9833],[-20,35],[5,46],[-23,92]],[[7966,10006],[19,24],[154,0],[5,-126],[26,-124],[70,-5]],[[8240,9775],[36,-68],[54,-44]],[[8330,9663],[8,-35],[-26,-47]],[[8330,9663],[30,-29],[44,16],[116,-26]],[[8520,9624],[37,18],[54,-6],[102,14]],[[8713,9650],[-11,-97],[-91,-128]],[[8240,9775],[116,108],[6,42],[34,62],[50,-11],[-38,-55],[34,-16],[27,43],[55,30]],[[8524,9978],[4,2]],[[8528,9980],[-40,-42],[31,-44],[5,-50],[28,-85],[-32,-135]],[[8528,9980],[37,33],[113,6],[35,26],[88,-66],[-8,-62]],[[8793,9917],[-19,-59],[-38,-48],[-14,-56],[-7,-100]],[[8715,9654],[-2,-4]],[[8715,9654],[113,-60]],[[8828,9594],[93,-49],[61,-66],[4,-46],[27,-24]],[[8828,9594],[47,46],[56,5],[58,80],[46,18]],[[9035,9743],[111,-10],[49,-14]],[[9195,9719],[63,-150],[54,-65]],[[8793,9917],[52,78],[82,-1],[25,49],[36,6],[77,-14],[27,-18],[56,29],[41,-20]],[[9189,10026],[-44,-122],[-57,-8],[-49,-50],[-32,-75],[28,-28]],[[9189,10026],[41,43],[-55,130],[59,-17]],[[9234,10182],[-9,-50],[41,-56],[-6,-86],[-16,-13]],[[9244,9977],[8,-45],[-56,-124],[-1,-89]],[[9244,9977],[106,18],[13,21],[75,14],[29,43],[-6,44],[45,8],[44,-17],[49,32],[43,4],[55,59],[16,-30]],[[9713,10173],[45,-123],[-31,-44],[11,-89],[73,-132]],[[9811,9785],[-83,-2],[-97,-59],[34,-50],[-6,-35],[36,-32],[-33,-24],[4,-50],[68,-47],[-7,-28]],[[9811,9785],[86,27],[40,56],[39,7],[72,-86],[34,-20],[21,-113]],[[10249,9470],[-28,-39],[55,-97],[-28,-26],[-58,-6]],[[10190,9302],[-40,-39],[-43,-102],[-85,-26],[-119,-48]],[[10190,9302],[1,-32],[77,-55],[0,-77],[47,-51],[-3,-112]],[[10312,8975],[-120,-30],[-39,0],[-157,-55],[-68,-44]],[[10676,9395],[-8,-44]],[[10668,9351],[-31,3],[-103,-29],[11,-54],[-9,-65],[-75,-37],[-42,-59],[-23,-147]],[[10396,8963],[-84,12]],[[10396,8963],[32,3]],[[10428,8966],[13,-24],[-68,-101],[-56,-102]],[[10317,8739],[-84,24],[-109,-8],[-75,20],[-112,63]],[[10428,8966],[121,6]],[[10549,8972],[26,-155]],[[10575,8817],[20,-111]],[[10595,8706],[-79,-32],[-49,8],[-84,-38]],[[10383,8644],[-66,95]],[[10383,8644],[19,-36],[-81,-89]],[[10321,8519],[-95,56]],[[10226,8575],[-80,58],[-35,11],[-99,-16],[-99,-50]],[[10595,8706],[27,-135],[-28,-77],[17,-50]],[[10611,8444],[-33,-33],[-77,3],[-61,50],[-30,50],[-89,5]],[[10226,8575],[63,-130],[-77,-121]],[[10611,8444],[-1,-39],[-41,-54],[-7,-41]],[[10562,8310],[-22,-66],[-26,-19]],[[10514,8225],[-40,-11],[-136,21],[-64,45],[-70,12]],[[10514,8225],[-17,-21],[0,-86]],[[10497,8118],[-103,29],[-40,-15],[-15,-70],[-59,-12],[-53,71],[-90,-2],[-49,-32]],[[10088,8087],[-104,112]],[[10088,8087],[78,-102],[4,-61],[37,-56]],[[10207,7868],[2,-60]],[[10209,7808],[-22,49],[-97,-47],[-68,40],[-70,17],[-87,36],[-19,40],[-36,15]],[[10497,8118],[10,-50],[-7,-74]],[[10500,7994],[-1,-58],[-23,-53],[-56,-77]],[[10420,7806],[-40,-26]],[[10380,7780],[-58,43],[-54,8],[-61,37]],[[10209,7808],[-38,-63],[-32,-94]],[[10139,7651],[-83,45],[-59,-2],[-26,21]],[[9971,7715],[-39,17],[-84,-9],[-17,12]],[[10209,7808],[145,-59],[-7,-67],[61,-18],[79,-81],[40,-3]],[[10527,7580],[-25,-52],[-86,-82],[-51,33],[-51,87]],[[10314,7566],[-61,-32],[-109,60],[-5,57]],[[9971,7715],[-26,-52],[11,-66],[34,-52],[51,12],[28,-120]],[[10069,7437],[-203,24]],[[9866,7461],[-52,39],[-101,35]],[[10314,7566],[-15,-61],[12,-75],[-11,-57],[-29,-52]],[[10271,7321],[-27,-10],[-62,23]],[[10182,7334],[-71,86],[-42,17]],[[9866,7461],[61,-73],[-44,-76],[32,-48]],[[9915,7264],[-173,-10],[-195,129]],[[10182,7334],[2,-37],[39,-41],[0,-55],[-36,-72],[8,-41]],[[10195,7088],[-49,-1],[-60,45],[-24,47],[-60,25],[-87,60]],[[10195,7088],[2,0]],[[10197,7088],[15,-154],[-75,-24],[-61,-75],[-124,0]],[[9952,6835],[-22,46],[-96,-1],[-21,-37],[-56,12],[-59,-8],[-29,-62],[-86,-64],[-33,-49],[-7,-82],[-31,-36],[-84,-26],[-49,39]],[[9379,6567],[-56,89],[-48,32]],[[9275,6688],[35,57],[61,44],[72,-52],[8,45],[41,21],[20,96],[9,108],[25,45],[48,41],[-74,109]],[[9275,6688],[-60,11],[-44,-19],[-101,117],[-33,24]],[[9952,6835],[-17,-6],[-51,-121],[27,-20],[-37,-61],[101,-44],[120,-31]],[[10095,6552],[-7,-66],[41,-22],[29,-54],[-96,-44],[-100,-32],[-7,-52],[-67,-4],[-105,121],[-47,-51],[-4,-75],[-19,-34],[-66,-57],[-51,-28]],[[9596,6154],[-87,-11],[-37,13],[-16,58],[25,66],[-16,59],[12,37]],[[9477,6376],[-7,55],[-91,136]],[[9477,6376],[-208,-40],[-22,-61]],[[9247,6275],[-30,57],[-89,1]],[[9128,6333],[-59,-2],[-65,-20],[-40,-50],[-38,-5],[-86,55],[-38,63]],[[8802,6374],[46,91],[-69,14],[-116,-109],[-56,49],[0,36],[-33,25],[-13,67]],[[8802,6374],[-26,-33],[5,-37],[65,-62],[-6,-42],[-41,-12],[-95,-66],[-4,-20],[-120,-45],[-83,-62],[-141,-20]],[[8356,5975],[-44,46]],[[8312,6021],[-30,20],[34,71],[1,64],[36,29],[-7,103]],[[8346,6308],[4,11]],[[8346,6308],[-175,30],[-102,64],[-20,-3],[-58,46]],[[7991,6445],[-34,25],[-50,-12],[-32,58]],[[8312,6021],[-49,-33],[-93,-21]],[[8170,5967],[-20,71]],[[8150,6038],[2,34],[-32,44],[-32,7],[-152,124]],[[7936,6247],[44,41],[-25,47],[36,110]],[[8150,6038],[-69,-13],[-47,75],[-36,7],[-45,-26],[-29,-46],[-151,23]],[[7773,6058],[8,66],[-11,109],[12,63],[22,34]],[[7804,6330],[132,-83]],[[7804,6330],[-30,28],[-115,67]],[[7659,6425],[-21,70],[-2,131]],[[7636,6626],[99,137]],[[7773,6058],[-98,-91]],[[7675,5967],[-5,43],[-42,58],[-5,51],[-62,96]],[[7561,6215],[70,28],[35,53],[-7,129]],[[7675,5967],[-58,-9],[-12,-32],[-53,-50]],[[7552,5876],[-49,42],[-90,153]],[[7413,6071],[148,144]],[[7561,6215],[-16,66],[-41,72],[-40,98],[-17,17],[22,127]],[[7469,6595],[20,14]],[[7489,6609],[59,39],[88,-22]],[[7413,6071],[-56,93],[-40,49]],[[7317,6213],[-49,70],[-79,141]],[[7189,6424],[86,70]],[[7275,6494],[67,24],[127,77]],[[7489,6609],[22,63],[-29,39],[-48,-21],[-118,74]],[[7316,6764],[23,17],[59,104],[72,84],[47,74]],[[7275,6494],[-47,71],[-48,166]],[[7180,6731],[70,-11],[66,44]],[[7189,6424],[-23,30],[-120,102]],[[7046,6556],[-96,123],[1,66]],[[6951,6745],[141,-3],[88,-11]],[[6951,6745],[6,40],[82,106],[114,131]],[[7153,7022],[33,34],[90,44],[42,48]],[[7153,7022],[-102,34],[-123,100],[-69,-30]],[[6859,7126],[12,91]],[[6871,7217],[51,54]],[[6951,6745],[-49,1]],[[6902,6746],[-89,18]],[[6813,6764],[-15,35],[-5,130],[14,74],[52,123]],[[6813,6764],[-162,45]],[[6651,6809],[75,107],[-33,66]],[[6693,6982],[-84,197]],[[6609,7179],[49,35],[76,0]],[[6734,7214],[58,-32],[45,35],[34,0]],[[6734,7214],[-8,48],[44,30],[-3,36],[51,104],[41,-33],[64,25],[38,-52]],[[6609,7179],[-34,127]],[[6575,7306],[-3,40],[34,34]],[[6606,7380],[49,136],[152,96]],[[6807,7612],[39,20],[22,38],[55,34]],[[6807,7612],[-37,83],[-117,-6],[-33,-21],[-104,-5]],[[6516,7663],[-24,1]],[[6492,7664],[33,30],[74,19],[-1,69],[54,3],[33,38],[101,51]],[[6606,7380],[-29,38],[-101,41],[-34,70]],[[6442,7529],[27,29],[73,34],[-26,71]],[[6492,7664],[-125,19],[-88,33]],[[6279,7716],[-10,37],[98,65],[45,101],[75,32],[51,69],[65,28],[21,62]],[[6279,7716],[-43,-3]],[[6236,7713],[-56,70],[-46,29],[-11,38]],[[6123,7850],[27,58],[119,6],[4,80],[58,39],[42,2],[40,102],[40,54],[6,64]],[[6123,7850],[-54,2],[-64,-54]],[[6005,7798],[-1,129],[32,2],[73,55],[28,46],[-21,72],[-149,62],[69,183],[-86,46],[-85,-6],[-18,129],[18,5],[7,91],[-24,13]],[[5848,8625],[135,-10]],[[5983,8615],[13,-69],[49,4],[97,-100],[103,-36],[0,-89],[-15,-43],[14,-44],[125,10],[42,50],[47,-32]],[[5983,8615],[53,46],[141,-44],[106,-80],[98,-32],[54,45]],[[5848,8625],[-50,26],[-58,8],[-68,-19],[-64,7]],[[5608,8647],[-14,64]],[[5594,8711],[23,61],[28,25]],[[5645,8797],[80,52]],[[5725,8849],[127,-32],[215,-87],[84,-20],[175,-12],[162,-52]],[[5725,8849],[-2,90],[-54,63],[-4,37],[47,73],[30,21],[25,61]],[[5767,9194],[192,-71],[20,73],[64,23],[25,-49],[70,-4],[30,-40],[237,19]],[[5767,9194],[12,57],[64,18],[-19,53],[6,54],[35,17],[-12,91]],[[5853,9484],[43,60],[8,78],[39,18],[62,-25],[28,-38],[61,-4],[53,18]],[[6147,9591],[32,-3],[67,100],[8,-54],[-45,-33],[-9,-52],[7,-63],[47,-32]],[[6147,9591],[84,96],[7,58],[39,93],[51,63],[9,104],[54,98]],[[6391,10103],[198,11],[-1,72],[59,81]],[[6647,10267],[-44,-187],[19,-102],[48,-36],[14,-35],[12,-119],[41,-32],[8,-53],[-38,-49],[-58,-31],[-19,-44]],[[6647,10267],[105,29],[61,-13],[48,11],[65,-9],[30,-82],[82,38],[28,51],[53,7],[58,-11],[8,85]],[[7185,10373],[101,-13],[10,-91]],[[7296,10269],[-59,-15],[10,-102],[0,-120]],[[7247,10032],[-74,-16]],[[7247,10032],[142,-37],[37,-49],[81,-18],[19,59],[114,2],[31,-12],[25,43],[29,3]],[[7296,10269],[47,-19],[48,14],[41,-13],[54,-44],[30,82],[-13,27],[98,62]],[[7601,10378],[43,-53],[11,-41],[81,-112],[43,19],[40,-31],[-1,-37],[-79,-26],[-14,-74]],[[7601,10378],[23,19],[77,-65],[41,12]],[[7742,10344],[74,-86],[77,-41],[27,-54],[31,-7]],[[7951,10156],[43,-7],[11,-45],[-47,-60],[8,-38]],[[7951,10156],[56,31],[42,-5],[138,29],[50,-18]],[[8237,10193],[31,-107],[34,-46],[-62,-105],[-33,-37],[29,-31],[-13,-51],[17,-41]],[[8237,10193],[60,11],[6,26],[80,56],[50,22],[-4,45],[96,17],[44,18],[-26,57],[41,39],[-9,53],[35,80],[74,94],[76,17],[4,57],[-30,48],[43,38],[66,19],[80,73],[31,4],[30,41],[39,16],[14,70]],[[9037,11094],[13,-18],[146,-31],[66,75],[50,26],[107,113],[15,45],[39,43],[41,-24],[70,-5],[54,-59],[48,-19]],[[9686,11240],[-19,-25],[-9,-75],[-110,-107],[7,-114],[-10,-37],[-64,-73],[-55,-45],[-52,-79],[-38,-13]],[[9336,10672],[-63,69],[-16,90],[-90,46],[-20,-16],[-44,-112],[-76,-26],[-5,-56],[-59,-40],[-9,-55],[-50,-52],[-20,-70],[-134,-58],[-4,-47],[-63,-85],[-27,-55],[-123,-62],[-52,96],[-17,-159],[47,-40],[13,-62]],[[9336,10672],[54,-71],[-5,-91],[-15,-26]],[[9370,10484],[-32,3],[-94,-66],[-22,-61],[19,-34],[12,-99],[-19,-45]],[[9370,10484],[44,-55],[107,48],[37,45],[37,70],[71,58],[42,-12],[65,23],[32,49],[110,79],[81,-33],[50,-5],[24,36],[35,5],[101,-30],[15,35],[47,35],[4,63],[37,47],[53,13],[11,80],[65,38],[72,-95],[2,-41],[40,-34],[5,-41]],[[10557,10862],[6,-65],[-65,-86],[-28,-53],[5,-53],[47,-1],[-5,-75],[-71,-2],[-37,-95],[-7,-69]],[[10402,10363],[-67,89],[-83,-50],[-35,-58],[-93,-36],[-33,-46],[-73,-32],[-65,-1],[-43,-46],[-10,59],[-72,18],[-60,-34],[-25,34],[-30,-87]],[[10402,10363],[-35,-53]],[[10367,10310],[-42,-38],[-13,-61],[-28,-229],[7,-85],[52,-88],[11,-72]],[[10668,9351],[28,-81],[-26,-17],[-7,-75],[28,-29],[9,-50],[-96,-98],[-55,-29]],[[10791,9392],[21,-41],[-42,-52],[37,-68],[67,4]],[[10874,9235],[34,-26],[-41,-98]],[[10867,9111],[-38,-27],[12,-82],[29,-21],[-7,-96],[26,-40]],[[10889,8845],[-128,-3],[-62,-13],[-42,-52],[-50,8],[-32,32]],[[10867,9111],[47,32],[18,-36],[53,6],[3,-66],[21,-29],[45,-119]],[[11054,8899],[0,-8]],[[11054,8891],[-10,-15],[-106,-11],[-49,-20]],[[10874,9235],[18,63],[42,-26],[29,23],[80,-25]],[[11043,9270],[-9,-54],[66,-111],[16,-147],[22,-38]],[[11138,8920],[-84,-21]],[[11043,9270],[45,30],[18,66]],[[11106,9366],[61,-40],[-12,-95]],[[11155,9231],[86,-28],[28,-56],[6,-89],[-52,-110],[3,-38]],[[11226,8910],[-18,-23],[-70,33]],[[10889,8845],[-18,-120],[-30,-66],[37,-76],[34,-40]],[[10912,8543],[-16,-19]],[[10896,8524],[-41,-66],[-129,-22],[-49,29],[-66,-21]],[[11054,8891],[-6,-129],[11,-43],[-19,-45]],[[11040,8674],[-44,-63],[-84,-68]],[[11226,8910],[30,-100],[-16,-103]],[[11240,8707],[-25,-32]],[[11215,8675],[-26,20],[-52,-19],[-48,13],[-49,-15]],[[11215,8675],[53,-121]],[[11268,8554],[-102,-54],[-41,-56],[-1,-39],[-92,-50]],[[11032,8355],[-82,88],[-54,81]],[[11032,8355],[8,-37],[-3,-136]],[[11037,8182],[-14,8]],[[11023,8190],[-76,2],[-56,34]],[[10891,8226],[-103,58]],[[10788,8284],[-30,9],[-103,-19],[-17,41],[-76,-5]],[[10788,8284],[-41,-82],[-79,-70],[-55,-14],[-4,-116],[-75,-23],[-34,15]],[[10891,8226],[-73,-103],[45,-66],[-30,-92]],[[10833,7965],[-49,46],[-76,30],[-19,-74],[-146,-91],[-41,-56],[-82,-14]],[[11023,8190],[8,-77],[-19,-132],[21,-62],[58,-119],[-14,-94],[7,-37],[-27,-51]],[[11057,7618],[-52,-11]],[[11005,7607],[18,81],[-32,23],[-8,48],[-33,-2],[-111,79],[15,24],[-6,80],[-15,25]],[[11005,7607],[-24,9],[-106,-39],[-39,-41],[-30,33]],[[10806,7569],[-16,26],[-51,-21],[-13,31],[-209,56],[-36,37],[-57,6],[-44,76]],[[10806,7569],[-5,-40]],[[10801,7529],[-104,-12]],[[10697,7517],[-56,6],[-87,62],[-27,-5]],[[10697,7517],[-18,-34],[-13,-81],[-63,-117]],[[10603,7285],[-45,-146],[-32,-26]],[[10526,7113],[-26,3]],[[10500,7116],[-16,-3]],[[10484,7113],[2,111],[-34,104],[2,53],[-99,-25],[-84,-35]],[[10801,7529],[43,-25],[19,-78],[51,-93]],[[10914,7333],[-27,-44],[-87,-62],[-36,1],[-48,34],[-113,23]],[[10484,7113],[-149,-20],[-94,16],[-44,-21]],[[10914,7333],[46,-13],[66,-74],[55,-5],[30,-25]],[[11111,7216],[-17,-46],[-47,-39],[-80,15],[-85,42],[-80,-35],[-5,-61],[15,-74],[-24,-80],[-29,-49]],[[10759,6889],[-85,-6]],[[10674,6883],[-33,13],[-26,44],[-5,69],[-24,64],[-60,40]],[[10500,7116],[-10,-102],[-40,-151],[63,-144],[-151,-42],[-41,-77],[-55,-28],[26,-47]],[[10292,6525],[-66,-2],[-131,29]],[[10674,6883],[76,-34],[0,-67],[-65,-103],[36,-65],[-2,-87],[-31,-22],[33,-40],[-11,-126],[-2,-152],[55,-86],[24,-11],[40,-80],[32,-19],[-4,-61],[24,-83],[-3,-39]],[[10876,5808],[-41,1],[-33,-54],[-48,-14],[-31,-73],[-91,-51]],[[10632,5617],[-47,-18],[-90,48],[4,75],[-80,-2],[-38,46],[17,49],[-8,121],[23,46],[34,6]],[[10447,5988],[16,83],[81,139],[0,57],[-18,76],[-46,37],[-38,82],[-37,42],[-58,34],[-55,-13]],[[10447,5988],[-78,25],[-83,-83],[-50,15],[-20,-20],[-65,-1],[-29,-36],[-123,-59]],[[9999,5829],[-30,41],[-81,1],[-47,-27],[-68,49]],[[9773,5893],[-47,61],[-24,101],[-65,84],[-41,15]],[[9773,5893],[-26,-87],[-26,-22],[-6,-125],[-23,-21],[-19,-67],[-50,-36],[-64,13],[-41,-43],[-104,100]],[[9414,5605],[-39,63],[-8,229],[-77,234],[-43,144]],[[9414,5605],[-42,-28],[-109,-46],[-36,-24],[-108,-5]],[[9119,5502],[-13,7],[-33,116],[-55,38],[-9,39],[-53,96],[-22,18]],[[8934,5816],[39,109],[56,58],[70,51],[-5,125],[16,40],[-31,44],[49,90]],[[8934,5816],[0,-44],[-124,-87],[-13,-57],[-64,-46],[-15,-110],[17,-92]],[[8735,5380],[-20,45],[-8,74],[19,124],[33,120],[-102,23],[-26,35],[-64,17],[-67,-1],[-28,-37]],[[8472,5780],[-18,57],[-36,10],[-76,93],[14,35]],[[8735,5380],[-63,-33],[-31,-58],[-82,-2],[-40,-24],[-66,42],[-40,-10],[-47,32],[-51,-20],[-80,74],[-107,-10],[-75,13]],[[8053,5384],[196,73],[112,112],[54,46],[57,8],[71,61],[15,69],[-86,27]],[[8053,5384],[-97,77],[-76,73]],[[7880,5534],[-77,171]],[[7803,5705],[138,84],[73,70],[60,86],[96,22]],[[7803,5705],[-60,108],[-191,63]],[[7880,5534],[-107,-113]],[[7773,5421],[-135,-58],[-39,-61],[-51,-35],[-31,53],[11,63],[-47,69]],[[7481,5452],[-16,138],[87,286]],[[7481,5452],[-98,-19],[-64,6],[-33,32]],[[7286,5471],[33,25],[-62,31],[13,39],[-15,58],[77,43],[-21,118]],[[7311,5785],[36,154],[32,99],[34,33]],[[7311,5785],[-63,-1],[-114,-56],[-165,3]],[[6969,5731],[-6,349],[9,243]],[[6972,6323],[181,-62],[29,-37],[53,2],[27,-56],[55,43]],[[7286,5471],[-16,-65],[-46,-10],[-75,-52],[-46,-16],[37,-142],[-63,-42],[-56,32],[-56,10]],[[6965,5186],[-9,136]],[[6956,5322],[-14,28],[9,76]],[[6951,5426],[18,165],[0,140]],[[6972,6323],[18,69]],[[6990,6392],[26,109],[30,55]],[[6951,5426],[-72,20],[-120,63],[-78,64],[-95,102]],[[6586,5675],[1,39],[36,131],[-88,33]],[[6535,5878],[0,71],[56,50],[-29,73],[63,63],[-18,54],[14,50]],[[6621,6239],[61,47],[198,91],[110,15]],[[6621,6239],[-102,13],[-35,-6],[-21,72],[-24,21]],[[6439,6339],[9,86],[54,52]],[[6502,6477],[26,-52],[176,87],[102,67],[96,167]],[[6535,5878],[-59,16],[-50,47],[-240,14]],[[6186,5955],[58,36],[75,91],[14,72]],[[6333,6154],[71,105],[35,80]],[[6502,6477],[-5,35],[71,158],[-91,7]],[[6477,6677],[47,44],[41,-2],[78,53],[8,37]],[[6333,6154],[-63,60],[-7,26]],[[6263,6240],[16,82],[-3,54],[24,82],[26,37]],[[6326,6495],[57,53]],[[6383,6548],[71,80],[23,49]],[[6383,6548],[-62,40]],[[6321,6588],[-31,70],[58,60],[24,59]],[[6372,6777],[52,9],[72,39],[-1,101]],[[6495,6926],[120,17],[78,39]],[[6495,6926],[-60,93],[42,13],[-12,65],[-53,45]],[[6412,7142],[28,28]],[[6440,7170],[14,47],[121,89]],[[6372,6777],[-8,69],[-64,65],[-95,-5]],[[6205,6906],[14,39],[67,-6],[27,33],[21,72],[78,98]],[[6321,6588],[-122,61],[-8,-27],[-79,21],[-82,50],[-15,-6]],[[6015,6687],[-23,8]],[[5992,6695],[52,40],[16,62],[75,48],[57,17],[13,44]],[[6440,7170],[-112,-42],[-77,17],[-41,23],[-52,65],[37,17],[-57,81],[18,50]],[[6156,7381],[21,29],[48,-17],[21,50],[64,-4],[51,14],[62,42],[19,34]],[[5992,6695],[-429,169]],[[5563,6864],[71,20],[15,52],[45,33],[22,48],[-17,28],[30,100],[-24,39],[15,79]],[[5720,7263],[28,33]],[[5748,7296],[4,-1]],[[5752,7295],[23,-5],[100,31],[13,38],[43,-9]],[[5931,7350],[43,10],[55,-17],[82,45],[45,-7]],[[5931,7350],[133,40],[-13,50],[82,49],[-36,68],[26,43],[49,32],[-34,69]],[[6138,7701],[98,12]],[[5752,7295],[4,64],[-22,81],[32,113]],[[5766,7553],[66,0],[55,26],[160,103],[91,19]],[[5766,7553],[20,75],[-31,38],[21,33],[75,8]],[[5851,7707],[95,6],[8,33],[51,52]],[[5748,7296],[-32,62],[-76,22],[-27,34],[2,59],[52,70],[-1,81],[-46,14],[-11,87]],[[5609,7725],[30,143]],[[5639,7868],[35,48],[89,-29],[51,12],[15,-83],[-55,-11],[17,-95],[60,-3]],[[5639,7868],[3,54],[-28,27]],[[5614,7949],[-2,96],[-33,39],[2,78],[-39,88],[20,37],[-7,55],[40,23],[13,86],[-3,68],[13,53],[-10,75]],[[5614,7949],[-86,38],[-15,-55],[-68,16],[-58,-18],[-42,-30],[-61,10],[-10,30],[-64,33],[-36,35],[-4,38],[30,88],[39,58],[-90,111],[-119,21],[-76,-15]],[[4954,8309],[0,168],[-8,50],[24,67]],[[4970,8594],[-25,30],[50,70],[26,11],[35,55]],[[5056,8760],[119,8],[74,32],[34,41]],[[5283,8841],[30,22],[51,-30],[83,-127],[35,-25],[86,-7],[26,37]],[[5283,8841],[-209,4],[-40,18],[-57,59],[-22,80]],[[4955,9002],[111,72],[67,11],[9,-51],[51,5],[32,103],[49,6],[114,-27],[47,-22],[20,-49],[45,-15],[69,10],[68,-4],[-7,-55],[30,-47],[19,-70],[-34,-72]],[[4955,9002],[-61,43],[-19,92],[-122,116],[-36,76]],[[4717,9329],[95,36],[30,-1],[43,-52],[53,-23],[147,-18],[69,42],[82,-27],[70,8],[47,-21],[35,22],[114,36],[114,-47],[22,-40],[98,32],[17,61],[-4,77],[56,34],[35,48]],[[5840,9496],[13,-12]],[[5840,9496],[0,45],[-65,64],[-17,37],[-10,92],[-34,59],[-22,161],[-31,26],[7,41],[-51,57],[-23,60],[-60,28],[-28,35],[-8,63]],[[5498,10264],[53,60],[-45,80],[-58,68],[25,27]],[[5473,10499],[15,-35],[63,-39],[115,-10],[95,-68],[189,-76],[49,-35],[28,-59],[13,-209],[-19,-148],[31,-88],[100,-119],[-5,-22]],[[5473,10499],[-5,57],[27,42]],[[5495,10598],[87,29],[59,7],[69,-9],[32,45],[63,21],[41,-52],[-26,-46],[59,-16],[17,38],[46,3],[96,-70],[41,46]],[[6079,10594],[54,-23],[-7,-47],[26,-60],[51,-60],[23,-76],[31,-29],[98,-13],[41,-89],[-15,-47],[10,-47]],[[6079,10594],[-19,35],[48,27],[46,-16],[28,36],[70,-11],[17,143],[31,24]],[[6300,10832],[50,13],[137,-12],[46,-52],[44,14],[212,0],[27,-45],[55,-31],[87,-21],[42,-56],[-5,-44]],[[6995,10598],[13,-40],[58,-39],[76,1],[11,-109],[32,-38]],[[6995,10598],[39,13],[73,87],[8,37],[42,7],[102,72],[1,53],[47,27],[-17,90],[46,71],[-14,34],[-50,19],[-130,19],[-75,48],[-12,38],[-62,31],[-2,81]],[[6991,11325],[54,16],[37,-35],[66,-31],[52,-58],[123,11],[83,-68],[53,-20],[32,54],[57,-52],[114,41],[61,44]],[[7723,11227],[35,-109],[-4,-68],[55,-32],[58,14],[3,-96],[60,-82],[-42,-48],[22,-46],[37,-26],[-73,-120],[-48,-52],[-10,-42],[-38,-47],[-18,-66],[-30,-29],[12,-34]],[[7723,11227],[28,112],[28,57],[53,210]],[[7832,11606],[9,65]],[[7841,11671],[58,-1],[65,34],[73,-30],[148,90],[99,27],[147,-10],[110,33],[54,-15]],[[8595,11799],[-4,-43],[27,-60],[82,-21],[44,15],[3,-62],[-60,-43],[-56,-137],[3,-92],[92,-68],[75,2],[90,50],[59,-10],[21,-50],[89,-8],[36,-95],[-8,-52],[-51,-31]],[[9686,11240],[29,27],[116,53],[42,35]],[[9873,11355],[33,34],[69,5],[75,-25],[35,19],[44,68],[67,-17],[61,50],[113,-26],[26,-29],[-3,-64],[15,-45],[64,-52],[59,18],[50,-12],[29,44],[49,31],[80,-8],[78,17],[99,-24],[54,11],[41,-15]],[[11011,11335],[-12,-48],[-71,-93],[-24,-69],[-163,-133],[-72,-36],[-112,-94]],[[11011,11335],[12,36],[-22,55],[-48,38],[76,116],[-2,29],[64,-6],[6,43],[108,55]],[[11205,11701],[79,-3],[76,-56],[71,-5],[76,-61],[153,-82],[31,-82],[47,-79],[58,-61],[-1,-80],[33,-102],[-4,-61],[-22,-42],[122,2],[32,31],[65,14],[65,-3],[26,-18]],[[12112,11013],[0,-74],[-20,-37],[2,-57],[-79,-32],[-2,-69]],[[12013,10744],[-84,27],[-8,-46],[-32,-38],[-83,-40],[-113,10],[-44,21],[-35,-7],[-57,-108],[-9,-45],[24,-220],[-128,45],[-102,26],[-65,76],[-56,8],[-125,-50],[-54,3],[-75,-29]],[[10967,10377],[-102,-80],[-42,22],[-86,7],[-42,-31],[-59,82],[-34,15],[-196,-57],[-39,-25]],[[10967,10377],[16,-24],[61,36],[94,-164],[-96,-57],[-93,6],[-82,-15],[-55,-59],[-32,5],[-83,-47],[-64,-155],[-128,-52]],[[12013,10744],[-14,-88],[56,-58],[1,-66],[47,-53],[-11,-37]],[[12092,10442],[11,-44],[50,-66],[9,-119],[82,-82],[32,-50]],[[12276,10081],[-63,43],[-50,-31],[-41,42],[-96,39],[-40,-37],[-43,14],[-72,-73],[55,-37],[-8,-66],[-60,-5],[-15,-51],[-67,-16],[-45,57],[-39,-21],[42,-36],[52,-75],[3,-116],[49,-59],[2,-36]],[[11840,9617],[46,-119]],[[11886,9498],[4,-71],[-31,-48],[-58,20],[-64,-54],[-49,13],[-24,-57]],[[11664,9301],[-73,46],[16,106],[-37,3],[-33,42],[32,35],[-63,28],[-36,-29],[-42,-4],[-19,-31],[-39,22],[-79,15],[-47,-24],[-14,-72],[-63,38],[-53,-69],[-8,-41]],[[11664,9301],[-45,-61],[-14,-52]],[[11605,9188],[-450,43]],[[11886,9498],[68,24],[44,-93],[1,-41]],[[11999,9388],[-33,-13],[-136,-80],[-68,-78]],[[11762,9217],[-35,-21],[-122,-8]],[[11605,9188],[-24,-96],[28,-54],[29,-106],[28,-27]],[[11666,8905],[-12,-56]],[[11654,8849],[-127,10],[-14,77],[-99,39],[-53,-30],[-80,12],[-55,-47]],[[11762,9217],[19,-72],[53,-117],[55,-72]],[[11889,8956],[-66,-65],[-31,1],[-25,48],[-101,-35]],[[11999,9388],[20,-46],[107,-163],[4,-23]],[[12130,9156],[-5,-43],[-108,-54],[-42,9],[-33,-42],[13,-31],[-66,-39]],[[11654,8849],[45,-64],[30,-88]],[[11729,8697],[-93,-48],[-49,-4],[-75,52],[-44,13]],[[11468,8710],[-43,8],[-14,54],[-39,-21],[-61,31],[-39,0],[-32,-75]],[[12130,9156],[76,-120],[-22,-131]],[[12184,8905],[-68,9],[-46,-17],[0,-47],[-82,-10],[-52,-58],[-47,-26]],[[11889,8756],[-40,14],[-33,-18],[-70,-7],[-17,-48]],[[11468,8710],[9,-68],[-30,-110],[30,-117]],[[11477,8415],[-70,16],[-50,31]],[[11357,8462],[-89,92]],[[11889,8756],[30,-30],[-29,-45],[-87,-72],[-45,-10],[31,-49],[17,-87],[60,-51],[7,-64],[-40,-29],[-72,-1],[0,-30]],[[11761,8288],[-2,-4]],[[11759,8284],[-43,49],[-78,41],[-161,41]],[[12184,8905],[1,-84],[-28,-35],[-4,-51],[25,-77],[63,-5],[26,-51],[65,-29]],[[12332,8573],[-105,-75],[-128,-102],[-54,-24],[-61,-90],[-17,-49],[-106,-24],[-63,39]],[[11798,8248],[-37,40]],[[11357,8462],[-22,-39],[-24,-87],[33,-101],[-27,-21]],[[11317,8214],[-47,-33],[-71,-18],[-19,23],[-143,-4]],[[11759,8284],[-83,-53],[-70,26],[-62,-70],[-51,-29],[-51,-1],[-6,-64]],[[11436,8093],[-21,-28]],[[11415,8065],[-59,9],[-43,40],[-11,47],[15,53]],[[11798,8248],[12,-63],[33,-43],[88,-41],[64,-8]],[[11995,8093],[-61,-109]],[[11934,7984],[-47,-20],[-41,14],[-89,1],[-63,29],[-65,69],[-66,20],[-65,-13],[-62,9]],[[11415,8065],[-48,-114],[26,-52],[69,-36],[23,-68],[4,-85],[-46,-94]],[[11443,7616],[-34,10],[-53,-20],[-86,-8],[-66,6]],[[11204,7604],[-55,-3],[-45,34],[-47,-17]],[[11934,7984],[72,-105],[-67,-26],[58,-84],[-4,-23],[43,-48],[-51,-7],[-26,-43],[-24,-88],[5,-61],[-54,-6],[-49,-37],[-38,26],[-87,-63],[15,-42],[35,-18],[15,-51]],[[11777,7308],[-32,-49]],[[11745,7259],[-25,67],[-66,54],[-17,36],[-116,54],[-78,146]],[[11204,7604],[40,-75],[4,-36],[50,-62],[36,-19],[28,-169],[-11,-45],[-44,-36],[-42,7],[-12,-59]],[[11253,7110],[-142,106]],[[11745,7259],[-11,-62],[-46,-44],[-78,-25],[-16,-41],[22,-69],[-12,-28],[-96,-60],[-8,-46],[-51,-35],[-43,-8]],[[11406,6841],[-50,13],[-29,44],[-68,24]],[[11259,6922],[8,107],[-14,81]],[[11259,6922],[0,-66],[-149,-28],[-24,-27],[-95,7],[-88,39],[-54,-11],[-25,28],[-65,25]],[[11406,6841],[140,-10],[-32,-67],[-63,-11],[-38,-67],[21,-79],[1,-56],[-19,-36],[21,-37],[89,2],[-11,-30],[36,-51],[-30,-62],[17,-43],[49,-61]],[[11587,6233],[-52,-72]],[[11535,6161],[-42,16],[-95,79],[-81,3],[-39,-34],[-13,-76],[-61,-2],[-15,-40],[-69,-53],[-18,-32],[-85,-55],[24,-35],[-42,-33],[-6,-33],[-83,-29],[-34,-29]],[[10632,5617],[29,-65],[50,-19],[13,-137],[-46,-44],[-7,-49],[116,-79],[65,-90],[7,-32],[45,-15],[-25,-56],[67,-33],[3,-27],[-69,-73],[12,-63]],[[10892,4835],[-33,-87],[10,-36],[-70,-98]],[[10799,4614],[-7,34],[-43,26],[-108,98],[-18,58],[-34,39],[-48,24],[-107,103],[-93,107],[-17,30],[-145,74],[-19,-34],[-48,-33],[-26,21],[-86,-48],[-52,-9],[-80,24],[19,36]],[[9887,5164],[89,13],[39,60],[-9,73],[-38,27],[41,69],[17,53],[-26,68],[-4,83],[-48,49],[19,60],[36,26],[-4,84]],[[9887,5164],[27,69],[-84,39],[-3,-28],[-76,0],[-80,-60],[-44,-19],[-12,-35],[-45,-41],[-65,-13],[-14,52],[-44,-4],[-92,-59],[-64,-9],[-47,14],[-52,46]],[[9192,5116],[-87,117],[17,46],[-26,74],[42,73],[-19,76]],[[9192,5116],[-100,-8],[-37,-12],[-23,-45],[-16,-179],[-29,-27],[-13,-78],[55,-57],[-3,-119],[27,-86]],[[9053,4505],[-129,-75],[-75,-31],[-135,-44],[-90,25],[-112,90],[-20,8]],[[8492,4478],[-44,132],[-269,318],[-6,15]],[[8173,4943],[-53,117],[4,17],[-23,142],[-48,165]],[[8173,4943],[-55,-31],[-65,-85],[-23,-90],[-5,-165],[-70,-51],[-99,-18],[-62,-22],[-39,-38],[-47,15],[-48,46],[-15,-29],[-110,-31],[-6,72],[-60,-4],[-34,40],[-10,63],[-35,0]],[[7390,4615],[-25,63],[0,45],[91,208],[85,87],[106,90],[75,125],[51,131],[0,57]],[[7390,4615],[-63,-1],[-2,29],[-126,-5]],[[7199,4638],[-19,160]],[[7180,4798],[0,121],[66,148],[51,83],[167,231],[17,71]],[[7180,4798],[-25,21],[-107,6],[-59,-8]],[[6989,4817],[4,81],[-33,107],[5,181]],[[6956,5322],[-52,-90],[-31,-26],[-67,-23],[-143,-1],[-73,28],[-58,-11],[-77,-33],[-55,-74],[-6,-36],[-43,-68]],[[6351,4988],[-49,40],[-59,-9],[-30,44],[-52,-5],[-11,25],[-96,52],[-15,60],[-83,33],[4,57],[-43,66],[1,31],[49,37],[30,92]],[[5997,5511],[139,3],[41,19],[88,-9],[57,93],[-6,23],[61,44],[81,14],[128,-23]],[[5997,5511],[17,39],[-26,111],[20,55]],[[6008,5716],[45,7],[21,33],[46,-3],[15,64],[55,65],[-4,73]],[[6008,5716],[10,64],[-11,62],[-71,17],[-60,41],[64,38]],[[5940,5938],[85,11],[15,69],[-16,69],[75,-32],[65,-9],[99,194]],[[5940,5938],[-78,133],[-3,22]],[[5859,6093],[8,-3]],[[5867,6090],[54,27],[27,67],[35,35],[54,15],[120,210],[79,54],[90,-3]],[[5867,6090],[22,104],[61,132],[14,113],[-6,59],[20,19],[37,170]],[[5859,6093],[-108,-42],[-80,-13],[-83,28],[-40,57],[1,72],[-60,35],[-82,-38],[-86,-17],[-56,-32]],[[5265,6143],[-25,67],[21,93],[-76,37],[7,44],[66,53],[-27,52],[58,48],[26,55],[97,63],[100,133],[-26,54],[77,22]],[[5265,6143],[-66,-12],[-32,-59],[-71,41],[-76,-2]],[[5020,6111],[37,124],[17,115],[30,73],[24,130],[-49,23],[-34,-24],[-29,-114],[-48,-14],[-14,36],[-1,124],[-19,76],[103,-33],[64,45],[-82,93],[65,76],[111,18],[46,47],[7,49],[69,21],[29,45]],[[5346,7021],[40,51],[43,-14],[40,34],[74,36],[54,103],[40,-5],[32,37],[51,0]],[[5020,6111],[-64,18],[-98,-32],[-29,62],[-48,44],[-53,19],[-37,61],[-51,12],[-45,51]],[[4595,6346],[-53,1],[-27,-37],[-50,16],[-61,-23],[-39,107],[-45,-12],[-110,31],[-49,40]],[[4161,6469],[0,92],[77,128],[43,31],[26,43],[-28,31],[37,117],[80,32],[10,35],[60,-12],[47,37],[52,15],[56,50],[1,38],[65,12],[37,-20]],[[4724,7098],[119,-35],[21,11],[76,93],[51,16],[7,31],[42,23],[40,-122],[107,-9],[12,-35],[60,-20],[35,-52],[52,22]],[[4724,7098],[-7,87],[-147,173],[54,58],[-130,45],[-15,79],[3,62],[39,63],[-3,79],[54,64],[23,106]],[[4595,7914],[157,61]],[[4752,7975],[10,-69],[37,5],[20,-43],[33,14],[66,-93],[114,-40],[52,-46],[34,24],[110,-16],[-3,76],[97,7],[34,12],[67,-65],[94,-55],[53,0],[39,39]],[[4752,7975],[9,76],[64,2],[-22,109],[111,2],[59,60],[-19,85]],[[4595,7914],[-81,21],[-156,-22],[-64,24],[-55,70]],[[4239,8007],[27,25],[34,91]],[[4300,8123],[33,43],[45,12],[49,-17],[102,13],[38,30]],[[4567,8204],[28,-42],[71,16],[78,68],[64,-25],[71,32],[75,56]],[[4567,8204],[-39,8],[18,73],[-22,61],[-44,60],[33,77],[-5,57],[-31,66]],[[4477,8606],[-96,26],[-61,33],[-27,33],[-49,-42],[-79,61],[14,55],[-16,32],[-84,-45],[-31,7]],[[4048,8766],[85,46],[211,71]],[[4344,8883],[77,3],[65,-16],[64,-41]],[[4550,8829],[-32,-148],[91,-90],[5,-35],[35,-34],[75,-28],[152,86],[61,-12],[33,26]],[[4300,8123],[-30,63],[-38,-1],[-64,74],[-25,76],[29,41],[-17,66],[-61,67],[-3,26]],[[4091,8535],[78,2],[64,-30],[60,40],[46,8],[44,32],[94,19]],[[4550,8829],[27,20],[103,-41],[108,9],[65,81],[64,-13],[-20,-76],[71,-32],[67,33],[21,-50]],[[4091,8535],[-1,67],[-31,40],[-69,-15],[-32,47],[-1,122]],[[3957,8796],[91,-30]],[[4344,8883],[-20,31],[-63,37],[65,19],[-29,59],[-41,38],[-76,16],[21,55]],[[4201,9138],[95,15],[94,-7],[72,22],[6,61],[77,23],[11,121],[-9,37],[48,46],[59,-14],[5,-42],[58,-71]],[[3957,8796],[-24,-8],[-167,98],[-36,43],[-138,-6],[-57,24],[-53,61],[-60,24]],[[3422,9032],[30,59],[69,26],[56,56],[-3,41],[93,20],[95,3],[98,-38],[48,24],[19,-27],[52,29],[53,-8],[23,-27],[105,1],[41,-53]],[[3422,9032],[2,-45],[-80,-11],[-128,-52],[-69,15],[-64,-75],[-75,11]],[[3008,8875],[-35,-3],[-81,44],[-22,27],[11,50],[-49,39],[-72,113],[-41,97],[-62,12],[29,62],[37,24],[-38,86],[30,23],[37,86],[7,84],[-33,55],[39,121],[-62,67],[-75,14],[-39,48],[-63,-2],[-45,-20],[-29,24],[-18,51],[-64,36]],[[2370,10013],[106,-1],[112,52],[84,5],[82,-17],[57,30],[117,6],[52,23],[106,-53],[33,-6],[171,114],[63,54],[36,61],[13,80],[23,49],[111,17],[46,-15],[34,30],[4,50],[31,33],[65,23],[4,26],[-57,33],[-96,3],[37,37],[33,64],[37,18],[95,-3],[22,48],[34,-11],[11,60],[47,1],[52,-32]],[[3935,10792],[24,-36],[48,14],[88,-10],[64,37],[-4,-62],[57,-23],[61,-72],[52,-35],[155,4],[90,23],[-1,33],[87,-3],[132,-76],[24,1]],[[4812,10587],[101,23],[56,-4],[0,-85],[41,-12],[11,-40],[-28,-100],[42,-5],[33,-33],[69,-34],[57,-12],[79,-85],[30,3],[55,-76],[34,7],[9,81],[77,51],[20,-2]],[[4812,10587],[-14,43],[55,53],[5,61],[19,42],[6,67],[55,47],[49,64],[-23,60],[-95,-11],[-73,78],[-176,-7],[-115,136],[8,128],[115,13],[60,-38],[7,64],[147,41],[59,48],[128,-27],[71,21],[46,57],[8,38],[-12,92],[83,17],[34,39],[-21,53],[-67,21],[112,85],[56,-67],[35,21],[63,-10]],[[5437,11816],[23,-4],[7,-89],[20,-4]],[[5487,11719],[-8,-722],[16,-399]],[[5487,11719],[24,-78],[30,-41],[53,-3],[56,20],[57,-35],[30,1],[64,-42],[9,-49],[112,-15],[69,27],[54,-89],[42,-1],[36,39],[5,50],[-18,49],[8,59],[57,41],[57,3]],[[6232,11655],[91,-262],[54,8],[64,-131],[-13,-127],[-95,-97],[-7,-65],[-58,-9],[34,-114],[-2,-26]],[[6232,11655],[101,4]],[[6333,11659],[0,17],[104,53],[12,38],[62,29],[12,-29],[67,-71],[25,-67],[48,-63],[-14,-185],[7,-43],[294,-23],[41,10]],[[6333,11659],[-303,172],[-24,43],[37,23],[56,0],[9,144],[-7,137],[-45,12],[0,43],[147,168],[65,56]],[[6268,12457],[46,-13]],[[6314,12444],[12,-68],[30,-43],[40,13],[47,-52],[6,-33],[60,2],[27,-78],[473,6],[46,46],[42,72],[73,-19]],[[7170,12290],[58,-67],[156,-117],[124,-117],[15,-24],[-73,-69],[-25,-81],[-9,-79],[78,-53],[64,17],[73,-26],[142,-6],[59,-62]],[[8595,11799],[17,18],[84,5],[55,29],[36,89],[-21,50],[80,27],[48,29],[-11,60],[17,20],[-28,86],[-63,19],[-3,30],[102,24],[-9,66],[47,17],[56,-10],[83,-68],[76,14]],[[9161,12304],[44,16],[46,53],[58,7],[38,-52],[-26,-37],[84,-27],[93,-53],[-17,-83],[44,-12],[48,15],[52,39],[-19,53],[41,37],[47,-45],[33,7],[4,55],[44,22],[113,11],[48,-39],[-36,-30],[-49,-6],[-82,-46],[49,-102],[-52,-90],[23,-91],[-27,-89],[-41,-12],[-48,-57],[-59,-31],[-37,-68],[30,-59],[89,-76],[55,-58],[122,-101]],[[12112,11013],[7,63],[-47,67],[27,97],[71,32],[111,93],[8,46],[74,73],[82,37],[28,35],[11,62],[34,10],[6,51],[28,48]],[[12552,11727],[45,1],[73,85],[22,-15],[56,41],[161,73],[44,-24],[76,53],[46,-28],[45,-2],[49,-93],[-22,-33],[28,-34],[73,-26],[13,-36],[-43,-25],[29,-121],[-18,-128],[8,-72],[-23,-25],[5,-133]],[[13219,11185],[-254,24],[-10,-18],[15,-99],[-35,-47],[-184,13],[-102,-15],[-15,-73],[-93,3],[5,-24],[92,-182],[2,-30],[-204,-76],[0,-34],[-85,13],[-95,-59],[-41,-50],[-11,-44],[-39,-31],[-73,-14]],[[13219,11185],[85,-96],[200,-204]],[[13504,10885],[-210,-108],[-69,-43],[-69,-11],[-36,-20],[-235,-52],[37,-77],[-66,-55],[69,-98]],[[12925,10421],[-40,-52],[-4,-52],[-53,-18],[-87,22],[-67,-13],[-102,15],[-151,49],[-32,-7],[-45,-45],[-8,-68],[-70,-1],[32,-56],[-22,-114]],[[12925,10421],[31,-10],[24,-84],[97,-12],[24,-36],[61,-39],[32,-39]],[[13194,10201],[-51,-64],[-15,-54],[-76,-74],[-42,-5],[-172,-42]],[[12838,9962],[-63,-15],[-70,-43],[-153,-137],[-70,-69],[-79,-61],[-123,-29],[-56,5],[-161,32],[-123,-6],[-100,-22]],[[13504,10885],[23,-13],[73,-88],[99,-76],[49,-20],[39,-79],[83,16],[27,-9]],[[13897,10616],[-37,-58],[15,-90],[-89,-54],[-2,-32],[-59,-53],[-13,-57],[-41,-2],[-63,-51],[-38,0]],[[13570,10219],[-38,10],[-15,-55],[-35,-20],[-32,15],[-76,-32],[-76,9],[-65,77],[-39,-22]],[[12838,9962],[72,-62],[-13,-93],[20,-49],[-21,-107],[-39,-59],[-12,-77],[-37,-20],[-108,52],[-56,-42],[-59,48],[-70,-24],[29,-102],[45,-14],[52,23],[84,-67],[-27,-84]],[[12698,9285],[-47,-76],[-4,-63],[33,-61],[55,-26],[-20,-34]],[[12715,9025],[-143,-31],[-134,-15],[-41,14],[-25,39],[-188,-127]],[[13570,10219],[0,-27]],[[13570,10192],[-11,-73],[-21,-6],[6,-99],[-31,-41],[10,-69],[-49,-46],[-21,-59],[-67,-36],[-50,-12],[35,-124],[66,-147],[-3,-70],[-81,-6],[-55,-84],[34,-44]],[[13332,9276],[-109,-85],[-47,-17],[-78,11],[-35,46],[-44,13],[-43,-18],[-112,14],[-38,21],[-128,24]],[[13570,10192],[297,-212],[44,-37],[22,-96],[26,-252],[43,-92],[79,-54],[56,-25],[-2,-162],[58,-12],[39,-97],[-14,-48],[12,-39],[39,-11]],[[14269,9055],[100,-41],[-61,-135],[-16,-55],[-2,-100]],[[14290,8724],[-122,-34],[-63,9],[-68,-37],[-71,2],[-32,-93],[-42,-25],[-59,-7]],[[13833,8539],[0,45],[-46,42],[-25,-22],[-59,27],[-30,-27]],[[13673,8604],[-165,46],[-16,34],[-48,-15],[-46,34],[-32,-17],[-26,478],[-8,112]],[[12715,9025],[29,-88],[27,-39],[-34,-61],[-15,-62],[14,-27],[-14,-67]],[[12722,8681],[10,-39],[-34,-39],[-1,-112],[-83,-64]],[[12614,8427],[-39,8],[-55,-16],[-57,47],[-47,-30],[-49,-86],[-29,2]],[[12338,8352],[30,61],[-14,93],[-22,67]],[[13673,8604],[16,-56],[-67,-5],[-11,-56],[-34,-32]],[[13577,8455],[-159,-6],[-7,111],[-269,-31],[-44,11],[-376,141]],[[12338,8352],[-13,-35],[18,-57],[38,-66],[-49,-107],[-34,-29]],[[12298,8058],[-82,13],[16,-89],[-40,-14],[-85,18],[-112,107]],[[12614,8427],[-15,-39],[-46,-35],[10,-51],[-32,-91],[5,-114],[-70,-88],[-36,-83],[-48,0]],[[12382,7926],[5,82],[-30,68],[-59,-18]],[[13577,8455],[-8,-54],[-132,-13],[1,-222],[-56,-91],[-58,-47],[-23,-39]],[[13301,7989],[156,-157]],[[13457,7832],[-88,-104],[-87,-132],[-8,-43],[-41,-79],[-53,-76],[-18,37],[-62,20],[-50,69],[9,180],[-50,41],[-40,-42],[-105,-12],[-57,40],[-16,42],[-66,45],[-83,26],[-21,80],[-22,14],[-22,72],[-60,-68],[-75,-32],[-48,-50],[-29,11]],[[12365,7871],[17,55]],[[13833,8539],[13,-57],[41,-29],[52,12],[88,-96],[0,-44],[68,-79],[104,-56],[46,-67],[-16,-88],[-41,-62],[36,-82],[40,-53]],[[14264,7838],[-61,-73],[-27,-82],[-45,-14],[-32,-93],[-93,123],[-111,51],[-78,54],[-1,47],[-263,113],[-252,25]],[[12365,7871],[-30,-70],[-77,-9],[-13,-62],[-42,-66],[-29,-108],[-59,-129],[-17,-64],[-69,-33],[-41,-36],[-20,-57],[-24,-9]],[[11944,7228],[-13,37],[-68,43],[-86,0]],[[13457,7832],[104,-94],[62,-79],[36,-67],[23,-170],[17,-39],[62,-48],[-34,-64],[2,-72],[-46,-135],[55,-89],[52,-104],[-11,-46],[52,-81],[-1,-57],[-49,-63],[26,-20],[-26,-72],[3,-110],[-39,-11],[-62,-139],[-31,-125],[-71,-17],[-13,-28],[-57,-14],[-8,-38],[-46,-32],[-71,-18],[-63,-35],[-71,-77],[-40,-24],[42,-93],[-17,-72],[20,-44],[-26,-97],[-65,-48],[-2,-26],[-69,-63],[-21,-66],[-64,-76],[-113,-61],[-21,11]],[[12876,5229],[45,34],[25,51],[-19,33],[-37,3],[-50,42],[-10,45],[-43,46]],[[12787,5483],[17,65],[-19,78],[8,81],[43,154],[-32,33],[-39,-13],[8,-57],[-40,-34]],[[12733,5790],[-18,70],[3,131],[-70,90],[10,134],[-35,80],[-94,52],[-79,105],[-61,37],[-77,75]],[[12312,6564],[28,35],[32,129],[28,9],[1,64],[-19,38],[15,75],[-53,-4],[-90,-72],[-52,-10],[-81,50],[-50,-15],[-46,93],[-19,105],[-50,95],[-12,72]],[[11944,7228],[-58,-55],[-21,-47],[-50,-53],[-19,-65],[-6,-83],[-65,-97],[-16,-66],[22,-60],[-3,-49],[28,-48],[33,-112],[34,-74],[-16,-57],[-41,13],[-23,-33],[-68,-40],[-32,-4],[-22,-54],[-34,-11]],[[12312,6564],[-33,12],[-82,-79],[-9,-53],[-61,-1],[13,-48],[-10,-56],[-40,-67],[-51,1],[-26,-59],[-8,-112],[82,-39],[10,-39],[-31,-113]],[[12066,5911],[-31,-33],[-108,33],[-87,0],[-22,-33],[-49,3],[8,140],[-98,-1],[-74,-46],[-23,49],[-36,22],[-18,59],[7,57]],[[12733,5790],[-32,57],[-51,-33],[9,-73],[-71,-60],[-47,-25],[-41,27],[-51,-27],[-69,-13],[-50,58],[-102,89],[-77,-50],[-53,33]],[[12098,5773],[37,43],[-70,52],[1,43]],[[12098,5773],[-26,-38],[-83,56],[-43,-28],[-8,-62],[40,-51],[-24,-90],[-103,-34],[-22,38],[-78,-16],[-5,-47],[-40,-69],[-49,8]],[[11657,5440],[-95,-45],[-78,-50],[27,-74],[-5,-34],[-42,-71],[-19,-88],[20,-88],[-21,-35],[-133,-36],[-13,-51]],[[11298,4868],[-97,-38],[-67,26],[-57,-66],[-34,17],[-52,-22],[-73,54],[-26,-4]],[[10799,4614],[42,-36],[73,-25],[22,-53]],[[10936,4500],[-96,-82],[-134,-76],[-131,14],[-69,-14],[-157,-73],[-151,-47],[-122,-10],[-194,-40],[-156,1],[-129,21],[-103,29],[-84,44],[-219,182],[-78,88],[-60,-32]],[[8492,4478],[-11,-146],[7,-44],[-12,-285],[-106,-123],[-43,-96],[4,-121]],[[8331,3663],[-65,-22],[-216,-104],[-79,-28],[-38,4],[-65,36],[-197,4],[-110,-83],[-78,17],[-51,125],[-7,116],[-26,87],[-64,142],[-7,40],[40,160],[-33,113],[-136,368]],[[8331,3663],[22,-115],[2,-68],[36,-46],[74,-28],[133,-92],[-8,-136],[14,-45],[-9,-129],[-15,-45],[16,-131],[25,-50],[-3,-52],[19,-49],[80,-35],[-27,-31]],[[8690,2611],[-112,-16],[-187,-43],[-139,-38],[-7,57],[-42,101],[-71,82],[-34,65],[-17,69],[-463,16],[-235,2],[-358,118],[-79,22],[-69,35],[-113,30],[-233,73],[-66,29],[-89,-24],[-52,1],[-53,28]],[[6271,3218],[-1,160],[-48,71],[5,82],[-16,34],[19,44],[65,-28],[140,18],[24,58],[4,60],[-24,50],[22,70],[-62,72]],[[6399,3909],[48,46],[-50,68],[15,45],[0,70],[37,47],[24,80],[-3,74],[-32,46],[-30,73],[71,29],[55,61],[37,-11],[77,10],[40,64],[47,22],[49,66],[110,46],[95,72]],[[6399,3909],[-15,13]],[[6384,3922],[-109,82],[-119,71],[-122,29],[-85,-2],[-73,49],[26,47],[1,51],[61,32],[22,85],[74,89],[-34,79],[-3,54],[34,80],[130,78],[67,65]],[[6254,4811],[59,26],[44,41],[9,55],[-15,55]],[[6384,3922],[-53,-69],[-99,-22],[-41,-63],[-9,-89],[-51,-19],[-81,52],[-44,1],[-176,-23],[-24,-48],[-13,-81],[6,-102],[-19,-12],[3,-75],[-52,-19],[-64,-49],[-25,46],[-69,-3],[-11,-33],[-58,-19],[-4,-83],[-42,-35],[-79,87],[-23,89],[9,56],[-38,21],[-91,-3],[-60,27],[-49,-67]],[[5127,3387],[-56,-4],[-48,42],[-66,-29],[-63,26],[-22,-11],[-50,37],[-8,29],[-62,28],[-21,41],[-54,43],[-87,8],[-62,67],[98,45],[36,73],[44,46],[-35,65],[2,75],[68,21],[19,113],[-31,45],[-10,67],[31,65],[53,14]],[[4803,4293],[48,6],[103,-79],[101,22],[23,26],[-4,74],[40,8],[26,-29],[42,4],[9,46],[52,43],[21,42],[3,56],[69,30],[6,55]],[[5342,4597],[63,-28],[56,34],[51,96],[45,37],[10,33],[72,24],[57,-30],[46,26],[71,-6],[72,-43],[52,-3],[59,52],[36,4],[49,43],[139,-11],[34,-14]],[[5342,4597],[12,59],[-15,70],[10,70],[-14,62],[-41,27],[-7,35],[49,37],[-133,122],[-42,16],[-50,-120],[-80,34],[-60,5],[-59,89],[-60,8],[-32,32],[-7,47],[-68,-26],[-6,122],[25,34],[-22,39],[10,69],[-41,9],[-37,91]],[[4674,5528],[14,12],[154,252],[74,70],[104,249]],[[4803,4293],[0,35],[-52,8],[-37,69],[-63,-45],[-113,-46],[-71,0],[-15,54],[-60,29],[-13,27],[-89,48],[14,-105],[-55,51]],[[4249,4418],[9,38],[-42,86],[-3,47],[188,320],[25,188],[47,100],[62,243],[139,88]],[[4249,4418],[-24,84],[-80,9],[-20,33],[-140,34],[-43,29],[-12,47]],[[3930,4654],[18,32],[-33,93],[33,9],[60,89],[-22,81],[18,53],[35,17],[-41,48],[-11,53],[-39,53],[12,83],[23,41],[57,40]],[[4040,5346],[80,56],[69,10],[81,86],[33,19],[51,102],[28,29],[22,156],[23,22],[-16,59],[48,138],[-7,64],[41,56],[-12,64],[36,83],[30,-8],[48,64]],[[4040,5346],[27,55],[-2,39],[-31,31],[-111,77],[2,52],[-51,15],[-24,88],[4,59],[-44,28],[33,68],[20,105],[48,-9],[45,32],[66,-3],[45,46],[-22,62],[-58,38],[46,73],[3,77],[31,85],[-33,66]],[[4034,6430],[59,29],[68,10]],[[4034,6430],[-87,53],[-60,22],[-83,-61],[-65,-2],[-43,-28],[-30,31],[-106,-7],[-37,59],[20,60],[-60,21],[-45,-31],[-88,-8],[-142,31],[-33,-9]],[[3175,6561],[-89,74],[18,43],[7,149],[35,55],[-21,31],[8,116],[-21,95],[18,41],[-11,54],[-32,48]],[[3087,7267],[64,7],[32,30],[17,66],[45,5],[95,-23],[108,37],[68,-18],[61,89],[-7,79],[17,29]],[[3587,7568],[109,61],[28,96],[89,76],[6,70],[190,110],[76,7],[34,-20],[49,27],[71,12]],[[3587,7568],[-29,17],[-97,129],[-38,4],[-60,-68],[-62,67],[-94,39],[-54,12],[-35,46],[-52,-4],[-29,59],[62,60],[39,13],[48,130],[1,53],[37,66],[30,21],[-77,98],[-63,-27],[-43,-36],[-54,-21],[-76,-9],[-14,-27],[11,-55],[-44,-39],[-42,38]],[[2852,8134],[-40,53],[-40,0],[-22,44],[-15,89],[13,84],[107,49],[115,27],[60,33],[31,37],[-18,46],[-37,14],[-32,41],[7,96],[45,83],[-18,45]],[[2370,10013],[35,29],[8,88],[-49,89],[-48,18],[0,92],[26,7],[34,60],[-39,136],[45,30],[-1,48],[-58,79],[-35,84],[12,57],[54,33],[27,63],[45,-14],[49,38],[-16,72],[-114,60],[-1,58],[-24,39],[6,62],[-47,102],[130,57],[58,50],[73,-6],[42,28],[35,-13],[48,43],[6,26],[108,50],[100,-11],[29,82],[53,22],[34,-36],[127,10],[112,70],[33,-14],[54,65],[62,13],[30,33],[56,-68],[59,11],[77,38],[24,-19],[52,14],[69,73],[25,-36],[41,30]],[[3816,11855],[-7,-8],[7,-381],[-37,-33],[-32,-70],[9,-60],[33,-16],[63,-77],[12,-53],[50,37],[23,93],[37,11],[37,-26],[113,18],[53,52],[63,-51],[48,-10],[40,-35],[3,-78],[-13,-42],[-49,-44],[-66,4],[-7,-36],[-80,-63],[-96,-27],[-63,7],[-18,-34],[-43,-12],[39,-129]],[[3816,11855],[20,49],[59,96],[71,16],[47,55],[56,-42],[33,27],[55,-14],[60,15],[41,-8],[64,25],[18,29],[45,14],[28,48],[79,22],[44,76],[11,71],[32,22],[93,12],[17,72],[36,32],[41,-3],[40,72],[25,-30],[49,18],[32,-58],[37,-1],[91,-33],[93,39],[108,-86]],[[5241,12390],[-28,-44],[-37,-14],[34,-183],[67,-32],[24,-64],[39,-20],[45,13],[106,-51],[7,-31],[-67,-78],[30,-17],[-24,-53]],[[5241,12390],[58,26],[-10,83],[59,32],[148,-21],[86,-30],[18,30],[-8,59],[102,27],[14,38],[42,34],[-9,113],[14,101],[129,-51],[15,-67],[24,-37],[50,6],[63,36]],[[6036,12769],[80,-117],[3,-50],[62,-94],[87,-51]],[[6036,12769],[1,58],[36,44],[45,27],[36,-35],[76,-16],[59,5],[63,25]],[[6352,12877],[-27,-120],[-5,-111],[-14,-69],[18,-75],[-10,-58]],[[6352,12877],[87,79],[67,-39],[28,47],[49,35],[40,-7],[36,-32],[61,-12],[29,17],[35,-32]],[[6784,12933],[64,-74],[-31,-50],[18,-49],[85,-3],[43,30],[37,-37],[25,-92],[58,15],[104,-54],[-18,-135],[37,9],[72,-23],[141,-4],[101,25]],[[7520,12491],[-69,-71],[-23,-51],[-47,13],[-75,-2],[-24,-40],[-50,-40],[-62,-10]],[[6784,12933],[112,71],[65,-13],[52,-41],[61,0],[97,44],[75,-16],[50,-29],[-9,-37],[63,-39],[59,34],[43,-16],[51,22],[55,-48],[56,-19],[60,82],[41,-3],[44,-33],[100,-10],[53,-21],[56,8],[16,34],[95,42],[29,2],[62,-41]],[[8170,12906],[-45,-56],[-81,-29],[-75,-71],[-108,-14],[-33,10],[-38,-27],[-134,-45],[0,-23],[-80,-10],[-32,-68],[-77,-13],[-14,-35],[67,-34]],[[8170,12906],[15,-1]],[[8185,12905],[-1,-95],[-59,-13],[-43,-43],[-10,-39],[-49,-57],[8,-39],[-90,-20],[-44,-22],[-39,6],[-28,-49],[22,-30],[99,-24],[31,-64],[59,23],[18,-141],[110,-67],[36,-38],[-5,-63],[-80,-36],[-4,-33],[-57,-12],[18,-100],[-103,-56],[-125,-32],[0,-51],[41,-56],[-44,-34],[-5,-49]],[[8185,12905],[43,18],[55,-32],[68,34],[44,-4],[0,212],[67,53],[-11,49],[20,63],[35,34],[-7,52],[93,38],[44,-25],[34,-124],[22,7]],[[8692,13280],[47,-65],[20,-68],[64,-70],[-22,-82],[21,-42],[136,-152],[10,-63],[-42,-201],[-43,-90],[70,-62],[35,36],[58,-49],[67,1],[48,-69]],[[8692,13280],[19,6],[91,-34],[64,-2],[73,35],[43,38],[100,-2],[102,-14],[59,-46],[92,24],[91,-9],[11,-68],[85,-22],[73,14],[115,-3],[53,-15],[84,55],[51,14],[68,-2],[3,-105],[25,-97],[51,4],[103,27],[32,-73],[64,-11],[59,-27],[18,-35],[67,-70],[56,-32],[11,-67],[41,-8],[35,-49],[6,-48],[47,-26],[25,-86],[103,24],[56,46],[-19,90],[32,19],[64,-44],[88,51],[141,-46],[43,-43],[29,-54],[-42,-57],[83,-84],[45,-21],[21,-33],[-5,-57],[35,-49],[-5,-46],[29,-73],[33,-27],[25,-76],[55,-12]],[[11420,12054],[-30,-38],[-76,-5],[9,-52],[-34,-60],[-51,-36],[-21,-47],[-47,-44],[35,-71]],[[11420,12054],[36,42],[14,56],[42,47],[-22,31],[50,38],[48,-19],[39,32],[-6,46],[38,30],[-15,77],[34,12],[40,53],[75,-28],[87,19],[2,67],[36,57],[97,7],[82,45],[119,32]],[[12216,12698],[-14,-96],[25,-58],[70,-97],[-21,-66],[24,-86],[-3,-59],[-31,-40],[10,-42],[40,-36],[-6,-50],[-35,-52],[22,-91],[35,-60],[54,-42],[56,-11],[122,14],[24,-21],[11,-60],[-47,-18]],[[12216,12698],[55,16],[-30,86],[83,34],[90,163],[0,30],[78,23],[45,30],[46,-16],[26,50],[70,20],[20,63],[135,113],[38,43],[25,59],[46,15],[5,50],[32,26],[-8,48],[54,89],[3,41],[-48,53],[-15,59],[32,40],[-18,48],[66,36],[33,-17],[39,25],[115,48],[96,64],[25,96],[49,9],[62,-42],[67,-25],[60,-42],[75,65],[48,9],[73,-20],[35,-36],[60,51],[47,14],[30,-28],[99,3],[30,-46],[68,2],[44,-102],[78,-18],[32,-37],[45,-15],[40,-47],[51,-26],[45,-57],[96,4],[37,-37],[20,-83],[-15,-41],[70,-38],[62,-58],[44,3],[20,-35],[56,-16],[47,-53],[79,17],[53,-40],[114,-51],[53,11],[24,-23],[-6,-45],[-42,-32],[-17,-71],[24,-44],[-16,-102],[95,-32],[35,13],[22,-34],[-49,-49],[-18,-91],[-2,-76],[33,-40],[71,19],[6,-40],[37,-8],[53,-56],[-12,-40],[40,-73],[138,3],[40,-39],[31,11],[53,54],[56,16],[34,-18],[-35,-116],[-2,-59],[19,-62],[34,11],[61,-41],[63,-2],[29,-46],[5,-46]],[[16032,12170],[-31,-25],[-107,-3],[-40,8],[-25,-54],[-119,-82],[-43,-53],[-103,-32],[-19,-44],[-54,-36],[-42,-8],[-101,-95],[-49,-24],[-38,-53],[-30,-1],[-24,-42]],[[15207,11626],[-79,-59]],[[15128,11567],[-54,-32],[-76,-24],[-49,81],[-11,74],[-28,28],[33,101],[75,52],[20,46],[-15,32],[-7,120],[-35,-2],[-76,145],[-9,54],[-46,9],[-106,-70],[-31,-69],[-57,-73],[-133,36],[-45,77],[-26,108],[18,101],[-1,61],[-36,22],[-28,134],[-50,-22],[-23,-51],[-33,9],[-31,-62],[-4,-59],[-66,-40],[-26,-67],[-28,-33],[15,-40],[-16,-52],[-27,-20],[-31,71],[-51,32],[-21,-89],[29,-149],[-22,-42],[16,-49],[-40,-4],[33,-56],[50,-1],[16,-39],[-81,-47],[-86,-29],[6,-72],[58,-18],[134,42],[46,-60],[54,-46],[56,-5],[40,18],[25,-54],[64,-37],[-6,-142],[47,-39],[59,41],[-14,-72],[49,-104]],[[14546,11191],[-28,-43],[-86,-35],[-10,-48],[-67,-3],[-13,-42],[-61,-79],[-53,32],[-70,-73],[-15,-32],[-132,-40],[-16,-133],[-48,-34],[31,-26],[-32,-47],[-49,28]],[[15128,11567],[22,-63],[-28,-56],[6,-54],[-45,-41],[-61,32],[-106,-15],[-56,25],[-34,-7],[-55,-46],[-18,-58],[-47,14],[-58,-42],[-94,-38],[-8,-27]],[[15207,11626],[16,-92],[-5,-52],[31,-134],[-12,-42],[37,-89],[-44,-50],[-17,-159],[-37,-64],[8,-78],[63,-36],[23,-49],[98,-111],[-13,-62],[52,-55],[30,-9],[1,-85],[-169,-127],[-12,-35],[41,-56],[106,-83],[80,-85],[69,50],[38,-17],[70,37],[102,21],[100,-69],[8,-66],[21,-32],[67,-31],[16,-29],[-6,-69],[101,-25],[146,54],[71,-5]],[[16287,9892],[-71,-138],[-204,-101],[-211,12],[-148,-43]],[[15653,9622],[-72,-22],[-292,-116],[-167,-54]],[[15122,9430],[-48,-2],[-110,-115],[-101,-53],[-41,48],[-152,146],[-58,-25],[-84,-74],[-121,-23],[-44,-47],[-20,-63],[46,-82],[-120,-85]],[[16032,12170],[31,-22],[9,-182],[-22,-34],[15,-45],[103,-69],[19,-38],[85,-59],[73,-66],[90,-7],[24,-50],[63,-69],[12,-80],[47,-72],[45,-1],[38,-30],[63,-113],[41,-15],[59,-127],[81,-107],[71,-61],[28,16],[67,-55],[72,0],[52,44],[59,-9],[-6,-64],[43,20],[4,34],[54,30],[37,52],[74,-3],[35,-25],[44,-96],[-7,-30],[26,-98],[1,-50],[59,-92],[3,-45],[43,-106],[70,-26],[84,7],[5,-42],[35,-97],[61,2],[36,34],[72,-45],[58,-137],[22,-84],[35,-45],[67,-27],[20,-45],[-12,-59],[12,-33],[-39,-43],[-1,-34],[-47,-66],[1,-48],[-49,-27],[-23,-51],[-56,-21],[-16,-29],[80,-76],[11,-33],[62,-87],[12,-89],[-97,-60]],[[18070,9185],[-124,-74],[-35,-12],[-45,-50],[-4,-38],[-36,-38],[-64,-103],[-57,-25],[-69,-12]],[[17636,8833],[-70,7],[-62,-38],[-24,-44],[-42,-23],[-12,-36],[-89,-27],[-61,5],[-65,-33],[-62,13],[-24,50],[-64,25],[-59,-42],[12,-62],[-50,-74],[-36,-30],[-158,-18],[-19,-30],[-88,2],[-179,67],[-40,37],[-20,85],[4,39],[50,15],[4,60],[-50,33],[0,39],[-38,14]],[[16394,8867],[-7,71],[52,46],[42,-34],[52,64],[38,2],[-4,69],[31,118],[-8,44],[175,57],[-20,77],[30,117],[-40,24],[6,37],[-27,31],[-43,94],[-137,108],[-61,57],[-86,64],[-100,-21]],[[14290,8724],[65,-37],[20,-90],[-8,-55],[81,-30],[61,2],[88,-56],[14,-72],[39,-75],[84,-112],[9,-68],[-21,-169]],[[14722,7962],[-9,-81],[-41,37],[-284,-18],[-53,-75],[-71,13]],[[15122,9430],[77,-102],[-47,-38],[-18,-39],[-51,-27],[-137,-205],[38,-34],[2,-40],[51,-29],[57,10],[40,-60],[11,-58],[53,-42],[11,-92],[64,-62]],[[15273,8612],[-171,-105],[0,-59],[31,-21],[-25,-57],[-79,-43],[-53,-88],[-92,-26],[-9,-53],[28,-52],[1,-55],[-55,-141],[-49,-2],[-78,52]],[[15653,9622],[-22,-59],[73,-48],[37,-9],[-26,-88],[18,-88],[-33,-19],[-55,8],[-91,-14],[-48,-59],[-30,-12],[-3,-64],[47,-129],[46,-31],[74,1],[11,32],[87,4],[19,17],[8,69],[22,12],[58,-20],[21,-109],[51,-23],[39,-49]],[[15956,8944],[-45,-20],[-39,-90],[-82,-100],[-61,-20],[-36,-65],[35,-14],[-30,-54],[-5,-63],[-35,-37],[-46,3],[19,-57],[-28,-36],[-47,11],[-38,-15],[-84,19],[-30,-12],[-37,43],[25,125],[-36,33],[-63,-7],[-20,24]],[[16394,8867],[-12,-5],[-107,81],[3,35],[-35,29],[-43,-7],[-46,-42],[-64,64],[-70,3],[-4,-92],[-60,11]],[[15956,8944],[70,-89],[58,-122],[-91,-64],[-51,-63],[-28,-62],[-5,-74],[31,-56],[-19,-21],[-23,-103],[99,-21],[46,-25],[51,-79],[58,-20],[32,-67],[52,-62],[18,-85],[-14,-90],[-25,-30],[14,-104],[-19,-56],[33,-81],[18,-144],[-15,-107],[-47,-92],[-39,-36],[18,-82],[24,-20],[50,-152],[-43,-94],[3,-60],[-88,-76],[-2,-138],[-27,-13],[-38,-61],[81,-27],[79,38],[41,-11],[82,24],[13,-78],[4,-155],[-20,-65],[-101,-200],[2,-22],[-41,-70],[-9,-67],[-29,-24],[-57,-104],[-41,-52]],[[16061,5682],[-59,91],[-45,-74],[-18,10],[-96,-90],[-19,-34],[-48,1],[-1,42],[-34,42],[12,46],[-45,3],[-4,-35],[-56,-80],[-18,-53],[-55,2],[-49,-53],[-23,24],[-93,-20],[-48,-89],[-79,-36],[-79,42],[-52,-35],[-73,40],[-88,-77],[-31,-63],[-1,-74],[-73,26],[-62,-17],[-68,-134],[-229,45],[5,102],[-44,42],[-98,-35],[-117,86],[-60,26],[-72,-1],[-65,23],[-50,-79],[-38,-31],[-43,-63],[18,-99],[-26,-71],[-102,-50],[1,-28],[-62,-90],[-32,10],[-66,-29],[-84,-10],[-31,24],[-66,-30]],[[13495,4829],[-70,52],[-20,129],[-40,54],[-91,83],[-61,-24],[-67,4],[-40,39],[-45,-2],[-101,62],[-32,-32],[-52,35]],[[17636,8833],[48,-56],[55,-8],[0,-68],[53,-93],[-48,-35],[28,-61],[53,-33],[35,0],[26,33],[89,11],[23,-22],[18,-63],[-27,-40],[8,-37],[40,-49],[0,-408],[419,-7],[37,-78],[14,-59],[65,-169],[8,-65],[-19,-87],[-38,-60],[-73,-69],[-68,-35],[-89,-116],[-96,-93],[-43,-29],[39,-34],[103,21],[14,-33],[105,57],[38,-45],[127,-35],[8,-32],[-111,-64],[-13,-48],[72,-68],[-23,-21],[-43,19],[-34,-30],[42,-24],[-30,-48],[57,-51],[105,57],[80,16],[12,-130],[52,-16]],[[18754,6528],[12,-106],[-19,-77],[-70,-28],[-27,-40],[29,-74],[32,-45],[-64,-19],[-5,-53],[-72,-69],[-73,-42],[-96,10],[-28,-25],[-96,-18],[-32,39],[-46,-3],[-16,30],[19,64],[-79,-16],[-89,-31],[-56,4],[-24,44],[-66,-7],[-24,-22],[-115,-49],[-82,-97],[-75,8],[-107,-70],[-65,-17],[-30,-52],[-86,-50],[-121,-17],[-36,-44],[-59,-21],[-163,0],[-68,37],[-110,25],[-44,-19],[-23,-36],[-80,-63],[9,-37],[-38,-58],[-110,-32],[-78,-33],[-66,-8],[-119,8],[-70,-35],[-71,-14],[-18,40],[-43,28],[5,35],[67,43],[60,1],[-56,80],[45,79],[-56,6]],[[18070,9185],[38,-30],[47,9],[50,-31],[55,82],[70,2],[93,21],[62,-17],[158,-63],[41,-1],[67,-86],[82,-6],[120,34],[12,40],[98,55],[57,9],[62,58],[75,-15],[93,65],[47,-4],[17,46],[50,59],[51,22],[51,-6],[30,18],[127,35],[34,95],[21,25],[44,-13],[32,33],[47,-26],[16,-35],[-8,-62],[16,-42],[116,-83],[66,-28],[70,-12],[30,-23],[25,-92],[25,-27],[71,46],[59,-13],[76,36],[36,44],[56,-28],[44,7],[27,-47],[-32,-24],[17,-79],[-29,-71],[33,-41],[141,-4],[101,36],[40,-47],[45,7],[89,-28],[12,-28],[-36,-75],[38,-43],[-10,-51],[82,-31],[0,-69],[36,-68],[47,-28],[43,-64],[-23,-77],[6,-163],[29,-6],[44,-58],[8,-49],[-75,-30],[42,-88],[58,-39],[79,18],[44,-60],[-21,-46],[-59,-3],[-3,-49],[-34,-23],[-22,-72],[98,-18],[-4,-62],[-72,-62],[-15,-45],[-45,-47],[53,-31],[98,20],[59,24],[58,52],[66,-31],[-21,-63],[5,-45],[95,-26],[123,91],[46,-19],[30,-105],[-23,-12],[52,-107],[20,-120],[-14,-35],[51,-21],[14,-49],[-74,-25],[-65,-100],[-32,-25],[-16,-61],[-38,-5],[-16,52],[-64,-34],[-86,-102],[-66,-33],[-38,-51],[-75,-17],[-30,-67],[-83,-111],[-85,-28],[-87,-15],[-132,-3],[-97,-114],[-130,-63],[-85,23],[-31,38],[-53,-53],[-62,-5],[5,54],[-34,4],[-28,45],[-104,-18],[-56,16],[-91,-16],[-67,31],[-69,-37],[-1,36],[-63,6],[-8,31],[-43,33],[-66,2],[-6,24],[38,59],[59,28],[-28,120],[25,62],[-89,52],[-65,2],[-58,70],[-51,1],[-43,-47],[-29,3],[-31,-110],[-37,-29],[-24,27],[-56,18],[-62,-30],[-29,39],[-71,-44],[-115,15],[-50,-53],[-66,-4],[-48,26],[-57,-25],[-102,-117],[-61,10],[-83,-50],[-27,21]],[[12787,5483],[-83,11],[-54,35],[-21,-110],[-43,-41],[-55,-25],[-77,-1],[-49,-15],[-28,-40],[-63,-5]],[[12314,5292],[-93,26],[-24,43],[-74,54],[-38,-54],[-69,-29],[-58,-45],[-65,-97],[-30,2],[-34,47],[-84,29],[-54,34],[-34,138]],[[12314,5292],[-24,-52],[42,-47],[-30,-62],[-81,-59],[-22,13],[-90,-52],[-47,-66],[-87,-6],[-69,-56],[-53,4],[-65,-62],[-49,10],[-85,-28],[-20,-27],[-59,15],[-124,-65],[-35,27],[-82,-5],[2,69],[-38,25]],[[13495,4829],[-19,-45],[-58,-74],[-44,-20],[-79,-65],[-60,-88],[-50,16],[-124,-104],[-25,-47],[-88,-82],[-23,-3],[-1,309],[-58,-35],[-58,7],[-89,52],[-98,-20],[-68,-46],[-20,-36],[-91,-1],[-89,-53],[-88,-4],[-61,-18],[-62,21],[-74,-47],[-20,-48],[66,5],[-12,-51],[-37,-57],[-122,-94],[-38,-6],[-75,-56],[-50,15],[-111,-5],[-54,-26],[-20,-36]],[[11595,4087],[-55,-13],[-107,52],[-80,-7],[-87,108],[40,51],[-113,47],[-23,-19],[-111,63],[-108,91],[-15,40]],[[11595,4087],[-41,-47],[-43,-75],[-56,-14],[54,97],[-59,-19],[-60,-64],[-109,-54],[-46,40],[-53,-32],[-45,-72],[34,-34],[-44,-62],[-5,-52],[49,-4],[6,-53],[-68,-104],[-51,-28],[-66,-5],[-59,-42],[-5,-35],[-65,-122],[-70,66],[-19,-59],[9,-51],[-50,-108],[-35,-10],[-34,-80],[-57,-22],[-59,-78],[-47,23],[-51,-38],[-53,-69],[3,-69],[-17,-38],[-63,-68],[-65,-51],[-82,4],[-97,-25],[-21,15],[-63,-8],[-23,-93],[-53,-62],[-87,-27],[-31,-130],[-102,-17],[-44,-72],[-40,-11],[-22,-49],[-60,-57],[2,-26],[-51,-23],[-44,-101],[-44,-10],[-56,-78],[-4,73],[-40,14],[-36,-95],[-45,-7],[-7,-45],[-35,-32],[-26,27],[-94,-71],[-37,-11],[-91,-64],[-20,25],[-46,-33],[-155,-5]],[[8701,1660],[26,35],[-10,72],[37,39],[-18,54],[-48,34],[0,26],[44,32],[8,60],[-20,33],[23,62],[-65,4],[-52,19],[-16,90],[47,-3],[37,110],[24,38],[-20,50],[23,49],[-47,28],[-11,75],[27,44]],[[8701,1660],[-40,-42],[-63,11],[-52,-56],[-129,-51],[-84,-59],[35,-98],[0,-73],[59,-35],[-61,-37],[-23,-33],[-34,8],[-39,-59],[-31,0],[-92,-45],[-34,4],[-62,91],[-57,23],[-40,71],[-107,-7],[-105,7],[-65,-17],[-49,23],[-23,54],[-122,-7],[-28,-74],[-109,-42],[-39,28],[-41,-61],[-46,-35],[-155,46],[-130,-52],[-59,25],[-26,37],[-73,5],[-8,-28],[-81,-17],[-95,-124],[-83,-13],[-7,-21],[-78,-2],[-27,-60],[-41,5],[-34,60],[8,39],[75,31],[38,136],[18,35],[51,39],[36,88],[-9,45],[38,9],[23,76],[-83,12],[1,37],[-44,32],[16,68],[-67,38],[-73,-1],[-6,32],[-50,42],[26,38],[-5,48],[-112,42],[-52,93],[-62,17],[-50,-40],[-44,60],[-71,9],[-37,24],[-41,-27]],[[5847,2032],[-12,26],[-15,137],[-33,83],[-13,65]],[[5774,2343],[-16,58],[-6,99],[30,78],[50,71],[32,132],[-42,38],[26,49],[52,-13],[10,-73],[22,-18],[57,2],[113,-11],[162,30],[7,433]],[[5774,2343],[-50,21],[-9,-34],[-52,-47],[-26,-75],[-74,-13],[-38,-58],[-61,-30],[-64,5],[-54,-21],[-29,-38],[-90,24],[-13,-26],[-53,11],[-73,-53],[-26,54],[-51,44],[-42,1],[-42,-37],[-37,-3],[-9,74],[-41,69],[-92,-1],[-82,-80],[-52,14],[-34,-50],[5,-33],[-95,-45],[-91,41],[-49,47]],[[4350,2104],[83,115],[65,14],[33,85],[33,42],[54,34],[-2,46],[34,81],[-13,58],[12,75],[94,112],[91,-2],[55,-17],[47,50],[25,67],[84,6],[26,113],[39,98],[69,87],[28,100],[0,81],[22,36],[-102,2]],[[4350,2104],[-54,0],[-34,-51],[-50,67],[-124,-44],[-66,25],[-91,81],[-36,8],[-53,-36],[-61,59],[-23,73],[-31,44],[19,33],[-21,41],[4,72],[-48,7],[10,48],[-29,63],[-6,54],[-82,-4],[-35,84],[-54,26],[-97,92],[-96,-57],[-4,-36],[-61,-36],[-37,25],[-44,-11],[-24,75],[25,45],[-35,27],[-66,169],[-62,51],[-4,39],[-67,22],[-43,62],[-56,30],[-104,120],[-55,30],[-69,81]],[[2586,3482],[41,32],[11,48],[26,12],[21,71],[42,-7],[63,23],[-7,54],[21,110],[-46,55],[-13,54],[41,55],[65,-1],[33,-27],[85,53],[59,-3],[78,55],[70,16],[26,81],[-40,50]],[[3162,4213],[-13,41],[78,6],[36,35],[14,88],[-35,71],[11,31],[52,30],[39,51],[87,53],[91,-62],[-39,-68],[108,-97],[1,-42],[106,-1],[33,29],[12,62],[111,5],[25,44],[-17,65],[29,27],[15,68],[24,5]],[[5847,2032],[-60,-27],[-56,27],[-46,-57],[-46,7],[-35,-43],[-40,-10],[-47,-51],[26,-44],[64,-59],[-29,-33],[-149,-1],[-44,-24],[-9,-38],[-41,-46],[-73,-3],[-32,-39],[5,-34],[-76,-63],[-36,1],[-18,-37],[-88,-23],[-27,-60],[-74,-22],[-39,25],[-39,-22],[-56,-71],[-41,-20],[20,-54],[-20,-21],[46,-89],[100,-117],[43,-1],[30,-104],[-10,-42],[55,-66],[-43,-26],[-22,-39],[-98,-68],[-49,21],[-49,-8],[-38,-92],[-93,-111],[7,-40],[51,-32],[-72,-40],[-23,9],[-61,-70],[-136,-99],[-69,23],[-11,58],[-77,-1],[-47,46],[-26,-64],[-46,26],[-97,113],[18,42],[-52,49],[-41,-49],[2,-53],[-41,-21],[-68,5],[-49,-30],[-26,-37],[-96,19],[-37,-27],[-62,41],[-9,-54],[36,-93],[-54,-29],[2,-73],[-31,-32],[-42,6],[-52,-41],[-107,58],[-42,66],[-30,-17],[-81,42],[-50,77],[-29,-52],[-78,-48],[-14,-48],[-54,-33],[-188,133],[-70,24],[-18,45],[25,61],[-13,61],[-54,3],[-24,62],[6,72],[-71,24],[-35,42],[-30,80],[-27,-15],[-56,14],[20,35],[-68,150],[-30,-11],[-36,40],[-53,-6],[-20,-51],[-63,-68],[-32,-84],[-30,-16],[-146,38],[-59,42],[-82,37],[-50,-10],[-21,38],[-2,77],[-99,81],[8,101],[-60,23],[-59,55],[-80,-14],[-26,-29],[-65,-22],[-45,15],[-27,-27],[31,-32],[-19,-98],[-39,-30],[-82,-25],[-68,-44],[-49,-10],[-41,34],[-85,0],[-38,16],[-25,39],[-169,48],[-69,10],[-39,-23],[-114,3],[-33,27],[-96,-19],[-73,56],[13,59],[45,60],[-52,101],[-28,27],[10,63],[-74,93],[-75,10],[-38,35],[11,30],[-43,41],[50,79],[128,25],[36,83],[-53,0],[-20,54],[-45,33],[2,93],[19,46],[54,-37],[71,7],[37,22],[-1,42],[-47,65],[-5,76],[60,-29],[63,15],[50,-100],[34,3],[-7,53],[45,20],[75,-48],[112,15],[36,-23],[25,40],[-18,80],[49,64],[5,47],[78,62],[52,87],[44,7],[16,55],[63,77],[-47,34],[83,98],[2,71],[-28,30],[-1,63],[66,36],[-30,49],[36,38],[56,10],[-7,46],[-55,30],[8,56],[29,24],[10,65],[-12,43],[76,22],[28,48],[-10,43],[26,40],[47,32],[20,99],[-5,40],[101,-21],[39,-53],[80,-40],[78,53],[13,-17],[90,-7],[91,42],[63,17],[31,-15],[72,34],[70,-26],[15,76],[69,-30],[16,-30],[66,-18],[92,8],[10,37],[44,19],[22,37],[36,-2],[56,27],[72,-112],[60,-43]],[[3162,4213],[-67,-41],[-122,39],[-69,50],[-9,37],[-47,61],[-54,-17],[-78,53]],[[2716,4395],[62,100],[60,6],[29,42],[3,57],[-43,52],[-1,82],[14,82],[57,60],[-15,41],[-6,154],[-25,41],[1,60],[44,-10],[36,125],[8,65],[-42,41],[-10,57],[9,54],[-24,63],[59,54],[58,26],[15,28],[-4,93],[-29,71],[63,62],[17,50],[-40,68],[22,60],[-9,103],[31,61],[-13,45]],[[3043,6288],[8,39],[68,42],[-6,53],[13,47],[29,10],[20,82]],[[2716,4395],[-47,46],[-18,80],[-1,87],[-40,55],[-83,35],[-25,39],[1,46],[58,41],[6,71],[-60,4],[-40,37],[-9,45],[11,60],[22,14],[17,61],[-12,96],[-31,22],[-53,-6],[-60,-34],[-86,75],[-39,148],[-74,93],[-27,56],[2,37],[-66,53],[-13,74],[62,40],[-63,198],[24,108],[-25,19],[-93,16],[-92,-7],[-36,68],[12,53],[-64,27],[-47,59],[41,47],[-1,60],[-19,45],[16,56],[37,4],[88,45],[-12,23],[14,65],[91,-5],[81,37],[52,118],[-7,68],[-24,61]],[[2084,6935],[55,3],[56,-33],[117,-24],[28,-87],[37,-9],[93,-84],[98,3],[49,-23],[30,-56],[3,-55],[57,-75],[58,10],[45,-18],[89,-83],[59,35],[56,-5],[4,-122],[25,-24]],[[2084,6935],[38,40],[8,98],[47,20],[57,-1],[40,36],[-6,34],[67,36],[44,128],[39,55],[-10,37]],[[2408,7418],[31,-21],[64,1],[67,37],[59,-28],[22,9],[32,67],[100,-36],[37,4],[8,-62],[38,-56],[90,-17],[20,-56],[46,-49],[41,8],[24,48]],[[2408,7418],[36,33],[11,51],[28,34],[2,119],[91,55],[0,64],[-64,78],[-7,60],[42,-8],[90,15],[24,41],[70,26],[18,61],[103,87]]],"transform":{"scale":[6.9944143757796455,6.970812351866849],"translate":[275288.13603315776,7337033.65087378]},"objects":{"zonas_1997_s":{"type":"GeometryCollection","geometries":[{"arcs":[[0,1,2,3,4]],"type":"Polygon","properties":{"codigo":"1","nome":"Sé","municipio_nome":"São Paulo"},"id":"1"},{"arcs":[[-5,5,6,7,8,9]],"type":"Polygon","properties":{"codigo":"2","nome":"Parque Dom Pedro","municipio_nome":"São Paulo"},"id":"2"},{"arcs":[[-1,-10,10,11,12,13]],"type":"Polygon","properties":{"codigo":"3","nome":"Praça João Mendes","municipio_nome":"São Paulo"},"id":"3"},{"arcs":[[-14,14,15,16,-2]],"type":"Polygon","properties":{"codigo":"4","nome":"Ladeira da Memória","municipio_nome":"São Paulo"},"id":"4"},{"arcs":[[-3,-17,17,18,19]],"type":"Polygon","properties":{"codigo":"5","nome":"República","municipio_nome":"São Paulo"},"id":"5"},{"arcs":[[-4,-20,20,21,-6]],"type":"Polygon","properties":{"codigo":"6","nome":"Santa Efigênia","municipio_nome":"São Paulo"},"id":"6"},{"arcs":[[-7,-22,22,23,24,25]],"type":"Polygon","properties":{"codigo":"7","nome":"Luz","municipio_nome":"São Paulo"},"id":"7"},{"arcs":[[-8,26,27,28]],"type":"Polygon","properties":{"codigo":"8","nome":"Brás","municipio_nome":"São Paulo"},"id":"8"},{"arcs":[[-9,-29,29,30,31,32,33,-11]],"type":"Polygon","properties":{"codigo":"9","nome":"Independência","municipio_nome":"São Paulo"},"id":"9"},{"arcs":[[-33,34,35,36,37]],"type":"Polygon","properties":{"codigo":"10","nome":"Cambuci","municipio_nome":"São Paulo"},"id":"10"},{"arcs":[[-12,-34,-38,38,39]],"type":"Polygon","properties":{"codigo":"11","nome":"Glicério","municipio_nome":"São Paulo"},"id":"11"},{"arcs":[[-37,40,41,-39]],"type":"Polygon","properties":{"codigo":"12","nome":"Aclimação","municipio_nome":"São Paulo"},"id":"12"},{"arcs":[[-13,-40,-42,42,43,44]],"type":"Polygon","properties":{"codigo":"13","nome":"Liberdade","municipio_nome":"São Paulo"},"id":"13"},{"arcs":[[-15,-45,45,46,47]],"type":"Polygon","properties":{"codigo":"14","nome":"Bexiga","municipio_nome":"São Paulo"},"id":"14"},{"arcs":[[-44,48,49,50,-46]],"type":"Polygon","properties":{"codigo":"15","nome":"Bela Vista","municipio_nome":"São Paulo"},"id":"15"},{"arcs":[[-47,-51,51,52,53]],"type":"Polygon","properties":{"codigo":"16","nome":"Masp","municipio_nome":"São Paulo"},"id":"16"},{"arcs":[[-16,-48,-54,54,55,56,57,58,-18]],"type":"Polygon","properties":{"codigo":"17","nome":"Consolação","municipio_nome":"São Paulo"},"id":"17"},{"arcs":[[-19,-59,59,60,-23,-21]],"type":"Polygon","properties":{"codigo":"18","nome":"Santa Cecília","municipio_nome":"São Paulo"},"id":"18"},{"arcs":[[-24,-61,61,62,63,64,65,66,67]],"type":"Polygon","properties":{"codigo":"19","nome":"Bom Retiro","municipio_nome":"São Paulo"},"id":"19"},{"arcs":[[-67,68,69,70,71]],"type":"Polygon","properties":{"codigo":"20","nome":"Canindé","municipio_nome":"São Paulo"},"id":"20"},{"arcs":[[-25,-68,-72,72,73,74]],"type":"Polygon","properties":{"codigo":"21","nome":"Pari","municipio_nome":"São Paulo"},"id":"21"},{"arcs":[[-26,-75,75,76,-27]],"type":"Polygon","properties":{"codigo":"22","nome":"Bresser","municipio_nome":"São Paulo"},"id":"22"},{"arcs":[[-71,77,78,79,80,81,-73]],"type":"Polygon","properties":{"codigo":"23","nome":"Belenzinho","municipio_nome":"São Paulo"},"id":"23"},{"arcs":[[-74,-82,82,83,84,85,-76]],"type":"Polygon","properties":{"codigo":"24","nome":"Quarta Parada","municipio_nome":"São Paulo"},"id":"24"},{"arcs":[[-28,-77,-86,86,87,88]],"type":"Polygon","properties":{"codigo":"25","nome":"Moóca","municipio_nome":"São Paulo"},"id":"25"},{"arcs":[[-88,89,90,91]],"type":"Polygon","properties":{"codigo":"26","nome":"ALto da Moóca","municipio_nome":"São Paulo"},"id":"26"},{"arcs":[[-30,-89,-92,92,93,94]],"type":"Polygon","properties":{"codigo":"27","nome":"Parque da Moóca","municipio_nome":"São Paulo"},"id":"27"},{"arcs":[[-31,-95,95,96,97,98]],"type":"Polygon","properties":{"codigo":"28","nome":"Vila Independência","municipio_nome":"São Paulo"},"id":"28"},{"arcs":[[-32,-99,99,100,101,-35]],"type":"Polygon","properties":{"codigo":"29","nome":"Vila Monumento","municipio_nome":"São Paulo"},"id":"29"},{"arcs":[[-36,-102,102,103,104,105,-49,-43,-41]],"type":"Polygon","properties":{"codigo":"30","nome":"Vila Mariana","municipio_nome":"São Paulo"},"id":"30"},{"arcs":[[-105,106,107,108,109]],"type":"Polygon","properties":{"codigo":"31","nome":"Lins de Vasconcelos","municipio_nome":"São Paulo"},"id":"31"},{"arcs":[[-50,-106,-110,110,111]],"type":"Polygon","properties":{"codigo":"32","nome":"Paraíso","municipio_nome":"São Paulo"},"id":"32"},{"arcs":[[-52,-112,112,113,114]],"type":"Polygon","properties":{"codigo":"33","nome":"Pamplona","municipio_nome":"São Paulo"},"id":"33"},{"arcs":[[-53,-115,115,116,-55]],"type":"Polygon","properties":{"codigo":"34","nome":"Trianon","municipio_nome":"São Paulo"},"id":"34"},{"arcs":[[-56,-117,117,118,119,120,121]],"type":"Polygon","properties":{"codigo":"35","nome":"Clínicas","municipio_nome":"São Paulo"},"id":"35"},{"arcs":[[-57,-122,122,123]],"type":"Polygon","properties":{"codigo":"36","nome":"Pacaembu","municipio_nome":"São Paulo"},"id":"36"},{"arcs":[[-121,124,125,-123]],"type":"Polygon","properties":{"codigo":"37","nome":"Cardoso de Almeida","municipio_nome":"São Paulo"},"id":"37"},{"arcs":[[-58,-124,126,127,-62,-60]],"type":"Polygon","properties":{"codigo":"38","nome":"Higienópolis","municipio_nome":"São Paulo"},"id":"38"},{"arcs":[[-126,128,129,130,131,-127]],"type":"Polygon","properties":{"codigo":"39","nome":"Sumaré","municipio_nome":"São Paulo"},"id":"39"},{"arcs":[[-63,-128,132]],"type":"Polygon","properties":{"codigo":"40","nome":"Barra Funda","municipio_nome":"São Paulo"},"id":"40"},{"arcs":[[-64,-133,-132,133,134,135,136]],"type":"Polygon","properties":{"codigo":"41","nome":"Água Branca","municipio_nome":"São Paulo"},"id":"41"},{"arcs":[[-137,137,138,139,140]],"type":"Polygon","properties":{"codigo":"42","nome":"Casa Verde","municipio_nome":"São Paulo"},"id":"42"},{"arcs":[[-65,-141,141,142,143,144]],"type":"Polygon","properties":{"codigo":"43","nome":"Parque Anhembi","municipio_nome":"São Paulo"},"id":"43"},{"arcs":[[-144,145,146,147,148]],"type":"Polygon","properties":{"codigo":"44","nome":"Carandiru","municipio_nome":"São Paulo"},"id":"44"},{"arcs":[[-66,-145,-149,149,150,-69]],"type":"Polygon","properties":{"codigo":"45","nome":"Tietê","municipio_nome":"São Paulo"},"id":"45"},{"arcs":[[-70,-151,151,152,-78]],"type":"Polygon","properties":{"codigo":"46","nome":"Vila Guilherme","municipio_nome":"São Paulo"},"id":"46"},{"arcs":[[-148,153,154,155,156,157,-152,-150]],"type":"Polygon","properties":{"codigo":"47","nome":"Vila Santa Catarina","municipio_nome":"São Paulo"},"id":"47"},{"arcs":[[-79,-153,-158,158,159]],"type":"Polygon","properties":{"codigo":"48","nome":"Vila Maria","municipio_nome":"São Paulo"},"id":"48"},{"arcs":[[-157,160,161,162,-159]],"type":"Polygon","properties":{"codigo":"49","nome":"Jardim Japão","municipio_nome":"São Paulo"},"id":"49"},{"arcs":[[-160,-163,163,164,165,166,-80]],"type":"Polygon","properties":{"codigo":"50","nome":"Parque Novo Mundo","municipio_nome":"São Paulo"},"id":"50"},{"arcs":[[-81,-167,167,168,169,-83]],"type":"Polygon","properties":{"codigo":"51","nome":"Parque São Jorge","municipio_nome":"São Paulo"},"id":"51"},{"arcs":[[-84,-170,170,171,172]],"type":"Polygon","properties":{"codigo":"52","nome":"Tatuapé","municipio_nome":"São Paulo"},"id":"52"},{"arcs":[[-85,-173,173,174,175,-90,-87]],"type":"Polygon","properties":{"codigo":"53","nome":"Água Rasa","municipio_nome":"São Paulo"},"id":"53"},{"arcs":[[-172,176,177,178,179,-174]],"type":"Polygon","properties":{"codigo":"54","nome":"Jardim Anália Franco","municipio_nome":"São Paulo"},"id":"54"},{"arcs":[[-175,-180,180,181,182,183]],"type":"Polygon","properties":{"codigo":"55","nome":"Regente Feijó","municipio_nome":"São Paulo"},"id":"55"},{"arcs":[[-91,-176,-184,184,185,186,-93]],"type":"Polygon","properties":{"codigo":"56","nome":"Orfanato","municipio_nome":"São Paulo"},"id":"56"},{"arcs":[[-94,-187,187,188,189,-96]],"type":"Polygon","properties":{"codigo":"57","nome":"Quinta Parada","municipio_nome":"São Paulo"},"id":"57"},{"arcs":[[-98,190,191,192,-100]],"type":"Polygon","properties":{"codigo":"58","nome":"Ipiranga","municipio_nome":"São Paulo"},"id":"58"},{"arcs":[[-101,-193,193,194,195,-103]],"type":"Polygon","properties":{"codigo":"59","nome":"Nazaré","municipio_nome":"São Paulo"},"id":"59"},{"arcs":[[-195,196,197,198]],"type":"Polygon","properties":{"codigo":"60","nome":"Jardim Previdência","municipio_nome":"São Paulo"},"id":"60"},{"arcs":[[-196,-199,199,200,201,202]],"type":"Polygon","properties":{"codigo":"61","nome":"Jardim da Saúde","municipio_nome":"São Paulo"},"id":"61"},{"arcs":[[-104,-203,203,204,-107]],"type":"Polygon","properties":{"codigo":"62","nome":"Santa Cruz","municipio_nome":"São Paulo"},"id":"62"},{"arcs":[[-202,205,206,-204]],"type":"Polygon","properties":{"codigo":"63","nome":"Bosque da Saúde","municipio_nome":"São Paulo"},"id":"63"},{"arcs":[[-108,-205,207,208]],"type":"Polygon","properties":{"codigo":"64","nome":"Vila Clementino","municipio_nome":"São Paulo"},"id":"64"},{"arcs":[[-207,209,210,211,-208]],"type":"Polygon","properties":{"codigo":"65","nome":"Mirandópolis","municipio_nome":"São Paulo"},"id":"65"},{"arcs":[[-109,-209,-212,212,213,214,-113,-111]],"type":"Polygon","properties":{"codigo":"66","nome":"Parque Ibirapuera","municipio_nome":"São Paulo"},"id":"66"},{"arcs":[[-214,215,216,217,218]],"type":"Polygon","properties":{"codigo":"67","nome":"Vila Nova Conceição","municipio_nome":"São Paulo"},"id":"67"},{"arcs":[[-114,-215,-219,219,220,-118,-116]],"type":"Polygon","properties":{"codigo":"68","nome":"Jardins","municipio_nome":"São Paulo"},"id":"68"},{"arcs":[[-218,221,222,223,224,-220]],"type":"Polygon","properties":{"codigo":"69","nome":"Chácara Itaim","municipio_nome":"São Paulo"},"id":"69"},{"arcs":[[-221,-225,225,226,227]],"type":"Polygon","properties":{"codigo":"70","nome":"Jardim Europa","municipio_nome":"São Paulo"},"id":"70"},{"arcs":[[-119,-228,228,229]],"type":"Polygon","properties":{"codigo":"71","nome":"Jardim Paulistano","municipio_nome":"São Paulo"},"id":"71"},{"arcs":[[-227,230,231,232,233,234,-229]],"type":"Polygon","properties":{"codigo":"72","nome":"Pinheiros","municipio_nome":"São Paulo"},"id":"72"},{"arcs":[[-120,-230,-235,235,236,237]],"type":"Polygon","properties":{"codigo":"73","nome":"Vila Madalena","municipio_nome":"São Paulo"},"id":"73"},{"arcs":[[-125,-238,238,-129]],"type":"Polygon","properties":{"codigo":"74","nome":"Perdizes","municipio_nome":"São Paulo"},"id":"74"},{"arcs":[[-234,239,240,241,-236]],"type":"Polygon","properties":{"codigo":"75","nome":"Vila Beatriz","municipio_nome":"São Paulo"},"id":"75"},{"arcs":[[-130,-239,-237,-242,242,243]],"type":"Polygon","properties":{"codigo":"76","nome":"Pompéia","municipio_nome":"São Paulo"},"id":"76"},{"arcs":[[-131,-244,244,245]],"type":"Polygon","properties":{"codigo":"77","nome":"Lapa","municipio_nome":"São Paulo"},"id":"77"},{"arcs":[[-241,246,247,248,-245,-243]],"type":"Polygon","properties":{"codigo":"78","nome":"Vila Ipojuca","municipio_nome":"São Paulo"},"id":"78"},{"arcs":[[-134,-246,-249,249,250,251,252]],"type":"Polygon","properties":{"codigo":"79","nome":"Santa Marina","municipio_nome":"São Paulo"},"id":"79"},{"arcs":[[-136,253,254,-138]],"type":"Polygon","properties":{"codigo":"80","nome":"Limão","municipio_nome":"São Paulo"},"id":"80"},{"arcs":[[-139,-255,255,256,257,258]],"type":"Polygon","properties":{"codigo":"81","nome":"Casa Verde Alta","municipio_nome":"São Paulo"},"id":"81"},{"arcs":[[-140,-259,259,260,261,262,-142]],"type":"Polygon","properties":{"codigo":"82","nome":"Parque Peruche","municipio_nome":"São Paulo"},"id":"82"},{"arcs":[[-143,-263,263,264,-146]],"type":"Polygon","properties":{"codigo":"83","nome":"Santana","municipio_nome":"São Paulo"},"id":"83"},{"arcs":[[-262,265,266,-264]],"type":"Polygon","properties":{"codigo":"84","nome":"Santa Terezinha","municipio_nome":"São Paulo"},"id":"84"},{"arcs":[[-147,-265,-267,267,268,269,-154]],"type":"Polygon","properties":{"codigo":"85","nome":"Jardim São Paulo","municipio_nome":"São Paulo"},"id":"85"},{"arcs":[[-155,-270,270,271,272]],"type":"Polygon","properties":{"codigo":"86","nome":"Parada Inglesa","municipio_nome":"São Paulo"},"id":"86"},{"arcs":[[-156,-273,273,274,-161]],"type":"Polygon","properties":{"codigo":"87","nome":"Vila Medeiros","municipio_nome":"São Paulo"},"id":"87"},{"arcs":[[-162,-275,275,276,277,-164]],"type":"Polygon","properties":{"codigo":"88","nome":"Jardim Brasil","municipio_nome":"São Paulo"},"id":"88"},{"arcs":[[-277,278,279,280]],"type":"Polygon","properties":{"codigo":"89","nome":"Parque Edu Chaves","municipio_nome":"São Paulo"},"id":"89"},{"arcs":[[-165,-278,-281,281,282,283,284,285,286,287,288,289]],"type":"Polygon","properties":{"codigo":"90","nome":"Rod.Presidente Dutra","municipio_nome":"Guarulhos"},"id":"90"},{"arcs":[[-166,-290,290,291,292,293,-168]],"type":"Polygon","properties":{"codigo":"91","nome":"Penha","municipio_nome":"São Paulo"},"id":"91"},{"arcs":[[-292,294,295,296]],"type":"Polygon","properties":{"codigo":"92","nome":"Cangaíba","municipio_nome":"São Paulo"},"id":"92"},{"arcs":[[-293,-297,297,298,299]],"type":"Polygon","properties":{"codigo":"93","nome":"Tiquatira","municipio_nome":"São Paulo"},"id":"93"},{"arcs":[[-294,-300,300,301,302,303,304,305]],"type":"Polygon","properties":{"codigo":"94","nome":"Vila Matilde","municipio_nome":"São Paulo"},"id":"94"},{"arcs":[[-169,-306,306,-177,-171]],"type":"Polygon","properties":{"codigo":"95","nome":"Vila California","municipio_nome":"São Paulo"},"id":"95"},{"arcs":[[-178,-307,-305,307,308]],"type":"Polygon","properties":{"codigo":"96","nome":"Vila Carrão","municipio_nome":"São Paulo"},"id":"96"},{"arcs":[[-179,-309,309,310,311,-181]],"type":"Polygon","properties":{"codigo":"97","nome":"Vila Formosa","municipio_nome":"São Paulo"},"id":"97"},{"arcs":[[-182,-312,312,313,314]],"type":"Polygon","properties":{"codigo":"98","nome":"Vila Ema","municipio_nome":"São Paulo"},"id":"98"},{"arcs":[[-183,-315,315,316,-185]],"type":"Polygon","properties":{"codigo":"99","nome":"Linhas Corrente","municipio_nome":"São Paulo"},"id":"99"},{"arcs":[[-186,-317,317,318,-188]],"type":"Polygon","properties":{"codigo":"100","nome":"Vila Zelina","municipio_nome":"São Paulo"},"id":"100"},{"arcs":[[-97,-190,319,320,321,-191]],"type":"Polygon","properties":{"codigo":"101","nome":"Vila Carioca","municipio_nome":"São Paulo"},"id":"101"},{"arcs":[[-189,-319,322,323,324,325,326,-320]],"type":"Polygon","properties":{"codigo":"102","nome":"São Caetano do Sul","municipio_nome":"São Caetano do Sul"},"id":"102"},{"arcs":[[-192,-322,327,328,329,-197,-194]],"type":"Polygon","properties":{"codigo":"103","nome":"Moinho Velho","municipio_nome":"São Paulo"},"id":"103"},{"arcs":[[-321,-327,330,331,332,-328]],"type":"Polygon","properties":{"codigo":"104","nome":"São João Clímaco","municipio_nome":"São Paulo"},"id":"104"},{"arcs":[[-325,333,334]],"type":"Polygon","properties":{"codigo":"105","nome":"Boa Vista","municipio_nome":"São Caetano do Sul"},"id":"105"},{"arcs":[[-329,-333,335,336,337,338]],"type":"Polygon","properties":{"codigo":"106","nome":"Sacomã","municipio_nome":"São Paulo"},"id":"106"},{"arcs":[[-198,-330,-339,339,340,341,-200]],"type":"Polygon","properties":{"codigo":"107","nome":"Vila Moraes","municipio_nome":"São Paulo"},"id":"107"},{"arcs":[[-338,342,343,344,-340]],"type":"Polygon","properties":{"codigo":"108","nome":"Parque do Estado","municipio_nome":"São Paulo"},"id":"108"},{"arcs":[[-201,-342,345,346,-210,-206]],"type":"Polygon","properties":{"codigo":"109","nome":"Miguel Estéfano","municipio_nome":"São Paulo"},"id":"109"},{"arcs":[[-341,-345,347,348,349,-346]],"type":"Polygon","properties":{"codigo":"110","nome":"Cidade Vargas","municipio_nome":"São Paulo"},"id":"110"},{"arcs":[[-211,-347,-350,350,351,352,353]],"type":"Polygon","properties":{"codigo":"111","nome":"Planalto Paulista","municipio_nome":"São Paulo"},"id":"111"},{"arcs":[[-352,354,355,356,357]],"type":"Polygon","properties":{"codigo":"112","nome":"Congonhas","municipio_nome":"São Paulo"},"id":"112"},{"arcs":[[-349,358,359,360,-355,-351]],"type":"Polygon","properties":{"codigo":"113","nome":"Jabaquara","municipio_nome":"São Paulo"},"id":"113"},{"arcs":[[-356,-361,361,362,363,364]],"type":"Polygon","properties":{"codigo":"114","nome":"Jardim Aeroporto","municipio_nome":"São Paulo"},"id":"114"},{"arcs":[[-360,365,366,-362]],"type":"Polygon","properties":{"codigo":"115","nome":"Vila Santa Catarina","municipio_nome":"São Paulo"},"id":"115"},{"arcs":[[-213,-354,367,368,-216]],"type":"Polygon","properties":{"codigo":"116","nome":"Moema","municipio_nome":"São Paulo"},"id":"116"},{"arcs":[[-353,369,370,-368]],"type":"Polygon","properties":{"codigo":"117","nome":"Bandeirantes","municipio_nome":"São Paulo"},"id":"117"},{"arcs":[[-358,371,372,-370]],"type":"Polygon","properties":{"codigo":"118","nome":"Campo Belo","municipio_nome":"São Paulo"},"id":"118"},{"arcs":[[-357,-365,373,374,-372]],"type":"Polygon","properties":{"codigo":"119","nome":"Vieira de Moraes","municipio_nome":"São Paulo"},"id":"119"},{"arcs":[[-364,375,376,377,-374]],"type":"Polygon","properties":{"codigo":"120","nome":"Joaquim Nabuco","municipio_nome":"São Paulo"},"id":"120"},{"arcs":[[-217,-369,-371,378,379,-222]],"type":"Polygon","properties":{"codigo":"121","nome":"Vila Olimpia","municipio_nome":"São Paulo"},"id":"121"},{"arcs":[[-223,-380,380,381,382,383]],"type":"Polygon","properties":{"codigo":"122","nome":"Berrini","municipio_nome":"São Paulo"},"id":"122"},{"arcs":[[-373,-375,-378,384,-381,-379]],"type":"Polygon","properties":{"codigo":"123","nome":"Brooklin","municipio_nome":"São Paulo"},"id":"123"},{"arcs":[[-377,385,386,-382,-385]],"type":"Polygon","properties":{"codigo":"124","nome":"Vila Cordeiro","municipio_nome":"São Paulo"},"id":"124"},{"arcs":[[-383,-387,387,388,389]],"type":"Polygon","properties":{"codigo":"125","nome":"Fazenda Morumbi","municipio_nome":"São Paulo"},"id":"125"},{"arcs":[[-224,-384,-390,390,391,392,-231,-226]],"type":"Polygon","properties":{"codigo":"126","nome":"Joquei Clube","municipio_nome":"São Paulo"},"id":"126"},{"arcs":[[-392,393,394,395]],"type":"Polygon","properties":{"codigo":"127","nome":"Morumbi","municipio_nome":"São Paulo"},"id":"127"},{"arcs":[[-389,396,397,398,-394,-391]],"type":"Polygon","properties":{"codigo":"128","nome":"Real Parque","municipio_nome":"São Paulo"},"id":"128"},{"arcs":[[-232,-393,-396,399,400,401,402]],"type":"Polygon","properties":{"codigo":"129","nome":"Jardim Caxingui","municipio_nome":"São Paulo"},"id":"129"},{"arcs":[[-233,-403,403,404,405,406,-247,-240]],"type":"Polygon","properties":{"codigo":"130","nome":"Alto de Pinheiros","municipio_nome":"São Paulo"},"id":"130"},{"arcs":[[-402,407,408,409,410,-404]],"type":"Polygon","properties":{"codigo":"131","nome":"Cidade Universitária","municipio_nome":"São Paulo"},"id":"131"},{"arcs":[[-248,-407,411]],"type":"Polygon","properties":{"codigo":"132","nome":"Vila Hamburguesa","municipio_nome":"São Paulo"},"id":"132"},{"arcs":[[-250,-412,-406,412,413,414]],"type":"Polygon","properties":{"codigo":"133","nome":"Vila Leopoldina","municipio_nome":"São Paulo"},"id":"133"},{"arcs":[[-405,-411,415,416,417,-413]],"type":"Polygon","properties":{"codigo":"134","nome":"Jaguaré","municipio_nome":"São Paulo"},"id":"134"},{"arcs":[[-410,418,419,420,421,-416]],"type":"Polygon","properties":{"codigo":"135","nome":"Parque Continental","municipio_nome":"São Paulo"},"id":"135"},{"arcs":[[-415,422,423,424]],"type":"Polygon","properties":{"codigo":"136","nome":"Jaguara","municipio_nome":"São Paulo"},"id":"136"},{"arcs":[[-251,-425,425,426,427]],"type":"Polygon","properties":{"codigo":"137","nome":"São Domingos","municipio_nome":"São Paulo"},"id":"137"},{"arcs":[[-424,428,429,430,431,-426]],"type":"Polygon","properties":{"codigo":"138","nome":"Jardim Mutinga","municipio_nome":"São Paulo"},"id":"138"},{"arcs":[[-252,-428,432,433,434]],"type":"Polygon","properties":{"codigo":"139","nome":"Pirituba","municipio_nome":"São Paulo"},"id":"139"},{"arcs":[[-427,-432,435,436,437,438,-433]],"type":"Polygon","properties":{"codigo":"140","nome":"Vila Zatt","municipio_nome":"São Paulo"},"id":"140"},{"arcs":[[-253,-435,439,440,-256,-254,-135]],"type":"Polygon","properties":{"codigo":"141","nome":"Freguesia do Ó","municipio_nome":"São Paulo"},"id":"141"},{"arcs":[[-257,-441,441,442,443]],"type":"Polygon","properties":{"codigo":"142","nome":"Itaberaba","municipio_nome":"São Paulo"},"id":"142"},{"arcs":[[-434,-439,444,445,-442,-440]],"type":"Polygon","properties":{"codigo":"143","nome":"Vila Morro Grande","municipio_nome":"São Paulo"},"id":"143"},{"arcs":[[-443,-446,446,447,448,449]],"type":"Polygon","properties":{"codigo":"144","nome":"Brasilândia","municipio_nome":"São Paulo"},"id":"144"},{"arcs":[[-438,450,451,-447,-445]],"type":"Polygon","properties":{"codigo":"145","nome":"Vila Terezinha","municipio_nome":"São Paulo"},"id":"145"},{"arcs":[[-258,-444,-450,452,453,454,-260]],"type":"Polygon","properties":{"codigo":"146","nome":"Cachoeirinha","municipio_nome":"São Paulo"},"id":"146"},{"arcs":[[-449,455,456,457,-453]],"type":"Polygon","properties":{"codigo":"147","nome":"Jardim Peri","municipio_nome":"São Paulo"},"id":"147"},{"arcs":[[-261,-455,458,459,-268,-266]],"type":"Polygon","properties":{"codigo":"148","nome":"Mandaqui","municipio_nome":"São Paulo"},"id":"148"},{"arcs":[[-454,-458,460,461,462,463,-459]],"type":"Polygon","properties":{"codigo":"149","nome":"Horto Florestal","municipio_nome":"São Paulo"},"id":"149"},{"arcs":[[-269,-460,-464,464,465,466,-271]],"type":"Polygon","properties":{"codigo":"150","nome":"Tucuruvi","municipio_nome":"São Paulo"},"id":"150"},{"arcs":[[-463,467,468,469,-465]],"type":"Polygon","properties":{"codigo":"151","nome":"Tremembé","municipio_nome":"São Paulo"},"id":"151"},{"arcs":[[-466,-470,470,471,472]],"type":"Polygon","properties":{"codigo":"152","nome":"Pq Palmas do Tremembé","municipio_nome":"São Paulo"},"id":"152"},{"arcs":[[-272,-467,-473,473,474,-274]],"type":"Polygon","properties":{"codigo":"153","nome":"Vila Gustavo","municipio_nome":"São Paulo"},"id":"153"},{"arcs":[[-276,-475,475,476,477,-279]],"type":"Polygon","properties":{"codigo":"154","nome":"Jaçanã","municipio_nome":"São Paulo"},"id":"154"},{"arcs":[[478,479,-476,-474,-472]],"type":"Polygon","properties":{"codigo":"155","nome":"Jardim Guapira","municipio_nome":"São Paulo"},"id":"155"},{"arcs":[[-477,-480,480,481,482]],"type":"Polygon","properties":{"codigo":"156","nome":"Cohab Jova Real","municipio_nome":"São Paulo"},"id":"156"},{"arcs":[[-280,-478,-483,483,484,485,-282]],"type":"Polygon","properties":{"codigo":"157","nome":"Vila Galvão","municipio_nome":"Guarulhos"},"id":"157"},{"arcs":[[-283,-486,486]],"type":"Polygon","properties":{"codigo":"158","nome":"Guarulhos","municipio_nome":"Guarulhos"},"id":"158"},{"arcs":[[-289,487,488,-295,-291]],"type":"Polygon","properties":{"codigo":"159","nome":"Eng.Goulart","municipio_nome":"São Paulo"},"id":"159"},{"arcs":[[-296,-489,489,490]],"type":"Polygon","properties":{"codigo":"160","nome":"Rui Barbosa","municipio_nome":"São Paulo"},"id":"160"},{"arcs":[[-288,491,492,493,-490,-488]],"type":"Polygon","properties":{"codigo":"161","nome":"Ermelino Matarazzo","municipio_nome":"São Paulo"},"id":"161"},{"arcs":[[-298,-491,-494,494,495,496]],"type":"Polygon","properties":{"codigo":"162","nome":"Ponte Rasa","municipio_nome":"São Paulo"},"id":"162"},{"arcs":[[-496,497,498,499,500,501]],"type":"Polygon","properties":{"codigo":"163","nome":"Águia de Haia","municipio_nome":"São Paulo"},"id":"163"},{"arcs":[[-299,-497,-502,502,503,504,-301]],"type":"Polygon","properties":{"codigo":"164","nome":"Vila Esperança","municipio_nome":"São Paulo"},"id":"164"},{"arcs":[[-501,505,506,-503]],"type":"Polygon","properties":{"codigo":"165","nome":"Cidade A.E.Carvalho","municipio_nome":"São Paulo"},"id":"165"},{"arcs":[[-302,-505,507]],"type":"Polygon","properties":{"codigo":"166","nome":"Vila Guilhermina","municipio_nome":"São Paulo"},"id":"166"},{"arcs":[[-303,-508,-504,-507,508,509,510]],"type":"Polygon","properties":{"codigo":"167","nome":"Artur Alvim","municipio_nome":"São Paulo"},"id":"167"},{"arcs":[[-304,-511,511,512,513]],"type":"Polygon","properties":{"codigo":"168","nome":"Cidade Lider","municipio_nome":"São Paulo"},"id":"168"},{"arcs":[[-308,-514,514,515,516]],"type":"Polygon","properties":{"codigo":"169","nome":"Aricanduva","municipio_nome":"São Paulo"},"id":"169"},{"arcs":[[-513,517,518,519,520,-515]],"type":"Polygon","properties":{"codigo":"170","nome":"Parque Savoy","municipio_nome":"São Paulo"},"id":"170"},{"arcs":[[-310,-517,521,522,523]],"type":"Polygon","properties":{"codigo":"171","nome":"Sapopemba","municipio_nome":"São Paulo"},"id":"171"},{"arcs":[[-522,524,525,526]],"type":"Polygon","properties":{"codigo":"172","nome":"Cidade IV Centenário","municipio_nome":"São Paulo"},"id":"172"},{"arcs":[[-311,-524,527,528,529,-313]],"type":"Polygon","properties":{"codigo":"173","nome":"Jardim Colorado","municipio_nome":"São Paulo"},"id":"173"},{"arcs":[[-523,-527,530,531,532,-528]],"type":"Polygon","properties":{"codigo":"174","nome":"Teotêonio Vilela","municipio_nome":"São Paulo"},"id":"174"},{"arcs":[[-314,-530,533,534,-323,-318,-316]],"type":"Polygon","properties":{"codigo":"175","nome":"Parque São Lucas","municipio_nome":"São Paulo"},"id":"175"},{"arcs":[[-529,-533,535,536,-534]],"type":"Polygon","properties":{"codigo":"176","nome":"Parque Sta Madalena","municipio_nome":"São Paulo"},"id":"176"},{"arcs":[[-324,-535,-537,537,538,539,540,541,-334]],"type":"Polygon","properties":{"codigo":"177","nome":"Utinga","municipio_nome":"Santo André"},"id":"177"},{"arcs":[[-326,-335,-542,542,-331]],"type":"Polygon","properties":{"codigo":"178","nome":"Vila Gerti","municipio_nome":"São Caetano do Sul"},"id":"178"},{"arcs":[[-540,543,544,545,546]],"type":"Polygon","properties":{"codigo":"179","nome":"Santo André","municipio_nome":"Santo André"},"id":"179"},{"arcs":[[-332,-543,-541,-547,547,548,549,550,-336]],"type":"Polygon","properties":{"codigo":"180","nome":"Rudge Ramos","municipio_nome":"São Bernardo"},"id":"180"},{"arcs":[[-337,-551,551,552,553,554,-343]],"type":"Polygon","properties":{"codigo":"181","nome":"Diadema","municipio_nome":"Diadema"},"id":"181"},{"arcs":[[-344,-555,555,556,-366,-359,-348]],"type":"Polygon","properties":{"codigo":"182","nome":"Jardim Bom Clima","municipio_nome":"São Paulo"},"id":"182"},{"arcs":[[-554,557,558,559,560,-556]],"type":"Polygon","properties":{"codigo":"183","nome":"Jardim Miriam","municipio_nome":"São Paulo"},"id":"183"},{"arcs":[[-560,561,562,563]],"type":"Polygon","properties":{"codigo":"184","nome":"Vila Missionária","municipio_nome":"São Paulo"},"id":"184"},{"arcs":[[-363,-367,-557,-561,-564,564,565,566]],"type":"Polygon","properties":{"codigo":"185","nome":"Cupecê","municipio_nome":"São Paulo"},"id":"185"},{"arcs":[[-563,567,568,569,-565]],"type":"Polygon","properties":{"codigo":"186","nome":"Campo Grande","municipio_nome":"São Paulo"},"id":"186"},{"arcs":[[-569,570,571,572]],"type":"Polygon","properties":{"codigo":"187","nome":"Vila Sabará","municipio_nome":"São Paulo"},"id":"187"},{"arcs":[[-566,-570,573,574,575]],"type":"Polygon","properties":{"codigo":"188","nome":"Vila São Pedro","municipio_nome":"São Paulo"},"id":"188"},{"arcs":[[-573,576,577,578,579,-574]],"type":"Polygon","properties":{"codigo":"189","nome":"Jurubatuba","municipio_nome":"São Paulo"},"id":"189"},{"arcs":[[-376,-567,-576,580,581]],"type":"Polygon","properties":{"codigo":"190","nome":"Chácara Flora","municipio_nome":"São Paulo"},"id":"190"},{"arcs":[[-575,-580,582,583,-581]],"type":"Polygon","properties":{"codigo":"191","nome":"Santo Amaro","municipio_nome":"São Paulo"},"id":"191"},{"arcs":[[-579,584,585,586,-583]],"type":"Polygon","properties":{"codigo":"192","nome":"Vila Miranda","municipio_nome":"São Paulo"},"id":"192"},{"arcs":[[-386,-582,-584,-587,587,588]],"type":"Polygon","properties":{"codigo":"193","nome":"Granja Julieta","municipio_nome":"São Paulo"},"id":"193"},{"arcs":[[-388,-589,589,590,591,-397]],"type":"Polygon","properties":{"codigo":"194","nome":"Paraisópolis","municipio_nome":"São Paulo"},"id":"194"},{"arcs":[[-588,592,593,594,-590]],"type":"Polygon","properties":{"codigo":"195","nome":"Jardim Vitória Régia","municipio_nome":"São Paulo"},"id":"195"},{"arcs":[[-591,-595,595,596,597,598,599]],"type":"Polygon","properties":{"codigo":"196","nome":"Vila Suzana","municipio_nome":"São Paulo"},"id":"196"},{"arcs":[[-398,-592,-600,600]],"type":"Polygon","properties":{"codigo":"197","nome":"Portal do Morumbi","municipio_nome":"São Paulo"},"id":"197"},{"arcs":[[-395,-399,-601,-599,601,602,603,604,-400]],"type":"Polygon","properties":{"codigo":"198","nome":"Vila Sonia","municipio_nome":"São Paulo"},"id":"198"},{"arcs":[[-401,-605,605,606,607,-408]],"type":"Polygon","properties":{"codigo":"199","nome":"Jardim Bonfiglioli","municipio_nome":"São Paulo"},"id":"199"},{"arcs":[[-604,608,609,-606]],"type":"Polygon","properties":{"codigo":"200","nome":"Jardim Maria do Carmo","municipio_nome":"São Paulo"},"id":"200"},{"arcs":[[-409,-608,610,611,-419]],"type":"Polygon","properties":{"codigo":"201","nome":"Rio Pequeno","municipio_nome":"São Paulo"},"id":"201"},{"arcs":[[-420,-612,612,613,614]],"type":"Polygon","properties":{"codigo":"202","nome":"Jardim Adalgiza","municipio_nome":"São Paulo"},"id":"202"},{"arcs":[[-421,-615,615,616,617,618]],"type":"Polygon","properties":{"codigo":"203","nome":"Santo Antonio","municipio_nome":"Osasco"},"id":"203"},{"arcs":[[-422,-619,619]],"type":"Polygon","properties":{"codigo":"204","nome":"Osasco","municipio_nome":"Osasco"},"id":"204"},{"arcs":[[-417,-620,-618,620,621,622,623,624]],"type":"Polygon","properties":{"codigo":"205","nome":"Jardim Piratininga","municipio_nome":"Osasco"},"id":"205"},{"arcs":[[-414,-418,-625,625,626,-429,-423]],"type":"Polygon","properties":{"codigo":"206","nome":"Mutinga","municipio_nome":"Osasco"},"id":"206"},{"arcs":[[-430,-627,627,628,629]],"type":"Polygon","properties":{"codigo":"207","nome":"Três Montanhas","municipio_nome":"Osasco"},"id":"207"},{"arcs":[[-431,-630,630,631,632,-436]],"type":"Polygon","properties":{"codigo":"208","nome":"Jaraguá","municipio_nome":"São Paulo"},"id":"208"},{"arcs":[[-437,-633,633,634,635,636,-451]],"type":"Polygon","properties":{"codigo":"209","nome":"Parada de Taipas","municipio_nome":"São Paulo"},"id":"209"},{"arcs":[[-448,-452,-637,637,-456]],"type":"Polygon","properties":{"codigo":"210","nome":"Jardim Damasceno","municipio_nome":"São Paulo"},"id":"210"},{"arcs":[[-636,638,639,-638]],"type":"Polygon","properties":{"codigo":"211","nome":"Vista Alegre","municipio_nome":"São Paulo"},"id":"211"},{"arcs":[[-457,-640,640,641,642,-461]],"type":"Polygon","properties":{"codigo":"212","nome":"Reserva da Cantareira","municipio_nome":"São Paulo"},"id":"212"},{"arcs":[[-462,-643,643,644]],"type":"Polygon","properties":{"codigo":"213","nome":"ETA Guaraú","municipio_nome":"São Paulo"},"id":"213"},{"arcs":[[-468,-645,645,646,647,648]],"type":"Polygon","properties":{"codigo":"214","nome":"Cantareira","municipio_nome":"São Paulo"},"id":"214"},{"arcs":[[-649,649,650,-481,-479,-471,-469]],"type":"Polygon","properties":{"codigo":"215","nome":"Jardim das Pedras","municipio_nome":"São Paulo"},"id":"215"},{"arcs":[[-482,-651,651,652,653,-484]],"type":"Polygon","properties":{"codigo":"216","nome":"Picanço","municipio_nome":"Guarulhos"},"id":"216"},{"arcs":[[-284,-487,-485,-654,654,655]],"type":"Polygon","properties":{"codigo":"217","nome":"Jardim América","municipio_nome":"Guarulhos"},"id":"217"},{"arcs":[[-493,656,-498,-495]],"type":"Polygon","properties":{"codigo":"218","nome":"Parque Buturussu","municipio_nome":"São Paulo"},"id":"218"},{"arcs":[[-287,657,658,659,660,-499,-657,-492]],"type":"Polygon","properties":{"codigo":"219","nome":"Limoeiro","municipio_nome":"São Paulo"},"id":"219"},{"arcs":[[-660,661,662,663]],"type":"Polygon","properties":{"codigo":"220","nome":"Vila Jacuí","municipio_nome":"São Paulo"},"id":"220"},{"arcs":[[-659,664,665,666,-662]],"type":"Polygon","properties":{"codigo":"221","nome":"São Miguel Paulista","municipio_nome":"São Paulo"},"id":"221"},{"arcs":[[-666,667,668,669,670]],"type":"Polygon","properties":{"codigo":"222","nome":"Cidade Nitro-Operária","municipio_nome":"São Paulo"},"id":"222"},{"arcs":[[-500,-661,671,672,673,-506]],"type":"Polygon","properties":{"codigo":"223","nome":"Vila Campanela","municipio_nome":"São Paulo"},"id":"223"},{"arcs":[[-664,674,675,-672]],"type":"Polygon","properties":{"codigo":"224","nome":"Rio Verde","municipio_nome":"São Paulo"},"id":"224"},{"arcs":[[-663,-667,-671,676,677,678,-675]],"type":"Polygon","properties":{"codigo":"225","nome":"Saudade","municipio_nome":"São Paulo"},"id":"225"},{"arcs":[[-673,-676,-679,679,680,681]],"type":"Polygon","properties":{"codigo":"226","nome":"Parada XV","municipio_nome":"São Paulo"},"id":"226"},{"arcs":[[-509,-674,-682,682,683,684,685,686]],"type":"Polygon","properties":{"codigo":"227","nome":"Itaquera","municipio_nome":"São Paulo"},"id":"227"},{"arcs":[[-510,-687,687,-518,-512]],"type":"Polygon","properties":{"codigo":"228","nome":"Santa Marcelina","municipio_nome":"São Paulo"},"id":"228"},{"arcs":[[-519,-688,-686,688,689]],"type":"Polygon","properties":{"codigo":"229","nome":"Vila Carmosina","municipio_nome":"São Paulo"},"id":"229"},{"arcs":[[-685,690,691,692,-689]],"type":"Polygon","properties":{"codigo":"230","nome":"Fazenda Caguaçú","municipio_nome":"São Paulo"},"id":"230"},{"arcs":[[-520,-690,-693,693,694]],"type":"Polygon","properties":{"codigo":"231","nome":"Parque do Carmo","municipio_nome":"São Paulo"},"id":"231"},{"arcs":[[-516,-521,-695,695,696,697,-525]],"type":"Polygon","properties":{"codigo":"232","nome":"Rio Claro","municipio_nome":"São Paulo"},"id":"232"},{"arcs":[[-526,-698,698,699,700,701,702,-531]],"type":"Polygon","properties":{"codigo":"233","nome":"São Mateus","municipio_nome":"São Paulo"},"id":"233"},{"arcs":[[-697,703,704,-699]],"type":"Polygon","properties":{"codigo":"234","nome":"Cidade Satélite","municipio_nome":"São Paulo"},"id":"234"},{"arcs":[[-532,-703,705,-538,-536]],"type":"Polygon","properties":{"codigo":"235","nome":"Fazenda da Juta","municipio_nome":"São Paulo"},"id":"235"},{"arcs":[[-700,-705,706,707,708,709]],"type":"Polygon","properties":{"codigo":"236","nome":"Rodolfo Pirani","municipio_nome":"São Paulo"},"id":"236"},{"arcs":[[-539,-706,-702,710,711,-544]],"type":"Polygon","properties":{"codigo":"237","nome":"Parque das Nações","municipio_nome":"Santo André"},"id":"237"},{"arcs":[[-701,-710,712,713,714,715,-711]],"type":"Polygon","properties":{"codigo":"238","nome":"Capuava","municipio_nome":"Mauá"},"id":"238"},{"arcs":[[-545,-712,-716,716,717,718]],"type":"Polygon","properties":{"codigo":"239","nome":"Jardim do Estádio","municipio_nome":"Santo André"},"id":"239"},{"arcs":[[-546,-719,719,720,-548]],"type":"Polygon","properties":{"codigo":"240","nome":"S. Bernardo do Campo","municipio_nome":"São Bernardo"},"id":"240"},{"arcs":[[-549,-721,721,722,723]],"type":"Polygon","properties":{"codigo":"241","nome":"Planalto","municipio_nome":"São Bernardo"},"id":"241"},{"arcs":[[-550,-724,724,725,726,-552]],"type":"Polygon","properties":{"codigo":"242","nome":"Piraporinha","municipio_nome":"Diadema"},"id":"242"},{"arcs":[[-726,727,728]],"type":"Polygon","properties":{"codigo":"243","nome":"Eldorado","municipio_nome":"Diadema"},"id":"243"},{"arcs":[[-553,-727,-729,729,730,731,-558]],"type":"Polygon","properties":{"codigo":"244","nome":"Pedreira","municipio_nome":"São Paulo"},"id":"244"},{"arcs":[[-559,-732,732,-571,-568,-562]],"type":"Polygon","properties":{"codigo":"245","nome":"Mar Paulista","municipio_nome":"São Paulo"},"id":"245"},{"arcs":[[-731,733,734,735,-733]],"type":"Polygon","properties":{"codigo":"246","nome":"SESC Interlagos","municipio_nome":"São Paulo"},"id":"246"},{"arcs":[[-572,-736,736,737,738]],"type":"Polygon","properties":{"codigo":"247","nome":"Rio Bonito","municipio_nome":"São Paulo"},"id":"247"},{"arcs":[[-577,-739,739,740,741]],"type":"Polygon","properties":{"codigo":"248","nome":"Parque Interlagos","municipio_nome":"São Paulo"},"id":"248"},{"arcs":[[-738,742,743,744,745,-740]],"type":"Polygon","properties":{"codigo":"249","nome":"Jardim Represa","municipio_nome":"São Paulo"},"id":"249"},{"arcs":[[-578,-742,746,747,-585]],"type":"Polygon","properties":{"codigo":"250","nome":"Vila Socorro","municipio_nome":"São Paulo"},"id":"250"},{"arcs":[[-741,-746,748,749,750,751,-747]],"type":"Polygon","properties":{"codigo":"251","nome":"Guarapiranga","municipio_nome":"São Paulo"},"id":"251"},{"arcs":[[-586,-748,-752,752,753,754,-593]],"type":"Polygon","properties":{"codigo":"252","nome":"Centro Empresarial","municipio_nome":"São Paulo"},"id":"252"},{"arcs":[[-751,755,756,757,-753]],"type":"Polygon","properties":{"codigo":"253","nome":"Jardim Angela","municipio_nome":"São Paulo"},"id":"253"},{"arcs":[[-594,-755,758,759,-596]],"type":"Polygon","properties":{"codigo":"254","nome":"Jardim São Luis","municipio_nome":"São Paulo"},"id":"254"},{"arcs":[[-754,-758,760,761,762,763,-759]],"type":"Polygon","properties":{"codigo":"255","nome":"Capão Redondo","municipio_nome":"São Paulo"},"id":"255"},{"arcs":[[-597,-760,-764,764,765,766,767]],"type":"Polygon","properties":{"codigo":"256","nome":"Parque Arariba","municipio_nome":"São Paulo"},"id":"256"},{"arcs":[[-598,-768,768,769,770,-602]],"type":"Polygon","properties":{"codigo":"257","nome":"Jardim Umarizal","municipio_nome":"São Paulo"},"id":"257"},{"arcs":[[-767,771,772,-769]],"type":"Polygon","properties":{"codigo":"258","nome":"Pirajussara","municipio_nome":"São Paulo"},"id":"258"},{"arcs":[[-766,773,774,775,-772]],"type":"Polygon","properties":{"codigo":"259","nome":"Jardim Mitsutani","municipio_nome":"São Paulo"},"id":"259"},{"arcs":[[-603,-771,776,777,-609]],"type":"Polygon","properties":{"codigo":"260","nome":"Taboão","municipio_nome":"Taboão da Serra"},"id":"260"},{"arcs":[[-770,-773,-776,778,779,780,781,782,783,-777]],"type":"Polygon","properties":{"codigo":"261","nome":"Parque Pinheiros","municipio_nome":"Taboão da Serra"},"id":"261"},{"arcs":[[-607,-610,-778,-784,784,785,-613,-611]],"type":"Polygon","properties":{"codigo":"262","nome":"Jardim Cambará","municipio_nome":"São Paulo"},"id":"262"},{"arcs":[[-783,786,787,-785]],"type":"Polygon","properties":{"codigo":"263","nome":"Jardim João XXIII","municipio_nome":"São Paulo"},"id":"263"},{"arcs":[[-614,-786,-788,788,789,-616]],"type":"Polygon","properties":{"codigo":"264","nome":"Raposo Tavares","municipio_nome":"São Paulo"},"id":"264"},{"arcs":[[-782,790,791,792,-789,-787]],"type":"Polygon","properties":{"codigo":"265","nome":"Jardim das Flores","municipio_nome":"Osasco"},"id":"265"},{"arcs":[[-617,-790,-793,793,794,-621]],"type":"Polygon","properties":{"codigo":"266","nome":"Jardim Veloso","municipio_nome":"Osasco"},"id":"266"},{"arcs":[[-622,-795,795,796,797,798,799]],"type":"Polygon","properties":{"codigo":"267","nome":"Carapicuiba","municipio_nome":"Carapicuiba"},"id":"267"},{"arcs":[[-623,-800,800,801]],"type":"Polygon","properties":{"codigo":"268","nome":"Tamboré","municipio_nome":"Barueri"},"id":"268"},{"arcs":[[-624,-802,802,803,804,-628,-626]],"type":"Polygon","properties":{"codigo":"269","nome":"Aphaville","municipio_nome":"Barueri"},"id":"269"},{"arcs":[[-629,-805,805,806,807]],"type":"Polygon","properties":{"codigo":"270","nome":"Parque Morro Doce","municipio_nome":"São Paulo"},"id":"270"},{"arcs":[[-631,-808,808,809,810]],"type":"Polygon","properties":{"codigo":"271","nome":"Anhanguera","municipio_nome":"São Paulo"},"id":"271"},{"arcs":[[-632,-811,811,812,813,-634]],"type":"Polygon","properties":{"codigo":"272","nome":"Perus","municipio_nome":"São Paulo"},"id":"272"},{"arcs":[[-635,-814,814,815,816,-641,-639]],"type":"Polygon","properties":{"codigo":"273","nome":"Melhoramentos","municipio_nome":"Caieiras"},"id":"273"},{"arcs":[[-642,-817,817,818,819,820,-646,-644]],"type":"Polygon","properties":{"codigo":"274","nome":"Paiva Castro","municipio_nome":"Mairiporã"},"id":"274"},{"arcs":[[-648,821,822,823,-652,-650]],"type":"Polygon","properties":{"codigo":"275","nome":"Morro dos Macacos","municipio_nome":"Guarulhos"},"id":"275"},{"arcs":[[-653,-824,824,825,826,827,828,-655]],"type":"Polygon","properties":{"codigo":"276","nome":"Estr.de Nazaré Paulista","municipio_nome":"Guarulhos"},"id":"276"},{"arcs":[[-285,-656,-829,829]],"type":"Polygon","properties":{"codigo":"277","nome":"Cumbica","municipio_nome":"Guarulhos"},"id":"277"},{"arcs":[[-286,-830,-828,830,831,832,833,834,835,-668,-665,-658]],"type":"Polygon","properties":{"codigo":"278","nome":"Pimentas","municipio_nome":"Guarulhos"},"id":"278"},{"arcs":[[-669,-836,836,837]],"type":"Polygon","properties":{"codigo":"279","nome":"Jardim Helena","municipio_nome":"São Paulo"},"id":"279"},{"arcs":[[-835,838,839,840,-837]],"type":"Polygon","properties":{"codigo":"280","nome":"Jardim Romano","municipio_nome":"São Paulo"},"id":"280"},{"arcs":[[-670,-838,841,842,843]],"type":"Polygon","properties":{"codigo":"281","nome":"Vila Curuçá","municipio_nome":"São Paulo"},"id":"281"},{"arcs":[[-841,844,845,-842]],"type":"Polygon","properties":{"codigo":"282","nome":"Itaim Paulista","municipio_nome":"São Paulo"},"id":"282"},{"arcs":[[-840,846,847,-845]],"type":"Polygon","properties":{"codigo":"283","nome":"Jardim das Oliveiras","municipio_nome":"São Paulo"},"id":"283"},{"arcs":[[-677,-844,848,849,850]],"type":"Polygon","properties":{"codigo":"284","nome":"Jardim Robru","municipio_nome":"São Paulo"},"id":"284"},{"arcs":[[-843,-846,-848,851,852,853,-849]],"type":"Polygon","properties":{"codigo":"285","nome":"Fazenda Itaim","municipio_nome":"São Paulo"},"id":"285"},{"arcs":[[-678,-851,854,855,856,-680]],"type":"Polygon","properties":{"codigo":"286","nome":"Lageado","municipio_nome":"São Paulo"},"id":"286"},{"arcs":[[-850,-854,857,858,859,-855]],"type":"Polygon","properties":{"codigo":"287","nome":"Bandeirantes","municipio_nome":"São Paulo"},"id":"287"},{"arcs":[[-853,860,861,862,-858]],"type":"Polygon","properties":{"codigo":"288","nome":"Santos Dumont","municipio_nome":"Ferraz de Vasconcelos"},"id":"288"},{"arcs":[[-681,-857,863,864,-683]],"type":"Polygon","properties":{"codigo":"289","nome":"José Bonifácio","municipio_nome":"São Paulo"},"id":"289"},{"arcs":[[-856,-860,865,866,867,-864]],"type":"Polygon","properties":{"codigo":"290","nome":"Guaianazes","municipio_nome":"São Paulo"},"id":"290"},{"arcs":[[-859,-863,868,869,870,-866]],"type":"Polygon","properties":{"codigo":"291","nome":"Juscelino Kubitschek","municipio_nome":"São Paulo"},"id":"291"},{"arcs":[[-684,-865,-868,871,872,873,-691]],"type":"Polygon","properties":{"codigo":"292","nome":"Gleba do Pessêgo","municipio_nome":"São Paulo"},"id":"292"},{"arcs":[[-867,-871,874,875,876,-872]],"type":"Polygon","properties":{"codigo":"293","nome":"Cidade Tiradentes","municipio_nome":"São Paulo"},"id":"293"},{"arcs":[[-692,-874,877,878,-707,-704,-696,-694]],"type":"Polygon","properties":{"codigo":"294","nome":"Iguatemi","municipio_nome":"São Paulo"},"id":"294"},{"arcs":[[-873,-877,879,880,881,-878]],"type":"Polygon","properties":{"codigo":"295","nome":"Terceira Divisão","municipio_nome":"São Paulo"},"id":"295"},{"arcs":[[-708,-879,-882,882]],"type":"Polygon","properties":{"codigo":"296","nome":"Parque São Rafael","municipio_nome":"São Paulo"},"id":"296"},{"arcs":[[-709,-883,-881,883,884,885,-713]],"type":"Polygon","properties":{"codigo":"297","nome":"Mauá","municipio_nome":"Mauá"},"id":"297"},{"arcs":[[-715,886,887,888,889,-717]],"type":"Polygon","properties":{"codigo":"298","nome":"Parque do Pedroso","municipio_nome":"Santo André"},"id":"298"},{"arcs":[[-718,-890,890,891,-722,-720]],"type":"Polygon","properties":{"codigo":"299","nome":"Demarchi","municipio_nome":"São Bernardo"},"id":"299"},{"arcs":[[-723,-892,892,893,894,895,-728,-725]],"type":"Polygon","properties":{"codigo":"300","nome":"Resesrvatório Billings","municipio_nome":"São Bernardo"},"id":"300"},{"arcs":[[-730,-896,896,897,-734]],"type":"Polygon","properties":{"codigo":"301","nome":"Cocaia","municipio_nome":"São Paulo"},"id":"301"},{"arcs":[[-735,-898,898,899,900]],"type":"Polygon","properties":{"codigo":"302","nome":"Grajaú","municipio_nome":"São Paulo"},"id":"302"},{"arcs":[[-737,-901,901,902,-743]],"type":"Polygon","properties":{"codigo":"303","nome":"Jardim Presidente","municipio_nome":"São Paulo"},"id":"303"},{"arcs":[[-745,903,904,905,-749]],"type":"Polygon","properties":{"codigo":"304","nome":"Jardim Capela","municipio_nome":"São Paulo"},"id":"304"},{"arcs":[[-750,-906,906,907,-756]],"type":"Polygon","properties":{"codigo":"305","nome":"Riviera","municipio_nome":"São Paulo"},"id":"305"},{"arcs":[[-757,-908,908,909,-761]],"type":"Polygon","properties":{"codigo":"306","nome":"M' Boi Mirim","municipio_nome":"São Paulo"},"id":"306"},{"arcs":[[-762,-910,910,911,912]],"type":"Polygon","properties":{"codigo":"307","nome":"Adventista","municipio_nome":"São Paulo"},"id":"307"},{"arcs":[[-763,-913,913,-774,-765]],"type":"Polygon","properties":{"codigo":"308","nome":"Parque Fernanda","municipio_nome":"São Paulo"},"id":"308"},{"arcs":[[-775,-914,-912,914,915,-779]],"type":"Polygon","properties":{"codigo":"309","nome":"Santo Eduardo","municipio_nome":"Embu"},"id":"309"},{"arcs":[[-780,-916,916,917,918]],"type":"Polygon","properties":{"codigo":"310","nome":"Embu","municipio_nome":"Embu"},"id":"310"},{"arcs":[[-918,919,920,921,922]],"type":"Polygon","properties":{"codigo":"311","nome":"Ressaca","municipio_nome":"Embu"},"id":"311"},{"arcs":[[-781,-919,-923,923,924,925,-791]],"type":"Polygon","properties":{"codigo":"312","nome":"Granja Viana","municipio_nome":"Cotia"},"id":"312"},{"arcs":[[-792,-926,926,-796,-794]],"type":"Polygon","properties":{"codigo":"313","nome":"Aldeia da Carapicuiba","municipio_nome":"Carapicuiba"},"id":"313"},{"arcs":[[-925,927,928,929,930,-927]],"type":"Polygon","properties":{"codigo":"314","nome":"Ribeirão das Pombas","municipio_nome":"Jandira"},"id":"314"},{"arcs":[[-797,-931,931,932,933,934,935]],"type":"Polygon","properties":{"codigo":"315","nome":"Jardim Silveira","municipio_nome":"Barueri"},"id":"315"},{"arcs":[[-930,936,937,-932]],"type":"Polygon","properties":{"codigo":"316","nome":"Jandira","municipio_nome":"Jandira"},"id":"316"},{"arcs":[[-798,-936,938]],"type":"Polygon","properties":{"codigo":"317","nome":"Quitaúna","municipio_nome":"Barueri"},"id":"317"},{"arcs":[[-933,-938,939,940]],"type":"Polygon","properties":{"codigo":"318","nome":"Ribeirão Itaqui","municipio_nome":"Jandira"},"id":"318"},{"arcs":[[-799,-939,-935,941,942,-803,-801]],"type":"Polygon","properties":{"codigo":"319","nome":"Barueri","municipio_nome":"Barueri"},"id":"319"},{"arcs":[[-934,-941,943,944,-942]],"type":"Polygon","properties":{"codigo":"320","nome":"Jardim Belval","municipio_nome":"Barueri"},"id":"320"},{"arcs":[[-804,-943,-945,945,946,947,948,949,-806]],"type":"Polygon","properties":{"codigo":"321","nome":"Santana do Parnaíba","municipio_nome":"Santana do Parnaiba"},"id":"321"},{"arcs":[[-807,-950,950,951,952,-809]],"type":"Polygon","properties":{"codigo":"322","nome":"Cajamar","municipio_nome":"Cajamar"},"id":"322"},{"arcs":[[-810,-953,953,954,-812]],"type":"Polygon","properties":{"codigo":"323","nome":"Santa Inês","municipio_nome":"Caieiras"},"id":"323"},{"arcs":[[-813,-955,955,956,-815]],"type":"Polygon","properties":{"codigo":"324","nome":"Caieiras","municipio_nome":"Caieiras"},"id":"324"},{"arcs":[[-816,-957,957,958,959,960,-818]],"type":"Polygon","properties":{"codigo":"325","nome":"Franco da Rocha","municipio_nome":"Franco da Rocha"},"id":"325"},{"arcs":[[-647,-821,961,962,-822]],"type":"Polygon","properties":{"codigo":"326","nome":"Mairiporã","municipio_nome":"Mairiporã"},"id":"326"},{"arcs":[[-827,963,964,965,-831]],"type":"Polygon","properties":{"codigo":"327","nome":"Arujazinho","municipio_nome":"Arujá"},"id":"327"},{"arcs":[[-832,-966,966,967,968]],"type":"Polygon","properties":{"codigo":"328","nome":"Arujá","municipio_nome":"Arujá"},"id":"328"},{"arcs":[[-833,-969,969,970,971]],"type":"Polygon","properties":{"codigo":"329","nome":"Bonsucesso","municipio_nome":"Itaquaquecetuba"},"id":"329"},{"arcs":[[-968,972,973,974,-970]],"type":"Polygon","properties":{"codigo":"330","nome":"Fazenda Velha","municipio_nome":"Arujá"},"id":"330"},{"arcs":[[-847,-839,-834,-972,975,976,977,-852]],"type":"Polygon","properties":{"codigo":"331","nome":"Itaquaquecetuba","municipio_nome":"Itaquaquecetuba"},"id":"331"},{"arcs":[[-971,-975,978,979,980,-976]],"type":"Polygon","properties":{"codigo":"332","nome":"Pinheirinho","municipio_nome":"Itaquaquecetuba"},"id":"332"},{"arcs":[[-980,981,982,983,984,985]],"type":"Polygon","properties":{"codigo":"333","nome":"Jd. Graziella","municipio_nome":"Mogi das Cruzes"},"id":"333"},{"arcs":[[-861,-978,986,987,988,989]],"type":"Polygon","properties":{"codigo":"334","nome":"Poá","municipio_nome":"Poá"},"id":"334"},{"arcs":[[-977,-981,-986,990,991,-987]],"type":"Polygon","properties":{"codigo":"335","nome":"Miguel Badra","municipio_nome":"Suzano"},"id":"335"},{"arcs":[[-862,-990,992,993,-869]],"type":"Polygon","properties":{"codigo":"336","nome":"Ferraz de Vasconcelos","municipio_nome":"Ferraz de Vasconcelos"},"id":"336"},{"arcs":[[-989,994,995,-993]],"type":"Polygon","properties":{"codigo":"337","nome":"Jardim São José","municipio_nome":"Poá"},"id":"337"},{"arcs":[[-988,-992,996,997,998,999,-995]],"type":"Polygon","properties":{"codigo":"338","nome":"Suzano","municipio_nome":"Suzano"},"id":"338"},{"arcs":[[-985,1000,1001,-997,-991]],"type":"Polygon","properties":{"codigo":"339","nome":"Jundiapeba","municipio_nome":"Mogi das Cruzes"},"id":"339"},{"arcs":[[-870,-994,-996,-1000,1002,1003,-875]],"type":"Polygon","properties":{"codigo":"340","nome":"Paiol Velho","municipio_nome":"Ferraz de Vasconcelos"},"id":"340"},{"arcs":[[-999,1004,1005,1006,1007,1008,-1003]],"type":"Polygon","properties":{"codigo":"341","nome":"Ouro Fino","municipio_nome":"Suzano"},"id":"341"},{"arcs":[[-876,-1004,1009,-884,-880]],"type":"Polygon","properties":{"codigo":"342","nome":"Vista Alegre","municipio_nome":"Mauá"},"id":"342"},{"arcs":[[-885,-1010,-1009,1010,1011]],"type":"Polygon","properties":{"codigo":"343","nome":"Jardim Santa Luzia","municipio_nome":"Ribeirão Pires"},"id":"343"},{"arcs":[[-1008,1012,1013,-1011]],"type":"Polygon","properties":{"codigo":"344","nome":"Ouro Fino Paulista","municipio_nome":"Ribeirão Pires"},"id":"344"},{"arcs":[[-714,-886,-1012,-1014,1014,1015,1016,-887]],"type":"Polygon","properties":{"codigo":"345","nome":"Ribeirão Pires","municipio_nome":"Ribeirão Pires"},"id":"345"},{"arcs":[[-889,1017,1018,-893,-891]],"type":"Polygon","properties":{"codigo":"346","nome":"Riacho Grande","municipio_nome":"São Bernardo"},"id":"346"},{"arcs":[[-895,1019,1020,-899,-897]],"type":"Polygon","properties":{"codigo":"347","nome":"Bororé","municipio_nome":"São Paulo"},"id":"347"},{"arcs":[[-900,-1021,1021,1022,1023,1024,-902]],"type":"Polygon","properties":{"codigo":"348","nome":"Parelheiros","municipio_nome":"São Paulo"},"id":"348"},{"arcs":[[-744,-903,-1025,1025,1026,1027,-904]],"type":"Polygon","properties":{"codigo":"349","nome":"Jaceguava","municipio_nome":"São Paulo"},"id":"349"},{"arcs":[[-1027,1028,1029,1030,1031]],"type":"Polygon","properties":{"codigo":"350","nome":"Embu Guaçu","municipio_nome":"Embu Guaçu"},"id":"350"},{"arcs":[[-905,-1028,-1032,1032,1033,-917,-915,-911,-909,-907]],"type":"Polygon","properties":{"codigo":"351","nome":"Itapecerica da Serra","municipio_nome":"Itapecerica da Serra"},"id":"351"},{"arcs":[[-1031,1034,1035,-1033]],"type":"Polygon","properties":{"codigo":"352","nome":"Jardim Petrópolis","municipio_nome":"Itapecerica da Serra"},"id":"352"},{"arcs":[[-920,-1034,-1036,1036,1037,1038]],"type":"Polygon","properties":{"codigo":"353","nome":"Embu-Mirim","municipio_nome":"Itapecerica da Serra"},"id":"353"},{"arcs":[[-921,-1039,1039,1040]],"type":"Polygon","properties":{"codigo":"354","nome":"Capueira","municipio_nome":"Cotia"},"id":"354"},{"arcs":[[-922,-1041,1041,1042,1043,1044,-928,-924]],"type":"Polygon","properties":{"codigo":"355","nome":"Cotia","municipio_nome":"Cotia"},"id":"355"},{"arcs":[[-929,-1045,1045,1046,-946,-944,-940,-937]],"type":"Polygon","properties":{"codigo":"356","nome":"Itapevi","municipio_nome":"Itapeví"},"id":"356"},{"arcs":[[-948,1047,1048]],"type":"Polygon","properties":{"codigo":"357","nome":"Pirapora do Bom Jesus","municipio_nome":"Pirapora do Bom Jesus"},"id":"357"},{"arcs":[[-949,-1049,1049,1050,-951]],"type":"Polygon","properties":{"codigo":"358","nome":"Anhanguera","municipio_nome":"Cajamar"},"id":"358"},{"arcs":[[-952,-1051,1051,1052,-958,-956,-954]],"type":"Polygon","properties":{"codigo":"359","nome":"Cristais","municipio_nome":"Franco da Rocha"},"id":"359"},{"arcs":[[-959,-1053,1053,1054]],"type":"Polygon","properties":{"codigo":"360","nome":"Sete Voltas","municipio_nome":"Francisco Morato"},"id":"360"},{"arcs":[[-960,-1055,1055,1056,1057]],"type":"Polygon","properties":{"codigo":"361","nome":"Francisco Morato","municipio_nome":"Francisco Morato"},"id":"361"},{"arcs":[[-1057,1058,1059]],"type":"Polygon","properties":{"codigo":"362","nome":"Cascatas","municipio_nome":"Francisco Morato"},"id":"362"},{"arcs":[[-819,-961,-1058,-1060,1060,1061]],"type":"Polygon","properties":{"codigo":"363","nome":"Juqueri","municipio_nome":"Franco da Rocha"},"id":"363"},{"arcs":[[-820,-1062,1062,1063,-962]],"type":"Polygon","properties":{"codigo":"364","nome":"Colinas","municipio_nome":"Mairiporã"},"id":"364"},{"arcs":[[-823,-963,-1064,1064,1065,-825]],"type":"Polygon","properties":{"codigo":"365","nome":"Pirucaia","municipio_nome":"Mairiporã"},"id":"365"},{"arcs":[[-826,-1066,1066,1067,-964]],"type":"Polygon","properties":{"codigo":"366","nome":"Vasconcelândia","municipio_nome":"Guarulhos"},"id":"366"},{"arcs":[[-965,-1068,1068,1069,1070,1071,1072,-973,-967]],"type":"Polygon","properties":{"codigo":"367","nome":"Jaguari","municipio_nome":"Santa Isabel"},"id":"367"},{"arcs":[[-1072,1073]],"type":"Polygon","properties":{"codigo":"368","nome":"Santa Isabel","municipio_nome":"Santa Isabel"},"id":"368"},{"arcs":[[-974,-1073,-1074,-1071,1074,1075,1076,1077,-982,-979]],"type":"Polygon","properties":{"codigo":"369","nome":"Itapeti","municipio_nome":"Mogi das Cruzes"},"id":"369"},{"arcs":[[-1070,1078,1079,1080,1081,-1075]],"type":"Polygon","properties":{"codigo":"370","nome":"Guararema","municipio_nome":"Guararema"},"id":"370"},{"arcs":[[-984,1082,1083,-1001]],"type":"Polygon","properties":{"codigo":"371","nome":"Brás Cubas","municipio_nome":"Mogi das Cruzes"},"id":"371"},{"arcs":[[-983,-1078,1084,1085,-1083]],"type":"Polygon","properties":{"codigo":"372","nome":"Mogi das Cruzes","municipio_nome":"Mogi das Cruzes"},"id":"372"},{"arcs":[[-1077,1086,1087,-1085]],"type":"Polygon","properties":{"codigo":"373","nome":"César de Souza","municipio_nome":"Mogi das Cruzes"},"id":"373"},{"arcs":[[-1076,-1082,1088,-1087]],"type":"Polygon","properties":{"codigo":"374","nome":"Sabaúna","municipio_nome":"Mogi das Cruzes"},"id":"374"},{"arcs":[[-998,-1002,-1084,-1086,-1088,1089,1090,1091,-1005]],"type":"Polygon","properties":{"codigo":"375","nome":"Reservatório de Jundiaí","municipio_nome":"Mogi das Cruzes"},"id":"375"},{"arcs":[[-1081,1092,1093,-1090,-1089]],"type":"Polygon","properties":{"codigo":"376","nome":"Biritiba Mirim","municipio_nome":"Biritiba Mirim"},"id":"376"},{"arcs":[[-1080,1094,-1093]],"type":"Polygon","properties":{"codigo":"377","nome":"Salesópolis","municipio_nome":"Salesópolis"},"id":"377"},{"arcs":[[-1007,1095,1096,-1015,-1013]],"type":"Polygon","properties":{"codigo":"378","nome":"Parque Sete Pontes","municipio_nome":"Rio Grande da Serra"},"id":"378"},{"arcs":[[-1016,-1097,1097]],"type":"Polygon","properties":{"codigo":"379","nome":"Rio Grande da Serra","municipio_nome":"Rio Grande da Serra"},"id":"379"},{"arcs":[[-888,-1017,-1098,-1096,-1006,-1092,1098,1099,-1018]],"type":"Polygon","properties":{"codigo":"380","nome":"Paranapiacaba","municipio_nome":"Santo André"},"id":"380"},{"arcs":[[-894,-1019,-1100,1100,1101,-1022,-1020]],"type":"Polygon","properties":{"codigo":"381","nome":"Caminho do Mar","municipio_nome":"São Bernardo"},"id":"381"},{"arcs":[[-1023,-1102,1102,1103,1104]],"type":"Polygon","properties":{"codigo":"382","nome":"Marsilac","municipio_nome":"São Paulo"},"id":"382"},{"arcs":[[-1024,-1105,1105,1106,-1029,-1026]],"type":"Polygon","properties":{"codigo":"383","nome":"Cipó","municipio_nome":"Embu Guaçu"},"id":"383"},{"arcs":[[-1030,-1107,1107,1108,1109,-1037,-1035]],"type":"Polygon","properties":{"codigo":"384","nome":"São Lourenço da Serra","municipio_nome":"São Lourenço da Serra"},"id":"384"},{"arcs":[[-1104,1110,-1108,-1106]],"type":"Polygon","properties":{"codigo":"385","nome":"Juquitiba","municipio_nome":"Juquitiba"},"id":"385"},{"arcs":[[-1038,-1110,1111,1112,1113,-1042,-1040]],"type":"Polygon","properties":{"codigo":"386","nome":"Caucaia","municipio_nome":"Cotia"},"id":"386"},{"arcs":[[-1113,1114,1115]],"type":"Polygon","properties":{"codigo":"387","nome":"Caucaia do Alto","municipio_nome":"Cotia"},"id":"387"},{"arcs":[[-1043,-1114,-1116,1116,1117]],"type":"Polygon","properties":{"codigo":"388","nome":"Vargem Gde Paulista","municipio_nome":"Vargem Grande Paulista"},"id":"388"},{"arcs":[[-1044,-1118,1118,-1046]],"type":"Polygon","properties":{"codigo":"389","nome":"Quatro Encruzilhadas","municipio_nome":"Itapeví"},"id":"389"}]}}}