{"type":"Topology","arcs":[[[8474,8170],[-81,-7],[-82,48]],[[8311,8211],[-3,14]],[[8308,8225],[35,66]],[[8343,8291],[17,25]],[[8360,8316],[114,-146]],[[8360,8316],[18,35],[6,78]],[[8384,8429],[100,-28]],[[8484,8401],[-25,-57],[32,-58],[20,-102],[-9,-33]],[[8502,8151],[-23,-19]],[[8479,8132],[-5,38]],[[8479,8132],[0,-3]],[[8479,8129],[-33,-25]],[[8446,8104],[-119,3]],[[8327,8107],[13,47],[-29,57]],[[8327,8107],[-66,10],[-46,26],[-17,47]],[[8198,8190],[-14,57]],[[8184,8247],[124,-22]],[[8184,8247],[-4,89]],[[8180,8336],[21,41]],[[8201,8377],[142,-86]],[[8201,8377],[101,66]],[[8302,8443],[82,-14]],[[8302,8443],[-40,80],[-57,20]],[[8205,8543],[109,65],[29,-43],[129,-43],[23,-34]],[[8495,8488],[9,-32]],[[8504,8456],[-20,-55]],[[8484,8401],[80,-26],[92,-126],[24,-5]],[[8680,8244],[-26,-6],[64,-105]],[[8718,8133],[-216,18]],[[8718,8133],[91,-201]],[[8809,7932],[-57,-29]],[[8752,7903],[-60,-11]],[[8692,7892],[-20,33],[-62,15],[-49,68],[-36,6]],[[8525,8014],[-7,44],[-29,15],[-10,56]],[[8692,7892],[-9,-30],[-80,-98],[7,-21]],[[8610,7743],[-17,13],[-90,-2]],[[8503,7754],[14,79]],[[8517,7833],[18,92],[-10,89]],[[8517,7833],[-52,35],[17,33],[-65,59],[2,86]],[[8419,8046],[27,58]],[[8503,7754],[-104,-4],[-18,56],[-79,17]],[[8302,7823],[6,87],[111,136]],[[8302,7823],[-28,11]],[[8274,7834],[14,167]],[[8288,8001],[39,106]],[[8288,8001],[-71,18],[-5,62],[-43,-5],[-10,-63]],[[8159,8013],[-14,93],[-34,46]],[[8111,8152],[87,38]],[[8274,7834],[-6,2]],[[8268,7836],[-109,87]],[[8159,7923],[20,34],[-20,56]],[[8159,7923],[-100,89]],[[8059,8012],[-45,45]],[[8014,8057],[48,67],[49,28]],[[8014,8057],[-58,55],[-26,-13]],[[7930,8099],[-32,11]],[[7898,8110],[74,65],[49,178]],[[8021,8353],[40,-15]],[[8061,8338],[119,-2]],[[8061,8338],[40,136],[92,64]],[[8193,8538],[12,5]],[[8193,8538],[-21,7]],[[8172,8545],[-2,21],[-86,150]],[[8084,8716],[2,15]],[[8086,8731],[151,-21],[198,-15]],[[8435,8695],[70,-4]],[[8505,8691],[-4,-171]],[[8501,8520],[-6,-32]],[[8505,8691],[93,9]],[[8598,8700],[48,-19],[66,-49],[60,2]],[[8772,8634],[17,-63],[-35,-39]],[[8754,8532],[-47,47],[-86,37],[-120,-96]],[[8754,8532],[-19,-21]],[[8735,8511],[-45,-47]],[[8690,8464],[-51,-31],[-135,23]],[[8690,8464],[57,-54],[24,-88],[30,-51]],[[8801,8271],[-121,-27]],[[8772,8634],[74,-12],[72,-63]],[[8918,8559],[84,-35]],[[9002,8524],[90,23]],[[9092,8547],[32,-109]],[[9124,8438],[-105,-24],[-228,-33],[15,71],[-71,59]],[[9124,8438],[33,-106]],[[9157,8332],[27,-124]],[[9184,8208],[-72,-69]],[[9112,8139],[-67,62],[-75,89],[-114,-4],[-55,-15]],[[9112,8139],[-47,-93]],[[9065,8046],[-119,57]],[[8946,8103],[-23,42],[-191,22],[-14,-34]],[[9065,8046],[-38,-79],[55,-55],[64,-22],[0,-51]],[[9146,7839],[-51,-24],[-30,-72]],[[9065,7743],[-9,141],[-14,21],[-96,55],[-66,80],[66,63]],[[9065,7743],[-60,-47]],[[9005,7696],[-92,6]],[[8913,7702],[-104,230]],[[8913,7702],[59,-125],[36,-48]],[[9008,7529],[-58,-45],[-40,-4]],[[8910,7480],[-11,152],[-36,48]],[[8863,7680],[-30,99],[-97,-9],[21,49],[-5,84]],[[8863,7680],[-101,-9]],[[8762,7671],[-65,-6],[-32,34]],[[8665,7699],[-55,44]],[[8665,7699],[-53,-40],[-24,-46],[-19,-88]],[[8569,7525],[-57,-44],[-54,16],[-63,61],[-36,-1]],[[8359,7557],[3,67],[-81,139],[-15,43]],[[8266,7806],[2,30]],[[8359,7557],[-14,-20]],[[8345,7537],[-28,-23],[-137,-9],[-44,21]],[[8136,7526],[36,64],[5,65],[-28,53]],[[8149,7708],[117,98]],[[8149,7708],[-20,38],[7,73],[-44,33]],[[8092,7852],[67,71]],[[8092,7852],[-40,-40]],[[8052,7812],[-80,75],[-7,26]],[[7965,7913],[94,99]],[[7965,7913],[-31,-32],[-153,127]],[[7781,8008],[149,91]],[[7781,8008],[-43,-31]],[[7738,7977],[-62,101]],[[7676,8078],[-12,20],[79,90]],[[7743,8188],[24,-16]],[[7767,8172],[131,-62]],[[7767,8172],[27,58],[116,59],[38,121]],[[7948,8410],[73,-57]],[[7743,8188],[21,155],[22,44],[4,64],[-43,75]],[[7747,8526],[63,-41],[112,-25],[26,-50]],[[7948,8410],[37,80],[6,90]],[[7991,8580],[125,-31],[56,-4]],[[7747,8526],[-72,53]],[[7675,8579],[-40,40]],[[7635,8619],[-39,35]],[[7596,8654],[35,-5],[98,-46],[262,-23]],[[7991,8580],[20,66],[73,70]],[[7596,8654],[-71,134],[6,75]],[[7531,8863],[36,-7]],[[7567,8856],[104,-25],[88,-52],[77,-13]],[[7836,8766],[250,-35]],[[7836,8766],[8,118],[24,26]],[[7868,8910],[75,113]],[[7943,9023],[53,19],[68,-69],[33,-83],[35,-16]],[[8132,8874],[-14,-41],[24,-84],[-56,-18]],[[8132,8874],[111,25]],[[8243,8899],[35,-16],[65,60],[117,-9]],[[8460,8934],[-9,-119]],[[8451,8815],[-16,-120]],[[8460,8934],[2,60],[39,20],[48,-3]],[[8549,9011],[86,-4],[16,-18]],[[8651,8989],[-9,-4]],[[8642,8985],[-49,-20],[-34,-47],[-48,-34],[-2,-68],[-58,-1]],[[8642,8985],[10,-45]],[[8652,8940],[-3,-68],[-85,-53],[6,-58],[28,-61]],[[8652,8940],[53,-14],[-14,-56],[148,-72],[108,-45]],[[8947,8753],[2,-144],[-31,-50]],[[8651,8989],[35,40],[22,90]],[[8708,9119],[78,-12],[102,21],[21,-14]],[[8909,9114],[-8,-53],[72,-63]],[[8973,8998],[-8,-39],[-34,-24],[-7,-41]],[[8924,8894],[24,-45],[-1,-96]],[[8924,8894],[105,-51],[118,-89],[-2,-45]],[[9145,8709],[-73,-85],[-70,-100]],[[8973,8998],[71,20],[52,59],[112,-7]],[[9208,9070],[131,-142]],[[9339,8928],[-194,-219]],[[9339,8928],[84,70]],[[9423,8998],[40,-57],[6,-55],[63,-42]],[[9532,8844],[-24,-89],[10,-81],[-35,-42]],[[9483,8632],[-77,-5],[-89,-41],[-89,-4],[-136,-35]],[[9483,8632],[83,-133],[64,-56]],[[9630,8443],[-145,-33]],[[9485,8410],[-208,-43],[-120,-35]],[[9485,8410],[63,-251],[-4,-41]],[[9544,8118],[-68,6],[-44,27],[-80,10],[-25,-15]],[[9327,8146],[-33,22],[-92,4],[-18,36]],[[9327,8146],[-11,-50],[64,-84]],[[9380,8012],[-62,-56],[3,-118],[-57,11],[-59,-33],[-46,11]],[[9159,7827],[-13,12]],[[9544,8118],[47,13],[23,-19],[54,14]],[[9668,8126],[32,-97],[39,-11]],[[9739,8018],[-66,-81],[-2,-47],[-77,-25],[-58,27]],[[9536,7892],[9,19],[-54,47],[-111,54]],[[9536,7892],[-37,-92]],[[9499,7800],[-10,-86]],[[9489,7714],[-78,-10]],[[9411,7704],[-60,5],[-125,56],[-67,62]],[[9411,7704],[-40,-20],[47,-107],[45,-57]],[[9463,7520],[-27,-13],[-119,47],[-39,50],[-110,-25],[-66,10],[-43,-29]],[[9059,7560],[-40,53],[14,20],[-28,63]],[[9059,7560],[48,-45],[67,-91]],[[9174,7424],[-28,-21],[19,-60]],[[9165,7343],[-58,60],[-99,126]],[[8910,7480],[-20,-90]],[[8890,7390],[-58,-44]],[[8832,7346],[-30,34],[-26,121],[-14,170]],[[8832,7346],[-45,-58],[-22,-73]],[[8765,7215],[-20,42],[-76,28]],[[8669,7285],[-25,160],[-21,36],[-54,44]],[[8765,7215],[-62,-145],[8,-60]],[[8711,7010],[-116,-16]],[[8595,6994],[-24,86],[40,54],[7,109],[51,42]],[[8595,6994],[-103,21],[-24,40]],[[8468,7055],[10,150]],[[8478,7205],[-13,74],[57,135]],[[8522,7414],[47,111]],[[8522,7414],[-183,1]],[[8339,7415],[6,122]],[[8478,7205],[-33,-11],[-125,9]],[[8320,7203],[19,212]],[[8339,7415],[-90,-1],[-117,17]],[[8132,7431],[4,95]],[[8320,7203],[-85,-29]],[[8235,7174],[-24,62],[-85,141]],[[8126,7377],[6,54]],[[8126,7377],[-37,19],[-35,-21],[-120,110]],[[7934,7485],[-7,27],[23,186],[-11,19]],[[7939,7717],[48,31],[65,64]],[[7934,7485],[-27,-9],[-99,14]],[[7808,7490],[8,67],[26,86]],[[7842,7643],[8,17]],[[7850,7660],[89,57]],[[7850,7660],[-15,116]],[[7835,7776],[-106,145],[9,56]],[[7842,7643],[-92,-64],[-109,-32]],[[7641,7547],[-28,-4],[-84,29]],[[7529,7572],[13,49]],[[7542,7621],[20,2],[95,98],[66,0],[81,51],[31,4]],[[7542,7621],[-16,55],[-65,115]],[[7461,7791],[102,55],[35,50]],[[7598,7896],[140,81]],[[7598,7896],[-86,131]],[[7512,8027],[54,-21],[110,72]],[[7461,7791],[-65,59]],[[7396,7850],[-48,138]],[[7348,7988],[79,76]],[[7427,8064],[8,2]],[[7435,8066],[77,-39]],[[7435,8066],[42,88],[42,129]],[[7519,8283],[16,-11]],[[7535,8272],[109,-59],[65,-6],[34,-19]],[[7535,8272],[24,39],[-9,78],[125,190]],[[7427,8064],[-14,63],[-93,82],[-16,70],[30,88]],[[7334,8367],[54,-15],[67,-1]],[[7455,8351],[64,-68]],[[7455,8351],[-9,98],[32,-4],[51,34],[39,59]],[[7568,8538],[67,81]],[[7568,8538],[-20,12],[-219,6],[-4,56],[-76,7],[-10,54]],[[7239,8673],[72,54],[30,-2],[164,-78],[91,7]],[[7334,8367],[-61,59],[-66,12],[-74,-19]],[[7133,8419],[3,71],[-45,166],[-19,34]],[[7072,8690],[89,5],[78,-22]],[[7072,8690],[-43,75]],[[7029,8765],[52,33],[42,57]],[[7123,8855],[29,13],[180,-8]],[[7332,8860],[127,12],[72,-9]],[[7567,8856],[12,64]],[[7579,8920],[48,18],[97,3],[90,-7],[54,-24]],[[7579,8920],[60,134],[-13,75],[18,45]],[[7644,9174],[73,85],[84,61]],[[7801,9320],[11,-41],[81,11],[65,-26]],[[7958,9264],[-31,-45],[-10,-62],[-26,-26],[14,-78],[38,-30]],[[7958,9264],[52,-8],[56,34]],[[8066,9290],[59,-111]],[[8125,9179],[90,-119],[17,-55]],[[8232,9005],[40,-82],[-29,-24]],[[8232,9005],[29,28],[52,2],[35,37],[86,62],[60,-2]],[[8494,9132],[41,-24],[20,-49],[-6,-48]],[[8125,9179],[74,25],[92,10],[70,54],[50,1]],[[8411,9269],[74,-69],[9,-68]],[[8411,9269],[81,42],[59,-34],[4,48]],[[8555,9325],[139,-28]],[[8694,9297],[-45,-58],[88,-48],[-29,-72]],[[8694,9297],[27,64]],[[8721,9361],[53,-49],[69,-27],[103,14],[83,-20]],[[9029,9279],[-120,-165]],[[9029,9279],[93,62]],[[9122,9341],[126,-214],[-40,-57]],[[9122,9341],[28,38],[79,38],[61,17]],[[9290,9434],[103,-200],[45,-33]],[[9438,9201],[24,-54],[-30,-79],[-9,-70]],[[9290,9434],[69,35],[63,-37]],[[9422,9432],[25,-46],[-7,-74]],[[9440,9312],[-2,-111]],[[9440,9312],[57,-13],[21,19],[57,-13],[-12,-68],[31,-8],[40,68],[40,-52],[39,-2],[27,56],[37,-13],[36,27],[22,68]],[[9835,9381],[69,30],[13,53],[108,-38],[14,49],[64,17],[-13,58],[30,17],[65,-30],[28,39]],[[10213,9576],[37,1],[16,82],[61,10],[39,23],[27,-33],[-18,-34],[14,-52],[76,30],[-1,51]],[[10464,9654],[72,38],[7,39],[74,35]],[[10617,9766],[88,-38],[98,-172],[30,82],[29,-22],[-18,-39],[21,-67],[46,-65],[8,-50],[-22,-91]],[[10897,9304],[-75,-12],[-40,17]],[[10782,9309],[-41,-4],[-35,48],[-39,18],[-158,-67],[-97,38],[-58,10],[3,36]],[[10357,9388],[-109,-58],[-24,2],[-1,98],[-22,17],[-78,-30],[-66,-74],[-78,-6],[-28,-58],[-96,-96],[-69,-4],[17,-32],[-76,-56],[9,-41],[-73,-39],[0,-88],[-42,-25],[-44,21]],[[9577,8919],[-45,-75]],[[9577,8919],[17,-77],[49,8]],[[9643,8850],[22,-51],[59,-19]],[[9724,8780],[29,-119],[-19,-25],[25,-163]],[[9759,8473],[-129,-30]],[[9643,8850],[56,12],[48,50],[146,89],[114,7]],[[10007,9008],[32,-33],[18,-53],[-46,-14],[18,-140]],[[10029,8768],[-66,21],[-73,-24],[-71,-3],[-95,18]],[[10029,8768],[10,-9]],[[10039,8759],[-58,-121],[-55,17],[14,-101],[-8,-66]],[[9932,8488],[-78,7],[-95,-22]],[[9932,8488],[80,12]],[[10012,8500],[46,-84],[89,-80],[88,-62],[73,-32]],[[10308,8242],[-8,-31]],[[10300,8211],[-45,10],[-79,-24],[-56,-61],[-41,-17]],[[10079,8119],[-26,36],[-63,38],[-95,97],[-75,45]],[[9820,8335],[-62,9],[-111,54],[-17,45]],[[9820,8335],[8,-39],[-36,-74],[-41,1],[-35,-73],[-48,-24]],[[10079,8119],[-51,-60],[-26,-67],[-57,-52],[-43,-59]],[[9902,7881],[-40,73],[17,34],[-65,36],[-32,-18],[-43,12]],[[9902,7881],[-42,-53],[110,-63],[0,-22],[-49,-86]],[[9921,7657],[-44,15],[-42,-16]],[[9835,7656],[-94,82],[-242,62]],[[9835,7656],[27,-57],[-61,-141]],[[9801,7458],[-113,118]],[[9688,7576],[-56,66],[-143,72]],[[9688,7576],[-46,-87],[-54,-50]],[[9588,7439],[-125,81]],[[9588,7439],[10,-38],[-25,-51],[8,-51]],[[9581,7299],[-34,-57],[-60,-23],[-44,25],[-138,109],[-65,43],[-66,28]],[[9165,7343],[10,-19],[-17,-104]],[[9158,7220],[-135,38],[-50,42]],[[8973,7300],[-83,90]],[[9581,7299],[52,9]],[[9633,7308],[47,-73],[-22,-8],[14,-74],[-85,-11]],[[9587,7142],[-333,7],[-29,-105],[-1,-119]],[[9224,6925],[-56,-32],[-31,26]],[[9137,6919],[6,34],[-27,40],[42,227]],[[8973,7300],[-45,-41],[28,-53],[48,-170],[-3,-56],[-64,-22],[-11,-34]],[[8926,6924],[-68,138],[-59,-39],[-80,-12]],[[8719,7011],[-8,-1]],[[9137,6919],[-45,-75],[25,-93]],[[9117,6751],[-16,-49]],[[9101,6702],[-140,115],[-35,107]],[[9587,7142],[17,-15]],[[9604,7127],[-88,-59],[-82,-90],[-60,31],[-20,-64],[21,-47],[-54,-8],[-97,35]],[[9101,6702],[-95,-78],[-93,-55],[-33,-5],[-49,-41],[-43,0],[-53,-44],[-74,-21],[-23,25]],[[8638,6483],[-5,4]],[[8633,6487],[40,51],[-10,53],[28,139],[-19,39]],[[8672,6769],[29,11],[11,51],[28,33],[-21,147]],[[8672,6769],[2,40],[-116,38],[-49,-6],[-30,-29]],[[8479,6812],[-48,12],[7,121]],[[8438,6945],[30,110]],[[8633,6487],[-29,-5],[-72,-55],[-39,39],[-16,-70],[2,-67],[-55,-72]],[[8424,6257],[-28,88],[41,23],[-43,97],[-18,88]],[[8376,6553],[43,9],[11,63],[85,6],[-41,126],[5,55]],[[8438,6945],[-61,-9],[-100,9],[-27,-10]],[[8250,6935],[32,78],[-28,8],[-2,63],[-24,58],[7,32]],[[8376,6553],[-74,42]],[[8302,6595],[-19,28],[-13,124],[3,102],[-74,50]],[[8199,6899],[51,36]],[[8199,6899],[-18,21]],[[8181,6920],[-46,20],[-71,141],[-90,50]],[[7974,7131],[45,52]],[[8019,7183],[101,127],[6,67]],[[8181,6920],[-49,-40],[-3,-50]],[[8129,6830],[-66,13],[-3,49],[-61,-6],[-97,53]],[[7902,6939],[71,28]],[[7973,6967],[1,164]],[[8302,6595],[-23,-59],[-58,-21],[-10,36],[-41,26]],[[8170,6577],[-53,36],[-74,98],[-27,21]],[[8016,6732],[27,25],[77,25],[9,48]],[[8016,6732],[-30,17],[-13,52],[-86,-76],[-63,-29]],[[7824,6696],[-9,12]],[[7815,6708],[-13,70],[59,68],[8,34]],[[7869,6880],[1,39],[32,20]],[[8170,6577],[2,-48],[-47,-52],[-41,25],[-41,-34],[-23,33],[-56,-11],[-12,-30]],[[7952,6460],[-86,113],[-42,123]],[[8019,7183],[-226,197]],[[7793,7380],[15,110]],[[7974,7131],[-88,35],[-100,67],[-30,40]],[[7756,7273],[37,107]],[[7973,6967],[-246,221]],[[7727,7188],[29,85]],[[7869,6880],[-25,9],[-62,77],[-23,58],[-42,53],[-43,30]],[[7674,7107],[53,81]],[[7815,6708],[-56,61],[-23,73],[-95,94],[-41,55]],[[7600,6991],[72,114]],[[7672,7105],[2,2]],[[7756,7273],[-56,83],[-79,65]],[[7621,7421],[37,67],[-17,59]],[[7621,7421],[-70,-56],[-49,-167]],[[7502,7198],[-81,7]],[[7421,7205],[14,73],[46,162]],[[7481,7440],[48,132]],[[7672,7105],[-96,66],[-74,27]],[[7600,6991],[-57,8],[-70,33],[-70,67]],[[7403,7099],[18,106]],[[7403,7099],[-50,31],[-119,14],[-24,47]],[[7210,7191],[17,19],[16,163],[47,44]],[[7290,7417],[98,9],[14,32],[79,-18]],[[7290,7417],[1,5]],[[7291,7422],[5,51],[29,47],[5,205],[-17,78]],[[7313,7803],[11,25],[72,22]],[[7291,7422],[-30,-18],[-51,71],[-62,6],[-20,-37]],[[7128,7444],[-36,123],[-32,55]],[[7060,7622],[158,63],[79,80],[16,38]],[[7210,7191],[-80,38],[-32,-12],[-91,9]],[[7007,7226],[36,61],[5,40]],[[7048,7327],[2,45],[78,72]],[[7060,7622],[4,40],[-50,-3]],[[7014,7659],[-20,25],[8,53],[-16,37],[33,44]],[[7019,7818],[69,33],[74,60],[83,6],[-5,138],[7,16]],[[7247,8071],[74,-46],[27,-37]],[[7247,8071],[-288,155]],[[6959,8226],[-49,46]],[[6910,8272],[70,72]],[[6980,8344],[76,66],[77,9]],[[7019,7818],[29,30],[-71,64],[-98,-81]],[[6879,7831],[-34,20],[-40,53],[17,33],[-29,41],[-22,90]],[[6771,8068],[53,28]],[[6824,8096],[96,50],[39,80]],[[6980,8344],[-6,40],[-90,108],[54,47],[37,-44],[64,58],[-81,52],[-9,72],[123,13]],[[6910,8272],[-205,203],[-6,130]],[[6699,8605],[29,69]],[[6728,8674],[33,34],[61,12],[124,-2],[83,47]],[[6824,8096],[-34,39],[-14,56],[-42,41],[-44,7],[-35,74],[-55,25],[-37,160],[-26,14]],[[6537,8512],[51,70],[3,25]],[[6591,8607],[73,-16],[35,14]],[[6771,8068],[-51,1]],[[6720,8069],[-64,59],[-59,-8],[-40,96]],[[6557,8216],[-1,11]],[[6556,8227],[-27,51],[16,117],[-18,28],[10,89]],[[6728,8674],[-66,-4],[-20,52],[-62,19],[-13,50],[-58,50],[-23,72],[36,64],[63,30],[23,45],[-17,32]],[[6591,9084],[24,-30],[4,-70]],[[6619,8984],[20,-52],[62,-50],[227,-20],[78,-36],[23,-61]],[[6619,8984],[57,23],[6,155],[66,68]],[[6748,9230],[56,18],[66,-38]],[[6870,9210],[25,-61],[69,-83],[44,-74],[115,-137]],[[6591,9084],[-77,23]],[[6514,9107],[-66,33],[-6,41],[-52,100],[18,42],[2,68],[-43,27]],[[6367,9418],[92,28],[70,-27],[77,-11],[31,18]],[[6637,9426],[16,-56],[-39,-91],[29,-24],[105,-25]],[[6870,9210],[113,-31],[41,19],[44,-38],[34,25],[99,17],[64,-28]],[[7265,9174],[5,-25]],[[7270,9149],[10,-48],[38,-72],[14,-169]],[[6637,9426],[4,58],[41,45],[62,9]],[[6744,9538],[8,-51],[96,85],[114,45],[179,42],[-23,25],[25,65],[67,27],[33,-48]],[[7243,9728],[-46,-68],[10,-61]],[[7207,9599],[67,-165],[-10,-54],[50,-37],[-18,-72],[-31,-47],[0,-50]],[[7270,9149],[52,31],[68,-3],[38,-29],[22,44]],[[7450,9192],[55,-14],[34,61],[45,-28],[18,-39],[42,2]],[[7450,9192],[23,139],[17,20]],[[7490,9351],[93,-2],[60,-54],[52,67],[71,0],[48,46],[41,1]],[[7855,9409],[-46,-43],[-8,-46]],[[7207,9599],[137,14],[52,-24],[51,-78]],[[7447,9511],[26,-123],[17,-37]],[[7447,9511],[46,14],[72,-46],[51,2],[49,-37],[63,45],[-15,64]],[[7713,9553],[10,68],[65,21]],[[7788,9642],[62,-138]],[[7850,9504],[5,-95]],[[7243,9728],[62,32],[23,95],[-72,58],[-11,30],[46,26]],[[7291,9969],[10,-39],[36,-36],[5,-35],[66,-65],[12,-45],[128,-59],[23,-35],[70,-22],[18,-43],[54,-37]],[[7850,9504],[42,3],[12,39],[87,55],[86,-39],[35,38],[-21,67],[39,50]],[[8130,9717],[34,-36],[9,-54],[-14,-63],[37,-80]],[[8196,9484],[-65,-26],[17,-45],[-15,-80],[-67,-43]],[[7788,9642],[-15,22],[11,62],[-19,47],[60,82],[26,81],[-9,33]],[[7842,9969],[48,-17],[20,-58],[-29,-49],[11,-64],[39,-10],[91,69],[65,-62],[32,-2]],[[8119,9776],[11,-59]],[[8196,9484],[49,27],[151,46],[27,-36]],[[8423,9521],[42,-39],[10,-43],[128,-25],[-48,-89]],[[8119,9776],[-19,36],[4,45],[-21,92]],[[8083,9949],[19,24],[154,-1],[4,-127],[24,-124],[70,-6]],[[8354,9715],[35,-68],[54,-45]],[[8443,9602],[7,-35],[-27,-46]],[[8443,9602],[29,-29],[44,16],[115,-28]],[[8631,9561],[38,18],[54,-7],[102,12]],[[8825,9584],[-12,-96],[-92,-127]],[[8354,9715],[117,107],[6,42],[35,61],[50,-11],[-38,-54],[33,-17],[28,43],[54,29]],[[8639,9915],[5,2]],[[8644,9917],[-41,-41],[31,-44],[4,-51],[28,-85],[-35,-135]],[[8644,9917],[37,32],[113,6],[35,25],[87,-67],[-9,-61]],[[8907,9852],[-19,-59],[-38,-49],[-15,-55],[-8,-100]],[[8827,9589],[-2,-5]],[[8827,9589],[112,-61]],[[8939,9528],[93,-50],[60,-67],[3,-47],[27,-23]],[[8939,9528],[47,45],[56,5],[59,79],[46,17]],[[9147,9674],[111,-10],[49,-16]],[[9307,9648],[61,-150],[54,-66]],[[8907,9852],[53,77],[82,-3],[25,49],[37,6],[77,-15],[26,-19],[57,29],[40,-21]],[[9304,9955],[-45,-121],[-57,-7],[-49,-50],[-33,-74],[27,-29]],[[9304,9955],[41,43],[-53,131],[59,-18]],[[9351,10111],[-10,-49],[41,-57],[-7,-86],[-16,-13]],[[9359,9906],[8,-45],[-58,-123],[-2,-90]],[[9359,9906],[106,17],[13,21],[75,13],[30,42],[-6,44],[45,9],[44,-18],[49,31],[43,4],[56,58],[15,-30]],[[9829,10097],[44,-123],[-31,-44],[9,-89],[72,-133]],[[9923,9708],[-83,-1],[-97,-58],[33,-51],[-6,-35],[35,-31],[-33,-25],[3,-49],[67,-48],[-7,-29]],[[9923,9708],[85,26],[42,55],[39,7],[71,-86],[33,-21],[20,-113]],[[10357,9388],[-29,-38],[54,-98],[-28,-26],[-58,-5]],[[10296,9221],[-40,-39],[-44,-102],[-86,-24],[-119,-48]],[[10296,9221],[1,-33],[76,-55],[0,-77],[45,-52],[-3,-112]],[[10415,8892],[-120,-29],[-39,1],[-157,-53],[-70,-43]],[[10782,9309],[-8,-44]],[[10774,9265],[-31,3],[-103,-28],[11,-54],[-10,-65],[-76,-36],[-42,-59],[-25,-146]],[[10498,8880],[-83,12]],[[10498,8880],[32,2]],[[10530,8882],[14,-24],[-69,-100],[-58,-102]],[[10417,8656],[-83,25],[-109,-6],[-75,21],[-111,63]],[[10530,8882],[121,5]],[[10651,8887],[25,-155]],[[10676,8732],[19,-112]],[[10695,8620],[-80,-31],[-48,8],[-85,-36]],[[10482,8561],[-65,95]],[[10482,8561],[19,-37],[-82,-88]],[[10419,8436],[-94,57]],[[10325,8493],[-80,59],[-35,11],[-99,-15],[-99,-48]],[[10695,8620],[25,-135],[-28,-77],[16,-49]],[[10708,8359],[-33,-33],[-77,3],[-61,51],[-29,50],[-89,6]],[[10325,8493],[61,-130],[-78,-121]],[[10708,8359],[-2,-39],[-40,-54],[-8,-41]],[[10658,8225],[-23,-66],[-27,-19]],[[10608,8140],[-39,-11],[-136,23],[-63,45],[-70,14]],[[10608,8140],[-17,-20],[-1,-87]],[[10590,8033],[-102,30],[-40,-14],[-16,-71],[-59,-11],[-52,72],[-90,-1],[-50,-31]],[[10181,8007],[-102,112]],[[10181,8007],[78,-104],[3,-60],[36,-57]],[[10298,7786],[2,-60]],[[10300,7726],[-22,49],[-97,-45],[-68,40],[-70,18],[-86,36],[-19,41],[-36,16]],[[10590,8033],[11,-50],[-9,-73]],[[10592,7910],[-1,-59],[-23,-52],[-57,-77]],[[10511,7722],[-41,-26]],[[10470,7696],[-58,44],[-53,8],[-61,38]],[[10300,7726],[-39,-63],[-33,-94]],[[10228,7569],[-82,47],[-59,-1],[-26,20]],[[10061,7635],[-39,17],[-85,-8],[-16,13]],[[10300,7726],[144,-60],[-8,-67],[61,-19],[79,-82],[39,-3]],[[10615,7495],[-25,-53],[-87,-81],[-51,34],[-50,88]],[[10402,7483],[-61,-31],[-109,61],[-4,56]],[[10061,7635],[-27,-51],[11,-66],[33,-53],[51,11],[27,-120]],[[10156,7356],[-202,26]],[[9954,7382],[-52,40],[-101,36]],[[10402,7483],[-15,-61],[10,-75],[-11,-57],[-29,-52]],[[10357,7238],[-27,-9],[-62,23]],[[10268,7252],[-70,87],[-42,17]],[[9954,7382],[59,-73],[-44,-75],[32,-49]],[[10001,7185],[-174,-8],[-194,131]],[[10268,7252],[2,-37],[38,-41],[0,-56],[-38,-71],[8,-41]],[[10278,7006],[-49,0],[-59,45],[-24,47],[-60,26],[-85,61]],[[10278,7006],[2,0]],[[10280,7006],[13,-154],[-75,-24],[-61,-74],[-124,2]],[[10033,6756],[-22,46],[-97,-1],[-21,-36],[-55,13],[-60,-8],[-29,-62],[-87,-63],[-33,-48],[-8,-82],[-31,-36],[-85,-25],[-49,40]],[[9456,6494],[-55,89],[-47,33]],[[9354,6616],[35,56],[62,44],[72,-53],[8,45],[41,20],[21,97],[10,107],[26,45],[48,40],[-73,110]],[[9354,6616],[-60,11],[-45,-19],[-99,119],[-33,24]],[[10033,6756],[-18,-6],[-52,-120],[27,-21],[-38,-61],[101,-45],[119,-33]],[[10172,6470],[-8,-66],[41,-22],[29,-54],[-96,-43],[-101,-31],[-7,-52],[-67,-3],[-104,122],[-48,-50],[-4,-76],[-20,-34],[-67,-56],[-51,-27]],[[9669,6078],[-87,-10],[-37,14],[-16,58],[26,66],[-15,59],[12,36]],[[9552,6301],[-6,55],[-90,138]],[[9552,6301],[-208,-38],[-22,-60]],[[9322,6203],[-30,57],[-89,2]],[[9203,6262],[-59,-1],[-66,-19],[-40,-50],[-38,-5],[-86,57],[-36,63]],[[8878,6307],[46,90],[-68,15],[-118,-108],[-56,50],[1,36],[-32,25],[-13,68]],[[8878,6307],[-27,-32],[5,-38],[64,-62],[-7,-42],[-41,-13],[-95,-64],[-5,-20],[-121,-44],[-83,-61],[-142,-18]],[[8426,5913],[-42,46]],[[8384,5959],[-31,21],[35,70],[2,64],[37,29],[-7,103]],[[8420,6246],[4,11]],[[8420,6246],[-174,32],[-101,65],[-20,-3],[-58,48]],[[8067,6388],[-34,24],[-50,-11],[-31,59]],[[8384,5959],[-50,-32],[-93,-20]],[[8241,5907],[-19,71]],[[8222,5978],[2,34],[-32,44],[-32,8],[-151,126]],[[8009,6190],[46,40],[-25,47],[37,111]],[[8222,5978],[-70,-12],[-46,76],[-36,7],[-45,-26],[-29,-45],[-151,24]],[[7845,6002],[9,67],[-10,109],[12,62],[23,34]],[[7879,6274],[130,-84]],[[7879,6274],[-30,29],[-115,68]],[[7734,6371],[-19,70],[-1,131]],[[7714,6572],[101,136]],[[7845,6002],[-99,-89]],[[7746,5913],[-5,43],[-42,59],[-4,50],[-61,97]],[[7634,6162],[71,28],[35,52],[-6,129]],[[7746,5913],[-59,-9],[-12,-32],[-54,-49]],[[7621,5823],[-48,42],[-89,155]],[[7484,6020],[150,142]],[[7634,6162],[-15,67],[-41,71],[-38,99],[-17,17],[23,127]],[[7546,6543],[21,14]],[[7567,6557],[59,38],[88,-23]],[[7484,6020],[-54,94],[-40,49]],[[7390,6163],[-48,71],[-78,142]],[[7264,6376],[87,68]],[[7351,6444],[67,24],[128,75]],[[7567,6557],[23,62],[-29,40],[-48,-20],[-117,75]],[[7396,6714],[23,17],[60,103],[73,84],[48,73]],[[7351,6444],[-46,72],[-46,166]],[[7259,6682],[70,-11],[67,43]],[[7264,6376],[-21,30],[-120,103]],[[7123,6509],[-94,124],[1,66]],[[7030,6699],[142,-4],[87,-13]],[[7030,6699],[7,41],[83,105],[116,130]],[[7236,6975],[33,33],[90,43],[44,48]],[[7236,6975],[-102,34],[-122,102],[-69,-29]],[[6943,7082],[13,91]],[[6956,7173],[51,53]],[[7030,6699],[-48,2]],[[6982,6701],[-89,19]],[[6893,6720],[-15,36],[-3,130],[15,74],[53,122]],[[6893,6720],[-162,47]],[[6731,6767],[77,106],[-33,67]],[[6775,6940],[-81,198]],[[6694,7138],[49,34],[76,-1]],[[6819,7171],[58,-32],[45,34],[34,0]],[[6819,7171],[-7,48],[44,30],[-2,36],[52,104],[40,-35],[64,25],[38,-52]],[[6694,7138],[-33,128]],[[6661,7266],[-2,39],[35,34]],[[6694,7339],[50,135],[153,95]],[[6897,7569],[40,19],[22,38],[55,33]],[[6897,7569],[-36,83],[-117,-4],[-33,-21],[-105,-4]],[[6606,7623],[-23,1]],[[6583,7624],[33,30],[74,18],[1,69],[53,3],[34,37],[101,50]],[[6694,7339],[-29,38],[-100,43],[-33,70]],[[6532,7490],[27,28],[73,34],[-26,71]],[[6583,7624],[-125,21],[-88,34]],[[6370,7679],[-9,38],[99,63],[46,100],[75,32],[52,68],[66,27],[21,62]],[[6370,7679],[-43,-2]],[[6327,7677],[-55,71],[-45,28],[-10,39]],[[6217,7815],[27,58],[119,4],[5,80],[59,38],[41,2],[42,102],[40,53],[7,64]],[[6217,7815],[-55,2],[-65,-53]],[[6097,7764],[1,129],[33,2],[73,54],[28,46],[-19,72],[-149,64],[72,182],[-86,48],[-85,-6],[-16,129],[17,5],[9,91],[-24,14]],[[5951,8594],[135,-12]],[[6086,8582],[12,-69],[49,4],[95,-102],[103,-38],[-1,-88],[-16,-43],[14,-45],[125,9],[43,50],[46,-33]],[[6086,8582],[53,46],[141,-47],[104,-81],[98,-33],[55,45]],[[5951,8594],[-50,26],[-57,9],[-68,-18],[-64,7]],[[5712,8618],[-14,65]],[[5698,8683],[25,61],[28,24]],[[5751,8768],[80,51]],[[5831,8819],[126,-33],[214,-90],[84,-21],[175,-14],[161,-54]],[[5831,8819],[0,90],[-54,64],[-3,37],[48,73],[29,21],[26,60]],[[5877,9164],[191,-73],[21,72],[65,23],[24,-50],[70,-5],[29,-40],[237,16]],[[5877,9164],[13,57],[65,17],[-19,53],[7,54],[35,17],[-11,91]],[[5967,9453],[44,59],[8,78],[40,18],[62,-26],[27,-38],[60,-5],[54,18]],[[6262,9557],[32,-5],[68,100],[7,-54],[-45,-32],[-10,-53],[6,-63],[47,-32]],[[6262,9557],[85,94],[8,59],[39,91],[52,63],[10,104],[55,97]],[[6511,10065],[198,9],[0,72],[60,80]],[[6769,10226],[-46,-186],[18,-103],[47,-36],[14,-35],[11,-119],[40,-33],[7,-53],[-38,-48],[-58,-31],[-20,-44]],[[6769,10226],[105,28],[62,-14],[47,11],[65,-10],[28,-83],[84,37],[28,51],[53,6],[58,-12],[8,85]],[[7307,10325],[101,-13],[10,-92]],[[7418,10220],[-60,-14],[9,-102],[-1,-120]],[[7366,9984],[-75,-15]],[[7366,9984],[141,-39],[37,-49],[80,-19],[20,58],[113,1],[31,-12],[26,43],[28,2]],[[7418,10220],[46,-19],[48,13],[41,-14],[53,-44],[31,82],[-13,27],[99,61]],[[7723,10326],[42,-54],[11,-41],[79,-113],[44,18],[39,-31],[-2,-37],[-79,-25],[-15,-74]],[[7723,10326],[23,19],[76,-66],[41,11]],[[7863,10290],[73,-87],[76,-41],[27,-55],[31,-7]],[[8070,10100],[42,-8],[11,-45],[-48,-60],[8,-38]],[[8070,10100],[56,30],[42,-5],[138,27],[50,-19]],[[8356,10133],[29,-107],[34,-47],[-63,-103],[-34,-37],[29,-32],[-13,-50],[16,-42]],[[8356,10133],[60,11],[6,26],[80,55],[51,21],[-3,45],[95,16],[44,18],[-25,57],[42,39],[-9,53],[36,79],[75,93],[75,17],[5,57],[-29,48],[44,37],[66,19],[80,72],[31,4],[30,41],[39,15],[15,70]],[[9164,11026],[13,-18],[145,-33],[67,75],[50,25],[108,112],[16,44],[39,44],[41,-25],[70,-6],[53,-60],[47,-19]],[[9813,11165],[-19,-25],[-10,-75],[-111,-106],[7,-114],[-12,-36],[-64,-73],[-55,-45],[-53,-78],[-38,-12]],[[9458,10601],[-62,69],[-15,90],[-90,47],[-20,-15],[-45,-112],[-76,-25],[-5,-56],[-59,-39],[-10,-55],[-51,-52],[-20,-70],[-135,-56],[-5,-47],[-63,-85],[-28,-54],[-124,-61],[-50,97],[-19,-160],[46,-40],[12,-62]],[[9458,10601],[53,-72],[-6,-91],[-15,-26]],[[9490,10412],[-32,4],[-94,-65],[-23,-61],[18,-34],[11,-100],[-19,-45]],[[9490,10412],[44,-55],[107,47],[38,44],[36,69],[72,58],[42,-12],[65,22],[33,49],[110,77],[81,-34],[50,-5],[24,36],[35,4],[100,-31],[16,35],[47,35],[5,63],[37,46],[53,13],[12,79],[65,38],[71,-96],[2,-41],[40,-34],[3,-42]],[[10678,10777],[6,-64],[-66,-86],[-28,-53],[4,-53],[47,-1],[-6,-75],[-71,-1],[-37,-95],[-8,-69]],[[10519,10280],[-66,90],[-83,-49],[-36,-58],[-93,-35],[-34,-46],[-73,-32],[-65,1],[-43,-46],[-10,59],[-71,19],[-61,-34],[-24,35],[-31,-87]],[[10519,10280],[-36,-53]],[[10483,10227],[-42,-37],[-14,-61],[-30,-229],[7,-85],[50,-89],[10,-72]],[[10774,9265],[28,-81],[-27,-17],[-7,-75],[27,-30],[9,-49],[-97,-98],[-56,-28]],[[10897,9304],[21,-41],[-42,-51],[36,-68],[67,3]],[[10979,9147],[33,-27],[-41,-97]],[[10971,9023],[-39,-27],[11,-82],[29,-21],[-7,-96],[24,-40]],[[10989,8757],[-127,-2],[-62,-12],[-43,-52],[-49,8],[-32,33]],[[10971,9023],[46,31],[18,-36],[53,5],[2,-66],[21,-29],[45,-119]],[[11156,8809],[-1,-8]],[[11155,8801],[-10,-16],[-106,-9],[-50,-19]],[[10979,9147],[18,63],[42,-27],[30,23],[79,-26]],[[11148,9180],[-9,-54],[65,-112],[14,-147],[21,-38]],[[11239,8829],[-83,-20]],[[11148,9180],[46,29],[18,66]],[[11212,9275],[60,-40],[-13,-95]],[[11259,9140],[86,-29],[28,-57],[5,-88],[-54,-110],[4,-38]],[[11328,8818],[-19,-23],[-70,34]],[[10989,8757],[-18,-121],[-31,-65],[36,-77],[33,-40]],[[11009,8454],[-16,-19]],[[10993,8435],[-41,-65],[-129,-21],[-49,30],[-66,-20]],[[11155,8801],[-7,-129],[11,-43],[-20,-45]],[[11139,8584],[-44,-62],[-86,-68]],[[11328,8818],[28,-101],[-17,-102]],[[11339,8615],[-25,-32]],[[11314,8583],[-26,21],[-52,-19],[-47,14],[-50,-15]],[[11314,8583],[51,-122]],[[11365,8461],[-102,-53],[-42,-55],[0,-40],[-94,-48]],[[11127,8265],[-80,89],[-54,81]],[[11127,8265],[8,-37],[-4,-136]],[[11131,8092],[-14,8]],[[11117,8100],[-76,3],[-55,35]],[[10986,8138],[-103,58]],[[10883,8196],[-30,10],[-102,-18],[-18,41],[-75,-4]],[[10883,8196],[-42,-82],[-79,-69],[-56,-13],[-5,-116],[-75,-22],[-34,16]],[[10986,8138],[-75,-103],[45,-67],[-31,-91]],[[10925,7877],[-49,46],[-75,31],[-20,-74],[-146,-90],[-42,-55],[-82,-13]],[[11117,8100],[8,-77],[-21,-133],[20,-62],[57,-119],[-14,-94],[6,-37],[-28,-51]],[[11145,7527],[-52,-10]],[[11093,7517],[19,80],[-32,24],[-7,48],[-34,-1],[-109,79],[15,24],[-5,81],[-15,25]],[[11093,7517],[-24,9],[-106,-38],[-40,-40],[-29,33]],[[10894,7481],[-15,26],[-52,-21],[-13,32],[-208,58],[-35,37],[-57,7],[-44,76]],[[10894,7481],[-5,-41]],[[10889,7440],[-105,-10]],[[10784,7430],[-56,7],[-86,62],[-27,-4]],[[10784,7430],[-18,-34],[-13,-81],[-65,-116]],[[10688,7199],[-46,-145],[-33,-27]],[[10609,7027],[-25,4]],[[10584,7031],[-17,-3]],[[10567,7028],[4,110],[-34,105],[4,53],[-101,-24],[-83,-34]],[[10889,7440],[42,-25],[19,-78],[50,-94]],[[11000,7243],[-28,-44],[-88,-61],[-35,2],[-48,35],[-113,24]],[[10567,7028],[-149,-18],[-93,16],[-45,-20]],[[11000,7243],[46,-13],[65,-74],[55,-6],[29,-25]],[[11195,7125],[-17,-47],[-48,-38],[-80,16],[-84,42],[-80,-33],[-6,-61],[14,-74],[-24,-80],[-30,-49]],[[10840,6801],[-85,-5]],[[10755,6796],[-33,13],[-25,45],[-4,68],[-24,65],[-60,40]],[[10584,7031],[-12,-102],[-42,-150],[63,-145],[-152,-41],[-42,-77],[-55,-27],[25,-47]],[[10369,6442],[-66,-2],[-131,30]],[[10755,6796],[76,-35],[-1,-67],[-66,-102],[36,-66],[-3,-87],[-32,-22],[33,-39],[-13,-127],[-3,-152],[54,-87],[24,-10],[39,-81],[32,-19],[-5,-61],[23,-83],[-3,-39]],[[10946,5719],[-41,1],[-34,-54],[-47,-13],[-32,-73],[-92,-50]],[[10700,5530],[-48,-18],[-89,49],[5,75],[-80,-1],[-37,47],[17,48],[-6,121],[23,46],[34,6]],[[10519,5903],[16,83],[83,138],[0,57],[-17,76],[-46,37],[-37,83],[-36,43],[-58,35],[-55,-13]],[[10519,5903],[-78,25],[-84,-82],[-50,16],[-20,-19],[-66,-1],[-29,-36],[-123,-58]],[[10069,5748],[-30,42],[-81,2],[-47,-26],[-68,49]],[[9843,5815],[-46,62],[-23,101],[-64,85],[-41,15]],[[9843,5815],[-27,-87],[-26,-21],[-7,-125],[-23,-21],[-21,-67],[-50,-35],[-64,13],[-41,-43],[-103,102]],[[9481,5531],[-39,63],[-5,229],[-74,235],[-41,145]],[[9481,5531],[-42,-28],[-110,-44],[-37,-24],[-107,-4]],[[9185,5431],[-13,7],[-32,116],[-54,39],[-9,39],[-52,97],[-22,18]],[[9003,5747],[40,109],[57,57],[71,51],[-4,124],[16,41],[-30,44],[50,89]],[[9003,5747],[-1,-44],[-124,-86],[-14,-56],[-65,-45],[-16,-110],[16,-93]],[[8799,5313],[-20,45],[-6,75],[20,124],[35,119],[-103,24],[-25,36],[-64,18],[-67,-1],[-29,-36]],[[8540,5717],[-17,56],[-36,11],[-75,94],[14,35]],[[8799,5313],[-64,-32],[-31,-58],[-82,-1],[-41,-24],[-65,44],[-40,-10],[-47,33],[-51,-20],[-79,75],[-107,-9],[-75,14]],[[8117,5325],[196,71],[114,111],[55,45],[57,7],[72,60],[15,69],[-86,29]],[[8117,5325],[-96,78],[-75,74]],[[7946,5477],[-75,172]],[[7871,5649],[139,83],[73,68],[62,86],[96,21]],[[7871,5649],[-60,109],[-190,65]],[[7946,5477],[-109,-111]],[[7837,5366],[-135,-57],[-41,-61],[-51,-34],[-31,53],[12,63],[-46,70]],[[7545,5400],[-14,138],[90,285]],[[7545,5400],[-98,-18],[-64,7],[-33,32]],[[7350,5421],[34,24],[-62,33],[13,39],[-14,58],[78,42],[-20,118]],[[7379,5735],[38,154],[33,99],[34,32]],[[7379,5735],[-63,0],[-115,-55],[-164,5]],[[7037,5685],[-3,349],[13,243]],[[7047,6277],[180,-64],[28,-37],[54,1],[26,-56],[55,42]],[[7350,5421],[-17,-64],[-45,-10],[-77,-51],[-45,-16],[35,-143],[-63,-40],[-56,32],[-57,11]],[[7025,5140],[-7,136]],[[7018,5276],[-14,29],[11,75]],[[7015,5380],[20,165],[2,140]],[[7047,6277],[18,69]],[[7065,6346],[27,109],[31,54]],[[7015,5380],[-72,21],[-120,65],[-77,64],[-94,104]],[[6652,5634],[2,39],[38,131],[-88,33]],[[6604,5837],[0,71],[57,50],[-28,73],[64,63],[-17,53],[14,51]],[[6694,6198],[62,46],[199,88],[110,14]],[[6694,6198],[-101,14],[-36,-6],[-20,73],[-24,21]],[[6513,6300],[10,85],[56,52]],[[6579,6437],[25,-52],[177,84],[103,66],[98,166]],[[6604,5837],[-59,17],[-50,48],[-240,17]],[[6255,5919],[59,35],[77,90],[14,72]],[[6405,6116],[72,104],[36,80]],[[6579,6437],[-5,36],[73,156],[-91,9]],[[6556,6638],[47,42],[41,-2],[79,52],[8,37]],[[6405,6116],[-62,61],[-7,26]],[[6336,6203],[17,82],[-2,54],[26,82],[26,36]],[[6403,6457],[57,53]],[[6460,6510],[72,79],[24,49]],[[6460,6510],[-61,41]],[[6399,6551],[-30,69],[59,60],[24,59]],[[6452,6739],[52,8],[72,38],[0,101]],[[6576,6886],[121,16],[78,38]],[[6576,6886],[-58,94],[42,12],[-11,66],[-53,45]],[[6496,7103],[29,28]],[[6525,7131],[14,47],[122,88]],[[6452,6739],[-7,69],[-64,66],[-94,-4]],[[6287,6870],[14,38],[67,-6],[27,33],[23,72],[78,96]],[[6399,6551],[-122,62],[-8,-27],[-79,22],[-81,51],[-15,-6]],[[6094,6653],[-23,9]],[[6071,6662],[53,38],[16,63],[75,47],[58,16],[14,44]],[[6525,7131],[-113,-41],[-76,19],[-41,23],[-52,66],[38,16],[-57,82],[19,50]],[[6243,7346],[22,28],[48,-17],[21,49],[64,-4],[51,13],[62,41],[21,34]],[[6071,6662],[-427,174]],[[5644,6836],[72,19],[15,52],[46,32],[22,48],[-17,28],[32,100],[-24,39],[16,79]],[[5806,7233],[29,33]],[[5835,7266],[4,-1]],[[5839,7265],[23,-5],[100,29],[13,38],[43,-10]],[[6018,7317],[43,9],[55,-17],[83,44],[44,-7]],[[6018,7317],[133,39],[-12,50],[83,48],[-36,69],[27,42],[50,31],[-34,70]],[[6229,7666],[98,11]],[[5839,7265],[4,63],[-20,82],[33,112]],[[5856,7522],[66,0],[55,25],[162,101],[90,18]],[[5856,7522],[21,75],[-31,38],[22,34],[74,6]],[[5942,7675],[96,6],[8,32],[51,51]],[[5835,7266],[-32,62],[-76,23],[-26,34],[3,59],[52,70],[1,81],[-46,14],[-10,88]],[[5701,7697],[32,142]],[[5733,7839],[36,48],[88,-30],[51,11],[14,-83],[-55,-11],[15,-95],[60,-4]],[[5733,7839],[4,54],[-28,27]],[[5709,7920],[-1,97],[-32,39],[3,78],[-38,89],[20,37],[-6,54],[40,22],[14,86],[-2,69],[13,52],[-8,75]],[[5709,7920],[-86,40],[-16,-55],[-67,17],[-59,-17],[-42,-31],[-60,12],[-10,30],[-63,34],[-37,35],[-3,38],[31,87],[41,59],[-89,112],[-119,22],[-76,-13]],[[5054,8290],[2,168],[-7,49],[25,67]],[[5074,8574],[-24,30],[50,69],[26,11],[36,55]],[[5162,8739],[118,6],[75,31],[34,41]],[[5389,8817],[30,21],[51,-30],[82,-128],[34,-25],[86,-9],[26,37]],[[5389,8817],[-208,7],[-40,18],[-56,60],[-21,80]],[[5064,8982],[111,71],[68,10],[8,-52],[52,5],[33,103],[49,6],[113,-29],[47,-23],[19,-50],[45,-15],[69,10],[68,-5],[-8,-55],[30,-48],[17,-70],[-34,-72]],[[5064,8982],[-61,44],[-17,92],[-121,118],[-34,77]],[[4831,9313],[95,34],[30,-1],[42,-53],[53,-24],[146,-20],[70,42],[81,-28],[70,6],[47,-21],[36,22],[114,34],[113,-49],[21,-40],[98,32],[19,60],[-4,77],[56,33],[36,48]],[[5954,9465],[13,-12]],[[5954,9465],[1,45],[-65,64],[-16,38],[-9,92],[-33,60],[-20,161],[-31,26],[8,42],[-51,57],[-21,60],[-60,29],[-28,35],[-7,63]],[[5622,10237],[54,59],[-44,82],[-57,68],[25,27]],[[5600,10473],[15,-35],[62,-40],[115,-12],[94,-69],[188,-78],[48,-36],[27,-59],[11,-209],[-21,-148],[30,-88],[98,-121],[-5,-21]],[[5600,10473],[-4,57],[27,42]],[[5623,10572],[87,28],[60,6],[68,-10],[33,44],[63,20],[40,-52],[-26,-45],[58,-17],[17,38],[46,2],[96,-71],[42,45]],[[6207,10560],[53,-24],[-8,-47],[26,-59],[50,-61],[22,-76],[31,-30],[97,-15],[40,-89],[-16,-46],[9,-48]],[[6207,10560],[-20,35],[49,27],[45,-17],[29,36],[70,-11],[19,142],[31,23]],[[6430,10795],[50,13],[136,-14],[46,-53],[43,14],[212,-3],[26,-44],[55,-32],[87,-22],[42,-57],[-7,-43]],[[7120,10554],[13,-41],[58,-39],[75,0],[10,-110],[31,-39]],[[7120,10554],[39,12],[75,85],[8,38],[42,6],[103,71],[1,53],[47,27],[-15,90],[46,70],[-14,35],[-49,19],[-130,20],[-74,50],[-12,37],[-60,32],[-2,81]],[[7125,11280],[55,16],[36,-35],[65,-33],[52,-58],[122,9],[83,-68],[52,-21],[33,54],[56,-54],[114,40],[62,43]],[[7855,11173],[33,-109],[-4,-68],[54,-32],[58,13],[2,-96],[59,-82],[-43,-48],[22,-47],[36,-26],[-74,-119],[-48,-52],[-11,-41],[-38,-47],[-19,-66],[-31,-29],[12,-34]],[[7855,11173],[29,112],[29,57],[54,210]],[[7967,11552],[11,64]],[[7978,11616],[57,-1],[65,33],[73,-31],[149,88],[98,26],[147,-11],[110,31],[54,-15]],[[8731,11736],[-5,-43],[27,-60],[81,-23],[44,15],[3,-61],[-61,-43],[-57,-137],[2,-92],[91,-68],[74,0],[91,49],[58,-10],[21,-51],[89,-9],[35,-95],[-9,-51],[-51,-31]],[[9813,11165],[30,27],[116,51],[43,34]],[[10002,11277],[32,35],[69,4],[75,-25],[35,18],[44,67],[67,-17],[62,49],[112,-27],[26,-30],[-3,-63],[13,-46],[65,-52],[58,17],[50,-12],[29,43],[50,31],[79,-9],[78,16],[99,-25],[54,10],[40,-15]],[[11136,11246],[-12,-47],[-72,-93],[-24,-69],[-164,-131],[-73,-36],[-113,-93]],[[11136,11246],[13,36],[-22,55],[-47,39],[77,115],[-2,29],[64,-7],[7,43],[108,55]],[[11334,11611],[78,-4],[76,-57],[70,-6],[76,-62],[152,-83],[30,-83],[46,-79],[57,-61],[-1,-81],[32,-102],[-5,-61],[-22,-41],[122,0],[32,30],[65,15],[65,-5],[25,-18]],[[12232,10913],[0,-74],[-21,-36],[2,-58],[-79,-31],[-3,-69]],[[12131,10645],[-83,28],[-9,-46],[-32,-37],[-84,-40],[-112,11],[-44,22],[-35,-7],[-58,-108],[-10,-44],[23,-221],[-127,47],[-103,27],[-64,76],[-56,9],[-125,-49],[-54,4],[-74,-29]],[[11084,10288],[-104,-79],[-42,23],[-84,7],[-43,-30],[-58,83],[-34,15],[-197,-55],[-39,-25]],[[11084,10288],[15,-24],[61,35],[92,-164],[-96,-57],[-93,8],[-82,-14],[-56,-59],[-32,5],[-82,-46],[-66,-155],[-128,-51]],[[12131,10645],[-15,-88],[56,-58],[0,-66],[47,-53],[-12,-38]],[[12207,10342],[10,-44],[50,-66],[8,-120],[81,-82],[31,-50]],[[12387,9980],[-62,43],[-51,-31],[-40,43],[-95,39],[-41,-36],[-43,14],[-72,-72],[54,-37],[-9,-66],[-59,-5],[-16,-50],[-67,-16],[-44,58],[-39,-21],[41,-36],[51,-76],[2,-116],[49,-60],[2,-35]],[[11948,9520],[44,-120]],[[11992,9400],[4,-71],[-31,-48],[-59,20],[-64,-53],[-49,14],[-24,-57]],[[11769,9205],[-73,47],[17,105],[-36,4],[-33,43],[32,34],[-63,29],[-36,-29],[-42,-4],[-19,-31],[-39,23],[-79,16],[-46,-24],[-15,-71],[-64,38],[-52,-69],[-9,-41]],[[11769,9205],[-46,-61],[-15,-51]],[[11708,9093],[-449,47]],[[11992,9400],[68,24],[43,-94],[1,-42]],[[12104,9288],[-33,-12],[-136,-79],[-69,-77]],[[11866,9120],[-35,-21],[-123,-6]],[[11708,9093],[-24,-97],[27,-54],[28,-106],[28,-27]],[[11767,8809],[-13,-56]],[[11754,8753],[-126,11],[-14,77],[-98,40],[-54,-29],[-79,12],[-55,-46]],[[11866,9120],[18,-73],[51,-117],[55,-72]],[[11990,8858],[-67,-64],[-30,0],[-25,49],[-101,-34]],[[12104,9288],[19,-46],[106,-164],[4,-23]],[[12233,9055],[-5,-43],[-109,-52],[-42,8],[-34,-41],[13,-31],[-66,-38]],[[11754,8753],[45,-64],[29,-89]],[[11828,8600],[-94,-47],[-48,-3],[-75,52],[-44,14]],[[11567,8616],[-43,8],[-14,54],[-38,-20],[-62,31],[-38,0],[-33,-74]],[[12233,9055],[75,-120],[-24,-131]],[[12284,8804],[-68,10],[-46,-18],[0,-47],[-82,-9],[-52,-57],[-48,-26]],[[11988,8657],[-40,14],[-32,-17],[-70,-6],[-18,-48]],[[11567,8616],[9,-68],[-32,-111],[29,-117]],[[11573,8320],[-70,17],[-50,31]],[[11453,8368],[-88,93]],[[11988,8657],[30,-30],[-30,-45],[-87,-70],[-45,-10],[31,-50],[15,-87],[60,-52],[6,-64],[-40,-28],[-72,0],[0,-31]],[[11856,8190],[-3,-3]],[[11853,8187],[-42,49],[-77,41],[-161,43]],[[12284,8804],[0,-84],[-28,-35],[-4,-51],[23,-77],[64,-6],[25,-51],[65,-29]],[[12429,8471],[-105,-75],[-129,-101],[-55,-24],[-62,-88],[-17,-50],[-106,-23],[-62,40]],[[11893,8150],[-37,40]],[[11453,8368],[-22,-38],[-24,-87],[31,-102],[-27,-20]],[[11411,8121],[-47,-32],[-71,-18],[-19,24],[-143,-3]],[[11853,8187],[-83,-53],[-69,27],[-63,-69],[-51,-29],[-52,0],[-6,-65]],[[11529,7998],[-22,-27]],[[11507,7971],[-58,10],[-43,39],[-11,48],[16,53]],[[11893,8150],[11,-63],[32,-43],[88,-42],[63,-9]],[[12087,7993],[-61,-108]],[[12026,7885],[-48,-20],[-40,14],[-89,2],[-63,30],[-64,70],[-66,21],[-65,-13],[-62,9]],[[11507,7971],[-49,-114],[26,-52],[68,-36],[23,-69],[3,-85],[-47,-93]],[[11531,7522],[-33,9],[-54,-18],[-86,-8],[-66,6]],[[11292,7511],[-55,-2],[-44,35],[-48,-17]],[[12026,7885],[71,-106],[-67,-25],[56,-85],[-4,-23],[43,-48],[-51,-7],[-27,-43],[-24,-87],[4,-62],[-54,-5],[-50,-37],[-38,27],[-87,-62],[15,-42],[34,-19],[15,-51]],[[11862,7210],[-32,-49]],[[11830,7161],[-25,68],[-65,55],[-17,35],[-115,55],[-77,148]],[[11292,7511],[40,-75],[3,-36],[49,-62],[36,-20],[27,-169],[-12,-45],[-45,-36],[-41,8],[-13,-59]],[[11336,7017],[-141,108]],[[11830,7161],[-12,-61],[-46,-44],[-78,-25],[-17,-40],[21,-70],[-12,-28],[-97,-58],[-8,-47],[-51,-34],[-43,-8]],[[11487,6746],[-50,14],[-29,44],[-68,25]],[[11340,6829],[10,107],[-14,81]],[[11340,6829],[0,-67],[-150,-25],[-24,-27],[-95,7],[-88,40],[-53,-10],[-25,28],[-65,26]],[[11487,6746],[140,-11],[-34,-67],[-63,-10],[-38,-67],[21,-79],[0,-56],[-20,-36],[21,-37],[89,1],[-11,-30],[36,-51],[-32,-62],[17,-43],[49,-62]],[[11662,6136],[-53,-71]],[[11609,6065],[-42,16],[-94,80],[-81,4],[-40,-33],[-14,-76],[-61,-2],[-14,-40],[-70,-52],[-18,-32],[-86,-54],[24,-35],[-43,-33],[-7,-33],[-83,-28],[-34,-28]],[[10700,5530],[28,-66],[51,-19],[11,-138],[-47,-42],[-8,-50],[116,-80],[64,-91],[7,-32],[45,-15],[-26,-56],[67,-33],[2,-28],[-69,-72],[11,-63]],[[10952,4745],[-33,-87],[8,-36],[-70,-97]],[[10857,4525],[-7,33],[-43,27],[-107,100],[-18,57],[-33,40],[-48,24],[-106,104],[-92,109],[-16,30],[-145,76],[-19,-35],[-48,-32],[-26,21],[-87,-46],[-52,-9],[-80,25],[20,35]],[[9950,5084],[89,13],[39,59],[-8,73],[-37,27],[41,69],[18,53],[-26,68],[-3,83],[-47,50],[20,60],[36,25],[-3,84]],[[9950,5084],[28,69],[-84,40],[-4,-28],[-75,1],[-81,-59],[-44,-19],[-13,-34],[-45,-41],[-65,-13],[-14,52],[-44,-3],[-93,-58],[-64,-8],[-47,14],[-51,47]],[[9254,5044],[-86,118],[18,46],[-26,74],[43,72],[-18,77]],[[9254,5044],[-101,-6],[-37,-13],[-23,-44],[-18,-179],[-30,-27],[-14,-78],[54,-57],[-3,-119],[26,-87]],[[9108,4434],[-131,-73],[-75,-30],[-136,-43],[-89,26],[-111,92],[-21,7]],[[8545,4413],[-42,133],[-265,321],[-6,15]],[[8232,4882],[-52,118],[4,17],[-21,142],[-46,166]],[[8232,4882],[-55,-30],[-67,-84],[-24,-90],[-7,-165],[-70,-50],[-99,-17],[-63,-21],[-39,-37],[-47,15],[-48,46],[-15,-29],[-110,-29],[-6,73],[-60,-4],[-34,40],[-8,63],[-35,1]],[[7445,4564],[-25,63],[1,45],[93,207],[86,86],[107,89],[77,123],[53,131],[0,58]],[[7445,4564],[-64,0],[-2,28],[-126,-3]],[[7253,4589],[-17,161]],[[7236,4750],[1,120],[69,148],[52,82],[169,229],[18,71]],[[7236,4750],[-25,21],[-106,7],[-60,-8]],[[7045,4770],[5,81],[-31,108],[6,181]],[[7018,5276],[-53,-89],[-32,-26],[-66,-22],[-143,1],[-73,28],[-59,-10],[-77,-32],[-56,-73],[-7,-36],[-43,-67]],[[6409,4950],[-49,40],[-59,-8],[-30,45],[-51,-6],[-11,26],[-95,53],[-14,60],[-84,34],[5,58],[-42,66],[1,31],[50,37],[31,91]],[[6061,5477],[140,2],[40,18],[88,-10],[58,92],[-5,23],[61,43],[81,13],[128,-24]],[[6061,5477],[18,39],[-25,111],[20,55]],[[6074,5682],[46,6],[21,33],[46,-3],[16,63],[55,64],[-3,74]],[[6074,5682],[11,64],[-10,62],[-70,18],[-60,42],[65,37]],[[6010,5905],[85,10],[16,69],[-15,69],[74,-33],[65,-10],[101,193]],[[6010,5905],[-77,133],[-3,22]],[[5930,6060],[9,-3]],[[5939,6057],[54,27],[27,66],[36,35],[54,15],[123,209],[80,52],[90,-4]],[[5939,6057],[23,104],[63,132],[15,112],[-6,60],[21,19],[39,169]],[[5930,6060],[-109,-40],[-79,-12],[-83,29],[-39,58],[2,72],[-60,36],[-82,-37],[-87,-16],[-56,-31]],[[5337,6119],[-24,67],[22,93],[-75,38],[7,44],[67,51],[-27,53],[59,47],[26,55],[99,62],[102,132],[-26,54],[77,21]],[[5337,6119],[-66,-11],[-33,-59],[-71,41],[-76,0]],[[5091,6090],[39,123],[19,115],[30,73],[26,129],[-48,24],[-35,-23],[-30,-114],[-49,-13],[-12,35],[0,125],[-18,76],[102,-34],[65,44],[-81,94],[66,75],[111,16],[47,47],[8,49],[69,20],[30,45]],[[5430,6996],[39,50],[44,-14],[40,33],[74,35],[56,103],[39,-6],[33,36],[51,0]],[[5091,6090],[-64,19],[-98,-31],[-28,62],[-47,45],[-53,20],[-36,61],[-52,12],[-44,53]],[[4669,6331],[-52,1],[-28,-36],[-50,17],[-61,-23],[-38,107],[-45,-10],[-109,31],[-49,42]],[[4237,6460],[1,92],[79,126],[43,31],[27,43],[-28,31],[39,116],[80,32],[11,34],[60,-12],[47,36],[52,14],[57,50],[2,37],[65,11],[36,-20]],[[4808,7081],[119,-36],[21,10],[77,92],[51,15],[7,31],[43,23],[39,-123],[107,-10],[11,-35],[60,-21],[34,-52],[53,21]],[[4808,7081],[-6,87],[-144,175],[54,57],[-129,47],[-14,79],[5,62],[39,63],[-2,78],[55,64],[24,105]],[[4690,7898],[158,60]],[[4848,7958],[9,-70],[37,5],[19,-43],[33,13],[66,-93],[113,-42],[51,-47],[34,24],[110,-17],[-1,75],[97,6],[34,12],[66,-66],[93,-56],[52,-1],[40,39]],[[4848,7958],[10,75],[64,1],[-20,110],[110,1],[60,59],[-18,86]],[[4690,7898],[-80,23],[-157,-20],[-63,25],[-54,70]],[[4336,7996],[27,25],[36,91]],[[4399,8112],[32,42],[45,12],[50,-18],[101,12],[39,29]],[[4666,8189],[28,-42],[71,15],[78,67],[64,-26],[72,31],[75,56]],[[4666,8189],[-39,9],[19,72],[-21,61],[-43,61],[34,77],[-5,57],[-30,67]],[[4581,8593],[-95,27],[-60,33],[-27,34],[-50,-41],[-78,61],[15,55],[-16,33],[-84,-44],[-31,7]],[[4155,8758],[85,45],[213,68]],[[4453,8871],[76,2],[65,-17],[63,-41]],[[4657,8815],[-34,-148],[90,-91],[4,-36],[35,-34],[74,-29],[153,84],[61,-13],[34,26]],[[4399,8112],[-30,63],[-38,0],[-62,75],[-25,76],[29,40],[-16,67],[-60,68],[-2,26]],[[4195,8527],[78,1],[63,-31],[61,39],[45,7],[46,32],[93,18]],[[4657,8815],[28,19],[102,-42],[108,7],[65,81],[65,-14],[-22,-76],[71,-33],[67,32],[21,-50]],[[4195,8527],[0,67],[-30,40],[-69,-15],[-32,49],[0,121]],[[4064,8789],[91,-31]],[[4453,8871],[-21,32],[-62,37],[65,18],[-28,60],[-40,39],[-76,16],[22,56]],[[4313,9129],[95,13],[94,-8],[72,21],[6,61],[77,22],[14,120],[-9,37],[48,46],[59,-15],[5,-41],[57,-72]],[[4064,8789],[-23,-8],[-166,101],[-36,43],[-137,-3],[-57,24],[-52,62],[-60,24]],[[3533,9032],[31,59],[69,26],[57,54],[-3,42],[94,18],[95,2],[97,-39],[48,23],[19,-28],[52,29],[53,-9],[23,-27],[105,0],[40,-53]],[[3533,9032],[1,-44],[-79,-10],[-129,-51],[-69,16],[-65,-73],[-74,12]],[[3118,8882],[-35,-3],[-81,45],[-21,27],[12,50],[-49,40],[-70,114],[-40,97],[-62,13],[30,62],[37,23],[-37,87],[31,23],[38,85],[9,84],[-33,55],[41,121],[-61,68],[-75,15],[-38,48],[-63,0],[-45,-20],[-29,24],[-17,51],[-64,38]],[[2496,10029],[106,-3],[113,50],[84,4],[82,-18],[57,29],[117,5],[52,22],[105,-54],[33,-7],[172,112],[64,53],[36,60],[14,80],[24,49],[111,15],[46,-15],[34,29],[5,50],[31,33],[65,22],[5,26],[-57,33],[-95,5],[37,36],[34,64],[37,18],[95,-5],[22,48],[34,-11],[12,59],[46,1],[53,-33]],[[4070,10786],[22,-37],[49,14],[88,-11],[64,36],[-5,-62],[56,-24],[60,-72],[52,-36],[155,2],[90,22],[-1,32],[87,-4],[131,-78],[23,1]],[[4941,10569],[101,22],[57,-4],[-2,-85],[41,-13],[10,-40],[-28,-100],[41,-5],[33,-34],[69,-35],[57,-13],[77,-86],[30,3],[54,-77],[34,7],[10,81],[77,50],[20,-3]],[[4941,10569],[-13,43],[56,53],[5,61],[20,42],[7,67],[55,46],[50,63],[-22,60],[-95,-9],[-72,78],[-176,-4],[-112,137],[9,128],[115,12],[60,-39],[8,64],[146,40],[60,46],[127,-28],[71,20],[47,56],[9,39],[-11,92],[82,16],[35,37],[-20,54],[-67,22],[113,84],[55,-68],[35,21],[63,-12]],[[5581,11790],[22,-3],[6,-90],[21,-4]],[[5630,11693],[-17,-722],[10,-399]],[[5630,11693],[23,-78],[29,-42],[53,-3],[56,19],[56,-35],[30,0],[63,-43],[9,-49],[111,-17],[70,26],[53,-89],[41,-2],[37,39],[5,50],[-17,49],[8,59],[58,41],[57,2]],[[6372,11620],[88,-264],[53,8],[63,-132],[-14,-127],[-97,-96],[-7,-65],[-58,-8],[32,-114],[-2,-27]],[[6372,11620],[101,3]],[[6473,11623],[0,17],[104,51],[13,38],[62,28],[11,-29],[66,-72],[24,-67],[48,-64],[-16,-184],[6,-44],[293,-26],[41,9]],[[6473,11623],[-301,175],[-23,44],[37,22],[56,0],[11,143],[-5,138],[-45,12],[0,43],[149,167],[66,55]],[[6418,12422],[46,-15]],[[6464,12407],[10,-67],[30,-44],[40,12],[46,-52],[5,-33],[61,1],[26,-78],[471,0],[47,46],[42,71],[73,-20]],[[7315,12243],[57,-68],[154,-118],[123,-118],[15,-25],[-75,-68],[-25,-80],[-10,-79],[77,-54],[64,16],[72,-27],[142,-7],[58,-63]],[[8731,11736],[17,18],[84,3],[56,30],[36,88],[-21,50],[81,27],[48,28],[-10,60],[17,19],[-27,87],[-63,19],[-3,31],[102,23],[-7,65],[47,17],[55,-11],[82,-68],[76,13]],[[9301,12235],[44,16],[46,52],[58,7],[38,-53],[-27,-37],[84,-28],[92,-54],[-18,-82],[44,-13],[48,14],[53,39],[-19,53],[41,37],[47,-45],[32,6],[5,55],[44,21],[113,11],[48,-41],[-37,-29],[-48,-5],[-82,-46],[47,-102],[-52,-90],[21,-91],[-27,-88],[-42,-12],[-48,-57],[-59,-30],[-38,-68],[29,-60],[89,-76],[53,-58],[122,-104]],[[12232,10913],[8,63],[-46,68],[27,97],[72,30],[111,93],[8,45],[75,73],[82,37],[29,34],[11,62],[34,9],[6,52],[29,48]],[[12678,11624],[45,0],[73,84],[22,-15],[57,40],[161,72],[44,-24],[76,52],[46,-28],[45,-3],[47,-94],[-22,-32],[28,-35],[72,-26],[13,-36],[-43,-25],[28,-121],[-20,-128],[9,-72],[-24,-25],[4,-133]],[[13339,11075],[-254,27],[-10,-18],[15,-100],[-36,-47],[-184,15],[-101,-13],[-16,-74],[-92,4],[4,-23],[90,-183],[2,-31],[-204,-74],[-1,-34],[-85,14],[-95,-58],[-41,-50],[-11,-44],[-40,-31],[-73,-13]],[[13339,11075],[83,-97],[199,-205]],[[13621,10773],[-211,-107],[-69,-42],[-69,-10],[-36,-20],[-235,-50],[36,-78],[-67,-54],[69,-99]],[[13039,10313],[-41,-51],[-4,-52],[-54,-17],[-86,22],[-67,-12],[-102,16],[-151,50],[-31,-6],[-46,-45],[-8,-69],[-70,0],[31,-56],[-23,-113]],[[13039,10313],[30,-10],[24,-84],[96,-13],[24,-36],[60,-40],[32,-39]],[[13305,10091],[-51,-64],[-16,-53],[-76,-74],[-42,-4],[-172,-41]],[[12948,9855],[-64,-15],[-70,-42],[-154,-136],[-71,-68],[-79,-60],[-123,-28],[-56,5],[-160,34],[-124,-5],[-99,-20]],[[13621,10773],[23,-14],[72,-89],[97,-76],[50,-20],[38,-80],[83,15],[27,-9]],[[14011,10500],[-38,-58],[15,-90],[-90,-53],[-3,-32],[-58,-53],[-14,-57],[-41,-2],[-63,-50],[-38,1]],[[13681,10106],[-38,10],[-15,-55],[-36,-20],[-32,15],[-76,-31],[-75,10],[-65,77],[-39,-21]],[[12948,9855],[70,-63],[-13,-93],[19,-49],[-21,-107],[-41,-58],[-11,-77],[-38,-19],[-107,52],[-57,-42],[-58,49],[-70,-23],[27,-103],[46,-14],[52,23],[83,-68],[-27,-84]],[[12802,9179],[-48,-76],[-5,-63],[32,-61],[56,-26],[-21,-34]],[[12816,8919],[-143,-30],[-134,-14],[-41,15],[-25,39],[-189,-125]],[[13681,10106],[0,-28]],[[13681,10078],[-13,-72],[-20,-6],[5,-99],[-31,-41],[9,-70],[-50,-45],[-21,-59],[-67,-36],[-50,-10],[33,-125],[65,-148],[-3,-70],[-81,-4],[-56,-84],[34,-44]],[[13435,9165],[-110,-85],[-47,-17],[-78,12],[-35,47],[-43,13],[-43,-18],[-113,16],[-37,20],[-127,26]],[[13681,10078],[294,-214],[44,-37],[21,-97],[24,-252],[42,-92],[78,-55],[56,-26],[-4,-162],[58,-12],[38,-98],[-14,-48],[12,-39],[39,-11]],[[14369,8935],[100,-42],[-62,-135],[-17,-55],[-3,-100]],[[14387,8603],[-122,-33],[-63,10],[-68,-36],[-72,2],[-33,-92],[-42,-25],[-59,-7]],[[13928,8422],[1,45],[-46,43],[-24,-22],[-60,27],[-30,-26]],[[13769,8489],[-164,47],[-16,35],[-48,-15],[-45,34],[-33,-16],[-21,478],[-7,113]],[[12816,8919],[28,-89],[27,-39],[-35,-61],[-15,-61],[13,-28],[-14,-67]],[[12820,8574],[9,-38],[-33,-39],[-3,-112],[-84,-63]],[[12709,8322],[-39,8],[-54,-16],[-57,48],[-47,-30],[-51,-85],[-28,2]],[[12433,8249],[30,61],[-13,93],[-21,68]],[[13769,8489],[15,-57],[-66,-4],[-11,-56],[-34,-31]],[[13673,8341],[-160,-5],[-6,112],[-269,-30],[-43,12],[-375,144]],[[12433,8249],[-13,-35],[17,-57],[37,-67],[-50,-107],[-33,-27]],[[12391,7956],[-83,13],[16,-89],[-41,-14],[-84,19],[-112,108]],[[12709,8322],[-15,-40],[-46,-34],[10,-52],[-34,-90],[4,-114],[-70,-88],[-37,-82],[-49,0]],[[12472,7822],[7,82],[-30,69],[-58,-17]],[[13673,8341],[-9,-55],[-132,-11],[-1,-222],[-57,-90],[-59,-47],[-23,-39]],[[13392,7877],[154,-159]],[[13546,7718],[-88,-103],[-88,-131],[-9,-43],[-42,-79],[-53,-75],[-18,37],[-62,20],[-49,70],[10,180],[-49,41],[-40,-41],[-105,-11],[-57,41],[-15,41],[-66,46],[-83,27],[-20,80],[-22,15],[-22,71],[-60,-67],[-75,-32],[-48,-49],[-30,11]],[[12455,7767],[17,55]],[[13928,8422],[13,-56],[41,-30],[52,12],[87,-97],[0,-45],[67,-79],[104,-57],[45,-67],[-17,-88],[-41,-62],[35,-82],[39,-54]],[[14353,7717],[-61,-72],[-28,-82],[-45,-14],[-33,-93],[-91,125],[-111,51],[-77,56],[-1,47],[-262,115],[-252,27]],[[12455,7767],[-30,-69],[-77,-8],[-14,-62],[-43,-66],[-29,-108],[-61,-128],[-17,-64],[-70,-33],[-41,-35],[-20,-57],[-25,-8]],[[12028,7129],[-13,37],[-67,43],[-86,1]],[[13546,7718],[103,-95],[62,-79],[35,-67],[22,-171],[16,-39],[63,-48],[-36,-65],[2,-71],[-47,-135],[54,-89],[51,-106],[-11,-45],[51,-81],[-1,-57],[-50,-63],[26,-21],[-27,-71],[2,-111],[-39,-10],[-63,-138],[-33,-125],[-70,-16],[-14,-29],[-57,-13],[-9,-37],[-46,-32],[-71,-18],[-63,-34],[-72,-76],[-40,-25],[41,-93],[-17,-71],[20,-45],[-27,-97],[-66,-47],[-3,-26],[-69,-62],[-22,-66],[-65,-76],[-114,-60],[-20,12]],[[12942,5120],[45,33],[25,51],[-18,34],[-37,2],[-50,43],[-10,45],[-42,46]],[[12855,5374],[18,65],[-18,79],[8,80],[45,154],[-32,33],[-39,-12],[7,-57],[-40,-34]],[[12804,5682],[-18,70],[4,131],[-69,91],[12,134],[-34,80],[-94,53],[-78,106],[-60,37],[-77,76]],[[12390,6460],[28,35],[34,129],[27,8],[3,65],[-19,38],[15,74],[-53,-2],[-90,-72],[-52,-9],[-81,50],[-50,-14],[-45,94],[-19,105],[-48,95],[-12,73]],[[12028,7129],[-58,-55],[-21,-47],[-51,-53],[-20,-64],[-7,-83],[-65,-96],[-17,-67],[22,-59],[-4,-50],[27,-49],[32,-111],[33,-75],[-16,-57],[-41,14],[-23,-33],[-69,-40],[-31,-3],[-24,-54],[-33,-11]],[[12390,6460],[-33,12],[-83,-77],[-9,-54],[-62,0],[14,-48],[-11,-56],[-41,-66],[-51,1],[-27,-59],[-8,-112],[81,-40],[10,-39],[-32,-112]],[[12138,5810],[-32,-34],[-108,34],[-86,2],[-23,-33],[-49,3],[9,140],[-98,1],[-74,-46],[-22,49],[-37,23],[-16,59],[7,57]],[[12804,5682],[-32,58],[-51,-33],[8,-74],[-71,-58],[-48,-25],[-40,27],[-51,-27],[-70,-12],[-49,59],[-102,90],[-77,-49],[-52,33]],[[12169,5671],[37,43],[-70,53],[2,43]],[[12169,5671],[-27,-38],[-83,57],[-43,-27],[-8,-62],[40,-52],[-25,-90],[-104,-32],[-22,37],[-78,-15],[-5,-46],[-41,-69],[-49,8]],[[11724,5342],[-96,-44],[-78,-49],[26,-75],[-5,-33],[-43,-71],[-19,-87],[18,-89],[-21,-34],[-133,-35],[-15,-51]],[[11358,4774],[-96,-38],[-68,27],[-58,-65],[-33,17],[-52,-21],[-73,55],[-26,-4]],[[10857,4525],[41,-37],[73,-25],[22,-53]],[[10993,4410],[-97,-81],[-135,-76],[-131,16],[-69,-13],[-158,-72],[-152,-45],[-122,-9],[-195,-38],[-156,3],[-129,22],[-103,30],[-84,46],[-217,184],[-77,89],[-60,-32]],[[8545,4413],[-12,-145],[6,-44],[-15,-286],[-107,-121],[-45,-95],[3,-121]],[[8375,3601],[-65,-22],[-218,-102],[-79,-26],[-38,4],[-65,37],[-197,6],[-111,-81],[-78,17],[-50,126],[-5,116],[-25,87],[-63,143],[-6,40],[41,160],[-31,113],[-132,370]],[[8375,3601],[21,-116],[1,-68],[35,-46],[74,-29],[133,-94],[-9,-136],[12,-45],[-10,-129],[-15,-44],[14,-132],[25,-50],[-4,-53],[18,-48],[80,-37],[-27,-30]],[[8723,2544],[-113,-15],[-188,-41],[-139,-36],[-7,57],[-41,102],[-69,82],[-34,66],[-17,69],[-463,22],[-236,4],[-356,123],[-79,23],[-69,36],[-113,31],[-232,76],[-66,30],[-90,-23],[-52,2],[-52,28]],[[6307,3180],[1,161],[-47,71],[6,82],[-16,34],[20,44],[65,-29],[140,16],[24,58],[5,60],[-23,50],[23,70],[-61,72]],[[6444,3869],[48,46],[-49,69],[16,45],[0,69],[38,47],[25,80],[-2,74],[-32,46],[-29,74],[72,28],[55,60],[38,-11],[77,9],[41,64],[47,21],[50,66],[110,43],[96,71]],[[6444,3869],[-16,14]],[[6428,3883],[-107,83],[-118,73],[-123,30],[-85,0],[-72,49],[26,47],[2,51],[62,32],[22,84],[76,88],[-33,79],[-2,54],[35,80],[131,77],[67,64]],[[6309,4774],[60,25],[45,40],[9,56],[-14,55]],[[6428,3883],[-54,-69],[-99,-20],[-41,-63],[-11,-88],[-51,-19],[-80,53],[-44,1],[-177,-20],[-25,-48],[-14,-81],[5,-102],[-19,-12],[2,-75],[-53,-18],[-64,-48],[-25,46],[-69,-2],[-11,-33],[-59,-18],[-4,-83],[-43,-34],[-78,88],[-22,89],[10,56],[-38,21],[-92,-1],[-59,28],[-50,-67]],[[5163,3364],[-56,-4],[-48,44],[-66,-29],[-63,27],[-22,-11],[-50,38],[-7,29],[-62,29],[-20,41],[-54,44],[-87,9],[-61,68],[98,43],[38,73],[44,46],[-34,65],[4,75],[67,20],[21,113],[-31,45],[-8,67],[31,65],[54,14]],[[4851,4275],[48,4],[102,-80],[101,21],[23,26],[-2,74],[40,7],[25,-29],[42,4],[10,45],[52,42],[22,42],[4,57],[69,28],[7,55]],[[5394,4571],[62,-28],[57,33],[53,95],[45,36],[10,33],[73,24],[56,-31],[47,25],[71,-7],[71,-44],[52,-3],[60,51],[36,3],[50,43],[139,-13],[33,-14]],[[5394,4571],[13,60],[-14,70],[11,69],[-14,63],[-40,27],[-7,35],[49,36],[-130,124],[-43,17],[-51,-119],[-80,34],[-60,6],[-58,90],[-60,9],[-32,32],[-6,47],[-68,-25],[-4,123],[25,33],[-21,39],[10,70],[-41,9],[-35,91]],[[4738,5511],[14,12],[157,250],[75,69],[107,248]],[[4851,4275],[0,34],[-52,9],[-36,69],[-63,-43],[-115,-46],[-71,2],[-14,54],[-60,30],[-12,27],[-88,49],[12,-105],[-54,51]],[[4298,4406],[10,39],[-42,86],[-2,47],[192,318],[28,187],[48,100],[65,242],[141,86]],[[4298,4406],[-23,86],[-80,9],[-20,33],[-139,36],[-43,30],[-12,47]],[[3981,4647],[19,32],[-32,93],[33,9],[61,88],[-20,81],[19,54],[35,15],[-41,50],[-10,53],[-38,53],[13,83],[23,41],[58,38]],[[4101,5337],[81,56],[69,9],[83,85],[33,18],[52,102],[28,29],[25,154],[23,22],[-15,60],[49,137],[-6,64],[41,56],[-10,64],[37,83],[30,-9],[48,64]],[[4101,5337],[28,55],[-2,39],[-30,32],[-110,78],[2,52],[-50,16],[-24,88],[6,60],[-44,28],[34,68],[22,104],[47,-9],[46,31],[65,-4],[46,46],[-21,62],[-58,39],[47,72],[5,77],[32,84],[-32,67]],[[4110,6422],[59,28],[68,10]],[[4110,6422],[-87,55],[-59,22],[-84,-60],[-65,-1],[-44,-27],[-29,31],[-106,-5],[-37,59],[21,60],[-59,21],[-46,-30],[-88,-7],[-142,33],[-33,-9]],[[3252,6564],[-88,77],[20,41],[8,149],[36,55],[-20,32],[9,116],[-20,95],[19,41],[-11,53],[-31,49]],[[3174,7272],[64,7],[33,29],[17,65],[46,5],[94,-25],[109,36],[67,-19],[63,89],[-6,78],[17,29]],[[3678,7566],[110,60],[29,95],[90,75],[7,70],[191,108],[77,5],[33,-20],[50,26],[71,11]],[[3678,7566],[-28,18],[-96,130],[-37,4],[-61,-66],[-62,67],[-93,41],[-54,12],[-34,47],[-53,-3],[-27,59],[62,60],[40,12],[50,128],[1,54],[38,66],[31,20],[-76,99],[-63,-26],[-44,-36],[-54,-20],[-76,-8],[-15,-27],[10,-55],[-44,-39],[-41,40]],[[2952,8143],[-40,53],[-39,1],[-22,44],[-14,89],[15,84],[107,47],[115,26],[60,32],[33,37],[-19,46],[-36,15],[-32,41],[9,95],[46,83],[-17,46]],[[2496,10029],[35,28],[10,88],[-47,90],[-48,18],[1,92],[26,7],[35,59],[-37,137],[45,29],[0,48],[-57,80],[-34,85],[14,56],[54,33],[27,62],[45,-14],[50,37],[-15,73],[-113,61],[-1,58],[-23,40],[7,61],[-46,103],[131,55],[58,50],[73,-8],[42,28],[35,-14],[49,42],[6,27],[108,48],[100,-13],[31,82],[52,21],[34,-36],[126,8],[113,69],[33,-14],[54,64],[63,11],[30,34],[55,-69],[59,10],[77,36],[24,-18],[52,13],[70,72],[24,-37],[42,30]],[[3965,11851],[-8,-8],[2,-381],[-37,-33],[-33,-69],[8,-61],[33,-16],[61,-78],[12,-53],[51,36],[24,93],[36,11],[37,-27],[114,16],[52,52],[63,-52],[48,-11],[39,-35],[2,-78],[-13,-42],[-50,-43],[-65,5],[-8,-36],[-81,-62],[-96,-26],[-63,8],[-18,-34],[-43,-12],[38,-129]],[[3965,11851],[20,49],[60,94],[71,16],[48,54],[55,-43],[33,27],[55,-15],[60,15],[41,-9],[64,24],[18,29],[45,13],[29,48],[80,20],[44,76],[11,71],[33,21],[93,12],[17,71],[37,32],[40,-3],[42,71],[24,-31],[49,18],[31,-58],[37,-2],[90,-34],[94,37],[107,-87]],[[5393,12367],[-29,-43],[-37,-14],[32,-183],[66,-33],[23,-64],[39,-21],[45,13],[105,-53],[6,-31],[-67,-78],[29,-16],[-24,-54]],[[5393,12367],[58,26],[-9,83],[59,31],[147,-22],[86,-32],[18,29],[-7,60],[102,26],[14,38],[43,33],[-8,113],[15,101],[128,-52],[15,-68],[23,-38],[50,6],[63,35]],[[6190,12736],[78,-118],[2,-50],[62,-95],[86,-51]],[[6190,12736],[2,59],[36,43],[46,26],[35,-35],[75,-17],[59,4],[63,24]],[[6506,12840],[-28,-119],[-6,-111],[-15,-69],[16,-75],[-9,-59]],[[6506,12840],[88,78],[66,-39],[29,46],[49,34],[40,-6],[36,-33],[60,-13],[29,17],[35,-33]],[[6938,12891],[62,-74],[-31,-50],[18,-49],[84,-4],[43,30],[37,-38],[24,-92],[58,14],[103,-55],[-20,-135],[37,8],[72,-24],[141,-6],[101,24]],[[7667,12440],[-70,-70],[-24,-50],[-46,13],[-76,-1],[-23,-40],[-51,-39],[-62,-10]],[[6938,12891],[112,70],[65,-13],[52,-42],[60,-1],[97,43],[75,-17],[50,-29],[-10,-37],[63,-40],[58,33],[43,-16],[52,20],[54,-48],[55,-20],[61,82],[41,-3],[44,-34],[99,-11],[53,-22],[56,7],[16,35],[95,40],[29,2],[61,-42]],[[8319,12848],[-45,-55],[-81,-28],[-76,-71],[-108,-13],[-33,11],[-38,-26],[-134,-44],[0,-23],[-80,-9],[-33,-68],[-76,-11],[-15,-35],[67,-36]],[[8319,12848],[15,-1]],[[8334,12847],[-2,-95],[-58,-13],[-44,-41],[-10,-40],[-50,-56],[8,-39],[-91,-19],[-44,-22],[-39,7],[-28,-49],[22,-31],[98,-25],[30,-64],[60,22],[16,-141],[108,-68],[36,-39],[-5,-63],[-81,-35],[-4,-33],[-57,-11],[17,-100],[-103,-55],[-126,-31],[0,-50],[40,-57],[-44,-34],[-5,-49]],[[8334,12847],[43,18],[55,-33],[69,33],[43,-4],[2,211],[67,53],[-9,49],[20,63],[35,34],[-6,52],[93,37],[44,-26],[32,-124],[22,6]],[[8844,13216],[46,-65],[19,-69],[64,-70],[-24,-82],[20,-42],[135,-153],[10,-64],[-45,-200],[-44,-90],[70,-63],[34,35],[58,-48],[67,0],[47,-70]],[[8844,13216],[19,6],[90,-35],[64,-2],[74,34],[43,37],[100,-3],[100,-15],[59,-47],[92,24],[90,-10],[11,-68],[84,-24],[73,14],[115,-5],[53,-15],[84,54],[51,13],[68,-2],[1,-105],[24,-98],[51,3],[103,27],[31,-73],[65,-12],[58,-28],[18,-35],[66,-71],[55,-32],[10,-67],[41,-9],[34,-49],[6,-49],[47,-26],[23,-86],[104,22],[56,47],[-18,89],[32,19],[63,-45],[89,50],[140,-47],[43,-43],[27,-55],[-41,-56],[82,-85],[44,-22],[21,-33],[-6,-56],[35,-51],[-6,-45],[28,-73],[33,-28],[24,-76],[55,-13]],[[11552,11961],[-30,-37],[-77,-4],[9,-53],[-35,-59],[-50,-36],[-22,-47],[-47,-44],[34,-70]],[[11552,11961],[36,43],[15,55],[42,47],[-22,31],[51,38],[47,-20],[40,32],[-7,45],[39,30],[-14,78],[34,11],[40,53],[75,-29],[87,18],[3,68],[36,56],[97,6],[82,44],[119,31]],[[12352,12598],[-15,-96],[24,-59],[69,-96],[-21,-66],[23,-87],[-4,-59],[-31,-40],[10,-42],[39,-36],[-6,-50],[-35,-52],[21,-92],[33,-59],[54,-43],[56,-12],[122,14],[24,-22],[10,-60],[-47,-17]],[[12352,12598],[55,16],[-29,86],[83,34],[91,161],[1,30],[77,23],[45,29],[46,-16],[27,50],[70,19],[20,63],[136,111],[38,44],[25,58],[47,15],[5,50],[32,25],[-8,48],[55,89],[3,41],[-47,53],[-14,60],[32,39],[-18,48],[66,36],[33,-17],[39,24],[116,48],[96,62],[26,97],[48,8],[62,-43],[67,-25],[59,-43],[75,65],[48,8],[72,-20],[35,-37],[61,50],[46,15],[30,-29],[99,2],[29,-46],[68,1],[43,-102],[78,-18],[31,-38],[45,-16],[39,-47],[51,-26],[45,-57],[96,3],[36,-37],[19,-84],[-15,-41],[69,-39],[61,-58],[44,3],[20,-35],[56,-17],[46,-54],[80,17],[52,-40],[113,-53],[53,11],[24,-23],[-7,-45],[-42,-31],[-17,-71],[24,-45],[-18,-102],[95,-33],[35,13],[22,-34],[-49,-49],[-19,-91],[-3,-76],[32,-39],[72,17],[6,-39],[36,-8],[53,-57],[-13,-40],[39,-73],[138,2],[40,-40],[31,11],[53,54],[57,15],[33,-18],[-35,-116],[-4,-59],[19,-62],[35,10],[60,-41],[63,-2],[29,-46],[4,-47]],[[16154,12037],[-31,-25],[-107,-2],[-40,9],[-25,-54],[-119,-81],[-44,-54],[-103,-30],[-19,-44],[-54,-35],[-42,-9],[-102,-94],[-49,-23],[-38,-53],[-30,-1],[-24,-41]],[[15327,11500],[-80,-59]],[[15247,11441],[-54,-32],[-76,-23],[-48,81],[-11,75],[-27,28],[33,101],[75,51],[21,46],[-15,32],[-5,120],[-36,-1],[-74,145],[-9,54],[-45,10],[-107,-70],[-32,-68],[-57,-73],[-133,37],[-44,77],[-25,109],[19,101],[0,61],[-36,22],[-27,135],[-50,-22],[-23,-51],[-33,10],[-32,-63],[-4,-58],[-66,-40],[-27,-66],[-28,-33],[15,-41],[-16,-52],[-28,-19],[-30,71],[-51,32],[-21,-88],[28,-150],[-23,-42],[15,-49],[-39,-4],[32,-56],[50,-1],[16,-39],[-81,-47],[-87,-28],[6,-72],[58,-19],[134,41],[45,-60],[54,-47],[56,-5],[39,18],[25,-55],[63,-37],[-7,-142],[47,-39],[59,40],[-15,-72],[48,-105]],[[14663,11069],[-28,-42],[-86,-35],[-10,-48],[-68,-2],[-13,-42],[-61,-79],[-53,34],[-71,-73],[-15,-32],[-132,-39],[-17,-133],[-48,-34],[31,-26],[-33,-47],[-48,29]],[[15247,11441],[22,-63],[-29,-56],[5,-54],[-44,-40],[-61,31],[-106,-13],[-56,25],[-33,-6],[-56,-46],[-18,-58],[-47,14],[-58,-41],[-95,-37],[-8,-28]],[[15327,11500],[14,-93],[-5,-51],[30,-135],[-12,-42],[37,-90],[-45,-49],[-18,-159],[-38,-64],[8,-78],[63,-36],[22,-50],[97,-111],[-14,-62],[51,-55],[31,-10],[0,-86],[-170,-125],[-13,-35],[42,-56],[104,-84],[80,-85],[69,48],[38,-16],[70,36],[102,20],[100,-69],[7,-67],[20,-32],[67,-31],[16,-30],[-7,-68],[101,-27],[147,53],[70,-5]],[[16391,9756],[-72,-137],[-204,-100],[-211,13],[-148,-41]],[[15756,9491],[-72,-21],[-293,-115],[-167,-52]],[[15224,9303],[-48,-2],[-111,-114],[-101,-52],[-40,49],[-152,147],[-57,-25],[-85,-73],[-121,-22],[-44,-47],[-21,-63],[45,-82],[-120,-84]],[[16154,12037],[31,-22],[7,-182],[-22,-34],[15,-45],[102,-70],[19,-39],[84,-59],[73,-67],[89,-7],[24,-50],[62,-69],[12,-81],[46,-72],[45,-2],[37,-30],[63,-113],[40,-16],[59,-127],[80,-108],[70,-62],[28,16],[67,-55],[71,-1],[53,43],[58,-8],[-6,-65],[43,20],[4,34],[54,30],[38,51],[73,-3],[35,-25],[44,-96],[-8,-30],[25,-99],[1,-50],[59,-92],[2,-45],[42,-107],[70,-26],[84,6],[5,-41],[34,-98],[61,2],[36,34],[72,-46],[57,-137],[21,-85],[35,-45],[66,-28],[20,-45],[-12,-59],[12,-33],[-39,-43],[-2,-34],[-47,-66],[0,-48],[-49,-26],[-23,-50],[-56,-22],[-16,-28],[79,-77],[11,-33],[61,-88],[11,-89],[-97,-59]],[[18167,9036],[-124,-73],[-35,-12],[-45,-50],[-4,-38],[-37,-38],[-65,-103],[-57,-24],[-68,-12]],[[17732,8686],[-70,8],[-63,-38],[-24,-43],[-42,-23],[-12,-36],[-90,-26],[-61,5],[-64,-33],[-63,14],[-24,50],[-63,26],[-59,-42],[12,-62],[-51,-74],[-37,-29],[-157,-17],[-20,-30],[-88,2],[-178,69],[-39,38],[-20,84],[4,40],[51,14],[4,60],[-50,33],[0,39],[-37,15]],[[16491,8730],[-7,71],[53,45],[41,-34],[53,64],[38,1],[-4,70],[32,117],[-8,45],[176,55],[-20,77],[31,117],[-40,25],[6,37],[-26,31],[-43,94],[-136,109],[-61,58],[-85,65],[-100,-21]],[[14387,8603],[64,-37],[20,-91],[-9,-54],[81,-31],[61,2],[87,-57],[14,-73],[38,-75],[83,-112],[9,-68],[-23,-170]],[[14812,7837],[-9,-80],[-41,37],[-284,-16],[-54,-74],[-71,13]],[[15224,9303],[76,-102],[-47,-38],[-18,-39],[-51,-27],[-139,-204],[38,-35],[2,-39],[50,-30],[57,10],[40,-60],[10,-59],[53,-42],[10,-93],[64,-61]],[[15369,8484],[-172,-104],[-1,-59],[30,-22],[-25,-56],[-78,-42],[-54,-88],[-93,-26],[-9,-53],[28,-52],[0,-55],[-56,-141],[-49,-1],[-78,52]],[[15756,9491],[-23,-59],[73,-49],[37,-9],[-27,-88],[18,-88],[-34,-19],[-54,9],[-91,-14],[-49,-59],[-30,-11],[-4,-64],[47,-129],[46,-32],[73,0],[11,33],[88,3],[19,16],[8,69],[22,12],[58,-20],[20,-109],[51,-24],[39,-49]],[[16054,8810],[-46,-20],[-39,-90],[-83,-98],[-62,-20],[-35,-65],[34,-15],[-30,-53],[-5,-64],[-36,-36],[-46,4],[19,-58],[-29,-35],[-46,11],[-38,-15],[-84,20],[-30,-12],[-37,44],[26,124],[-36,34],[-63,-6],[-19,24]],[[16491,8730],[-12,-5],[-107,82],[3,34],[-35,30],[-42,-6],[-46,-43],[-64,65],[-70,4],[-5,-92],[-59,11]],[[16054,8810],[68,-90],[58,-122],[-92,-64],[-51,-62],[-28,-62],[-6,-74],[31,-56],[-20,-21],[-24,-103],[99,-21],[46,-26],[50,-79],[58,-21],[32,-68],[51,-62],[17,-85],[-14,-89],[-25,-30],[13,-105],[-20,-55],[33,-82],[17,-144],[-16,-107],[-48,-91],[-39,-36],[17,-83],[25,-20],[48,-152],[-44,-94],[3,-60],[-88,-75],[-4,-138],[-27,-13],[-39,-61],[82,-28],[79,38],[41,-11],[81,23],[13,-78],[3,-155],[-20,-66],[-103,-198],[2,-23],[-42,-69],[-10,-68],[-28,-23],[-58,-104],[-42,-51]],[[16133,5546],[-58,91],[-45,-74],[-19,10],[-97,-89],[-19,-34],[-48,2],[0,42],[-34,42],[12,46],[-45,3],[-4,-35],[-57,-79],[-18,-53],[-55,2],[-50,-52],[-22,24],[-94,-19],[-48,-89],[-80,-35],[-78,42],[-53,-34],[-72,40],[-89,-76],[-32,-63],[-2,-74],[-72,26],[-62,-15],[-69,-135],[-229,48],[6,102],[-44,42],[-99,-34],[-116,87],[-59,26],[-73,0],[-65,24],[-51,-79],[-38,-31],[-43,-63],[16,-99],[-26,-71],[-103,-49],[2,-28],[-63,-89],[-33,10],[-66,-28],[-84,-9],[-30,24],[-68,-30]],[[13557,4713],[-68,53],[-20,130],[-40,54],[-90,84],[-60,-24],[-67,5],[-40,39],[-45,-2],[-101,63],[-32,-31],[-52,36]],[[17732,8686],[47,-55],[55,-9],[-1,-68],[53,-93],[-49,-35],[28,-61],[53,-34],[35,0],[26,33],[89,10],[23,-22],[17,-63],[-27,-40],[8,-37],[40,-49],[-3,-409],[419,-10],[36,-78],[14,-58],[63,-171],[8,-65],[-19,-86],[-39,-60],[-73,-69],[-69,-35],[-89,-115],[-96,-92],[-44,-29],[39,-34],[103,20],[14,-33],[105,56],[38,-45],[126,-36],[8,-32],[-111,-63],[-14,-48],[73,-69],[-23,-21],[-44,20],[-34,-30],[41,-25],[-29,-48],[56,-51],[106,57],[80,15],[11,-129],[52,-17]],[[18834,6373],[11,-107],[-19,-76],[-71,-28],[-26,-39],[27,-74],[33,-46],[-64,-18],[-6,-54],[-73,-68],[-73,-42],[-96,11],[-28,-25],[-96,-17],[-32,38],[-46,-2],[-16,31],[20,63],[-79,-15],[-90,-31],[-56,5],[-24,43],[-65,-6],[-25,-22],[-116,-48],[-82,-97],[-75,9],[-108,-69],[-65,-17],[-31,-51],[-86,-50],[-121,-16],[-36,-44],[-60,-20],[-162,1],[-68,37],[-110,26],[-44,-18],[-24,-37],[-80,-62],[9,-37],[-39,-57],[-110,-31],[-78,-33],[-67,-8],[-119,9],[-70,-34],[-71,-13],[-18,39],[-43,29],[6,35],[67,42],[60,1],[-55,80],[45,79],[-56,7]],[[18167,9036],[38,-30],[48,8],[49,-31],[56,82],[70,1],[92,21],[62,-18],[158,-64],[41,-1],[66,-87],[82,-6],[120,33],[12,40],[98,55],[57,8],[63,57],[74,-14],[95,63],[46,-4],[17,46],[50,59],[52,22],[51,-6],[29,17],[128,35],[34,94],[22,25],[43,-13],[32,32],[47,-25],[16,-36],[-8,-62],[15,-42],[116,-84],[66,-27],[69,-13],[30,-23],[25,-93],[24,-26],[72,45],[59,-14],[76,36],[36,44],[55,-28],[45,7],[26,-48],[-31,-24],[16,-79],[-30,-71],[33,-40],[141,-5],[101,35],[40,-47],[45,7],[89,-29],[12,-29],[-37,-74],[39,-44],[-11,-50],[82,-31],[-1,-69],[36,-69],[47,-28],[43,-64],[-24,-77],[5,-164],[29,-5],[44,-59],[8,-49],[-75,-30],[41,-88],[58,-39],[79,17],[43,-60],[-20,-46],[-60,-3],[-3,-49],[-34,-23],[-22,-71],[98,-19],[-5,-62],[-72,-61],[-16,-46],[-45,-47],[53,-31],[98,20],[59,24],[58,51],[67,-31],[-21,-63],[4,-45],[94,-27],[124,91],[46,-19],[29,-105],[-23,-13],[52,-107],[20,-120],[-15,-35],[51,-21],[14,-49],[-74,-25],[-65,-99],[-32,-25],[-17,-61],[-38,-6],[-16,53],[-64,-34],[-86,-102],[-67,-32],[-38,-51],[-75,-17],[-30,-66],[-84,-111],[-85,-27],[-87,-16],[-133,-1],[-97,-114],[-131,-63],[-85,24],[-31,38],[-52,-53],[-62,-4],[4,54],[-33,4],[-28,45],[-105,-17],[-56,16],[-91,-16],[-67,32],[-68,-36],[-1,35],[-63,7],[-8,31],[-43,33],[-66,3],[-6,23],[39,59],[59,28],[-28,120],[26,62],[-89,52],[-65,3],[-58,71],[-51,1],[-43,-47],[-28,3],[-32,-109],[-38,-30],[-24,27],[-55,19],[-62,-30],[-30,40],[-71,-44],[-115,16],[-50,-53],[-66,-4],[-48,27],[-57,-25],[-102,-117],[-61,11],[-84,-49],[-27,21]],[[12855,5374],[-83,12],[-53,36],[-23,-110],[-43,-41],[-55,-25],[-78,1],[-48,-15],[-29,-40],[-63,-4]],[[12380,5188],[-93,27],[-24,43],[-73,55],[-39,-54],[-69,-29],[-58,-44],[-66,-96],[-30,2],[-34,48],[-83,30],[-54,34],[-33,138]],[[12380,5188],[-24,-52],[41,-47],[-31,-62],[-81,-58],[-22,12],[-91,-50],[-48,-66],[-87,-5],[-70,-55],[-52,5],[-66,-62],[-48,10],[-86,-27],[-21,-27],[-58,16],[-125,-64],[-35,28],[-82,-5],[3,69],[-39,26]],[[13557,4713],[-19,-45],[-59,-73],[-44,-20],[-80,-63],[-60,-89],[-50,18],[-125,-103],[-25,-48],[-90,-81],[-22,-3],[1,310],[-58,-35],[-58,7],[-89,54],[-98,-20],[-68,-45],[-21,-36],[-91,0],[-89,-51],[-89,-4],[-61,-17],[-61,22],[-76,-47],[-20,-48],[66,5],[-12,-52],[-38,-56],[-123,-93],[-38,-6],[-75,-55],[-50,15],[-112,-4],[-54,-24],[-21,-37]],[[11648,3989],[-55,-12],[-107,53],[-79,-6],[-86,109],[40,50],[-113,49],[-23,-19],[-110,64],[-108,92],[-14,41]],[[11648,3989],[-41,-46],[-43,-75],[-57,-13],[55,96],[-59,-18],[-61,-64],[-109,-53],[-46,41],[-54,-31],[-46,-72],[34,-34],[-45,-62],[-5,-52],[49,-5],[5,-53],[-68,-103],[-52,-27],[-66,-5],[-59,-41],[-6,-36],[-67,-121],[-69,67],[-20,-58],[9,-51],[-52,-108],[-35,-10],[-34,-80],[-58,-21],[-60,-77],[-47,23],[-51,-37],[-54,-69],[2,-69],[-17,-37],[-64,-68],[-66,-51],[-82,6],[-97,-25],[-21,16],[-63,-7],[-24,-93],[-54,-61],[-87,-27],[-33,-130],[-102,-15],[-46,-72],[-40,-11],[-22,-49],[-60,-56],[1,-26],[-51,-22],[-46,-101],[-44,-9],[-57,-77],[-3,72],[-40,15],[-37,-95],[-45,-6],[-8,-45],[-35,-32],[-26,28],[-95,-71],[-38,-10],[-92,-63],[-19,25],[-47,-32],[-155,-4]],[[8723,1592],[27,35],[-9,73],[37,38],[-18,54],[-47,35],[0,26],[44,31],[9,60],[-19,33],[23,62],[-65,5],[-52,19],[-15,91],[47,-4],[38,109],[25,38],[-19,51],[23,49],[-47,28],[-10,76],[28,43]],[[8723,1592],[-40,-41],[-63,11],[-53,-55],[-130,-49],[-85,-58],[34,-99],[-1,-73],[58,-35],[-61,-36],[-24,-34],[-33,9],[-40,-59],[-32,1],[-92,-44],[-35,4],[-60,92],[-57,23],[-39,72],[-108,-6],[-105,9],[-65,-17],[-49,24],[-23,54],[-122,-5],[-29,-74],[-110,-41],[-39,29],[-41,-61],[-47,-34],[-154,48],[-132,-51],[-58,26],[-26,38],[-73,5],[-9,-28],[-81,-16],[-97,-122],[-84,-13],[-6,-21],[-79,0],[-28,-59],[-41,4],[-33,61],[8,39],[76,30],[40,136],[18,34],[53,39],[36,87],[-8,46],[38,8],[24,76],[-83,13],[1,37],[-43,32],[17,68],[-67,39],[-73,0],[-6,32],[-49,42],[26,38],[-5,48],[-111,44],[-51,94],[-62,18],[-50,-40],[-44,61],[-71,9],[-36,25],[-42,-27]],[[5867,1999],[-12,27],[-13,136],[-32,85],[-12,65]],[[5798,2312],[-15,57],[-5,100],[31,77],[50,70],[34,132],[-41,39],[26,49],[53,-15],[8,-72],[22,-19],[58,2],[112,-13],[164,28],[12,433]],[[5798,2312],[-50,21],[-10,-34],[-53,-46],[-26,-75],[-74,-12],[-40,-58],[-61,-29],[-64,6],[-55,-20],[-29,-38],[-90,26],[-14,-26],[-52,11],[-74,-52],[-26,54],[-50,45],[-42,2],[-43,-36],[-37,-3],[-8,74],[-40,69],[-92,0],[-84,-78],[-52,15],[-34,-50],[5,-33],[-96,-43],[-91,42],[-48,47]],[[4368,2091],[84,114],[66,13],[34,85],[34,41],[55,33],[-2,46],[35,82],[-12,57],[13,75],[95,111],[92,-3],[54,-18],[48,50],[26,66],[85,5],[27,113],[40,97],[70,86],[29,99],[2,82],[22,36],[-102,3]],[[4368,2091],[-55,1],[-34,-50],[-50,67],[-124,-43],[-66,26],[-90,82],[-36,9],[-53,-35],[-61,60],[-22,74],[-30,44],[19,33],[-21,41],[6,72],[-49,8],[11,47],[-28,64],[-5,54],[-82,-3],[-35,84],[-53,27],[-96,94],[-97,-56],[-4,-37],[-62,-34],[-37,25],[-44,-10],[-23,75],[25,45],[-34,28],[-64,169],[-61,52],[-3,39],[-68,23],[-41,62],[-56,32],[-102,121],[-55,31],[-68,82]],[[2620,3494],[41,32],[12,47],[27,12],[21,70],[42,-7],[63,22],[-6,54],[23,110],[-46,55],[-12,54],[42,55],[65,-2],[33,-27],[85,52],[60,-4],[79,54],[70,14],[27,81],[-39,51]],[[3207,4217],[-12,41],[78,5],[37,35],[15,87],[-35,72],[12,30],[52,30],[39,51],[89,51],[90,-64],[-40,-66],[106,-99],[1,-43],[106,-1],[34,28],[13,62],[111,3],[26,44],[-17,65],[30,27],[15,67],[24,5]],[[5867,1999],[-60,-26],[-57,28],[-47,-56],[-46,7],[-35,-42],[-40,-10],[-48,-50],[26,-45],[63,-59],[-29,-33],[-150,1],[-44,-24],[-10,-38],[-41,-45],[-73,-2],[-33,-39],[5,-34],[-78,-62],[-36,1],[-18,-36],[-88,-22],[-28,-59],[-75,-22],[-39,26],[-39,-22],[-57,-70],[-42,-19],[19,-54],[-20,-21],[46,-90],[98,-118],[43,-2],[29,-105],[-11,-41],[54,-66],[-43,-26],[-23,-39],[-99,-67],[-48,22],[-49,-8],[-40,-91],[-95,-110],[6,-40],[52,-33],[-74,-39],[-22,10],[-63,-69],[-137,-97],[-69,23],[-11,59],[-77,-1],[-46,47],[-27,-64],[-46,27],[-95,115],[18,42],[-51,49],[-42,-48],[1,-54],[-41,-19],[-69,5],[-49,-29],[-27,-37],[-95,21],[-38,-27],[-62,42],[-10,-54],[35,-93],[-54,-29],[1,-73],[-32,-32],[-42,8],[-52,-41],[-108,60],[-40,66],[-31,-17],[-80,43],[-49,78],[-30,-51],[-79,-47],[-15,-48],[-54,-32],[-187,135],[-71,26],[-17,45],[26,61],[-12,61],[-54,4],[-23,62],[7,72],[-70,25],[-35,42],[-29,81],[-27,-15],[-57,15],[21,35],[-65,151],[-31,-11],[-36,41],[-52,-5],[-22,-52],[-64,-66],[-33,-84],[-31,-16],[-146,40],[-58,43],[-81,39],[-51,-9],[-20,38],[-1,77],[-98,82],[9,102],[-59,23],[-59,56],[-81,-13],[-26,-28],[-65,-21],[-45,15],[-27,-27],[31,-32],[-22,-98],[-39,-29],[-82,-24],[-69,-43],[-50,-9],[-40,35],[-86,1],[-38,17],[-24,39],[-169,51],[-69,11],[-39,-23],[-114,5],[-33,28],[-97,-17],[-72,56],[15,59],[46,60],[-51,101],[-28,27],[11,64],[-72,94],[-76,10],[-37,36],[11,31],[-42,41],[52,78],[128,23],[38,83],[-54,0],[-19,55],[-45,34],[3,92],[21,46],[53,-38],[72,6],[37,22],[-1,41],[-46,66],[-4,77],[60,-31],[64,14],[48,-101],[34,3],[-5,53],[44,19],[75,-49],[113,14],[35,-24],[26,39],[-17,80],[50,64],[6,47],[79,60],[53,87],[44,6],[17,55],[65,76],[-47,35],[85,97],[3,71],[-28,30],[0,63],[67,35],[-29,49],[36,38],[56,9],[-6,46],[-54,31],[9,56],[29,23],[10,65],[-11,44],[76,21],[29,47],[-9,43],[26,40],[48,31],[22,98],[-5,41],[101,-23],[38,-53],[79,-41],[79,51],[14,-17],[90,-8],[91,40],[64,17],[31,-16],[72,33],[70,-27],[16,75],[68,-31],[16,-29],[66,-19],[92,6],[11,37],[44,19],[22,36],[36,-2],[57,26],[70,-113],[60,-44]],[[3207,4217],[-67,-40],[-123,40],[-68,51],[-8,38],[-47,61],[-54,-16],[-77,54]],[[2763,4405],[63,99],[61,5],[29,41],[5,58],[-43,52],[0,83],[15,82],[58,58],[-14,42],[-4,154],[-25,41],[2,60],[44,-10],[37,124],[10,65],[-41,41],[-10,58],[10,53],[-23,64],[59,53],[59,26],[15,27],[-3,93],[-27,72],[64,61],[17,49],[-39,69],[22,60],[-7,102],[32,62],[-13,44]],[[3116,6293],[9,40],[69,40],[-5,54],[13,47],[30,9],[20,81]],[[2763,4405],[-47,47],[-16,80],[0,87],[-39,56],[-83,36],[-24,39],[1,46],[59,40],[7,71],[-60,5],[-40,38],[-8,45],[12,59],[22,14],[18,62],[-10,95],[-31,23],[-54,-5],[-60,-34],[-84,76],[-38,149],[-72,94],[-27,57],[3,37],[-65,53],[-12,75],[62,39],[-60,199],[26,108],[-25,19],[-92,17],[-93,-6],[-35,69],[13,53],[-63,28],[-47,59],[41,47],[1,60],[-18,45],[16,56],[37,3],[89,44],[-12,23],[15,65],[91,-6],[82,35],[53,118],[-6,68],[-22,61]],[[2168,6954],[54,3],[56,-34],[116,-26],[27,-88],[37,-9],[91,-86],[98,3],[50,-24],[29,-57],[2,-55],[55,-76],[59,10],[44,-19],[88,-84],[59,34],[56,-6],[3,-122],[24,-25]],[[2168,6954],[38,40],[9,97],[47,20],[57,-2],[41,36],[-6,34],[68,34],[45,128],[40,55],[-9,37]],[[2498,7433],[31,-21],[63,0],[68,35],[58,-28],[22,8],[33,67],[100,-38],[37,4],[7,-62],[38,-56],[90,-19],[18,-56],[45,-50],[42,8],[24,47]],[[2498,7433],[36,32],[12,51],[28,34],[4,119],[92,54],[0,64],[-62,79],[-6,59],[41,-8],[91,14],[24,40],[70,25],[19,61],[105,86]]],"transform":{"scale":[0.0000685534219968193,0.00006292008752585102],"translate":[-47.208393448434414,-24.066177157200954]},"objects":{"zonas_1997_s":{"type":"GeometryCollection","geometries":[{"arcs":[[0,1,2,3,4]],"type":"Polygon","properties":{"codigo":"1","nome":"Sé","municipio_nome":"São Paulo"},"id":"1"},{"arcs":[[-5,5,6,7,8,9]],"type":"Polygon","properties":{"codigo":"2","nome":"Parque Dom Pedro","municipio_nome":"São Paulo"},"id":"2"},{"arcs":[[-1,-10,10,11,12,13]],"type":"Polygon","properties":{"codigo":"3","nome":"Praça João Mendes","municipio_nome":"São Paulo"},"id":"3"},{"arcs":[[-14,14,15,16,-2]],"type":"Polygon","properties":{"codigo":"4","nome":"Ladeira da Memória","municipio_nome":"São Paulo"},"id":"4"},{"arcs":[[-3,-17,17,18,19]],"type":"Polygon","properties":{"codigo":"5","nome":"República","municipio_nome":"São Paulo"},"id":"5"},{"arcs":[[-4,-20,20,21,-6]],"type":"Polygon","properties":{"codigo":"6","nome":"Santa Efigênia","municipio_nome":"São Paulo"},"id":"6"},{"arcs":[[-7,-22,22,23,24,25]],"type":"Polygon","properties":{"codigo":"7","nome":"Luz","municipio_nome":"São Paulo"},"id":"7"},{"arcs":[[-8,26,27,28]],"type":"Polygon","properties":{"codigo":"8","nome":"Brás","municipio_nome":"São Paulo"},"id":"8"},{"arcs":[[-9,-29,29,30,31,32,33,-11]],"type":"Polygon","properties":{"codigo":"9","nome":"Independência","municipio_nome":"São Paulo"},"id":"9"},{"arcs":[[-33,34,35,36,37]],"type":"Polygon","properties":{"codigo":"10","nome":"Cambuci","municipio_nome":"São Paulo"},"id":"10"},{"arcs":[[-12,-34,-38,38,39]],"type":"Polygon","properties":{"codigo":"11","nome":"Glicério","municipio_nome":"São Paulo"},"id":"11"},{"arcs":[[-37,40,41,-39]],"type":"Polygon","properties":{"codigo":"12","nome":"Aclimação","municipio_nome":"São Paulo"},"id":"12"},{"arcs":[[-13,-40,-42,42,43,44]],"type":"Polygon","properties":{"codigo":"13","nome":"Liberdade","municipio_nome":"São Paulo"},"id":"13"},{"arcs":[[-15,-45,45,46,47]],"type":"Polygon","properties":{"codigo":"14","nome":"Bexiga","municipio_nome":"São Paulo"},"id":"14"},{"arcs":[[-44,48,49,50,-46]],"type":"Polygon","properties":{"codigo":"15","nome":"Bela Vista","municipio_nome":"São Paulo"},"id":"15"},{"arcs":[[-47,-51,51,52,53]],"type":"Polygon","properties":{"codigo":"16","nome":"Masp","municipio_nome":"São Paulo"},"id":"16"},{"arcs":[[-16,-48,-54,54,55,56,57,58,-18]],"type":"Polygon","properties":{"codigo":"17","nome":"Consolação","municipio_nome":"São Paulo"},"id":"17"},{"arcs":[[-19,-59,59,60,-23,-21]],"type":"Polygon","properties":{"codigo":"18","nome":"Santa Cecília","municipio_nome":"São Paulo"},"id":"18"},{"arcs":[[-24,-61,61,62,63,64,65,66,67]],"type":"Polygon","properties":{"codigo":"19","nome":"Bom Retiro","municipio_nome":"São Paulo"},"id":"19"},{"arcs":[[-67,68,69,70,71]],"type":"Polygon","properties":{"codigo":"20","nome":"Canindé","municipio_nome":"São Paulo"},"id":"20"},{"arcs":[[-25,-68,-72,72,73,74]],"type":"Polygon","properties":{"codigo":"21","nome":"Pari","municipio_nome":"São Paulo"},"id":"21"},{"arcs":[[-26,-75,75,76,-27]],"type":"Polygon","properties":{"codigo":"22","nome":"Bresser","municipio_nome":"São Paulo"},"id":"22"},{"arcs":[[-71,77,78,79,80,81,-73]],"type":"Polygon","properties":{"codigo":"23","nome":"Belenzinho","municipio_nome":"São Paulo"},"id":"23"},{"arcs":[[-74,-82,82,83,84,85,-76]],"type":"Polygon","properties":{"codigo":"24","nome":"Quarta Parada","municipio_nome":"São Paulo"},"id":"24"},{"arcs":[[-28,-77,-86,86,87,88]],"type":"Polygon","properties":{"codigo":"25","nome":"Moóca","municipio_nome":"São Paulo"},"id":"25"},{"arcs":[[-88,89,90,91]],"type":"Polygon","properties":{"codigo":"26","nome":"ALto da Moóca","municipio_nome":"São Paulo"},"id":"26"},{"arcs":[[-30,-89,-92,92,93,94]],"type":"Polygon","properties":{"codigo":"27","nome":"Parque da Moóca","municipio_nome":"São Paulo"},"id":"27"},{"arcs":[[-31,-95,95,96,97,98]],"type":"Polygon","properties":{"codigo":"28","nome":"Vila Independência","municipio_nome":"São Paulo"},"id":"28"},{"arcs":[[-32,-99,99,100,101,-35]],"type":"Polygon","properties":{"codigo":"29","nome":"Vila Monumento","municipio_nome":"São Paulo"},"id":"29"},{"arcs":[[-36,-102,102,103,104,105,-49,-43,-41]],"type":"Polygon","properties":{"codigo":"30","nome":"Vila Mariana","municipio_nome":"São Paulo"},"id":"30"},{"arcs":[[-105,106,107,108,109]],"type":"Polygon","properties":{"codigo":"31","nome":"Lins de Vasconcelos","municipio_nome":"São Paulo"},"id":"31"},{"arcs":[[-50,-106,-110,110,111]],"type":"Polygon","properties":{"codigo":"32","nome":"Paraíso","municipio_nome":"São Paulo"},"id":"32"},{"arcs":[[-52,-112,112,113,114]],"type":"Polygon","properties":{"codigo":"33","nome":"Pamplona","municipio_nome":"São Paulo"},"id":"33"},{"arcs":[[-53,-115,115,116,-55]],"type":"Polygon","properties":{"codigo":"34","nome":"Trianon","municipio_nome":"São Paulo"},"id":"34"},{"arcs":[[-56,-117,117,118,119,120,121]],"type":"Polygon","properties":{"codigo":"35","nome":"Clínicas","municipio_nome":"São Paulo"},"id":"35"},{"arcs":[[-57,-122,122,123]],"type":"Polygon","properties":{"codigo":"36","nome":"Pacaembu","municipio_nome":"São Paulo"},"id":"36"},{"arcs":[[-121,124,125,-123]],"type":"Polygon","properties":{"codigo":"37","nome":"Cardoso de Almeida","municipio_nome":"São Paulo"},"id":"37"},{"arcs":[[-58,-124,126,127,-62,-60]],"type":"Polygon","properties":{"codigo":"38","nome":"Higienópolis","municipio_nome":"São Paulo"},"id":"38"},{"arcs":[[-126,128,129,130,131,-127]],"type":"Polygon","properties":{"codigo":"39","nome":"Sumaré","municipio_nome":"São Paulo"},"id":"39"},{"arcs":[[-63,-128,132]],"type":"Polygon","properties":{"codigo":"40","nome":"Barra Funda","municipio_nome":"São Paulo"},"id":"40"},{"arcs":[[-64,-133,-132,133,134,135,136]],"type":"Polygon","properties":{"codigo":"41","nome":"Água Branca","municipio_nome":"São Paulo"},"id":"41"},{"arcs":[[-137,137,138,139,140]],"type":"Polygon","properties":{"codigo":"42","nome":"Casa Verde","municipio_nome":"São Paulo"},"id":"42"},{"arcs":[[-65,-141,141,142,143,144]],"type":"Polygon","properties":{"codigo":"43","nome":"Parque Anhembi","municipio_nome":"São Paulo"},"id":"43"},{"arcs":[[-144,145,146,147,148]],"type":"Polygon","properties":{"codigo":"44","nome":"Carandiru","municipio_nome":"São Paulo"},"id":"44"},{"arcs":[[-66,-145,-149,149,150,-69]],"type":"Polygon","properties":{"codigo":"45","nome":"Tietê","municipio_nome":"São Paulo"},"id":"45"},{"arcs":[[-70,-151,151,152,-78]],"type":"Polygon","properties":{"codigo":"46","nome":"Vila Guilherme","municipio_nome":"São Paulo"},"id":"46"},{"arcs":[[-148,153,154,155,156,157,-152,-150]],"type":"Polygon","properties":{"codigo":"47","nome":"Vila Santa Catarina","municipio_nome":"São Paulo"},"id":"47"},{"arcs":[[-79,-153,-158,158,159]],"type":"Polygon","properties":{"codigo":"48","nome":"Vila Maria","municipio_nome":"São Paulo"},"id":"48"},{"arcs":[[-157,160,161,162,-159]],"type":"Polygon","properties":{"codigo":"49","nome":"Jardim Japão","municipio_nome":"São Paulo"},"id":"49"},{"arcs":[[-160,-163,163,164,165,166,-80]],"type":"Polygon","properties":{"codigo":"50","nome":"Parque Novo Mundo","municipio_nome":"São Paulo"},"id":"50"},{"arcs":[[-81,-167,167,168,169,-83]],"type":"Polygon","properties":{"codigo":"51","nome":"Parque São Jorge","municipio_nome":"São Paulo"},"id":"51"},{"arcs":[[-84,-170,170,171,172]],"type":"Polygon","properties":{"codigo":"52","nome":"Tatuapé","municipio_nome":"São Paulo"},"id":"52"},{"arcs":[[-85,-173,173,174,175,-90,-87]],"type":"Polygon","properties":{"codigo":"53","nome":"Água Rasa","municipio_nome":"São Paulo"},"id":"53"},{"arcs":[[-172,176,177,178,179,-174]],"type":"Polygon","properties":{"codigo":"54","nome":"Jardim Anália Franco","municipio_nome":"São Paulo"},"id":"54"},{"arcs":[[-175,-180,180,181,182,183]],"type":"Polygon","properties":{"codigo":"55","nome":"Regente Feijó","municipio_nome":"São Paulo"},"id":"55"},{"arcs":[[-91,-176,-184,184,185,186,-93]],"type":"Polygon","properties":{"codigo":"56","nome":"Orfanato","municipio_nome":"São Paulo"},"id":"56"},{"arcs":[[-94,-187,187,188,189,-96]],"type":"Polygon","properties":{"codigo":"57","nome":"Quinta Parada","municipio_nome":"São Paulo"},"id":"57"},{"arcs":[[-98,190,191,192,-100]],"type":"Polygon","properties":{"codigo":"58","nome":"Ipiranga","municipio_nome":"São Paulo"},"id":"58"},{"arcs":[[-101,-193,193,194,195,-103]],"type":"Polygon","properties":{"codigo":"59","nome":"Nazaré","municipio_nome":"São Paulo"},"id":"59"},{"arcs":[[-195,196,197,198]],"type":"Polygon","properties":{"codigo":"60","nome":"Jardim Previdência","municipio_nome":"São Paulo"},"id":"60"},{"arcs":[[-196,-199,199,200,201,202]],"type":"Polygon","properties":{"codigo":"61","nome":"Jardim da Saúde","municipio_nome":"São Paulo"},"id":"61"},{"arcs":[[-104,-203,203,204,-107]],"type":"Polygon","properties":{"codigo":"62","nome":"Santa Cruz","municipio_nome":"São Paulo"},"id":"62"},{"arcs":[[-202,205,206,-204]],"type":"Polygon","properties":{"codigo":"63","nome":"Bosque da Saúde","municipio_nome":"São Paulo"},"id":"63"},{"arcs":[[-108,-205,207,208]],"type":"Polygon","properties":{"codigo":"64","nome":"Vila Clementino","municipio_nome":"São Paulo"},"id":"64"},{"arcs":[[-207,209,210,211,-208]],"type":"Polygon","properties":{"codigo":"65","nome":"Mirandópolis","municipio_nome":"São Paulo"},"id":"65"},{"arcs":[[-109,-209,-212,212,213,214,-113,-111]],"type":"Polygon","properties":{"codigo":"66","nome":"Parque Ibirapuera","municipio_nome":"São Paulo"},"id":"66"},{"arcs":[[-214,215,216,217,218]],"type":"Polygon","properties":{"codigo":"67","nome":"Vila Nova Conceição","municipio_nome":"São Paulo"},"id":"67"},{"arcs":[[-114,-215,-219,219,220,-118,-116]],"type":"Polygon","properties":{"codigo":"68","nome":"Jardins","municipio_nome":"São Paulo"},"id":"68"},{"arcs":[[-218,221,222,223,224,-220]],"type":"Polygon","properties":{"codigo":"69","nome":"Chácara Itaim","municipio_nome":"São Paulo"},"id":"69"},{"arcs":[[-221,-225,225,226,227]],"type":"Polygon","properties":{"codigo":"70","nome":"Jardim Europa","municipio_nome":"São Paulo"},"id":"70"},{"arcs":[[-119,-228,228,229]],"type":"Polygon","properties":{"codigo":"71","nome":"Jardim Paulistano","municipio_nome":"São Paulo"},"id":"71"},{"arcs":[[-227,230,231,232,233,234,-229]],"type":"Polygon","properties":{"codigo":"72","nome":"Pinheiros","municipio_nome":"São Paulo"},"id":"72"},{"arcs":[[-120,-230,-235,235,236,237]],"type":"Polygon","properties":{"codigo":"73","nome":"Vila Madalena","municipio_nome":"São Paulo"},"id":"73"},{"arcs":[[-125,-238,238,-129]],"type":"Polygon","properties":{"codigo":"74","nome":"Perdizes","municipio_nome":"São Paulo"},"id":"74"},{"arcs":[[-234,239,240,241,-236]],"type":"Polygon","properties":{"codigo":"75","nome":"Vila Beatriz","municipio_nome":"São Paulo"},"id":"75"},{"arcs":[[-130,-239,-237,-242,242,243]],"type":"Polygon","properties":{"codigo":"76","nome":"Pompéia","municipio_nome":"São Paulo"},"id":"76"},{"arcs":[[-131,-244,244,245]],"type":"Polygon","properties":{"codigo":"77","nome":"Lapa","municipio_nome":"São Paulo"},"id":"77"},{"arcs":[[-241,246,247,248,-245,-243]],"type":"Polygon","properties":{"codigo":"78","nome":"Vila Ipojuca","municipio_nome":"São Paulo"},"id":"78"},{"arcs":[[-134,-246,-249,249,250,251,252]],"type":"Polygon","properties":{"codigo":"79","nome":"Santa Marina","municipio_nome":"São Paulo"},"id":"79"},{"arcs":[[-136,253,254,-138]],"type":"Polygon","properties":{"codigo":"80","nome":"Limão","municipio_nome":"São Paulo"},"id":"80"},{"arcs":[[-139,-255,255,256,257,258]],"type":"Polygon","properties":{"codigo":"81","nome":"Casa Verde Alta","municipio_nome":"São Paulo"},"id":"81"},{"arcs":[[-140,-259,259,260,261,262,-142]],"type":"Polygon","properties":{"codigo":"82","nome":"Parque Peruche","municipio_nome":"São Paulo"},"id":"82"},{"arcs":[[-143,-263,263,264,-146]],"type":"Polygon","properties":{"codigo":"83","nome":"Santana","municipio_nome":"São Paulo"},"id":"83"},{"arcs":[[-262,265,266,-264]],"type":"Polygon","properties":{"codigo":"84","nome":"Santa Terezinha","municipio_nome":"São Paulo"},"id":"84"},{"arcs":[[-147,-265,-267,267,268,269,-154]],"type":"Polygon","properties":{"codigo":"85","nome":"Jardim São Paulo","municipio_nome":"São Paulo"},"id":"85"},{"arcs":[[-155,-270,270,271,272]],"type":"Polygon","properties":{"codigo":"86","nome":"Parada Inglesa","municipio_nome":"São Paulo"},"id":"86"},{"arcs":[[-156,-273,273,274,-161]],"type":"Polygon","properties":{"codigo":"87","nome":"Vila Medeiros","municipio_nome":"São Paulo"},"id":"87"},{"arcs":[[-162,-275,275,276,277,-164]],"type":"Polygon","properties":{"codigo":"88","nome":"Jardim Brasil","municipio_nome":"São Paulo"},"id":"88"},{"arcs":[[-277,278,279,280]],"type":"Polygon","properties":{"codigo":"89","nome":"Parque Edu Chaves","municipio_nome":"São Paulo"},"id":"89"},{"arcs":[[-165,-278,-281,281,282,283,284,285,286,287,288,289]],"type":"Polygon","properties":{"codigo":"90","nome":"Rod.Presidente Dutra","municipio_nome":"Guarulhos"},"id":"90"},{"arcs":[[-166,-290,290,291,292,293,-168]],"type":"Polygon","properties":{"codigo":"91","nome":"Penha","municipio_nome":"São Paulo"},"id":"91"},{"arcs":[[-292,294,295,296]],"type":"Polygon","properties":{"codigo":"92","nome":"Cangaíba","municipio_nome":"São Paulo"},"id":"92"},{"arcs":[[-293,-297,297,298,299]],"type":"Polygon","properties":{"codigo":"93","nome":"Tiquatira","municipio_nome":"São Paulo"},"id":"93"},{"arcs":[[-294,-300,300,301,302,303,304,305]],"type":"Polygon","properties":{"codigo":"94","nome":"Vila Matilde","municipio_nome":"São Paulo"},"id":"94"},{"arcs":[[-169,-306,306,-177,-171]],"type":"Polygon","properties":{"codigo":"95","nome":"Vila California","municipio_nome":"São Paulo"},"id":"95"},{"arcs":[[-178,-307,-305,307,308]],"type":"Polygon","properties":{"codigo":"96","nome":"Vila Carrão","municipio_nome":"São Paulo"},"id":"96"},{"arcs":[[-179,-309,309,310,311,-181]],"type":"Polygon","properties":{"codigo":"97","nome":"Vila Formosa","municipio_nome":"São Paulo"},"id":"97"},{"arcs":[[-182,-312,312,313,314]],"type":"Polygon","properties":{"codigo":"98","nome":"Vila Ema","municipio_nome":"São Paulo"},"id":"98"},{"arcs":[[-183,-315,315,316,-185]],"type":"Polygon","properties":{"codigo":"99","nome":"Linhas Corrente","municipio_nome":"São Paulo"},"id":"99"},{"arcs":[[-186,-317,317,318,-188]],"type":"Polygon","properties":{"codigo":"100","nome":"Vila Zelina","municipio_nome":"São Paulo"},"id":"100"},{"arcs":[[-97,-190,319,320,321,-191]],"type":"Polygon","properties":{"codigo":"101","nome":"Vila Carioca","municipio_nome":"São Paulo"},"id":"101"},{"arcs":[[-189,-319,322,323,324,325,326,-320]],"type":"Polygon","properties":{"codigo":"102","nome":"São Caetano do Sul","municipio_nome":"São Caetano do Sul"},"id":"102"},{"arcs":[[-192,-322,327,328,329,-197,-194]],"type":"Polygon","properties":{"codigo":"103","nome":"Moinho Velho","municipio_nome":"São Paulo"},"id":"103"},{"arcs":[[-321,-327,330,331,332,-328]],"type":"Polygon","properties":{"codigo":"104","nome":"São João Clímaco","municipio_nome":"São Paulo"},"id":"104"},{"arcs":[[-325,333,334]],"type":"Polygon","properties":{"codigo":"105","nome":"Boa Vista","municipio_nome":"São Caetano do Sul"},"id":"105"},{"arcs":[[-329,-333,335,336,337,338]],"type":"Polygon","properties":{"codigo":"106","nome":"Sacomã","municipio_nome":"São Paulo"},"id":"106"},{"arcs":[[-198,-330,-339,339,340,341,-200]],"type":"Polygon","properties":{"codigo":"107","nome":"Vila Moraes","municipio_nome":"São Paulo"},"id":"107"},{"arcs":[[-338,342,343,344,-340]],"type":"Polygon","properties":{"codigo":"108","nome":"Parque do Estado","municipio_nome":"São Paulo"},"id":"108"},{"arcs":[[-201,-342,345,346,-210,-206]],"type":"Polygon","properties":{"codigo":"109","nome":"Miguel Estéfano","municipio_nome":"São Paulo"},"id":"109"},{"arcs":[[-341,-345,347,348,349,-346]],"type":"Polygon","properties":{"codigo":"110","nome":"Cidade Vargas","municipio_nome":"São Paulo"},"id":"110"},{"arcs":[[-211,-347,-350,350,351,352,353]],"type":"Polygon","properties":{"codigo":"111","nome":"Planalto Paulista","municipio_nome":"São Paulo"},"id":"111"},{"arcs":[[-352,354,355,356,357]],"type":"Polygon","properties":{"codigo":"112","nome":"Congonhas","municipio_nome":"São Paulo"},"id":"112"},{"arcs":[[-349,358,359,360,-355,-351]],"type":"Polygon","properties":{"codigo":"113","nome":"Jabaquara","municipio_nome":"São Paulo"},"id":"113"},{"arcs":[[-356,-361,361,362,363,364]],"type":"Polygon","properties":{"codigo":"114","nome":"Jardim Aeroporto","municipio_nome":"São Paulo"},"id":"114"},{"arcs":[[-360,365,366,-362]],"type":"Polygon","properties":{"codigo":"115","nome":"Vila Santa Catarina","municipio_nome":"São Paulo"},"id":"115"},{"arcs":[[-213,-354,367,368,-216]],"type":"Polygon","properties":{"codigo":"116","nome":"Moema","municipio_nome":"São Paulo"},"id":"116"},{"arcs":[[-353,369,370,-368]],"type":"Polygon","properties":{"codigo":"117","nome":"Bandeirantes","municipio_nome":"São Paulo"},"id":"117"},{"arcs":[[-358,371,372,-370]],"type":"Polygon","properties":{"codigo":"118","nome":"Campo Belo","municipio_nome":"São Paulo"},"id":"118"},{"arcs":[[-357,-365,373,374,-372]],"type":"Polygon","properties":{"codigo":"119","nome":"Vieira de Moraes","municipio_nome":"São Paulo"},"id":"119"},{"arcs":[[-364,375,376,377,-374]],"type":"Polygon","properties":{"codigo":"120","nome":"Joaquim Nabuco","municipio_nome":"São Paulo"},"id":"120"},{"arcs":[[-217,-369,-371,378,379,-222]],"type":"Polygon","properties":{"codigo":"121","nome":"Vila Olimpia","municipio_nome":"São Paulo"},"id":"121"},{"arcs":[[-223,-380,380,381,382,383]],"type":"Polygon","properties":{"codigo":"122","nome":"Berrini","municipio_nome":"São Paulo"},"id":"122"},{"arcs":[[-373,-375,-378,384,-381,-379]],"type":"Polygon","properties":{"codigo":"123","nome":"Brooklin","municipio_nome":"São Paulo"},"id":"123"},{"arcs":[[-377,385,386,-382,-385]],"type":"Polygon","properties":{"codigo":"124","nome":"Vila Cordeiro","municipio_nome":"São Paulo"},"id":"124"},{"arcs":[[-383,-387,387,388,389]],"type":"Polygon","properties":{"codigo":"125","nome":"Fazenda Morumbi","municipio_nome":"São Paulo"},"id":"125"},{"arcs":[[-224,-384,-390,390,391,392,-231,-226]],"type":"Polygon","properties":{"codigo":"126","nome":"Joquei Clube","municipio_nome":"São Paulo"},"id":"126"},{"arcs":[[-392,393,394,395]],"type":"Polygon","properties":{"codigo":"127","nome":"Morumbi","municipio_nome":"São Paulo"},"id":"127"},{"arcs":[[-389,396,397,398,-394,-391]],"type":"Polygon","properties":{"codigo":"128","nome":"Real Parque","municipio_nome":"São Paulo"},"id":"128"},{"arcs":[[-232,-393,-396,399,400,401,402]],"type":"Polygon","properties":{"codigo":"129","nome":"Jardim Caxingui","municipio_nome":"São Paulo"},"id":"129"},{"arcs":[[-233,-403,403,404,405,406,-247,-240]],"type":"Polygon","properties":{"codigo":"130","nome":"Alto de Pinheiros","municipio_nome":"São Paulo"},"id":"130"},{"arcs":[[-402,407,408,409,410,-404]],"type":"Polygon","properties":{"codigo":"131","nome":"Cidade Universitária","municipio_nome":"São Paulo"},"id":"131"},{"arcs":[[-248,-407,411]],"type":"Polygon","properties":{"codigo":"132","nome":"Vila Hamburguesa","municipio_nome":"São Paulo"},"id":"132"},{"arcs":[[-250,-412,-406,412,413,414]],"type":"Polygon","properties":{"codigo":"133","nome":"Vila Leopoldina","municipio_nome":"São Paulo"},"id":"133"},{"arcs":[[-405,-411,415,416,417,-413]],"type":"Polygon","properties":{"codigo":"134","nome":"Jaguaré","municipio_nome":"São Paulo"},"id":"134"},{"arcs":[[-410,418,419,420,421,-416]],"type":"Polygon","properties":{"codigo":"135","nome":"Parque Continental","municipio_nome":"São Paulo"},"id":"135"},{"arcs":[[-415,422,423,424]],"type":"Polygon","properties":{"codigo":"136","nome":"Jaguara","municipio_nome":"São Paulo"},"id":"136"},{"arcs":[[-251,-425,425,426,427]],"type":"Polygon","properties":{"codigo":"137","nome":"São Domingos","municipio_nome":"São Paulo"},"id":"137"},{"arcs":[[-424,428,429,430,431,-426]],"type":"Polygon","properties":{"codigo":"138","nome":"Jardim Mutinga","municipio_nome":"São Paulo"},"id":"138"},{"arcs":[[-252,-428,432,433,434]],"type":"Polygon","properties":{"codigo":"139","nome":"Pirituba","municipio_nome":"São Paulo"},"id":"139"},{"arcs":[[-427,-432,435,436,437,438,-433]],"type":"Polygon","properties":{"codigo":"140","nome":"Vila Zatt","municipio_nome":"São Paulo"},"id":"140"},{"arcs":[[-253,-435,439,440,-256,-254,-135]],"type":"Polygon","properties":{"codigo":"141","nome":"Freguesia do Ó","municipio_nome":"São Paulo"},"id":"141"},{"arcs":[[-257,-441,441,442,443]],"type":"Polygon","properties":{"codigo":"142","nome":"Itaberaba","municipio_nome":"São Paulo"},"id":"142"},{"arcs":[[-434,-439,444,445,-442,-440]],"type":"Polygon","properties":{"codigo":"143","nome":"Vila Morro Grande","municipio_nome":"São Paulo"},"id":"143"},{"arcs":[[-443,-446,446,447,448,449]],"type":"Polygon","properties":{"codigo":"144","nome":"Brasilândia","municipio_nome":"São Paulo"},"id":"144"},{"arcs":[[-438,450,451,-447,-445]],"type":"Polygon","properties":{"codigo":"145","nome":"Vila Terezinha","municipio_nome":"São Paulo"},"id":"145"},{"arcs":[[-258,-444,-450,452,453,454,-260]],"type":"Polygon","properties":{"codigo":"146","nome":"Cachoeirinha","municipio_nome":"São Paulo"},"id":"146"},{"arcs":[[-449,455,456,457,-453]],"type":"Polygon","properties":{"codigo":"147","nome":"Jardim Peri","municipio_nome":"São Paulo"},"id":"147"},{"arcs":[[-261,-455,458,459,-268,-266]],"type":"Polygon","properties":{"codigo":"148","nome":"Mandaqui","municipio_nome":"São Paulo"},"id":"148"},{"arcs":[[-454,-458,460,461,462,463,-459]],"type":"Polygon","properties":{"codigo":"149","nome":"Horto Florestal","municipio_nome":"São Paulo"},"id":"149"},{"arcs":[[-269,-460,-464,464,465,466,-271]],"type":"Polygon","properties":{"codigo":"150","nome":"Tucuruvi","municipio_nome":"São Paulo"},"id":"150"},{"arcs":[[-463,467,468,469,-465]],"type":"Polygon","properties":{"codigo":"151","nome":"Tremembé","municipio_nome":"São Paulo"},"id":"151"},{"arcs":[[-466,-470,470,471,472]],"type":"Polygon","properties":{"codigo":"152","nome":"Pq Palmas do Tremembé","municipio_nome":"São Paulo"},"id":"152"},{"arcs":[[-272,-467,-473,473,474,-274]],"type":"Polygon","properties":{"codigo":"153","nome":"Vila Gustavo","municipio_nome":"São Paulo"},"id":"153"},{"arcs":[[-276,-475,475,476,477,-279]],"type":"Polygon","properties":{"codigo":"154","nome":"Jaçanã","municipio_nome":"São Paulo"},"id":"154"},{"arcs":[[478,479,-476,-474,-472]],"type":"Polygon","properties":{"codigo":"155","nome":"Jardim Guapira","municipio_nome":"São Paulo"},"id":"155"},{"arcs":[[-477,-480,480,481,482]],"type":"Polygon","properties":{"codigo":"156","nome":"Cohab Jova Real","municipio_nome":"São Paulo"},"id":"156"},{"arcs":[[-280,-478,-483,483,484,485,-282]],"type":"Polygon","properties":{"codigo":"157","nome":"Vila Galvão","municipio_nome":"Guarulhos"},"id":"157"},{"arcs":[[-283,-486,486]],"type":"Polygon","properties":{"codigo":"158","nome":"Guarulhos","municipio_nome":"Guarulhos"},"id":"158"},{"arcs":[[-289,487,488,-295,-291]],"type":"Polygon","properties":{"codigo":"159","nome":"Eng.Goulart","municipio_nome":"São Paulo"},"id":"159"},{"arcs":[[-296,-489,489,490]],"type":"Polygon","properties":{"codigo":"160","nome":"Rui Barbosa","municipio_nome":"São Paulo"},"id":"160"},{"arcs":[[-288,491,492,493,-490,-488]],"type":"Polygon","properties":{"codigo":"161","nome":"Ermelino Matarazzo","municipio_nome":"São Paulo"},"id":"161"},{"arcs":[[-298,-491,-494,494,495,496]],"type":"Polygon","properties":{"codigo":"162","nome":"Ponte Rasa","municipio_nome":"São Paulo"},"id":"162"},{"arcs":[[-496,497,498,499,500,501]],"type":"Polygon","properties":{"codigo":"163","nome":"Águia de Haia","municipio_nome":"São Paulo"},"id":"163"},{"arcs":[[-299,-497,-502,502,503,504,-301]],"type":"Polygon","properties":{"codigo":"164","nome":"Vila Esperança","municipio_nome":"São Paulo"},"id":"164"},{"arcs":[[-501,505,506,-503]],"type":"Polygon","properties":{"codigo":"165","nome":"Cidade A.E.Carvalho","municipio_nome":"São Paulo"},"id":"165"},{"arcs":[[-302,-505,507]],"type":"Polygon","properties":{"codigo":"166","nome":"Vila Guilhermina","municipio_nome":"São Paulo"},"id":"166"},{"arcs":[[-303,-508,-504,-507,508,509,510]],"type":"Polygon","properties":{"codigo":"167","nome":"Artur Alvim","municipio_nome":"São Paulo"},"id":"167"},{"arcs":[[-304,-511,511,512,513]],"type":"Polygon","properties":{"codigo":"168","nome":"Cidade Lider","municipio_nome":"São Paulo"},"id":"168"},{"arcs":[[-308,-514,514,515,516]],"type":"Polygon","properties":{"codigo":"169","nome":"Aricanduva","municipio_nome":"São Paulo"},"id":"169"},{"arcs":[[-513,517,518,519,520,-515]],"type":"Polygon","properties":{"codigo":"170","nome":"Parque Savoy","municipio_nome":"São Paulo"},"id":"170"},{"arcs":[[-310,-517,521,522,523]],"type":"Polygon","properties":{"codigo":"171","nome":"Sapopemba","municipio_nome":"São Paulo"},"id":"171"},{"arcs":[[-522,524,525,526]],"type":"Polygon","properties":{"codigo":"172","nome":"Cidade IV Centenário","municipio_nome":"São Paulo"},"id":"172"},{"arcs":[[-311,-524,527,528,529,-313]],"type":"Polygon","properties":{"codigo":"173","nome":"Jardim Colorado","municipio_nome":"São Paulo"},"id":"173"},{"arcs":[[-523,-527,530,531,532,-528]],"type":"Polygon","properties":{"codigo":"174","nome":"Teotêonio Vilela","municipio_nome":"São Paulo"},"id":"174"},{"arcs":[[-314,-530,533,534,-323,-318,-316]],"type":"Polygon","properties":{"codigo":"175","nome":"Parque São Lucas","municipio_nome":"São Paulo"},"id":"175"},{"arcs":[[-529,-533,535,536,-534]],"type":"Polygon","properties":{"codigo":"176","nome":"Parque Sta Madalena","municipio_nome":"São Paulo"},"id":"176"},{"arcs":[[-324,-535,-537,537,538,539,540,541,-334]],"type":"Polygon","properties":{"codigo":"177","nome":"Utinga","municipio_nome":"Santo André"},"id":"177"},{"arcs":[[-326,-335,-542,542,-331]],"type":"Polygon","properties":{"codigo":"178","nome":"Vila Gerti","municipio_nome":"São Caetano do Sul"},"id":"178"},{"arcs":[[-540,543,544,545,546]],"type":"Polygon","properties":{"codigo":"179","nome":"Santo André","municipio_nome":"Santo André"},"id":"179"},{"arcs":[[-332,-543,-541,-547,547,548,549,550,-336]],"type":"Polygon","properties":{"codigo":"180","nome":"Rudge Ramos","municipio_nome":"São Bernardo"},"id":"180"},{"arcs":[[-337,-551,551,552,553,554,-343]],"type":"Polygon","properties":{"codigo":"181","nome":"Diadema","municipio_nome":"Diadema"},"id":"181"},{"arcs":[[-344,-555,555,556,-366,-359,-348]],"type":"Polygon","properties":{"codigo":"182","nome":"Jardim Bom Clima","municipio_nome":"São Paulo"},"id":"182"},{"arcs":[[-554,557,558,559,560,-556]],"type":"Polygon","properties":{"codigo":"183","nome":"Jardim Miriam","municipio_nome":"São Paulo"},"id":"183"},{"arcs":[[-560,561,562,563]],"type":"Polygon","properties":{"codigo":"184","nome":"Vila Missionária","municipio_nome":"São Paulo"},"id":"184"},{"arcs":[[-363,-367,-557,-561,-564,564,565,566]],"type":"Polygon","properties":{"codigo":"185","nome":"Cupecê","municipio_nome":"São Paulo"},"id":"185"},{"arcs":[[-563,567,568,569,-565]],"type":"Polygon","properties":{"codigo":"186","nome":"Campo Grande","municipio_nome":"São Paulo"},"id":"186"},{"arcs":[[-569,570,571,572]],"type":"Polygon","properties":{"codigo":"187","nome":"Vila Sabará","municipio_nome":"São Paulo"},"id":"187"},{"arcs":[[-566,-570,573,574,575]],"type":"Polygon","properties":{"codigo":"188","nome":"Vila São Pedro","municipio_nome":"São Paulo"},"id":"188"},{"arcs":[[-573,576,577,578,579,-574]],"type":"Polygon","properties":{"codigo":"189","nome":"Jurubatuba","municipio_nome":"São Paulo"},"id":"189"},{"arcs":[[-376,-567,-576,580,581]],"type":"Polygon","properties":{"codigo":"190","nome":"Chácara Flora","municipio_nome":"São Paulo"},"id":"190"},{"arcs":[[-575,-580,582,583,-581]],"type":"Polygon","properties":{"codigo":"191","nome":"Santo Amaro","municipio_nome":"São Paulo"},"id":"191"},{"arcs":[[-579,584,585,586,-583]],"type":"Polygon","properties":{"codigo":"192","nome":"Vila Miranda","municipio_nome":"São Paulo"},"id":"192"},{"arcs":[[-386,-582,-584,-587,587,588]],"type":"Polygon","properties":{"codigo":"193","nome":"Granja Julieta","municipio_nome":"São Paulo"},"id":"193"},{"arcs":[[-388,-589,589,590,591,-397]],"type":"Polygon","properties":{"codigo":"194","nome":"Paraisópolis","municipio_nome":"São Paulo"},"id":"194"},{"arcs":[[-588,592,593,594,-590]],"type":"Polygon","properties":{"codigo":"195","nome":"Jardim Vitória Régia","municipio_nome":"São Paulo"},"id":"195"},{"arcs":[[-591,-595,595,596,597,598,599]],"type":"Polygon","properties":{"codigo":"196","nome":"Vila Suzana","municipio_nome":"São Paulo"},"id":"196"},{"arcs":[[-398,-592,-600,600]],"type":"Polygon","properties":{"codigo":"197","nome":"Portal do Morumbi","municipio_nome":"São Paulo"},"id":"197"},{"arcs":[[-395,-399,-601,-599,601,602,603,604,-400]],"type":"Polygon","properties":{"codigo":"198","nome":"Vila Sonia","municipio_nome":"São Paulo"},"id":"198"},{"arcs":[[-401,-605,605,606,607,-408]],"type":"Polygon","properties":{"codigo":"199","nome":"Jardim Bonfiglioli","municipio_nome":"São Paulo"},"id":"199"},{"arcs":[[-604,608,609,-606]],"type":"Polygon","properties":{"codigo":"200","nome":"Jardim Maria do Carmo","municipio_nome":"São Paulo"},"id":"200"},{"arcs":[[-409,-608,610,611,-419]],"type":"Polygon","properties":{"codigo":"201","nome":"Rio Pequeno","municipio_nome":"São Paulo"},"id":"201"},{"arcs":[[-420,-612,612,613,614]],"type":"Polygon","properties":{"codigo":"202","nome":"Jardim Adalgiza","municipio_nome":"São Paulo"},"id":"202"},{"arcs":[[-421,-615,615,616,617,618]],"type":"Polygon","properties":{"codigo":"203","nome":"Santo Antonio","municipio_nome":"Osasco"},"id":"203"},{"arcs":[[-422,-619,619]],"type":"Polygon","properties":{"codigo":"204","nome":"Osasco","municipio_nome":"Osasco"},"id":"204"},{"arcs":[[-417,-620,-618,620,621,622,623,624]],"type":"Polygon","properties":{"codigo":"205","nome":"Jardim Piratininga","municipio_nome":"Osasco"},"id":"205"},{"arcs":[[-414,-418,-625,625,626,-429,-423]],"type":"Polygon","properties":{"codigo":"206","nome":"Mutinga","municipio_nome":"Osasco"},"id":"206"},{"arcs":[[-430,-627,627,628,629]],"type":"Polygon","properties":{"codigo":"207","nome":"Três Montanhas","municipio_nome":"Osasco"},"id":"207"},{"arcs":[[-431,-630,630,631,632,-436]],"type":"Polygon","properties":{"codigo":"208","nome":"Jaraguá","municipio_nome":"São Paulo"},"id":"208"},{"arcs":[[-437,-633,633,634,635,636,-451]],"type":"Polygon","properties":{"codigo":"209","nome":"Parada de Taipas","municipio_nome":"São Paulo"},"id":"209"},{"arcs":[[-448,-452,-637,637,-456]],"type":"Polygon","properties":{"codigo":"210","nome":"Jardim Damasceno","municipio_nome":"São Paulo"},"id":"210"},{"arcs":[[-636,638,639,-638]],"type":"Polygon","properties":{"codigo":"211","nome":"Vista Alegre","municipio_nome":"São Paulo"},"id":"211"},{"arcs":[[-457,-640,640,641,642,-461]],"type":"Polygon","properties":{"codigo":"212","nome":"Reserva da Cantareira","municipio_nome":"São Paulo"},"id":"212"},{"arcs":[[-462,-643,643,644]],"type":"Polygon","properties":{"codigo":"213","nome":"ETA Guaraú","municipio_nome":"São Paulo"},"id":"213"},{"arcs":[[-468,-645,645,646,647,648]],"type":"Polygon","properties":{"codigo":"214","nome":"Cantareira","municipio_nome":"São Paulo"},"id":"214"},{"arcs":[[-649,649,650,-481,-479,-471,-469]],"type":"Polygon","properties":{"codigo":"215","nome":"Jardim das Pedras","municipio_nome":"São Paulo"},"id":"215"},{"arcs":[[-482,-651,651,652,653,-484]],"type":"Polygon","properties":{"codigo":"216","nome":"Picanço","municipio_nome":"Guarulhos"},"id":"216"},{"arcs":[[-284,-487,-485,-654,654,655]],"type":"Polygon","properties":{"codigo":"217","nome":"Jardim América","municipio_nome":"Guarulhos"},"id":"217"},{"arcs":[[-493,656,-498,-495]],"type":"Polygon","properties":{"codigo":"218","nome":"Parque Buturussu","municipio_nome":"São Paulo"},"id":"218"},{"arcs":[[-287,657,658,659,660,-499,-657,-492]],"type":"Polygon","properties":{"codigo":"219","nome":"Limoeiro","municipio_nome":"São Paulo"},"id":"219"},{"arcs":[[-660,661,662,663]],"type":"Polygon","properties":{"codigo":"220","nome":"Vila Jacuí","municipio_nome":"São Paulo"},"id":"220"},{"arcs":[[-659,664,665,666,-662]],"type":"Polygon","properties":{"codigo":"221","nome":"São Miguel Paulista","municipio_nome":"São Paulo"},"id":"221"},{"arcs":[[-666,667,668,669,670]],"type":"Polygon","properties":{"codigo":"222","nome":"Cidade Nitro-Operária","municipio_nome":"São Paulo"},"id":"222"},{"arcs":[[-500,-661,671,672,673,-506]],"type":"Polygon","properties":{"codigo":"223","nome":"Vila Campanela","municipio_nome":"São Paulo"},"id":"223"},{"arcs":[[-664,674,675,-672]],"type":"Polygon","properties":{"codigo":"224","nome":"Rio Verde","municipio_nome":"São Paulo"},"id":"224"},{"arcs":[[-663,-667,-671,676,677,678,-675]],"type":"Polygon","properties":{"codigo":"225","nome":"Saudade","municipio_nome":"São Paulo"},"id":"225"},{"arcs":[[-673,-676,-679,679,680,681]],"type":"Polygon","properties":{"codigo":"226","nome":"Parada XV","municipio_nome":"São Paulo"},"id":"226"},{"arcs":[[-509,-674,-682,682,683,684,685,686]],"type":"Polygon","properties":{"codigo":"227","nome":"Itaquera","municipio_nome":"São Paulo"},"id":"227"},{"arcs":[[-510,-687,687,-518,-512]],"type":"Polygon","properties":{"codigo":"228","nome":"Santa Marcelina","municipio_nome":"São Paulo"},"id":"228"},{"arcs":[[-519,-688,-686,688,689]],"type":"Polygon","properties":{"codigo":"229","nome":"Vila Carmosina","municipio_nome":"São Paulo"},"id":"229"},{"arcs":[[-685,690,691,692,-689]],"type":"Polygon","properties":{"codigo":"230","nome":"Fazenda Caguaçú","municipio_nome":"São Paulo"},"id":"230"},{"arcs":[[-520,-690,-693,693,694]],"type":"Polygon","properties":{"codigo":"231","nome":"Parque do Carmo","municipio_nome":"São Paulo"},"id":"231"},{"arcs":[[-516,-521,-695,695,696,697,-525]],"type":"Polygon","properties":{"codigo":"232","nome":"Rio Claro","municipio_nome":"São Paulo"},"id":"232"},{"arcs":[[-526,-698,698,699,700,701,702,-531]],"type":"Polygon","properties":{"codigo":"233","nome":"São Mateus","municipio_nome":"São Paulo"},"id":"233"},{"arcs":[[-697,703,704,-699]],"type":"Polygon","properties":{"codigo":"234","nome":"Cidade Satélite","municipio_nome":"São Paulo"},"id":"234"},{"arcs":[[-532,-703,705,-538,-536]],"type":"Polygon","properties":{"codigo":"235","nome":"Fazenda da Juta","municipio_nome":"São Paulo"},"id":"235"},{"arcs":[[-700,-705,706,707,708,709]],"type":"Polygon","properties":{"codigo":"236","nome":"Rodolfo Pirani","municipio_nome":"São Paulo"},"id":"236"},{"arcs":[[-539,-706,-702,710,711,-544]],"type":"Polygon","properties":{"codigo":"237","nome":"Parque das Nações","municipio_nome":"Santo André"},"id":"237"},{"arcs":[[-701,-710,712,713,714,715,-711]],"type":"Polygon","properties":{"codigo":"238","nome":"Capuava","municipio_nome":"Mauá"},"id":"238"},{"arcs":[[-545,-712,-716,716,717,718]],"type":"Polygon","properties":{"codigo":"239","nome":"Jardim do Estádio","municipio_nome":"Santo André"},"id":"239"},{"arcs":[[-546,-719,719,720,-548]],"type":"Polygon","properties":{"codigo":"240","nome":"S. Bernardo do Campo","municipio_nome":"São Bernardo"},"id":"240"},{"arcs":[[-549,-721,721,722,723]],"type":"Polygon","properties":{"codigo":"241","nome":"Planalto","municipio_nome":"São Bernardo"},"id":"241"},{"arcs":[[-550,-724,724,725,726,-552]],"type":"Polygon","properties":{"codigo":"242","nome":"Piraporinha","municipio_nome":"Diadema"},"id":"242"},{"arcs":[[-726,727,728]],"type":"Polygon","properties":{"codigo":"243","nome":"Eldorado","municipio_nome":"Diadema"},"id":"243"},{"arcs":[[-553,-727,-729,729,730,731,-558]],"type":"Polygon","properties":{"codigo":"244","nome":"Pedreira","municipio_nome":"São Paulo"},"id":"244"},{"arcs":[[-559,-732,732,-571,-568,-562]],"type":"Polygon","properties":{"codigo":"245","nome":"Mar Paulista","municipio_nome":"São Paulo"},"id":"245"},{"arcs":[[-731,733,734,735,-733]],"type":"Polygon","properties":{"codigo":"246","nome":"SESC Interlagos","municipio_nome":"São Paulo"},"id":"246"},{"arcs":[[-572,-736,736,737,738]],"type":"Polygon","properties":{"codigo":"247","nome":"Rio Bonito","municipio_nome":"São Paulo"},"id":"247"},{"arcs":[[-577,-739,739,740,741]],"type":"Polygon","properties":{"codigo":"248","nome":"Parque Interlagos","municipio_nome":"São Paulo"},"id":"248"},{"arcs":[[-738,742,743,744,745,-740]],"type":"Polygon","properties":{"codigo":"249","nome":"Jardim Represa","municipio_nome":"São Paulo"},"id":"249"},{"arcs":[[-578,-742,746,747,-585]],"type":"Polygon","properties":{"codigo":"250","nome":"Vila Socorro","municipio_nome":"São Paulo"},"id":"250"},{"arcs":[[-741,-746,748,749,750,751,-747]],"type":"Polygon","properties":{"codigo":"251","nome":"Guarapiranga","municipio_nome":"São Paulo"},"id":"251"},{"arcs":[[-586,-748,-752,752,753,754,-593]],"type":"Polygon","properties":{"codigo":"252","nome":"Centro Empresarial","municipio_nome":"São Paulo"},"id":"252"},{"arcs":[[-751,755,756,757,-753]],"type":"Polygon","properties":{"codigo":"253","nome":"Jardim Angela","municipio_nome":"São Paulo"},"id":"253"},{"arcs":[[-594,-755,758,759,-596]],"type":"Polygon","properties":{"codigo":"254","nome":"Jardim São Luis","municipio_nome":"São Paulo"},"id":"254"},{"arcs":[[-754,-758,760,761,762,763,-759]],"type":"Polygon","properties":{"codigo":"255","nome":"Capão Redondo","municipio_nome":"São Paulo"},"id":"255"},{"arcs":[[-597,-760,-764,764,765,766,767]],"type":"Polygon","properties":{"codigo":"256","nome":"Parque Arariba","municipio_nome":"São Paulo"},"id":"256"},{"arcs":[[-598,-768,768,769,770,-602]],"type":"Polygon","properties":{"codigo":"257","nome":"Jardim Umarizal","municipio_nome":"São Paulo"},"id":"257"},{"arcs":[[-767,771,772,-769]],"type":"Polygon","properties":{"codigo":"258","nome":"Pirajussara","municipio_nome":"São Paulo"},"id":"258"},{"arcs":[[-766,773,774,775,-772]],"type":"Polygon","properties":{"codigo":"259","nome":"Jardim Mitsutani","municipio_nome":"São Paulo"},"id":"259"},{"arcs":[[-603,-771,776,777,-609]],"type":"Polygon","properties":{"codigo":"260","nome":"Taboão","municipio_nome":"Taboão da Serra"},"id":"260"},{"arcs":[[-770,-773,-776,778,779,780,781,782,783,-777]],"type":"Polygon","properties":{"codigo":"261","nome":"Parque Pinheiros","municipio_nome":"Taboão da Serra"},"id":"261"},{"arcs":[[-607,-610,-778,-784,784,785,-613,-611]],"type":"Polygon","properties":{"codigo":"262","nome":"Jardim Cambará","municipio_nome":"São Paulo"},"id":"262"},{"arcs":[[-783,786,787,-785]],"type":"Polygon","properties":{"codigo":"263","nome":"Jardim João XXIII","municipio_nome":"São Paulo"},"id":"263"},{"arcs":[[-614,-786,-788,788,789,-616]],"type":"Polygon","properties":{"codigo":"264","nome":"Raposo Tavares","municipio_nome":"São Paulo"},"id":"264"},{"arcs":[[-782,790,791,792,-789,-787]],"type":"Polygon","properties":{"codigo":"265","nome":"Jardim das Flores","municipio_nome":"Osasco"},"id":"265"},{"arcs":[[-617,-790,-793,793,794,-621]],"type":"Polygon","properties":{"codigo":"266","nome":"Jardim Veloso","municipio_nome":"Osasco"},"id":"266"},{"arcs":[[-622,-795,795,796,797,798,799]],"type":"Polygon","properties":{"codigo":"267","nome":"Carapicuiba","municipio_nome":"Carapicuiba"},"id":"267"},{"arcs":[[-623,-800,800,801]],"type":"Polygon","properties":{"codigo":"268","nome":"Tamboré","municipio_nome":"Barueri"},"id":"268"},{"arcs":[[-624,-802,802,803,804,-628,-626]],"type":"Polygon","properties":{"codigo":"269","nome":"Aphaville","municipio_nome":"Barueri"},"id":"269"},{"arcs":[[-629,-805,805,806,807]],"type":"Polygon","properties":{"codigo":"270","nome":"Parque Morro Doce","municipio_nome":"São Paulo"},"id":"270"},{"arcs":[[-631,-808,808,809,810]],"type":"Polygon","properties":{"codigo":"271","nome":"Anhanguera","municipio_nome":"São Paulo"},"id":"271"},{"arcs":[[-632,-811,811,812,813,-634]],"type":"Polygon","properties":{"codigo":"272","nome":"Perus","municipio_nome":"São Paulo"},"id":"272"},{"arcs":[[-635,-814,814,815,816,-641,-639]],"type":"Polygon","properties":{"codigo":"273","nome":"Melhoramentos","municipio_nome":"Caieiras"},"id":"273"},{"arcs":[[-642,-817,817,818,819,820,-646,-644]],"type":"Polygon","properties":{"codigo":"274","nome":"Paiva Castro","municipio_nome":"Mairiporã"},"id":"274"},{"arcs":[[-648,821,822,823,-652,-650]],"type":"Polygon","properties":{"codigo":"275","nome":"Morro dos Macacos","municipio_nome":"Guarulhos"},"id":"275"},{"arcs":[[-653,-824,824,825,826,827,828,-655]],"type":"Polygon","properties":{"codigo":"276","nome":"Estr.de Nazaré Paulista","municipio_nome":"Guarulhos"},"id":"276"},{"arcs":[[-285,-656,-829,829]],"type":"Polygon","properties":{"codigo":"277","nome":"Cumbica","municipio_nome":"Guarulhos"},"id":"277"},{"arcs":[[-286,-830,-828,830,831,832,833,834,835,-668,-665,-658]],"type":"Polygon","properties":{"codigo":"278","nome":"Pimentas","municipio_nome":"Guarulhos"},"id":"278"},{"arcs":[[-669,-836,836,837]],"type":"Polygon","properties":{"codigo":"279","nome":"Jardim Helena","municipio_nome":"São Paulo"},"id":"279"},{"arcs":[[-835,838,839,840,-837]],"type":"Polygon","properties":{"codigo":"280","nome":"Jardim Romano","municipio_nome":"São Paulo"},"id":"280"},{"arcs":[[-670,-838,841,842,843]],"type":"Polygon","properties":{"codigo":"281","nome":"Vila Curuçá","municipio_nome":"São Paulo"},"id":"281"},{"arcs":[[-841,844,845,-842]],"type":"Polygon","properties":{"codigo":"282","nome":"Itaim Paulista","municipio_nome":"São Paulo"},"id":"282"},{"arcs":[[-840,846,847,-845]],"type":"Polygon","properties":{"codigo":"283","nome":"Jardim das Oliveiras","municipio_nome":"São Paulo"},"id":"283"},{"arcs":[[-677,-844,848,849,850]],"type":"Polygon","properties":{"codigo":"284","nome":"Jardim Robru","municipio_nome":"São Paulo"},"id":"284"},{"arcs":[[-843,-846,-848,851,852,853,-849]],"type":"Polygon","properties":{"codigo":"285","nome":"Fazenda Itaim","municipio_nome":"São Paulo"},"id":"285"},{"arcs":[[-678,-851,854,855,856,-680]],"type":"Polygon","properties":{"codigo":"286","nome":"Lageado","municipio_nome":"São Paulo"},"id":"286"},{"arcs":[[-850,-854,857,858,859,-855]],"type":"Polygon","properties":{"codigo":"287","nome":"Bandeirantes","municipio_nome":"São Paulo"},"id":"287"},{"arcs":[[-853,860,861,862,-858]],"type":"Polygon","properties":{"codigo":"288","nome":"Santos Dumont","municipio_nome":"Ferraz de Vasconcelos"},"id":"288"},{"arcs":[[-681,-857,863,864,-683]],"type":"Polygon","properties":{"codigo":"289","nome":"José Bonifácio","municipio_nome":"São Paulo"},"id":"289"},{"arcs":[[-856,-860,865,866,867,-864]],"type":"Polygon","properties":{"codigo":"290","nome":"Guaianazes","municipio_nome":"São Paulo"},"id":"290"},{"arcs":[[-859,-863,868,869,870,-866]],"type":"Polygon","properties":{"codigo":"291","nome":"Juscelino Kubitschek","municipio_nome":"São Paulo"},"id":"291"},{"arcs":[[-684,-865,-868,871,872,873,-691]],"type":"Polygon","properties":{"codigo":"292","nome":"Gleba do Pessêgo","municipio_nome":"São Paulo"},"id":"292"},{"arcs":[[-867,-871,874,875,876,-872]],"type":"Polygon","properties":{"codigo":"293","nome":"Cidade Tiradentes","municipio_nome":"São Paulo"},"id":"293"},{"arcs":[[-692,-874,877,878,-707,-704,-696,-694]],"type":"Polygon","properties":{"codigo":"294","nome":"Iguatemi","municipio_nome":"São Paulo"},"id":"294"},{"arcs":[[-873,-877,879,880,881,-878]],"type":"Polygon","properties":{"codigo":"295","nome":"Terceira Divisão","municipio_nome":"São Paulo"},"id":"295"},{"arcs":[[-708,-879,-882,882]],"type":"Polygon","properties":{"codigo":"296","nome":"Parque São Rafael","municipio_nome":"São Paulo"},"id":"296"},{"arcs":[[-709,-883,-881,883,884,885,-713]],"type":"Polygon","properties":{"codigo":"297","nome":"Mauá","municipio_nome":"Mauá"},"id":"297"},{"arcs":[[-715,886,887,888,889,-717]],"type":"Polygon","properties":{"codigo":"298","nome":"Parque do Pedroso","municipio_nome":"Santo André"},"id":"298"},{"arcs":[[-718,-890,890,891,-722,-720]],"type":"Polygon","properties":{"codigo":"299","nome":"Demarchi","municipio_nome":"São Bernardo"},"id":"299"},{"arcs":[[-723,-892,892,893,894,895,-728,-725]],"type":"Polygon","properties":{"codigo":"300","nome":"Resesrvatório Billings","municipio_nome":"São Bernardo"},"id":"300"},{"arcs":[[-730,-896,896,897,-734]],"type":"Polygon","properties":{"codigo":"301","nome":"Cocaia","municipio_nome":"São Paulo"},"id":"301"},{"arcs":[[-735,-898,898,899,900]],"type":"Polygon","properties":{"codigo":"302","nome":"Grajaú","municipio_nome":"São Paulo"},"id":"302"},{"arcs":[[-737,-901,901,902,-743]],"type":"Polygon","properties":{"codigo":"303","nome":"Jardim Presidente","municipio_nome":"São Paulo"},"id":"303"},{"arcs":[[-745,903,904,905,-749]],"type":"Polygon","properties":{"codigo":"304","nome":"Jardim Capela","municipio_nome":"São Paulo"},"id":"304"},{"arcs":[[-750,-906,906,907,-756]],"type":"Polygon","properties":{"codigo":"305","nome":"Riviera","municipio_nome":"São Paulo"},"id":"305"},{"arcs":[[-757,-908,908,909,-761]],"type":"Polygon","properties":{"codigo":"306","nome":"M' Boi Mirim","municipio_nome":"São Paulo"},"id":"306"},{"arcs":[[-762,-910,910,911,912]],"type":"Polygon","properties":{"codigo":"307","nome":"Adventista","municipio_nome":"São Paulo"},"id":"307"},{"arcs":[[-763,-913,913,-774,-765]],"type":"Polygon","properties":{"codigo":"308","nome":"Parque Fernanda","municipio_nome":"São Paulo"},"id":"308"},{"arcs":[[-775,-914,-912,914,915,-779]],"type":"Polygon","properties":{"codigo":"309","nome":"Santo Eduardo","municipio_nome":"Embu"},"id":"309"},{"arcs":[[-780,-916,916,917,918]],"type":"Polygon","properties":{"codigo":"310","nome":"Embu","municipio_nome":"Embu"},"id":"310"},{"arcs":[[-918,919,920,921,922]],"type":"Polygon","properties":{"codigo":"311","nome":"Ressaca","municipio_nome":"Embu"},"id":"311"},{"arcs":[[-781,-919,-923,923,924,925,-791]],"type":"Polygon","properties":{"codigo":"312","nome":"Granja Viana","municipio_nome":"Cotia"},"id":"312"},{"arcs":[[-792,-926,926,-796,-794]],"type":"Polygon","properties":{"codigo":"313","nome":"Aldeia da Carapicuiba","municipio_nome":"Carapicuiba"},"id":"313"},{"arcs":[[-925,927,928,929,930,-927]],"type":"Polygon","properties":{"codigo":"314","nome":"Ribeirão das Pombas","municipio_nome":"Jandira"},"id":"314"},{"arcs":[[-797,-931,931,932,933,934,935]],"type":"Polygon","properties":{"codigo":"315","nome":"Jardim Silveira","municipio_nome":"Barueri"},"id":"315"},{"arcs":[[-930,936,937,-932]],"type":"Polygon","properties":{"codigo":"316","nome":"Jandira","municipio_nome":"Jandira"},"id":"316"},{"arcs":[[-798,-936,938]],"type":"Polygon","properties":{"codigo":"317","nome":"Quitaúna","municipio_nome":"Barueri"},"id":"317"},{"arcs":[[-933,-938,939,940]],"type":"Polygon","properties":{"codigo":"318","nome":"Ribeirão Itaqui","municipio_nome":"Jandira"},"id":"318"},{"arcs":[[-799,-939,-935,941,942,-803,-801]],"type":"Polygon","properties":{"codigo":"319","nome":"Barueri","municipio_nome":"Barueri"},"id":"319"},{"arcs":[[-934,-941,943,944,-942]],"type":"Polygon","properties":{"codigo":"320","nome":"Jardim Belval","municipio_nome":"Barueri"},"id":"320"},{"arcs":[[-804,-943,-945,945,946,947,948,949,-806]],"type":"Polygon","properties":{"codigo":"321","nome":"Santana do Parnaíba","municipio_nome":"Santana do Parnaiba"},"id":"321"},{"arcs":[[-807,-950,950,951,952,-809]],"type":"Polygon","properties":{"codigo":"322","nome":"Cajamar","municipio_nome":"Cajamar"},"id":"322"},{"arcs":[[-810,-953,953,954,-812]],"type":"Polygon","properties":{"codigo":"323","nome":"Santa Inês","municipio_nome":"Caieiras"},"id":"323"},{"arcs":[[-813,-955,955,956,-815]],"type":"Polygon","properties":{"codigo":"324","nome":"Caieiras","municipio_nome":"Caieiras"},"id":"324"},{"arcs":[[-816,-957,957,958,959,960,-818]],"type":"Polygon","properties":{"codigo":"325","nome":"Franco da Rocha","municipio_nome":"Franco da Rocha"},"id":"325"},{"arcs":[[-647,-821,961,962,-822]],"type":"Polygon","properties":{"codigo":"326","nome":"Mairiporã","municipio_nome":"Mairiporã"},"id":"326"},{"arcs":[[-827,963,964,965,-831]],"type":"Polygon","properties":{"codigo":"327","nome":"Arujazinho","municipio_nome":"Arujá"},"id":"327"},{"arcs":[[-832,-966,966,967,968]],"type":"Polygon","properties":{"codigo":"328","nome":"Arujá","municipio_nome":"Arujá"},"id":"328"},{"arcs":[[-833,-969,969,970,971]],"type":"Polygon","properties":{"codigo":"329","nome":"Bonsucesso","municipio_nome":"Itaquaquecetuba"},"id":"329"},{"arcs":[[-968,972,973,974,-970]],"type":"Polygon","properties":{"codigo":"330","nome":"Fazenda Velha","municipio_nome":"Arujá"},"id":"330"},{"arcs":[[-847,-839,-834,-972,975,976,977,-852]],"type":"Polygon","properties":{"codigo":"331","nome":"Itaquaquecetuba","municipio_nome":"Itaquaquecetuba"},"id":"331"},{"arcs":[[-971,-975,978,979,980,-976]],"type":"Polygon","properties":{"codigo":"332","nome":"Pinheirinho","municipio_nome":"Itaquaquecetuba"},"id":"332"},{"arcs":[[-980,981,982,983,984,985]],"type":"Polygon","properties":{"codigo":"333","nome":"Jd. Graziella","municipio_nome":"Mogi das Cruzes"},"id":"333"},{"arcs":[[-861,-978,986,987,988,989]],"type":"Polygon","properties":{"codigo":"334","nome":"Poá","municipio_nome":"Poá"},"id":"334"},{"arcs":[[-977,-981,-986,990,991,-987]],"type":"Polygon","properties":{"codigo":"335","nome":"Miguel Badra","municipio_nome":"Suzano"},"id":"335"},{"arcs":[[-862,-990,992,993,-869]],"type":"Polygon","properties":{"codigo":"336","nome":"Ferraz de Vasconcelos","municipio_nome":"Ferraz de Vasconcelos"},"id":"336"},{"arcs":[[-989,994,995,-993]],"type":"Polygon","properties":{"codigo":"337","nome":"Jardim São José","municipio_nome":"Poá"},"id":"337"},{"arcs":[[-988,-992,996,997,998,999,-995]],"type":"Polygon","properties":{"codigo":"338","nome":"Suzano","municipio_nome":"Suzano"},"id":"338"},{"arcs":[[-985,1000,1001,-997,-991]],"type":"Polygon","properties":{"codigo":"339","nome":"Jundiapeba","municipio_nome":"Mogi das Cruzes"},"id":"339"},{"arcs":[[-870,-994,-996,-1000,1002,1003,-875]],"type":"Polygon","properties":{"codigo":"340","nome":"Paiol Velho","municipio_nome":"Ferraz de Vasconcelos"},"id":"340"},{"arcs":[[-999,1004,1005,1006,1007,1008,-1003]],"type":"Polygon","properties":{"codigo":"341","nome":"Ouro Fino","municipio_nome":"Suzano"},"id":"341"},{"arcs":[[-876,-1004,1009,-884,-880]],"type":"Polygon","properties":{"codigo":"342","nome":"Vista Alegre","municipio_nome":"Mauá"},"id":"342"},{"arcs":[[-885,-1010,-1009,1010,1011]],"type":"Polygon","properties":{"codigo":"343","nome":"Jardim Santa Luzia","municipio_nome":"Ribeirão Pires"},"id":"343"},{"arcs":[[-1008,1012,1013,-1011]],"type":"Polygon","properties":{"codigo":"344","nome":"Ouro Fino Paulista","municipio_nome":"Ribeirão Pires"},"id":"344"},{"arcs":[[-714,-886,-1012,-1014,1014,1015,1016,-887]],"type":"Polygon","properties":{"codigo":"345","nome":"Ribeirão Pires","municipio_nome":"Ribeirão Pires"},"id":"345"},{"arcs":[[-889,1017,1018,-893,-891]],"type":"Polygon","properties":{"codigo":"346","nome":"Riacho Grande","municipio_nome":"São Bernardo"},"id":"346"},{"arcs":[[-895,1019,1020,-899,-897]],"type":"Polygon","properties":{"codigo":"347","nome":"Bororé","municipio_nome":"São Paulo"},"id":"347"},{"arcs":[[-900,-1021,1021,1022,1023,1024,-902]],"type":"Polygon","properties":{"codigo":"348","nome":"Parelheiros","municipio_nome":"São Paulo"},"id":"348"},{"arcs":[[-744,-903,-1025,1025,1026,1027,-904]],"type":"Polygon","properties":{"codigo":"349","nome":"Jaceguava","municipio_nome":"São Paulo"},"id":"349"},{"arcs":[[-1027,1028,1029,1030,1031]],"type":"Polygon","properties":{"codigo":"350","nome":"Embu Guaçu","municipio_nome":"Embu Guaçu"},"id":"350"},{"arcs":[[-905,-1028,-1032,1032,1033,-917,-915,-911,-909,-907]],"type":"Polygon","properties":{"codigo":"351","nome":"Itapecerica da Serra","municipio_nome":"Itapecerica da Serra"},"id":"351"},{"arcs":[[-1031,1034,1035,-1033]],"type":"Polygon","properties":{"codigo":"352","nome":"Jardim Petrópolis","municipio_nome":"Itapecerica da Serra"},"id":"352"},{"arcs":[[-920,-1034,-1036,1036,1037,1038]],"type":"Polygon","properties":{"codigo":"353","nome":"Embu-Mirim","municipio_nome":"Itapecerica da Serra"},"id":"353"},{"arcs":[[-921,-1039,1039,1040]],"type":"Polygon","properties":{"codigo":"354","nome":"Capueira","municipio_nome":"Cotia"},"id":"354"},{"arcs":[[-922,-1041,1041,1042,1043,1044,-928,-924]],"type":"Polygon","properties":{"codigo":"355","nome":"Cotia","municipio_nome":"Cotia"},"id":"355"},{"arcs":[[-929,-1045,1045,1046,-946,-944,-940,-937]],"type":"Polygon","properties":{"codigo":"356","nome":"Itapevi","municipio_nome":"Itapeví"},"id":"356"},{"arcs":[[-948,1047,1048]],"type":"Polygon","properties":{"codigo":"357","nome":"Pirapora do Bom Jesus","municipio_nome":"Pirapora do Bom Jesus"},"id":"357"},{"arcs":[[-949,-1049,1049,1050,-951]],"type":"Polygon","properties":{"codigo":"358","nome":"Anhanguera","municipio_nome":"Cajamar"},"id":"358"},{"arcs":[[-952,-1051,1051,1052,-958,-956,-954]],"type":"Polygon","properties":{"codigo":"359","nome":"Cristais","municipio_nome":"Franco da Rocha"},"id":"359"},{"arcs":[[-959,-1053,1053,1054]],"type":"Polygon","properties":{"codigo":"360","nome":"Sete Voltas","municipio_nome":"Francisco Morato"},"id":"360"},{"arcs":[[-960,-1055,1055,1056,1057]],"type":"Polygon","properties":{"codigo":"361","nome":"Francisco Morato","municipio_nome":"Francisco Morato"},"id":"361"},{"arcs":[[-1057,1058,1059]],"type":"Polygon","properties":{"codigo":"362","nome":"Cascatas","municipio_nome":"Francisco Morato"},"id":"362"},{"arcs":[[-819,-961,-1058,-1060,1060,1061]],"type":"Polygon","properties":{"codigo":"363","nome":"Juqueri","municipio_nome":"Franco da Rocha"},"id":"363"},{"arcs":[[-820,-1062,1062,1063,-962]],"type":"Polygon","properties":{"codigo":"364","nome":"Colinas","municipio_nome":"Mairiporã"},"id":"364"},{"arcs":[[-823,-963,-1064,1064,1065,-825]],"type":"Polygon","properties":{"codigo":"365","nome":"Pirucaia","municipio_nome":"Mairiporã"},"id":"365"},{"arcs":[[-826,-1066,1066,1067,-964]],"type":"Polygon","properties":{"codigo":"366","nome":"Vasconcelândia","municipio_nome":"Guarulhos"},"id":"366"},{"arcs":[[-965,-1068,1068,1069,1070,1071,1072,-973,-967]],"type":"Polygon","properties":{"codigo":"367","nome":"Jaguari","municipio_nome":"Santa Isabel"},"id":"367"},{"arcs":[[-1072,1073]],"type":"Polygon","properties":{"codigo":"368","nome":"Santa Isabel","municipio_nome":"Santa Isabel"},"id":"368"},{"arcs":[[-974,-1073,-1074,-1071,1074,1075,1076,1077,-982,-979]],"type":"Polygon","properties":{"codigo":"369","nome":"Itapeti","municipio_nome":"Mogi das Cruzes"},"id":"369"},{"arcs":[[-1070,1078,1079,1080,1081,-1075]],"type":"Polygon","properties":{"codigo":"370","nome":"Guararema","municipio_nome":"Guararema"},"id":"370"},{"arcs":[[-984,1082,1083,-1001]],"type":"Polygon","properties":{"codigo":"371","nome":"Brás Cubas","municipio_nome":"Mogi das Cruzes"},"id":"371"},{"arcs":[[-983,-1078,1084,1085,-1083]],"type":"Polygon","properties":{"codigo":"372","nome":"Mogi das Cruzes","municipio_nome":"Mogi das Cruzes"},"id":"372"},{"arcs":[[-1077,1086,1087,-1085]],"type":"Polygon","properties":{"codigo":"373","nome":"César de Souza","municipio_nome":"Mogi das Cruzes"},"id":"373"},{"arcs":[[-1076,-1082,1088,-1087]],"type":"Polygon","properties":{"codigo":"374","nome":"Sabaúna","municipio_nome":"Mogi das Cruzes"},"id":"374"},{"arcs":[[-998,-1002,-1084,-1086,-1088,1089,1090,1091,-1005]],"type":"Polygon","properties":{"codigo":"375","nome":"Reservatório de Jundiaí","municipio_nome":"Mogi das Cruzes"},"id":"375"},{"arcs":[[-1081,1092,1093,-1090,-1089]],"type":"Polygon","properties":{"codigo":"376","nome":"Biritiba Mirim","municipio_nome":"Biritiba Mirim"},"id":"376"},{"arcs":[[-1080,1094,-1093]],"type":"Polygon","properties":{"codigo":"377","nome":"Salesópolis","municipio_nome":"Salesópolis"},"id":"377"},{"arcs":[[-1007,1095,1096,-1015,-1013]],"type":"Polygon","properties":{"codigo":"378","nome":"Parque Sete Pontes","municipio_nome":"Rio Grande da Serra"},"id":"378"},{"arcs":[[-1016,-1097,1097]],"type":"Polygon","properties":{"codigo":"379","nome":"Rio Grande da Serra","municipio_nome":"Rio Grande da Serra"},"id":"379"},{"arcs":[[-888,-1017,-1098,-1096,-1006,-1092,1098,1099,-1018]],"type":"Polygon","properties":{"codigo":"380","nome":"Paranapiacaba","municipio_nome":"Santo André"},"id":"380"},{"arcs":[[-894,-1019,-1100,1100,1101,-1022,-1020]],"type":"Polygon","properties":{"codigo":"381","nome":"Caminho do Mar","municipio_nome":"São Bernardo"},"id":"381"},{"arcs":[[-1023,-1102,1102,1103,1104]],"type":"Polygon","properties":{"codigo":"382","nome":"Marsilac","municipio_nome":"São Paulo"},"id":"382"},{"arcs":[[-1024,-1105,1105,1106,-1029,-1026]],"type":"Polygon","properties":{"codigo":"383","nome":"Cipó","municipio_nome":"Embu Guaçu"},"id":"383"},{"arcs":[[-1030,-1107,1107,1108,1109,-1037,-1035]],"type":"Polygon","properties":{"codigo":"384","nome":"São Lourenço da Serra","municipio_nome":"São Lourenço da Serra"},"id":"384"},{"arcs":[[-1104,1110,-1108,-1106]],"type":"Polygon","properties":{"codigo":"385","nome":"Juquitiba","municipio_nome":"Juquitiba"},"id":"385"},{"arcs":[[-1038,-1110,1111,1112,1113,-1042,-1040]],"type":"Polygon","properties":{"codigo":"386","nome":"Caucaia","municipio_nome":"Cotia"},"id":"386"},{"arcs":[[-1113,1114,1115]],"type":"Polygon","properties":{"codigo":"387","nome":"Caucaia do Alto","municipio_nome":"Cotia"},"id":"387"},{"arcs":[[-1043,-1114,-1116,1116,1117]],"type":"Polygon","properties":{"codigo":"388","nome":"Vargem Gde Paulista","municipio_nome":"Vargem Grande Paulista"},"id":"388"},{"arcs":[[-1044,-1118,1118,-1046]],"type":"Polygon","properties":{"codigo":"389","nome":"Quatro Encruzilhadas","municipio_nome":"Itapeví"},"id":"389"}]}}}