{"type":"Topology","arcs":[[[22469,21874],[-75,-11],[-145,-2],[-87,41],[-3,14],[-102,49],[-32,37]],[[22025,22002],[2,30]],[[22027,22032],[96,163]],[[22123,22195],[39,67]],[[22162,22262],[34,-36],[28,-56],[18,-95],[37,46],[51,-120],[37,-11],[98,-101],[4,-15]],[[22162,22262],[41,71],[20,148],[2,86]],[[22225,22567],[274,-72]],[[22499,22495],[-62,-161],[54,-57],[23,-83],[-5,-98],[7,-47],[30,-53]],[[22546,21996],[26,-81],[-13,-85]],[[22559,21830],[15,-41],[-77,-10]],[[22497,21779],[-9,-1]],[[22488,21778],[-19,96]],[[22488,21778],[-37,-62],[-48,-12]],[[22403,21704],[-204,-18],[-120,19]],[[22079,21705],[30,86],[-1,85],[-83,126]],[[22079,21705],[-173,27],[-90,34],[-40,39],[-24,64]],[[21752,21869],[-20,56]],[[21732,21925],[-60,136]],[[21672,22061],[57,15],[148,-27],[93,12],[57,-29]],[[21672,22061],[2,249]],[[21674,22310],[43,33],[17,82]],[[21734,22425],[389,-230]],[[21734,22425],[221,170],[50,4]],[[22005,22599],[85,2],[135,-34]],[[22005,22599],[-84,116],[-45,87],[-35,36],[-48,25],[-64,6]],[[21729,22869],[31,27],[147,75],[124,70],[27,-7]],[[22058,23034],[63,-17],[-12,-90],[349,-109],[44,-37],[32,-62]],[[22534,22719],[17,-79]],[[22551,22640],[-5,-31],[-47,-114]],[[21729,22869],[-74,-8],[-6,38]],[[21649,22899],[-8,41],[-186,337],[-44,45]],[[21411,23322],[5,44]],[[21416,23366],[439,-58],[325,-16]],[[22180,23292],[-73,-53],[-39,-50],[15,-20],[-25,-135]],[[22180,23292],[173,-10]],[[22353,23282],[190,-11]],[[22543,23271],[-7,-457]],[[22536,22814],[-2,-95]],[[22543,23271],[106,0],[81,20],[59,5]],[[22789,23296],[38,-5],[109,-56]],[[22936,23235],[-25,-103],[-41,-15],[-12,-44]],[[22858,23073],[-50,-70],[-142,-73],[-15,-58],[-115,-58]],[[22936,23235],[82,-71],[80,-44]],[[23098,23120],[78,-12],[79,14]],[[23255,23122],[36,-146],[18,-18],[-95,-105]],[[23214,22853],[-118,115],[-39,-25],[-32,27],[10,29],[-177,74]],[[23214,22853],[-52,-56]],[[23162,22797],[-116,-127]],[[23046,22670],[-34,30],[-103,-115],[-112,8]],[[22797,22593],[-133,13],[-113,34]],[[22797,22593],[-1,-79],[52,3],[6,-118],[-65,-69]],[[22789,22330],[-43,48],[-67,54],[-102,45],[-78,18]],[[23046,22670],[155,-144],[26,-90]],[[23227,22436],[-166,-47],[-212,-146]],[[22849,22243],[-60,87]],[[23227,22436],[38,-143],[37,-37],[66,-101]],[[23368,22155],[-297,-72],[-110,-12]],[[22961,22071],[-117,169]],[[22844,22240],[5,3]],[[22546,21996],[-14,43],[67,59],[130,66],[115,76]],[[22961,22071],[186,-288]],[[23147,21783],[-312,30],[-276,17]],[[23147,21783],[71,-128],[182,-402]],[[23400,21253],[-39,1],[-132,-60]],[[23229,21194],[-42,51],[-110,-57],[-11,-38]],[[23066,21150],[-26,58],[-30,25],[-84,19],[-42,-5],[-37,21],[-61,73],[-77,109],[-52,19],[-43,-4]],[[22614,21465],[-51,10],[32,109],[-86,41],[-12,154]],[[23066,21150],[-19,-82],[-63,-48],[5,-34],[-38,-36],[-39,-72],[-70,-56],[-11,-24],[18,-55]],[[22849,20743],[-46,35],[-241,-6]],[[22562,20772],[38,212]],[[22600,20984],[62,345],[-19,10],[-22,64],[-7,62]],[[22600,20984],[-91,16],[0,32],[-53,42],[45,88],[-82,64],[-20,0],[-73,92]],[[22326,21318],[-12,127],[8,95]],[[22322,21540],[0,83],[45,3],[36,78]],[[22562,20772],[-98,-2],[-50,-22],[-132,11],[-13,72],[-43,74],[-53,-4],[-99,32]],[[22074,20933],[20,75],[48,-19],[2,41],[51,41],[-39,49],[94,74],[2,64],[74,60]],[[22074,20933],[-54,18]],[[22020,20951],[8,130],[14,56],[-6,44],[136,176]],[[22172,21357],[91,117],[59,66]],[[22020,20951],[-72,23]],[[21948,20974],[17,247],[-4,76],[20,128]],[[21981,21425],[46,-24],[113,-19],[32,-25]],[[21981,21425],[18,95],[39,68],[41,117]],[[21752,21869],[10,-137],[21,-187]],[[21783,21545],[-43,-6],[-10,90],[-71,-7],[-19,-100]],[[21640,21522],[-28,3],[-10,117]],[[21602,21642],[-5,58],[-49,8],[-47,112]],[[21501,21820],[75,44],[98,36],[25,-8],[33,33]],[[21981,21425],[-195,48],[-3,72]],[[21948,20974],[-33,14],[-278,224]],[[21637,21212],[53,92],[-60,53],[10,165]],[[21637,21212],[-188,165]],[[21449,21377],[75,94],[4,115],[74,56]],[[21449,21377],[-81,72]],[[21368,21449],[-125,115]],[[21243,21564],[124,178],[15,8]],[[21382,21750],[119,70]],[[21549,22312],[-49,-162],[-126,-147],[-12,5],[-153,-93]],[[21209,21915],[-33,35]],[[21176,21950],[-11,75],[15,66],[34,91],[-5,65],[25,35],[20,70]],[[21254,22352],[106,-37]],[[21360,22315],[189,-3]],[[21382,21750],[-68,138],[-58,-34],[-47,61]],[[21549,22312],[125,-2]],[[21243,21564],[-158,148],[-68,-34]],[[21017,21678],[-82,24]],[[20935,21702],[65,77],[43,15],[-5,69],[89,15],[49,72]],[[20935,21702],[-130,62],[-227,98]],[[20578,21862],[67,156],[83,26],[95,72]],[[20823,22116],[129,55]],[[20952,22171],[4,-190],[24,-83],[66,41],[23,49],[28,0],[79,-38]],[[20952,22171],[79,204],[9,83],[15,44]],[[21055,22502],[78,-74],[121,-76]],[[21360,22315],[91,338],[17,28],[261,188]],[[21055,22502],[95,211],[-1,174],[18,85]],[[21167,22972],[34,-6],[241,-73],[70,-7],[137,13]],[[21167,22972],[24,103],[23,57],[128,147],[69,43]],[[23255,23122],[91,13],[59,-12],[66,-36],[145,-124]],[[23616,22963],[-168,-67],[6,-98],[36,-91],[35,15],[10,-55],[-24,-9]],[[23511,22658],[-67,-25],[-112,18],[-170,146]],[[23616,22963],[38,-33]],[[23654,22930],[96,-70],[64,-17],[63,-2]],[[23877,22841],[43,7],[201,58]],[[24121,22906],[50,-132],[39,-161]],[[24210,22613],[-282,-69],[-191,-22],[-155,-36]],[[23582,22486],[-71,172]],[[24291,22375],[81,-355]],[[24372,22020],[-70,-29],[19,-32],[-135,-141]],[[24186,21818],[-183,163],[-162,187],[-50,83]],[[23791,22251],[-6,16],[172,32],[334,76]],[[23227,22436],[227,39],[128,11]],[[24210,22613],[26,-108],[34,-58],[21,-72]],[[23791,22251],[-423,-96]],[[24186,21818],[-123,-254]],[[24063,21564],[-324,152]],[[23739,21716],[-69,20],[8,86],[-63,12],[-32,40],[-29,-32],[-387,36],[-1,-94],[-19,-1]],[[24063,21564],[-101,-210],[43,-48],[106,-97],[127,-9],[46,-40],[5,-84],[-22,-30],[19,-30]],[[24286,21016],[-137,-63],[-9,-79],[-68,-117]],[[24072,20757],[-28,242],[-3,138],[-36,52],[-282,160],[-60,62],[-96,133],[106,30],[66,142]],[[24072,20757],[-34,-57],[-58,-30],[-54,9],[-14,-46]],[[23912,20633],[-236,12]],[[23676,20645],[-276,608]],[[24379,20947],[50,5],[2,83],[134,24],[135,-36],[55,-4],[20,24],[-26,53],[-5,238]],[[24744,21334],[88,111],[71,57]],[[24903,21502],[19,-15],[334,-179],[96,-92]],[[25352,21216],[-117,-292]],[[25235,20924],[-25,-233]],[[25210,20691],[-85,6],[-123,-31]],[[25002,20666],[-95,1],[-62,10],[-101,45],[-105,26],[-131,70],[-38,0],[-40,75],[-59,2],[8,52]],[[24063,21564],[145,-68],[94,-8],[5,63],[88,-33],[40,-39],[61,9],[102,-89],[33,-38],[80,1],[33,-28]],[[24379,20947],[-93,69]],[[24372,22020],[58,-115],[107,-24],[137,21],[56,-27],[33,-34]],[[24763,21841],[-30,-130],[44,-62],[40,-24],[86,-123]],[[22562,20772],[-27,-145]],[[22535,20627],[-96,12],[-74,-49],[-105,-3],[-139,-57]],[[22121,20530],[-145,239],[-46,122]],[[21930,20891],[18,83]],[[22849,20743],[154,-118]],[[23003,20625],[-37,-55],[-73,-22],[-22,-21],[-69,-132],[-20,-66]],[[22782,20329],[-91,16],[10,40],[-62,125],[-160,-2]],[[22479,20508],[7,78],[49,41]],[[22782,20329],[-29,-166]],[[22753,20163],[-41,-14],[-75,-87],[-39,-18],[-106,23],[-50,24],[-123,133],[5,33]],[[22324,20257],[5,38],[41,60],[37,10],[54,60],[18,83]],[[22324,20257],[-37,-12],[-103,-6]],[[22184,20239],[28,109],[-21,69],[-70,113]],[[22753,20163],[-23,-106],[-93,-192]],[[22637,19865],[-216,-4],[-289,1]],[[22132,19862],[3,199],[-4,109]],[[22131,20170],[53,69]],[[22132,19862],[-240,-5],[-204,18],[-112,26]],[[21576,19901],[13,196],[10,54]],[[21599,20151],[108,-52],[32,32],[93,-36],[82,3],[147,24],[70,48]],[[21599,20151],[32,40],[-14,49],[68,87]],[[21685,20327],[260,98],[176,105]],[[21685,20327],[-12,49],[25,62],[-4,59],[-59,82],[-20,60]],[[21615,20639],[315,252]],[[21615,20639],[-51,57],[-6,24],[13,96],[5,122],[-85,48],[-33,35]],[[21458,21021],[50,50]],[[21508,21071],[129,141]],[[22637,19865],[-103,-257]],[[22534,19608],[-55,-138],[-6,-84],[26,-79]],[[22499,19307],[-74,-30],[-181,-9],[-31,13],[-108,-51],[-16,65]],[[22089,19295],[3,179],[8,66],[34,135],[-2,187]],[[22499,19307],[16,-67],[-3,-59],[-25,-139],[-4,-140]],[[22483,18902],[-53,-199],[-14,-90]],[[22416,18613],[-145,-24],[-52,-2],[-202,18],[-73,-5],[-63,-42]],[[21881,18558],[51,56],[0,84],[-40,101],[33,41],[-18,181],[-18,47],[-24,150]],[[21865,19218],[107,42],[-3,23],[120,12]],[[21881,18558],[-72,-17],[-43,-49]],[[21766,18492],[-46,69]],[[21720,18561],[-117,31],[-38,57],[-49,120],[-74,136],[-20,53],[-68,45],[-191,95]],[[21163,19098],[116,138]],[[21279,19236],[241,283],[34,82],[12,158]],[[21566,19759],[52,-55],[21,-92],[83,-107],[74,-110],[29,-60],[40,-117]],[[21566,19759],[9,128]],[[21575,19887],[1,14]],[[21599,20151],[-33,77],[-93,-30],[-427,-161]],[[21046,20037],[-18,67],[4,59],[51,451],[-30,43]],[[21053,20657],[127,84],[172,172]],[[21352,20913],[106,108]],[[21575,19887],[-68,-63],[-100,-41],[-37,-37],[-227,192]],[[21143,19938],[-58,50],[-39,49]],[[21279,19236],[-385,328]],[[20894,19564],[258,304],[-37,32],[28,38]],[[20894,19564],[-226,186]],[[20668,19750],[10,84],[0,115]],[[20678,19949],[31,95]],[[20709,20044],[269,-32],[68,25]],[[21163,19098],[-72,37],[-102,26],[-70,31],[-93,78],[-129,63],[-49,40],[-74,92]],[[20574,19465],[56,155],[38,130]],[[20709,20044],[4,87],[15,102],[42,156],[26,69]],[[20796,20458],[17,45]],[[20813,20503],[240,154]],[[20796,20458],[-111,-52],[-47,-40],[-62,-78],[-318,-97]],[[20258,20191],[-92,-10],[-214,67]],[[19952,20248],[25,87],[5,50]],[[19982,20385],[44,1],[33,21],[232,247],[133,-3],[60,11],[199,133],[93,17]],[[20776,20812],[-4,-16],[42,-246],[-1,-47]],[[20678,19949],[-87,6],[-22,72],[-79,-23],[-11,33],[-83,-26],[-39,19],[-19,-38],[-66,34]],[[20272,20026],[33,10],[-47,155]],[[20574,19465],[-64,62],[-57,124],[-45,46],[-134,116],[-72,46]],[[20202,19859],[60,122],[10,45]],[[20574,19465],[-55,-181],[-22,-45]],[[20497,19239],[-143,-231]],[[20354,19008],[-116,88],[-105,58],[-160,53]],[[19973,19207],[35,50],[-84,71],[-5,42],[18,56],[66,77],[-36,31],[20,60],[54,64],[-16,49],[139,162],[38,-10]],[[20354,19008],[-189,-301]],[[20165,18707],[-40,23],[-115,-2],[-64,22],[-118,63],[-104,121],[-113,32]],[[19611,18966],[23,70],[44,239]],[[19678,19275],[144,-25],[151,-43]],[[19678,19275],[52,256],[119,384]],[[19849,19915],[103,333]],[[21508,21071],[-131,107],[-6,-7],[-140,131]],[[21231,21302],[137,147]],[[21352,20913],[-111,110],[-19,-22],[-101,95],[38,43],[-42,39]],[[21117,21178],[114,124]],[[20776,20812],[-11,32],[-249,315],[-35,34],[74,102],[-52,46]],[[20503,21341],[-1,3]],[[20502,21344],[57,35],[58,49]],[[20617,21428],[156,-111],[262,-225],[82,86]],[[21017,21678],[-69,-28],[-58,-43]],[[20890,21607],[-158,-100],[-115,-79]],[[20502,21344],[-143,213],[-24,53]],[[20335,21610],[-27,49],[6,25],[78,60],[85,101],[36,58]],[[20513,21903],[65,-41]],[[20890,21607],[160,-148],[-41,-45],[39,-36],[77,83],[48,-45],[-30,-33],[88,-81]],[[20503,21341],[-373,-218]],[[20130,21123],[-215,323],[-16,15]],[[19899,21461],[40,99],[102,-146],[294,196]],[[19982,20385],[-22,86],[-191,353]],[[19769,20824],[13,13],[248,147],[-25,64],[125,75]],[[19769,20824],[-25,31],[-139,138]],[[19605,20993],[-55,89],[-35,84],[-66,194]],[[19449,21360],[207,193],[19,22]],[[19675,21575],[166,-68],[58,-46]],[[19675,21575],[35,60]],[[19710,21635],[89,171],[38,159],[91,127],[-21,60]],[[19907,22152],[43,-29]],[[19950,22123],[79,-60],[52,-19],[40,2],[59,-21],[61,-53],[29,-11],[145,-9],[98,-49]],[[20983,22635],[-139,-203],[30,-37],[-25,-45],[-41,29],[-75,-102]],[[20733,22277],[-141,100]],[[20592,22377],[35,87],[7,116],[-12,43],[-41,69],[-54,36],[-14,78]],[[20513,22806],[140,-87]],[[20653,22719],[30,-20],[300,-64]],[[20823,22116],[-64,8],[-102,45],[122,70],[-46,38]],[[20983,22635],[71,-46],[-18,-41],[19,-46]],[[20513,21903],[14,57],[23,291],[6,37]],[[20556,22288],[36,89]],[[19950,22123],[54,81],[9,50],[-28,154],[18,48]],[[20003,22456],[48,-8],[31,49],[231,-157],[27,-68],[175,-34],[3,30],[38,20]],[[20003,22456],[40,66]],[[20043,22522],[135,215],[138,206]],[[20316,22943],[104,-84],[93,-53]],[[19907,22152],[-76,74],[-59,42],[-37,66]],[[19735,22334],[-17,125],[16,123],[53,-3],[67,59],[18,60],[54,-25]],[[19926,22673],[38,-25],[-34,-53],[113,-73]],[[19926,22673],[102,160]],[[20028,22833],[80,123],[83,-1],[2,105]],[[20193,23060],[108,-56],[15,-61]],[[20092,23152],[-3,4]],[[20089,23156],[-89,183],[-91,157],[-10,51],[-41,69],[7,91]],[[19865,23707],[151,-30]],[[20016,23677],[189,-36],[106,-45],[99,-81],[104,-40],[234,-29]],[[20748,23446],[168,-21]],[[20916,23425],[-26,-216],[-25,-60],[-118,-146]],[[20747,23003],[-253,20],[-106,29],[-124,66],[-76,28],[-96,6]],[[21167,22972],[-420,31]],[[20916,23425],[500,-59]],[[20653,22719],[102,170],[-69,43],[61,71]],[[20193,23060],[-101,92]],[[19710,21635],[-73,64],[-35,52],[-75,39],[-33,44],[-7,41],[-210,137],[21,36],[1,58],[31,26],[57,88],[-24,17],[39,76],[6,59]],[[19408,22372],[37,-19],[114,-25],[116,-11],[60,17]],[[19449,21360],[-57,89],[-54,44],[-154,83]],[[19184,21576],[-333,170]],[[18851,21746],[24,40],[107,206],[171,165],[33,150],[58,-26],[75,95],[9,35]],[[19328,22411],[44,-5],[36,-34]],[[18851,21746],[-365,188],[-92,62]],[[18394,21996],[-119,106]],[[18275,22102],[175,182],[79,12]],[[18529,22296],[7,77],[65,71],[60,31],[151,-12],[56,37]],[[18868,22500],[27,24],[171,29],[73,-2],[75,-15],[44,-29],[1,-30],[52,-60]],[[19311,22417],[17,-6]],[[19165,23192],[-86,-1],[-76,19],[-60,30],[-54,13],[-224,-11]],[[18665,23242],[-55,66],[-32,112]],[[18578,23420],[92,58],[70,69],[69,106]],[[18809,23653],[38,26],[93,26],[117,-8]],[[19057,23697],[45,-131],[54,-80],[56,-56],[53,-35],[147,-66],[-6,-13]],[[19406,23316],[-60,-5],[-181,-119]],[[20089,23156],[-228,-7],[-96,21],[-268,120],[-7,-13],[-84,39]],[[19057,23697],[269,-18],[62,3]],[[19388,23682],[180,21],[184,17],[113,-13]],[[20028,22833],[-51,33],[-382,-3],[-69,-10],[-97,21]],[[19429,22874],[-43,0],[-112,44],[-15,74],[-164,-34]],[[19095,22958],[-4,36],[87,48],[-13,150]],[[19311,22417],[8,40],[44,101],[13,73],[4,165],[49,78]],[[18868,22500],[3,56],[-13,72],[13,63],[-38,130]],[[18833,22821],[-1,57],[-31,56]],[[18801,22934],[77,3],[-8,83],[59,28],[56,-60],[49,-25],[61,-5]],[[18801,22934],[-47,165],[-5,36],[-58,77]],[[18691,23212],[-26,30]],[[18833,22821],[-82,42],[1,54],[-43,16],[-71,-39],[-27,-37]],[[18611,22857],[-89,48],[-123,85],[-37,45],[-9,100]],[[18353,23135],[73,6],[-2,22],[74,5],[2,-22],[130,6],[12,54],[49,6]],[[18529,22296],[-167,193],[-159,203]],[[18203,22692],[136,120],[99,-112],[151,117],[22,40]],[[18275,22102],[-508,476],[-50,78],[-10,71]],[[17707,22727],[78,13],[62,34],[172,148]],[[18019,22922],[42,-60],[142,-170]],[[18019,22922],[41,26],[238,188],[55,-1]],[[17707,22727],[-17,138],[-27,39],[-50,19],[-28,31]],[[17585,22954],[69,16],[64,59],[55,141]],[[17773,23170],[44,55],[62,44],[100,23],[293,-8],[61,4],[64,21],[181,111]],[[18141,24598],[-92,34],[-87,67],[-77,5],[-77,-52]],[[17808,24652],[-74,23],[-24,-16],[-75,22],[-58,33],[-78,0],[-48,23],[-27,58],[66,54],[5,46],[27,19],[17,73],[2,83],[-33,95]],[[17508,25165],[-7,20],[8,158],[53,-12],[60,84],[-14,35],[111,36],[82,-3],[-7,-41],[10,-62],[21,-39],[252,206]],[[18077,25547],[92,75],[673,196],[-13,39],[-49,25],[17,98],[43,32],[9,36],[104,54],[5,40],[76,-23],[83,-113],[-8,-29]],[[19109,25977],[-57,-65],[-55,-99],[-13,-94],[42,-71]],[[19026,25648],[31,-93],[22,-13],[38,-88],[18,-113],[38,-16],[-13,-70],[36,-71],[-21,-53],[13,-63],[125,-93],[-38,-122],[1,-67],[-50,-91],[-41,-51],[-6,-39]],[[19179,24605],[-40,-29],[-80,0],[-34,-25],[-85,-11],[-11,36],[-37,-13],[-108,-12],[-44,-17],[-49,-44],[-55,-20],[-108,85],[-74,-33],[-54,20],[-115,5],[-144,51]],[[18809,23653],[-28,70],[-275,331],[-150,228],[-138,163],[-36,51],[-41,102]],[[19179,24605],[27,-157]],[[19206,24448],[16,-103],[83,-134],[32,-86],[21,-162],[10,-136],[20,-145]],[[18578,23420],[-37,116],[-58,69],[-67,41],[-117,30],[-605,46],[-64,21],[-38,28],[-104,142],[-20,88]],[[17468,24001],[102,15],[20,17],[19,72],[-3,67],[33,105],[-12,44],[-29,29],[33,115],[15,25],[77,67],[14,45],[71,50]],[[17468,24001],[-6,144],[-10,48],[-27,42],[-58,37],[-64,3]],[[17303,24275],[-46,37],[-67,-4],[-57,32],[-56,11]],[[17077,24351],[-74,42],[-62,188],[-84,122],[-10,40],[6,67],[-18,68],[24,126],[-32,88],[-41,43]],[[16786,25135],[27,9],[43,-24],[71,-83],[66,13],[38,-44],[48,74],[141,94]],[[17220,25174],[153,-10],[89,-22],[46,23]],[[17773,23170],[-148,-19],[-35,6],[-56,38],[6,98],[-67,35],[-74,7],[-49,23],[11,76],[-19,35],[-66,28],[-27,67],[-63,26],[2,51],[-42,38],[-43,74],[5,35],[65,107],[24,61],[42,24],[24,49],[92,9],[2,73],[73,79],[-22,51],[-105,34]],[[16786,25135],[-60,13],[-9,25],[-69,42],[5,50],[-34,86],[37,176],[79,58],[28,41],[-3,36],[66,122],[-64,-15],[-59,-80],[-6,-38],[-116,-148],[-45,-2]],[[16536,25501],[20,33],[59,39],[27,115],[-4,261],[129,75],[70,-24],[22,38],[7,78],[-6,73],[61,36],[37,38]],[[16958,26263],[29,-163],[72,32],[76,-5],[64,-29],[51,-37],[53,-64],[54,28],[73,-30],[-34,-61],[-15,-63],[22,-90],[76,-32],[23,-48],[-11,-115],[-53,-23],[-29,-37],[-28,-81],[16,-148],[-177,-123]],[[16958,26263],[41,33],[30,90],[17,111],[-18,51],[5,60],[22,40],[-1,47],[-23,39],[40,37],[23,59],[63,30],[1,57]],[[17158,26917],[73,17],[44,-21],[139,18],[279,28],[14,39],[-21,21],[19,40],[-5,63],[22,95],[64,27],[11,32],[53,54]],[[17850,27330],[8,-46],[-13,-44],[-54,-90],[-35,-169],[-45,-119],[-8,-83],[33,-178],[43,-64],[83,-54],[37,-53],[29,-95],[6,-84],[-16,-132],[32,-97],[114,-82],[28,-50],[5,-76],[-43,-84],[-71,-56],[8,-33],[66,-45],[20,-49]],[[17850,27330],[145,56],[111,3],[32,-22],[97,-11],[41,-23],[114,-27],[57,40],[42,-51],[24,-6],[75,35],[49,-14],[-20,-71],[49,-91],[21,-59],[141,75],[39,55],[42,107],[57,34],[135,5],[107,14],[21,48],[9,161]],[[19238,27588],[38,3],[103,-18],[92,-24],[88,8],[8,-59],[-18,-151]],[[19549,27347],[-83,0],[-39,-55],[4,-108],[32,-145],[3,-48],[-19,-199],[7,-109],[-37,-21]],[[19417,26662],[-56,44],[-71,-10],[-49,-53]],[[19241,26643],[-77,-22],[-51,-58],[20,-74],[33,-38],[132,-69],[35,-49],[3,-67],[-40,-115],[10,-39],[-89,-56],[-46,-9],[-62,-70]],[[16532,25502],[-77,-9],[-29,45],[-46,9],[-57,-84],[-81,-15],[-61,19],[-20,30],[-82,77],[-55,25],[-43,44],[-88,-52],[-69,-11],[-25,-88],[10,-96],[-25,-112],[-64,-24],[-28,-40]],[[15692,25220],[-46,43]],[[15646,25263],[13,46],[-6,59],[-20,39],[-49,43],[-125,146],[-18,101],[4,103],[-13,79],[-60,85],[-47,83],[-18,66],[6,50],[-17,43],[7,78],[-17,45],[1,120],[-28,35],[-56,31],[-9,40],[8,120],[-45,79],[-58,19],[-42,42],[-15,78],[-55,84],[-104,33],[-74,76],[-46,75],[-29,124]],[[14734,27285],[25,22],[12,58],[81,22],[22,90],[-29,67],[0,42],[-53,55],[-21,74],[-94,50],[-63,90],[23,36],[42,31],[9,30]],[[14688,27952],[16,-5],[118,-98],[80,-44],[69,-12],[146,-3],[113,-31],[128,-99],[201,-116],[113,-76],[126,-60],[251,-142],[59,-60],[27,-71],[52,-337],[22,-164],[-4,-59],[-49,-276],[0,-100],[35,-195],[17,-55],[34,-58],[180,-250],[110,-139]],[[16536,25501],[-4,1]],[[14688,27952],[-52,96],[61,79],[38,63]],[[14735,28190],[40,-19],[75,8],[7,48],[100,37],[90,-32],[73,13],[32,47],[82,-38],[106,18],[-1,45],[67,58],[25,-8],[89,21],[-44,62],[100,-21],[33,-62],[75,-81],[1,-49],[-60,-28],[-14,-25],[50,-59],[17,30],[42,-19],[54,-4],[-31,48],[77,54],[36,2],[26,28],[43,-10],[31,-74],[31,-38],[55,11],[33,-65],[35,6],[77,-54],[44,43],[65,-2],[24,28],[-12,39]],[[16308,28148],[38,-23],[79,-83],[25,-3],[6,-67],[29,-17],[54,-92],[64,-36],[27,-60],[39,-27],[-22,-53],[77,-50],[-12,-67],[34,-31],[23,-75],[110,-35],[55,21],[112,-20],[44,-37],[66,-123],[-39,-74],[49,-57],[9,-37],[-27,-113],[23,-30],[-13,-42]],[[16308,28148],[-50,115],[29,45],[55,-6],[42,33],[28,-14],[114,-18],[1,37],[69,52],[53,-14],[65,10],[65,-9],[-7,77],[27,83],[6,49],[-18,35],[10,115],[40,17],[27,-34],[34,23],[-18,40],[33,40],[62,14],[30,47],[31,17],[25,-52],[86,-39],[30,44],[32,-24],[39,14],[68,-10],[74,-28]],[[17390,28807],[35,-31],[28,-54],[95,-36],[40,36],[46,-12],[23,16],[77,-16],[136,16],[43,-11],[180,33],[66,31],[30,-34],[46,-83],[63,-71],[59,-53],[57,-24],[79,-18],[75,5],[74,-33],[15,-33],[47,2],[52,-49],[30,-78],[-22,-61],[-2,-50]],[[18762,28199],[15,-71],[80,-102],[88,-53],[63,4],[85,32],[47,2],[25,-38],[10,-70],[22,-63],[-1,-161],[8,-42],[34,-49]],[[19549,27347],[30,-51],[117,-33],[59,7],[87,58],[54,-10],[121,-124],[77,-38],[45,64],[0,82],[20,81],[4,98],[95,71],[91,33],[100,63]],[[20449,27648],[2,-79],[51,-133],[54,-71],[11,-41],[36,-33],[42,-79],[50,-68],[52,-18],[26,-84],[20,-8],[96,48],[29,2],[56,-35],[26,-55],[3,-38],[-26,-50],[-65,-29],[-91,-8],[-81,-72],[-36,-70],[-2,-40]],[[20702,26687],[-57,-63],[-33,-59],[-46,-29],[-5,46],[-157,-30],[-51,50],[-30,-7],[-46,-50],[-67,25],[-34,-13],[8,-48],[-36,-28],[-12,-68],[-44,22],[-29,43],[-30,-23],[-101,-16],[-8,29],[-40,25],[-88,29],[-47,66],[-42,3],[-93,-59],[-54,40],[-104,-28],[-18,12],[-29,94],[8,12]],[[20702,26687],[5,-26]],[[20707,26661],[36,-104],[-25,-39],[-44,-12],[-14,-59],[-2,-107],[-27,-17],[-88,-156],[58,-92],[-41,-133],[1,-84],[61,-84]],[[20622,25774],[-35,8],[-46,-24],[-117,-29],[-20,-61],[27,-57],[-44,-60]],[[20387,25551],[-20,37],[-128,59],[-33,85],[-23,26],[-89,39],[-58,-28],[-38,12],[-75,117],[-23,21],[-161,59],[-32,38]],[[19707,26016],[-13,27],[-43,-20],[-48,18],[-38,125],[-22,34],[-54,32],[-36,63],[-58,39],[-21,32],[-17,91],[-93,85],[-23,101]],[[19707,26016],[-16,-50],[-36,-17],[-35,-189],[-91,-84],[6,-49]],[[19535,25627],[-95,55],[-44,9],[-121,-16],[-113,3],[-27,23],[-109,-53]],[[20387,25551],[18,-85],[74,-61],[-41,-7],[-22,-51],[-44,-42],[-74,-35],[-46,-4],[-1,-40],[-64,13],[-37,91],[-25,16],[-119,18],[-26,-41],[-56,61],[-124,77],[-11,-19],[-54,14],[-62,-31]],[[19673,25425],[-133,173],[-5,29]],[[20622,25774],[28,-56],[21,-112],[65,-94],[24,-88]],[[20760,25424],[-12,-108],[17,-150]],[[20765,25166],[-28,-12],[-79,2],[-80,-88],[-43,-33],[-43,-9],[-83,13],[-58,-4],[-75,-57],[24,-83],[-29,-23],[-60,-18],[-86,21],[19,56],[-34,34],[-68,7],[5,23],[-98,2],[-161,-4]],[[19788,24993],[-49,100],[11,68],[-25,42],[-11,122],[-34,35],[14,35],[-21,30]],[[19788,24993],[-18,-54],[18,-63],[-15,-24],[10,-49],[-59,-10],[-32,-93],[30,-23],[-41,-85],[14,-23]],[[19695,24569],[-50,-97],[-49,47],[-59,12],[-25,-13],[-40,25],[-71,-24],[-51,18],[-47,-40],[-97,-49]],[[20765,25166],[-11,-40],[-80,-64],[-36,-136]],[[20638,24926],[-11,-36],[-34,-30],[-166,-91],[-31,-31],[-182,-215]],[[20214,24523],[-48,-10],[-64,12],[31,106],[-80,0],[-122,69],[-43,-74],[-5,-43],[-40,-43],[-107,15],[-41,14]],[[20214,24523],[-16,-24],[-22,-90],[36,-186],[-3,-45],[-61,-111],[-76,-168]],[[20072,23899],[-27,-74],[-29,-148]],[[22415,23914],[230,-3],[46,-18]],[[22691,23893],[-139,-111],[-3,-180]],[[22549,23602],[-159,-5]],[[22390,23597],[37,282],[-12,35]],[[22415,23914],[10,72],[31,-7],[4,96],[52,-2],[15,58],[121,-6]],[[22648,24125],[197,-8],[95,-56]],[[22940,24061],[-25,-32]],[[22915,24029],[-42,-28],[-112,-28],[-70,-80]],[[22915,24029],[14,-93]],[[22929,23936],[4,-37],[-11,-138],[-34,-48],[-193,-101]],[[22695,23612],[-49,-12],[-97,2]],[[22353,23282],[19,152],[43,24],[2,28],[-35,34],[8,77]],[[22695,23612],[3,-103],[21,-61],[62,-82],[8,-70]],[[21416,23366],[4,28],[59,-7],[101,26],[-32,249],[15,40],[48,24],[-8,37]],[[21603,23763],[229,53]],[[21832,23816],[31,-50],[60,5],[170,160],[21,9],[115,9],[94,33],[-3,-62],[95,-6]],[[21832,23816],[77,63],[-86,140],[-27,80]],[[21796,24099],[50,7],[-18,45],[47,24],[60,-33],[76,35],[94,101],[47,23],[48,79],[67,31],[-23,33],[37,49],[53,-45],[165,-2],[64,71]],[[22563,24517],[-18,-70],[55,-55],[61,-135],[-13,-132]],[[21796,24099],[-47,147],[-141,87],[20,43],[-95,115],[-29,66]],[[21504,24557],[138,26],[68,45],[45,10],[157,9],[98,45],[89,95],[56,18],[113,9]],[[22268,24814],[46,-55],[110,-88],[60,-63],[3,-60],[78,-11],[-2,-20]],[[22268,24814],[54,-3],[84,64],[72,44],[71,-3],[97,-78],[11,45],[0,85]],[[22657,24968],[372,-79]],[[23029,24889],[-52,-91],[-69,-62],[163,-110],[18,7],[64,-27],[-78,-197]],[[23075,24409],[-24,-160],[-28,-63],[-83,-125]],[[20748,23446],[18,313],[70,76]],[[20836,23835],[32,67],[137,183],[19,52]],[[21024,24137],[33,59],[62,69],[18,-71],[26,-7],[187,-180],[-25,-25],[66,-57],[39,-18],[16,-67],[48,-74],[41,-21],[68,18]],[[21024,24137],[-101,75],[-43,211],[27,6],[43,64],[-8,37],[39,74],[-7,63],[35,76],[46,37]],[[21055,24780],[37,51],[32,-7],[70,-61],[124,81],[25,6]],[[21343,24850],[32,-31],[54,-83],[27,-125],[48,-54]],[[20072,23899],[85,-10],[22,10],[116,-11],[157,23]],[[20452,23911],[133,-3],[95,-14],[-15,-55],[171,-4]],[[20638,24926],[10,-15],[-2,-93]],[[20646,24818],[-24,-69],[-50,-99],[33,-15],[-41,-107],[-17,-81],[-68,-74],[-5,-36],[23,-114],[-12,-108],[-31,-122],[-2,-82]],[[20646,24818],[228,32],[73,-25],[48,-35],[60,-10]],[[20760,25424],[57,-18],[48,23],[27,94],[68,35],[43,71],[62,13],[69,33],[130,-77],[31,-45],[64,20],[53,45],[4,28],[42,35],[-9,68],[-32,-3],[-20,112],[38,58],[21,106]],[[21456,26022],[100,-70],[39,-46],[1,-51],[55,-111],[-8,-50],[-45,-89],[108,-227]],[[21706,25378],[-96,-21],[-79,-47],[-41,-13],[44,-49],[23,-49],[2,-46],[-26,-69],[7,-43],[-21,-73],[-126,-57],[1,-21],[-51,-40]],[[20707,26661],[50,-4],[65,-33],[28,-28],[49,-87],[15,-50],[-30,-39],[-54,-100],[18,-21],[-28,-36],[6,-33],[46,-10],[-27,-73],[61,-30],[50,-4],[45,18],[2,40],[37,104],[48,-20],[43,55],[41,-20],[45,42],[7,64],[39,-5],[5,-48],[43,-46],[50,18],[67,-73]],[[21428,26242],[46,-90]],[[21474,26152],[-18,-130]],[[20449,27648],[55,-17],[138,-139],[24,-4],[83,30]],[[20749,27518],[31,-13],[89,-89],[99,-124],[37,-23],[97,-35],[39,-35],[109,-179],[27,-19],[69,15]],[[21346,27016],[66,2],[58,-50],[19,-40],[2,-95],[-57,-107],[-59,-26],[-33,-67],[58,-165],[-28,-54],[14,-47],[44,-10],[20,-27],[2,-67],[-24,-21]],[[21706,25378],[64,16],[51,56],[66,36],[112,20],[135,51],[76,17],[32,-5],[22,-68],[34,-19]],[[22298,25482],[16,-99],[95,-3],[29,-37],[-19,-68],[243,-48],[118,-32],[-40,-100],[-40,-51],[-43,-76]],[[21474,26152],[28,149],[70,-58],[135,49],[32,-3],[98,52],[-16,-76],[50,-58],[71,-19],[26,51],[0,80],[11,42],[28,20],[58,7]],[[22065,26388],[-35,-34],[0,-45],[57,-56],[-25,-55],[14,-115],[28,-87]],[[22104,25996],[54,-74],[22,-82],[23,-28],[91,-18],[52,-97]],[[22346,25697],[17,-92],[-32,-81],[-33,-42]],[[21346,27016],[82,28],[50,32],[83,6],[87,-5],[55,44],[54,2],[58,26],[84,0],[75,15],[113,-12],[40,-64],[34,-1]],[[22161,27087],[-11,-83],[15,-31],[-12,-44],[21,-56],[31,-38],[1,-96],[40,-20],[13,-65],[-67,-115],[-77,-58],[-50,-74],[0,-19]],[[22761,26480],[20,17],[19,61],[45,11],[16,47]],[[22861,26616],[75,-11],[26,28],[68,-15],[81,68],[126,1],[42,12],[17,-31],[52,24],[16,-37],[-11,-36],[39,-54],[17,-48],[49,-10],[77,-56],[-20,-53],[38,-46]],[[23553,26352],[-22,-28],[5,-106],[-90,-103],[-50,-166],[15,-97],[-18,-130],[-14,-49]],[[23379,25673],[-4,-10]],[[23375,25663],[-68,2],[-174,-30],[-49,-26],[-32,51],[-67,47],[-31,-7],[-48,-42],[-48,-13]],[[22858,25645],[32,76],[24,143],[26,69],[-2,51],[-43,120],[-31,43],[-59,5],[2,79],[-26,21],[-16,62],[16,34],[-26,74],[6,58]],[[22104,25996],[111,85],[44,45],[13,39],[33,24],[14,95],[79,54],[30,50],[54,27],[22,59],[170,75],[75,-29],[12,-40]],[[22858,25645],[-2,-51],[-108,46],[-124,-7],[-84,35],[-119,-45],[-26,38],[-49,36]],[[22161,27087],[92,35],[14,69],[65,46],[78,99],[51,18],[107,-2],[60,13],[18,19],[6,55],[-15,68],[-66,98],[34,18],[63,-14],[57,-57],[126,19],[115,11],[26,43],[-44,80],[-28,87],[-1,43],[33,37],[78,29],[-1,27],[-33,89],[19,58],[40,57],[61,123],[63,74],[64,89],[45,31],[202,96],[37,49],[-1,46],[-30,49],[-47,35],[-18,75],[28,40],[107,58],[27,29],[57,29],[97,25],[127,98],[37,56],[93,26],[83,78],[32,62],[88,22],[12,99],[43,38],[117,-2],[44,-8]],[[24423,29449],[87,-60],[122,-28],[64,18],[23,57],[36,37],[37,85],[24,31],[61,38],[135,50],[91,142],[37,32],[74,39],[20,52],[49,59],[42,87],[18,63],[82,56],[40,-17]],[[25465,30190],[64,-38],[71,-2],[25,21],[46,-10],[66,-44],[18,-46],[32,-36],[44,-9],[22,-40],[134,-67]],[[25987,29919],[-39,-23],[-38,-70],[-11,-54],[26,-101],[-16,-30],[-53,-31],[-120,-142],[-92,-59],[-34,-67],[5,-114],[17,-55],[8,-141],[-44,-60],[2,-61],[-65,-40],[-65,-87],[-43,-47],[-65,-46],[-57,-66],[-22,-52],[-90,-107],[-7,-50],[55,-128],[-35,-63],[-24,-87],[1,-81],[16,-40],[-12,-68],[-37,-18],[-17,-37]],[[25131,27894],[-180,209],[-127,164],[-92,217],[63,13],[-7,35],[-53,46],[-91,29],[-3,40],[62,37],[-38,41],[-136,38],[23,65],[-19,24],[-104,-23],[-65,-57],[1,-65],[42,-100],[7,-38],[-13,-88],[-38,-21],[-12,-61],[7,-45],[42,-83],[-20,-41],[-87,-16],[-49,19],[-20,-30],[-66,-49],[-109,14],[-47,-31],[-15,-72],[-51,-43],[-50,-94],[-38,-25],[-37,-64],[-19,-69],[-75,-67],[-19,-62],[-30,-169],[-36,-41],[-86,6],[-52,-16],[-53,6],[-57,-22],[-11,-95],[37,-53],[-45,-54],[-77,-26],[-27,-51],[-51,-30],[-31,21],[-67,1],[65,-70],[-17,-56],[-28,-15],[-83,1],[-110,-49],[-78,-89],[-16,-103],[32,-30],[21,-70],[-37,-21]],[[25131,27894],[-78,1],[-38,-56],[-25,-2],[-15,-44],[-40,2]],[[24935,27795],[-68,-50],[-52,-16],[-27,-31],[-8,-43],[59,-71],[-28,-30],[-11,-99],[-13,-32],[15,-78],[24,-19],[-19,-49],[23,-35],[0,-52],[-51,-105]],[[24779,27085],[-79,50],[-67,-17],[38,-75],[51,-144],[24,-140],[-45,-31],[-56,-18],[-27,-52]],[[24618,26658],[-79,60],[-31,10],[-113,-97],[-96,58],[-77,23],[-192,-6],[-30,-16],[-49,-123],[-124,104],[-46,-53],[-51,-35],[-20,-63],[-54,-32],[-26,-68],[-77,-68]],[[24618,26658],[-35,-34],[-31,-76],[-33,-51],[-42,-207],[-74,43],[-95,-30],[-39,-81],[-59,-53],[-20,-45],[-50,-42],[-55,-79],[-62,-8],[-10,-31],[69,-10],[120,-27]],[[24202,25927],[-110,-71],[-74,-134],[-51,-78],[-28,-13],[-70,24],[-50,-34],[-64,-73],[-50,6],[-24,-42]],[[23681,25512],[-101,59],[-51,8],[-58,58],[-52,-2],[-40,38]],[[23029,24889],[44,36],[-10,48],[42,87]],[[23105,25060],[131,-125],[196,-71],[53,48],[56,-32],[166,23],[181,-42]],[[23888,24861],[-37,-29],[-76,-136],[-37,-100],[-29,-50],[-124,-73],[-23,-31]],[[23562,24442],[-17,9],[-90,-19],[-143,-38],[-57,-8],[-154,27],[-26,-4]],[[23375,25663],[-16,-74],[11,-58],[-24,-126],[-56,-57],[-76,-102],[-27,-67],[-54,-89],[-28,-30]],[[23681,25512],[70,-52],[67,-27],[70,24],[25,-82],[16,6],[149,-154],[30,-47],[7,-49],[-10,-50],[52,-46]],[[24157,25035],[-225,-150],[-44,-24]],[[24779,27085],[-9,-42],[-45,-66],[40,-31],[35,-78],[65,-29],[-14,-131],[8,-53],[-7,-62],[-31,-16]],[[24821,26577],[-25,-22],[-6,-78],[8,-29],[-9,-74],[-41,-54],[-22,-64],[14,-52],[-7,-39],[-74,-111],[5,-67],[-15,-49],[8,-78]],[[24657,25860],[4,-10]],[[24661,25850],[-62,-22],[-13,44],[-37,-14],[-165,-16],[-95,66],[-87,19]],[[24661,25850],[45,-75],[12,-50],[48,-115],[46,-40],[39,-79],[15,-51],[73,-76],[62,-81],[9,-52]],[[25010,25231],[-63,58],[-134,79],[-186,-97]],[[24627,25271],[-73,-7],[-14,-17],[-80,-2],[-75,-29],[-56,-2],[-95,-78],[-77,-101]],[[25010,25231],[4,-47],[22,-35],[11,-89],[-21,-67],[8,-45]],[[25034,24948],[5,-51],[-15,-109],[14,-134]],[[25038,24654],[-131,90],[-17,28],[-263,499]],[[24157,25035],[55,-47],[158,-300],[96,-114],[-26,-40],[67,-63],[-3,-42],[-91,-127]],[[24413,24302],[-90,18],[-136,10],[-73,-17],[-143,-157],[-52,-11],[-92,-57],[-40,17]],[[23787,24105],[-91,71],[-51,2],[-4,60],[-49,32],[21,139],[-51,33]],[[25038,24654],[47,-100],[-2,-182],[-17,-102],[-59,-120],[0,-37]],[[25007,24113],[-213,-165],[-29,-4]],[[24765,23944],[-39,13],[-56,52],[0,38],[-136,145],[-121,110]],[[24765,23944],[-45,-71],[-437,-505]],[[24283,23368],[-67,-6],[50,58],[-13,47],[-324,227],[-34,13],[11,42],[-70,-4],[-32,30],[-32,-20],[-39,18],[-27,36],[-49,21]],[[23657,23830],[-9,21],[32,82],[92,69],[15,103]],[[23877,22841],[20,21],[153,219],[101,133],[132,154]],[[25007,24113],[107,-183],[-3,-78],[15,-36],[143,-125]],[[25269,23691],[-30,-109],[-1,-119],[27,-118],[-1,-68],[-14,-46],[-39,-55],[-44,-30]],[[25167,23146],[-65,-22],[-136,0],[-90,-26],[-119,-70],[-84,-29]],[[24673,22999],[-64,-6],[-90,10],[-67,-4],[-331,-93]],[[23654,22930],[71,101],[-27,62],[-13,63],[37,95],[1,183]],[[23723,23434],[4,268],[-70,128]],[[23723,23434],[-305,100],[16,30],[-137,67]],[[23297,23631],[-154,67],[-107,55],[31,54],[4,93],[-142,36]],[[23098,23120],[8,53],[53,151],[44,59],[1,30],[76,166],[17,52]],[[24695,22467],[8,1]],[[24703,22468],[468,103],[4,-17]],[[25175,22554],[62,-253],[29,-77],[88,-345],[-7,-107]],[[25347,21772],[-2,-29],[-68,12],[-129,37],[-104,67],[-163,16]],[[24881,21875],[-17,78],[-50,-11],[-119,525]],[[24291,22375],[208,42],[196,50]],[[24881,21875],[-40,3],[-78,-37]],[[24673,22999],[8,-47],[86,-307],[-73,-40],[9,-45],[0,-92]],[[25167,23146],[50,-84],[57,-77],[124,-198],[28,-29],[106,-54],[26,-43]],[[25558,22661],[6,-18]],[[25564,22643],[-389,-89]],[[25269,23691],[49,70],[36,28],[85,34]],[[25439,23823],[14,-102],[59,10],[78,-2]],[[25590,23729],[53,-115],[6,-93],[112,15]],[[25761,23536],[7,-38],[38,-26],[48,16],[35,-46],[14,-75],[-36,-6],[17,-95],[-36,-7],[15,-82],[-23,-16],[39,-269],[6,-93],[-81,-12],[15,-68]],[[25819,22719],[-261,-58]],[[25761,23536],[145,-7],[101,-21],[95,-5],[268,33],[132,29],[81,-12],[38,-21]],[[26621,23532],[41,-30]],[[26662,23502],[-48,-65],[-48,-28],[12,-37],[-74,-200],[-25,5],[-52,-147],[-41,-5],[12,-77],[-35,-94],[12,-73]],[[26375,22781],[-44,-3],[-147,17],[-120,-21]],[[26064,22774],[-245,-55]],[[26662,23502],[190,-102],[108,-76],[73,-13],[107,-37]],[[27140,23274],[3,-41],[30,-18],[-23,-45],[-30,-116],[-29,6],[-21,-82]],[[27070,22978],[-157,-27],[-53,-18],[-198,-105]],[[26662,22828],[-52,-14],[-235,-33]],[[27140,23274],[169,-6],[132,20],[30,-4],[159,-52]],[[27630,23232],[43,-67],[116,-102],[63,-93]],[[27852,22970],[46,-90],[-155,-169],[-42,-63]],[[27701,22648],[-64,13],[-94,71],[-143,98]],[[27400,22830],[-180,123],[-77,29],[-73,-4]],[[27054,24351],[82,85],[48,98]],[[27184,24534],[29,71]],[[27213,24605],[145,-37],[41,-31],[92,-31],[9,-19],[7,-112],[17,-60],[55,-77],[22,-5],[78,-101],[-6,-54],[8,-97],[-20,-121]],[[27661,23860],[-73,-12],[-28,-19],[-89,-14],[-90,-46],[-82,19],[-63,-9],[-78,-38],[-95,-8],[-125,-62],[-55,-6]],[[26883,23665],[-13,138],[41,127],[215,1],[84,38],[10,23],[-3,158],[-55,72],[-88,85],[-20,44]],[[26883,23665],[-94,-38],[-84,-48],[-43,-37]],[[26662,23542],[-14,8],[-43,149],[2,62],[-14,104],[-14,29],[120,41],[-43,121],[2,76],[-63,-26],[-42,68]],[[26553,24174],[273,114],[51,13],[126,13],[51,37]],[[25590,23729],[69,2],[53,16],[90,103],[63,51],[349,225],[71,20],[162,-4],[106,32]],[[26662,23542],[-41,-10]],[[25439,23823],[161,27],[42,25],[89,92],[72,95],[12,45],[72,75],[125,96],[63,74],[33,54],[83,46],[124,51],[95,91],[106,154],[62,49]],[[26578,24797],[58,7],[59,72],[90,53],[147,67],[61,40],[129,17],[188,51],[117,12]],[[27427,25116],[-15,-57]],[[27412,25059],[-176,-256],[-129,-204],[77,-65]],[[27412,25059],[5,-21],[136,-211],[20,-23],[-67,-42],[-150,-2],[-52,-11],[-50,-40],[-41,-104]],[[27427,25116],[86,11],[155,35],[190,-64],[47,0]],[[27905,25098],[89,22],[216,8],[62,-28],[140,-32],[139,-77],[78,-34]],[[28629,24957],[-11,-35]],[[28618,24922],[-83,9],[-46,-11],[-193,-71],[-42,-38]],[[28254,24811],[-22,132],[-10,9],[-281,-25],[-38,52],[-36,-11],[26,-51],[-41,-45],[-55,73],[-49,-11],[-43,17],[-33,81],[-42,25],[-117,11],[-25,34],[-34,-11],[-27,25]],[[28254,24811],[28,-158],[-30,-87],[11,-89],[-62,-22],[-111,-57],[-43,-37],[-97,-138],[-20,-53],[-46,-338]],[[27884,23832],[-70,-6],[-94,35],[-59,-1]],[[28618,24922],[-23,-93],[47,-43],[54,-139],[-12,-21],[-63,-17],[-1,-89],[-21,-101],[11,-29],[46,-26],[23,-31],[25,-141]],[[28704,24192],[-76,-54],[-53,-63],[-22,-51],[-49,-45]],[[28504,23979],[-64,-51],[-140,-70]],[[28300,23858],[-75,-24],[-86,10],[-93,-8],[-74,4]],[[27972,23840],[-88,-8]],[[27972,23840],[-7,-62],[46,-17],[-21,-60],[-47,15],[-34,-90],[-7,-108],[-73,-10],[-32,-64],[-56,-75],[-5,-53],[-61,-84],[-45,0]],[[28300,23858],[45,-231],[26,-186]],[[28371,23441],[53,-297]],[[28424,23144],[-230,-90],[-51,-5],[-66,33],[-78,-41],[-45,-5],[-29,21],[-53,-76],[-20,-11]],[[28504,23979],[93,-57],[35,-70],[27,-24],[65,-28],[-17,-122],[5,-25],[57,8],[26,-172]],[[28795,23489],[-97,-26],[-54,-98],[-54,-34],[-131,15],[-59,80],[-29,15]],[[28704,24192],[25,-54],[23,-101],[192,-175],[97,-98],[58,-100],[27,3]],[[29126,23667],[7,-57],[63,-101]],[[29196,23509],[-2,0]],[[29194,23509],[-296,-4],[-32,-3]],[[28866,23502],[-71,-13]],[[28704,24192],[70,9],[99,35],[140,12],[116,-21]],[[29129,24227],[-83,-86],[-7,-43],[30,-153],[20,-28],[43,-18],[17,-57],[-25,-82],[2,-93]],[[28629,24957],[184,-64],[130,-16],[56,4]],[[28999,24881],[55,18],[32,-5]],[[29086,24894],[49,-60],[39,-81],[73,-202],[9,-68],[-75,-98],[-52,-158]],[[29129,24227],[34,0],[47,25],[63,57],[50,-98],[71,27],[70,-8],[17,-37],[-14,-98],[4,-35],[58,-77],[34,-115],[34,-54],[44,-103],[11,-49]],[[29652,23662],[-6,-68]],[[29646,23594],[-307,-29],[-143,-56]],[[29235,22655],[38,36]],[[29273,22691],[198,169],[139,202]],[[29610,23062],[50,30],[106,2],[85,-29],[46,8],[99,40],[56,-9],[43,-51]],[[30095,23053],[92,-200],[30,-100]],[[30217,22753],[-103,-27],[-67,-37],[-163,-77],[-8,-39],[-47,-75],[-9,-48],[18,-102],[-65,-19],[-182,-122]],[[29591,22207],[-24,-6],[-20,54],[31,11],[-18,80],[-87,-52],[-7,53],[-96,98],[-7,39],[-83,100],[-42,29],[-3,42]],[[29591,22207],[23,-108],[-4,-99],[8,-158],[-7,-80]],[[29611,21762],[-14,-5]],[[29597,21757],[-38,11],[-193,5],[-152,92]],[[29214,21865],[-184,113],[-7,-12],[-86,53],[-33,-13]],[[28904,22006],[15,42],[-35,41]],[[28884,22089],[7,59],[48,99],[-32,95],[68,33],[1,23],[-98,62]],[[28878,22460],[45,10],[82,-13],[62,11],[83,59],[58,88]],[[29208,22615],[27,40]],[[28884,22089],[-87,-36],[-237,-31],[-48,42],[0,22],[-175,0]],[[28337,22086],[6,59],[34,75],[88,104],[34,103],[-6,34]],[[28493,22461],[56,35],[93,-1],[42,-11],[92,-63],[47,4],[55,35]],[[28493,22461],[-25,20],[-42,79],[40,86],[21,80],[1,65],[-29,161]],[[28459,22952],[232,16],[-22,23],[32,31],[40,-14],[63,103],[18,2]],[[28822,23113],[67,-50],[80,-126],[60,-70],[-10,-11],[86,-137],[59,2],[-8,-34],[19,-49],[33,-23]],[[28866,23502],[51,-289],[-70,-61],[-25,-39]],[[28459,22952],[-35,192]],[[29194,23509],[4,-42],[-20,-79],[8,-105],[-7,-34],[-72,-167],[-6,-44],[50,-175],[38,-70],[84,-102]],[[29646,23594],[6,-121],[-17,-172],[29,-69],[-13,-61],[-35,-24],[-36,-68],[30,-17]],[[29652,23662],[26,15],[54,-8],[20,-27],[75,56],[54,14]],[[29881,23712],[52,-44],[105,-35],[31,-1],[47,57]],[[30116,23689],[1,-1]],[[30117,23688],[53,-111],[4,-66],[22,-48],[-32,-75],[15,-37],[-22,-122],[9,-85]],[[30166,23144],[-33,-1],[-38,-90]],[[29086,24894],[21,-4],[230,42],[92,27],[85,16],[105,34]],[[29619,25009],[-46,-45],[24,-75],[-36,-64],[4,-53],[-26,-37],[-13,-62],[60,-21],[-10,-103],[-38,-21],[36,-41],[23,17],[109,-182],[-10,-109],[81,-7],[5,-19],[36,-371],[63,-104]],[[29619,25009],[81,27],[70,-15]],[[29770,25021],[-28,-89],[14,-17],[119,-46],[75,-81],[14,-33],[5,-88],[-29,-55],[5,-71]],[[29945,24541],[29,-42],[97,-10],[115,-53],[53,-141],[13,-66],[0,-98],[-57,-170],[-97,-169],[-6,-42],[24,-61]],[[29770,25021],[25,-11],[75,12],[95,51],[-3,40],[-41,33],[13,50],[95,-26],[11,-37],[73,-27],[-7,45],[71,42],[-17,67],[12,35],[92,55],[37,8],[70,-31],[68,-6]],[[30439,25321],[53,-8],[107,-54],[23,13],[-1,45],[38,26],[43,-15],[26,-54],[59,4],[-6,35],[-35,24],[66,58],[53,33],[60,4],[19,-52],[92,-22],[5,-31],[-80,-51],[-16,-33],[65,-26],[14,-60],[37,-29],[31,4],[20,49],[58,-75],[-47,-32],[3,-22],[63,-58],[-28,-28],[-58,-8],[-14,-74],[1,-72],[33,-43],[45,6],[46,41],[65,-71]],[[31279,24745],[-24,-82],[-87,-94],[-39,-108],[5,-33]],[[31134,24428],[-48,0],[-515,52],[-626,61]],[[31279,24745],[26,-5],[7,53],[44,102],[30,10],[51,-50],[42,-1],[53,61],[77,64],[53,29],[128,-73],[34,15],[55,96],[-29,123],[27,41],[-12,49]],[[31865,25259],[28,6],[28,-33],[62,-8],[10,39],[-36,20],[48,60],[43,28],[36,-159],[32,-38],[18,-55],[45,-32],[12,-122]],[[32191,24965],[-92,-34],[-326,-183],[-46,-35],[-175,-202]],[[31552,24511],[-40,-38],[-56,-21],[-322,-24]],[[31134,24428],[-27,-92],[-26,-28],[-18,-77],[0,-73],[32,-79],[31,-36],[78,-221],[15,-76],[83,-65]],[[31302,23681],[5,-63],[-27,-66]],[[31280,23552],[-31,-27],[-86,7],[-97,19],[-25,-21],[-122,25],[-42,202],[-167,53],[-94,50],[-40,-86],[-55,-54],[-49,61],[-64,-2],[-103,37],[-46,-1],[-49,-83],[-93,-44]],[[31280,23552],[-6,-47],[115,-130],[24,-108],[21,-32],[22,-94],[24,-30]],[[31480,23111],[-127,-80],[-30,1],[-57,-46],[-97,-32],[-49,-6],[-88,61],[-58,28],[-117,96],[-209,41]],[[30648,23174],[-1,37],[-40,107],[-99,-54],[-78,30],[-92,51],[-112,0],[-40,-53],[-6,-137],[-14,-11]],[[30648,23174],[-1,-54],[27,-148],[74,-54],[15,-37],[-8,-82],[-40,-43],[-10,-67],[19,-61],[-23,-56],[36,-15],[24,-73],[-51,-50],[6,-40]],[[30716,22394],[-78,16],[-105,48],[-68,39]],[[30465,22497],[-95,118],[-124,90],[-29,48]],[[31480,23111],[34,32],[-18,69],[7,32],[49,26],[153,-3],[47,16],[29,31],[38,-31],[62,11],[7,-24]],[[31888,23270],[22,-56],[69,-30],[-93,-99],[-63,-34],[-60,-47],[-37,-64],[-59,-49],[-72,38],[-40,-6],[-16,-49],[43,-46],[26,-78],[6,-141],[18,-53],[52,-80],[60,-43],[69,-88],[39,-93],[-17,-64],[-148,-94],[-99,4],[-22,-69],[73,-56],[5,-16]],[[31644,21957],[-1,-1]],[[31643,21956],[-112,81],[-99,112],[-99,66],[-265,78],[-250,78],[-102,23]],[[31302,23681],[43,43],[20,-16],[99,-1],[-13,38],[111,23],[24,-72],[42,-56],[86,-2],[57,34],[86,97],[17,-27],[45,21],[-36,55]],[[31883,23818],[96,-46],[41,66],[50,45],[19,37],[-75,81],[-32,60],[42,23],[25,61],[28,16],[26,-66],[77,30],[14,-31],[81,-16],[138,40],[142,56],[-33,57],[29,71]],[[32551,24302],[85,-110],[25,-64],[38,-44],[22,-52],[-3,-64],[-30,-142],[7,-55],[-19,-91]],[[32676,23680],[-173,37],[-95,-8],[-84,-75],[35,-30],[2,-62],[-92,-36],[-113,-5],[-46,-24],[-68,-77],[-19,-76],[-54,-16],[-17,-23],[-64,-15]],[[31552,24511],[30,-116],[-19,-20],[37,-58],[150,-330],[72,-84],[61,-85]],[[32191,24965],[56,-123]],[[32247,24842],[131,-219],[84,-109],[12,-42],[54,-68],[23,-102]],[[25564,22643],[29,-93],[41,-42],[82,-40],[194,-81],[131,-5],[43,-19]],[[26084,22363],[-66,-61],[86,-45],[-94,-198],[-49,24],[-20,-43],[-40,19],[-93,-196],[-48,-16],[-52,9],[-27,-57]],[[25681,21799],[-9,-31],[-44,10],[-92,-17],[-17,47],[-49,-1],[-75,-71],[-48,36]],[[26084,22363],[58,-45],[140,-68],[101,-102],[86,-70],[35,-51],[42,-33]],[[26546,21994],[162,-96],[30,-24],[52,-75]],[[26790,21799],[-75,-78],[-83,-52],[13,-38],[-33,-65],[-43,-127],[-57,-61],[-57,-37],[-45,-52],[-36,-79],[-64,-59]],[[26310,21151],[-14,-8]],[[26296,21143],[-24,48],[-33,22],[-48,111],[57,114],[-176,96],[-71,-45],[-56,22],[-70,2]],[[25875,21513],[-15,63],[-90,-33],[-4,24],[-85,232]],[[25875,21513],[-20,-60],[-91,-77],[-25,-38],[-32,-12],[-7,-35],[21,-67],[-29,-22],[3,-33],[-52,-25],[-76,-7],[-58,-22],[-127,71],[-30,30]],[[26296,21143],[-57,-31],[-42,-61],[11,-46],[85,-39],[50,-34],[4,-23],[87,-28],[66,-36],[-9,-76],[-117,-212]],[[26374,20557],[-123,39],[-28,1],[-61,-33],[-37,6]],[[26125,20570],[-61,74],[-50,21],[-121,97],[-658,162]],[[26310,21151],[57,-16],[51,-50],[-25,-52],[46,-35],[35,44],[63,-13],[7,-52],[133,-53],[12,-16],[88,-11],[112,-40],[94,-80],[86,-16],[257,120],[65,-139]],[[27391,20742],[-53,-83],[-46,-91],[-9,-84],[-63,-120],[-9,-40]],[[27211,20324],[-136,44],[-102,85],[-60,10],[-49,-19],[-46,2],[-70,55]],[[26748,20501],[-98,46],[-230,-24],[-46,34]],[[26790,21799],[57,-78],[165,-175],[52,-39]],[[27064,21507],[65,-57],[59,-116],[102,-111],[16,-51],[5,-127],[68,-118]],[[27379,20927],[2,-52],[21,-95],[-11,-38]],[[26064,22774],[13,-54],[48,-55],[95,-28],[98,-99],[46,39],[12,-60],[37,8],[5,-72],[78,-50],[78,-71],[108,-65],[-24,-63],[-32,-6],[-80,-204]],[[26662,22828],[15,-18],[17,-118],[19,-47],[59,-63],[-20,-19],[128,-110],[217,-168],[216,-127],[81,-26]],[[27394,22132],[-23,-86]],[[27371,22046],[-107,23],[-68,-10],[-65,-47],[-83,-4],[-37,-17],[-61,-63],[-49,-81],[-111,-48]],[[27400,22830],[-16,-24],[20,-40],[138,-177],[72,-134],[-14,-7],[112,-139],[-134,22],[-82,-28],[-88,-117],[-14,-54]],[[28493,22461],[-81,-83],[-78,-25],[-210,44],[-82,73],[-37,53],[-41,99],[-41,21],[-100,-7],[-122,12]],[[28337,22086],[-74,-188],[-70,-39],[-43,14],[-62,-45]],[[28088,21828],[-112,26],[-194,22],[-59,22],[-166,113],[-55,18],[-78,0],[-53,17]],[[28088,21828],[87,9],[-21,-33],[-4,-61],[28,4],[4,-89],[-22,-79],[-36,-7]],[[28124,21572],[-290,99],[-7,-30],[-82,-35],[35,-39],[-46,-99],[0,-40],[-107,-42],[-48,9],[-13,29],[11,47],[-71,17],[-71,97],[-64,4],[-71,-13],[-16,40],[-93,-35],[-46,18],[-11,-78],[-43,45],[-27,-59]],[[28904,22006],[-26,-82],[-28,-39],[1,-38],[-51,-43],[-19,-79],[-40,3],[-47,-16],[-76,-92],[-94,-50],[-57,5],[2,-216],[-12,-78],[-38,-46],[-116,-26],[-39,-26],[-87,42]],[[28177,21225],[-28,51],[7,62],[33,27],[-21,48],[-9,62],[-35,97]],[[28177,21225],[-97,-146],[-16,-45],[-5,-101],[-62,-70],[-21,-68],[-29,-55]],[[27947,20740],[-59,-32],[-61,-48]],[[27827,20660],[-88,109],[-52,31],[-125,9],[-90,32],[-93,86]],[[29214,21865],[-92,-150],[8,-65],[-108,14],[-10,-66],[113,-153],[19,-58],[-37,-122],[-39,-59],[-2,-31]],[[29066,21175],[-54,32],[-92,87],[-36,21],[-160,52],[-34,-157],[-22,-45],[-47,-33],[-84,-27],[-56,-36],[-88,-82],[-101,-53],[-33,-37],[-24,-59],[-38,-45],[-40,-18],[-107,-4],[-103,-31]],[[29597,21757],[-7,-148],[-38,-301],[-16,-76],[19,-79],[71,-167],[72,-140],[42,-168],[-6,-66],[-29,-74]],[[29705,20538],[-30,9],[-97,-96],[22,-31],[1,-48],[-60,-6],[-25,77],[-45,-1],[-16,39],[-82,6],[11,38],[64,7],[28,35],[-123,2],[-42,77],[-72,-6],[-72,30],[33,48],[-23,42],[-68,12],[-40,53],[47,74],[-17,126],[-5,86],[-28,64]],[[29705,20538],[-1,-48],[17,-71],[-13,-73],[-58,-110]],[[29650,20236],[-86,-21],[-71,-1]],[[29493,20214],[-143,-8],[-82,-22],[-40,-27],[-60,-11],[-93,-102],[1,-24],[-58,-7],[-32,49]],[[28986,20062],[-48,46],[-104,53],[-15,28],[-69,38],[-93,29],[-240,22],[-79,52],[-82,29],[-91,94],[-44,13],[-73,-4],[-54,9],[-66,51],[-101,138]],[[29611,21762],[106,23],[109,4],[75,-7],[43,-17],[32,10],[56,-55],[181,43],[59,58],[40,14],[89,56]],[[30401,21891],[-42,-39],[8,-54],[-13,-29],[10,-53],[-39,-81],[-5,-50],[129,-126],[93,-5],[63,-14]],[[30605,21440],[-63,-103],[-11,-87],[-21,-65],[-31,-30],[-15,-59],[70,-90],[39,-27],[118,-52],[55,-55],[27,-80],[-4,-80],[23,-4],[18,-159],[-12,-126],[-56,-68],[-20,-59],[-35,-51]],[[30687,20245],[-86,33],[-68,-47],[-41,-9],[-125,-7],[-114,-54],[-101,3],[-59,37],[-32,-5]],[[30061,20196],[-60,-2],[-20,23],[-76,-11],[-49,38],[-11,32],[-43,21],[-82,-20],[-1,-50],[-69,9]],[[30465,22497],[-74,-127],[-12,-92],[-31,-60],[-4,-88],[57,-190],[0,-49]],[[31643,21956],[25,-83]],[[31668,21873],[-36,29],[-64,73],[-13,-26],[-71,-39],[-30,51],[-28,-26],[-51,-2],[-33,-47],[-26,-9],[-87,18],[-79,49],[-44,-50],[-43,-13],[-58,-63],[-65,-20],[31,-50],[-4,-43],[-52,-47],[-48,-12],[-17,35],[-59,-6],[-133,-49],[-26,-46],[21,-65]],[[30653,21515],[-12,-48],[-36,-27]],[[31668,21873],[-9,-53],[76,-165],[77,-56],[79,-32],[175,-48],[102,22]],[[32168,21541],[-1,-49],[-21,-53],[-86,-74],[7,-66],[-39,-28],[2,-53]],[[32030,21218],[-98,-67],[-62,-10],[-46,9],[-69,31],[-90,-25],[-37,8],[-37,40],[-57,-7],[-101,62],[-126,89],[-102,111],[-51,31],[-138,47],[-66,7],[-86,-47],[-51,-15],[-55,32],[-105,1]],[[32030,21218],[5,-60],[25,-31],[51,-13],[13,-45],[81,-20],[46,-34],[-21,-40],[-45,-36],[-83,-15],[-72,-33],[-8,-60],[10,-48]],[[32032,20783],[-38,4],[-26,-54],[-42,-12],[-20,-28],[2,-87],[11,-33],[-7,-56],[-131,-49],[-24,9],[-64,-24],[-8,-41],[-73,-17],[-43,66],[-71,-8],[-14,-22],[-123,-38],[-34,-29],[-95,-28],[-37,28],[-106,-32],[44,-93],[-202,-238],[-80,-63]],[[30851,19938],[-33,54],[-15,59],[-48,101],[-68,93]],[[32032,20783],[60,-16],[84,-128],[3,-61],[87,-108],[-8,-61],[-86,36],[-86,-109],[-20,-50],[-7,-96],[-48,-70],[3,-45],[41,-41],[-1,-63],[-52,-50],[-64,-18],[-42,10],[-67,-17],[-49,-32],[-24,-53],[-47,9],[-28,46],[-34,8],[-72,-23],[-81,-101],[-72,-51],[29,-92],[101,-55],[50,-115],[-12,-21]],[[31590,19416],[-24,-87],[-18,-27],[-63,-46]],[[31485,19256],[27,94],[-24,71],[-48,60],[-35,20],[-106,99],[-83,65],[-10,36],[-37,38],[-77,31],[-16,19],[-74,22],[-19,23],[-68,2],[-56,67],[-8,35]],[[31485,19256],[10,-99],[-98,-71],[-23,-53],[-99,-80],[-76,21],[-60,-4],[-32,-98],[-6,-59],[42,-89],[7,-75],[-10,-51],[-82,-62],[-67,-17],[-45,-60],[-69,-8],[-17,-94],[-61,-102],[-68,-39],[-113,-16],[-25,-33]],[[30593,18167],[-16,-61],[10,-20],[-87,-28],[-45,55],[5,98],[-82,98],[-61,56],[-50,9],[-34,28]],[[30233,18402],[0,36],[22,95],[6,91],[-22,49],[24,47],[-4,66],[-42,49],[-18,46]],[[30199,18881],[17,73],[3,87],[26,5],[51,-38],[16,26],[56,-33],[30,83],[45,29],[40,5],[20,151],[-23,129],[-39,108],[-12,84],[5,31],[-25,67],[-97,56],[-72,69],[-45,86],[-109,232],[-25,65]],[[30199,18881],[-27,51],[-37,36],[-85,24],[-27,47],[-88,49]],[[29935,19088],[-45,27]],[[29890,19115],[-71,89],[-31,66],[55,126],[-41,62],[-6,50],[-29,13],[-35,75],[5,112],[-62,83],[-19,71],[7,83],[-16,46],[1,99],[-39,29],[-66,17],[-27,72],[-23,6]],[[29890,19115],[-108,83],[-135,35],[-44,-12],[-48,33],[-79,81],[-39,65],[-74,49],[-97,40]],[[29266,19489],[-34,34],[-24,62],[24,38],[-36,28],[-45,133],[-35,44],[2,36],[-48,95],[-63,13],[-25,26]],[[28982,19998],[4,64]],[[30233,18402],[-64,-56],[-6,-70],[21,-56],[-6,-29],[-53,-30],[-69,0],[-51,18],[-91,-27],[-59,4],[-45,-14],[-84,-76],[-83,10],[-50,-16],[-36,17],[-198,48],[-62,64],[-71,-7],[-93,-34],[-94,71],[-96,55],[-17,1]],[[28926,18275],[23,79],[11,80],[24,49],[-31,59],[26,12],[21,91],[-32,157],[28,11],[35,52],[1,63],[-28,65],[-29,20],[32,70],[38,-8],[20,-46],[38,-3],[85,61],[41,-3],[52,-37],[71,-19],[82,-54],[41,-12],[126,4],[37,-35],[61,38],[3,48],[51,4],[94,82],[72,-35],[16,20]],[[28926,18275],[-80,14],[-20,-16],[-133,-3],[-60,12]],[[28633,18282],[-52,-11],[-53,66],[2,32],[-57,82],[-21,77],[4,80],[-37,39],[-28,75],[-9,91],[-71,22],[-101,59]],[[28210,18894],[98,73],[27,53],[16,101],[47,82],[36,153],[9,0]],[[28443,19356],[42,12],[144,-76],[39,8],[48,-22],[112,-104],[40,29],[83,-7],[56,38],[61,26],[45,37],[74,21],[4,48],[56,76],[19,47]],[[23260,20558],[271,25]],[[23531,20583],[47,21],[0,-72],[52,-93],[0,-50],[27,-202]],[[23657,20187],[-230,-24],[-6,52],[-125,-13]],[[23296,20202],[-36,356]],[[23657,20187],[14,-135]],[[23671,20052],[9,-95],[-19,-100],[-35,-58]],[[23626,19799],[-37,-48]],[[23589,19751],[-73,-18],[-62,42],[-39,43],[-37,67],[-58,159]],[[23320,20044],[-12,44],[-12,114]],[[23589,19751],[-9,-12]],[[23580,19739],[-68,-45],[-46,3],[-86,-81],[-26,-45],[-74,-223]],[[23280,19348],[-36,30],[-13,74],[-57,18],[-73,-4],[-67,40],[-9,21]],[[23025,19527],[-43,257],[-44,104],[14,52],[-18,59]],[[22934,19999],[135,21],[251,24]],[[23003,20625],[75,-45],[6,-41],[176,19]],[[22934,19999],[-33,42],[-50,9],[-65,59],[-4,58],[-29,-4]],[[23229,21194],[9,-23],[13,-197],[-58,-150],[16,-61],[71,8],[-6,60],[176,17],[81,-265]],[[23676,20645],[77,-167],[29,-52],[171,-218]],[[23953,20208],[-181,-144],[-101,-12]],[[23953,20208],[428,-534]],[[24381,19674],[-49,-311]],[[24332,19363],[-103,41],[-219,41],[-34,17],[-140,116],[-146,128],[-64,93]],[[23580,19739],[-6,-44],[33,-49],[28,-72],[44,-37],[78,-138],[55,-131],[85,-290],[8,-59],[25,-52]],[[23930,18867],[5,-59],[-13,-87],[-95,-38],[-75,-22],[-10,-68],[-19,-38]],[[23723,18555],[-32,110],[-156,272],[-26,-25],[-134,-83],[-229,-36]],[[23146,18793],[-21,-4]],[[23125,18789],[-19,125],[131,308],[43,126]],[[24332,19363],[-88,-594],[31,-60]],[[24275,18709],[-53,-49],[-67,1],[22,69],[-48,62],[-88,22],[-71,2],[-2,47],[-38,4]],[[24275,18709],[35,-58],[-30,-145]],[[24280,18506],[-93,-80],[-13,-54],[64,-241]],[[24238,18131],[-49,-144]],[[24189,17987],[-368,298]],[[23821,18285],[-48,78],[-36,121],[-14,71]],[[24189,17987],[-5,-7]],[[24184,17980],[8,-25],[-210,-162],[-120,-78],[-94,-41],[-42,-50],[-124,-27],[-93,-38]],[[23509,17559],[-77,44],[60,172],[-43,25],[14,76],[44,85],[-3,144],[118,73],[11,39],[83,37],[60,6],[45,25]],[[23509,17559],[-15,-37],[-49,-38],[-60,5],[-57,-15],[-81,-69],[-48,-30],[-75,-24],[-80,-47],[-25,5],[-23,50],[-40,40]],[[22956,17399],[32,19],[70,115],[-30,143],[39,121],[-17,91],[50,117],[2,33],[-49,70],[-2,48]],[[23051,18156],[75,20],[21,55],[14,88],[68,106],[3,70],[-41,123],[-20,95],[-25,80]],[[22956,17399],[-34,26],[-97,-47],[-9,-37],[-94,-53],[-15,-34],[-91,85],[-53,-15],[2,-41],[-16,-109],[3,-119],[-11,-109],[-41,-54],[-13,-45],[-59,-38],[-23,-39]],[[22405,16770],[-6,11]],[[22399,16781],[-57,108],[-25,141],[108,68],[-48,103],[-40,51],[-9,50],[-42,11],[-23,210]],[[22263,17523],[53,-10],[13,66],[68,-27],[4,199],[116,2],[73,-21],[47,97],[-58,94],[-62,189],[1,101]],[[22518,18213],[78,63],[204,50],[50,-18],[28,-32],[59,28],[58,-32],[40,-1],[32,-44],[-16,-71]],[[22483,18902],[41,8],[16,-103],[82,-29],[147,-31],[64,-3]],[[22833,18744],[292,45]],[[22518,18213],[-35,-8],[-63,11],[-23,-17],[19,414]],[[22534,19608],[43,-11],[82,-78],[101,-37],[49,27],[151,-38]],[[22960,19471],[-73,-64],[-7,-40],[23,-108],[-30,-138],[-37,-51],[-64,-59],[-9,-39],[70,-228]],[[23025,19527],[-65,-56]],[[23912,20633],[74,-162],[81,-83]],[[24067,20388],[-9,-47],[-38,-33],[86,-106],[74,-50],[126,-156],[47,-82],[37,-22]],[[24390,19892],[8,-43],[-23,-60],[6,-115]],[[25002,20666],[10,-41],[-118,-14],[95,-249],[155,-185]],[[25144,20177],[-55,-34],[-43,-5],[-41,29],[-91,30],[-54,49],[-106,14],[-541,86],[-41,-1],[-27,-29],[-78,72]],[[25144,20177],[33,-33],[86,-36],[33,-32],[56,-22],[48,-44],[85,-47]],[[25485,19963],[-5,-81],[31,-16],[-17,-64],[-41,-49],[0,-127],[24,-31]],[[25477,19595],[-76,-92],[-39,-74],[-89,-58],[-56,9],[-290,189],[-118,92],[-254,167],[-106,30],[-59,34]],[[25210,20691],[9,-46],[190,-41],[139,-66],[146,-132],[114,-152]],[[25808,20254],[-29,-30],[-34,45],[-43,-77],[21,-10],[-195,-180],[-50,28],[7,-67]],[[26125,20570],[24,-33],[64,-138],[-155,-369]],[[26058,20030],[-130,138],[-120,86]],[[26058,20030],[66,-50],[209,-69],[47,-24],[86,-65]],[[26466,19822],[-29,-64],[67,-44],[64,0],[59,-86],[-64,-103],[-31,-36],[-19,-55],[77,-103],[6,-22]],[[26596,19309],[-30,-9],[-226,8],[-70,-38],[-41,24],[-91,-12],[-140,86],[-72,55],[-196,127],[-73,96],[-53,-19]],[[25604,19627],[-38,20],[-57,-14],[-32,-38]],[[27276,19514],[43,-38]],[[27319,19476],[1,-96],[33,-62],[49,-45],[34,-49],[9,-56],[-19,-39],[37,-19],[-17,-34],[-37,19],[-81,-158],[23,-85],[-4,-32]],[[27347,18820],[-40,-2]],[[27307,18818],[-58,-8],[-42,18],[-100,66],[-30,48],[-39,33],[-62,118],[-66,30],[-43,2],[-73,38],[-22,51],[-29,18]],[[26743,19232],[20,55],[80,21],[54,-15],[0,-25],[98,8],[54,60],[16,70],[168,-35],[-39,67],[82,76]],[[26466,19822],[226,-35],[78,4],[149,-22],[19,24],[80,-20]],[[27018,19773],[-10,-18],[87,-54],[32,15],[67,-97],[-28,-15],[42,-73],[33,12],[35,-29]],[[26743,19232],[-63,19],[-31,52],[-53,6]],[[26748,20501],[-33,-97],[-37,-55],[45,-78],[-15,-87],[90,-133],[78,-6],[61,32],[17,-49],[14,-102],[44,-55],[6,-98]],[[27211,20324],[2,-146],[160,-73],[15,-38],[71,-30],[70,-2],[38,14],[43,48],[57,3]],[[27667,20100],[-17,-101],[-46,-220],[18,-64],[-41,-164],[-67,-58]],[[27514,19493],[-76,-27],[0,-29],[-108,43],[-11,-4]],[[27514,19493],[-30,-46],[244,103],[69,22],[192,50],[57,-19],[40,-52],[17,-83],[-68,-1],[57,-217],[39,-69],[13,-171],[-22,-111]],[[28122,18899],[-31,38],[-30,0]],[[28061,18937],[-52,3],[-38,-46],[-58,-7],[-51,-23],[-67,16],[-32,-48],[-110,43],[-53,-23],[-58,46],[-56,-2],[-100,-70],[-39,-6]],[[28210,18894],[-46,18],[-42,-13]],[[27667,20100],[30,17],[18,-89],[79,-135],[27,-27],[112,-75],[97,28],[-20,57],[159,124],[-38,49],[95,76],[-10,17]],[[28216,20142],[84,18],[97,-57],[143,-111],[95,10],[78,-30]],[[28713,19972],[-54,-60],[-15,-37],[-33,-201],[-36,-55],[-14,-54],[-27,5],[-26,-33],[18,-26],[-50,-38],[-22,-37],[-35,-11],[24,-69]],[[27391,20742],[54,-2],[88,-42],[101,-75],[154,-51],[35,-85],[62,-83],[138,-153],[104,-100],[51,11],[38,-20]],[[28982,19998],[-184,-26],[-85,0]],[[20354,19008],[125,-100],[60,-69],[93,-169],[115,-140],[101,-95],[45,89]],[[20893,18524],[-8,-46],[-3,-122],[-13,-27],[-155,-182],[-8,-34],[41,-77],[3,-76]],[[20750,17960],[-65,80],[-65,53],[-24,36],[-45,151],[-74,102],[-103,83],[-91,91],[-56,107],[-62,44]],[[20497,19239],[20,-14],[467,-397],[87,-94],[34,-63],[47,-24]],[[21152,18647],[-54,-22],[-137,-36]],[[20961,18589],[-36,-18],[-32,-47]],[[21163,19098],[-14,-53],[20,-217],[8,-127],[-25,-54]],[[21720,18561],[-68,-55],[-11,-76],[28,-46],[-3,-49],[-47,-13]],[[21619,18322],[-41,-34],[-15,27],[-54,-21],[-96,35],[12,47],[-11,60],[-34,30],[-57,0],[-90,-16],[-272,139]],[[21619,18322],[4,-42],[-60,-117],[-34,-1],[-70,-47],[-89,-14],[-60,-63]],[[21310,18038],[-22,-9],[-46,73],[-9,51],[-26,30],[-64,33],[-74,-88],[-73,-67],[-58,-25],[7,-27],[-98,-26],[-33,-44],[-41,-10]],[[20773,17929],[-23,31]],[[21310,18038],[144,-153],[57,-67],[79,-109],[85,-42],[62,22],[-32,-60]],[[21705,17629],[-5,-11],[19,-157],[-21,-28],[-34,25],[-74,-104],[-9,-47],[-103,114],[-67,-58],[-59,66],[-40,-22],[-158,-36],[-29,-65]],[[21125,17306],[-6,36],[-224,254],[-74,242],[-48,91]],[[21766,18492],[142,-95],[57,-4],[11,-131],[-6,-174],[12,-147],[44,-98],[-12,-85],[77,-31],[-28,-50]],[[22063,17677],[-46,-79],[-17,-82],[-47,-71],[-29,16],[-56,-14],[-23,13],[-8,69],[-114,71],[-18,29]],[[22263,17523],[9,128],[-46,18],[-31,-58],[-132,66]],[[22399,16781],[-11,-36]],[[22388,16745],[-60,-25],[-3,-30],[-34,-26],[-43,27],[-24,38],[-101,53],[-142,38],[-38,-16],[-36,36],[-33,-29],[-57,99],[-118,74],[-31,-17],[-73,13],[-31,38],[-48,20],[-54,54],[-31,12]],[[21431,17104],[-105,55],[-48,7],[-13,-62],[-54,46],[-84,121],[-2,35]],[[21431,17104],[-37,-70],[-40,-16],[58,-39],[-44,-95],[-1,-21],[-71,-104],[-40,-46],[27,-27],[-54,-52]],[[21229,16634],[-48,38],[-97,31],[-148,103]],[[20936,16806],[-87,78],[-59,15],[-53,30],[-28,44],[-41,14],[-124,74]],[[20544,17061],[-48,158],[-26,329],[13,45]],[[20483,17593],[246,333],[21,34]],[[22388,16745],[12,-89],[-10,-59],[23,-17],[6,-64],[-9,-54],[-53,-24],[-53,-46],[-11,-34],[25,-91],[-6,-59],[-26,-90],[-44,-34],[-26,-49],[22,-58]],[[22238,15977],[-13,-34],[-51,-31],[-79,6],[-56,-37],[-64,-7],[-73,-46]],[[21902,15828],[-5,44],[-29,60]],[[21868,15932],[-10,82],[12,103],[-50,83],[-41,36],[-78,13],[-22,16],[-450,369]],[[21868,15932],[-31,-12],[-33,66],[-87,16],[-36,-10],[-24,87],[-73,53],[-53,69],[8,34],[-319,-201],[-59,32],[-119,-11],[-70,23],[-56,-4],[-47,23]],[[20869,16097],[-13,34],[1,73],[17,40],[-10,64],[18,106],[-31,14],[-6,119],[34,161],[-24,64],[56,12],[25,22]],[[20035,17511],[-20,-118],[5,-76],[-36,-60],[-7,-83],[57,-63],[109,-277],[72,-109],[29,-65],[19,-97],[21,-65]],[[20284,16498],[-168,-144],[-103,-108],[-72,-88],[-70,-48]],[[19871,16110],[-115,211],[-28,39],[-128,139]],[[19600,16499],[-65,103],[-253,452]],[[19282,17054],[91,61],[107,109],[23,15]],[[19503,17239],[157,53],[293,163],[82,56]],[[20544,17061],[16,-73],[-6,-140],[18,-115],[-61,-120],[-33,-33],[-194,-82]],[[20035,17511],[57,40]],[[20092,17551],[119,93],[32,12],[145,-31],[45,-31],[50,-1]],[[20869,16097],[-68,-103],[-73,-39],[-2,-15],[-74,-54],[-54,1],[-21,-35]],[[20577,15852],[-5,99],[-24,55],[-78,75],[-21,63],[-4,100],[-65,134],[-67,59],[-29,61]],[[20577,15852],[-53,-55],[-40,-14],[-81,10],[-33,-8],[4,-47],[-28,-50],[-40,-8],[-37,-90]],[[20269,15590],[-31,16]],[[20238,15606],[-91,71],[-66,93],[-153,253],[-57,87]],[[21902,15828],[-34,-28],[-102,-51],[-57,-3],[-74,35],[-28,-52],[-62,-75],[-82,-138],[-267,-176],[-106,-38],[-255,-54]],[[20835,15248],[-30,134],[-24,39],[-81,45],[-217,44],[-109,34],[-105,46]],[[22238,15977],[98,-13],[5,-65],[35,-29],[-2,-106],[109,-64],[2,-53],[25,-56]],[[22510,15591],[38,-20],[40,-78],[85,38],[10,-73],[-10,-41]],[[22673,15417],[24,-53],[27,20],[61,-69],[116,-10],[52,-43],[28,-90],[-48,-72],[-71,-63],[-159,-93],[-60,-22],[-75,3],[-114,-120],[-87,-81],[-153,-173],[-160,-100],[-114,-38],[-128,-34],[-141,-51],[-45,-40]],[[21626,14288],[-30,9]],[[21596,14297],[-212,270],[-142,146],[-90,84]],[[21152,14797],[-190,178],[-73,118],[-54,155]],[[19600,16499],[-131,-99],[-61,129],[-46,-16],[-12,28],[-88,-13],[-32,60],[-35,34],[-65,22],[-8,-19],[-485,161],[-4,36]],[[18633,16822],[54,40],[32,40],[15,63]],[[18734,16965],[89,370],[21,39],[69,37]],[[18913,17411],[45,-41],[142,-98],[65,-55],[62,-77],[55,-86]],[[19871,16110],[-29,-16],[-39,-54],[-44,-161],[-59,-148],[-49,-210]],[[19651,15521],[-39,-169],[-52,6],[-117,-6],[-53,-47],[-164,-76],[-201,-75],[-184,-47]],[[18841,15107],[14,51],[-1,138],[-28,86],[-150,324],[-34,67],[-2,85],[55,185],[9,131],[-3,97],[-24,148],[-32,250],[-30,94],[18,59]],[[19651,15521],[53,-253],[-23,13],[-46,-87],[33,-148],[-10,-17],[-80,-49],[-79,23],[-53,-69],[65,-59],[-38,-26],[29,-81],[-22,-26],[-7,-79],[50,-34],[108,-55],[-33,-36],[-69,-4]],[[19529,14534],[-53,-54],[-12,-32],[4,-109],[-79,-19],[-156,-118],[-56,-27],[-33,14],[-34,-38],[-53,-15],[7,-50],[-34,-11],[40,-45],[20,-44],[34,-23],[49,-61],[86,-39],[28,6],[26,-83],[-58,-59],[-122,-142],[-123,49],[-39,0],[-125,105],[-34,45],[-79,6],[-129,97],[-9,13]],[[18595,13900],[22,74],[2,76],[-14,271],[7,119]],[[18612,14440],[17,278],[22,85],[67,121],[123,183]],[[20238,15606],[-96,-346],[-110,-415],[-5,-72],[15,-214]],[[20042,14559],[-33,-58],[-72,40],[-31,-110],[-106,-20],[-53,20],[-116,0],[-102,103]],[[21152,14797],[-103,-126],[-70,-101],[-90,-177]],[[20889,14393],[-40,-26],[-147,-19],[-69,-50],[-122,-59],[-33,1],[-92,-117],[-41,-89],[-90,-65],[-64,45],[-29,94],[3,70],[27,95],[-52,126],[-88,81]],[[20052,14480],[-10,79]],[[20052,14480],[1,-85],[-12,-60],[-47,-94],[-441,-595]],[[19553,13646],[-70,-104],[-125,-301],[-63,-166],[-20,-109],[-1,-292]],[[19274,12674],[-34,50],[-45,39],[-119,18]],[[19076,12781],[-50,9],[-36,-13],[-107,-1],[-54,-12],[-69,1],[-35,43],[55,46],[-27,47],[5,64],[-18,20],[26,53],[-10,58],[-26,41],[-69,63],[-4,24],[26,65],[-22,128],[-9,122],[-12,74],[-75,252]],[[18565,13865],[30,35]],[[19553,13646],[126,-144],[25,-49],[42,-30],[32,-109],[67,12],[54,-2],[64,-63],[50,-17],[39,-58]],[[20052,13186],[-27,-47],[-37,-7],[-22,-86],[-57,-57],[13,-18],[-59,-164],[-53,-84],[-18,-73],[-35,-52],[-31,-103],[18,-71],[57,-135],[31,-48]],[[19832,12241],[-83,-36],[-114,23],[-8,180],[8,71],[-94,-38],[-60,-2],[-161,93],[-45,14]],[[19275,12546],[-1,128]],[[20889,14393],[-101,-204],[-62,-175],[-6,-95],[-62,-76],[-51,-109],[-58,-86],[-75,-92],[-36,-35],[-70,-34],[-93,-83],[-70,-88]],[[20205,13316],[-153,-130]],[[21596,14297],[57,-213],[43,-112],[24,-94],[68,-412],[18,-136],[28,-94],[31,-56],[121,-148]],[[21986,13032],[-429,-152]],[[21557,12880],[-39,56],[-83,84],[-42,53],[-198,17],[-53,-1],[-68,30],[-40,31],[-43,54],[-93,9],[-40,18],[-68,58],[-167,-39],[-67,13],[-109,81],[-65,9],[-147,-43],[-30,6]],[[21557,12880],[-42,-16],[4,-181],[-16,-93],[2,-110],[-146,-26],[-67,-67],[9,-41],[-161,-7],[-14,-16],[-9,-80],[-38,28],[-50,-39],[-77,-3],[-7,-58],[-50,-18],[-19,14],[-139,37],[-82,71],[-68,8],[-64,-14],[36,-101],[70,-123],[-13,-31],[-3,-70],[45,-22],[73,-6],[5,-21],[-31,-99],[-57,-18],[-33,25],[-135,22],[-81,-87],[-36,53],[8,46],[-55,12],[-83,-32],[-76,3],[4,81],[32,52],[-40,46],[-155,-20],[-27,14],[-28,80],[-22,15],[15,53],[-23,78],[-49,46],[-32,-24]],[[21986,13032],[509,-648],[181,-228],[62,-103],[26,-92],[0,-295]],[[22764,11666],[-1,-437],[-5,-423],[-37,-224],[-16,-32],[-112,-108],[-56,-64],[-127,-159],[-53,-97],[-13,-91],[6,-105],[-36,-81],[-3,-104]],[[22311,9741],[-143,-21],[-171,-53],[-113,-61],[-122,-81],[-112,-99],[-107,-105],[-70,-45],[-87,-23],[-169,18],[-114,44],[-80,61],[-84,20],[-126,4],[-137,-28],[-98,16],[-68,-38],[-15,-99],[-118,6],[-51,-22],[-79,-82],[-47,-11],[-74,17],[-73,71],[-38,50],[-17,119],[-63,153],[-13,97],[-17,222],[-14,59],[-67,206],[-126,269],[-44,152],[-8,55],[6,71],[68,279],[5,51],[-11,78],[-124,363],[-66,183],[-140,410],[-94,266],[-15,104],[0,129]],[[19076,12781],[-6,-35],[-100,2],[-146,-34],[-52,-56],[-71,-110],[11,-35],[97,-21],[115,-54],[-77,-81],[1,-61],[-14,-31],[-54,-55],[-8,-62],[-35,-2],[-50,42],[-78,22],[-55,-19],[-59,-59],[-33,1],[-28,36],[-109,-22],[-49,-77],[9,-45],[-55,-28],[-50,35],[-75,-15],[-42,18],[-82,-12],[-46,-47],[-48,-30],[-52,67],[-8,63],[-82,24],[-68,-36],[-60,-8],[-55,39],[-22,-50],[-53,-49],[-18,-42],[-40,-41],[-73,-42],[-87,-4],[-60,-28],[-22,-25],[62,-87],[35,-127],[35,-61],[68,-92],[28,-110],[-5,-27],[-43,-23],[-53,-151],[-4,-38],[-116,-151],[-13,-70],[11,-39],[3,-98],[-9,-23],[2,-88],[60,-106],[58,-16],[11,-30],[-21,-72],[-48,-46],[-45,-22],[-37,-55]],[[17166,10282],[-20,15],[-68,105],[-109,59],[-33,33]],[[16936,10494],[-72,71],[-27,-10],[-45,39],[-43,15],[-130,93],[-44,10],[-31,30],[-96,8],[-55,14],[-100,45],[-117,12],[-132,30],[-42,-26],[-66,26],[-126,29],[-32,80],[7,76],[39,58],[17,54],[-20,16],[14,66],[43,5],[33,49],[91,45],[7,29],[-23,43],[51,90],[53,71],[55,36],[24,45],[67,47],[32,39],[-39,65],[55,31],[19,54],[-57,7],[8,61],[-65,199],[10,97],[25,70],[41,66],[35,31],[72,29],[139,30],[46,19],[68,77],[89,132]],[[16714,12697],[82,53],[82,19],[79,81],[42,97],[29,151],[3,109]],[[17031,13207],[85,43],[43,61],[22,77],[-3,190],[9,123],[17,62],[61,88],[67,38],[108,25],[179,-14],[65,-12],[70,-26],[89,-64],[103,-97],[45,-17],[75,3],[251,104],[206,52],[42,22]],[[22311,9741],[40,-221],[66,-313],[28,-64],[94,-78],[188,-92],[78,-69],[159,-96],[68,-55],[16,-46],[2,-86],[-17,-186],[12,-27],[27,-188],[19,-74],[-56,-105],[16,-44],[-5,-56],[-29,-138],[-16,-35],[16,-72],[-2,-79],[49,-139],[-1,-33],[23,-80],[24,-44],[-14,-58],[20,-120],[42,-46],[20,-85],[-5,-47],[24,-54]],[[23197,6911],[-998,-250],[-61,-16]],[[22138,6645],[-4,110],[-19,63],[-104,242],[-55,78],[-89,87],[-53,69],[-87,165],[-31,78],[-11,93],[-1851,63],[-711,216],[-1373,420],[-312,113],[-119,39],[-60,-4],[-24,-17],[-72,8],[-41,-50],[-34,-7],[-62,18],[-106,-3],[-50,54],[-55,19]],[[16815,8499],[0,457],[-49,50],[-52,83],[-35,37],[12,98],[-19,20],[28,93],[-20,96],[-23,27],[1,57],[56,25],[76,-25],[52,-43],[65,-23],[36,12],[127,9],[76,-10],[28,22],[93,24],[4,37],[45,83],[-15,49],[28,70],[2,43],[-27,58],[-49,6],[-38,-16],[-5,57],[75,59],[23,60],[-2,45],[18,73],[-23,52],[-137,98]],[[22138,6645],[-30,-79],[-121,-278],[-4,43],[-29,46],[-81,66],[-23,29],[-21,91],[-57,57],[-80,10],[-109,-40],[-65,24],[-44,34],[-49,15],[-116,-27],[-45,14],[-60,57],[-55,34],[-86,25],[-89,-8],[-87,5],[-161,-28],[-99,17],[-103,-19],[-84,-24],[-40,5],[-56,51],[-13,89],[-22,37],[-102,81],[-82,35],[-42,5],[-69,-15],[-155,-57],[-68,-68],[43,-13],[17,-29],[-10,-67],[-33,-30],[-35,59],[-25,18],[-85,-25],[-39,-64],[-5,-48],[-55,-20],[-94,14],[-41,-68],[-42,13],[75,113],[67,46],[-8,26],[-45,2],[8,39],[-85,41],[-59,9],[-286,-34],[-23,-61],[11,-41],[-41,-69],[-50,-32],[-21,-66],[-56,26],[-65,-3],[-54,23],[-24,-33],[33,-52],[-75,-65],[-10,72],[-90,70],[-26,-7],[-53,20],[-8,27],[-49,34],[-117,-4],[-87,100],[-145,84],[-65,54],[-16,28],[-122,102],[-68,35],[-82,2],[-23,-55],[-23,-163],[-27,14],[-19,72],[-50,-5],[-73,-91],[-78,-133],[-36,-73],[-53,0],[-17,-23],[-16,-90],[21,-27],[27,-110],[-28,-72],[6,-40],[-26,-19],[-25,58],[-119,122],[-10,57],[-21,26],[-59,-18],[9,-49],[-23,-104],[35,-32],[0,-42],[-52,32],[-42,-16],[-55,30],[-52,6],[-59,35],[-53,51],[-45,-20],[-43,13],[-38,104],[-115,58],[-27,133],[-46,49],[-28,71],[-76,120],[-112,64],[-47,6],[-37,25],[-61,6],[-71,-20],[-35,32],[-49,14],[-54,-15],[-23,-39],[-49,-16],[-23,40],[-28,156],[119,63],[-15,41]],[[15907,7324],[30,-2],[104,28],[51,-27],[287,-38],[68,20],[357,51],[11,25],[0,1118]],[[23317,6533],[-56,2],[-7,5],[-2,11],[6,73]],[[23258,6624],[3,-89],[56,-2]],[[23230,4205],[-3,38],[-57,27]],[[23170,4270],[57,-27],[3,-38]],[[15600,7607],[6,9]],[[15606,7616],[1,6]],[[15607,7622],[-1,-6],[-6,-9]],[[15501,6169],[-4,15]],[[15497,6184],[-1,25]],[[15496,6209],[5,-40]],[[23197,6911],[145,37],[11,3],[20,-12],[0,-3],[-28,-11],[-70,-87],[-41,-38],[-11,-44],[41,-65],[-12,-56],[0,-2],[6,-9]],[[23317,6533],[28,-15],[32,-7],[3,-8],[0,-4],[-19,-50],[-8,-11],[-2,-4],[-12,-31],[-10,-32],[-1,-26],[1,-13],[19,-21],[7,-7],[10,-16],[-2,-36],[-1,-1],[1,-1],[6,-18],[-1,-6],[-4,-64],[0,-3],[-32,-28],[-12,-8],[-13,-38],[39,-49],[6,-29],[5,-25],[0,-12],[-33,3],[-29,0],[-20,-14],[-6,-11],[1,-49],[-3,-11],[-18,-10],[-30,-11],[-33,-58],[-1,0],[-29,7],[-66,29],[-12,-53],[0,-3],[-2,-20],[-7,-46],[3,-15],[15,-60],[0,-7],[6,-10],[24,-28],[7,-17],[65,-6],[3,-9],[23,-39],[52,4],[20,3],[30,23],[15,10],[71,-2],[7,-3],[16,-10],[5,-8],[20,-60],[-12,-16],[-13,-35],[-37,-42],[5,-18],[36,-81],[26,-48],[-23,-34],[-5,-11],[4,-22],[9,-44],[-13,-24],[-26,-32],[-47,-28],[-12,-22],[-28,-1],[-5,-2],[-11,-42],[4,-6],[33,-26],[75,-62],[30,-17],[19,-10],[-3,-22],[0,0],[4,-32],[-8,-31],[-3,-6],[2,-5],[23,-29],[7,-18],[0,-5],[-36,-29],[-53,-46],[7,-3],[2,0],[6,-8],[12,-21],[-49,1],[-23,-24],[-4,-2],[0,-5],[31,-10],[43,-29],[-8,-43],[13,-49],[-68,-48],[-18,-5],[-1,-42],[0,-1],[-19,-18],[-20,-7],[-5,-2],[-14,-45],[0,-8]],[[23278,4274],[-9,-43],[2,-36],[-20,-15],[-18,4],[-3,21]],[[23170,4270],[-41,21],[-9,-1],[-15,-11],[-9,-18],[-31,2],[-19,7],[-10,-8],[-23,-25],[-7,-30],[5,-2],[-36,-13],[-3,0],[-4,0],[-11,-8],[-8,-9],[-2,-11],[0,-7],[0,-6],[-16,-13],[-66,-13],[-47,-5],[-12,4],[-5,0],[-3,0],[-4,-2],[-15,-13],[-5,-11],[0,-11],[-2,-11],[-41,-5],[-16,-3],[-4,0],[-16,7],[-6,2],[-5,0],[-5,-1],[-8,-4],[-7,-14],[-3,-27],[-8,-3],[-20,-6],[-26,14],[-7,1],[-3,0],[-4,-1],[-5,-4],[0,-3],[3,-3],[8,-5],[1,-8],[-5,-3],[-10,-3],[-17,-11],[-47,-46],[-28,-14],[-13,-4],[-14,-8],[-109,-65],[-2,-11],[0,-2],[7,-11],[6,-8],[15,-51],[0,-9],[0,-15],[4,-23],[5,-22],[8,-17],[9,-12],[28,-44],[15,-84],[2,-76],[3,-10],[10,-15],[1,-12],[-3,-5],[-9,-16],[4,-6],[40,-21],[24,-25],[26,-22],[9,-7],[15,-8],[15,-8],[7,-1],[0,0],[5,0],[5,1],[0,0],[9,-1],[-7,-42],[-41,-34],[-19,-12],[-14,-6],[-2,0],[-8,0],[-23,0],[-48,-11],[-10,-6],[-7,-8],[-6,-13],[-35,-66],[-2,-1],[-12,-2],[-1,0],[-13,1],[-62,26],[-16,-3],[-10,-5],[-17,-15],[-6,-4],[-6,-6],[-13,-27],[-10,-38],[-11,-34],[-22,-19],[-23,-12],[-8,0],[-4,0],[-10,2],[-38,9],[-10,-5],[-10,-12],[-20,-17],[-11,-7],[-32,-13],[-26,-8],[-37,-12],[-54,-19],[-75,-48],[-22,-28],[-12,6],[-15,8],[-32,60],[-44,91],[-32,54],[-41,29],[-46,47],[-69,74],[-74,32],[-26,23],[-3,6],[-11,44],[-39,52],[-38,42],[-45,-9],[-2,-1],[-78,8],[-29,-1],[-37,-4],[-62,-13],[-15,-5],[-35,-6],[-23,-3],[-23,-10],[-6,-3],[-8,-2],[-31,5],[-31,16],[-39,-7],[-30,-25],[-10,-5],[-2,0],[-1,0],[-14,2],[-36,15],[-59,27],[-49,26],[-35,21],[-22,22],[-45,67],[-4,9],[-14,38],[-21,49],[-14,14],[-21,6],[-39,-2],[-51,-16],[-8,-15],[-36,-51],[-20,-15],[-1,0],[-3,-1],[-13,-5],[-6,0],[-45,12],[-65,10],[-11,-1],[-16,-2],[-29,-7],[-10,-6],[-5,-5],[-22,-37],[-25,-44],[-27,-21],[-66,-44],[-15,-10],[-21,-19],[-11,-12],[-39,-38],[-19,-11],[-28,-9],[-90,-36],[-29,-13],[-1,-1],[-10,-2],[-9,0],[-2,1],[-21,13],[-63,21],[-28,3],[-70,-15],[-25,-32],[-16,-33],[-6,-8],[-13,-14],[-22,-15],[-27,-13],[-19,-7],[-15,-3],[-31,3],[-9,-3],[-13,-18],[-5,-16],[-15,-37],[-10,-11],[-19,-12],[-26,-2],[-63,8],[-25,5],[-11,3],[-38,14],[-22,10],[-27,15],[-2,2],[-4,7],[-11,31],[-17,35],[-24,-5],[-73,-33],[-50,-17],[-35,-2],[-42,-3],[-52,-21],[-58,-18],[-25,-6],[-10,-2],[-34,-3],[-69,23],[-49,19],[-39,18],[-84,77],[-14,14],[-8,3],[-14,0],[-3,0],[-18,-8],[-28,-18],[-34,-3],[-85,21],[-40,-6],[-8,-26],[-2,-6],[-12,-24],[-5,-6],[-3,-3],[-16,-9],[-47,-10],[-30,-4],[-66,-9],[-30,0],[-10,-3],[-8,-18],[8,-17],[0,-18],[-38,-18],[-20,-21],[-3,0],[-12,13],[-14,11],[-19,5],[-3,1],[0,0],[-6,-2],[-40,-12],[-25,-10],[-39,-20],[-19,-20],[-44,-79],[-33,-57],[-12,-23],[-38,-55],[-9,-9],[-11,-9],[-52,-18],[-17,-4],[-7,-4],[-7,-5],[-5,-5],[-4,-8],[-13,-28],[-20,-64],[-11,-11],[-17,-9],[-16,-4],[-30,2],[-79,41],[-14,0],[-11,-6],[-10,-10],[-10,-10],[-3,-3],[-5,-7],[-10,-24],[-12,-36],[-10,-15],[-11,-10],[-16,-8],[-12,-2],[-10,-1],[-1,0],[-17,3],[-37,11],[-19,13],[-8,9],[-7,12],[-1,5],[1,14],[-1,15],[-9,15],[-9,8],[-4,3],[-39,17],[-7,8],[-8,13],[-11,23],[-10,20],[0,40],[30,35],[69,37],[18,7],[17,9],[14,9],[14,11],[38,30],[6,7],[14,16],[27,15],[5,3],[3,4],[3,8],[-5,26],[-7,29],[-3,24],[17,42],[5,3],[11,8],[19,18],[8,23],[6,31],[3,8],[5,10],[0,21],[-3,40],[39,49],[23,21],[10,26],[-1,15],[1,27],[4,3],[5,2],[20,3],[21,3],[24,8],[20,36],[0,33],[8,9],[16,10],[24,37],[8,6],[3,4],[13,18],[3,14],[0,15],[-2,20],[0,5],[1,8],[10,25],[15,22],[6,5],[48,59],[-4,12],[-6,4],[-21,9],[-7,5],[-3,7],[2,23],[9,30],[3,4],[13,4],[13,1],[22,-2],[6,0],[18,6],[13,24],[10,28],[12,33],[4,7],[3,4],[21,6],[7,2],[6,5],[3,6],[1,9],[0,13],[0,42],[3,36],[-1,10],[-8,9],[-8,5],[-12,3],[-41,0],[-15,-3],[-12,-2],[-9,-1],[-18,-1],[-20,20],[-5,12],[-20,37],[-27,31],[-66,61],[-40,18],[-15,12],[-10,12],[-22,70],[-1,2],[13,18],[14,9],[15,46],[-5,14],[-1,3],[-10,15],[-55,58],[-36,29],[-22,10],[-14,2],[-4,0],[-4,-1],[-6,-2],[-40,-18],[-28,-12],[-14,-1],[-4,1],[-7,4],[-4,7],[-16,32],[-6,3],[-12,-2],[-43,-23],[-10,3],[-3,3],[-7,11],[-14,37],[-11,23],[-26,32],[-57,60],[-19,8],[-7,6],[-5,8],[-4,10],[0,11],[2,4],[8,16],[10,17],[7,20],[2,5],[5,17],[3,13],[1,9],[-20,32],[-1,1],[-6,7],[-2,4],[-2,8],[0,9],[3,10],[10,19],[15,28],[5,16],[0,10],[-12,17],[-8,4],[-25,7],[-26,2],[-25,-5],[-16,-2],[-10,-1],[-8,1],[-5,1],[-32,16],[-23,14],[-10,6],[-10,4],[-47,6],[-16,5],[-43,44],[-13,11],[-33,15],[-7,69],[1,15],[-53,53],[-9,9],[-30,59],[-9,7],[-19,14],[-74,30],[-31,9],[-10,1],[-15,-4],[-7,-10],[-6,-12],[-10,-17],[-9,-12],[-23,-24],[-14,-9],[-31,-12],[-17,-2],[-19,1],[-48,21],[-26,28],[-27,58],[-36,37],[-40,18],[-26,14],[-90,41],[-38,-1],[-30,-5],[-36,-11],[-102,-21],[-16,6],[-20,17]],[[15655,5436],[-11,35],[-5,17],[-1,7],[-2,10],[1,13],[0,2],[10,29],[2,5],[1,12],[1,13],[-2,12],[-17,35],[-7,10],[-10,19],[-20,63],[-1,15],[1,21],[12,59],[-5,25],[-10,23],[-18,41],[-12,38],[-15,48],[-21,64],[-6,23],[-5,41],[-14,53]],[[15496,6209],[-2,43],[1,13],[1,3],[4,5],[18,7],[8,6],[2,4],[0,1],[-5,5],[-20,11],[-19,17],[-20,-1],[-13,4],[1,2],[5,5],[3,4],[-10,21],[0,8],[10,3],[6,7],[13,34],[-6,10],[-2,4],[-4,7],[0,24],[-3,9],[-5,7],[-7,12],[0,9],[1,22],[-1,8],[-1,1],[3,13],[11,12],[7,9],[12,11],[7,9],[0,0],[-3,3],[-2,0],[-3,-1],[-7,-2],[-4,2],[-2,3],[-5,7],[-4,3],[-3,-1],[-4,-9],[-4,-12],[-2,0],[-2,2],[-2,41],[-2,0],[-2,4],[2,3],[3,2],[12,6],[9,6],[1,5],[-18,27],[0,0],[-1,3],[2,3],[2,2],[3,3],[5,9],[-4,30],[1,7],[3,4],[9,19],[16,2],[2,2],[0,3],[-2,6],[-8,9],[1,9],[0,1],[5,14],[3,2],[6,5],[1,13],[13,2],[8,7],[0,1],[2,4],[12,10],[2,2],[12,8],[0,2],[-2,2],[0,7],[4,4],[0,0],[8,0],[19,5],[-1,3],[-6,9],[5,24],[6,11],[5,17],[0,12],[7,6],[6,4],[7,11],[6,10],[5,1],[8,5],[6,12],[2,5],[2,2],[1,0],[1,0],[5,-2],[1,-1],[5,2],[1,7],[-10,40],[-1,2],[0,9],[1,3],[8,9],[12,10],[5,14],[1,2],[22,20],[4,8],[7,25],[3,-1],[1,0],[2,4],[0,3],[-2,9],[3,8],[9,2],[3,3],[1,2],[-9,7],[-1,5],[6,13],[2,4],[0,10],[-1,7],[-8,14],[-1,2],[0,3],[4,3],[7,3],[7,8],[3,11],[2,6],[2,5],[1,7],[-20,60],[0,1],[7,4],[16,1],[12,5],[0,2],[-40,47],[-6,8],[-6,6],[-2,1],[-2,0],[-4,-2],[-8,-5],[-2,-8],[0,-2],[10,-10],[-20,1],[-4,10],[-10,40],[-1,1],[-1,1],[-2,0],[-3,10],[0,3],[-1,1],[-9,0],[-7,0],[-4,3],[-1,9],[1,1],[2,3],[15,11],[-1,5],[0,20],[-1,3],[-23,-7],[-2,3],[12,12],[4,10],[-2,6],[-7,16],[0,7],[0,10],[1,1],[2,0],[1,0],[3,-3],[9,-12],[1,-1],[4,-1],[1,0],[-2,31],[-2,3],[-6,1],[0,0],[-28,13],[0,3]],[[15607,7622],[1,2],[10,-4],[4,-2],[6,-2],[19,-12],[3,-2],[3,-2],[14,-8],[22,-11],[4,0],[2,0],[5,0],[30,3],[13,0],[2,-1],[14,0],[1,0],[51,-25],[7,-7],[17,-20],[12,-17],[8,-20],[9,-43],[1,-20],[-2,-47],[1,-24],[4,-7],[15,-16],[24,-13]],[[20165,18707],[-123,-191],[-128,-145],[-73,-91],[-158,-275],[-58,-43]],[[19625,17962],[-163,-111],[-109,1],[-94,23]],[[19259,17875],[-233,32],[-378,8]],[[18648,17915],[19,89],[62,117],[85,105],[204,241]],[[19018,18467],[188,222],[32,32],[100,62],[104,36],[79,38],[45,42],[45,67]],[[20092,17551],[0,60],[57,105],[-28,66],[-52,39],[-53,-30],[-78,-22],[-313,193]],[[19503,17239],[-48,104],[-41,32],[-34,97],[-121,403]],[[18913,17411],[-194,240],[-40,60],[-32,119],[1,85]],[[18592,17921],[-77,-11],[-28,-84],[-113,-161],[-29,-107],[-57,-79],[-179,-82],[-57,-39],[-52,-56],[-86,-45],[-59,-21],[-44,-30],[-71,-22],[-103,-14],[-64,32],[-54,-35],[-55,8],[-42,44]],[[17422,17219],[-1,58],[52,61],[-9,25],[102,208],[34,48],[18,95],[-84,21],[-137,-2]],[[17397,17733],[21,54],[58,48],[58,17],[76,-1],[115,43],[66,46],[41,52],[11,91]],[[17843,18083],[145,-57],[59,4],[80,-12],[126,-36]],[[18253,17982],[260,-57],[79,-4]],[[18734,16965],[-112,-9],[-179,-27],[-75,-43],[-201,-72],[-116,-70],[-139,-61],[-107,-65],[-44,-56]],[[17761,16562],[-74,16],[-78,1],[-98,19],[-115,-18],[-6,43],[-34,84],[-8,58],[-19,27],[-66,35]],[[17263,16827],[21,77],[-11,88],[36,75],[48,37],[53,69],[12,46]],[[18592,17921],[56,-6]],[[18612,14440],[-245,30],[-97,33],[-67,34],[-65,47],[-37,40],[-153,232],[-62,87],[-47,44],[-116,62],[-118,28]],[[17605,15077],[73,151],[52,120],[-21,8],[68,159],[-125,26],[-107,38],[-20,18]],[[17525,15597],[-27,58],[33,137],[82,80],[52,40],[21,44],[-41,100],[-41,62],[57,67],[31,16],[79,86],[15,57],[-27,55],[-29,23],[31,140]],[[17031,13207],[-16,80],[-91,56],[-36,2],[-55,-34],[-59,-13],[-34,27],[-18,74],[-44,1],[-75,50],[-29,-49],[-29,-7],[-35,30],[-30,50],[-99,68],[-52,16],[-131,116],[-11,41],[18,77],[-66,19],[-47,32],[-121,33],[15,136],[-53,82],[-62,120],[-3,86],[33,49],[112,78],[19,62],[35,69]],[[16067,14558],[-1,-98],[87,45],[42,34],[62,20],[90,10],[39,34],[3,42],[29,19],[35,-32],[42,6],[47,36],[64,-60],[32,9],[79,96],[-14,12],[61,79],[57,49],[69,31],[126,98],[66,86],[62,56],[38,18],[89,8],[86,-16],[65,-48],[43,-9],[140,-6]],[[16067,14558],[37,75],[-14,37],[31,56],[-21,34],[-2,170],[-31,40],[25,104],[-18,34],[18,69]],[[16092,15177],[41,-19],[106,30],[33,67],[53,42],[88,-28],[16,81],[46,39],[-16,47],[35,26],[28,59],[30,20],[52,69],[6,32],[-25,119],[15,56]],[[16600,15817],[165,-30],[297,7],[47,-36],[122,5],[62,-31],[91,-94],[141,-41]],[[16092,15177],[14,90],[31,58],[-16,74],[8,63],[-49,54],[-75,15],[-138,55],[-72,11],[-28,21],[38,44],[66,12]],[[15871,15674],[29,-1],[49,54],[42,5],[52,67],[45,-22],[72,14],[-20,49],[63,105],[3,23],[-36,59],[-29,106],[89,6],[156,-80],[26,-36],[92,22]],[[16504,16045],[21,-16],[94,3],[29,-40],[25,-80],[1,-42]],[[16674,15870],[-74,-53]],[[16504,16045],[25,-7],[172,356],[-4,68],[47,81],[59,26]],[[16803,16569],[16,-70],[117,-75],[51,-88]],[[16987,16336],[-35,-21],[11,-100],[-17,-77],[-130,-165],[-77,-82],[-65,-21]],[[16987,16336],[33,5],[32,85],[168,253],[23,28],[20,120]],[[17263,16827],[-65,-13],[-138,5],[-66,39],[-112,44],[-48,1]],[[16834,16903],[14,43],[35,16],[38,42],[54,108],[13,43],[39,55],[-46,34]],[[16981,17244],[54,73],[43,17],[33,58]],[[17111,17392],[73,98],[58,65],[58,37],[25,40],[65,53],[7,48]],[[16803,16569],[40,207],[-10,48],[1,79]],[[15871,15674],[39,54],[-40,70],[-38,147],[-103,156],[-1,46]],[[15728,16147],[20,83]],[[15748,16230],[22,-27],[-4,-42],[94,53],[71,127],[23,70],[126,122],[129,23],[27,29],[36,125],[155,236],[23,71],[38,63],[55,54],[66,39],[33,38],[113,48],[130,-26],[58,17],[38,-6]],[[15748,16230],[52,99],[-18,108],[50,81],[9,72],[44,45],[71,159],[17,87],[0,58],[-20,66],[39,65],[-3,82],[22,66],[-6,54]],[[16005,17272],[28,35],[-2,58],[56,199],[-22,103]],[[16065,17667],[30,17],[43,79],[37,14],[87,-41],[38,-50],[71,-38],[70,-8],[72,-35],[50,0],[37,-28],[35,35],[-2,44],[83,-44],[55,-6],[62,-66],[103,-37]],[[16936,17503],[66,-23],[39,-48],[70,-40]],[[19373,20046],[-47,-82],[-4,-101]],[[19322,19863],[-39,-61],[-43,-2],[-135,184],[-105,41],[-55,-18],[-78,-124]],[[18867,19883],[3,36],[-23,135],[-28,41],[-31,125],[-91,154]],[[18697,20374],[133,57],[101,24],[56,33],[162,77],[33,31],[46,79]],[[19228,20675],[78,59],[24,34],[39,95]],[[19369,20863],[20,-16],[0,-69],[33,-153],[-6,-366],[18,-64],[-22,-86],[-39,-63]],[[19849,19915],[-170,15],[15,74],[-74,-31],[-11,-95],[-15,-15],[-80,-8],[4,63],[-34,-4],[-61,40],[16,84],[-19,25],[-47,-17]],[[19369,20863],[29,65],[92,55],[34,10],[81,0]],[[19611,18966],[-21,19],[-15,70],[-88,18],[-124,10],[-182,22],[-72,120]],[[19109,19225],[54,75],[-11,72],[18,80],[3,153],[19,106],[33,30],[59,24],[43,81],[-5,17]],[[19109,19225],[-42,1],[-101,91],[-71,11],[-61,-31],[-40,0],[-225,21]],[[18569,19318],[78,132],[19,46],[8,89]],[[18674,19585],[-5,85],[22,53],[153,132],[23,28]],[[19018,18467],[-37,22],[-11,152],[-17,76],[-57,-8],[-119,76],[-72,-42],[-54,41],[-5,72],[-29,-2],[-11,46],[-53,0],[-73,49],[-30,-49],[-37,-5],[-9,38],[-45,-26]],[[18359,18907],[13,62],[50,92],[11,111]],[[18433,19172],[43,65],[93,81]],[[18253,17982],[-18,84],[10,58],[-14,90],[-5,187],[37,207],[19,49],[48,71],[29,179]],[[17843,18083],[26,30],[48,9],[7,29],[51,46],[65,96],[15,56],[-110,233]],[[17945,18582],[-227,487]],[[17718,19069],[45,9],[112,85],[127,-9],[60,9],[37,-23]],[[18099,19140],[119,-59],[44,1],[80,89],[91,1]],[[16936,17503],[-31,41],[-29,132],[168,146],[-16,15],[36,88],[20,91]],[[17084,18016],[60,19],[19,-22],[59,-13],[25,11],[-1,52],[33,0],[105,40],[42,24],[52,-29],[14,-30],[-6,-77],[77,-23],[20,40],[-33,13],[-33,111],[-55,25],[-56,123],[7,86]],[[17413,18366],[28,6],[165,-27],[40,27],[-2,24],[69,34],[53,71],[40,-11],[50,30],[75,16],[14,46]],[[16065,17667],[-13,107]],[[16052,17774],[122,96],[32,85],[-1,29],[38,64]],[[16243,18048],[45,39],[45,7],[13,45],[89,45],[60,0],[13,18],[131,86],[-4,57]],[[16635,18345],[137,-4],[108,18],[53,-27],[15,-87],[97,-87],[24,-45],[15,-97]],[[16635,18345],[3,4]],[[16638,18349],[40,120],[51,39],[90,39],[27,34],[35,9],[85,47],[15,47],[51,95],[77,76],[93,137]],[[17202,18992],[3,-21],[139,-121],[22,-80],[10,-92],[-95,-4],[-16,-30],[67,-98],[11,-61],[24,-6],[34,-64],[12,-49]],[[17202,18992],[62,45]],[[17264,19037],[38,122],[85,85],[71,35],[35,34],[57,-10],[57,44],[29,75]],[[17636,19422],[32,-181],[30,-131],[20,-41]],[[18099,19140],[-8,55],[-32,13],[-8,49],[58,23],[51,-7],[52,14],[24,33],[-18,57],[-82,69],[19,21],[81,30],[-42,77]],[[18194,19574],[68,19],[-19,43],[49,111],[62,-141],[35,0],[5,49],[82,18],[93,54],[16,-3],[40,-77],[-16,-51],[65,-11]],[[17636,19422],[8,99],[58,25],[30,60]],[[17732,19606],[17,61],[50,121],[8,102],[18,44],[49,56],[85,45]],[[17959,20035],[32,-71],[-43,-15],[25,-33],[79,-54],[-30,-51],[38,-19],[-25,-40],[70,-34],[43,-55],[46,-89]],[[17959,20035],[44,23],[73,67],[128,78],[56,25]],[[18260,20228],[98,45],[22,24],[42,82],[126,75],[56,51]],[[18604,20505],[50,45],[49,-56],[-6,-120]],[[17732,19606],[-48,15],[-17,55],[-32,37],[-32,0],[-101,47],[-63,43],[-57,9],[-43,50],[5,45],[-61,95]],[[17283,20002],[17,43],[58,38],[179,76],[-14,50],[-41,28],[-30,55],[28,71]],[[17480,20363],[213,2],[70,15],[72,37],[80,16],[169,-6],[77,19],[99,-218]],[[17283,20002],[-103,-130],[-35,-23],[-101,-21],[-73,-51],[-56,-4],[-65,20],[-48,-4],[-43,-30],[-47,-98],[-73,-3],[-74,30],[-29,-35]],[[16536,19653],[-19,-33],[-39,-14],[-76,19],[-42,-2],[-53,-34],[-74,-20],[-57,-64],[-34,3],[-28,35],[-75,-1],[-55,-40]],[[15984,19502],[-22,-4],[-50,45]],[[15912,19543],[36,-3],[113,43],[117,55],[27,-40],[37,15],[18,37],[-21,77],[14,56],[201,116],[-82,95],[44,27],[-64,59],[48,56],[26,57],[39,23],[40,55],[13,-53],[39,60],[-63,66],[-29,122]],[[16465,20466],[264,33]],[[16729,20499],[82,4],[93,-9],[103,-58],[118,-27]],[[17125,20409],[131,-16],[160,-30]],[[17416,20363],[64,0]],[[15912,19543],[-29,18],[-77,5],[-34,-99],[-21,-24],[-78,-3],[-107,-48],[-70,-14],[-54,4]],[[15442,19382],[13,30],[-26,92],[22,48],[-11,35],[-56,60],[32,24],[9,51],[-32,48],[-2,62],[22,35],[37,100],[-4,41],[31,23],[0,36]],[[15477,20067],[96,-5],[89,16],[165,82],[378,245],[58,29],[66,17],[136,15]],[[15477,20067],[14,79],[45,101],[-25,61],[-66,66],[37,72],[58,-5],[83,21],[38,50],[31,-32]],[[15692,20480],[36,-8],[45,17],[37,-27],[52,47],[58,4],[24,55],[76,43],[50,106],[48,17],[70,-4],[38,32],[25,65]],[[16251,20827],[24,29],[51,16],[95,-23]],[[16421,20849],[39,-68],[55,-37],[61,-58],[6,-42],[77,-80],[21,-35],[49,-30]],[[17741,20725],[-72,44],[-130,288],[-33,-29],[-110,106]],[[17396,21134],[30,38],[33,78],[53,50],[55,31],[117,33],[32,33],[55,151]],[[17771,21548],[43,18],[62,-8]],[[17876,21558],[20,-2]],[[17896,21556],[114,-174],[-69,-34],[69,-91],[-34,-27],[82,-106],[-36,-28],[86,-113],[95,-57]],[[18203,20926],[-70,-23],[-60,-57],[-106,-63],[-19,-44],[-64,-18],[-37,-36],[-75,38],[-31,2]],[[17125,20409],[2,24],[-49,41],[-62,17],[-45,41],[-14,53],[10,71],[100,105],[20,46],[44,54],[6,73],[29,96],[27,18],[148,50],[55,36]],[[17741,20725],[-38,-41],[9,-47],[-24,-27],[19,-45],[-1,-60],[-81,-29],[-27,-43],[-36,20],[-52,-5],[-24,-41],[-47,-17],[-23,-27]],[[16421,20849],[21,3],[23,61],[45,49],[14,56],[41,-10],[129,30],[86,12],[21,61],[21,153],[55,13],[61,80],[63,8],[21,-42],[61,15],[18,76],[39,21],[12,78],[39,48],[2,51],[81,83],[29,76],[5,56],[-26,80],[46,45]],[[17328,21952],[-15,28]],[[17313,21980],[22,-22],[101,-265],[44,-27],[117,43],[27,-7],[39,-65],[81,-56],[27,-33]],[[17313,21980],[-54,83],[-8,49],[6,100],[31,165],[-5,53],[-33,81],[24,131],[-9,40]],[[17265,22682],[80,14],[111,-463],[15,-45],[0,-94],[37,21],[79,88],[101,-203],[112,-11],[86,-57],[26,-35],[53,-197],[-7,-41],[-82,-101]],[[18394,21996],[-38,-67],[-1,-93],[-36,-64],[-214,-134],[-30,-13],[-71,-3],[-57,-48],[-51,-18]],[[17265,22682],[-9,83]],[[17256,22765],[13,24],[114,117],[28,79]],[[17411,22985],[68,-22],[106,-9]],[[19184,21576],[-18,-36],[1,-52],[21,-416],[-138,46],[-313,-147]],[[18737,20971],[-150,-71]],[[18587,20900],[-23,29],[94,46],[-16,118],[-27,-6],[-33,40],[-71,20],[-113,-70],[-14,-51],[-39,20],[-62,-37],[-80,-83]],[[19228,20675],[-18,42],[-107,62],[-38,32],[-60,6],[-34,44],[8,76],[-60,-34],[-59,49],[-94,-45],[-29,64]],[[18604,20505],[-39,23],[-10,83],[-35,27],[13,40],[-39,99],[22,90],[71,33]],[[18762,28199],[227,42],[174,223],[38,111],[94,158],[51,-1],[75,99],[7,84],[23,23],[45,4],[51,36],[32,63],[-4,104],[-37,79],[41,130],[62,18],[35,37],[-36,126],[-56,38],[-1,43],[-102,0],[-19,-13],[-88,5],[-152,34],[-105,11],[-102,91],[-63,24],[-63,39],[-41,50],[-25,62],[-97,3],[21,107],[-21,121]],[[18726,30150],[135,20],[65,-16],[81,-72],[86,-36],[98,-60],[33,-37],[44,-79],[32,-26],[70,-5],[70,19],[86,-1],[49,45],[23,1],[100,-69],[89,-51],[96,-107],[47,-2],[130,110],[36,-1],[64,-74],[89,-58],[57,29],[123,29],[57,22],[51,36],[47,4],[68,33],[53,66]],[[20705,29870],[21,-11],[31,-158],[59,-124],[-9,-155],[50,-54],[97,-40],[89,32],[65,-14],[-6,-61],[24,-36],[-3,-82],[8,-58],[-36,-38],[78,-88],[47,5],[39,-18],[26,-84],[-22,-27],[-73,-23],[-42,-73],[14,-36],[83,-27],[21,-19],[-50,-62],[23,-58],[60,-8],[18,-51],[-65,-46],[-69,-78],[-32,-84],[-49,-76],[-17,-50],[-84,-88],[-44,-63],[-6,-64],[-33,-56],[-47,-138],[-101,-101],[-20,-70],[-1,-70]],[[17390,28807],[6,50],[-29,121],[1,128],[6,119],[-5,62],[-21,91],[4,87],[20,61],[33,57],[56,65],[77,74],[-28,62],[13,59],[35,15],[55,81],[28,105],[30,32],[73,22]],[[17744,30098],[36,14],[61,66]],[[17841,30178],[47,16]],[[17888,30194],[45,-3],[79,-37],[150,-16],[166,-10],[129,-28],[96,-9],[125,12],[48,47]],[[17744,30098],[-127,47],[-201,65],[-318,82],[-250,-12],[-114,393]],[[16734,30673],[2,121],[51,85],[-1,48],[45,67],[25,8]],[[16856,31002],[76,28],[219,103],[158,180],[152,60],[98,-78],[52,-97],[63,-29],[108,-227],[79,-153],[18,-64],[-7,-115],[14,-158],[54,-42],[-30,-17],[19,-47],[-45,-39],[-13,-46],[-49,11],[-22,-57],[41,-37]],[[14670,31158],[31,-11],[43,-50],[22,-85],[65,-94],[31,-20],[74,6],[76,-29],[55,7],[92,57],[40,-2],[81,-83],[41,-19],[90,-3],[46,-58],[60,-29],[40,-37],[20,-94],[27,-25],[65,9],[78,-10],[52,-50],[57,-12],[38,25],[63,81],[83,-6],[36,-30],[8,-54],[93,-49],[32,-58],[43,-31],[66,-3],[45,-58],[75,-10],[46,38],[70,-13],[58,17],[68,89],[31,62],[-6,46],[29,101]],[[14735,28190],[-65,2968]],[[12788,28176],[45,36],[39,3],[37,31],[54,125],[83,61],[-21,33],[8,56],[-7,53],[43,84],[19,73],[2,138],[17,39],[14,121],[41,36],[2,39],[-66,-8],[-72,8],[7,-78],[-15,-61],[-39,4],[-226,450],[179,25],[12,64],[-65,-2],[-548,3],[-47,-18],[-5,137],[-107,101],[-22,182],[-11,230],[2,96],[165,4],[85,15],[48,-21],[64,-57],[63,-78],[16,38],[-1,53],[26,60],[-5,47],[31,34],[140,5],[130,58],[67,19],[124,109],[66,28],[47,1],[106,-27],[9,64],[60,117],[5,79],[65,12],[82,-64],[30,-40],[32,-97],[65,-45],[69,73],[67,48],[27,114],[-14,133],[-49,-20],[-41,77],[-11,75],[28,42],[111,13],[22,-168],[26,87],[35,25],[52,14],[40,34],[92,30],[-46,127],[-57,55],[-124,71],[196,223],[182,-220],[73,78],[44,31],[78,-30],[127,4]],[[14588,31467],[2,-41],[63,-92],[1,-57],[16,-51],[0,-68]],[[14734,27285],[-38,22],[-23,-30],[-67,-22],[-42,-42],[-70,-19],[-6,-69],[-29,-82],[2,-71],[-55,-26],[-85,49],[-30,75],[-54,62],[-81,3],[-66,58],[-34,60],[-38,6],[-29,68],[-163,-13],[-68,13],[-56,-7],[-1,39],[-65,-41],[-70,-14],[-68,61],[-61,41],[-59,15],[-55,0],[-54,-20],[-85,-14],[-55,40],[-49,85],[-152,62],[49,52],[5,87],[-52,-6],[-20,32],[28,80],[-8,48],[26,83],[46,43],[-34,43],[-36,3],[-32,36],[3,45],[-28,11],[-4,41],[-83,4]],[[12788,28176],[-34,62],[-93,20],[9,22],[-74,9],[-7,36],[-39,15],[-45,-23],[-73,59],[-30,-9],[-69,14],[-33,21],[-51,-37],[0,-54],[18,-35],[-40,-15],[10,-38],[-112,37],[-49,5],[-33,-59],[-20,24],[-72,-7],[-37,-24],[-97,21],[-66,-15],[-19,24],[-64,-16],[-24,45],[-93,16],[-58,36],[-5,58],[-36,31],[-62,7],[-51,-36],[-94,101],[-14,40],[-88,-5],[-15,61],[52,26],[28,33],[-22,30],[-3,93],[-27,-4],[-55,-72],[-48,-37],[-85,-35],[-44,11],[-83,2],[-67,40],[-46,-22],[-45,6],[-58,-23],[-26,18],[4,57],[-24,18]],[[10579,28708],[-10,94],[-74,94],[-34,104],[-7,62],[32,24],[65,9],[73,87],[161,-17],[104,-1],[108,76],[49,14],[84,77],[53,14],[65,57],[34,90],[46,21],[92,-52],[65,48],[21,65],[71,19],[28,23],[-18,80],[12,60],[-28,34],[34,88],[-2,39],[-26,35],[-46,15],[-50,58],[-149,44],[-27,63],[-39,40],[-32,8],[-62,-22],[-157,-121],[-128,-26],[-81,0],[-71,32],[-121,-7],[-34,-20],[-25,-42],[-11,-57],[5,-69],[-14,-40],[-55,-20],[-71,-55],[-42,-58],[-32,12],[-21,54],[23,82],[-19,35],[-89,53],[-19,54],[-100,140],[-24,107],[20,65],[73,106],[12,45],[-7,73],[0,986]],[[10184,31487],[30,34],[2,45],[42,52],[-4,26],[51,52],[48,-5],[0,54],[20,47],[35,26],[14,60],[33,44],[101,5],[68,31],[115,82],[30,36],[68,-2],[88,-96],[37,-4],[30,66],[67,33],[98,-31],[97,15],[51,21],[43,-31],[36,28],[30,-22],[79,20],[34,37],[62,0],[11,63],[40,44],[70,-2],[65,35],[33,37],[33,72],[195,75],[32,73],[29,15],[69,79],[-3,107],[42,58],[-6,55],[55,37],[121,44],[40,-17],[33,-37],[66,-32],[36,12],[13,32],[-40,88],[10,47],[67,140],[64,45],[64,13],[91,-7],[28,39],[22,113],[53,32],[54,-64],[59,1],[81,51],[52,-26],[-16,-49],[6,-41],[27,-29],[85,-25],[48,-25],[124,-23],[47,-32],[98,-13],[101,8],[154,85],[35,-6],[44,-43],[113,-136],[45,-26]],[[14079,32977],[-2,-97],[-53,-87],[-102,-121],[9,-152],[22,-57],[5,-69],[20,-45],[52,-49],[126,-82],[34,-45],[-15,-55],[110,-103],[54,2],[40,21],[77,3],[75,-37],[68,-59],[48,0],[15,-22],[60,-27],[2,-75],[-39,-64],[-60,-32],[-17,-57],[-33,-41],[1,-30],[46,-36],[-7,-51],[-27,-43]],[[14079,32977],[37,22],[56,11],[51,72],[-5,99],[-15,77],[33,56],[52,7],[37,23],[169,-34],[178,7],[138,-30],[81,-65],[35,-9],[48,18],[34,32],[18,47],[-4,42],[-32,53],[7,33],[57,46],[56,16],[78,55],[142,-14],[19,31],[-35,50],[10,26],[98,69],[9,47],[-16,73],[38,74],[0,64],[-26,55],[26,155],[-3,55],[76,18],[49,-15],[81,-47],[164,-76],[21,-25],[28,-88],[-1,-108],[50,-22],[120,29],[60,56]],[[16098,33962],[65,2],[75,-34],[61,-82],[46,-111],[37,-26],[21,-98],[19,-49],[8,-79],[22,-39],[95,-96],[88,-109],[92,-33],[66,-54],[20,-64]],[[16813,33090],[-635,-504],[16,-136],[55,3],[126,-760],[-66,-13],[-134,-10],[-58,-34],[-5,-106],[-52,-81],[-59,-24],[326,-255],[65,69],[464,-237]],[[16813,33090],[32,1],[51,35],[43,0]],[[16939,33126],[31,-140],[-14,-61],[71,-52],[40,-53],[93,18],[47,-16],[77,-91],[10,-70],[32,-58],[88,23],[74,-16],[10,-33],[-28,-29],[50,-37],[7,-34],[-46,-51],[525,4],[266,0]],[[18272,32430],[44,-75],[104,-88],[71,-100],[78,-64],[118,-84],[36,-42],[16,-104],[-22,-50],[-65,-70],[-31,-65],[-49,-221],[-18,-64],[-32,-57],[-57,-135],[-60,-74],[-99,-53]],[[18306,31084],[-91,-41],[-51,-50],[-37,-53],[-44,-94],[-45,-126],[-40,-188],[-77,-246],[-33,-92]],[[18272,32430],[17,1]],[[18289,32431],[522,0],[9,80],[48,45],[48,17],[44,103],[35,14],[42,71],[44,5],[35,-26],[58,1],[78,-30],[55,-1],[15,32],[69,3],[5,61],[76,38]],[[19472,32844],[374,-529],[21,-44],[303,-355],[31,-70],[-19,-35],[-39,-10],[-87,-80],[-74,-41],[-18,-56],[19,-94],[-38,-64]],[[19945,31466],[-14,-19],[9,-149],[-68,-29],[70,-27],[89,-51],[-31,-37],[-62,13],[3,40],[-36,26],[-72,9],[-56,-50],[-30,-7],[-52,20],[-57,40],[-109,-25],[-31,-21],[-72,16],[-63,34],[-44,-21],[-11,-102],[-31,13],[-63,-56],[-54,7],[-72,-14],[-49,101],[-43,15],[-37,-13],[-164,-4],[-41,-41],[-6,-53],[-74,-67],[-43,-1],[-70,17],[-72,50],[-46,43],[-67,-63],[-70,24]],[[19945,31466],[61,13],[53,-13],[41,8],[144,101],[58,-24],[34,-106],[0,-142],[43,16],[34,-44],[83,-27],[105,3],[43,12],[104,-16],[46,46],[84,-58],[59,-12],[59,8],[107,44],[13,-26],[-51,-53],[62,-18]],[[21127,31178],[-39,-48],[-43,-99],[-13,-85]],[[21032,30946],[-35,-144],[-28,-148],[-50,-98],[-12,-40],[-23,-163],[-46,-83],[-39,-90],[-28,-87],[-15,-93],[-51,-130]],[[19472,32844],[88,37],[-4,43],[33,42],[111,-23],[69,15],[65,-36],[60,-5],[44,28],[42,125],[41,-17],[33,55],[43,38],[59,96],[-9,20]],[[20147,33262],[-30,22],[-61,-2],[-45,14],[-28,31],[-13,100],[26,25],[89,15],[44,-37],[44,13],[42,-7],[40,43],[16,41],[45,62],[14,54],[43,-14],[22,40],[42,-10],[114,25],[-19,27],[31,36],[38,-3],[55,20],[43,37],[51,10],[75,33],[59,-3],[59,74],[66,18],[73,-28],[72,1],[67,15],[91,-1],[60,15],[111,99],[57,68],[100,45],[152,54],[62,45],[35,53],[9,59]],[[21898,34351],[53,-17]],[[21951,34334],[5,-31],[-26,-79],[5,-124],[-7,-36],[-31,-43],[-29,-4],[-78,30],[-69,-27],[-67,-112],[-3,-53],[-25,-54],[-84,-85],[-9,-33],[17,-82],[-69,-37],[-72,-15],[-61,-25],[-50,7],[-80,-65],[-73,28],[-50,-9],[-62,-137],[13,-51],[57,-45],[48,6],[184,-47],[56,-132],[51,-26],[53,29],[64,-4],[36,-103],[5,-52],[-15,-84],[10,-85],[32,-36],[113,-68],[48,-38],[79,-35],[41,-33],[102,-150],[14,-60],[-53,-52],[-145,-78],[-70,-74],[3,-53],[-40,-20],[-67,-8],[-10,-88],[21,-115],[-6,-80],[-68,-41],[-79,-29],[-69,-52],[-28,-10],[-103,-3],[-194,-75],[-103,-29],[-30,-17],[-30,-52],[19,-58],[93,-66],[64,-15],[43,-56],[-6,-42],[-39,-43]],[[16098,33962],[86,37],[16,41],[-21,53],[20,62],[83,79],[44,25],[41,52],[31,16],[45,-6],[49,-64],[87,-31],[90,-41],[33,-3],[62,29],[82,-11],[97,73],[54,14],[43,-14]],[[17040,34273],[17,-97],[33,-48],[61,-32],[50,-2],[83,37],[58,3],[51,-17],[58,-44],[22,-58],[-1,-136]],[[17472,33879],[-103,-56],[-39,-82],[-48,-21],[-113,16],[-35,22],[6,31],[-48,60],[-91,24],[-6,-59],[-24,-38],[14,-134],[-28,-73],[-11,-65],[51,-76],[15,-51],[-6,-60],[-59,-94],[-16,-54],[8,-43]],[[17472,33879],[9,-113],[45,-122],[68,-60],[129,-20],[41,-26],[38,-59],[15,-98],[11,-175],[25,-77],[39,6],[18,-40],[-10,-35],[23,-61],[38,-58],[-15,-27],[43,-67],[41,11],[37,-32],[-10,-60],[28,-107],[62,-77],[28,-7],[62,-45],[29,-36],[23,-63]],[[17040,34273],[57,-9],[25,13],[-1,58],[21,39],[50,25],[39,69],[58,-5],[93,-64],[77,31],[-14,46],[60,51],[21,35],[55,13],[39,39],[143,2],[73,-25],[51,-44],[69,-31],[68,-10],[87,27],[65,-42]],[[18176,34491],[-10,-59],[127,-56],[41,-78],[48,-19],[-10,-34],[-55,-23],[-49,-92],[-49,0],[-9,-117],[77,-2],[51,-20],[-3,-59],[29,-41],[43,-2],[11,-50],[39,-29],[76,-21],[67,5],[59,18],[2,67],[138,6],[-14,-33],[13,-55],[-20,-19],[-4,-83],[112,-29],[31,33],[116,30],[141,-33],[104,-61],[33,-93],[-43,-133],[-21,-125],[16,-31],[106,-7],[133,-48],[79,29],[44,1],[92,-56],[79,-17],[37,-26],[314,133]],[[18176,34491],[66,6],[53,21],[87,72],[47,83],[39,26],[86,-8],[25,-14],[79,-79],[70,-44],[26,-54],[102,-13],[90,4],[101,19],[59,-6],[91,54],[74,19],[42,-23],[51,22],[145,-44],[53,-35],[28,-66],[-66,-38],[16,-44],[48,8],[62,-13],[62,-83],[66,24],[47,63],[55,-1],[112,-67],[35,-3],[38,70],[69,-3],[67,-65],[152,-97],[101,-11],[64,148],[60,87],[100,-8],[43,-32],[28,-54],[74,-26],[87,17],[87,-25],[108,-9],[93,-21],[151,3],[59,29],[53,61],[35,23],[94,29],[72,66],[57,21],[61,-31],[118,-98]],[[24423,29449],[7,47],[-52,-10],[-56,56],[60,100],[-8,76],[5,59],[-27,40],[5,55],[-54,26],[7,95],[-115,39],[-140,-17],[-44,69],[4,53],[-78,34],[-45,-2],[-55,31],[-32,-15],[-32,-46],[-156,-55],[-64,-39],[-150,-6],[-64,21],[-59,38],[-120,110],[-21,113],[4,93],[24,121],[-9,50],[35,66],[14,56],[23,32],[13,71],[28,33],[77,41],[97,97],[16,43],[-25,83],[-68,33],[-77,-44],[-67,-19],[-37,10],[-82,0],[-30,19],[-4,105],[-41,14],[-31,60],[2,27]],[[23001,31312],[53,59],[6,35],[45,-16],[144,-23],[99,13],[142,89],[162,143],[8,16],[-59,63],[63,77],[73,-46],[21,49],[54,-20],[100,43],[21,35],[72,57],[114,47],[3,89],[-43,-19],[-14,-28],[-88,-1],[-55,-66],[-39,-3],[-176,-73],[-61,11],[-30,-19],[-106,-7],[-39,16],[-17,73],[170,83],[58,-55],[136,103],[-34,74],[15,16],[-48,61],[50,19],[-31,54],[11,43],[71,15],[-50,161],[-24,47],[-88,9],[-7,49],[-63,-16],[-73,-35],[-19,66],[292,97],[-7,77],[-22,97],[11,46],[-31,25],[-30,60],[101,81],[6,14]],[[23848,33097],[62,-56],[50,-77],[62,15],[45,66],[28,14],[58,-6],[42,-34],[28,-68],[51,-30],[94,8],[98,-37],[55,-100],[9,-40],[162,-72],[30,4],[4,58],[-54,20],[47,65],[76,133],[87,19],[90,-39],[16,-42],[-5,-46],[55,-53],[193,-206],[113,-65],[71,-11],[26,-73],[-88,-141],[67,-46],[32,-2],[125,22],[36,-14],[29,34],[87,53],[49,48],[-76,121],[25,46],[95,74],[4,-32],[54,-48],[33,-101],[150,85],[-27,35],[-35,103],[-6,45],[304,50],[73,7],[56,27],[192,-110],[26,-211],[-123,-8],[-1,88],[-171,-1],[-69,45],[-30,-33],[45,-33],[-3,-62],[-97,-32],[-8,-32],[77,-57],[43,-6],[63,-60],[-86,-66],[28,-38],[-26,-57],[-83,-103],[-6,-71],[-53,-60],[77,-39],[-16,-98],[62,-126],[-25,-38],[-59,-160],[-36,-6],[-84,-58],[-113,-125],[-148,-108],[-94,-109],[-53,-33],[71,-47],[19,-67],[-11,-101],[-38,-52],[-92,-78],[-5,-116],[-23,-40],[-19,-123],[-58,15],[-87,-4],[-58,14],[-13,-19],[12,-65],[59,-46],[51,-84]],[[21032,30946],[91,-2],[96,50],[53,-2],[52,34],[54,10],[118,-65],[94,0],[72,-20],[58,32],[-1,64],[16,54],[25,28],[189,115],[87,28],[83,44],[79,17],[111,-17],[100,4],[58,-37],[38,-68],[37,-12],[39,14],[100,90],[39,16],[81,12],[52,30],[62,-17],[30,-44],[56,8]],[[21951,34334],[47,1],[48,27],[55,-32],[85,-10],[41,-24],[34,9],[24,34],[85,79],[27,0],[68,-35],[48,15],[22,103],[-25,99],[13,59],[-15,206],[37,150],[111,25],[54,64],[-31,68],[19,63],[30,158],[75,65],[20,72],[-42,94],[20,24],[209,65],[78,-19],[76,-60],[39,-79],[0,-97],[24,-127],[28,-12],[56,24]],[[23311,35343],[47,-58],[59,-55],[32,-56],[48,-155],[28,-62],[145,-156],[11,-24],[-7,-63],[-64,-83],[-5,-87],[37,-59],[368,-398],[28,-62],[-3,-105],[-64,-373],[-31,-159],[-23,-42],[-108,-130],[-5,-81],[44,-38]],[[23311,35343],[32,18],[94,-46],[89,-15],[117,-35],[102,6],[50,-9],[23,45],[64,46],[78,12],[76,60],[186,19],[142,-1],[73,-12],[30,-17],[69,-2],[105,-16],[22,-15],[34,-71],[78,-10],[73,-21],[41,29],[109,28],[64,-3],[73,-26],[72,-8],[63,-34],[36,-104],[100,-32],[68,-41],[68,-6],[129,47],[98,23],[181,-23],[104,-4],[89,-37],[67,-1],[67,77],[43,36],[94,38],[108,21],[145,-44],[50,43],[-5,-68],[37,-129],[-26,-85],[35,-78],[36,-52],[-4,-55],[-23,-60],[131,-7],[89,35],[168,31],[50,31],[15,-23],[23,-94],[49,-22],[45,-68],[99,-24],[76,-5],[1,-33],[40,-25],[59,2],[50,-25],[40,-95],[92,-53],[22,-80],[43,-50],[91,-70],[58,-68],[-7,-68],[150,-72],[46,-54],[14,-50],[51,-62],[3,-84],[51,-43],[79,-27],[21,-102],[3,-65],[22,-56],[39,-39],[45,-7],[42,56],[54,31],[74,7],[107,26],[17,52],[64,30],[10,110],[-58,108],[13,46],[81,64],[34,-5],[73,-79],[49,-25],[55,-6],[66,22],[30,44],[43,31],[81,34],[35,-7],[33,-57],[85,4],[56,-15],[40,-32],[67,-18],[37,-30],[12,-34],[88,-70],[103,-151],[-119,-153],[0,-46],[142,-85],[48,-43],[119,-71],[84,-96],[9,-29],[-18,-102],[13,-25],[54,-41],[26,-65],[-21,-166],[63,-99],[18,-54],[90,-97],[35,-96],[23,-106],[54,-55],[22,-70],[-5,-39]],[[30553,31957],[-21,-5],[-99,40],[-69,-41],[-16,-44],[30,-58],[-5,-31],[-47,-34],[-6,-44],[-39,-86],[-85,-4],[-44,-66],[-46,-124],[-34,-58],[-95,-45],[-20,-56],[47,-104],[39,-43]],[[30043,31154],[0,-12],[-91,-66],[-50,-19],[-67,-55],[-71,-41],[-23,-44],[12,-56],[-45,-6],[-49,12],[-47,48],[-46,4],[-19,-29],[24,-58],[-47,-124],[-61,-60],[-72,-118],[5,-38],[78,-78],[57,-81],[26,-65],[-1,-49],[-19,-47]],[[29537,30172],[-9,-23],[-114,45],[-171,-28],[-66,28],[-15,23],[-91,5],[-51,14],[-164,-46],[-69,5],[-47,15],[-90,-4],[-33,26],[-48,-26],[-18,-44],[-66,-18],[-87,-125],[-70,-22],[-61,34],[-36,2],[-67,-43],[-37,3],[-68,89],[-64,35],[-68,20],[-30,25],[-18,71],[12,94],[-25,144],[-46,40],[-53,-1],[-37,24],[-38,-3],[-36,25],[-127,18],[-68,-82],[-86,-57],[-115,-27],[-69,2],[-55,-13],[-52,-30],[-57,-85],[-83,-24],[-37,5],[-156,49],[-92,-18],[-91,4],[-52,-59],[-125,-102],[-47,-30],[-96,-37],[-75,-58],[-117,-31],[-69,-62]],[[26376,25418],[-76,-16],[9,-58],[102,-49],[19,-44]],[[26430,25251],[-50,-27],[-94,32],[-202,-110],[8,27]],[[26092,25173],[19,66],[-164,115],[-20,30],[-15,133]],[[25912,25517],[83,76],[-42,16],[-44,62],[-39,-29],[-26,47],[75,41],[-22,94],[-69,67],[58,30],[59,12],[13,-43],[75,39],[-31,58],[84,59]],[[26086,26046],[18,-131],[16,-50],[113,-226],[7,-49],[54,-26],[78,-88],[4,-58]],[[26086,26046],[77,24],[146,-25]],[[26309,26045],[59,98],[52,-48],[138,23],[44,-26],[-4,85],[13,42],[47,39],[39,-38],[67,63]],[[26764,26283],[33,-47],[6,-38],[98,-100],[46,-80],[-18,-53],[127,27],[-26,-47],[22,-109],[72,-7],[-26,-132]],[[27098,25697],[32,-50],[-71,-30],[-67,-15],[-75,26],[-58,-53],[-22,106],[-31,-34],[-41,-8],[36,-165],[-73,-27],[-186,-31],[-13,-94],[-41,6],[7,56],[-41,4],[-39,-25],[-46,2],[7,53]],[[27905,25098],[16,60],[7,139],[-18,154],[-13,182],[-100,93],[-12,36]],[[27785,25762],[-33,83],[8,67]],[[27760,25912],[62,4],[63,28],[47,37],[28,49],[5,79],[42,41],[85,49],[70,17]],[[28162,26216],[27,-59],[76,34],[142,-71],[28,-67]],[[28435,26053],[237,-398],[51,71],[-28,36],[63,109],[81,-45],[-43,-113],[39,-83],[12,-84],[29,-50],[82,-99],[37,-72],[12,-114],[-64,-244],[38,-36],[18,-50]],[[26578,24797],[-100,259],[-32,107],[-16,88]],[[27098,25697],[76,27],[21,-15],[32,40],[-29,18],[39,63],[-12,46],[9,52],[115,25],[175,62],[20,-51],[56,-85],[-48,-28],[-48,-65],[45,-118],[236,94]],[[25034,24948],[44,17],[99,-50],[24,1],[26,45],[152,-30],[-35,-184],[88,-20],[30,81],[50,-11],[32,127]],[[25544,24924],[19,26],[78,-156],[25,-24],[48,-12],[41,15],[22,67],[38,77],[91,70],[-13,-49],[22,-42],[72,44],[35,144],[-36,12],[15,60],[62,25],[29,-8]],[[25544,24924],[-19,13],[-36,133],[26,102],[59,162],[-13,64],[39,67],[-25,31],[24,52]],[[25599,25548],[80,-3],[153,-47],[11,39],[69,-20]],[[24657,25860],[241,106],[89,-24],[33,17],[95,-97],[47,16],[2,-69],[62,-40],[62,8]],[[25288,25777],[-1,-90],[107,-56],[113,-42],[92,-41]],[[24821,26577],[22,-68],[48,6],[53,-15],[-8,44],[141,24],[17,60],[108,20],[5,-21],[96,34],[44,30],[-1,34],[43,53],[-26,31],[5,86],[81,-2],[79,16],[70,-38]],[[25598,26871],[-9,-36],[42,-61],[-85,-57],[-36,-69],[-1,-48],[-24,-65],[34,-59],[59,-135],[-38,-30],[-47,-125],[38,-17],[17,-37],[-48,-12],[-26,-127],[38,8],[38,-18],[-1,-39],[-31,-38],[-43,-87],[-87,-22],[-46,3],[-54,-23]],[[25598,26871],[64,55],[74,34],[91,1],[47,51],[71,24],[-10,59],[50,56],[58,-62]],[[26043,27089],[34,-71],[-6,-48],[31,-6],[5,-94],[32,-24],[6,-50],[42,-83],[13,-49],[-6,-51],[-42,-58],[-35,-79],[-7,-66],[50,-84],[149,-281]],[[26043,27089],[23,2],[16,111],[-16,57]],[[26066,27259],[41,41],[20,-55],[26,-1],[76,67],[40,-68],[27,14],[86,-40],[93,60],[-38,64],[73,-4],[57,-49],[7,-74],[21,-37],[-13,-48],[135,45],[33,1],[90,60],[84,38]],[[26924,27273],[-20,-49],[-41,-50],[-47,-36],[-37,-51],[-11,-98],[-76,-213]],[[26692,26776],[-4,-45],[36,-61],[21,-143],[-27,1],[0,-56],[47,-72],[-1,-117]],[[26692,26776],[128,-49],[47,-41],[51,-67],[45,19],[60,55],[83,-14],[474,-110]],[[27580,26569],[20,-108],[122,-303],[29,-24],[17,-60],[7,-73],[-15,-89]],[[26924,27273],[128,54],[124,110],[-1,28],[134,55],[40,-5],[58,45],[9,25],[72,105],[64,-1],[25,25],[48,-7],[1,70],[69,38],[52,15],[9,-61],[20,-32],[71,-46],[16,-43],[-50,-120],[-27,-47],[-8,-53]],[[27778,27428],[-71,-68],[-37,-78],[-21,-205],[-39,-298],[-31,-129],[1,-81]],[[27778,27428],[73,60],[30,13]],[[27881,27501],[230,73],[204,60],[84,17],[60,-10],[85,-48],[25,-35],[164,-23],[83,-19],[80,28],[36,-1],[96,-67],[53,-71],[72,14],[111,103],[130,95]],[[29394,27617],[40,-67],[178,94],[21,-43],[190,-331],[-290,-162],[-65,-42],[-11,-45],[-47,11],[-51,-22],[-54,11],[-104,-7],[-58,-23],[-79,-6],[-76,-80],[-84,10],[-143,-58],[-70,-42],[-24,-40],[-25,-100],[-37,-111],[-56,-101],[-12,-60],[-28,-42],[-321,-139],[-26,-6]],[[29394,27617],[124,56],[69,20]],[[29587,27693],[64,15],[103,-15],[17,28],[44,-9],[217,90],[71,12],[126,-22]],[[30229,27792],[-10,-11],[72,-302],[16,-108],[-124,-58],[-6,-18],[74,-212],[-1,-19],[160,-6],[0,-87]],[[30410,26971],[-229,-106]],[[30181,26865],[-839,-392],[-465,-219],[-442,-201]],[[30229,27792],[52,-33],[128,-180],[370,-108],[245,-81],[-17,148],[-21,100],[-3,190],[-18,119],[16,138],[117,238],[-14,40]],[[31084,28363],[109,50],[92,-52],[23,19],[77,-63],[74,-27],[29,12],[84,-20],[86,18],[4,17],[92,50],[11,38],[84,-7],[33,19],[60,88],[34,136],[89,-24],[28,-20],[72,-22],[92,-1]],[[32257,28574],[-37,-23],[-31,-189],[22,-72],[73,-76],[-17,-81],[24,-52],[121,-169],[26,-154]],[[32438,27758],[1,-18]],[[32439,27740],[-104,-34],[-306,-88],[-545,-167],[-266,-102],[-104,-52],[-424,-193],[-280,-133]],[[30439,25321],[-12,84],[-24,12],[12,51],[95,75],[34,39],[46,95],[2,44],[-63,104],[-54,73],[-77,158],[3,227],[-141,187],[29,173],[-91,136],[-17,86]],[[32439,27740],[16,-67],[30,-8],[47,-75],[2,-30],[72,-97],[-20,-22],[19,-116],[-13,-80],[33,-91],[65,-43],[72,-72],[123,-144],[71,-41]],[[32956,26854],[-21,-45],[-25,-5],[-54,52],[-26,44],[-56,40],[-74,-17],[-36,-41],[-17,-42],[-51,4],[-38,23],[-39,47],[-24,75],[-54,9],[-31,43],[-35,-17],[-103,40],[-14,-29],[-73,-6],[-66,-46],[-118,38],[-20,-48],[-52,-42],[-95,-35],[-42,-74],[26,-47],[38,-22],[70,-9],[20,-51],[29,-128],[-3,-27],[-50,-42],[-50,-5],[-100,19],[-19,-43],[8,-57],[-18,-38],[-55,-21],[-113,9],[-17,61],[-43,34],[-56,12],[-23,-20],[2,-53],[32,-43],[58,-137],[80,-65],[21,-38],[-7,-57],[-23,-56],[13,-43],[39,-31],[-15,-87],[45,-102],[67,-91],[17,-68]],[[31765,25576],[25,-106],[-14,-62],[96,-79],[-26,-47],[19,-23]],[[24935,27795],[71,-47],[16,-34],[-4,-69],[-37,-34],[82,-12],[125,-51],[75,58],[20,49],[112,-19],[63,40]],[[25458,27676],[524,-38],[6,27],[209,-103],[-18,-45],[55,-111],[-32,-26],[-50,29],[-65,-60],[-21,-47],[0,-43]],[[25458,27676],[32,103],[35,11],[22,47],[144,89],[11,103],[34,77],[88,81],[108,-34],[51,51],[75,-34],[72,53],[-10,83],[29,65],[62,41],[20,28],[-8,61],[45,42],[157,267],[168,8],[199,-60],[103,14],[239,-92],[69,-46],[67,-14],[80,15],[172,12],[11,75],[30,37],[78,-18],[11,88],[-14,22],[-85,4],[-18,14],[-10,90],[145,161],[81,8],[31,13],[77,150],[-4,55],[30,47],[54,11],[73,37],[66,-17],[225,25],[31,-22],[-14,-44],[42,-50],[64,-40],[39,-12],[21,-71],[26,-44],[30,-12],[52,28],[43,-4]],[[28637,29178],[4,-31],[-92,-270],[-83,-49],[-93,-30],[-39,-30],[-68,-31],[-56,12],[-31,-22],[-94,25],[-58,-38],[-3,-210],[62,-99],[-25,-29],[8,-41],[-66,-94],[0,-29],[186,29],[-17,-114],[-24,-97],[-138,-5],[-25,-34],[4,-90],[-20,-47],[-68,-69],[-19,-55],[4,-67],[-46,-89],[41,-73]],[[29537,30172],[-5,-86],[-37,-48],[-68,-67]],[[29427,29971],[-39,-56],[-66,-8],[-31,-44],[-22,-69],[-7,-124],[-141,-177],[31,-42],[-132,-71],[5,80],[-38,1],[-13,-28],[-62,-63],[23,-30],[-69,-28],[-51,-43],[-21,-35],[-119,-48],[-38,-8]],[[29427,29971],[56,-40],[71,-6],[69,37],[105,-24],[-42,-58],[15,-146],[-35,-61],[4,-38],[-60,-147],[-13,-63],[61,-102],[91,-59],[13,-42],[60,0],[60,23],[37,-14]],[[29919,29231],[-28,-117],[-31,-35],[-57,-32],[-93,-75],[-51,-77],[-25,-59],[-60,-186],[-24,-48],[-110,-123],[-26,-100],[18,-91],[-3,-110],[-39,-82],[-90,-77],[-27,-48],[143,-124],[-29,-34],[90,-82],[87,-6],[23,-32]],[[29919,29231],[56,-58],[33,-120],[89,-89],[9,-36],[-78,-99],[67,-93],[9,-63],[67,-159],[64,-3],[63,-74],[27,-58],[113,35],[60,106],[41,154],[87,94],[37,23],[27,69],[105,89],[87,-126],[88,-192],[43,-117],[18,-103],[53,-48]],[[30043,31154],[167,-45],[224,-102],[109,-109],[158,-86],[41,-10],[197,-106],[190,-60],[88,-33],[27,-142],[53,-21],[1,-46],[35,-36],[5,-58],[39,-75],[86,-50],[16,-32],[69,-69],[16,4],[55,-156],[-1,-151],[6,-67],[28,-61],[29,-138],[47,-132],[47,-103],[17,-18],[97,-7],[122,6],[70,49],[96,33],[65,2],[50,16],[48,34],[94,2],[31,15]],[[32465,29402],[13,-72],[-42,-89],[-5,-34],[34,-19],[0,-48],[-20,-40],[-61,-47],[-14,-32],[78,-45],[15,-22],[1,-78],[44,-49],[23,-62],[9,-90],[-124,-34],[-159,-67]],[[30553,31957],[51,52],[34,76],[92,136],[14,77],[25,30],[75,49],[17,29],[7,63],[-71,67],[-6,33],[27,24],[89,37],[52,9],[86,-30],[60,21],[57,62],[-22,133],[58,-2],[41,21],[9,38],[-11,130],[18,102],[79,63],[71,78],[57,-2],[113,-48],[69,-17],[92,17],[35,18],[30,80],[67,58],[10,89],[66,92],[47,50],[57,-23],[48,-4],[114,22],[160,110],[93,29],[85,-6],[56,53],[61,-6]],[[32665,33767],[3,-10],[10,-13],[10,-10],[23,-19],[3,-3],[20,-22],[4,-7],[7,-12],[3,-5],[3,-8],[1,-4],[-19,-47],[-4,-8],[-2,-8],[-1,-20],[1,-3],[4,-17],[6,-22],[5,-44],[3,-16],[8,-31],[8,-39],[26,-40],[27,-24],[6,-2],[13,-4],[15,-11],[13,-12],[7,-10],[16,-29],[6,-9],[69,-68],[13,-17],[6,-20],[3,-13],[2,-27],[-2,-5],[-2,-4],[-5,-5],[-21,-14],[-27,-23],[-12,-19],[-4,-9],[-3,-9],[-1,-12],[3,-34],[1,-7],[28,-85],[1,-3],[10,-32],[7,-8],[31,-23],[11,-14],[11,-24],[7,-14],[2,-14],[0,0],[-6,-31],[-17,-29],[-2,-21]],[[32993,32674],[-12,-124],[-29,-30]],[[32952,32520],[-24,-18],[-24,-26],[-13,-24],[-1,-9],[6,-12],[9,-39],[-3,-16],[0,-2],[11,-26],[10,-13],[16,-7],[45,-28],[38,-46],[4,-8],[-8,-62],[-9,-46],[-1,-12],[0,0],[3,-47],[-2,-9],[-23,-41],[-55,-51],[-13,-33],[0,-5],[-1,-6],[1,-10],[9,-32],[18,-45],[10,-37],[13,-43],[3,-9],[12,-20],[24,-29],[19,-21],[42,-46],[13,-40],[2,-25],[1,-10],[9,-26],[34,-23],[15,-4],[16,-7],[47,-41],[14,-14],[11,-9],[18,-7],[21,-1],[2,0],[0,0],[80,5],[49,-8],[9,0],[15,-1],[33,10],[14,3],[92,11],[67,8],[85,-8],[55,-14],[10,-7],[1,-1],[1,-1],[12,-22],[3,-13],[-10,-31],[6,-57],[-11,-87],[-9,-16]],[[33773,31206],[-70,-1],[-65,-23],[-21,-79],[-32,-41],[8,-46],[-33,-45],[10,-43],[-32,-20],[-56,-4],[14,-69],[-44,-20],[6,-57],[-41,-23],[-57,-94],[-52,-18],[-42,-50],[-76,-22],[3,-69],[-57,-22],[-68,-3],[-119,-129],[10,-81],[-84,-88],[-68,-27],[-57,17],[-2,-57],[-66,-79],[-60,-44],[-46,-7],[-102,-53],[-24,-64],[-56,-35],[-14,-69],[5,-44],[43,-96],[25,-31],[26,-72],[-14,-96]],[[33773,31206],[34,-1],[13,-1],[1,0],[26,35],[-13,24],[15,57],[8,18],[36,8],[41,20],[9,33],[16,13],[21,-17],[11,-3],[1,0],[21,8],[5,1],[10,-10],[6,-15],[8,-3],[5,4],[24,44],[8,6],[7,4],[42,22],[0,9],[-11,18],[2,19],[10,7],[24,3],[0,0],[43,-11],[52,11],[43,24],[3,9],[5,5],[84,32],[8,7],[19,-7],[2,-7],[33,7]],[[34445,31579],[22,63],[56,25],[47,4],[144,84],[-18,-58],[7,-46],[43,3],[83,48],[5,35],[70,3],[24,19],[50,-4],[15,24],[56,-19],[14,-43],[-20,-69],[27,0],[31,45],[38,2],[29,-30],[35,5],[31,-34],[-10,-31],[36,-86],[78,-76],[-47,-46],[-9,-32],[45,-30],[-5,-57],[98,-6],[33,-41],[72,-39],[56,-45],[-13,-54],[-109,-48],[-7,-37],[9,-93],[34,-50],[5,-53],[34,-66],[-12,-72]],[[35522,30674],[-70,11],[-45,26],[-69,-69],[-40,-14],[-5,-31],[-61,-73],[-26,-47],[-55,-3],[-39,-51],[-9,-52],[-52,-46],[-46,-25],[-93,16],[52,-181],[6,-81],[-129,-151],[-39,-65],[-15,-114],[30,-82],[8,-77],[-80,-6],[-6,-56],[-75,-75],[-15,-58],[-85,23],[-58,88],[-60,63],[-48,-13],[-16,-44],[-56,-55],[-102,-3],[-3,-37],[-118,5],[-3,50],[-68,-5],[-63,7],[-112,-19],[5,-47],[-45,-6],[32,-73],[17,-136],[4,-88],[-71,-26],[-49,24],[-93,20],[103,-213],[96,-166],[13,-86],[19,-55],[-19,-13],[-539,-200],[19,-84],[-37,-8],[-53,18],[-161,14],[-125,-65],[-175,-166],[-55,-71],[-9,-67],[-19,-50],[-102,-70],[-175,-58]],[[35522,30674],[-16,-90],[1,-46],[25,-47],[-45,-92],[9,-114],[-11,-107],[-38,-59],[8,-96],[-7,-41],[17,-45],[-19,-48],[-6,-136],[51,-68],[721,-730]],[[36212,28955],[-428,-207],[-62,-34],[-203,-131],[-105,-37],[-91,-10],[-145,-65],[-88,-29],[-351,-74],[-193,-29],[60,-70],[45,-94],[-17,-64],[-120,-76],[-40,-62],[65,-54],[0,-26],[74,-113],[51,-63]],[[34664,27717],[-28,-73],[-48,-40],[-12,-125],[-22,-41],[-94,-18],[-95,-54],[1,33],[-56,-14],[-45,10],[-33,41],[-49,15],[-5,-30],[-41,-24],[-167,33],[-34,-3],[-55,24],[-53,0],[-34,20],[-90,-11],[-37,-19],[-32,49],[-101,33],[-93,42],[-45,-2],[-33,23],[-45,5],[-136,-40],[-77,-76],[-18,-87],[6,-48],[-18,-45],[-83,-86],[-18,-39],[14,-73],[5,-135],[-37,-108]],[[36212,28955],[88,-19],[23,-55],[73,-67],[61,-83],[104,-99],[47,-21],[90,-72],[59,-56],[41,-20],[62,4],[17,-85],[38,-71],[33,-106],[98,62],[34,6],[50,-53],[57,22],[67,10],[28,-17]],[[37282,28235],[-67,-66],[-53,-89],[5,-26],[44,-46],[16,-146],[-18,-29],[-39,-5],[-25,-37],[-177,-63],[5,-86],[-26,-30],[-60,-1],[21,-61],[-96,-30],[-5,-103],[-43,-72],[-133,-40],[-45,-53],[-67,-24],[-32,-34],[-95,13]],[[36392,27207],[-93,32],[-20,-46],[-10,-110],[-33,-18],[-27,29],[-31,-49],[-39,-8],[-75,14],[-30,-35],[-67,-2],[-114,-42],[-101,15],[-33,29],[-29,-19],[-42,33],[-54,64],[-61,24],[-11,52],[-29,25],[-87,-56],[-60,10]],[[35346,27149],[-28,77],[-47,71],[-102,35],[-32,28],[-15,53],[-223,34],[-54,-11],[-48,34],[-21,159],[13,40],[-19,70],[-41,28],[-29,-5],[-36,-45]],[[40789,30939],[6,-14]],[[40795,30925],[-211,-133],[-15,-43],[57,-80],[-46,-120],[-79,-51],[-15,-69],[-55,-39],[-2,-76],[-18,-28],[-67,-16],[-22,22],[-46,0],[-83,-31],[-111,1],[-60,15],[-102,60],[-36,4],[-56,-42],[-58,-8],[-143,-97],[-47,-131],[-23,-30],[-62,-15],[-54,35],[-50,-11],[-80,-60],[-85,-26],[-66,-30],[-112,-75],[-13,-57],[-21,-16]],[[39014,29778],[-120,218],[-35,87],[37,36],[-2,51],[19,65],[-83,63],[-220,-47],[16,292],[-125,146],[-58,50],[0,68],[-402,-1],[-27,19],[-107,27],[-43,-7],[13,85],[-49,34],[-40,-3],[-43,39],[-80,-28],[-39,44],[-47,-11],[-203,-13],[-53,68],[-5,120],[-46,27],[29,41],[77,53],[129,34],[52,0],[47,17],[110,70],[40,50],[-11,95],[-142,21],[-7,34],[-78,-6],[-22,43],[-38,30],[116,16],[-30,111],[30,88],[24,37],[-28,62],[7,51],[-22,32],[5,50],[-19,94],[-22,24],[26,47],[-7,28],[37,119],[24,18],[19,91],[99,-95],[68,-115],[23,-59],[35,21],[38,72],[1,40],[31,73],[-14,72],[-1,70],[57,135],[44,73],[41,43],[168,99],[5,24],[-17,136],[17,30],[2,81],[-15,26],[39,40],[22,-3],[22,-81],[45,-11],[33,15],[76,187],[148,68]],[[38585,33498],[-3,-59],[12,-83],[25,-48],[23,-156],[14,-48],[38,-21],[19,-38],[42,8],[10,-61],[-4,-96],[-24,-87],[3,-155],[-2,-2],[-4,-2],[-14,-10],[11,-69],[3,-19],[3,-14],[0,0],[0,0],[5,-10],[7,-14],[1,0],[10,-26],[5,-37],[3,-34],[-3,-29],[-2,-19],[11,-5],[22,-35],[61,-101],[28,-46],[12,-27],[36,-36],[15,1],[0,0],[48,-13],[18,-4],[41,2],[29,-1],[0,0],[29,-10],[26,-25],[3,-3],[18,-24],[2,-5],[6,-19],[63,-5],[44,30],[48,55],[50,89],[58,77],[55,132],[77,90],[81,10],[69,75],[109,40],[54,-26],[34,6],[5,-84],[17,-66],[46,-54],[21,-52],[-15,-49],[48,-37],[152,-236],[54,41],[31,-74],[-9,-87],[3,-59],[24,-120],[28,-47],[-16,-69],[-46,-83],[-46,-14],[-144,-94],[-37,-87],[11,-60],[-39,-56],[-14,-75],[32,-19],[39,-51],[3,-74],[25,-38],[-11,-27],[22,-61],[-11,-52],[16,-16],[57,-1],[33,-49],[37,-86],[197,76],[215,127],[151,81]],[[32993,32674],[-12,-124],[-29,-30]],[[38688,36781],[80,-34],[0,-55],[18,-30],[83,-81],[64,39],[63,10],[158,-27],[37,-58],[54,-31],[-20,-147],[-1,-168],[26,-48],[91,-23],[108,-69],[43,-108],[67,-39],[63,8],[55,24],[62,-16],[37,-68],[45,-28],[94,-16],[66,-83],[99,-76],[62,6],[39,37],[35,7],[87,-38],[93,-74],[67,-111],[82,24],[31,-2],[85,-41],[82,-10],[119,27],[35,-1]],[[40897,35481],[-92,-52],[-151,-105],[-163,-75],[-167,66],[-151,-28],[-124,-87],[-122,-43],[-116,-4],[-44,-58],[-149,-16],[-71,-43],[-279,-240],[-335,-353],[15,-123],[133,-80],[6,-66],[-80,-76],[-56,-66],[-12,-105],[-124,-169],[-45,-52],[-116,-52],[-35,-54],[-34,-102]],[[39014,29778],[-34,-24],[-19,-62],[-147,-87],[-46,-19],[-40,2],[-40,-31],[8,-40],[-25,-34],[13,-39],[-47,-8],[-83,11],[-47,-40],[-25,-98],[-48,-35],[-19,-83],[-28,-44],[-9,-67],[-35,-11],[-95,60],[-41,12],[-21,34],[-60,20],[-42,-19],[7,-64],[-44,-22],[-57,-79],[-45,-33],[-46,-102],[-51,-30],[-59,11],[-32,-21],[-46,4],[-26,22],[-42,-54],[-102,-12],[-19,-39],[25,-40],[-15,-48],[42,-80],[-44,-90],[25,-34],[-21,-36],[-50,-42],[-50,-17],[-18,-28],[39,-43],[42,-14],[-20,-47],[-49,-35],[-40,-52],[-48,-7],[-28,61],[-30,30]],[[34445,31579],[-31,45],[11,52],[-23,50],[32,48],[12,51],[33,44],[-14,49],[-53,6],[-61,68],[52,21],[34,69],[81,76],[12,95],[-38,127],[22,67],[102,41],[56,40],[43,3],[118,60],[49,11],[49,-19],[87,52],[84,81],[33,95],[32,29],[11,58],[-13,49],[26,87],[-49,52],[-43,-1],[-56,53],[-32,-8],[-82,31],[-50,39],[-116,36],[263,343],[191,-82],[34,-11],[2,48],[31,22],[42,109],[-33,44],[1,61],[25,55],[68,12],[60,29],[80,11],[45,20],[-14,59],[45,56],[30,4],[39,39],[-35,49],[4,92],[-21,24],[-11,89],[48,218],[9,84],[41,70],[57,10],[50,-32],[41,-46],[67,-6],[46,49],[41,64],[34,76],[99,5],[42,-30],[58,23],[35,-1],[43,-56],[54,-21],[54,-83],[63,-145],[2,-40],[-37,-35],[16,-105],[-8,-42],[50,-79],[3,-51],[54,-72],[155,-56],[69,65],[47,0],[58,34],[75,13],[53,22],[72,-9],[87,-64],[48,-18],[5,90],[-38,42],[-19,80],[20,108],[58,105],[75,67],[86,91],[52,8],[34,46],[17,83],[-29,188],[23,169],[110,116],[86,130],[77,60],[71,97],[4,55],[27,44],[90,35],[27,74],[21,91],[101,118],[16,31],[100,108],[36,18],[26,59],[51,10],[40,38],[33,65],[11,55],[-23,49],[7,25],[96,64],[35,32],[19,76],[34,66],[-1,82],[19,47],[56,8]],[[32850,33803],[57,9],[43,22]],[[32950,33834],[-43,-22],[-57,-9]],[[32665,33767],[26,16],[11,5],[18,5],[7,2],[13,3],[19,3],[91,2]],[[32950,33834],[1,6],[-7,12],[-17,10],[-31,8],[-16,5],[-27,23],[-3,10],[-3,20],[0,21],[-2,61],[-8,7],[-3,15],[4,7],[39,62],[17,18],[13,9],[21,9],[48,18],[5,1],[53,-6],[37,15],[0,19],[-10,19],[-3,20],[0,17],[6,19],[7,13],[1,2],[10,13],[51,41],[32,48],[26,36],[11,15],[16,37],[10,27],[12,27],[2,7],[10,28],[33,42],[-3,77],[9,11],[19,15],[9,2],[4,0],[2,0],[17,-5],[11,-4],[35,8],[70,33],[8,2],[15,0],[14,1],[42,7],[33,1],[5,0],[21,-7],[7,0],[2,0],[18,6],[30,12],[8,2],[9,1],[18,4],[20,7],[22,14],[5,6],[5,6],[88,90],[12,13],[24,22],[5,5],[8,6],[12,5],[8,1],[12,1],[19,1],[34,10],[8,3],[17,5],[20,-2],[1,1],[1,1],[2,4],[21,91],[23,31],[12,16],[9,12],[43,75],[5,7],[4,4],[15,10],[31,10],[33,22],[26,21],[28,25],[57,80],[21,15],[86,70],[23,20],[58,58],[11,16],[17,27],[19,43],[32,70],[11,15],[9,9],[18,13],[7,4],[18,7],[41,15],[15,8],[7,7],[8,14],[1,8],[12,58],[5,27],[14,26],[13,7],[41,38],[6,25],[-9,18],[-2,12],[0,7],[-1,12],[1,20],[2,20],[0,8],[0,8],[8,25],[9,13],[44,46],[18,29],[2,6],[1,8],[0,23],[1,13],[3,10],[31,68],[22,63],[0,5],[-1,25],[0,7],[-5,29],[-4,14],[-66,38],[-6,6],[-18,19],[-28,42],[-2,6],[-2,13],[-4,51],[-30,68],[-6,11],[-6,17],[8,9],[12,6],[7,3],[56,35],[6,13],[6,26],[-1,7],[-7,19],[-13,25],[-11,18],[-9,10],[-6,9],[-9,11],[-1,4],[-1,7],[0,7],[1,9],[8,13],[9,13],[8,12],[14,18],[9,11],[40,22],[20,5],[18,4],[10,1],[15,0],[19,1],[48,-3],[51,-32],[8,-4],[11,-2],[23,11],[1,1],[1,0],[10,8],[34,31],[9,7],[38,22],[4,1],[37,-4],[6,-4],[19,-18],[4,2],[10,8],[4,7],[8,15],[28,29],[45,31],[7,4],[4,2],[11,3],[38,13],[21,22],[1,1],[25,7],[13,3],[18,5],[28,12],[67,39],[48,33],[12,6],[24,11],[12,7],[12,10],[12,14],[8,19],[11,47],[8,39],[35,136],[15,31],[14,12],[24,10],[31,3],[28,-2],[46,-11],[23,-12],[16,-9],[16,-16],[7,-4],[15,-2],[1,0],[46,0],[33,-8],[28,-18],[21,-22],[21,-32],[14,-12],[40,-23],[11,-5],[18,-2],[25,4],[15,-4],[6,-9],[12,-34],[17,-39],[23,-22],[38,-14],[21,-3],[4,1],[34,10],[10,5],[15,9],[13,8],[8,5],[8,6],[9,14],[3,6],[40,33],[26,3],[24,20],[11,14],[10,18],[6,18],[1,6],[0,4],[12,-2],[25,-4],[39,1],[8,2],[28,11],[28,19],[6,2],[6,2],[12,-1],[20,-5],[7,-4],[63,-30],[21,-5],[35,-7],[11,-2],[24,-9],[12,-8],[10,-9],[8,-10],[7,-11],[11,-11],[17,-11],[9,-5],[30,-9],[4,0],[6,-1],[2,0],[3,1],[3,2],[11,12],[47,43],[15,9],[60,17],[24,15],[36,27],[33,9],[24,-2],[16,-5],[13,-5],[77,-40],[25,4],[26,6],[41,-25],[1,-1],[0,1],[14,3],[34,16],[43,19],[21,1],[13,-1],[74,-38],[1,-1],[12,-26],[8,-23],[8,-14],[27,-26],[47,18],[23,8],[47,6],[14,-1],[49,-13],[20,-27],[9,-34],[8,-25],[50,-138],[5,-14],[34,-55],[22,-13],[67,-13],[60,-9],[55,-3],[26,-7],[9,-4],[6,-5],[14,-26],[11,-45],[33,-34],[8,-4],[35,-1],[12,0],[7,-1],[29,-6],[19,-13],[3,-3],[7,-11],[59,-45],[14,-16],[25,-32],[31,-27],[21,-12],[6,-3]],[[40897,35481],[40,-35],[-5,-47],[-40,-104],[-38,-55],[-51,-4],[-38,-34],[0,-106],[-29,-94],[74,-108],[14,-92],[-38,-103],[-1,-43],[23,-28],[52,-8],[116,-70],[51,0],[89,22],[62,-4],[15,-30],[-26,-61],[-50,-22],[-33,-70],[-49,-32],[8,-77],[-16,-31],[-97,-48],[-4,-27],[60,-53],[6,-73],[-6,-132],[42,-84],[33,-21],[50,5],[99,52],[47,-10],[25,-95],[28,-32],[74,-23],[89,-93],[33,-62],[-23,-53],[9,-116],[92,-102],[79,-18],[65,-1],[86,17],[160,11],[40,-26],[42,-74],[48,-22],[63,44],[42,72],[47,40],[20,46],[144,15],[62,-16],[38,-60],[11,-70],[-36,-45],[18,-65],[-5,-33],[-64,-86],[-4,-110],[14,-51],[39,-65],[31,-21],[54,-8],[30,-21],[21,-47],[62,0],[32,-29],[41,-10],[157,-11],[90,-113],[-31,-71],[0,-58]],[[42980,32392],[-55,-55],[-102,-47],[-51,19],[-46,-4],[-52,14],[-55,-8],[-79,30],[-14,-47],[-27,-24],[-39,-89],[-49,-19],[-239,-187],[-84,-61],[-75,-84],[-31,3],[-46,-41],[-27,9],[-63,-36],[-39,23],[-88,-72],[-6,-76],[-45,-13],[-58,-51],[-36,2],[-83,-73],[-39,16],[-18,-39],[-56,-61],[-83,-23],[-18,-52],[-49,-47],[-42,-16],[-21,-33],[-36,11],[-23,-46],[-97,-35],[35,-24],[-37,-48],[-59,-11],[-37,-37],[-67,-8],[-55,-113]],[[31644,21957],[55,-71],[56,-36],[51,-4],[280,56],[44,54],[23,111],[75,90],[31,64],[61,69],[98,38],[59,31],[218,174],[174,143],[189,126]],[[33058,22802],[66,-123],[41,-325],[-51,-67],[-24,-49]],[[33090,22238],[-37,-113],[30,-32],[-16,-43],[3,-63],[33,-30],[37,-60],[11,-42],[67,-67],[-31,-77],[-99,-150],[-9,-40],[-57,-82],[13,-36],[138,12],[47,-71],[-9,-54],[17,-45],[71,-69],[48,-92]],[[33347,21084],[-42,-16],[-79,0],[-36,-67],[-42,-48]],[[33148,20953],[-25,41],[-27,87],[-104,4],[-64,25],[-70,-50],[-103,19],[-131,-53],[-38,19],[8,36],[-43,38],[5,69],[-39,47],[-100,58],[-134,124],[-57,65],[-26,52],[-32,7]],[[33148,20953],[13,-47],[-46,-111],[13,-46],[-45,-18],[-52,7],[-57,-9],[-97,-51],[-54,-94],[17,-99],[-65,-73],[-41,-62],[-43,-116],[-5,-88],[-28,-25],[-41,-95],[-42,-155],[-48,-141],[-31,-31],[-41,-115],[-27,-33],[-47,-25],[-83,-23],[-24,-17],[-30,-85],[-97,-47],[-22,-64],[-43,-66],[-32,-22]],[[32050,19202],[-20,-5]],[[32030,19197],[-34,60],[1,45],[-178,86],[-27,36],[-45,3],[-49,-16],[-108,5]],[[32676,23680],[9,-2]],[[32685,23678],[-28,-62],[10,-26],[-1,-97],[-12,-62],[-39,-51],[-26,-89],[1,-83],[34,-95],[48,-74],[93,-6],[50,-17],[85,-122],[35,-33],[64,-11],[59,-48]],[[33090,22238],[88,-36],[131,242],[114,64],[31,-45],[99,-84],[205,60],[5,-13],[105,-26]],[[33868,22400],[-39,-18],[-36,-108],[-57,-6],[-38,-28],[-28,-47],[0,-183],[-20,-22],[-13,-69],[-29,-45],[9,-73],[18,-41],[-10,-87],[11,-43],[-22,-105],[-42,-16],[-27,-87],[-39,-48],[-18,-50],[-52,-39],[-42,-128],[-52,-52],[5,-21]],[[32685,23678],[255,167],[112,53],[118,97],[60,-53],[53,-65],[93,-12],[64,2],[276,30],[86,22],[30,21],[269,26]],[[34101,23966],[-7,-32],[28,-61],[36,-23],[21,-93],[42,44],[39,-16],[-10,-52],[57,-14],[10,-22],[-51,-31],[-37,-84],[60,-44],[-92,-29],[-48,-48],[-12,-68],[-33,-43],[55,-79],[-5,-58],[-44,-151]],[[34110,23062],[32,-85],[-13,-33],[-39,-34],[-32,-61],[2,-53],[-21,-65],[13,-135],[-17,-43],[-107,-79],[-60,-74]],[[32247,24842],[45,11],[47,-11],[74,-44],[135,-6],[94,-45],[115,63],[157,76],[98,6],[79,34],[86,69],[2,53],[36,-9],[38,84],[61,40],[37,-31],[56,-23],[68,-7],[58,58],[-3,88]],[[33530,25248],[32,3],[35,-26],[-9,-52],[19,-93],[58,-35],[87,-15],[39,45],[69,-21],[36,36],[40,-13],[41,26],[43,-54],[63,34],[23,-33],[-34,-52],[7,-49],[42,-14],[-45,-106],[-3,-64],[-27,-90]],[[34046,24675],[-98,-184],[-39,-23],[26,-42],[-59,-35],[48,-75],[-68,-105],[96,-35],[4,43],[34,6],[33,-57],[36,35],[26,-35],[-10,-61],[36,-45],[-13,-46],[3,-50]],[[31765,25576],[131,41],[88,19],[184,22],[210,-4],[140,-22],[262,-58],[158,-15],[117,13],[100,24],[132,59],[68,45],[152,133],[517,483],[108,80],[119,54],[176,44]],[[34427,26494],[5,-32],[48,-46],[45,-4],[47,-55],[37,-23],[24,-41],[-54,-211],[17,-76],[26,3],[11,-61],[-12,-146],[-20,7],[-20,-141],[-61,6],[-8,-120],[-50,-24],[12,-45],[-21,-74],[-33,-41],[13,-65],[-94,-38],[-31,20],[-103,26],[-96,51],[-41,30],[-13,-37],[-80,-58],[-65,-19],[-25,84],[-76,1],[-66,18],[-58,-37],[-83,4],[-71,-30],[-1,-72]],[[35346,27149],[3,-92],[-72,-63],[-42,-51],[-33,-127],[-68,-75],[-50,-93],[-657,-154]],[[36392,27207],[3,-60],[-34,-121],[-3,-79],[-54,-63],[18,-77],[-29,-27],[20,-58],[-5,-69]],[[36308,26653],[-31,-107],[-63,-40],[50,-76],[-26,-41],[6,-61],[-103,-80],[-39,-52],[-13,-56],[-28,-24],[3,-51],[-73,-46],[-68,-9],[-37,-43],[-61,3],[-60,-46],[33,-70],[-6,-115],[6,-82],[54,-133],[50,-27],[51,-143],[0,-54],[31,-55],[-5,-96],[19,-128],[-54,-30],[-100,16],[-47,-16],[-44,-71],[-78,-60],[-18,-52],[32,-105],[40,-42]],[[35729,24661],[-46,-41],[-194,-146],[-102,-15],[-3,-26],[-62,-58],[-34,26],[-36,-21],[-48,11],[-25,35],[-63,-29],[-69,59],[-21,64],[-28,20],[-46,-8],[-52,36],[-35,-30],[-105,-15],[-29,29],[-30,-20],[-36,16],[-46,-5],[-139,18],[-100,46],[-69,7],[-164,76],[-101,-15]],[[35729,24661],[18,27],[41,9],[62,-9],[36,16],[43,50],[99,11],[65,24],[86,0],[48,38],[64,25],[83,14],[45,-6],[48,-27],[42,14],[116,-127],[3,-172],[38,-83],[5,-82],[-17,-92],[-31,-79],[-49,-67],[-47,-31],[-36,-44],[-15,-48],[45,-192],[-8,-92],[-45,-51],[82,-45],[10,-51],[39,-117],[4,-78],[66,-74],[47,-37],[43,-81],[-97,-327]],[[36662,22877],[26,-142],[-40,-12],[-21,-28],[-33,42],[-38,-65],[-37,22],[-30,-71],[-9,-80],[-45,-2],[-20,-71]],[[36415,22470],[-63,7],[-364,-23],[0,24],[-29,278],[-229,-28],[-190,-29],[-254,-35],[-100,4],[-391,145],[-219,78],[-365,136],[-101,35]],[[36415,22470],[0,-127],[-38,-24],[-187,-7],[-100,13],[-48,-32],[-21,-117],[15,-140],[-6,-39],[28,-39],[50,-1],[4,-71],[-61,-37],[-37,-67],[40,-32],[4,-30],[-37,-31],[-17,-60],[-20,-3],[-57,-107],[-6,-32],[-44,-58]],[[35877,21429],[-58,-72],[-145,-89],[-8,-28],[42,-50],[-9,-72],[21,-69],[-29,-25],[20,-114],[-14,-100],[27,-85],[26,-168],[-35,-101],[-30,-110],[0,-98],[-39,-74],[-26,-113],[-58,-76],[-12,-77],[-41,-97],[-22,-26],[6,-99],[-37,-113],[-62,-66]],[[35394,19507],[-55,27],[-9,50],[34,33],[8,42],[-31,89],[-73,30],[-80,14],[-59,39],[-84,107],[-19,41],[-4,116],[7,151],[11,56],[-1,170],[-71,68],[-5,34],[-46,2],[-26,-67],[-23,-26],[-74,-20],[-27,35],[11,36],[-10,104],[-84,187],[-47,74],[-32,23],[31,100],[-25,39],[-83,-6],[-53,-40],[-143,-65],[-45,-2],[-87,17],[-111,9],[-85,31],[-81,5],[-123,91],[-57,181],[-98,-130],[-69,-57],[-92,-30],[-84,-52],[-78,-69],[-32,-50],[-142,59]],[[35877,21429],[45,-44],[1,-74],[95,-90]],[[36018,21221],[32,-69],[40,-196],[30,-69],[52,-85],[213,-253],[167,-228],[105,-288],[19,-71],[-6,-35],[-39,-80],[42,-124],[50,-41],[12,-75],[37,-11],[82,-74],[55,-30],[-40,-89],[-47,-45],[-28,-55],[12,-124],[-14,-30],[9,-88],[-45,-80],[-19,-12],[-8,-61],[13,-25],[-44,-111],[32,-48],[-19,-33],[2,-43],[76,-10],[49,-70],[60,-28],[22,-86],[-14,-50],[61,-58],[16,-108],[-28,-15],[20,-103],[25,-29],[-7,-47],[50,-43],[25,-45],[-3,-35],[36,-77],[-10,-95],[-36,-3],[-26,-28],[1,-40],[-52,-72],[53,-78],[-11,-50],[-53,-24],[-17,-40],[22,-31],[-12,-75],[3,-81],[-26,-11],[9,-56],[38,-8],[20,-30],[-31,-84],[-98,-10],[8,-31],[-22,-54],[4,-54],[-77,-66],[-68,-88],[4,-33],[-40,-41],[-8,-63],[-64,-122],[9,-25],[48,-34],[-30,-57],[-85,-82],[-43,-9],[-31,-43],[-57,-1],[-80,-50],[-41,2],[-94,-40],[-28,-41],[-90,-55],[-32,-38],[-89,-25],[-79,-96]],[[35890,15882],[-9,-6],[-12,-6],[-55,-27],[-39,-17],[-97,-64],[-7,-10],[-7,-11],[-72,-33],[-46,-53],[-35,-27],[-39,-22],[-20,-26],[-21,-41],[42,-86],[20,-32],[6,-33],[39,-104],[-7,-44],[-7,-15],[-30,-73],[-11,-35],[-2,-22],[1,-3],[41,-37],[19,-63],[0,-18],[-3,-28],[-11,-22],[-36,-38],[-13,-21],[-8,-46],[1,-17],[-5,-33],[-71,-86],[-5,-5],[-23,-17],[-54,-21],[-32,-42],[-2,-12],[3,-42],[-24,-32],[-17,-6],[-6,-2],[-45,-45],[-35,-23],[-35,-19],[-29,-30],[-6,-76],[-8,-15],[-43,-85],[-47,-26],[-38,-68],[-17,-23],[-12,-12],[-6,-4],[-50,-56],[-81,-30],[-17,-6],[-24,-13],[-6,-4],[-24,-20],[-16,-21],[-14,-22],[-32,-21],[-17,-8],[-14,-10],[-10,-6],[-32,-9],[-72,2]],[[34506,13854],[22,38],[49,21],[66,65],[62,98],[-22,96],[-56,39],[-61,-8],[-77,31],[-20,34],[-63,60],[-21,94],[-126,109]],[[34259,14531],[56,31],[-25,105],[47,43],[-20,60],[-2,65],[18,51],[-16,39],[16,55],[-13,68],[-37,83],[45,46],[-15,76],[21,43],[45,17],[9,29],[-5,132],[36,88],[-48,56],[-69,21],[-68,-11],[-9,-38],[16,-122],[-13,-47],[-33,-40],[-47,-24]],[[34148,15357],[-10,120],[-52,90],[2,104],[24,130],[-9,78],[-45,66],[-25,62],[-84,72],[-10,49],[-27,29],[-31,94],[16,59],[-18,53],[9,32],[-12,60],[27,50],[-71,162],[-37,47],[-88,57],[-55,50],[-54,21],[-34,51],[-58,59],[-33,16],[-23,48],[-31,19],[-5,50]],[[33414,17085],[34,71],[55,67],[39,27],[13,58],[106,100],[72,39],[26,35],[84,81],[46,94],[40,9],[34,61],[65,39],[69,76],[28,59],[-30,72],[9,39],[46,38],[61,130],[75,125],[40,45],[33,67],[54,70],[37,-4],[28,52],[53,-10],[42,36],[70,32],[36,42],[6,31],[47,91],[114,73],[23,32],[68,14],[32,-17],[51,25],[45,-7],[6,43],[31,-1],[56,43],[-9,40],[10,55],[-22,29],[20,26],[-29,44],[29,35],[-13,27],[46,36],[-14,44],[76,59],[15,64],[52,15],[41,53],[34,18]],[[33414,17085],[-63,63],[-87,44],[-140,84],[-11,63],[-63,58],[3,25]],[[33053,17422],[44,55],[-4,102],[12,50],[76,154],[-18,75],[66,31],[18,27],[-12,46],[-43,68],[0,35],[35,48],[0,51],[-38,74],[-43,55],[-49,36],[-70,-52],[-84,-20],[-24,-42],[-69,-40],[-92,-12],[-42,-41],[-68,-27],[-142,-13],[-39,22],[-60,57],[-48,72],[-7,53],[-49,62],[-45,76],[-18,95],[1,89],[-37,97],[-13,65],[-48,87],[-68,145],[-2,76],[-25,95],[2,29]],[[39658,23531],[18,-119],[63,9],[5,-220],[85,-18],[90,-102],[103,-27],[-14,-50],[51,-14],[-17,-64],[46,-17],[68,-47],[67,-32],[21,-27],[65,-34],[40,2],[62,-31],[92,-95],[7,-143],[8,-32],[63,-59],[81,-57],[-75,-59],[-10,-26],[-54,-18],[-18,-48],[-91,-23],[-87,-55],[-30,-55],[-82,-72],[8,-59],[-58,-36],[-56,36],[-9,-48],[-99,-45],[-18,-47],[-49,2],[-105,-84],[-79,-20],[-12,-70],[-52,-79],[-69,-76],[-144,-129]],[[39473,21343],[63,292],[-36,175],[-210,260],[16,44],[-63,72],[-62,137],[-4,82],[-25,61],[-61,18],[-88,43],[-64,81],[-78,54],[-103,-23],[-106,42],[-78,2],[-33,18],[-36,75],[23,48]],[[38528,22824],[162,128],[344,255],[169,102],[455,222]],[[38528,22824],[14,26],[-30,52],[3,79],[-42,108],[-33,60],[-98,106]],[[38342,23255],[23,38],[-24,68],[-5,69],[-16,36],[15,62],[-11,37],[52,37],[32,91],[19,26],[47,140],[47,105],[-2,51]],[[38519,24015],[39,3],[131,-45],[37,-44],[49,-14],[77,7],[48,-17],[27,-34],[27,-70],[34,-43],[26,52],[52,39],[73,9],[30,25],[19,46],[38,47],[28,95],[62,61],[54,-6],[170,27],[54,67],[24,47],[76,2],[16,18],[32,99],[18,191],[75,9],[116,-53],[130,-114],[205,-140]],[[40286,24279],[-114,-97],[-7,-63],[-71,-73],[13,-87],[75,-74],[-2,-88],[22,-40],[62,-45],[90,-14],[0,55],[44,-11],[41,20],[0,79],[54,-14],[4,-26],[-38,-71]],[[40459,23730],[-100,-56],[-73,-26],[-178,26],[-62,-3],[-175,-45],[-92,-32],[-121,-63]],[[40459,23730],[29,-12],[-7,-43],[46,-38],[11,-38],[34,-42],[-1,-42],[26,-105],[60,-3],[56,-34],[32,-60],[-18,-29],[-24,-80],[30,-8],[19,-70],[27,-40],[-7,-82],[39,-43],[72,-20],[42,18],[21,-57],[31,-26],[9,-43],[99,22],[50,-24],[36,14],[39,-36],[39,-62],[27,7],[5,-63],[-58,-55],[36,-55],[-45,-25],[-24,-54],[11,-84],[23,-37],[75,-75],[20,23],[68,17],[33,33],[19,-42],[63,20],[55,-10],[-13,-46],[63,-13],[87,33],[89,-1],[86,-44]],[[41869,22276],[44,-121],[20,-155],[-34,-133],[13,-58],[-48,-58],[-106,7],[-212,-29],[3,-43],[-28,-77],[-81,-115],[2,-64],[-11,-61],[-57,-103],[-96,-84],[-8,-20],[-92,-79],[-25,-46],[-30,-15],[-96,-138],[-79,-5],[-104,-56],[-161,64],[-122,-9],[-15,-44],[-77,-66],[-8,-54],[-24,-23],[147,-117],[31,-42],[79,-66],[20,-31],[67,-66],[45,-26],[-8,-54],[-60,-37],[-16,-46],[-5,-67],[-35,-25],[-88,0],[-33,-12],[-60,-106],[-42,-53],[-155,-41],[-63,3],[-35,42],[-49,190],[-65,86],[-90,-11],[27,109],[-73,133],[-72,2],[-62,18],[-63,81],[15,86],[-22,84],[-77,45],[-135,48],[-66,-36],[-31,14],[-30,52],[-15,56]],[[39418,20904],[48,263],[7,176]],[[39418,20904],[-220,141],[-102,-8],[-16,-59],[-45,9],[-26,35],[-236,-30],[-1,-79],[-76,-2],[-1,85],[-97,-12],[-120,-278],[-19,1],[-30,59],[5,41],[-90,9],[-47,26],[-40,-20]],[[38257,20822],[-49,28],[6,31],[-20,61],[-46,22],[-87,154],[-8,79],[22,3],[-2,68],[18,39],[44,25],[35,41],[10,103],[-18,13],[41,92],[-42,53],[-15,59],[-35,19],[-24,57],[-43,20],[-31,-6],[-51,45],[-22,-6],[-50,37],[-12,37],[-66,14],[-25,46],[-70,53],[-24,55],[-70,69],[8,82],[-11,35],[-63,80],[-39,24],[-60,64],[-14,46],[-79,57],[-65,-17],[-63,1],[-36,19],[-41,89],[-1,51],[68,70]],[[37227,22734],[106,45],[33,36],[-16,30],[19,32],[47,30],[-16,70],[38,5],[49,82],[60,-2],[24,34],[2,39],[64,0],[18,-34],[-36,-15],[7,-39],[55,39],[56,-21],[51,46],[31,59],[40,35],[56,10],[25,-23],[-37,-51],[71,-25],[80,38],[57,-25],[41,9],[31,-52],[32,42],[-20,53],[35,14],[1,-61],[92,44],[-23,31],[-5,49],[47,-3]],[[36662,22877],[25,40],[66,35],[60,-26],[39,-2],[24,-34],[43,-17],[24,15],[17,52],[77,-37],[32,-49],[31,38],[33,-29],[-28,-37],[1,-47],[-29,-47],[48,-31],[102,33]],[[38257,20822],[-173,-188],[3,-85],[-46,-95],[-42,-45],[-103,-23],[-67,-180],[-36,-11],[-73,84],[-65,122],[-102,91],[-55,17],[-131,65],[-121,38],[-35,48],[-97,93],[-57,24],[0,134],[-239,74],[-491,207],[-309,29]],[[36308,26653],[87,-20],[58,-2],[90,17],[386,94],[70,-49],[188,-144],[103,-65],[19,-42],[48,-219],[11,-146],[7,-5],[47,-353],[-8,0],[26,-204],[41,-126],[46,-77],[82,-68],[185,-108],[-1,-88],[54,-23],[73,-14],[-6,-39],[30,-56],[-33,-65],[38,-71],[-6,-32],[-42,-81],[30,-48],[155,-5],[26,-52],[-11,-67],[71,-68],[1,-43],[33,-47],[-2,-40],[-42,-46],[-7,-97],[13,-29],[50,-30],[82,-8],[46,-22],[67,-65],[34,-4],[72,19]],[[40795,30925],[31,-93],[-3,-344],[38,-106],[41,-183],[-41,-118],[113,-166],[-8,-77],[-41,-24],[-75,-122],[9,-43],[-23,-30],[-11,-54],[12,-48],[-37,-109],[-42,-52],[38,-106],[-42,-90],[-30,-27],[9,-43],[-41,-92],[37,-37],[-9,-30],[47,-54],[-5,-34],[50,3],[95,-79],[59,-103],[140,-148],[14,-35],[61,-56],[19,-86],[30,-40],[-39,-69],[15,-61],[149,-117],[33,-4],[12,-40],[-16,-49],[33,-63],[4,-63],[-55,-48],[-97,-36],[-45,-32],[-13,-37],[-45,-35],[-23,-39],[-75,-32],[-30,-49],[-71,-21],[-23,-32],[-6,-59],[-19,-37],[63,-59],[63,-79],[61,-19],[75,-83],[100,-59],[245,-281],[148,68],[69,78],[88,-42],[73,21],[94,72],[49,-15],[116,28],[80,4],[78,-28],[68,-38],[50,-40],[82,-15],[38,-52],[14,-65],[-13,-77],[61,-120],[33,-22],[127,-43],[41,-30],[10,-34],[3,-92],[22,-60],[-19,-77],[28,-45],[86,59],[41,-2],[50,-58],[45,-7],[124,53],[81,44],[75,-9],[72,34],[41,40],[83,-25],[71,16],[39,-5]],[[43674,26312],[-18,-101],[-46,-90],[-215,-184],[-117,-35],[-113,-20],[-97,-4],[-99,24],[-155,59],[-155,-52],[-48,-92],[-58,-59],[-468,-127],[-84,-12],[37,-30],[-31,-50],[-45,-42],[-49,-19],[-29,-33],[-60,-13],[17,-54],[-38,-23],[-261,-201],[-42,-89],[-48,-51],[-4,-27],[-92,-17],[-64,-58],[-1,-25],[-66,-171],[21,-55],[-21,-62],[-76,-47],[-34,-79]],[[41115,24473],[-284,374],[-111,-84],[-20,-51],[-37,-3],[-55,-55],[6,-36],[-44,-56],[-95,-28],[-29,-67],[-85,-44],[-35,-54],[-4,-53],[-36,-37]],[[43674,26312],[42,-18],[46,5],[177,66],[69,-57],[96,0],[95,-87]],[[44199,26221],[490,-444],[13,-34],[19,-29],[13,-18],[28,-48],[24,-32],[17,-37],[1,-26],[44,-57],[8,-8],[46,-80],[-21,-84],[12,-31],[-3,-15],[-6,-9],[-2,-10],[0,-46],[-3,-40],[4,-12],[4,-12],[1,-3],[8,-20],[5,-6],[8,-13],[11,-10],[1,0],[1,-1],[21,-10],[23,-11],[11,-20],[1,-8],[0,-16],[-27,-41],[-19,-35],[-5,-18],[19,-35],[64,-114],[-2,-18],[-5,-6],[-4,-4],[-25,-8],[-56,-4],[-9,-1],[-23,-10],[-97,-53],[-95,-26],[-84,-55],[-44,-11],[-37,6],[-24,-18],[4,-46],[6,-23],[5,-28],[-6,-75],[-23,-43],[-17,-28],[-5,-11],[-4,-13],[0,-25],[5,-19],[0,-4],[0,-10],[-2,-14],[-8,-29],[-19,-32],[-7,-10],[-4,-22],[0,-6],[5,-25],[1,-77],[-12,-53],[-12,-16],[-9,-3],[-8,-1],[-8,-1],[-9,-2],[-13,-5],[-5,-2],[-14,-7],[-24,-15],[-27,-13],[-24,-24],[-10,-23],[-3,-6],[-7,-17],[-5,-21],[-17,-34],[-29,-21],[-27,3],[-27,15],[-30,19],[-11,23],[-23,47],[-4,2],[-6,2],[-3,0],[-20,-1],[-22,-11],[-37,-41],[-19,-22],[-6,-10],[-7,-13],[-3,-10],[-4,-18],[8,-36],[44,-57]],[[44003,23668],[-83,44],[-132,3],[-89,13],[-40,49],[-7,88],[-42,55],[-44,27],[-69,-2],[-91,-52],[-78,-59],[-58,38],[-58,-18],[-22,21],[-6,101],[-34,16],[-46,-41],[-55,21],[-69,5],[-18,-20],[16,-87],[-18,-40],[16,-40],[-25,-36],[-37,1],[-123,50]],[[42791,23805],[-53,108],[-108,75],[-96,51],[-59,106],[-197,-56],[-78,-39],[-179,-56],[-128,-47],[-75,-61],[-446,329],[-172,166],[-85,92]],[[42791,23805],[31,-58],[83,-85],[53,-86],[44,-97],[104,-104],[16,-113],[-14,-40],[-41,-35],[-33,-50],[-56,-23],[-26,-31],[-93,-72],[-63,-38],[-26,-34],[-7,-42],[-60,-82],[-23,-60],[-42,-203],[106,-170],[24,1],[16,-109],[-58,-40],[44,-114],[-90,-73]],[[42680,22047],[-44,18],[-26,-25],[-59,6],[-28,-16],[-24,54],[-42,4],[-11,30],[-41,6],[-54,-35],[-24,43],[-70,2],[-39,67],[-83,19],[-44,33],[-34,2],[-36,29],[-34,-37],[-62,-13],[11,38],[-67,4]],[[42680,22047],[46,-35],[49,10],[33,-68],[54,-19],[93,21],[71,-29],[45,-66],[9,-55],[43,-24],[4,-51],[49,-20],[35,-39],[76,0],[48,-27],[1,-34],[37,-34],[40,-108],[77,-79],[33,-48],[34,-196],[36,-55],[-10,-27],[14,-64],[-28,-132],[-69,-65],[-1,-91],[16,-69],[-11,-56],[3,-54],[24,-37],[-60,-149],[12,-34],[41,-10],[-21,-56],[36,-63],[0,-38],[27,-20],[9,-70],[-2,-83],[43,-33],[-7,-44]],[[43609,19896],[2,-28],[0,-24],[0,0],[-3,-6],[-4,-4],[-4,0],[-1,-107],[-8,-4],[0,-28],[-4,-3],[-19,-3],[-5,-7],[0,-17],[1,-6],[2,-10],[13,-28],[2,-28],[3,-27],[-2,-18],[2,-39],[10,-14],[-4,-10],[-17,-24],[1,-1],[2,-6],[1,-7],[-12,-11],[-8,-4],[-1,-2],[0,-16],[-6,-8],[-8,-10],[-38,-62],[-1,-39],[-26,-34],[-1,0],[-5,-4],[-5,-8],[-2,-17],[-8,-12],[-65,-34],[6,-16]],[[43397,19170],[-30,-36],[-56,-16],[13,-46],[-9,-70],[-32,-21],[37,-71],[-20,-44],[-40,-9],[-70,16],[-49,27],[-49,-21],[4,-63],[-17,-41],[-48,-48],[-44,-62],[-41,-86],[-38,30],[-65,-16],[-60,9],[-117,52],[-70,-42],[26,-41],[41,-104],[9,-113],[-4,-49],[-39,-109],[-50,-72],[-44,-43],[-139,-75],[-86,-16],[1,-37],[-27,-69],[-83,-32],[-16,-46],[7,-66],[-51,-11],[-103,-53],[-109,-66],[-53,3],[2,-66],[-30,-20],[-111,24],[-72,33],[-53,64],[-81,52],[-49,49],[-41,-9],[-74,-96],[-54,-20],[-35,-62],[-131,-2],[-60,68],[-115,30],[-48,-84],[24,-39],[25,-83],[52,-15],[50,30],[52,-22],[-2,-58],[40,-35],[21,-43],[39,-8],[66,31],[87,-81],[36,-56],[34,-7],[5,-92],[33,0],[18,-44],[-25,-31],[8,-33],[48,-34],[25,2],[5,-58],[-17,-112],[28,-23],[-22,-49],[1,-51],[-39,-31],[-2,-45],[-88,-51],[-35,-66],[0,-48],[24,-65],[3,-58],[-25,-47],[-100,51],[-72,-13],[-73,80],[-120,-47],[-85,76],[-57,-3],[-70,101],[-36,29],[-25,48],[-43,-28],[-40,2],[-26,-22],[-74,21],[-56,-27],[-61,-81],[-33,21],[-93,11],[-32,35],[-8,61],[-31,55],[-77,-33],[-36,17],[-19,-40],[-114,-27],[-71,20],[-27,-38],[-103,-17],[-68,51],[-68,-19],[-75,6],[-16,-94],[-57,14],[-53,-11],[-63,133],[-20,9],[-39,-49],[-35,-67],[-33,21],[-8,41],[-50,40],[-53,-15],[-55,-97],[13,-52],[-75,37],[-15,-25],[-41,6],[-142,-77],[-36,-59],[-41,18],[-37,43],[-63,-2],[-29,-37],[-111,-32],[-30,42],[-105,84],[-72,-36],[-31,-91],[-53,-63],[-10,-39],[-75,-81],[-16,-125],[7,-54],[-44,-19],[-39,58],[-109,-9],[-65,27],[-49,-21],[-50,-78],[-14,-67],[-24,-40],[-53,-46],[-45,-20],[-73,-10],[-94,27],[-55,45],[-39,86],[-68,-47],[-51,34],[-22,-24],[-73,-29],[-59,11],[-99,-23],[-66,-63],[-37,-7],[-57,28],[-68,49],[-7,77],[-60,6],[-148,-106],[-55,-4],[-41,22],[29,96],[-31,44],[-97,-2],[-79,-55],[-39,10],[-25,41],[-48,7],[-67,-93],[-245,53]],[[43514,18620],[0,-7]],[[43514,18613],[3,-8]],[[43517,18605],[-3,8],[0,7]],[[43295,17871],[27,7],[49,69]],[[43371,17947],[-49,-69],[-27,-7]],[[43136,15028],[27,25]],[[43163,15053],[-27,-25]],[[37094,13054],[-51,-69],[-76,-65]],[[36967,12920],[76,65],[51,69]],[[36217,12773],[7,8]],[[36224,12781],[-7,-8]],[[35149,13692],[-42,24],[-35,-13]],[[35072,13703],[35,13],[42,-24]],[[43397,19170],[-14,-35],[-7,-7],[-2,-1],[-23,-8],[-4,-10],[10,-7],[0,-4],[-5,-4],[-2,-6],[9,-8],[1,-2],[0,-1],[0,0],[-7,-12],[-6,-9],[1,-9],[14,8],[10,9],[2,1],[4,0],[4,-3],[1,-2],[-15,-28],[0,-1],[-10,-14],[-2,-8],[-4,-20],[31,-44],[22,-63],[14,-24],[21,-22],[2,-14],[-14,-22],[3,-14],[1,-3],[5,-6],[16,-25],[9,-23],[11,-26],[19,-17],[10,-7],[3,-2],[12,-19],[0,-15]],[[43517,18643],[-3,-16],[0,-7]],[[43517,18605],[34,-23],[2,-1],[1,-3],[-4,-21],[-1,-5],[1,-17],[7,-9],[7,-2],[10,-11],[4,-13],[0,-9],[-2,-21],[9,-17],[12,-27],[0,-13],[-15,-37],[-4,-24],[-5,-38],[-36,-14],[-20,-12],[-12,-23],[-1,-15],[14,-25],[-12,-23],[-1,-11],[1,-26],[-17,-11],[-7,-4],[-6,-11],[-6,-18],[-2,-9],[0,-9],[4,-35],[-2,-29],[-5,-14],[-17,-27],[-15,-8],[-62,-43]],[[43295,17871],[-25,-16],[-10,-10],[-9,-5],[-18,-2],[-6,-6],[-4,-35],[-2,-7],[-17,-24],[2,-22],[4,-5],[20,-10],[6,-14],[1,-8],[-5,-7],[-3,-7],[-1,-5],[3,-7],[8,-13],[-8,-15],[13,-17],[5,-2],[0,-4],[1,-1],[-7,-10],[-5,-6],[-2,-3],[5,-16],[6,-12],[-15,-12],[-11,-5],[-3,-4],[-1,-5],[29,-44],[3,-22],[-12,-26],[-55,-26],[-5,-5],[-13,-9],[-4,1],[-13,6],[-3,0],[-13,-17],[4,-9],[0,-9],[-11,-9],[-42,-70],[-47,-48],[-2,-18],[11,-4],[34,-8],[18,-17],[13,-32],[9,-4],[24,-6],[11,0],[27,26],[17,-5],[7,-3],[85,-11],[0,0],[5,2],[79,53],[32,10],[13,1],[16,1],[23,12],[16,-1],[3,3],[12,14],[19,4],[5,-1],[0,0],[6,0],[13,6],[9,-3],[9,-15],[11,-2],[4,4],[6,0],[2,-1],[15,-13],[10,-2],[5,3],[26,21],[42,5],[20,7],[5,1],[1,0],[23,20],[37,12],[1,0],[42,-7],[30,-12],[9,-13],[1,-15],[0,-9],[4,-10],[11,-13],[3,-18],[4,-12],[8,-10],[-6,-15],[-4,-10],[5,-12],[10,-17],[1,-21],[-8,-20],[-6,-24],[12,-25],[-15,-86],[20,-51],[-3,-9],[-1,-2],[-14,-20],[-21,-30],[-1,-13],[9,-22],[13,-33],[1,-3],[-7,-11],[-4,-11],[11,-10],[2,-1],[-6,-15],[-10,-18],[1,-9],[17,-12],[-5,-15],[-5,-29],[1,-1],[-3,-5],[-11,-6],[-16,-8],[-2,-6],[14,-13],[2,-6],[-11,-11],[-16,-20],[8,-14],[14,-32],[-14,-26],[-25,-7],[-10,-5],[-1,-6],[3,-10],[-4,-35],[0,-15],[-9,-19],[-18,-8],[-2,-2],[-3,-10],[-10,-32],[-18,-2],[-20,-27],[1,-12],[-18,-20],[-3,-16],[6,-19],[0,-1],[-18,-26],[-6,-15],[0,-8],[4,-11],[-5,-4],[-10,1],[-6,-3],[-2,-4],[11,-10],[4,-2],[-11,-18],[-16,-14],[-16,-49],[-19,-42],[-14,-11],[-13,-8],[-6,-10],[-7,-49],[-2,-32],[2,-12],[-45,-71],[-11,-30],[-10,-18],[-3,-3],[-2,-1],[-19,-25],[-2,-23],[-15,-52],[-2,-8],[-14,-84],[-3,-14],[-13,-27],[-19,-25],[-40,-52],[-45,-61],[-52,-77],[-59,-104],[-8,-38],[5,-14],[6,-33],[-4,-45],[-17,-54],[-25,-32]],[[43136,15028],[-11,22],[-99,92],[-8,10],[5,44],[22,48],[2,11],[0,6],[-2,17],[-5,10],[-29,33],[-8,5],[-16,7],[-32,1],[-17,-4],[-5,-2],[-14,-8],[-7,-6],[-30,-41],[-12,-21],[-11,-28],[-18,-50],[-4,-6],[-4,-5],[-16,-9],[-14,-3],[-1,0],[-17,6],[-17,10],[-11,5],[-8,4],[-19,2],[-5,-1],[-5,-3],[-15,-20],[-13,-37],[-6,-11],[-51,-50],[-16,-7],[-19,-1],[-12,1],[-27,6],[-18,11],[-38,61],[-46,9],[-13,-3],[-17,-6],[-7,-3],[-4,-2],[-13,-9],[-16,-19],[-25,-28],[-62,-53],[-2,-1],[-2,-1],[-13,-1],[-1,0],[-7,2],[-19,24],[-8,24],[1,24],[8,17],[21,36],[11,39],[-4,4],[-9,3],[-12,-3],[-29,-16],[-11,0],[-7,4],[-31,42],[-14,36],[-2,2],[-6,3],[-18,5],[-4,-3],[-2,-2],[-7,-13],[-29,-133],[-3,-7],[-6,-14],[-28,-41],[-18,-22],[-5,-13],[-22,-76],[-5,-5],[-2,-2],[-4,-3],[-60,-51],[-1,-10],[6,-37],[-4,-29],[-5,-18],[-2,-6],[-4,-11],[-3,-4],[-11,-9],[-21,-11],[-40,4],[-59,8],[-39,4],[-8,0],[-8,-1],[-3,-1],[-9,-12],[-3,-12],[-10,-20],[-25,-23],[-35,-1],[-24,13],[-29,7],[-7,-2],[-29,-10],[-93,-26],[-50,-11],[-6,-1],[-19,-4],[-26,-12],[-84,-42],[-6,-7],[-11,-21],[-15,-56],[-12,-22],[-21,-26],[-3,-8],[-17,-31],[-5,-7],[-54,-38],[-46,-24],[-5,-3],[-10,-8],[-31,-28],[-24,-24],[-36,-26],[-10,-6],[-3,-1],[-13,3],[-5,4],[-21,21],[-19,31],[-1,17],[1,8],[2,18],[-2,29],[-4,10],[-5,5],[-7,7],[-87,28],[-23,2],[-10,-1],[-84,-32],[-18,0],[-16,-2],[-11,-6],[-41,-52],[-17,-13],[-7,-1],[-14,0],[-15,5],[-47,38],[-18,17],[-24,18],[-13,10],[-8,3],[-4,1],[-3,0],[-3,1],[-3,-1],[-5,0],[-5,-1],[-6,-2],[-6,-2],[-8,-4],[-6,-5],[-12,-10],[-25,-28],[-31,-39],[-5,-7],[-61,-54],[-5,-3],[-20,-6],[-14,4],[-12,3],[-30,12],[-6,-1],[-19,-11],[-5,-14],[3,-11],[2,-14],[1,-7],[4,-14],[9,-27],[-7,-21],[-4,-6],[-46,-39],[-9,-76],[-2,-74],[-2,-61],[-2,-45],[-1,-7],[-6,-8],[-6,-4],[-23,-5],[-2,0],[-21,6],[-32,11],[-52,19],[-36,21],[-17,6],[-40,3],[-75,-13],[-24,-15],[-34,-29],[-38,-34],[-17,-17],[-19,-23],[-16,-90],[-16,-59],[-18,-21],[-41,-57],[-23,-33],[-12,-11],[-11,-8],[-15,-6],[-22,-6],[-7,-1],[-5,0],[-8,1],[-24,10],[-14,13],[-7,9],[-32,28],[-18,1],[-10,-3],[-40,-14],[-17,-1],[-3,0],[-31,18],[-13,15],[-20,34],[-2,3],[-16,7],[-12,2],[-1,0],[-41,-1],[-24,10],[-44,-3],[-66,-19],[-66,-2],[-20,10],[-20,31],[9,23],[0,26],[-8,33],[1,7],[13,43],[6,32],[1,11],[0,13],[-27,102],[-13,33],[-34,42],[-64,24],[-2,0],[-8,-2],[-8,-3],[-66,-34],[-39,-21],[-14,-6],[-16,-9],[-10,-7],[-23,-24],[-6,-3],[-10,-4],[-32,-5],[-13,1],[-86,53],[-31,16],[-10,4],[-8,6],[-13,10],[-18,21],[-14,30],[-2,4],[-14,11],[-9,3],[-2,0],[-9,-1],[-35,-7],[-10,-1],[-32,3],[-4,17],[0,12],[-1,11],[-7,29],[-9,27],[-5,12],[-6,11],[-3,4],[-10,9],[-44,20],[-30,4],[-19,-1],[-9,-3],[-10,-2],[-20,-5],[-87,-18],[-1,0],[-87,10],[-21,-3],[-32,14],[-23,28],[-20,17],[-57,24],[-29,-6],[-10,-5],[-43,-50],[-21,-46],[-4,-8],[-35,-63],[-9,-71],[-12,-8],[-31,-5],[-33,-16],[-42,-42],[-3,-3],[-5,-7],[-9,-23],[-1,-8],[1,-17],[-2,-37],[-4,-12],[-7,-11],[-15,-13],[-6,-3],[-4,-1],[-1,0],[-12,2],[-28,-6],[-7,-4],[-6,-6],[-2,-4],[-2,-8],[-1,-6],[1,-13],[1,-9],[2,-17],[2,-13],[5,-43],[2,-23],[5,-29],[2,-12],[4,-9],[4,-5],[6,-10],[13,-24],[4,-12],[1,-6],[0,-4],[-3,-25],[-6,-19],[-5,-8],[-12,-18],[-9,-14],[-2,-7],[-2,-15],[-2,-9],[-24,-29],[-5,-15],[-9,-38],[-4,-8],[-10,-12],[-36,-22],[-9,-8],[-38,-23],[-18,-7],[-33,-18],[-31,-15],[-64,-17],[-16,-3],[-17,-39],[3,-10],[20,-37],[1,-43],[-24,-43]],[[36967,12920],[-6,-7],[-23,-27],[-14,-5],[-11,4],[-5,2],[-35,14],[-26,9],[-7,-1],[-35,-13],[-17,-9],[-16,-3],[-17,2],[-16,5],[-9,7],[-12,16],[-178,53],[-66,-20],[-65,11],[-5,-3],[-9,-6],[-6,-10],[-4,-10],[-6,-32],[-7,-16],[-8,-7],[-31,-16],[-20,-15],[-89,-62]],[[36217,12773],[-26,25],[-31,18],[-90,54],[-46,37],[-11,15],[-5,13],[-3,9],[-1,10],[12,27],[3,17],[-5,21],[-45,26],[-21,18],[-10,16],[-1,9],[0,27],[4,34],[3,33],[0,5],[-19,103],[-39,63],[-52,75],[-16,11],[-31,10],[-55,60],[-23,32],[-10,7],[-4,3],[-2,1],[-55,36],[-16,20],[-7,21],[-23,40],[-49,22],[-14,-1],[-35,-9],[-26,-22],[-25,-34],[-9,-22],[-4,-15],[-14,-5],[-3,0],[-16,4],[-44,4],[-13,-3],[-12,-5],[-17,-9],[-55,12],[-5,8],[-10,19],[-9,13],[-23,28],[-17,13],[-43,25]],[[35072,13703],[-13,-5],[-33,-4],[-45,29],[-23,7],[-56,0],[-10,3],[-28,43],[-9,13],[-14,23],[-18,8],[-33,7],[-36,28],[-20,-7],[-43,-14],[-41,0],[-22,-6],[-20,-6],[-25,-8],[-6,2],[-65,29],[-6,9]],[[44003,23668],[1,-5],[-26,-56],[-2,-4],[0,-18],[6,-9],[17,-16],[16,-9],[30,-14],[15,-8],[19,-40],[1,-39],[1,-21],[21,-44],[5,-4],[49,-23],[35,-10],[14,-4],[15,-11],[3,-5],[2,-5],[1,-17],[-4,-11],[-2,-8],[-7,-35],[-10,-18],[-15,-7],[-36,-4],[-9,-7],[-6,-8],[-4,-10],[-3,-9],[-1,-8],[-4,-21],[-31,-32],[-26,-11],[-8,-8],[-4,-48],[5,-24],[9,-42],[2,-14],[-2,-26],[-4,-14],[-21,-28],[-7,-12],[4,-28],[3,-7],[18,-27],[15,-15],[18,-11],[13,-8],[66,-29],[29,-31],[43,-37],[12,-2],[26,3],[3,0],[20,-1],[21,-5],[48,-36],[16,-11],[15,-5],[3,-1],[31,-7],[108,-40],[84,-5],[79,-51],[8,-3],[31,-5],[20,-4],[39,-26],[35,19],[16,7],[62,6],[30,12],[15,28],[4,14],[14,23],[10,10],[36,19],[36,5],[21,-1],[36,-2],[11,0],[48,7],[116,12],[7,1],[40,-4],[27,-2],[23,5],[18,9],[11,11],[8,17],[9,32],[50,40],[10,7],[30,40],[59,63],[20,25],[14,24],[7,24],[-12,65],[-12,68],[3,15],[9,16],[11,19],[34,70],[19,12],[34,-2],[8,-4],[13,-3],[7,-1],[9,0],[28,4],[30,-3],[49,-36],[3,-1],[14,0],[3,-1],[15,-3],[14,-8],[15,-13],[5,-11],[9,-38],[10,-9],[14,-9],[12,-10],[5,-7],[7,-35],[1,-9],[5,-7],[3,-1],[2,-1],[5,1],[13,4],[11,9],[9,9],[18,6],[35,-16],[37,-49],[23,-2],[41,5],[5,3],[10,7],[91,80],[16,11],[10,-1],[22,-17],[42,-14],[29,-4],[19,-2],[12,1],[48,14],[22,32],[7,21],[3,8],[21,-7],[7,-6],[19,-15],[10,-4],[12,2],[11,3],[15,4],[26,10],[15,5],[65,6],[6,-1],[6,1],[22,2],[9,8],[1,7],[7,63],[18,31],[26,27],[58,30],[19,15],[55,58],[37,27],[38,37]],[[47032,23426],[31,57],[31,22]],[[47094,23505],[17,-1],[12,-5],[23,-16],[16,-11],[9,-7],[36,-39],[9,0],[77,42],[15,2]],[[47308,23470],[64,-42],[31,-65],[136,-49],[44,-31],[13,-33],[-18,-103],[48,-52],[80,-24],[52,2],[-28,-70],[21,-80],[-61,-33],[-45,-67],[-48,-35],[-62,-67],[-71,0],[79,-57],[140,-70],[110,-43],[89,9],[86,61],[124,36],[50,-2],[66,19],[71,-72],[-27,-60],[19,-42],[58,6],[56,-35],[3,-35],[-25,-30],[-82,-25],[-29,-42],[-6,-38],[29,-72],[95,-127],[28,-51],[0,-981]],[[48398,21070],[-41,0],[-44,-23],[-26,21],[-66,13],[-30,-17],[-84,-15],[1,-327],[38,-64],[-3,-88],[-53,-163],[-125,-35],[-151,-57],[-70,-45],[-73,-80],[-88,-62],[-58,-7],[-56,56],[-33,61],[-90,26],[-60,45],[-38,43],[-26,-17],[-74,4],[-63,-13],[-63,50],[-39,49],[-8,124],[-42,-31],[6,-70],[-37,21],[16,-180],[0,-69],[-56,-72],[-10,-36],[-50,-2],[-31,42],[-53,30],[-19,-52],[17,-73],[-49,-38],[-1,-23],[-156,-114],[-225,-174],[-384,-171],[-811,-376],[7,71],[-9,119],[-14,31],[-1,91],[-20,69],[4,46],[29,109],[-25,79],[-83,142],[-10,37],[5,62],[-109,32],[-112,-21],[-71,-36],[-127,-51],[-22,61],[-73,-32],[-64,-12],[-36,-33],[-37,-3],[-49,29],[-87,1],[-61,36],[-28,-11],[-82,32],[-64,-24],[-57,-78],[-68,-63],[-75,20],[-15,-33],[-43,-30],[-9,46],[-34,38],[-41,11]],[[43517,18643],[-3,-16],[0,-14]],[[50095,17668],[37,43],[-63,26]],[[50069,17737],[54,-7],[9,-19],[-37,-43]],[[49908,17683],[-56,-28],[-39,-48]],[[49813,17607],[6,21],[33,27],[56,28]],[[49855,18442],[1,65],[-57,13]],[[49799,18520],[57,-13],[-1,-65]],[[49813,19864],[-37,-156],[-21,-42]],[[49755,19666],[21,42],[37,156]],[[49784,20276],[-18,72],[-47,107],[-88,133],[-76,87],[-140,93]],[[49415,20768],[140,-93],[76,-87],[88,-133],[47,-107],[18,-72]],[[49753,19664],[-32,-49],[-91,-93],[-39,-30]],[[49591,19492],[39,30],[91,93],[32,49]],[[49615,18262],[96,-4],[36,27]],[[49747,18285],[-36,-27],[-96,4]],[[49711,18698],[3,-28],[-31,-78]],[[49683,18592],[31,78],[-3,28]],[[49589,18593],[-43,-6],[-56,25]],[[49490,18612],[56,-25],[43,6]],[[49448,17847],[29,-26],[63,-11]],[[49540,17810],[-63,11],[-29,26]],[[49453,19380],[-17,-11],[-260,-233],[-27,-36]],[[49149,19100],[27,36],[260,233],[17,11]],[[49230,20854],[109,-44]],[[49339,20810],[20,-9]],[[49359,20801],[-129,53]],[[49097,18590],[18,-13],[85,47]],[[49200,18624],[-85,-47],[-18,13]],[[48615,18660],[18,-14],[151,-30]],[[48784,18616],[-151,30],[-18,14]],[[48398,21070],[0,0],[1,-98],[0,-74],[25,-9],[51,-3],[38,12],[195,14],[41,0],[254,-20],[34,3],[34,1],[120,-26],[39,-16]],[[49359,20801],[56,-33]],[[49784,20276],[28,-118],[10,-81]],[[49822,20077],[5,-102],[-14,-111]],[[49755,19666],[-2,-2]],[[49591,19492],[-138,-112]],[[49149,19100],[-57,-66],[-53,-46],[-25,-25],[-10,-15],[-12,-14],[-52,-51],[-42,-22],[-8,-3]],[[48890,18858],[-43,-55],[-52,-39]],[[48795,18764],[-7,-4]],[[48788,18760],[-48,-26],[-68,-57],[-38,16]],[[48634,18693],[-1,0],[-21,-23],[-1,-1],[4,-9]],[[48784,18616],[50,-2],[77,27]],[[48911,18641],[110,9],[37,4],[21,-3],[15,-35],[-1,-6],[4,-20]],[[49200,18624],[57,19],[100,50],[48,31],[20,-2],[17,-20],[39,-54],[9,-36]],[[49589,18593],[4,3],[28,32],[28,36],[28,38],[10,5],[9,1],[15,-10]],[[49683,18592],[22,-25],[50,-30],[44,-17]],[[49855,18442],[-14,-26],[-32,-14],[-91,-43],[-29,-25],[-2,-7],[13,-18],[47,-24]],[[49615,18262],[-45,4],[-24,-39],[-18,-65],[-5,-17],[12,-36],[6,-4],[67,-25],[43,-14],[0,-10],[-20,-35],[9,-17],[26,-37],[-1,-9],[7,-7],[4,-1],[32,-3],[-1,-47],[-5,-7]],[[49702,17893],[-63,-9],[-73,37],[-98,9],[-16,-12]],[[49452,17918],[-9,-22],[5,-49]],[[49540,17810],[13,-12],[1,-1],[3,-13],[-23,-67],[-22,-26],[-35,-42],[-3,-14],[10,-14],[22,-6],[64,10],[46,-35],[6,-46],[11,-10],[2,-2]],[[49635,17532],[79,36],[15,-7]],[[49729,17561],[5,-2],[5,-15],[4,-10],[14,36],[10,25],[3,-1],[11,-26],[7,-8],[20,6],[5,41]],[[49908,17683],[11,1],[84,-1],[28,36],[-47,11],[-1,4],[-1,1],[14,10],[1,0],[72,-8]],[[50095,17668],[1,-29],[36,-8],[3,-1],[8,4],[36,-10],[0,-8],[-12,-21],[-17,-17],[-2,-27],[2,-12],[13,-117],[-2,-14],[3,-34],[0,0],[28,1],[20,4],[18,-19],[15,-2],[5,-2],[15,-18],[13,-7],[1,0],[27,3],[3,-1],[25,-62]],[[50334,17271],[10,-8]],[[50344,17263],[7,-25],[0,-13],[-12,-15],[-38,-21],[-11,-30],[-1,-9],[0,-8],[17,-56],[8,-32],[2,-25],[-2,-13],[-8,-23],[-27,-37],[-5,-34],[-4,-99],[0,-5],[-27,-37],[-97,-59],[-87,-39],[-24,-16],[-1,-69],[36,-50],[10,-52],[37,-43],[81,-40],[17,-38],[-7,-25],[-20,-17],[-21,-13],[-20,-8],[-33,7],[-16,-1],[-65,-33],[-51,-127],[-35,-50],[-37,-38],[-50,-22],[-10,1],[-49,-63],[-40,-51],[-107,-75],[-41,-30],[-30,-19],[-14,-7],[-8,-1],[-13,5],[-6,5],[-5,5],[-51,-19],[-22,-6],[-19,-2],[-37,4],[-9,9],[-8,17],[-21,31],[-10,4],[-13,-1],[-15,-8],[-19,-15],[-21,-12],[-13,-5],[-9,-3],[-13,-1],[-38,6],[-2,0],[-88,-26],[-49,-16],[-30,-11],[-24,-8],[-8,-1],[-17,3],[-24,21],[11,37],[4,26],[-1,4],[-9,11],[-7,5],[-9,4],[-18,4],[-29,-9],[-81,-37],[-29,-5],[-46,16],[-1,30],[16,36],[6,62],[2,6],[53,45],[23,16],[6,12],[-3,14],[-30,42],[-17,3],[-6,1],[-2,0],[-24,-8],[-9,-9],[-22,-12],[-25,-8],[-45,2],[-60,-6],[-150,-61],[-30,-10],[-48,-12],[-75,6],[-56,-8],[-13,3],[-25,14],[-10,16],[-7,16],[-4,28],[-20,19],[-33,10],[-84,17],[-16,2],[-45,-1],[-22,-3],[-78,-75],[-66,-19],[-127,-58],[-32,-5],[-91,-65],[-45,-46],[-48,-58],[-58,-37],[-4,-11],[-36,-94],[-5,-8],[-47,-24],[-5,1],[-47,37],[-13,9],[-32,6],[-2,0],[-51,-3],[-77,-28],[-51,-30],[-7,-4],[-13,-8],[-16,-11],[-31,-23],[-50,-29],[-23,-11],[-88,-25],[-14,-1],[-61,-4],[-27,-6],[-4,-2],[-9,-5],[-33,-31],[-33,-40],[-11,-6],[-100,-57],[-74,-64],[-5,-8],[-19,-29],[-17,-15],[-29,-12],[-16,-5],[-49,-13],[-57,-14],[-9,0],[-74,18],[-26,-2],[-48,-4],[-2,1],[-70,-22],[-5,-16],[-3,-34],[-3,-12],[-3,-6],[-11,-16],[-42,-34],[-24,-14],[-55,-28],[-49,-23],[-35,-10],[-45,-13],[-157,-11],[-19,2],[-30,5],[-102,29],[-38,2],[-29,-1],[-5,0],[-31,1],[-10,2],[-24,5],[-39,12],[-70,25],[-116,43],[-66,29],[-74,34],[-8,4],[-50,8],[-29,4],[-47,-9],[-7,-4],[-15,-17],[-11,-20],[-8,-18],[-22,-37],[-59,-38],[-35,-15],[-38,-25],[-45,-32],[-45,-37],[-55,-76],[1,-11],[10,-10],[19,-32],[0,-14],[-2,-12],[-8,-20],[-20,-27],[0,0],[-26,-42],[-15,-36],[-54,-38],[-34,-9],[-55,-18],[-25,-11],[-23,-13],[-36,-22],[-9,-4],[-27,3],[-16,4],[-6,-1],[-22,-6],[-13,-8],[-28,-23],[-44,-29],[-35,-6],[-42,-4],[-35,-10],[-40,-12],[-79,-14],[-116,-12],[-124,25],[-45,3],[-208,-30],[-19,-9],[-11,-10],[-9,-15],[-22,-30],[-63,-23],[-20,-3],[-106,-15],[-12,-2],[-2,0],[-10,2],[-13,11],[-13,37],[1,25],[-1,9],[-26,35],[-106,53],[-12,15],[-5,29],[28,28],[12,9],[57,35],[67,18],[95,-12],[66,40],[29,26],[45,66],[-5,31],[-6,4],[-15,8],[-68,7],[-47,43],[-16,18],[-15,20],[-8,15],[-2,10],[5,25],[38,51],[3,55],[-19,45]],[[47308,23470],[21,3],[20,4],[130,52],[66,39],[54,11],[14,-10],[30,-16],[5,5],[14,52],[17,45],[40,57],[14,10],[41,45],[35,80],[33,29],[19,16],[26,22],[6,13],[-6,83],[1,14],[5,16],[38,46],[23,32],[33,54],[29,15],[22,4],[45,1],[76,41],[73,47]],[[48232,24280],[139,67],[135,100]],[[48506,24447],[26,-68],[31,-9],[82,12],[160,-57],[124,-20],[55,-1],[69,125],[35,51],[43,28],[51,4],[140,30],[65,25],[58,-31],[40,-44],[131,-48],[109,5],[33,-21],[17,-43],[55,-23],[103,11],[62,-42],[93,-21],[91,-89],[46,-113],[24,-20],[60,0],[59,27],[32,-6],[60,-59],[29,-5],[116,39],[42,22],[126,6],[56,21],[37,53],[24,126],[80,83],[75,47],[78,24],[69,10],[79,-7],[45,24],[60,67],[45,99],[65,-34],[44,-51],[50,-38],[26,1],[70,103],[55,47],[74,82],[69,16],[62,-14],[43,-26],[35,10],[40,38],[62,128],[149,130],[48,20],[149,-12],[108,70],[201,24],[75,33],[78,76],[38,78],[33,91],[42,29],[114,-19],[68,40],[28,42],[40,-29],[72,-30],[50,-65],[5,-37],[-34,-79],[-1,-54],[70,-139],[26,-28],[86,-53],[72,-6],[32,-15],[51,-78],[124,-27],[50,-51],[32,-13],[161,0],[44,-23],[55,-78],[20,-66],[58,-122],[52,-143],[27,-18],[50,73],[45,36],[59,17],[187,106],[121,-4],[41,-11],[26,24],[0,41],[70,65],[45,18],[49,0],[49,-33],[65,-26],[102,2],[66,-42],[-3,-39],[19,-55],[-37,-28],[-43,-6],[-11,-27],[28,-74],[-4,-64],[28,-58],[-60,-52],[-4,-53],[-33,-84],[39,-40],[40,-12],[28,-67],[59,-3],[137,-31],[102,19],[94,7],[51,19],[126,23],[62,51],[55,-48],[54,-26],[168,-44],[64,-49],[99,2],[60,-13],[138,14],[-3,-42],[-109,-23],[-21,-56],[-47,-42],[-50,-148],[55,-40],[34,-46],[13,-83],[-46,-65],[49,2],[31,-31],[152,-43],[22,-35],[9,-60],[-16,-17],[0,-61]],[[56643,23107],[0,40],[-55,28],[-20,47],[-53,60],[-82,42],[-33,-18],[-12,-60],[-107,-45],[-240,83],[-55,-3],[-44,12],[-99,5],[-30,16],[-115,-3],[-58,9],[-264,-29],[-36,1],[-128,35],[-134,1],[-84,-25],[-92,22],[-83,-20],[-105,5],[-107,-46],[-218,-26],[-85,23],[-49,-9],[-131,-55],[-237,33],[-122,-14],[-81,-36],[-15,-49],[-83,-18],[-37,34],[-38,12],[-44,-13],[-27,-45],[75,-7],[71,-72],[-262,-200],[-140,-115],[-144,-136],[-21,20],[-113,-1],[-43,-13],[-125,-2],[-25,-13],[-34,-119],[-45,-40],[3,-35],[-84,-94],[-16,-81],[-58,-53],[-11,-37],[-30,-20],[-16,-40],[-62,-12],[-53,96],[19,33],[9,62],[-48,-22],[-35,3],[-7,-57],[-61,-138],[-63,5],[-41,47],[-67,-12],[-71,-33],[-47,-2],[-2,-53],[-61,0],[-2,67],[-31,13],[-42,-34],[-31,5],[-29,-37],[19,-28],[-50,-45],[-45,23],[-22,-22],[-70,-8],[-41,-32],[3,-68],[-13,-56],[-74,-27],[-26,-31],[-58,-12],[-32,-76],[-50,62],[-74,9],[-104,-91],[-54,33],[-25,101],[-48,-83],[-69,-6],[-16,-63],[-85,-42],[-50,11],[-58,-34],[-30,9],[16,104],[-13,43],[-39,-3],[-19,34],[21,63],[36,16],[34,-77],[29,55],[20,69],[25,16],[95,-1],[-59,62],[50,75],[-21,21],[-71,-62],[-99,-46],[-9,51],[34,73],[2,44],[-27,17],[-44,-79],[-16,-56],[-21,-125],[-39,-113],[-11,-187],[28,-167],[-16,-99],[-63,-85],[-80,-37],[-1029,-294]],[[49784,20276],[28,-118],[10,-81]],[[48890,18858],[-43,-55],[-52,-39]],[[48788,18760],[-48,-26],[-68,-57],[-13,0],[-25,16]],[[48784,18616],[50,-2],[77,27]],[[49702,17893],[-63,-9],[-73,37],[-98,9],[-16,-12]],[[49635,17532],[79,36],[15,-7]],[[50334,17271],[10,-8]],[[58875,19112],[0,-27],[38,-91],[59,-82]],[[58972,18912],[-59,82],[-38,91],[0,27]],[[58881,19144],[24,37],[-1,44]],[[58904,19225],[1,-44],[-24,-37]],[[58344,18355],[-94,-36],[-33,-29]],[[58217,18290],[33,29],[82,37],[12,-1]],[[57982,18017],[-66,-41],[-101,-46],[-57,-48]],[[57758,17882],[57,48],[101,46],[66,41]],[[57724,20143],[-32,-24],[-217,-114],[-48,-10]],[[57427,19995],[48,10],[217,114],[32,24]],[[57508,21090],[48,48],[10,69]],[[57566,21207],[-10,-69],[-48,-48]],[[57359,21334],[111,-13],[19,-10]],[[57489,21311],[-19,10],[-111,13]],[[57241,20296],[26,27],[66,22],[20,32]],[[57353,20377],[-20,-32],[-66,-22],[-26,-27]],[[57207,20792],[22,54],[78,90]],[[57307,20936],[-78,-90],[-22,-54]],[[57237,20245],[0,-10],[-20,-47],[-23,-25],[-44,-24]],[[57150,20139],[44,24],[23,25],[20,57]],[[57147,21740],[-60,-57],[-51,-27]],[[57036,21656],[51,27],[60,57]],[[57132,20130],[-51,-45],[-10,-37]],[[57071,20048],[10,37],[51,45]],[[57129,21340],[-39,48],[-37,74],[-72,89]],[[56981,21551],[72,-89],[37,-74],[39,-48]],[[56950,22465],[4,46],[24,65],[-6,72]],[[56972,22648],[6,-72],[-24,-65],[-4,-46]],[[56941,22117],[-9,-72],[23,-40]],[[56955,22005],[-23,40],[9,72]],[[52755,18146],[-16,-27],[7,-66]],[[52746,18053],[-7,66],[16,27]],[[51153,17751],[-87,-36],[-35,-2]],[[51031,17713],[35,2],[87,36]],[[50557,17371],[73,-16],[57,4]],[[50687,17359],[-57,-4],[-73,16]],[[56643,23107],[7,-54],[9,-43],[38,-44],[12,-27],[67,-65],[41,-35],[55,-39],[19,-16],[28,-29],[31,-30],[0,-1],[20,-69],[2,-7]],[[56950,22465],[1,-68],[12,-42],[-2,-51],[-24,-73],[10,-74],[-6,-40]],[[56955,22005],[7,-12],[49,-10],[7,-5],[59,-60],[15,-13],[2,-22],[4,-20],[30,-34],[31,-61],[-12,-28]],[[57036,21656],[-19,-10],[-46,-32],[10,-63]],[[57129,21340],[59,-31],[37,10],[25,12],[109,3]],[[57489,21311],[55,-50],[22,-54]],[[57508,21090],[-100,-22],[-59,-54],[-42,-78]],[[57207,20792],[-8,-35],[6,-23],[49,-33],[70,-6],[89,18],[11,-1],[32,-36],[2,-15],[-6,-159],[1,-14],[-1,-40],[-32,-40],[-17,-6],[-36,-15],[-14,-10]],[[57241,20296],[-4,-51]],[[57150,20139],[-18,-9]],[[57071,20048],[79,-65],[78,-11],[3,0],[61,14],[135,9]],[[57724,20143],[5,6],[50,55],[1,0],[54,13],[12,0],[88,-52],[2,-8],[12,-56],[-7,-36],[-25,-55],[0,-92],[31,-49],[105,-47],[102,-48],[30,-4],[77,50],[20,4],[-6,26],[-9,21],[3,5],[34,13],[6,1],[23,19],[161,134],[57,33],[32,-42],[83,-68],[-1,-26],[0,-51],[27,-53],[22,-70],[-27,-40],[-38,-17],[-1,-1],[13,-60],[55,-89],[1,-26],[6,-20],[46,-46],[23,-76],[25,-32],[50,-43],[3,-7],[5,-11],[0,0],[30,-73]],[[58881,19144],[-6,-32]],[[58972,18912],[10,-46],[8,-20],[-16,-36],[-46,-27],[-121,-59],[-33,-24],[-57,-73],[-50,-61],[-8,-8],[-14,-49],[-3,-22],[-8,-13],[-11,-16],[-65,-65],[-36,-66],[-18,-71],[-6,-9],[-57,-24],[-52,1],[-38,57],[-7,74]],[[58217,18290],[-129,-122],[-33,-42],[-27,-49],[-3,-8],[-43,-52]],[[57758,17882],[-22,-45],[-16,-39],[-12,-17],[-3,-2],[-49,-21],[-64,2],[-114,-12],[-25,-56],[-41,-81],[-57,-77],[-11,-20],[-39,-34],[-11,-77],[-67,-80],[-22,-29],[-39,-45],[-77,-6],[-47,1],[-44,-15],[-152,-91],[-37,15],[-59,-25],[-83,-15],[-176,7],[-19,2],[-1,0],[-62,-2],[-60,16],[-1,0],[-34,-14],[-16,-60],[-28,-63],[-8,-11],[-54,-20],[-24,-5],[-31,-17],[-18,-26],[-18,-47],[-30,-64],[-3,-5],[-3,-2],[-36,-18],[-16,3],[-31,-1],[-8,-13],[-5,-12],[0,0],[-18,-11],[-23,-11],[-13,-13],[-9,-9],[-6,-4],[-14,-7],[-30,1],[-5,1],[-15,-6],[-17,-20],[-31,-41],[-36,-29],[-10,-2],[-10,-1],[-34,22],[-56,15],[-41,7],[-8,0],[-7,0],[-20,2],[-39,12],[-46,3],[-14,11],[-11,19],[-1,18],[0,20],[-11,23],[-4,7],[-7,12],[-16,21],[-13,5],[-8,-2],[-80,-71],[-25,-31],[-12,-27],[-34,-19],[-10,-19],[-13,-22],[-7,-6],[-49,4],[-35,2],[-14,0],[-17,-4],[-17,-6],[-18,-2],[-6,1],[-9,1],[34,66],[12,17],[6,11],[-21,55],[-34,41],[-58,71],[-12,24],[-6,14],[-6,15],[-6,6],[-12,4],[-4,1],[-36,-9],[-10,-4],[-11,-5],[-11,-8],[-13,-6],[-14,-1],[0,0],[-46,2],[-10,-1],[-22,-5],[-39,-11],[-16,-4],[-52,-6],[-17,2],[-36,8],[-45,36],[-12,5],[-31,0],[-46,-19],[-15,-18],[-11,-10],[-32,1],[-10,-2],[-88,-13],[-24,2],[-27,1],[-1,0],[-37,1],[-22,6],[-13,9],[-22,29],[-20,13],[-3,1],[-22,6],[-73,16],[-11,0],[-2,0],[-23,-3],[-7,-3],[-31,-31],[-10,-13],[-3,-2],[-7,-3],[-1,0],[-19,10],[-32,41],[-7,6],[-54,18],[-11,-1],[-48,-10],[-25,-5],[-38,-1],[-25,1],[-17,4],[-5,4],[-2,5],[13,27],[8,11],[12,19],[3,38],[-3,1],[-8,2],[-3,1],[-2,0],[-32,1],[-16,7],[-11,6],[-15,19],[-12,39],[-5,9],[-15,13],[-9,3],[-7,-2],[-6,-2],[-29,-8],[-66,2],[-67,5],[-24,33],[17,27],[25,28],[14,46],[26,51],[42,41],[14,7],[21,5],[7,-1],[9,-2],[20,-7],[22,9],[33,25],[14,15],[7,17],[2,16],[-3,12],[-10,13],[-10,17],[-10,116],[3,45],[-1,10],[-12,31],[-6,3],[-2,1],[-16,3],[-9,3],[-9,9],[0,4],[15,49],[39,60],[23,66],[-5,30],[-4,2],[-40,4],[-20,10],[-4,12],[-3,50],[-5,30],[-12,14],[-19,9],[-67,-20],[-7,-3],[-7,-2],[-5,-1],[-27,20],[-8,8],[-17,11],[-7,1],[-40,-3],[-34,-8],[-62,-13],[-28,3],[-23,20],[-18,24],[-11,19],[-12,38],[-4,12],[-16,26],[-21,43],[-2,3],[-17,20],[-20,5],[-18,-9],[-8,-11],[0,-13],[0,-11],[-6,-20],[-6,-8],[-23,-14],[-24,0],[-29,64],[-15,6],[-13,4],[-5,0],[-35,-13],[-12,-18],[6,-119],[-19,-17],[-7,-1],[-11,4],[-102,54],[-18,-2]],[[52746,18053],[-6,-37],[-4,-5],[-20,-11],[-16,-4],[-19,-10],[-8,-14],[-3,-20],[46,-94],[-6,-12],[-19,-18],[-25,-23],[-40,-35],[-13,-2],[-11,-1],[-55,19],[-10,15],[-22,27],[-22,23],[-19,23],[-25,26],[-21,4],[-55,-13],[-35,-31],[-17,-25],[-11,-12],[-69,-25],[-22,-3],[-12,-3],[-24,-15],[-73,-5],[-36,11],[-11,17],[-20,32],[-1,21],[-1,10],[0,1],[-6,6],[-23,8],[-3,-1],[-6,-3],[-26,-28],[-10,-12],[-16,-16],[-18,-7],[-5,-1],[-20,1],[-7,1],[-9,3],[-9,7],[-37,16],[-67,-8],[-114,14],[-10,2],[-5,1],[-15,0],[-9,-2],[-77,-74],[-19,-32],[-35,-54],[-16,-7],[-1,0],[-37,8],[-35,4],[-4,-1],[-13,-1],[-26,-6],[-39,9],[-17,10],[-4,3],[-22,38],[-72,12],[-26,4],[-30,-7]],[[51031,17713],[-18,9],[-13,8],[-5,3],[-2,2],[-9,-2],[-4,-2],[-4,-8],[-4,-26],[-4,-42],[-1,-11],[-16,-38],[-20,-13],[-151,-51],[-23,-20],[5,-31],[21,-70],[-22,-39],[-74,-23]],[[50557,17371],[-22,2],[-61,-30],[-20,-12],[-10,-4],[-37,5],[-11,-5],[-37,-40],[-8,-12],[-7,-12]],[[42980,32392],[97,-13],[8,-34],[5,-132],[15,-83],[19,-198],[-7,-61],[-47,-94],[-10,-49],[23,-73],[55,-25],[71,-79],[148,-92],[16,-62],[43,-59],[76,-73],[48,-12],[87,-44],[99,-115],[64,-20],[44,-70],[121,25],[87,-26],[37,-25],[89,-119],[33,-71],[51,-28],[42,-40],[29,-74],[6,-84],[17,-36],[-33,-64],[1,-25],[62,-52],[46,-18],[33,-34],[11,-42],[37,-16],[81,47],[15,-45],[44,-68],[69,-29],[11,-68],[31,-30],[20,-49],[9,-70],[44,-20],[18,-49],[92,-6],[29,-34],[19,-86],[71,-148],[45,-76],[84,-97],[52,-88],[42,-35],[44,-55],[40,-69],[38,-25],[78,-87],[64,-48],[39,5],[42,38],[59,-39],[46,-70],[59,-37],[38,-47],[68,2],[47,-16],[56,29],[31,64],[77,93],[59,-18],[96,5],[45,-57],[24,-61],[52,-1],[28,86],[51,64],[93,14],[-2,84],[17,34],[74,-7],[86,33],[28,-21],[127,-48],[43,-32],[58,-72],[64,-151],[-23,-66],[-1,-43],[51,-123],[25,-221],[64,-88],[34,-69],[49,-164],[24,-160],[40,-121],[25,-50],[55,-53],[112,-49],[53,19],[50,-36],[109,42],[26,28],[45,14],[23,-68],[-8,-71],[41,-41],[-26,-36],[23,-55],[2,-57],[51,-81],[79,-24],[37,11],[141,77],[101,-9],[61,-48],[42,-68],[9,-63],[-20,-57],[13,-42],[92,-87],[26,-39],[51,-110],[9,-58],[31,-39],[17,-52],[69,-88],[102,-69],[53,-49],[66,-97],[15,-68],[-36,-221],[-25,-42],[-56,-161],[-32,-75],[-54,-61],[-13,-77],[30,-60],[-6,-36],[-53,-13],[-46,27],[-45,-20],[-23,-104],[-49,-50],[-117,-79],[-79,-22],[-35,-32],[9,-41],[61,-24],[75,-43],[106,-119],[47,-111],[43,-26],[28,-50],[13,-54],[57,-63],[18,-138],[40,-75],[-28,-59],[-84,-24],[-116,-56],[-10,-30]],[[48232,24280],[6,63],[-42,86],[-15,104],[10,23],[-62,26],[-46,47],[-83,34],[-14,38],[-74,107],[-60,140],[6,68],[-34,39],[-96,25],[-47,-34],[-37,62],[-71,38],[-40,6],[-47,75],[-16,110],[42,37],[12,82],[15,34],[38,-6],[11,114],[56,144],[56,49],[6,44],[-20,106],[-34,31],[-169,95],[-79,64],[-199,124],[-132,63],[-38,-17],[-28,46],[-42,15],[-51,-17],[-39,18],[4,80],[-55,40],[-127,54],[-186,168],[-86,55],[-333,170],[-153,141],[-63,86],[-87,67],[-85,41],[-69,22],[-58,6],[-121,47],[-77,52],[-38,-77],[2,-124],[-16,-89],[-42,-93],[-21,-107],[-11,-123],[17,-85],[-70,-69],[-63,-94],[-6,-71],[-32,-40],[-109,-70],[-77,-41],[-110,9],[-52,-25],[-14,-25],[-52,25],[-29,35],[-89,-40],[-28,29],[-99,45],[-105,-43],[-25,-40],[-111,-58]],[[47032,23426],[31,57],[31,22]],[[24593,19186],[181,-7],[-3,158],[61,-23],[1,-135],[459,-5],[17,16],[-11,62],[189,-75]],[[25487,19177],[65,-46]],[[25552,19131],[-248,-168],[-53,-89],[-2,-86],[-75,7],[-75,-62],[-73,69],[-37,17],[-65,-1],[3,-133],[-42,0],[-11,-37],[64,-130]],[[24938,18518],[-65,-23],[-28,57],[-58,-1],[1,-55],[-158,60],[-38,-7],[-68,43]],[[24524,18592],[-7,320],[31,0],[6,88],[39,186]],[[25552,19131],[44,-50],[136,-236]],[[25732,18845],[-107,-92],[-27,-36],[-30,-71],[-35,-186],[-2,-65],[-18,-128],[-32,-33],[-13,-117],[7,-38],[-116,-68],[-21,-176]],[[25338,17835],[-24,-24],[-43,47],[-29,78],[-112,91]],[[25130,18027],[-39,34],[-27,62],[-61,76],[-38,9],[0,92],[20,62],[0,46],[-47,110]],[[24280,18506],[44,-24],[59,-53],[84,19],[-76,73],[80,91],[53,-20]],[[25130,18027],[-46,-81],[-117,-52],[-50,-66],[-42,-77]],[[24875,17751],[-131,36],[-30,-1],[-71,-55],[-56,24],[-59,80],[-177,198],[-86,66],[-27,32]],[[24332,19363],[91,-47],[34,-5],[0,-83],[38,-1],[-3,-39],[101,-2]],[[25604,19627],[135,-200],[-58,-18],[13,-113],[18,-82],[-103,-24],[-89,15],[-33,-28]],[[26070,18238],[94,39],[14,-69],[84,11],[10,-48],[51,10],[47,71],[-25,54],[5,63],[38,32],[81,-10]],[[26469,18391],[-10,-87],[160,-19],[-5,-43],[80,-9],[6,42],[59,-7],[-76,-115]],[[26683,18153],[-39,-12],[-136,-302],[79,-58],[-101,-147],[-15,-29],[201,-100]],[[26672,17505],[76,-67],[87,-95],[-39,-13],[14,-66],[-13,-46],[9,-99],[104,38],[127,74],[112,-58],[78,-138],[-254,-115],[-85,-28],[-43,2],[-26,44],[-65,-36],[32,-60]],[[26786,16842],[-78,-6],[2,-53],[-24,-93],[-107,28],[-45,-2],[-24,-31],[-165,174],[-38,33],[-33,78],[-38,27],[-60,-41],[-50,-68]],[[26126,16888],[-91,99]],[[26035,16987],[20,15],[-43,66],[54,40],[-40,37],[31,32],[-67,61],[-78,42],[-66,25],[-19,78],[34,12],[-2,105],[33,18],[-4,79],[-43,-1],[-10,-36],[-38,-1],[-48,44],[50,34],[-1,82],[-54,11],[225,129],[-71,124],[-48,-3]],[[25850,17980],[108,78],[26,54],[7,78],[79,48]],[[26126,16888],[-36,-90],[2,-74],[-15,-91],[-87,-116],[-88,-68],[-89,-58],[-45,-14],[-8,-41]],[[25760,16336],[-111,-31],[-79,-12],[-59,13],[-71,30],[-29,34],[-27,83],[-4,64],[39,44],[18,93],[-4,73],[-32,100],[7,54],[25,74]],[[25433,16955],[140,38],[162,80],[136,38],[39,-20],[76,-138],[49,34]],[[25433,16955],[2,62],[-22,53],[-229,336],[-26,43]],[[25158,17449],[60,-42],[7,-38],[48,-19],[82,-2],[76,52],[104,44],[37,48],[23,52],[7,156],[58,92]],[[25660,17792],[46,61],[144,127]],[[25338,17835],[35,-53],[96,-41],[81,5],[100,59],[10,-13]],[[25158,17449],[-49,92],[-64,58],[-30,67],[-75,67],[-65,18]],[[25732,18845],[17,-38],[321,-569]],[[26596,19309],[26,-62],[-21,-136],[-27,-115],[-15,-29],[-30,-124],[-61,-99],[-39,-97],[50,-29],[17,26],[38,-24],[-56,-51],[10,-26],[-19,-152]],[[27307,18818],[41,-51],[-3,-109],[32,-134],[3,-97],[-205,-68],[-81,-65]],[[27094,18294],[-80,-135],[-25,11],[-96,4],[-137,-45],[-73,24]],[[28061,18937],[23,-21],[10,-54],[39,-42],[31,-95],[4,-86],[-49,-92],[-17,-90],[-69,-246],[38,-52],[20,-64],[28,-36],[14,-59],[32,-63],[62,-70],[-34,-52],[-36,12],[-60,-12],[-75,28],[-78,-50],[-104,-33],[-53,-46]],[[27787,17714],[-42,40],[-122,87],[-35,7],[-32,104],[-34,18],[-96,-7],[-142,103],[-60,103],[-51,-3],[-5,53],[-74,75]],[[27787,17714],[-40,-51],[-77,-135],[-123,-65],[62,-98],[8,-35]],[[27617,17330],[-98,-26],[-104,14],[-373,87],[-370,100]],[[27617,17330],[148,36],[34,-41],[101,-32],[29,-96],[95,-50],[58,-103],[10,-74],[37,-32],[65,-23],[38,-46],[25,-81],[16,-133],[-1,-69],[17,-84],[-37,-88],[-79,-100],[-14,-49],[24,-55],[-87,-72],[-16,-45],[-8,-89],[7,-44],[-29,-40],[-46,-8]],[[28004,15912],[-20,28],[-190,41],[3,-108],[-45,-14],[-59,50],[-29,1],[-6,-67],[-67,-77],[-51,6],[4,30],[-68,-7],[-19,33],[-54,-6],[22,-69],[-46,-27],[-17,24],[-70,-16]],[[27292,15734],[-21,148],[-36,173],[-3,60],[10,84],[-52,23],[-18,-33],[-30,106],[-78,-10],[-47,83],[-231,474]],[[27292,15734],[-270,-155],[-87,-53],[-109,-39]],[[26826,15487],[-54,18],[-31,128],[-74,-82],[-26,-9],[-43,58],[-99,-31],[-108,-60],[-43,77],[-80,25],[-38,28]],[[26230,15639],[-37,47],[-4,60],[-106,62],[-2,93],[-32,155],[-61,64],[-12,61],[-123,109],[-93,46]],[[28004,15912],[-68,-39],[-52,-95],[-12,-41],[33,-55],[1,-34],[-25,-94],[-4,-54],[14,-67],[64,-51],[-82,-42],[-21,-49],[72,-98],[85,7],[157,-2],[26,-50],[-16,-132],[8,-28],[78,-82],[51,-19],[44,-33],[96,-2],[46,53]],[[28499,14905],[58,-102],[35,-35],[106,-80],[41,-61],[15,-53],[-29,-25],[8,-81],[-8,-45],[37,-106],[-15,-26],[-5,-70],[-34,-46],[12,-48],[-59,-57],[13,-57],[93,-36],[35,-26],[171,-239],[75,-66],[149,-108],[31,-44],[5,-52],[-40,-78],[26,-60],[113,-24],[43,-44],[18,-51],[-11,-32],[-44,-31],[-70,-76],[-71,-63],[31,-43],[8,-80],[-8,-33]],[[29228,12827],[-15,-32],[-102,41],[2,-97],[-25,-139],[-41,-13],[65,-96],[-49,-28],[-17,-78],[-20,-29],[-39,20],[-41,-40]],[[28946,12336],[-40,34],[-106,42],[-23,49],[-44,23],[-46,61],[-97,35],[-33,25],[-22,45],[-25,110],[-47,81],[-72,63],[-124,64],[-104,71],[-91,117],[-94,109]],[[27978,13265],[-247,273],[-19,61],[-29,44],[-112,75],[-62,-11],[-35,18],[-26,37],[-59,6],[-59,27],[-37,34],[-36,-70],[-74,-72],[-93,-45],[-62,38],[-49,-37],[-149,-23],[-45,-52],[-66,11],[-42,-37],[-33,-6],[-82,14],[-40,34],[-66,22],[14,55],[43,51],[34,12],[79,-15]],[[26626,13709],[95,8],[74,61],[23,49],[41,45],[-37,92],[30,90],[-70,88],[-34,20],[12,61],[35,63],[48,54],[35,142],[0,36],[-34,107],[-23,35],[29,52],[6,75],[-11,55],[-32,53],[-73,64],[-11,30],[-52,47],[56,136],[65,49],[57,27],[-20,56],[3,56],[31,21],[4,52],[-47,54]],[[36217,12773],[-105,-131],[-78,-68],[-81,-97],[-77,-34],[-65,-71],[-95,-66],[-97,-106],[-68,-98],[-17,-52],[-42,-33],[-39,-4],[-37,48],[-25,0],[-113,-43],[-54,-43],[-38,-49],[-153,-153],[13,-32],[-89,-101],[-35,-14],[-31,-39],[-66,-55],[-60,-68],[-25,-47],[-110,-17],[-37,-31],[-5,746],[-23,17],[-106,-12],[-71,47],[-57,7],[-26,26],[-56,6],[-26,39],[-75,15],[-13,30],[-147,-1],[-119,-19],[-145,-93],[-44,-39],[-65,-116],[-42,-12],[-85,-5],[-27,28],[-115,-30],[-67,-35],[9,-78],[-34,-41],[-102,7],[-66,-38],[-56,3],[-38,-15],[-38,47],[-50,-16],[-61,-4],[-64,-30],[-42,-1],[-44,40],[-64,17],[-60,54],[-37,-44],[-47,-28],[-32,-45],[-57,-40],[-31,-57],[105,9],[48,-35],[-52,-97],[-29,-102],[-53,-75],[-29,-96],[-120,-85],[-32,-60],[-31,0],[-13,-66],[-38,-28],[-56,-2],[-48,20],[-127,-32],[-124,-89],[-39,-50],[-16,-45],[-79,107],[-94,-5],[-149,3],[-19,-19],[-44,12],[-72,-20],[-83,-36],[-18,-66],[-71,-28]],[[31082,10814],[-40,24],[-44,-38],[-94,-2],[-86,41],[-20,62],[-66,-22],[-38,5],[-32,46],[-72,-25],[-51,26],[-82,-18],[-72,47],[-42,1],[-67,35],[-32,34],[-39,84],[3,45],[34,76],[40,50],[16,70],[-14,49],[-136,1],[-129,45],[-63,-14],[-75,4],[-38,14],[-195,111],[-105,65],[-129,110],[-105,110]],[[29309,11850],[-59,103],[-15,64],[11,65],[-34,30],[-43,4],[-46,-27],[-49,46],[-18,41],[-89,63],[-21,97]],[[29228,12827],[74,0],[44,-39],[76,-32],[48,-58],[37,-7],[94,52],[104,-33],[31,69],[82,-22],[19,77],[35,50],[40,6],[40,-46],[57,-22],[119,23],[39,-1],[33,36],[43,7],[22,34],[70,-8]],[[30335,12913],[38,-86],[61,-25],[40,-53],[-61,-77],[-3,-33],[38,-78],[32,10],[37,66],[45,-33],[34,15],[28,49],[39,2],[45,-61],[26,1],[55,38],[68,-39],[10,52],[-10,80],[34,28],[87,-31],[202,10],[125,74],[126,11],[28,43],[32,17],[60,-46],[67,6],[145,115],[54,33],[137,-2],[25,73],[82,15],[45,75],[55,50],[41,22],[78,-4],[33,13],[74,-19],[32,29],[63,97],[22,76],[3,52],[42,19],[31,-14],[29,-58],[26,-4],[32,52],[27,17],[51,-26],[85,13],[67,72],[72,29],[26,45],[57,66],[17,49],[-6,118],[-32,31],[-65,-2],[-17,20],[36,115],[40,24]],[[33025,14044],[50,8],[62,-12],[62,39],[31,68],[56,34],[56,7],[56,31],[42,-31],[99,-9],[66,-32],[24,-36],[36,13],[-7,110],[77,38],[7,57],[36,40],[66,15],[31,87],[2,80],[25,25],[15,55],[50,17],[82,-69],[54,7],[29,23],[32,-8],[55,-60],[40,-10]],[[28633,18282],[-4,-21],[112,-1],[50,-10],[17,-28],[-19,-141],[23,-58],[-51,-75],[-19,-55],[-53,-34],[-64,-107],[116,-179],[-29,-131],[27,-60],[-13,-37]],[[28726,17345],[-71,59],[-53,62],[-28,-52],[56,-24],[36,-45],[-23,-61],[143,-95],[-61,-35],[-1,-120],[-12,-98],[-16,-235],[8,-267],[42,0],[-4,-62],[74,-86],[-8,-24],[29,-42],[67,-61],[70,-94],[50,-104],[46,-48],[26,-63],[-4,-120],[31,-55],[-2,-37],[31,-58],[8,-90],[-13,-51],[10,-28]],[[29157,15411],[-52,-12],[-31,16],[-43,-23],[-13,-86],[-36,-38],[-117,-34],[-49,-28],[-70,-87],[23,-40],[-31,-59],[-44,-34],[-90,22],[-66,-2],[-35,-30],[-4,-71]],[[28726,17345],[3,-61],[22,-32],[84,-40],[41,8],[58,61],[104,3],[120,-78],[23,-50],[52,-4],[61,15],[13,-33],[92,15],[63,60],[21,-15],[125,-37],[102,12],[56,-19],[72,1]],[[29838,17151],[36,-48],[-9,-143],[-15,-67],[11,-96],[31,-75],[109,-86],[33,-86],[-2,-28],[-57,-115],[-101,-57],[9,-38],[70,-40],[65,-50]],[[30018,16222],[-18,-29],[-89,-61],[-23,-29],[-62,-41],[-24,-1],[-43,-101],[11,-94],[-26,-40],[-36,16],[-40,-53],[-16,-49],[-78,-42],[-67,-63],[-51,-67],[-44,-38],[-249,-109],[-6,-10]],[[30593,18167],[30,10],[88,-53],[33,-4],[29,53],[56,0],[30,-41],[30,31],[57,-10],[-13,-75],[-64,-95],[-64,-19],[-132,1],[-2,-64],[-24,-42],[-41,5],[16,-52],[-29,-56]],[[30593,17756],[6,-17],[-83,-132],[-18,-57],[-52,-74],[-144,-109],[-51,-21],[-1,-59],[-41,-87],[-34,-14],[-170,-28],[-62,5],[-105,-12]],[[30593,17756],[27,-42],[-4,-100],[45,-76],[-3,-66],[-19,-46],[30,-10],[-23,-56],[-54,-20],[57,-132],[98,8],[36,13],[63,-24],[0,62],[47,-4],[15,-46],[-36,-35],[3,-46],[58,-68],[-8,-85],[-20,-36],[-13,-92],[-14,-26],[58,-51],[-14,-61],[52,-70],[126,-101]],[[31100,16546],[-109,-42],[-37,-41],[0,-106]],[[30954,16357],[-31,-5],[-92,40],[-28,24],[-5,43],[-38,20],[-38,-10],[-65,14],[-20,73],[-94,58],[-104,-8],[-68,48],[-33,-24],[-40,-68],[-61,-16],[-13,-71],[20,-103],[-28,-51],[-65,-7],[-101,9],[-32,-101]],[[32030,19197],[-27,-9],[-33,-88],[-44,-16],[-80,-93],[-22,-61],[-53,-53],[-43,-22],[-29,-64],[-5,-79],[-21,-48],[-33,-21],[-5,-74],[14,-25],[-33,-75],[10,-37],[-46,-102],[-56,-59],[-74,-134],[-34,-85],[-6,-61],[31,-90],[-3,-33],[38,-19],[-2,-52],[-23,-77],[14,-81],[56,-64],[10,-100],[68,-161],[13,-59],[38,-63],[52,-53],[4,-134],[-82,-42],[-45,-11],[-73,-60],[-32,-76],[-106,-41],[-58,-50],[-101,-36],[-46,-93],[-63,-50]],[[30954,16357],[-20,-63],[-49,-98],[-2,-38],[34,-80],[0,-81],[78,-3],[49,-18],[18,-32],[-31,-66],[25,-24],[79,12],[50,46],[127,84],[120,-2],[140,-42],[-28,-117],[8,-56],[-12,-84],[-43,-103],[31,8],[52,-18],[44,9],[4,31],[65,20],[19,49],[54,31],[33,-34],[104,5],[96,-4],[121,-61],[38,-2],[66,-36],[89,74],[19,-7]],[[32332,15657],[16,-69],[26,-48],[46,-39],[114,-43],[-10,-25],[-58,-23],[-29,-48],[-17,-64]],[[32420,15298],[-11,-44],[-61,-44],[-97,69],[-45,63],[-38,27],[-121,-3],[-19,-73],[-33,-84],[6,-42],[51,-46],[66,-102],[13,-43],[-25,-74],[-37,-52],[2,-84],[-66,-77],[-19,-7],[-78,45],[-42,-14],[-40,-44],[-47,-9],[-49,57],[-53,22],[-58,-9],[-118,17],[6,-36],[-13,-103],[-17,-34],[-55,-31],[12,-35],[-24,-80],[-67,-12],[-56,17]],[[31287,14433],[-42,9],[-73,-25],[-47,-56],[-56,-5],[-67,-46],[-33,-56],[15,-63],[-47,-19],[-80,51],[-51,-18],[1,-44],[67,-158],[-2,-46],[-71,-99],[-39,-111],[-40,-48],[-37,-117],[-42,-39],[52,-90],[52,-162],[3,-41],[-19,-68],[-73,-55],[-49,40],[-49,-50],[-90,-1],[-40,-25],[-52,-6],[-28,-29],[41,-104],[-22,-34],[-34,-5]],[[33053,17422],[-71,44],[-74,7],[-49,-21],[-89,-63],[-99,-123],[-13,-108],[-20,-26],[-95,-2],[-54,9],[-30,-65],[61,-44],[8,-24],[-31,-60],[24,-76],[-12,-34],[-60,-44],[-22,-93],[-52,-42],[-30,2],[-56,43],[-30,-24],[-9,-135],[-71,-49],[6,-80],[-35,-71],[-10,-52],[22,-30],[19,-63],[70,-46],[114,-32],[22,-34],[10,-57],[-33,-159],[41,-21],[-1,-33],[-64,-18],[-40,-90],[32,-51]],[[34148,15357],[-40,-15],[-18,66],[-45,102],[-32,32],[-40,-39],[-54,-88],[14,-48],[1,-83],[22,-50],[-42,-53],[-94,-19],[-34,-31],[16,-42],[-15,-37],[-88,35],[-24,-59],[-48,-11],[-95,52],[-43,6],[-53,-25],[-29,-41],[-34,-10],[-41,16],[-73,6],[-57,-38],[-71,46],[-39,56],[-11,49],[-48,22],[-86,-26],[-21,27],[-8,107],[-95,115],[-55,-3],[-56,-80],[-25,-8],[-67,34],[-47,10],[-74,-38],[-79,4]],[[33025,14044],[-101,12],[-71,38],[-36,32],[-41,-1],[-48,61],[-20,59],[-91,54],[-8,31],[-48,36],[-76,34],[12,-49],[-49,-74],[-37,-5],[-8,-49],[-67,-14],[-45,-40],[-45,1],[-57,-74],[-30,-17],[-34,-65],[-54,24],[-174,-276],[-43,-104],[-27,109],[-28,68],[-42,52],[-69,41],[-167,55],[-113,58],[-62,79],[-24,93],[-1,49],[-30,88],[-4,83]],[[24786,16663],[198,-590]],[[24984,16073],[69,-207],[65,-211],[8,-55],[-3,-85],[7,-221],[-1,-205],[17,-90],[19,-35],[76,-81]],[[25241,14883],[-51,-46],[-129,-58],[-96,-52],[-141,-42],[-71,-56],[-86,-18],[-24,-48],[-26,-8],[-26,50],[-148,9]],[[24443,14614],[-91,262],[-37,70],[-116,86],[-22,34],[-10,61],[-83,125],[-60,140],[-40,42]],[[23984,15434],[32,101],[0,61],[51,60],[-13,32],[31,55],[42,16],[68,78],[32,58],[120,51],[62,61],[32,50],[3,35],[-17,73],[-43,104],[7,73],[51,122],[-21,67],[-59,63],[7,29],[46,34],[25,79],[38,71]],[[24478,16807],[260,10]],[[24738,16817],[48,-154]],[[24184,17980],[63,-69],[108,-213],[120,-220],[159,-411],[104,-250]],[[24478,16807],[-64,-19],[-82,12],[-66,-2],[-100,-46],[-37,-30],[-50,-79],[-90,-28],[-44,-25],[-345,274]],[[23600,16864],[31,63],[3,39],[44,66],[36,96],[28,48],[-105,10],[-46,25],[-64,-12],[-24,-33],[-96,-85],[-35,-77],[-50,-27],[-77,-64],[-48,52],[-109,81],[-9,33],[6,93],[-67,47],[-62,122],[0,58]],[[25433,16955],[-237,-41],[-334,-68],[-48,-76],[-8,-82],[-20,-25]],[[26230,15639],[-53,-34]],[[26177,15605],[-38,-26],[-59,55],[-57,8],[5,37],[-47,49],[-51,-12],[-66,63],[-63,12],[-211,115],[-28,-12],[-69,16],[-21,47],[6,62],[-45,22],[-50,-92],[-182,106],[-38,-24],[-53,31],[-95,18],[-31,-7]],[[26177,15605],[24,-31],[-53,-120],[33,-37],[-92,-24],[-24,-28],[-10,-245],[15,-47],[-79,-109],[14,-14],[-57,-70],[-29,7],[3,-73],[22,-42],[63,-19],[-22,-37],[-210,-20],[-122,34],[-51,-16],[-19,-38],[-73,-66]],[[25510,14610],[-269,273]],[[26626,13709],[39,93],[-78,25],[11,86],[-79,75],[-48,23],[-68,6],[-45,-11],[5,-78],[-103,-6],[-130,-29],[-34,16],[-54,58],[-27,-42],[-34,10],[-34,-91]],[[25947,13844],[-47,205],[-20,44],[-370,517]],[[25947,13844],[20,-74],[-146,-55],[-42,-37],[-10,-52],[-52,-53],[4,-52],[-53,-13],[-45,20],[-113,-20],[-42,-16],[-13,112],[-37,49],[-40,-6],[-73,-79],[-70,-63],[-45,-83],[-108,52],[-64,19],[-73,3],[-125,-10],[-99,30],[-66,40],[-57,57],[-104,-33]],[[24494,13580],[-26,101],[-27,69],[-44,70],[20,107],[12,118],[19,4],[-26,89],[61,208],[7,55],[-35,133],[-12,80]],[[27978,13265],[-114,-72],[-109,-85],[-135,-117],[-228,-169],[-63,-37],[-101,-43],[-99,-13],[-21,23],[-114,71],[-48,9],[-54,-9],[-325,-137],[-268,-141],[-192,-124],[-203,-107],[-85,-31],[-83,-46],[-82,-62],[-131,-38],[-76,-4],[-219,63],[-86,34],[-34,4],[-210,-12],[-368,-176]],[[24530,12046],[-132,-71],[-125,-86],[-91,-48],[-34,-4]],[[24148,11837],[4,83],[-11,207],[6,163],[9,84],[31,66],[-28,15],[-8,38],[-158,53],[48,48],[-8,94],[5,105],[26,58],[42,49],[40,20],[28,65],[-5,46],[20,274],[31,156],[52,66],[61,36],[116,7],[45,10]],[[29309,11850],[-96,-126],[-153,-68],[-163,-49],[-299,-17],[-95,1],[-158,-23],[-84,-34],[-140,-100],[-52,-11],[-71,5],[-81,23],[-48,-10],[-86,-99],[-150,-92],[-87,-11],[-106,22],[-93,-6],[-146,-74],[-114,-25],[-200,-7],[-92,-21],[-101,-41],[-75,-18],[-327,1],[-124,16],[-153,-1],[-180,36],[-119,18],[-118,27],[-214,82],[-92,31],[-218,84],[-170,91],[-112,104],[-166,236],[-96,252]],[[22764,11666],[824,-2],[86,125],[52,90],[73,23],[89,-11],[111,-32],[149,-22]],[[31082,10814],[-52,-54],[-123,-59],[-14,42],[-49,-38],[-108,-55],[-55,-42],[-82,-104],[-65,-63],[-74,-47],[-123,-32],[-69,-8],[-99,23],[5,50],[-30,8],[-96,-54],[-50,-69],[-2,-38],[37,-26],[0,-32],[-35,-17],[-27,43],[-224,-31],[27,-59],[91,37],[101,-82],[-39,-41],[24,-26],[-67,-65],[1,-42],[-31,-58],[1,-65],[-28,-55],[-43,-35],[47,-34],[34,44],[73,42],[33,-5],[9,-66],[33,-36],[-70,-91],[-58,-134],[-39,-34],[-21,-56],[-27,-23],[-134,-30],[-77,-35],[-68,13],[-47,-19],[-9,-35],[-68,-35],[-43,-49],[-41,-112],[-40,-36],[1,-39],[-20,-54],[-37,-10],[-13,-86],[-30,-37],[0,-55],[45,-22],[9,-29],[-60,-11],[-23,32],[-49,25],[-98,94],[-47,64],[-16,-2],[-39,-70],[-17,-60],[-29,-22],[64,-42],[-27,-74],[-6,-83],[-16,-60],[-41,-30],[-23,-65],[-57,-17],[-35,-40],[-47,-23],[-17,-51],[-36,-27],[-19,-81],[-40,-26],[-89,-28],[-42,-68],[-35,-34],[-43,-88],[-61,-70],[-61,6],[-6,26],[35,48],[-84,18],[-61,-36],[-41,-47],[-67,-119],[-80,-76],[-28,-82],[6,-52],[-3,-104],[-62,-94],[-60,-57],[-33,-81],[-42,-38],[-48,-22],[-49,6],[-96,-94],[-52,-14],[-47,14],[-31,-18],[-69,26],[-69,-8],[-96,2],[-53,-20],[-43,-44],[-22,-1],[-77,38],[-83,-11],[-23,-14],[-45,-76],[-41,-18],[25,-69],[-29,-24],[-8,-55],[48,14],[22,-40],[-28,-30],[-61,-34],[-48,-6],[-38,-79],[-24,-21],[-78,-18],[-27,-20],[-45,0],[-77,-31],[-53,-58],[-12,-48],[-42,-14],[23,-53],[-32,-61],[-33,-27],[-68,-25],[-34,15],[-82,4],[-116,-104],[-40,-63],[30,-30],[-68,-81],[-50,-8],[-58,12],[12,-68],[-8,-58],[-31,-49],[-49,-27],[-16,-71],[-49,-6],[-11,-34],[16,-84],[-20,-57],[-51,0],[-93,-33],[-18,-16],[-11,-76],[-61,-107],[-40,-41],[-44,-13],[-13,33],[-97,-90],[-31,-82],[-5,-103],[-88,-54],[-36,19],[8,66],[-10,45],[56,51],[-41,14],[-5,75],[-82,41],[-6,-48],[-35,-115],[-30,-77],[-33,-31],[-80,-12],[-51,-34],[-47,-65],[-7,-33],[-35,-21],[-90,52],[-44,-34],[-52,-89],[-74,-32],[-27,-61],[-113,-23],[-29,-48],[-128,-22],[-64,-66],[-53,-37],[-30,9],[-13,42],[-67,35],[-87,-12],[-166,-62],[-29,-21],[-78,-14],[-43,-59],[-36,-21],[-101,-6]],[[21626,14288],[184,-41],[110,10],[47,-13],[65,37],[55,-17],[45,-99],[64,16],[106,-98],[30,2],[80,40],[39,-21],[55,9],[23,-39],[88,-43],[36,49],[35,-6],[36,-38],[58,-20],[87,-57],[82,56],[124,-8],[79,12],[40,21],[12,56],[49,73],[74,33],[64,56],[57,99],[-27,19],[-30,75],[-9,157],[24,72],[17,116]],[[23425,14796],[9,45],[27,27],[39,-2],[47,22],[55,46],[2,37],[51,115],[39,19],[43,61],[85,58],[54,19],[90,80],[31,56],[-13,55]],[[22405,16770],[87,-81],[68,-37],[55,-16],[280,-60],[56,-15],[101,-42],[78,-51],[55,-50],[45,-60],[185,-281]],[[23415,16077],[-47,-50],[-92,-27],[-121,-9],[-61,-17],[-143,-90],[-53,-13],[-72,-32],[-138,-36],[-23,-20],[-72,-104],[-45,-10],[-45,-34],[7,-44]],[[23600,16864],[-21,10],[-66,-90],[53,-108],[41,-41],[-21,-43],[61,-18],[-27,-65],[89,-9],[32,-23],[40,-57],[-77,-65],[-36,-56],[-64,-58],[-46,-105],[-97,-31],[-46,-28]],[[23425,14796],[-31,-8],[80,425]],[[23474,15213],[35,173],[24,156],[0,67],[-17,115],[-69,284],[-32,69]],[[23474,15213],[-76,39],[-31,46],[-67,-101],[-120,38],[-79,57],[-41,74],[-110,44],[-204,-23],[-73,30]],[[17264,19037],[-33,22],[-60,-53],[-31,16],[-43,-50],[-55,-2],[-78,-31],[-55,32],[-74,17],[-63,-1],[-93,37],[-66,100],[-88,59],[-3,39],[93,41],[-31,97],[-35,24],[-44,54],[-9,105],[47,82],[-7,28]],[[16638,18349],[-25,28],[-91,-15],[-52,132],[-29,18],[4,145],[30,63],[-2,98],[-46,119],[-95,-39],[-70,171],[18,54],[-169,-52],[-99,227],[-22,117],[-6,87]],[[16243,18048],[-62,25],[-44,-11],[-66,133],[-32,-18],[-52,20],[-45,94],[35,35],[-61,132],[-51,52],[3,38],[-56,21],[-46,-38],[-65,49],[-36,-36],[-24,85],[-81,-13],[-7,28],[-82,-10],[-96,-21],[-88,-67],[-13,4]],[[15274,18550],[11,37],[34,33],[42,74],[-78,52],[20,68],[32,22],[25,46],[13,97],[-24,65],[-37,36],[-60,109],[3,23],[94,124]],[[15349,19336],[38,41],[55,5]],[[16052,17774],[0,4],[-489,200]],[[15563,17978],[-57,20],[-591,242]],[[14915,18240],[59,10],[42,-28],[41,33],[55,20],[19,106],[21,37],[111,67],[11,65]],[[16005,17272],[-84,30],[-49,-59],[-13,-107],[-49,-41],[-32,-99],[-41,-38],[-81,12],[-88,141],[-50,131],[-31,27],[-67,193],[-82,30],[34,28],[64,161],[11,53],[-17,50],[5,123],[31,5],[97,66]],[[15728,16147],[-69,18],[-54,-37],[-91,-22],[-71,-33],[-66,-14],[-52,6],[-76,-34],[-36,-5],[-73,49],[-49,-17],[-22,13],[-58,-10],[-20,63],[-31,-1],[-41,51],[-26,81],[16,29],[-25,45],[-12,95],[16,32],[-68,49],[-42,3],[-44,37],[-110,-34],[-92,-50],[-35,-35],[-183,-28],[-78,-26],[-100,-52],[-38,-10],[-106,10]],[[13992,16320],[-64,60],[-42,18],[-7,35],[76,-10],[23,36],[-20,51],[17,129],[-64,50],[-45,68],[17,49],[45,28],[91,182],[56,35],[29,51],[-38,33],[-41,76],[4,47],[24,34],[67,-43],[36,26],[-3,44],[26,12],[0,91],[62,76],[182,130],[80,41],[15,71],[130,80],[13,44],[48,70],[50,41],[3,53],[-84,43],[-31,145],[105,38],[74,62],[3,-41],[35,-34],[51,-1]],[[13992,16320],[-63,-63],[-38,-106],[-32,-19],[-90,56],[-105,48],[-112,-11],[-77,-18]],[[13475,16207],[17,170],[57,151],[38,280],[22,77],[83,208],[-4,46],[42,107],[5,53],[-68,2],[-79,103],[-60,34],[-26,-80],[-12,-84],[-60,-78],[23,-78],[-52,-39],[-89,-22],[-25,104],[16,92],[-15,44],[69,49],[-57,39],[22,90],[33,40],[-22,23],[-78,3],[-12,30],[3,69],[-23,54],[138,-22],[42,-39],[35,18],[89,-43],[32,74],[99,-6],[21,40],[-75,77],[-7,36],[-58,26],[-56,46],[-89,104],[-17,45],[102,-72],[61,-20],[58,78],[40,-7],[-3,56],[15,33],[42,-5],[34,20],[9,39],[142,37],[33,-9],[48,74],[46,10],[43,42],[-19,27],[12,68],[37,55],[67,-7],[68,35],[43,-7],[-2,66],[74,29],[22,75]],[[14349,18667],[79,76],[33,19],[55,1],[76,26],[122,91],[155,71],[36,40],[61,137],[50,63],[120,37],[46,58],[167,50]],[[13475,16207],[-64,13],[-15,48],[-58,14],[-29,-26],[-121,-24],[-74,12],[-112,-40],[-25,10],[-29,133],[-81,81],[-74,6],[-65,48],[-73,31],[-28,30],[-50,106],[-61,55],[-40,-7],[-42,49],[-56,90],[-21,15]],[[12357,16851],[-86,25],[-96,-40],[-44,-60],[-200,30],[-95,-31],[-30,8],[-40,74],[-3,74],[-30,40],[-71,16],[-77,-8],[-77,35],[-93,20],[-63,57],[-58,-14],[-32,33],[-15,47],[-77,13],[-23,87],[-2,45],[25,48]],[[11170,17350],[25,59],[70,72],[3,51],[-25,64],[54,71],[35,68],[53,56],[87,49],[41,78],[4,38],[-28,83],[11,79],[33,58],[42,151],[-39,73],[7,15],[131,-7],[91,27],[38,34],[19,58],[148,-27],[43,15],[63,73],[90,47],[87,16],[67,38],[13,42],[55,60],[14,94],[84,7],[96,25],[49,-5],[36,-57],[32,-25]],[[12699,18830],[77,-18],[88,5],[87,-28],[67,-77],[18,8],[27,93],[29,64],[47,35],[80,108],[69,62],[85,44],[63,65],[37,24],[69,-10],[20,-41],[41,-184],[33,-75],[87,17],[90,2]],[[13813,18924],[30,-4],[95,-60],[22,-70],[69,-22],[103,-54],[36,-34],[22,-80],[14,-7],[111,39],[34,35]],[[16714,12697],[-102,77],[-49,16],[-100,10],[-56,-26],[-26,-39],[-29,1],[-56,44],[-94,-62],[-35,21],[-68,-7],[-67,-80],[-51,-49],[-137,-74],[-47,14],[-76,73],[-101,32],[-49,51],[-54,11],[-57,-14],[-63,3],[-18,-35],[-45,-31],[-42,23],[-47,-41],[-78,55],[-142,3],[-48,-31],[-44,-9],[-27,-29],[-8,-58],[-56,-39],[-35,-53],[-59,-60],[-46,-121],[-49,-91],[-24,-24],[-105,-47],[-112,16],[-90,80]],[[14322,12207],[10,44],[48,109],[-10,88],[-29,75],[25,117],[-15,154],[-24,79],[-37,51],[-72,33],[-20,94],[12,20],[92,32],[26,21],[-12,42],[-122,109],[-6,38],[-42,37],[-66,12],[-95,65],[-19,47],[-47,-3],[-51,47],[-31,-35],[-55,-125],[1,-35],[-35,-42],[-34,-85],[-66,40],[-36,3],[-85,51],[-179,21],[-73,60],[-30,90],[-67,130],[42,107],[33,49],[-32,15],[-61,-19],[-74,-52],[-28,-38],[-71,-16],[-15,-40],[-38,39],[5,65],[-16,70],[-56,-41],[-67,-33],[-56,28],[-27,175],[13,55],[-5,65],[25,56],[47,46],[-54,105],[-3,44],[22,24],[20,65],[-7,45],[-27,17],[-104,26],[-23,15],[-9,66],[-54,111],[-3,50]],[[12555,14690],[43,39],[47,66],[303,519],[39,58],[46,46],[87,62],[71,82],[79,155],[68,205],[100,176],[37,109]],[[14322,12207],[-43,-29],[-7,-57],[24,-57],[-17,-71],[-21,-18],[-76,-3],[-56,-41],[-25,-38],[14,-87],[-97,-174],[-92,-68],[-9,-118],[-46,-10],[-86,11],[-58,45],[-62,1],[-29,-22],[-28,-53],[10,-98],[-33,-63],[-53,-29],[-128,-49],[-27,-100],[-17,-15],[-67,3],[-7,80],[-53,96],[-76,46],[-53,9],[-50,-22],[-29,34],[8,68]],[[13033,11378],[-56,32],[-79,67],[-62,29],[-65,-2],[-31,21],[-25,81],[-59,76],[-75,-72],[-50,12],[-30,-53],[-45,-17],[-65,-3],[-96,-75],[-49,2],[-64,-37],[-61,11],[-67,-41],[-54,16],[-2,61],[-44,86],[-36,29],[-84,14],[-60,88],[-60,58],[-71,29],[-40,50],[-37,107],[-20,24],[-39,-13],[-15,-78],[11,-53],[74,-212],[-33,-29],[-25,18],[-106,132]],[[11413,11736],[12,36],[-7,52],[-92,207],[-19,64],[3,67],[30,80],[83,159],[102,134],[99,176],[157,253],[30,66],[33,169],[18,119],[63,341],[85,152],[48,156],[58,221],[36,155],[29,104],[38,58],[48,26],[54,10],[74,38],[82,67],[78,44]],[[11413,11736],[-60,73],[-13,35],[-11,118],[-168,31],[-140,45],[-155,56],[-120,10],[-47,16],[-31,44],[-1,33],[-112,4],[-38,14],[-67,-1]],[[10450,12214],[30,106],[52,7],[40,39],[19,65],[-10,80],[-34,61],[-24,98],[77,41],[55,99],[62,66],[49,96],[2,32],[-59,43],[-29,70],[3,44],[53,85],[5,51],[87,32],[10,29],[-119,126],[-13,30],[3,90],[-41,57],[-17,61],[-54,44],[-19,56],[1,45],[20,59],[47,98],[55,74],[61,26],[41,48],[51,21],[33,-7],[113,-72],[9,63]],[[11009,14177],[1,137],[51,51],[147,8],[85,35],[33,47],[69,62],[92,99],[28,15],[51,69],[100,157],[35,85],[44,43],[29,92],[-5,39],[53,238],[-12,35],[48,59],[19,62],[-33,113],[31,44],[1,93],[22,90],[37,88],[50,47],[-50,33],[11,115],[-12,26],[25,75],[88,84],[-18,58],[-37,3],[-21,60],[44,36],[40,66],[9,71],[66,99],[53,-4],[16,45],[66,68],[92,31]],[[13033,11378],[-53,-24],[-143,-4],[-59,-19],[-27,-28],[-27,-67],[-69,-143],[23,-104],[68,-70],[28,-45],[20,-86],[-43,-90],[-9,-119],[-33,-48],[-152,-26],[-9,-10],[-33,-140],[11,-47],[50,-55],[44,-129],[0,-63],[-20,-25],[-94,-30],[-25,-44],[-34,-96],[-106,-92],[-110,-26],[-20,-43],[-71,-8],[9,-62],[60,-4],[49,-26],[19,-81],[17,-26],[81,-12],[137,9],[52,-14],[19,-39],[63,-54],[39,-48],[21,-56],[36,-22],[84,0],[17,-50],[57,-27],[13,-62],[85,-66],[32,-6],[23,-42],[26,-6],[54,46],[27,-28],[51,-1],[61,-17],[32,-27],[62,3],[26,21],[51,-1],[44,59],[38,-59],[100,-59],[30,8],[26,38],[34,12],[40,-45],[31,-1]],[[13786,8952],[108,37],[93,-107],[-40,-22],[-2,-77],[19,-49],[-27,-49],[20,-15],[-3,-48],[-24,-20],[-3,-61],[-53,-130],[-41,-54],[-12,-48],[-37,-39],[-9,-54],[-48,-40],[1,-77],[-22,-66],[-62,-24],[-26,-55],[-43,-177],[-35,-77],[-27,-97],[-72,-40],[-90,33],[-60,-42],[-35,-97],[-26,-34],[-72,-50],[16,-113],[-9,-21],[-67,10],[-85,-13],[-54,46],[-45,7],[-63,-26],[-40,2],[-59,34],[-56,-34],[-16,-73],[-30,-30],[-68,-21],[-14,-62],[-129,-122],[1,-40],[28,-72],[-47,-102],[24,-60],[5,-97],[-7,-92],[-57,-60],[-9,-42],[2,-106],[-177,-110],[-53,-48],[-22,-83],[-25,-35],[-13,-53],[2,-108],[-43,-28],[-38,0],[-43,34],[-47,0],[-39,-41],[-52,-32],[-23,-79],[-42,-34],[-12,-104],[-33,-47],[-60,10],[-57,-26],[-59,40]],[[11543,5542],[-34,-48],[-1,-64],[-104,-58],[-53,139],[-60,57],[-51,4],[-40,-60],[-6,-64],[-117,-19],[-127,55],[-109,14],[-43,13],[-20,36],[-82,27],[-31,34],[-8,63],[-67,15],[-33,55],[-37,-2],[-55,21],[-65,-40],[-22,-36],[-64,-20],[-118,92],[-6,62],[-45,5],[-5,41],[-55,85],[-1,60],[-20,29],[-48,24],[12,45],[-18,23],[41,93],[-33,25],[-28,132],[19,80],[0,45],[-23,25],[-115,21],[-32,70],[46,42],[-10,110],[-26,38],[-61,157],[-75,21],[-65,-8],[-30,-30],[-38,15],[-12,129]],[[9568,7095],[-68,117],[-1,42],[-68,-10],[-39,25],[-52,11],[-42,53],[-45,12],[-40,30],[-42,102],[-68,35],[-54,-68],[-97,-8],[-133,-111],[-9,-31],[26,-40],[-34,-45],[-48,25],[1,-59],[-78,2],[-33,44],[-55,-43],[-21,17],[-9,56],[-115,-45],[-43,6],[10,36]],[[8411,7248],[26,16],[-13,45],[88,32],[27,34],[-16,93],[-19,31],[-38,19],[-35,45],[8,21],[-68,25],[-29,-2],[-36,47],[17,80],[-42,17],[6,47],[-42,70],[8,14],[-27,51],[5,46],[-47,63],[23,55],[-37,40],[-75,4],[-14,4],[-68,57],[-21,32],[11,75],[-15,35],[-75,-30],[-74,32],[-155,194],[-50,48],[-17,70],[-2,60],[-43,-38],[-95,35],[-67,87],[-79,33],[-58,71],[-42,28],[-29,40],[-62,38],[-42,52],[-15,40],[-41,31],[-62,-10],[-40,36],[-3,55]],[[6937,9216],[54,35],[16,69],[47,-10],[10,48],[33,42],[-14,21],[70,26],[14,148],[40,54],[37,24],[45,3],[49,-40],[60,13],[34,49],[54,-12],[-21,88],[18,97],[77,9],[-7,33],[-56,68],[38,143],[-31,17],[-57,92],[-84,39],[64,50],[-22,62],[-39,49],[38,64],[34,31],[14,40],[39,12],[72,-37],[83,18],[105,-39],[59,44],[56,17],[128,67],[54,-20],[43,4],[79,52],[83,13],[45,30],[36,60],[23,14],[58,-2],[26,17],[127,23],[0,79],[34,89],[58,56],[-43,88],[-37,22],[-86,-21],[-27,8]],[[8467,11162],[11,51],[78,84],[73,16],[44,-11],[100,101],[11,25],[-4,124],[31,42],[-1,38],[-50,43],[-49,89],[9,114],[42,42],[92,64],[92,101],[77,18],[59,-12],[28,13],[10,60],[67,65],[78,48],[53,-2],[15,-59],[102,-148],[-23,-71],[-60,-69],[5,-44],[112,-61],[68,-51],[56,-56],[35,-61],[22,-108],[28,-11],[72,10],[35,31],[81,-19],[40,-32],[46,1],[76,69],[36,115],[-5,42],[56,43],[90,-20],[73,4],[85,44],[30,56],[-8,73],[-22,49],[17,82],[25,74],[45,56]],[[16936,10494],[-38,-31],[-441,-526],[-290,-351],[22,-60],[-28,-81],[-85,-73],[-40,-23],[-14,-105],[-49,-92],[-122,-81],[-128,38],[-45,22],[-72,9],[-80,-31],[3,-73],[13,-45],[-13,-86]],[[15529,8905],[-68,-5],[-147,-83],[-18,-42],[-70,-53],[-35,39],[-45,-25],[-78,32],[-44,-8],[-68,41],[-60,-58],[-97,-19],[-28,-54],[15,-129],[-46,-78],[-78,-56],[-25,-79],[-93,122],[-21,91],[-36,47],[-49,41],[-1,53],[-28,51],[3,46],[-29,92],[30,137],[-21,35],[-84,34],[-116,-32],[-95,12],[-113,61],[-35,46],[-38,-28],[-17,-47],[-33,-4],[-13,-49],[-33,-17],[-29,-67]],[[15606,7616],[-14,3],[-15,1],[-5,3],[-16,63],[-40,37],[-12,55],[-31,-2],[-42,55],[-16,42],[3,161],[35,70],[-8,20],[37,50],[-95,140],[-21,14],[14,76],[42,60],[0,93],[107,40],[4,75],[26,47],[-19,88],[-11,98]],[[15497,6184],[-33,30],[-53,6],[-112,-81],[-46,-66],[-85,-89],[-18,-77],[-59,-60],[-89,-40],[-51,53],[-69,-82],[-46,-73],[-31,-21],[-68,-8],[-23,-46],[-73,-40],[-51,11],[-92,-8],[-44,-59],[-38,-6],[-38,41],[-43,-17],[-17,-77],[-27,-31],[-39,-11],[-35,113],[-37,4],[-67,-50],[-95,2],[-9,-63],[-34,-40],[-88,5],[-58,19],[-20,-65],[-29,-1],[-42,53],[-32,-30],[-46,-5],[-30,27],[-18,78],[-21,40],[-51,-23],[-66,20],[-24,81],[-38,9],[-109,-27],[-73,-64],[-34,-19],[-55,13],[-37,39],[-16,44],[-11,100],[-29,54],[-54,41],[-81,10],[-41,17],[-62,1],[-99,-72],[-77,-28],[-23,-23],[-40,-88],[-62,-31],[-79,38],[-38,-19],[-24,-58],[-60,-49],[-21,-82],[-31,-19],[-103,-23],[-67,3],[-25,-24],[-12,-57],[-144,31],[-19,-18],[-2,-57],[-55,16],[-45,90],[-36,96],[-40,37],[-71,-27],[-66,39],[-28,51]],[[9568,7095],[-23,-34],[11,-45],[-66,-182],[-40,-23],[-90,-120],[-31,-23],[-3,-36],[-45,-39],[16,-53],[50,-27],[12,-42],[-24,-93],[-9,-106],[-41,-57],[-7,-170],[32,-47],[-6,-85],[75,-296],[34,-36],[106,3],[32,-36],[23,-64],[79,-95],[-61,-115],[-73,-64],[-51,-79],[10,-125],[-113,-62],[2,-16],[-57,-50],[-115,-69],[-101,-11],[-66,-23],[-10,-18],[-69,-17],[-62,-41],[-72,-23],[-56,55],[-88,-16],[-55,-37],[-3,-39],[-32,-55],[0,-39],[-25,-35],[1,-43],[-32,-113],[8,-74],[-41,-75],[-37,-6],[-19,-46],[-65,-18],[-7,-41],[-63,10],[-30,-28],[-38,-129],[12,-48],[-57,-49],[-46,5],[-71,-58],[-1,-73],[-52,-22],[-42,14],[-84,-56],[-12,-41],[-69,-155],[-4,-49],[-55,-104],[-45,-43],[-74,-39],[-34,9],[-50,85],[-55,-6],[-132,22],[21,84],[-21,29],[-47,120],[-43,35],[-25,54],[-40,48],[-56,18],[-49,-1],[-59,52],[-22,65],[-60,53],[-78,-17],[-22,-30],[-54,-7],[-8,-57],[-182,-134],[-55,11],[-36,46],[-7,80],[-33,18],[-63,-18],[-103,111],[-58,-33],[-18,22],[-5,56],[-68,-25],[-36,-51],[-81,-62],[-74,10],[-36,53],[-48,16],[-18,-39],[-54,14],[-39,61],[-121,107],[-76,-33],[-30,24],[-17,65],[9,90],[-44,2],[34,92],[-6,69],[-53,103],[-29,-21],[-63,-13],[4,-75],[-74,-32],[-129,6],[-66,-6],[-101,-89],[-69,-11],[-105,-43],[-110,-31],[-44,-49],[13,-32],[76,-33],[29,-54],[14,-88],[29,-65],[74,-70],[55,-139],[48,-225],[37,-218],[15,-170],[-23,-127],[-79,-144],[-47,-55],[-43,-11],[-160,-20],[-57,-18],[-37,-38],[-18,-48],[-60,-209],[-5,-82]],[[4556,2230],[-69,6],[-27,32],[-1,59],[-18,41],[-53,28],[-57,-5],[-48,21],[12,84],[-38,60],[15,56],[-10,39],[37,39],[14,41],[-79,47],[-86,-5],[-61,15],[-38,78],[-50,9],[-28,41],[-280,-131],[-51,25],[-32,-8],[-74,-66],[-71,11],[-65,45],[-60,-14],[-47,-33],[25,-57],[50,-50],[14,-70],[7,-169],[-4,-91],[-29,-22],[-120,-2],[-116,-42],[-53,7],[-40,-49],[-111,-56],[-127,-105],[-77,-3],[-26,36],[-55,19],[-25,60],[-61,6],[-107,-22],[-108,64],[-44,-18],[-95,124],[-11,58],[-62,3],[-101,-15],[-67,88],[-66,3],[-34,39],[-29,4],[-55,-24],[-41,33],[-67,-11],[-39,30],[-64,13],[-96,-64],[-101,-2],[-56,19],[-93,-14],[-70,40],[-52,42],[-76,29],[-38,-43],[-41,9],[-44,-32],[-57,-11],[-30,36],[-13,58],[-54,48],[-53,-1],[-25,29],[-49,16],[2,-43],[-90,-55],[-69,-52],[-95,38],[-26,64],[2,30],[42,36],[91,52],[16,65],[64,109],[83,41],[110,-23],[50,36],[-1,27],[-55,55],[1,64],[-47,59],[-43,98],[-83,64],[38,87],[-15,96],[-33,30],[-3,42],[38,42],[-12,27],[-54,-6],[-39,-50],[-28,12],[-1,84],[-29,36],[-57,25],[-77,-21],[25,75],[29,39],[-41,47],[-40,-12],[-52,-81],[-34,-19],[-48,29],[-33,57],[28,75],[-34,78],[-79,31],[-6,23],[111,161],[87,61],[74,28],[49,-7],[124,11],[52,23],[-1,77],[28,47],[21,85],[-92,-10],[-35,18],[-32,161],[-33,23],[-23,-44],[-47,25],[-35,99],[3,121],[17,42],[-7,48],[45,46],[0,83],[66,-8],[58,-65],[106,-60],[60,45],[92,28],[52,31],[7,57],[-27,108],[-3,50],[-73,29],[-18,38],[-15,178],[30,26],[64,-30],[26,-59],[42,-36],[61,-3],[83,53],[39,1],[33,-45],[26,-118],[50,-51],[11,-64],[36,-33],[41,14],[6,62],[-35,53],[16,52],[87,35],[25,21],[43,-15],[63,-65],[88,-37],[216,4],[82,24],[38,-7],[38,-63],[49,8],[40,70]],[[1909,5422],[66,21],[43,-38],[57,-83],[88,-32],[91,39],[33,56],[75,9],[41,-70],[34,-79],[97,-36],[137,32],[180,74],[32,47],[-21,70],[-45,18],[49,43],[67,29],[68,-22],[95,-45],[80,76],[63,9],[34,-45],[74,-7],[25,41],[12,84],[207,214],[-6,33],[-36,7],[8,96],[-30,54],[-6,60],[43,48],[-21,37],[11,50],[-9,50],[33,83],[17,16],[-17,68],[-66,75],[19,44],[68,53],[23,43],[41,14],[37,-54],[141,-29],[76,42],[86,-2],[76,-52],[58,-22],[101,-59],[57,-18],[34,-28],[20,-58],[61,-58],[14,-100],[26,-31],[85,-44],[91,-16],[43,14],[112,-32],[63,15],[27,34],[148,14],[38,-11],[38,-62],[105,10],[38,59],[55,-96],[34,-14],[53,44],[33,92],[63,23],[11,32],[158,60],[58,31],[56,9],[59,47],[73,15],[64,51],[-10,87],[44,45],[93,-53],[160,42],[70,-9],[171,-74],[158,4],[-50,51],[44,24],[104,-31],[9,37],[40,47],[6,67],[28,16],[56,-9],[9,40],[48,28],[0,85],[46,46],[124,-2],[83,-68],[97,-97],[83,-21],[26,-34],[63,45],[121,-71],[68,25],[7,40],[30,38],[58,36],[107,47],[27,0],[87,91],[20,44],[-9,59],[39,62],[17,64],[-7,55],[31,34],[59,-17],[28,26],[43,-36],[70,4],[30,36],[39,5],[89,-24]],[[15655,5436],[7,-51],[-36,-26],[-41,-6],[-189,8],[-78,-38],[-64,-120],[-116,54],[-81,-95],[-186,-88],[-52,-6],[-58,-31],[-3,-51],[40,-30],[15,-53],[44,-38],[59,-1],[39,-65],[50,-35],[29,-56],[-29,-46],[-71,-19],[-24,-69],[-38,52],[-122,-6],[-102,32],[-72,3],[-108,-63],[-41,-38],[-35,-145],[-51,-23],[-167,-8],[-87,-77],[-44,-26],[-14,-53],[-88,-159],[-52,-19],[-50,-43],[-19,-50],[-35,-37],[-52,36],[-46,-54],[-114,4],[-60,-19],[-22,-75],[-94,-75],[-37,-57],[-52,-48],[-104,23],[-87,12],[-44,27],[-59,-29],[-182,-167],[-65,0],[-38,-35],[-22,-54],[12,-80],[-7,-104],[40,-38],[19,-52],[6,-71],[95,-60],[16,-67],[41,-42],[18,-60],[41,-47],[40,-78],[47,-5],[32,52],[19,68],[59,24],[47,-37],[27,-53],[-59,-77],[33,-107],[-5,-83],[16,-68],[47,-42],[-22,-64],[-115,-79],[-52,-46],[4,-88],[57,-18],[97,3],[68,-112],[-23,-70],[-59,-4],[-42,-47],[-37,-81],[-58,42],[-54,6],[-47,-61],[-59,14],[-99,-5],[-44,22],[-59,2],[-104,-48],[3,-59],[25,-55],[-31,-64],[-187,-112],[-39,-41],[-66,-91],[-12,-77],[70,-24],[89,32],[41,-34],[-41,-79],[-50,1],[-62,-51],[-27,-57],[-44,-28],[-84,22],[-67,-18],[-32,-39],[-41,-77],[-19,-79],[-123,41],[-62,2],[-71,-26],[-60,26],[-14,66],[-41,66],[-59,15],[-67,-30],[-69,-43],[-69,-24],[-47,17],[-44,43],[-66,32],[-80,-20],[-40,-45],[-115,-42],[-60,-45],[-82,20],[-52,46],[-41,51],[-52,145],[11,56],[-23,74],[-47,34],[-33,63],[-69,-17],[-87,-50],[-64,-63],[87,-100],[-32,-54],[-126,-25],[-81,-1],[-16,-62],[6,-67],[-104,45],[-65,1],[-39,-77],[-60,-40],[-39,57],[-107,-47],[-77,-1],[-80,-45],[-89,6],[-31,53],[-45,52],[-63,-22],[-45,-41],[-14,-62],[28,-51],[99,-43],[-83,-101],[-7,-102],[25,-60],[61,10],[52,-30],[10,-50],[-41,-89],[-47,-23],[-100,-17],[-25,-54],[-60,-45],[-46,-6],[-60,26],[-130,-63],[-71,-73],[-70,30],[-34,51],[-34,116],[-62,59],[-48,13],[-58,-3],[-41,-21],[-89,-20],[-65,10],[-100,82],[-78,159],[-29,29],[-47,1],[-35,-21],[-28,-47],[-108,-113],[-48,-88],[-20,-61],[-89,-179],[-38,0],[-76,42],[-47,61],[-46,40],[-109,43],[-57,87],[-49,27],[-38,-27],[-33,-50],[-50,29],[-42,97],[-70,57],[-25,-9],[-100,61],[-40,52],[-8,55],[11,65],[37,74],[-2,49],[-22,65],[-2,57],[-27,35],[-82,-11],[-17,10],[-44,116],[-42,194],[-93,168],[-89,22],[-46,31],[-12,47],[-59,16],[-27,137],[-18,22],[-88,-18],[-91,-49],[-35,7],[-11,101],[17,52],[1,103],[-18,60],[-52,50],[-47,85],[-69,60],[-60,25],[-74,86],[-81,51],[-56,-27],[-42,-91],[-120,-187],[-41,-29],[-63,-24],[-17,-39],[41,-59],[-21,-104],[-52,-48],[-102,-67],[-120,57],[-112,3],[-118,69],[-61,8],[-59,24],[-129,84],[-107,30],[-92,57],[-108,-17],[-33,51],[7,100],[-14,164]],[[1909,5422],[21,74],[-2,134],[18,126],[14,29],[67,74],[7,44],[-24,43],[23,35],[83,5],[146,143],[45,126],[83,71],[58,-1],[44,14],[49,54],[1,50],[-15,58],[96,111],[55,29],[28,94],[-60,-5],[-47,26],[1,33],[-38,13],[-83,-5],[-14,19],[57,46],[62,-6],[78,22],[44,53],[20,50],[50,54],[46,79],[-19,79],[10,42],[-36,20],[-38,-6],[-31,42],[-75,8],[54,43],[47,15],[-10,103],[17,20],[82,21],[28,62],[32,6],[-3,43],[-58,33],[18,64],[39,47],[52,37],[50,6],[41,-23],[49,43],[37,53],[26,74],[-30,23],[-58,-34],[-35,6],[-30,42],[-89,10],[29,37],[-11,43],[43,88],[9,51],[38,47],[-14,22],[4,60],[32,65],[-19,50],[23,91],[65,22],[55,1],[27,-21],[27,33],[-19,38],[1,44],[72,37],[11,66],[-38,69],[42,39],[15,43],[37,23],[29,-8],[27,31],[70,44],[22,51],[-40,22],[41,63],[-13,18],[38,128],[-37,26],[20,64],[34,32],[56,9],[36,-43],[4,-71],[48,-19],[61,49],[32,-7],[26,-79],[30,-48],[45,-25],[5,-79],[23,-24],[116,-2],[47,-11],[43,68],[82,-14],[121,68],[38,9],[56,-54],[80,-11],[54,35],[69,-15],[39,38],[42,6],[128,58],[44,3],[91,25],[44,38],[51,-23],[88,4],[44,14],[66,65],[37,-1],[109,-61],[65,-12],[54,8],[8,22],[-25,56],[-17,91],[10,54],[36,8],[53,-34],[29,-74],[69,-14],[33,-45],[50,-39],[48,-15],[27,15],[12,42],[29,14],[31,-76],[23,-19],[91,-14],[71,7],[58,26],[37,80],[47,36],[79,26],[31,23],[56,1],[-33,45],[8,42],[37,28],[65,-42],[18,14],[-69,60],[74,20],[64,-6],[45,25],[6,-37],[44,-47],[51,-17],[-25,-98],[90,-71],[45,-80],[87,-33],[6,-57],[52,-11]],[[11195,24383],[30,-36],[49,-28],[55,-3],[98,10],[73,27],[82,-2],[73,-30],[94,-6],[58,21],[15,55],[95,153],[-18,51],[134,42],[111,-6],[63,5],[4,37],[-20,100],[24,73],[-1,189],[79,25],[36,51],[67,16],[57,-3],[58,22],[61,58],[25,-66],[1,-52],[-26,-117],[15,-87],[51,-69]],[[12638,24813],[20,-20],[100,-179],[55,-77],[100,-84],[65,-26],[67,-64],[19,-38],[16,-89],[-4,-45],[14,-61],[34,-60],[43,-35],[118,-70]],[[13285,23965],[31,-69],[22,-144],[59,-76],[66,-64],[91,-61],[84,-14],[510,-4],[39,5]],[[14187,23538],[-109,-138],[-27,-5],[-110,-76]],[[13941,23319],[-84,-20],[-223,-14]],[[13634,23285],[-47,43],[46,37],[-6,47],[-38,40],[-101,-23],[-122,-64],[-75,-6],[-58,15],[-69,48],[-17,-8],[-48,97],[-25,32],[-46,24],[-81,-21],[-91,-94],[-113,-24],[-140,-5],[-382,57]],[[12221,23480],[-40,46],[-38,-15],[-162,147],[-22,12],[-159,-4],[-286,-93]],[[11514,23573],[-22,48],[27,39],[-54,30],[-78,25],[-30,60],[193,65],[59,11],[7,71],[-58,73],[-35,15],[-46,54],[-88,67],[-86,18],[-94,4],[-15,21],[4,99],[-3,110]],[[15692,25220],[-11,-96],[44,-121],[-16,-35],[-50,-19],[-33,-35],[-17,-90],[15,-52],[39,-23],[26,-50],[-24,-46],[-48,1],[-106,-53],[-48,-118]],[[15463,24483],[8,-61],[-21,-23],[-36,-102],[-74,-58],[-25,-54],[-31,-21],[-60,-77],[-20,-74],[16,-87],[37,-22],[35,-84],[21,-14],[53,-79],[9,-48],[-15,-100]],[[15360,23579],[-72,40],[-29,-16],[-15,-41],[-224,29],[-32,122],[-28,66],[-24,149],[48,148],[-80,-6],[-113,21],[-271,42],[9,32],[-27,68],[-53,45],[-152,33],[-176,45],[-110,-20],[-120,-15],[38,-257],[-61,-18],[-74,-4],[-27,202],[-31,-35],[-142,-17],[-27,-122],[-110,13],[-113,-47],[-59,-71]],[[12638,24813],[56,10],[109,50],[71,18],[71,40],[70,-30],[6,-37],[61,-15],[47,-72],[86,-6],[50,-69],[166,-15],[86,-24],[104,0],[39,34],[56,23],[56,72],[63,-36],[40,-44],[41,33],[55,4],[75,-42],[36,9],[37,-22],[38,34],[72,-15],[68,-70],[46,5],[32,43],[46,31],[107,20],[31,21],[53,-24],[33,31],[81,30],[36,2],[41,-27],[56,46],[56,-73],[112,-20],[59,-46],[13,-73],[46,-5],[10,49],[43,9],[64,-45],[98,39],[49,105],[-9,64],[24,83],[-15,34],[15,84],[46,68],[107,44],[43,58],[26,67]],[[15360,23579],[-31,-35]],[[15329,23544],[-29,-61],[-122,-66],[-120,-129],[-34,-72],[-12,-51],[6,-44]],[[15018,23121],[-25,11],[-25,-38],[-56,-25],[-52,7],[-35,30],[-19,62],[-27,38],[-185,58],[-101,93],[-60,42],[-4,62],[-107,63],[-59,14],[-76,0]],[[13634,23285],[-68,-6],[-67,-81],[-31,-66],[-73,-38],[-51,-72],[-53,24],[-35,-45],[2,-97],[82,-54]],[[13340,22850],[-69,-56],[-79,30],[-41,-73],[-38,20],[-121,-9],[-32,-14],[-90,-123],[-113,13],[-63,-38],[-121,46]],[[12573,22646],[-132,67],[-56,111],[-20,66],[-32,37],[-50,21],[-68,74],[-37,20],[-65,62],[30,34],[34,103]],[[12177,23241],[33,216],[11,23]],[[13340,22850],[15,-50],[-7,-54],[-89,-61],[9,-42],[55,-74],[-41,-58],[26,-37],[19,-73],[-39,-5],[-31,-113],[31,-5],[-10,-58],[-29,-16],[27,-43],[9,-82]],[[13285,22079],[54,-2]],[[13339,22077],[-28,-20],[-133,-47],[-61,-44],[-19,-33],[-58,-18],[-58,-1],[-107,-79],[-62,3],[-57,36],[-31,42],[-35,-11],[-131,-106],[-32,-57],[-103,-13],[-47,-23],[-44,4],[-70,35],[-31,36]],[[12232,21781],[16,9],[44,111],[92,47],[32,56],[-14,133],[3,75],[102,53],[52,115],[4,45],[-22,58],[2,44],[30,119]],[[12232,21781],[-67,58],[-12,99],[32,104],[-24,31],[7,43],[-25,56],[-62,79],[-51,21],[-26,58],[22,81],[48,102],[23,15],[15,105],[-10,49],[-58,77],[-32,116]],[[12012,22875],[-56,55]],[[11956,22930],[9,94],[39,105],[80,109],[22,15],[71,-12]],[[11956,22930],[-53,-28],[-115,40],[-71,73],[-59,112],[-21,6],[-66,-37],[-70,9],[-56,-69],[-70,2],[-110,57],[-47,68],[-1,78],[-34,92],[1,88],[-90,-2]],[[11094,23419],[105,48],[315,106]],[[11094,23419],[-123,-71],[-47,4],[-50,42],[-33,-53],[-48,-14],[-124,48],[-49,8]],[[10620,23383],[-124,16],[-115,58],[-95,65],[-148,93],[-80,-4],[-15,13],[-49,108],[-17,6],[-74,-32],[-61,35],[-107,-15],[-9,-27],[-60,29],[-43,5],[-51,45],[-93,14],[-60,76],[-58,56],[-57,35],[-60,21]],[[9244,23980],[-31,15],[1,76],[37,73],[38,6],[-7,39],[86,51],[50,8],[106,46],[24,47],[36,32],[-32,72],[26,17],[5,54],[26,30],[37,-27],[28,42],[3,53],[195,-55],[45,13],[97,-55],[18,-60],[26,-6],[29,53],[39,26],[83,-12],[45,-40],[78,-25],[49,32],[35,-5],[56,17],[62,-11],[39,-47],[64,15],[132,-35],[55,5],[82,28],[87,43],[71,-36],[97,-5],[23,-14],[11,-57]],[[13941,23319],[-11,-60],[118,4],[-33,-133],[-14,-18],[-4,-106],[-14,-32],[48,-20],[-27,-63],[38,-18],[47,-60],[76,-20],[6,-40],[63,-41],[84,21],[-37,-70],[-1,-106],[16,-48],[74,-383],[31,-82],[-65,-161],[7,-71]],[[14343,21812],[-8,-61],[-113,12],[-39,39],[-67,31],[-94,8],[-35,15]],[[13987,21856],[-124,123],[-33,65],[-62,43],[-39,-2],[-141,17],[-78,25],[-125,-1],[-100,-47]],[[15018,23121],[7,-43],[-10,-68]],[[15015,23010],[41,-69],[0,-146],[-30,-83],[-3,-146],[9,-231],[-17,-108],[-105,-71],[-31,-74],[28,-72]],[[14907,22010],[-8,-22]],[[14899,21988],[-71,13],[-79,-12],[-91,-99],[-110,-59],[-174,2],[-31,-21]],[[14899,21988],[-39,-62],[32,-76],[19,-70],[-8,-22]],[[14903,21758],[-21,-31],[-4,-52],[-65,-55],[-28,-87],[30,-41],[-54,-26],[-53,-52],[-22,-91],[-53,-49],[-30,-57],[-11,-65],[-42,-15],[-41,10],[-36,-14],[-46,-91],[-83,-50],[-34,30],[-110,2],[-69,-44],[-45,0]],[[14086,20980],[10,38],[45,47],[10,62],[-57,46],[-49,-21],[-77,53],[14,47],[-108,48],[-8,91],[43,58],[23,57],[5,95],[44,58],[39,92],[33,26],[-46,26],[-20,53]],[[14903,21758],[32,-50],[-1,-130],[-29,-49],[8,-24],[97,-116],[15,-30],[-11,-144],[66,-102],[80,-55],[-20,-62],[15,-55]],[[15155,20941],[-29,-41],[11,-57],[-25,-60],[7,-26],[-65,-93],[0,-57],[-27,-31],[27,-46]],[[15054,20530],[-19,-34],[-102,-58],[-171,4],[-71,78],[-95,16],[-58,29],[-46,82],[-118,92],[-40,-17],[-137,-16],[-102,10],[-57,-3],[-21,-50],[22,-73],[6,-61],[-32,-46],[-59,17],[-94,-25],[-44,45],[-106,-6]],[[13710,20514],[19,61],[-29,168],[51,91],[-19,54],[-70,47],[38,44],[49,11],[53,-13],[46,35],[50,-3],[94,-24],[94,-5]],[[13710,20514],[-51,-38],[-34,0],[-26,36],[-69,8],[-38,52],[-75,15],[-61,60],[3,60],[-58,-28],[-110,0],[-46,67],[-50,-12],[-17,22],[14,62],[-5,58],[-48,28],[-42,-1],[-29,-23],[-48,28],[-4,26],[-47,78],[-61,4],[-49,21],[-5,38],[-35,87],[31,41]],[[12750,21203],[14,58],[-7,98],[14,25],[153,-18],[21,31],[-62,90],[5,41],[45,7],[4,26],[-55,53],[20,74],[67,-21],[30,14],[43,-11],[16,-25],[41,-5],[21,46],[108,-28],[37,95],[55,38],[15,53],[-12,102],[-36,4],[12,63],[40,64]],[[16194,23034],[80,-20],[214,-68],[81,-42],[164,-128]],[[16733,22776],[31,-157],[14,-235]],[[16778,22384],[-38,-12],[-186,66],[9,34],[-84,30],[-26,-23],[-92,94],[-158,171],[-101,-63],[-26,39],[-43,152],[7,55]],[[16040,22927],[41,25],[62,70],[51,12]],[[17328,21952],[-76,36],[-76,75],[-58,-76],[-53,-53],[-42,-9],[-5,37],[-35,23],[-59,-59],[-153,-47],[-45,24],[-50,-20],[17,89],[-4,30]],[[16689,22002],[89,33],[31,86],[-23,115],[-8,148]],[[16733,22776],[74,-67],[56,-32],[155,-58],[108,19],[130,127]],[[16251,20827],[-70,15],[-57,29],[-24,50],[0,114],[173,129],[3,17],[87,76],[25,-5],[26,92],[-33,13],[6,78],[35,114]],[[16422,21549],[56,149],[19,25],[97,88],[22,40],[35,110],[38,41]],[[16422,21549],[-50,6],[-251,102]],[[16121,21657],[-133,59],[161,429],[25,55],[-101,29],[-22,47],[-111,50],[-31,-5],[5,-45],[-70,24],[-75,11],[-53,-4]],[[15716,22307],[-16,146],[17,27],[8,83],[-38,3],[-13,99],[45,5],[25,242],[-59,34]],[[15685,22946],[176,-24],[137,-12],[42,17]],[[15442,19382],[-50,71],[-39,86],[-28,23],[-81,1],[-96,48],[-48,34],[-61,106],[12,56],[71,98],[46,49],[49,83],[-9,105],[13,74],[-21,32],[-101,13],[-3,128],[-23,41],[12,40],[-31,60]],[[15155,20941],[13,100],[109,30],[87,-55],[58,21],[15,-38],[96,14],[64,-15]],[[15597,20998],[36,-179],[-110,-21],[8,-30],[-57,-35],[34,-151],[40,-34],[128,31],[16,-99]],[[15597,20998],[50,37],[21,34],[47,35],[78,35],[48,37],[2,44],[65,61],[111,-9],[2,33],[-36,141],[13,66],[-17,48],[25,47],[44,-26],[59,50],[12,26]],[[14907,22010],[96,-56],[36,9],[78,-3],[92,-32],[103,-62],[49,80],[34,-41],[228,-212],[16,-42],[85,185],[-11,70],[42,132],[-55,41],[-24,223],[40,5]],[[15015,23010],[223,-11],[88,28],[82,15],[61,-3],[63,-23],[86,-51],[67,-19]],[[15329,23544],[124,-21],[178,-48],[88,-32],[313,-124],[178,-78],[54,-19]],[[16264,23222],[-6,-51],[-34,-47],[3,-26],[-33,-64]],[[16264,23222],[43,-19],[134,-28],[209,-27],[16,-21],[80,-41],[161,41]],[[16907,23127],[116,-16],[169,-54],[181,-65],[38,-7]],[[15463,24483],[142,-56],[11,-18],[220,-88],[11,34],[53,-17],[88,-8],[149,73],[47,63],[16,66],[36,-55],[30,-84],[127,-17],[51,14],[15,-88],[65,-21]],[[16524,24281],[-11,-17],[-91,10],[-79,-147],[-24,-30],[14,-181],[22,-79],[-28,-24],[10,-43],[43,-30],[60,3],[54,-34],[-49,-119],[-62,-66],[-63,-104],[-26,-59],[-30,-139]],[[16524,24281],[154,0],[21,7],[191,7],[41,-96],[-24,-62]],[[16907,24137],[-25,-31],[-28,-146],[8,-88],[-83,23],[-51,40],[-38,-90],[52,-80],[-26,-49],[6,-92],[43,-37],[14,-38],[51,7],[-11,-97],[49,-198],[39,-134]],[[16907,24137],[28,-29],[40,74],[75,53],[-36,61],[63,55]],[[12012,22875],[-25,-27],[-87,-28],[-64,19],[-46,-8],[-130,-86],[-39,17],[-128,-38],[-90,-70],[-158,22],[-61,32],[-41,-8],[-138,3]],[[11005,22703],[37,37],[-102,193],[-37,39],[-66,-2],[-46,-38],[-48,0]],[[10743,22932],[-54,-11],[-40,24],[-28,105],[-22,37],[-5,81],[51,25],[-25,190]],[[12232,21781],[-84,-54],[-169,-1],[-103,-17],[-117,40],[-44,-2],[-81,-27],[-9,-39],[-70,-65],[-47,-16]],[[11508,21600],[-2,83],[-38,62],[-33,15],[-58,-20],[-39,33],[-31,70],[-51,58],[-70,34],[-54,69],[6,35],[-30,92],[29,97],[43,21],[0,69],[-26,94],[-37,68],[-37,34],[-42,13],[-41,95],[8,81]],[[12750,21203],[-176,-68],[-32,-32],[-46,-16],[-67,-51],[-88,-12],[-31,18]],[[12310,21042],[-31,31],[-59,24],[-64,2],[-138,-37],[-182,-14],[-123,1],[-77,14],[-106,32],[-78,56],[-62,85],[-18,43]],[[11372,21279],[36,22],[37,116],[49,56],[-11,89],[25,38]],[[13813,18924],[-22,45],[3,217],[-16,130],[-96,144],[59,36],[49,-54],[29,-61],[98,45],[-55,206],[44,117],[-90,39],[-174,12],[-18,97],[71,3],[-29,74],[-19,153],[18,63],[28,24],[109,59],[4,18],[-35,135],[-61,88]],[[12699,18830],[-19,48],[17,56],[-44,97],[-8,68],[-43,22],[-16,40],[-59,75],[-61,23],[-75,168],[-56,50],[-66,35],[1,73],[24,19],[75,25],[-9,37],[43,44],[-18,21],[-108,19],[-97,32],[-176,-37],[-4,19],[40,54],[5,36],[-11,92],[-31,100],[-19,25],[25,68],[-1,57],[57,109],[56,39],[33,122],[-33,112],[-26,-36],[-52,-36],[-61,-16],[-97,32],[-79,39],[139,52],[74,-24],[35,26],[82,26],[26,65],[15,74],[77,59],[0,47],[33,51],[47,46],[-24,59]],[[11170,17350],[-70,-50],[-6,-69],[-15,-12],[-93,18],[-34,-20],[-18,-75],[-65,-64]],[[10869,17078],[-146,172],[-54,-146],[-144,42],[-62,-3],[-69,-62],[-110,-160],[-311,0],[-93,63],[-27,-2],[-60,-43],[-78,10],[-158,138],[-50,97],[-48,64],[-9,63],[15,49],[28,28],[-66,182],[-9,5],[-213,-204],[-131,-5],[-571,12]],[[8503,17378],[-23,45],[-71,57],[-132,159],[-27,99],[10,68],[83,157],[-3,110],[8,76],[20,63],[60,47],[-41,116],[-3,87],[39,40],[-15,66],[-37,12],[21,95],[0,61],[-21,53],[-3,47],[-25,91],[49,89],[-8,42],[4,78],[-11,32],[-91,90],[20,31],[62,20],[55,1],[65,54],[70,71],[-9,47],[49,82],[44,21]],[[8642,19585],[82,5],[48,23],[39,-6],[41,-40],[71,-45],[42,1],[60,63],[43,18],[112,12],[43,17],[58,-5],[109,-47],[27,-1],[65,66],[47,62],[48,109],[6,43],[-17,101],[30,109]],[[9596,20070],[46,62],[140,81],[45,53],[85,13],[25,47],[10,64],[19,30],[16,92],[65,78],[79,58],[47,47],[69,50],[-23,73],[8,79],[27,33],[89,33],[78,42],[62,16],[54,59],[125,81],[7,101]],[[10669,21262],[21,-19],[128,-31],[134,22],[51,-17],[76,-41],[77,49],[140,27],[76,27]],[[11009,14177],[-355,465],[-31,49],[-101,54],[32,64],[-22,75],[-122,12],[-20,40],[4,83],[-41,31],[4,42],[-31,154],[19,43],[-17,47],[-71,23],[-18,80],[29,57],[63,53],[8,37],[-29,55],[27,70],[-10,42],[22,63],[97,-4],[45,-12],[37,30],[36,59],[103,12],[81,-7],[38,-52],[22,-7],[53,41],[37,46],[17,47],[-9,73],[-28,69],[-87,73],[-21,35],[-55,1],[-3,47],[83,95],[-15,74],[5,124],[37,49],[2,38],[29,31],[59,8],[16,36],[-10,54],[-46,37],[19,84],[-45,93],[-5,32],[28,56]],[[8467,11162],[-141,-109],[-38,-3],[-63,60],[-56,-33],[-89,65],[-73,-18],[-55,110],[-68,9],[-63,57],[-62,159],[-66,72],[-52,21],[-126,-45],[-68,27],[-37,71],[-20,10]],[[7390,11615],[77,124],[123,129],[120,60],[60,39],[106,153],[-3,72],[-31,78],[-66,75],[63,162],[-78,23],[-51,220],[144,111],[-33,90],[-87,159],[60,84],[6,165],[-57,51],[109,194],[-45,113],[-4,91],[13,79],[84,147],[36,49],[37,84],[-10,95],[-88,170],[10,155],[-42,89],[-14,75],[127,139],[14,54],[31,52],[41,26],[-3,46],[23,37],[-12,175],[-22,48],[-72,72],[-19,62],[39,71],[80,107],[55,29],[60,122],[0,56],[-29,70],[-80,89],[22,98],[37,66],[-25,75],[-8,97],[13,84],[36,97],[47,67],[-38,51],[5,28]],[[8151,16669],[38,19],[73,156],[54,14],[99,45],[6,24],[-44,142],[14,97],[18,21],[68,12],[12,35],[-25,61],[6,42],[33,41]],[[7390,11615],[-31,3],[-87,48],[15,45],[-59,40],[-23,41],[-35,131],[-39,86],[-31,28],[12,55],[-7,42],[18,64],[-16,44],[-75,21],[8,54],[-62,71],[-115,41],[-25,22],[-69,13],[-11,72],[-42,7],[32,84],[-16,65],[92,46],[62,63],[-32,72],[30,116],[-78,11],[-24,-9],[-48,29],[-24,-48],[-58,-10],[7,77],[-71,97],[-8,55],[51,73],[-4,52],[-34,40],[61,25],[60,79],[-4,83],[27,27],[1,101],[-52,45],[-9,59],[19,47],[-45,79],[-53,9],[-24,-13],[-62,19],[-61,3],[-34,-22],[-20,-50],[-55,10],[-72,-13],[-27,32],[-92,40],[-78,109],[-29,56],[20,50],[-23,54],[-48,42],[-10,46],[-1,104],[-38,24],[-1,31],[-36,65],[24,37],[-31,20],[-58,8],[-59,43],[3,62],[-45,48],[-25,63],[8,81],[-34,45],[-68,29],[0,46],[-77,35],[-9,36],[23,42],[16,138],[70,44],[6,38],[-24,112],[-43,92],[-2,51],[-29,64],[9,103],[-45,63],[-13,58],[19,178],[15,50],[-6,53],[-48,44],[-82,-21],[-108,25],[-56,41],[-52,-25],[-58,6],[-38,-18],[-35,20],[-69,-4],[3,48],[-18,45],[-61,92],[56,55],[3,52],[-39,43],[-56,12],[-26,41],[-28,-12],[-68,31],[-44,51],[-19,76],[-49,42],[32,46],[60,36],[14,39],[-26,69],[-26,28],[55,54],[-57,109],[54,103],[-4,42],[29,18],[-11,43],[91,-31],[42,56],[44,-42],[32,16],[17,38],[45,-4],[42,45],[-38,63],[58,125],[-18,27],[41,33],[124,-31],[100,16],[71,25],[69,40],[63,66],[40,55],[5,69],[42,16],[7,44],[-21,42],[35,41],[13,46],[-14,50],[-8,85],[-24,91],[-26,44],[30,40]],[[5622,18432],[124,-1],[78,-37],[34,-5],[42,-56],[45,15],[84,-25],[50,9],[88,-24],[41,-56],[-2,-52],[27,-107],[60,-47],[76,-16],[140,-88],[35,-91],[79,-48],[180,-25],[68,13],[19,24],[45,3],[68,-26],[45,-40],[8,-47],[40,-68],[-5,-49],[34,-112],[30,-52],[18,-65],[51,-14],[16,-60],[27,-31],[94,-17],[38,49],[80,0],[32,-33],[78,-42],[20,-43],[39,-19],[78,-63],[58,-61],[69,13],[85,36],[52,-27],[76,20],[31,-15],[9,-86],[-14,-119],[-1,-74],[35,-85],[25,-19]],[[5622,18432],[54,92],[24,94],[-3,119],[30,105],[63,61],[68,3],[35,-12],[17,-33],[47,-23],[45,9],[2,32],[55,24],[28,66],[-16,78],[95,65],[92,20],[50,63],[-3,60],[15,79],[43,70],[21,55],[45,26],[62,110],[-2,32],[-36,56],[15,29],[82,64],[-3,30],[51,74],[37,91],[6,69],[20,12],[27,65],[-5,57],[-33,33],[-8,55],[18,114],[39,29],[67,15],[39,22]],[[6805,20442],[218,-24],[16,-12],[17,-92],[24,-52],[36,-13],[74,39],[71,96],[32,62],[24,18],[83,15],[68,1],[51,24],[45,75],[41,16],[78,-37],[57,-49],[59,20],[55,-36],[36,23],[47,-21],[52,41],[38,1],[10,-58],[-15,-38],[-45,-60],[-52,-90],[-25,-80],[23,-80],[-25,-53],[40,-53],[10,-61],[59,-51],[137,-1],[77,-15],[-8,-60],[77,-73],[45,-80],[-29,-72],[22,-52],[50,-12],[130,10],[59,58],[37,10],[38,-41]],[[6805,20442],[103,30],[36,45],[-14,77],[3,66],[-37,16],[-12,45],[-44,16],[-7,43],[-90,76],[-8,97],[-20,21],[22,41],[48,5],[71,-18],[58,50],[58,10],[113,-27],[25,22],[3,41],[42,69],[156,35],[16,47],[-41,68],[3,25],[58,16],[58,65],[45,23],[174,126],[24,25],[-7,59]],[[7641,21656],[31,24],[23,-51],[10,-60],[76,-59],[29,24],[-8,50],[27,10],[43,63],[-26,98],[-22,29],[11,45],[38,28],[212,39],[77,53],[50,-15],[54,21],[70,68],[43,23],[64,-1],[34,36],[59,27],[16,-60],[57,-60],[55,-90],[66,-49],[-74,-39],[-29,-38],[-20,-87],[-24,-49],[-41,-16],[-18,-62],[7,-109],[-35,-94],[-57,-29],[-9,-40],[26,-38],[-31,-55],[-18,-77],[-57,-34],[-58,-6],[-68,-78],[-55,-25],[-28,-43],[1,-94],[74,-60],[88,17],[52,-34],[21,-51],[39,-39],[99,-34],[76,-14],[132,-74],[49,-39],[91,1],[6,-17],[135,-136],[30,14],[82,84],[37,61],[105,0],[70,-51],[80,-145],[93,-82],[29,-61],[79,-20],[-30,-71],[17,-15]],[[10669,21262],[-9,27],[-44,14],[-105,148],[-62,113],[-2,53],[-63,61],[-13,44],[-52,43],[-55,11],[-62,58],[-20,49],[-89,73],[-194,61],[6,28],[-55,14],[-8,99],[13,50],[36,51],[24,-49],[28,40],[41,23],[-31,64],[21,22],[85,-15],[113,-89],[47,5],[-35,53],[93,-9],[-50,112],[134,142],[35,44],[3,42],[-35,109],[73,27],[93,16],[51,-101],[12,66],[-37,69],[37,29],[58,-2],[20,38],[72,37]],[[7641,21656],[-36,68],[-82,39],[-103,-1],[-26,87],[0,77],[-18,39],[10,65],[-25,51],[-12,69],[24,139],[-12,67],[21,12],[141,7],[84,42],[56,64],[88,10],[56,32],[84,-1],[58,21],[51,3],[46,43],[76,20],[42,51],[37,5],[18,86],[-60,27],[-9,36],[32,26],[-49,42],[-86,9],[-6,46],[-55,38],[19,68],[-10,36],[27,42],[-18,140],[15,38],[41,16],[17,83],[35,48],[-5,108],[-53,56]],[[8054,23610],[118,-7],[87,-35],[37,-2],[36,28],[32,66],[-1,56],[61,43],[94,-7],[83,-39],[44,-5],[120,82],[56,27],[81,-18],[58,56],[80,20],[99,-23],[38,10],[67,118]],[[8054,23610],[-55,-4],[-38,28],[-48,-4],[-39,34],[-49,0],[-37,40],[-53,89],[-3,67],[-23,25],[-14,51],[-90,79],[-103,110],[-42,157],[-57,47],[-61,123],[-16,60],[-69,44],[-75,-7],[-35,36],[-4,42],[52,90],[112,109],[-9,45],[-83,90],[-48,75],[5,40],[76,78],[82,108],[20,43],[28,106],[16,164],[-73,91],[-37,18],[15,51],[-6,64],[17,25],[51,14],[34,-28],[27,35],[-68,44],[1,55],[53,67],[-5,29],[-46,18],[-13,35],[18,39],[44,39],[-136,22],[-44,72],[-20,-56],[-40,-14],[-85,58],[-50,6],[-3,45],[-35,13],[-97,74],[-123,-7],[-43,-48],[-57,-11],[-89,61],[-45,110],[-23,26],[-50,3],[-53,25],[-33,52],[-33,12]],[[6347,26614],[186,-10],[87,19],[66,31],[129,25],[77,77],[62,9],[50,-19],[95,0],[82,19],[150,-22],[91,3],[57,40],[74,24],[63,0],[125,22],[62,-16],[84,20],[80,60],[53,-9],[21,-29],[51,-24],[84,-1],[15,-16],[-2,-68],[18,-24],[130,9],[73,25],[190,135],[47,17],[61,64],[77,58],[76,30],[89,15],[34,55],[20,102],[19,52],[70,66],[22,84],[5,59],[20,59],[13,84],[18,32],[46,32],[57,-13],[112,27],[35,-15],[125,26],[49,-33],[41,9],[22,52],[56,29],[-3,62],[32,87],[47,48],[153,68],[37,45],[-24,55],[-116,65],[-86,-2],[-53,-18],[-135,27],[1,63],[25,21],[70,-2],[60,79],[28,79],[43,41],[121,48],[48,-10],[92,21],[55,-40],[27,7],[-10,66],[16,40],[33,15],[101,-8],[27,23],[5,41],[-29,56],[31,47],[105,-5],[87,-87],[77,-9]],[[6347,26614],[9,26],[42,21],[26,51],[14,63],[-4,86],[-34,82],[20,25],[-35,57],[-53,46],[-14,42],[-28,19],[-34,-24],[-42,3],[24,51],[-39,4],[-11,69],[8,29],[-16,75],[11,94],[92,41],[-6,37],[18,76],[36,23],[-23,70],[-67,19],[16,48],[54,10],[30,66],[-16,36],[-37,1],[-35,41],[1,71],[82,39],[21,49],[-24,45],[47,56],[-25,88],[-74,52],[12,50],[-13,30],[-65,2],[-34,26],[-11,127],[-39,56],[-15,53],[12,69],[28,38],[114,79],[43,54],[10,96],[47,35],[62,-38],[34,-2],[122,42],[27,30],[30,80],[-22,114],[-43,80],[-39,20],[-67,-6],[-31,10],[-56,77],[-28,22],[-85,-16],[-40,82],[24,102],[-40,69],[-16,68],[16,66],[-13,82],[-53,125],[-42,58],[-7,45],[105,81],[63,20],[72,69],[56,4],[65,33],[56,66],[43,16],[63,-7],[45,14],[113,4],[147,72],[101,-50],[57,11],[-7,43],[54,45],[-17,64],[40,51],[75,34],[71,16],[30,22],[75,2],[32,49],[43,-22],[81,5],[37,48],[50,-2],[47,-45],[44,-1],[-5,77],[35,66],[-19,49],[37,41],[60,15],[80,51],[80,-71],[15,-34],[52,-13],[28,47],[83,-58],[37,17],[17,46],[94,-17],[60,-21],[48,21],[72,58],[36,47],[58,47],[63,28],[41,-35],[68,6],[4,41],[48,42],[62,23],[18,43],[76,3],[149,88],[48,16],[54,-108],[79,-66],[42,3],[15,64],[39,-1],[52,45],[52,-5],[33,28],[43,-21],[61,42],[47,8],[31,-32],[-8,-38],[37,-17],[54,19],[1,32],[78,12],[-11,39],[23,47],[58,2],[25,47],[54,24],[49,-32],[6,-39],[33,-28],[48,71]]],"transform":{"scale":[2.6079130717028214,2.6133731899223633],"translate":[275282.7099277298,7337239.215128332]},"objects":{"zonas_2023_s":{"type":"GeometryCollection","geometries":[{"arcs":[[0,1,2,3,4]],"type":"Polygon","properties":{"codigo":"1","nome":"Sé","municipio_nome":"São Paulo"},"id":"1"},{"arcs":[[-5,5,6,7,8,9,10,11]],"type":"Polygon","properties":{"codigo":"2","nome":"Parque Dom Pedro","municipio_nome":"São Paulo"},"id":"2"},{"arcs":[[-1,-12,12,13,14]],"type":"Polygon","properties":{"codigo":"3","nome":"Praça João Mendes","municipio_nome":"São Paulo"},"id":"3"},{"arcs":[[-2,-15,15,16,17,18]],"type":"Polygon","properties":{"codigo":"4","nome":"Ladeira da Memória","municipio_nome":"São Paulo"},"id":"4"},{"arcs":[[-3,-19,19,20,21]],"type":"Polygon","properties":{"codigo":"5","nome":"República","municipio_nome":"São Paulo"},"id":"5"},{"arcs":[[-4,-22,22,23,-6]],"type":"Polygon","properties":{"codigo":"6","nome":"Santa Ifigênia","municipio_nome":"São Paulo"},"id":"6"},{"arcs":[[-7,-24,24,25,26,27,28]],"type":"Polygon","properties":{"codigo":"7","nome":"Luz","municipio_nome":"São Paulo"},"id":"7"},{"arcs":[[-26,29,30,31,32,33]],"type":"Polygon","properties":{"codigo":"8","nome":"Bom Retiro","municipio_nome":"São Paulo"},"id":"8"},{"arcs":[[-27,-34,34,35,36,37]],"type":"Polygon","properties":{"codigo":"9","nome":"Ponte Pequena","municipio_nome":"São Paulo"},"id":"9"},{"arcs":[[-37,38,39,40,41]],"type":"Polygon","properties":{"codigo":"10","nome":"Canindé","municipio_nome":"São Paulo"},"id":"10"},{"arcs":[[-41,42,43,44,45]],"type":"Polygon","properties":{"codigo":"11","nome":"Bom Jardim","municipio_nome":"São Paulo"},"id":"11"},{"arcs":[[-28,-38,-42,-46,46,47,48,49]],"type":"Polygon","properties":{"codigo":"12","nome":"Pari","municipio_nome":"São Paulo"},"id":"12"},{"arcs":[[-29,-50,50,51]],"type":"Polygon","properties":{"codigo":"13","nome":"João Teodoro","municipio_nome":"São Paulo"},"id":"13"},{"arcs":[[-49,52,53,54,-51]],"type":"Polygon","properties":{"codigo":"14","nome":"Oriente","municipio_nome":"São Paulo"},"id":"14"},{"arcs":[[55,56,57,58,-54]],"type":"Polygon","properties":{"codigo":"15","nome":"Bresser","municipio_nome":"São Paulo"},"id":"15"},{"arcs":[[-9,59,-58,60,61]],"type":"Polygon","properties":{"codigo":"16","nome":"Brás","municipio_nome":"São Paulo"},"id":"16"},{"arcs":[[-8,-52,-55,-59,-60]],"type":"Polygon","properties":{"codigo":"17","nome":"Gasômetro","municipio_nome":"São Paulo"},"id":"17"},{"arcs":[[-10,-62,62,63,64,65,66]],"type":"Polygon","properties":{"codigo":"18","nome":"Independência","municipio_nome":"São Paulo"},"id":"18"},{"arcs":[[-66,67,68,69,70]],"type":"Polygon","properties":{"codigo":"19","nome":"Cambuci","municipio_nome":"São Paulo"},"id":"19"},{"arcs":[[-11,-67,-71,71,72,73,-13]],"type":"Polygon","properties":{"codigo":"20","nome":"Glicério","municipio_nome":"São Paulo"},"id":"20"},{"arcs":[[-70,74,75,-72]],"type":"Polygon","properties":{"codigo":"21","nome":"Aclimação","municipio_nome":"São Paulo"},"id":"21"},{"arcs":[[-73,-76,76,77,78]],"type":"Polygon","properties":{"codigo":"22","nome":"Pires da Mota","municipio_nome":"São Paulo"},"id":"22"},{"arcs":[[-78,79,80,81]],"type":"Polygon","properties":{"codigo":"23","nome":"Centro Cultural","municipio_nome":"São Paulo"},"id":"23"},{"arcs":[[-14,-74,-79,-82,82]],"type":"Polygon","properties":{"codigo":"24","nome":"Liberdade","municipio_nome":"São Paulo"},"id":"24"},{"arcs":[[-17,83,84,85,86,87]],"type":"Polygon","properties":{"codigo":"25","nome":"Treze de Maio","municipio_nome":"São Paulo"},"id":"25"},{"arcs":[[-16,-83,88,-84]],"type":"Polygon","properties":{"codigo":"26","nome":"Bexiga","municipio_nome":"São Paulo"},"id":"26"},{"arcs":[[-81,89,90,-85,-89]],"type":"Polygon","properties":{"codigo":"27","nome":"Bela Vista","municipio_nome":"São Paulo"},"id":"27"},{"arcs":[[-86,-91,91,92]],"type":"Polygon","properties":{"codigo":"28","nome":"São Carlos do Pinhal","municipio_nome":"São Paulo"},"id":"28"},{"arcs":[[-87,-93,93,94,95,96]],"type":"Polygon","properties":{"codigo":"29","nome":"Masp","municipio_nome":"São Paulo"},"id":"29"},{"arcs":[[97,98,99,100,101]],"type":"Polygon","properties":{"codigo":"30","nome":"Higienópolis","municipio_nome":"São Paulo"},"id":"30"},{"arcs":[[-18,-88,-97,102,-98,103,-20]],"type":"Polygon","properties":{"codigo":"31","nome":"Vila Buarque","municipio_nome":"São Paulo"},"id":"31"},{"arcs":[[-96,104,105,106,-99,-103]],"type":"Polygon","properties":{"codigo":"32","nome":"Consolação","municipio_nome":"São Paulo"},"id":"32"},{"arcs":[[-107,107,108,109,110]],"type":"Polygon","properties":{"codigo":"33","nome":"Pacaembu","municipio_nome":"São Paulo"},"id":"33"},{"arcs":[[-100,-111,111,112]],"type":"Polygon","properties":{"codigo":"34","nome":"FAAP","municipio_nome":"São Paulo"},"id":"34"},{"arcs":[[-21,-104,-102,113,-25,-23]],"type":"Polygon","properties":{"codigo":"35","nome":"Santa Cecília","municipio_nome":"São Paulo"},"id":"35"},{"arcs":[[-114,-101,-113,114,115,-30]],"type":"Polygon","properties":{"codigo":"36","nome":"Marechal Deodoro","municipio_nome":"São Paulo"},"id":"36"},{"arcs":[[-31,-116,116]],"type":"Polygon","properties":{"codigo":"37","nome":"Rudge","municipio_nome":"São Paulo"},"id":"37"},{"arcs":[[-45,117,118,119,-47]],"type":"Polygon","properties":{"codigo":"38","nome":"Catumbi","municipio_nome":"São Paulo"},"id":"38"},{"arcs":[[-119,120,121,122,123,124,125]],"type":"Polygon","properties":{"codigo":"39","nome":"Belém","municipio_nome":"São Paulo"},"id":"39"},{"arcs":[[126,127,128,129]],"type":"Polygon","properties":{"codigo":"40","nome":"Quarta Parada","municipio_nome":"São Paulo"},"id":"40"},{"arcs":[[130,-125,131,-130,132,-56]],"type":"Polygon","properties":{"codigo":"41","nome":"Belenzinho","municipio_nome":"São Paulo"},"id":"41"},{"arcs":[[-48,-120,-126,-131,-53]],"type":"Polygon","properties":{"codigo":"42","nome":"Celso Garcia","municipio_nome":"São Paulo"},"id":"42"},{"arcs":[[-57,-133,-129,133,134,135,-61]],"type":"Polygon","properties":{"codigo":"43","nome":"Mooca","municipio_nome":"São Paulo"},"id":"43"},{"arcs":[[-135,136,137,138]],"type":"Polygon","properties":{"codigo":"44","nome":"Alto da Mooca","municipio_nome":"São Paulo"},"id":"44"},{"arcs":[[-63,-136,-139,139,140,141]],"type":"Polygon","properties":{"codigo":"45","nome":"Parque da Mooca","municipio_nome":"São Paulo"},"id":"45"},{"arcs":[[142,143,144,145,146,147,148]],"type":"Polygon","properties":{"codigo":"46","nome":"Água Rasa","municipio_nome":"São Paulo"},"id":"46"},{"arcs":[[-137,149,-143,150]],"type":"Polygon","properties":{"codigo":"47","nome":"Vila Bertioga","municipio_nome":"São Paulo"},"id":"47"},{"arcs":[[-128,151,152,-144,-150,-134]],"type":"Polygon","properties":{"codigo":"48","nome":"Regente Feijó","municipio_nome":"São Paulo"},"id":"48"},{"arcs":[[-75,153,154,155,156,-80,-77]],"type":"Polygon","properties":{"codigo":"49","nome":"Ana Rosa","municipio_nome":"São Paulo"},"id":"49"},{"arcs":[[-69,157,158,159,160,-154]],"type":"Polygon","properties":{"codigo":"50","nome":"Jardim da Glória","municipio_nome":"São Paulo"},"id":"50"},{"arcs":[[-160,161,162,163]],"type":"Polygon","properties":{"codigo":"51","nome":"Chácara Klabin","municipio_nome":"São Paulo"},"id":"51"},{"arcs":[[-155,-161,-164,164,165]],"type":"Polygon","properties":{"codigo":"52","nome":"Vila Mariana","municipio_nome":"São Paulo"},"id":"52"},{"arcs":[[-163,166,167,168,169,-165]],"type":"Polygon","properties":{"codigo":"53","nome":"Santa Cruz","municipio_nome":"São Paulo"},"id":"53"},{"arcs":[[-169,170,171,172]],"type":"Polygon","properties":{"codigo":"54","nome":"Vila Clementino","municipio_nome":"São Paulo"},"id":"54"},{"arcs":[[-166,-170,-173,173,174]],"type":"Polygon","properties":{"codigo":"55","nome":"França Pinto","municipio_nome":"São Paulo"},"id":"55"},{"arcs":[[-156,-175,175,176]],"type":"Polygon","properties":{"codigo":"56","nome":"Rodrigues Alves","municipio_nome":"São Paulo"},"id":"56"},{"arcs":[[-90,-157,-177,177,178,179]],"type":"Polygon","properties":{"codigo":"57","nome":"Paraíso","municipio_nome":"São Paulo"},"id":"57"},{"arcs":[[-168,180,181,182,183]],"type":"Polygon","properties":{"codigo":"58","nome":"Bosque da Saúde","municipio_nome":"São Paulo"},"id":"58"},{"arcs":[[-183,184,185,186,187,188]],"type":"Polygon","properties":{"codigo":"59","nome":"Saúde","municipio_nome":"São Paulo"},"id":"59"},{"arcs":[[-188,189,190,191,192,193,194]],"type":"Polygon","properties":{"codigo":"60","nome":"Planalto Paulista","municipio_nome":"São Paulo"},"id":"60"},{"arcs":[[-171,-184,-189,-195,195,196]],"type":"Polygon","properties":{"codigo":"61","nome":"Mirandópolis","municipio_nome":"São Paulo"},"id":"61"},{"arcs":[[-174,197,198,199,200,-178,-176]],"type":"Polygon","properties":{"codigo":"62","nome":"Parque Ibirapuera","municipio_nome":"São Paulo"},"id":"62"},{"arcs":[[-172,-197,201,202,-198]],"type":"Polygon","properties":{"codigo":"63","nome":"Jardim Luzitânia","municipio_nome":"São Paulo"},"id":"63"},{"arcs":[[-194,203,204,-202,-196]],"type":"Polygon","properties":{"codigo":"64","nome":"Moema","municipio_nome":"São Paulo"},"id":"64"},{"arcs":[[-203,-205,205,206,207,208]],"type":"Polygon","properties":{"codigo":"65","nome":"Vila Helena","municipio_nome":"São Paulo"},"id":"65"},{"arcs":[[-193,209,210,-206,-204]],"type":"Polygon","properties":{"codigo":"66","nome":"Bandeirantes","municipio_nome":"São Paulo"},"id":"66"},{"arcs":[[-199,-209,211,212,213]],"type":"Polygon","properties":{"codigo":"67","nome":"Vila Nova Conceição","municipio_nome":"São Paulo"},"id":"67"},{"arcs":[[-213,214,215,216,217,218]],"type":"Polygon","properties":{"codigo":"68","nome":"Chácara Itaim","municipio_nome":"São Paulo"},"id":"68"},{"arcs":[[-208,219,220,-215,-212]],"type":"Polygon","properties":{"codigo":"69","nome":"Vila Olímpia","municipio_nome":"São Paulo"},"id":"69"},{"arcs":[[-207,-211,221,222,-220]],"type":"Polygon","properties":{"codigo":"70","nome":"Hélio Pelegrino","municipio_nome":"São Paulo"},"id":"70"},{"arcs":[[-222,223,224,225,226]],"type":"Polygon","properties":{"codigo":"71","nome":"Brooklin","municipio_nome":"São Paulo"},"id":"71"},{"arcs":[[-226,227,228,229,230]],"type":"Polygon","properties":{"codigo":"72","nome":"Vila Cordeiro","municipio_nome":"São Paulo"},"id":"72"},{"arcs":[[-216,-221,-223,-227,-231,231,232]],"type":"Polygon","properties":{"codigo":"73","nome":"Berrini","municipio_nome":"São Paulo"},"id":"73"},{"arcs":[[-92,-180,233,234,-94]],"type":"Polygon","properties":{"codigo":"74","nome":"Campinas","municipio_nome":"São Paulo"},"id":"74"},{"arcs":[[-179,-201,235,236,-234]],"type":"Polygon","properties":{"codigo":"75","nome":"Pamplona","municipio_nome":"São Paulo"},"id":"75"},{"arcs":[[-200,-214,-219,237,238,239,240,-236]],"type":"Polygon","properties":{"codigo":"76","nome":"Jardins","municipio_nome":"São Paulo"},"id":"76"},{"arcs":[[-106,241,242,-240,243,244,245,-108]],"type":"Polygon","properties":{"codigo":"77","nome":"Clínicas","municipio_nome":"São Paulo"},"id":"77"},{"arcs":[[-237,-241,-243,246]],"type":"Polygon","properties":{"codigo":"78","nome":"Oscar Freire","municipio_nome":"São Paulo"},"id":"78"},{"arcs":[[-95,-235,-247,-242,-105]],"type":"Polygon","properties":{"codigo":"79","nome":"Trianon","municipio_nome":"São Paulo"},"id":"79"},{"arcs":[[-239,247,248,249,-244]],"type":"Polygon","properties":{"codigo":"80","nome":"Jardim Paulistano","municipio_nome":"São Paulo"},"id":"80"},{"arcs":[[-218,250,251,-248,-238]],"type":"Polygon","properties":{"codigo":"81","nome":"Jardim Europa","municipio_nome":"São Paulo"},"id":"81"},{"arcs":[[-249,-252,252,253,254,255]],"type":"Polygon","properties":{"codigo":"82","nome":"Pinheiros","municipio_nome":"São Paulo"},"id":"82"},{"arcs":[[-245,-250,-256,256,257,258,259]],"type":"Polygon","properties":{"codigo":"83","nome":"Vila Madalena","municipio_nome":"São Paulo"},"id":"83"},{"arcs":[[260,261,262,263,264]],"type":"Polygon","properties":{"codigo":"84","nome":"PUC","municipio_nome":"São Paulo"},"id":"84"},{"arcs":[[-110,265,-261,266,-112]],"type":"Polygon","properties":{"codigo":"85","nome":"Cardoso de Almeida","municipio_nome":"São Paulo"},"id":"85"},{"arcs":[[-109,-246,267,268,-262,-266]],"type":"Polygon","properties":{"codigo":"86","nome":"Zequinha de Abreu","municipio_nome":"São Paulo"},"id":"86"},{"arcs":[[-260,269,270,-268]],"type":"Polygon","properties":{"codigo":"87","nome":"Sumaré","municipio_nome":"São Paulo"},"id":"87"},{"arcs":[[-263,-269,-271,271,272,273]],"type":"Polygon","properties":{"codigo":"88","nome":"Perdizes","municipio_nome":"São Paulo"},"id":"88"},{"arcs":[[-259,274,275,276,-272,-270]],"type":"Polygon","properties":{"codigo":"89","nome":"Vila Anglo Brasileira","municipio_nome":"São Paulo"},"id":"89"},{"arcs":[[-273,-277,277,278,279]],"type":"Polygon","properties":{"codigo":"90","nome":"Pompéia","municipio_nome":"São Paulo"},"id":"90"},{"arcs":[[280,281,282,283,284,285,286]],"type":"Polygon","properties":{"codigo":"91","nome":"Santa Marina","municipio_nome":"São Paulo"},"id":"91"},{"arcs":[[-32,-117,287,-286,288]],"type":"Polygon","properties":{"codigo":"92","nome":"Barra Funda","municipio_nome":"São Paulo"},"id":"92"},{"arcs":[[-115,-267,-265,289,-288]],"type":"Polygon","properties":{"codigo":"93","nome":"Francisco Matarazzo","municipio_nome":"São Paulo"},"id":"93"},{"arcs":[[-264,-274,-280,290,-287,-290]],"type":"Polygon","properties":{"codigo":"94","nome":"Água Branca","municipio_nome":"São Paulo"},"id":"94"},{"arcs":[[-258,291,292,-275]],"type":"Polygon","properties":{"codigo":"95","nome":"Vila Beatriz","municipio_nome":"São Paulo"},"id":"95"},{"arcs":[[-255,293,294,295,296,-292,-257]],"type":"Polygon","properties":{"codigo":"96","nome":"Alto de Pinheiros","municipio_nome":"São Paulo"},"id":"96"},{"arcs":[[-296,297,298,299,300,301,302]],"type":"Polygon","properties":{"codigo":"97","nome":"Boaçava","municipio_nome":"São Paulo"},"id":"97"},{"arcs":[[303,304,305,306,307,308]],"type":"Polygon","properties":{"codigo":"98","nome":"Vila Anastácio","municipio_nome":"São Paulo"},"id":"98"},{"arcs":[[-282,309,-308,310,311]],"type":"Polygon","properties":{"codigo":"99","nome":"Lapa de Baixo","municipio_nome":"São Paulo"},"id":"99"},{"arcs":[[-279,312,313,314,-309,-310,-281,-291]],"type":"Polygon","properties":{"codigo":"100","nome":"Lapa","municipio_nome":"São Paulo"},"id":"100"},{"arcs":[[-276,-293,-297,-303,315,-313,-278]],"type":"Polygon","properties":{"codigo":"101","nome":"Vila Ipojuca","municipio_nome":"São Paulo"},"id":"101"},{"arcs":[[-302,316,317,318,-314,-316]],"type":"Polygon","properties":{"codigo":"102","nome":"Alto da Lapa","municipio_nome":"São Paulo"},"id":"102"},{"arcs":[[-304,-315,-319,319,320]],"type":"Polygon","properties":{"codigo":"103","nome":"Gavião Peixoto","municipio_nome":"São Paulo"},"id":"103"},{"arcs":[[-318,321,322,323,-320]],"type":"Polygon","properties":{"codigo":"104","nome":"Bela Aliança","municipio_nome":"São Paulo"},"id":"104"},{"arcs":[[-301,324,325,-322,-317]],"type":"Polygon","properties":{"codigo":"105","nome":"Vila Hamburguesa","municipio_nome":"São Paulo"},"id":"105"},{"arcs":[[-300,326,327,328,-325]],"type":"Polygon","properties":{"codigo":"106","nome":"CEASA","municipio_nome":"São Paulo"},"id":"106"},{"arcs":[[-323,-326,-329,329]],"type":"Polygon","properties":{"codigo":"107","nome":"Vila Leopoldina","municipio_nome":"São Paulo"},"id":"107"},{"arcs":[[-305,-321,-324,-330,-328,330,331,332]],"type":"Polygon","properties":{"codigo":"108","nome":"Emissário","municipio_nome":"São Paulo"},"id":"108"},{"arcs":[[333,334,335,336,337,338,339]],"type":"Polygon","properties":{"codigo":"109","nome":"Vila Zatt","municipio_nome":"São Paulo"},"id":"109"},{"arcs":[[-307,340,-340,341,342,-311]],"type":"Polygon","properties":{"codigo":"110","nome":"Pirituba","municipio_nome":"São Paulo"},"id":"110"},{"arcs":[[-306,343,344,-334,-341]],"type":"Polygon","properties":{"codigo":"111","nome":"São Domingos","municipio_nome":"São Paulo"},"id":"111"},{"arcs":[[-335,-345,345,346,347,348,349]],"type":"Polygon","properties":{"codigo":"112","nome":"Jardim Mutinga","municipio_nome":"São Paulo"},"id":"112"},{"arcs":[[350,-346,-344,-333]],"type":"Polygon","properties":{"codigo":"113","nome":"Vila Jaguara","municipio_nome":"São Paulo"},"id":"113"},{"arcs":[[-349,351,352,353]],"type":"Polygon","properties":{"codigo":"114","nome":"Parque do Jaraguá","municipio_nome":"São Paulo"},"id":"114"},{"arcs":[[-336,-350,-354,354,355,356]],"type":"Polygon","properties":{"codigo":"115","nome":"Nova Jaraguá","municipio_nome":"São Paulo"},"id":"115"},{"arcs":[[-337,-357,357,358,359,360,361]],"type":"Polygon","properties":{"codigo":"116","nome":"Parada de Taipas","municipio_nome":"São Paulo"},"id":"116"},{"arcs":[[362,363,364,365,366]],"type":"Polygon","properties":{"codigo":"117","nome":"Parque Morro Doce","municipio_nome":"São Paulo"},"id":"117"},{"arcs":[[367,-367,368,369,370,-355,-353]],"type":"Polygon","properties":{"codigo":"118","nome":"Anhanguera","municipio_nome":"São Paulo"},"id":"118"},{"arcs":[[-356,-371,371,372,373,-358]],"type":"Polygon","properties":{"codigo":"119","nome":"Perus","municipio_nome":"São Paulo"},"id":"119"},{"arcs":[[-360,374,375,376]],"type":"Polygon","properties":{"codigo":"120","nome":"Vista Alegre","municipio_nome":"São Paulo"},"id":"120"},{"arcs":[[-361,-377,377,378,379,380,381]],"type":"Polygon","properties":{"codigo":"121","nome":"Jardim Damasceno","municipio_nome":"São Paulo"},"id":"121"},{"arcs":[[-338,-362,-382,382,383]],"type":"Polygon","properties":{"codigo":"122","nome":"Vila Souza","municipio_nome":"São Paulo"},"id":"122"},{"arcs":[[-381,384,385,-383]],"type":"Polygon","properties":{"codigo":"123","nome":"Vila Terezinha","municipio_nome":"São Paulo"},"id":"123"},{"arcs":[[-380,386,387,388,389,-385]],"type":"Polygon","properties":{"codigo":"124","nome":"Brasilândia","municipio_nome":"São Paulo"},"id":"124"},{"arcs":[[-339,-384,-386,-390,390,391,-342]],"type":"Polygon","properties":{"codigo":"125","nome":"Vila Morro Grande","municipio_nome":"São Paulo"},"id":"125"},{"arcs":[[-389,392,393,394,-391]],"type":"Polygon","properties":{"codigo":"126","nome":"Itaberaba","municipio_nome":"São Paulo"},"id":"126"},{"arcs":[[-283,-312,-343,-392,-395,395,396]],"type":"Polygon","properties":{"codigo":"127","nome":"Freguesia do Ó","municipio_nome":"São Paulo"},"id":"127"},{"arcs":[[397,398,399,400]],"type":"Polygon","properties":{"codigo":"128","nome":"Carandiru","municipio_nome":"São Paulo"},"id":"128"},{"arcs":[[-398,401,402,403,404]],"type":"Polygon","properties":{"codigo":"129","nome":"Santana","municipio_nome":"São Paulo"},"id":"129"},{"arcs":[[-399,-405,405,406,407]],"type":"Polygon","properties":{"codigo":"130","nome":"Zaki Narchi","municipio_nome":"São Paulo"},"id":"130"},{"arcs":[[-36,408,-400,-408,409,-39]],"type":"Polygon","properties":{"codigo":"131","nome":"Tietê","municipio_nome":"São Paulo"},"id":"131"},{"arcs":[[-33,410,411,412,-401,-409,-35]],"type":"Polygon","properties":{"codigo":"132","nome":"Parque Anhembi","municipio_nome":"São Paulo"},"id":"132"},{"arcs":[[-402,-413,413,414,415]],"type":"Polygon","properties":{"codigo":"133","nome":"Alfredo Pujol","municipio_nome":"São Paulo"},"id":"133"},{"arcs":[[-415,416,417,418]],"type":"Polygon","properties":{"codigo":"134","nome":"Santa Terezinha","municipio_nome":"São Paulo"},"id":"134"},{"arcs":[[-403,-416,-419,419,420,421,422]],"type":"Polygon","properties":{"codigo":"135","nome":"Jardim São Paulo","municipio_nome":"São Paulo"},"id":"135"},{"arcs":[[-285,423,424,425,-411,-289]],"type":"Polygon","properties":{"codigo":"136","nome":"Casa Verde","municipio_nome":"São Paulo"},"id":"136"},{"arcs":[[-412,-426,426,427,428,-417,-414]],"type":"Polygon","properties":{"codigo":"137","nome":"Parque Peruche","municipio_nome":"São Paulo"},"id":"137"},{"arcs":[[-284,-397,429,430,-424]],"type":"Polygon","properties":{"codigo":"138","nome":"Limão","municipio_nome":"São Paulo"},"id":"138"},{"arcs":[[-394,431,432,-430,-396]],"type":"Polygon","properties":{"codigo":"139","nome":"Jardim Primavera","municipio_nome":"São Paulo"},"id":"139"},{"arcs":[[-425,-431,-433,433,-427]],"type":"Polygon","properties":{"codigo":"140","nome":"Vila Santa Maria","municipio_nome":"São Paulo"},"id":"140"},{"arcs":[[-388,434,435,436,-428,-434,-432,-393]],"type":"Polygon","properties":{"codigo":"141","nome":"Cachoeirinha","municipio_nome":"São Paulo"},"id":"141"},{"arcs":[[-379,437,438,439,-435,-387]],"type":"Polygon","properties":{"codigo":"142","nome":"Jardim Peri","municipio_nome":"São Paulo"},"id":"142"},{"arcs":[[-376,440,441,442,-438,-378]],"type":"Polygon","properties":{"codigo":"143","nome":"Reserva da Cantareira","municipio_nome":"São Paulo"},"id":"143"},{"arcs":[[-418,-429,-437,443,444,-420]],"type":"Polygon","properties":{"codigo":"144","nome":"Mandaqui","municipio_nome":"São Paulo"},"id":"144"},{"arcs":[[-436,-440,445,446,447,448,-444]],"type":"Polygon","properties":{"codigo":"145","nome":"Horto Florestal","municipio_nome":"São Paulo"},"id":"145"},{"arcs":[[-439,-443,449,450,-446]],"type":"Polygon","properties":{"codigo":"146","nome":"ETA Guaraú","municipio_nome":"São Paulo"},"id":"146"},{"arcs":[[451,452,453,454,455,456]],"type":"Polygon","properties":{"codigo":"147","nome":"Parque Palmas do Tremembé","municipio_nome":"São Paulo"},"id":"147"},{"arcs":[[-448,457,-457,458]],"type":"Polygon","properties":{"codigo":"148","nome":"Tremembé","municipio_nome":"São Paulo"},"id":"148"},{"arcs":[[-447,-451,459,460,461,462,463,-452,-458]],"type":"Polygon","properties":{"codigo":"149","nome":"Cantareira","municipio_nome":"São Paulo"},"id":"149"},{"arcs":[[-453,-464,464,465,466,467]],"type":"Polygon","properties":{"codigo":"150","nome":"Jardim das Pedras","municipio_nome":"São Paulo"},"id":"150"},{"arcs":[[-454,-468,468,469,470]],"type":"Polygon","properties":{"codigo":"151","nome":"Jardim Guapira","municipio_nome":"São Paulo"},"id":"151"},{"arcs":[[-422,471,472,473,474]],"type":"Polygon","properties":{"codigo":"152","nome":"Parada Inglesa","municipio_nome":"São Paulo"},"id":"152"},{"arcs":[[-421,-445,-449,-459,-456,475,-472]],"type":"Polygon","properties":{"codigo":"153","nome":"Tucuruvi","municipio_nome":"São Paulo"},"id":"153"},{"arcs":[[-455,-471,476,477,-473,-476]],"type":"Polygon","properties":{"codigo":"154","nome":"Vila Gustavo","municipio_nome":"São Paulo"},"id":"154"},{"arcs":[[-467,478,479,480,481,-469]],"type":"Polygon","properties":{"codigo":"155","nome":"Cohab Jova Rural","municipio_nome":"São Paulo"},"id":"155"},{"arcs":[[-470,-482,482,483,484,-477]],"type":"Polygon","properties":{"codigo":"156","nome":"Jaçanã","municipio_nome":"São Paulo"},"id":"156"},{"arcs":[[-484,485,486,487]],"type":"Polygon","properties":{"codigo":"157","nome":"Parque Edu Chaves","municipio_nome":"São Paulo"},"id":"157"},{"arcs":[[-474,-478,488,489,490]],"type":"Polygon","properties":{"codigo":"158","nome":"Vila Medeiros","municipio_nome":"São Paulo"},"id":"158"},{"arcs":[[-485,-488,491,492,493,-489]],"type":"Polygon","properties":{"codigo":"159","nome":"Jardim Brasil","municipio_nome":"São Paulo"},"id":"159"},{"arcs":[[-490,-494,494,495,496]],"type":"Polygon","properties":{"codigo":"160","nome":"Jardim Japão","municipio_nome":"São Paulo"},"id":"160"},{"arcs":[[-123,497,-495,-493,498,499,500,501]],"type":"Polygon","properties":{"codigo":"161","nome":"Parque Novo Mundo","municipio_nome":"São Paulo"},"id":"161"},{"arcs":[[-122,502,503,-496,-498]],"type":"Polygon","properties":{"codigo":"162","nome":"Vila Maria","municipio_nome":"São Paulo"},"id":"162"},{"arcs":[[-404,-423,-475,-491,-497,-504,504,505,-406]],"type":"Polygon","properties":{"codigo":"163","nome":"Vila Isolina Mazzei","municipio_nome":"São Paulo"},"id":"163"},{"arcs":[[-44,506,-505,-503,-121,-118]],"type":"Polygon","properties":{"codigo":"164","nome":"Vila Guilherme","municipio_nome":"São Paulo"},"id":"164"},{"arcs":[[-40,-410,-407,-506,-507,-43]],"type":"Polygon","properties":{"codigo":"165","nome":"Coroa","municipio_nome":"São Paulo"},"id":"165"},{"arcs":[[507,508,509,510,511]],"type":"Polygon","properties":{"codigo":"166","nome":"Gomes Cardim","municipio_nome":"São Paulo"},"id":"166"},{"arcs":[[-127,512,-512,513,-152]],"type":"Polygon","properties":{"codigo":"167","nome":"Tatuapé","municipio_nome":"São Paulo"},"id":"167"},{"arcs":[[-124,-502,514,-508,-513,-132]],"type":"Polygon","properties":{"codigo":"168","nome":"Chácara do Piqueri","municipio_nome":"São Paulo"},"id":"168"},{"arcs":[[-501,515,516,517,-509,-515]],"type":"Polygon","properties":{"codigo":"169","nome":"Parque São Jorge","municipio_nome":"São Paulo"},"id":"169"},{"arcs":[[-500,518,519,520,521,522,-516]],"type":"Polygon","properties":{"codigo":"170","nome":"Penha","municipio_nome":"São Paulo"},"id":"170"},{"arcs":[[-522,523,524,525,526,527]],"type":"Polygon","properties":{"codigo":"171","nome":"Tiquatira","municipio_nome":"São Paulo"},"id":"171"},{"arcs":[[-526,528,529,530,531]],"type":"Polygon","properties":{"codigo":"172","nome":"Vila Esperança","municipio_nome":"São Paulo"},"id":"172"},{"arcs":[[-530,532,533,534,535,536]],"type":"Polygon","properties":{"codigo":"173","nome":"Vila Ré","municipio_nome":"São Paulo"},"id":"173"},{"arcs":[[537,538,539,540,541]],"type":"Polygon","properties":{"codigo":"174","nome":"Rui Barbosa","municipio_nome":"São Paulo"},"id":"174"},{"arcs":[[-542,542,543,544]],"type":"Polygon","properties":{"codigo":"175","nome":"Estação Eng. Goulart","municipio_nome":"São Paulo"},"id":"175"},{"arcs":[[-521,545,-544,546,-524]],"type":"Polygon","properties":{"codigo":"176","nome":"Cangaíba","municipio_nome":"São Paulo"},"id":"176"},{"arcs":[[-520,547,548,549,550,-538,-545,-546]],"type":"Polygon","properties":{"codigo":"177","nome":"Parque Ecológico do Tietê","municipio_nome":"São Paulo"},"id":"177"},{"arcs":[[-539,-551,551]],"type":"Polygon","properties":{"codigo":"178","nome":"USP Leste I","municipio_nome":"São Paulo"},"id":"178"},{"arcs":[[552,553,554,555,556]],"type":"Polygon","properties":{"codigo":"179","nome":"USP Leste II","municipio_nome":"São Paulo"},"id":"179"},{"arcs":[[-540,-552,-550,-557,557,558]],"type":"Polygon","properties":{"codigo":"180","nome":"Ermelino Matarazzo","municipio_nome":"São Paulo"},"id":"180"},{"arcs":[[-556,559,560,561,562,563,-558]],"type":"Polygon","properties":{"codigo":"181","nome":"Parque Buturussu","municipio_nome":"São Paulo"},"id":"181"},{"arcs":[[-525,-547,-543,-541,-559,-564,564,-533,-529]],"type":"Polygon","properties":{"codigo":"182","nome":"Ponte Rasa","municipio_nome":"São Paulo"},"id":"182"},{"arcs":[[-534,-565,-563,565,566,567]],"type":"Polygon","properties":{"codigo":"183","nome":"Burgo Paulista","municipio_nome":"São Paulo"},"id":"183"},{"arcs":[[-562,568,569,-566]],"type":"Polygon","properties":{"codigo":"184","nome":"Limoeiro","municipio_nome":"São Paulo"},"id":"184"},{"arcs":[[-561,570,571,572,573,574,-569]],"type":"Polygon","properties":{"codigo":"185","nome":"Laranja da China","municipio_nome":"São Paulo"},"id":"185"},{"arcs":[[-571,575,576]],"type":"Polygon","properties":{"codigo":"186","nome":"Pedro José Nunes","municipio_nome":"São Paulo"},"id":"186"},{"arcs":[[-555,577,578,579,-576,-560]],"type":"Polygon","properties":{"codigo":"187","nome":"Parque Cruzeiro do Sul","municipio_nome":"São Paulo"},"id":"187"},{"arcs":[[-572,-577,580,581,582]],"type":"Polygon","properties":{"codigo":"188","nome":"Vila Jacuí","municipio_nome":"São Paulo"},"id":"188"},{"arcs":[[583,584,585,586,587,588]],"type":"Polygon","properties":{"codigo":"189","nome":"Parada XV","municipio_nome":"São Paulo"},"id":"189"},{"arcs":[[-589,589,590,591,592,593,594,595,596]],"type":"Polygon","properties":{"codigo":"190","nome":"Itaquera","municipio_nome":"São Paulo"},"id":"190"},{"arcs":[[-595,597,598,599]],"type":"Polygon","properties":{"codigo":"191","nome":"Arena Corinthians","municipio_nome":"São Paulo"},"id":"191"},{"arcs":[[-596,-600,600,601,602]],"type":"Polygon","properties":{"codigo":"192","nome":"Vila Campanela","municipio_nome":"São Paulo"},"id":"192"},{"arcs":[[-567,-570,-575,603,-602,604]],"type":"Polygon","properties":{"codigo":"193","nome":"Araucárias","municipio_nome":"São Paulo"},"id":"193"},{"arcs":[[-574,605,-584,-597,-603,-604]],"type":"Polygon","properties":{"codigo":"194","nome":"Parque Guarani","municipio_nome":"São Paulo"},"id":"194"},{"arcs":[[-573,-583,606,-585,-606]],"type":"Polygon","properties":{"codigo":"195","nome":"Rio Verde","municipio_nome":"São Paulo"},"id":"195"},{"arcs":[[-582,607,608,609,610,611,-586,-607]],"type":"Polygon","properties":{"codigo":"196","nome":"Saudade","municipio_nome":"São Paulo"},"id":"196"},{"arcs":[[-580,612,613,-608,-581]],"type":"Polygon","properties":{"codigo":"197","nome":"São Miguel Paulista","municipio_nome":"São Paulo"},"id":"197"},{"arcs":[[-609,-614,614,615,616]],"type":"Polygon","properties":{"codigo":"198","nome":"Cidade Nitro-Operária","municipio_nome":"São Paulo"},"id":"198"},{"arcs":[[-616,617,618,619,620]],"type":"Polygon","properties":{"codigo":"199","nome":"Jardim Helena","municipio_nome":"São Paulo"},"id":"199"},{"arcs":[[-620,621,622,623,624]],"type":"Polygon","properties":{"codigo":"200","nome":"Jardim Romano","municipio_nome":"São Paulo"},"id":"200"},{"arcs":[[-617,-621,625,626,627,-610]],"type":"Polygon","properties":{"codigo":"201","nome":"Vila Curuçá","municipio_nome":"São Paulo"},"id":"201"},{"arcs":[[-611,-628,628,629,630]],"type":"Polygon","properties":{"codigo":"202","nome":"Jardim Robru","municipio_nome":"São Paulo"},"id":"202"},{"arcs":[[-587,-612,-631,631,632,633]],"type":"Polygon","properties":{"codigo":"203","nome":"Lajeado","municipio_nome":"São Paulo"},"id":"203"},{"arcs":[[-630,634,635,636,637,-632]],"type":"Polygon","properties":{"codigo":"204","nome":"Fábrica Bandeirantes","municipio_nome":"São Paulo"},"id":"204"},{"arcs":[[-627,638,639,640,641,-635,-629]],"type":"Polygon","properties":{"codigo":"205","nome":"Fazenda Itaim","municipio_nome":"São Paulo"},"id":"205"},{"arcs":[[-625,642,-639,-626]],"type":"Polygon","properties":{"codigo":"206","nome":"Itaim Paulista","municipio_nome":"São Paulo"},"id":"206"},{"arcs":[[-624,643,644,-640,-643]],"type":"Polygon","properties":{"codigo":"207","nome":"Jardim das Oliveiras","municipio_nome":"São Paulo"},"id":"207"},{"arcs":[[-510,-518,645,646,647]],"type":"Polygon","properties":{"codigo":"208","nome":"Vila Califórnia","municipio_nome":"São Paulo"},"id":"208"},{"arcs":[[-647,648,649,650,651,652,653]],"type":"Polygon","properties":{"codigo":"209","nome":"Vila Carrão","municipio_nome":"São Paulo"},"id":"209"},{"arcs":[[-145,-153,-514,-511,-648,-654,654]],"type":"Polygon","properties":{"codigo":"210","nome":"Jardim Anália Franco","municipio_nome":"São Paulo"},"id":"210"},{"arcs":[[-146,-655,-653,655,656,657]],"type":"Polygon","properties":{"codigo":"211","nome":"Vila Formosa","municipio_nome":"São Paulo"},"id":"211"},{"arcs":[[-652,658,659,660,661,-656]],"type":"Polygon","properties":{"codigo":"212","nome":"Barreira Grande","municipio_nome":"São Paulo"},"id":"212"},{"arcs":[[-651,662,663,664,-659]],"type":"Polygon","properties":{"codigo":"213","nome":"Aricanduva","municipio_nome":"São Paulo"},"id":"213"},{"arcs":[[-517,-523,-528,665,-649,-646]],"type":"Polygon","properties":{"codigo":"214","nome":"Frei Mont'Alverne","municipio_nome":"São Paulo"},"id":"214"},{"arcs":[[-527,-532,666,667,668,-650,-666]],"type":"Polygon","properties":{"codigo":"215","nome":"Vila Matilde","municipio_nome":"São Paulo"},"id":"215"},{"arcs":[[-531,-537,669,-667]],"type":"Polygon","properties":{"codigo":"216","nome":"Cidade Patriarca","municipio_nome":"São Paulo"},"id":"216"},{"arcs":[[-535,-568,-605,-601,670]],"type":"Polygon","properties":{"codigo":"217","nome":"Cidade A.E.Carvalho","municipio_nome":"São Paulo"},"id":"217"},{"arcs":[[-536,-671,-599,671,672,-668,-670]],"type":"Polygon","properties":{"codigo":"218","nome":"Artur Alvim","municipio_nome":"São Paulo"},"id":"218"},{"arcs":[[-663,-669,-673,673,674]],"type":"Polygon","properties":{"codigo":"219","nome":"Cidade Líder","municipio_nome":"São Paulo"},"id":"219"},{"arcs":[[-594,675,676,-674,-672,-598]],"type":"Polygon","properties":{"codigo":"220","nome":"Santa Marcelina","municipio_nome":"São Paulo"},"id":"220"},{"arcs":[[-664,-675,-677,677,678,679]],"type":"Polygon","properties":{"codigo":"221","nome":"Parque Savoy","municipio_nome":"São Paulo"},"id":"221"},{"arcs":[[-593,680,681,-678,-676]],"type":"Polygon","properties":{"codigo":"222","nome":"Vila Carmosina","municipio_nome":"São Paulo"},"id":"222"},{"arcs":[[-592,682,683,-681]],"type":"Polygon","properties":{"codigo":"223","nome":"Fazenda Caguaçu","municipio_nome":"São Paulo"},"id":"223"},{"arcs":[[-679,-682,-684,684,685,686,687]],"type":"Polygon","properties":{"codigo":"224","nome":"Parque do Carmo","municipio_nome":"São Paulo"},"id":"224"},{"arcs":[[-591,688,689,690,691,692,-685,-683]],"type":"Polygon","properties":{"codigo":"225","nome":"Gleba do Pêssego","municipio_nome":"São Paulo"},"id":"225"},{"arcs":[[-588,-634,693,-689,-590]],"type":"Polygon","properties":{"codigo":"226","nome":"José Bonifácio","municipio_nome":"São Paulo"},"id":"226"},{"arcs":[[-633,-638,694,695,696,-690,-694]],"type":"Polygon","properties":{"codigo":"227","nome":"Guaianases","municipio_nome":"São Paulo"},"id":"227"},{"arcs":[[-696,697,698,699]],"type":"Polygon","properties":{"codigo":"228","nome":"Juscelino Kubitschek","municipio_nome":"São Paulo"},"id":"228"},{"arcs":[[-691,-697,-700,700,701,702]],"type":"Polygon","properties":{"codigo":"229","nome":"Cidade Tiradentes","municipio_nome":"São Paulo"},"id":"229"},{"arcs":[[-702,703,704,705]],"type":"Polygon","properties":{"codigo":"230","nome":"Santa Etelvina","municipio_nome":"São Paulo"},"id":"230"},{"arcs":[[-692,-703,-706,706,707,708,709]],"type":"Polygon","properties":{"codigo":"231","nome":"Terceira Divisão","municipio_nome":"São Paulo"},"id":"231"},{"arcs":[[-686,-693,-710,710,711,712]],"type":"Polygon","properties":{"codigo":"232","nome":"Iguatemi","municipio_nome":"São Paulo"},"id":"232"},{"arcs":[[-687,-713,713,714,715]],"type":"Polygon","properties":{"codigo":"233","nome":"Sítio Carrãozinho","municipio_nome":"São Paulo"},"id":"233"},{"arcs":[[-709,716,717,-711]],"type":"Polygon","properties":{"codigo":"234","nome":"Parque São Rafael","municipio_nome":"São Paulo"},"id":"234"},{"arcs":[[-712,-718,718,719,720,721,-714]],"type":"Polygon","properties":{"codigo":"235","nome":"Rodolfo Pirani","municipio_nome":"São Paulo"},"id":"235"},{"arcs":[[722,723,724,725]],"type":"Polygon","properties":{"codigo":"236","nome":"Ipiranga","municipio_nome":"São Paulo"},"id":"236"},{"arcs":[[-725,726,727,728,729,730]],"type":"Polygon","properties":{"codigo":"237","nome":"Sacomã","municipio_nome":"São Paulo"},"id":"237"},{"arcs":[[-730,731,732,733,734,735]],"type":"Polygon","properties":{"codigo":"238","nome":"Alto do Ipiranga","municipio_nome":"São Paulo"},"id":"238"},{"arcs":[[-159,736,-726,-731,-736,737,-162]],"type":"Polygon","properties":{"codigo":"239","nome":"Vila São José","municipio_nome":"São Paulo"},"id":"239"},{"arcs":[[-65,738,-723,-737,-158,-68]],"type":"Polygon","properties":{"codigo":"240","nome":"Vila Monumento","municipio_nome":"São Paulo"},"id":"240"},{"arcs":[[-64,-142,739,740,-727,-724,-739]],"type":"Polygon","properties":{"codigo":"241","nome":"Vila Independência","municipio_nome":"São Paulo"},"id":"241"},{"arcs":[[-728,-741,741,742,743]],"type":"Polygon","properties":{"codigo":"242","nome":"Vila Carioca","municipio_nome":"São Paulo"},"id":"242"},{"arcs":[[-733,744,745,746,747,748]],"type":"Polygon","properties":{"codigo":"243","nome":"Moinho Velho","municipio_nome":"São Paulo"},"id":"243"},{"arcs":[[-729,-744,749,750,-745,-732]],"type":"Polygon","properties":{"codigo":"244","nome":"Vila Heliópolis","municipio_nome":"São Paulo"},"id":"244"},{"arcs":[[-746,-751,751,752,753,754,755]],"type":"Polygon","properties":{"codigo":"245","nome":"São João Clímaco","municipio_nome":"São Paulo"},"id":"245"},{"arcs":[[-755,756,757,758]],"type":"Polygon","properties":{"codigo":"246","nome":"Anchieta","municipio_nome":"São Paulo"},"id":"246"},{"arcs":[[-747,-756,-759,759,760,761]],"type":"Polygon","properties":{"codigo":"247","nome":"Vila das Mercês","municipio_nome":"São Paulo"},"id":"247"},{"arcs":[[-761,762,763,764,765,766]],"type":"Polygon","properties":{"codigo":"248","nome":"Parque do Estado","municipio_nome":"São Paulo"},"id":"248"},{"arcs":[[-186,767,768,-748,-762,-767,769]],"type":"Polygon","properties":{"codigo":"249","nome":"Água Funda","municipio_nome":"São Paulo"},"id":"249"},{"arcs":[[-182,770,771,-768,-185]],"type":"Polygon","properties":{"codigo":"250","nome":"Jardim da Saúde","municipio_nome":"São Paulo"},"id":"250"},{"arcs":[[-167,-738,-735,772,-771,-181]],"type":"Polygon","properties":{"codigo":"251","nome":"Vila Gumercindo","municipio_nome":"São Paulo"},"id":"251"},{"arcs":[[-734,-749,-769,-772,-773]],"type":"Polygon","properties":{"codigo":"252","nome":"Jardim Previdência","municipio_nome":"São Paulo"},"id":"252"},{"arcs":[[-141,773,774,775,-742,-740]],"type":"Polygon","properties":{"codigo":"253","nome":"Tamanduateí","municipio_nome":"São Paulo"},"id":"253"},{"arcs":[[-138,-151,-149,776,777,-774,-140]],"type":"Polygon","properties":{"codigo":"254","nome":"Orfanato","municipio_nome":"São Paulo"},"id":"254"},{"arcs":[[-775,-778,778,779,780]],"type":"Polygon","properties":{"codigo":"255","nome":"Vila Zelina","municipio_nome":"São Paulo"},"id":"255"},{"arcs":[[-148,781,782,-779,-777]],"type":"Polygon","properties":{"codigo":"256","nome":"Linhas Corrente","municipio_nome":"São Paulo"},"id":"256"},{"arcs":[[-147,-658,783,784,-782]],"type":"Polygon","properties":{"codigo":"257","nome":"Vila Ema","municipio_nome":"São Paulo"},"id":"257"},{"arcs":[[-780,-783,-785,785,786,787,788]],"type":"Polygon","properties":{"codigo":"258","nome":"Parque São Lucas","municipio_nome":"São Paulo"},"id":"258"},{"arcs":[[789,790,791,792,793]],"type":"Polygon","properties":{"codigo":"259","nome":"Vila Cardoso Franco","municipio_nome":"São Paulo"},"id":"259"},{"arcs":[[-787,794,795,-794,796]],"type":"Polygon","properties":{"codigo":"260","nome":"Parque Santa Madalena","municipio_nome":"São Paulo"},"id":"260"},{"arcs":[[-657,-662,797,-795,-786,-784]],"type":"Polygon","properties":{"codigo":"261","nome":"Jardim Colorado","municipio_nome":"São Paulo"},"id":"261"},{"arcs":[[-661,798,799,800,-790,-796,-798]],"type":"Polygon","properties":{"codigo":"262","nome":"Teotônio Vilela","municipio_nome":"São Paulo"},"id":"262"},{"arcs":[[-791,-801,801,802,803]],"type":"Polygon","properties":{"codigo":"263","nome":"Fazenda da Juta","municipio_nome":"São Paulo"},"id":"263"},{"arcs":[[-721,804,-802,-800,805,806,807]],"type":"Polygon","properties":{"codigo":"264","nome":"São Mateus","municipio_nome":"São Paulo"},"id":"264"},{"arcs":[[-660,808,-806,-799]],"type":"Polygon","properties":{"codigo":"265","nome":"Cidade IV Centenário","municipio_nome":"São Paulo"},"id":"265"},{"arcs":[[-665,-680,-688,-716,809,-807,-809]],"type":"Polygon","properties":{"codigo":"266","nome":"Rio Claro","municipio_nome":"São Paulo"},"id":"266"},{"arcs":[[-715,-722,-808,-810]],"type":"Polygon","properties":{"codigo":"267","nome":"Cidade Satélite","municipio_nome":"São Paulo"},"id":"267"},{"arcs":[[-228,810,811,812]],"type":"Polygon","properties":{"codigo":"268","nome":"Joaquim Nabuco","municipio_nome":"São Paulo"},"id":"268"},{"arcs":[[-225,813,814,815,-811]],"type":"Polygon","properties":{"codigo":"269","nome":"Vieira de Moraes","municipio_nome":"São Paulo"},"id":"269"},{"arcs":[[-210,816,-814,-224]],"type":"Polygon","properties":{"codigo":"270","nome":"Campo Belo","municipio_nome":"São Paulo"},"id":"270"},{"arcs":[[-192,817,818,-815,-817]],"type":"Polygon","properties":{"codigo":"271","nome":"Congonhas","municipio_nome":"São Paulo"},"id":"271"},{"arcs":[[-812,-816,-819,819,820,821]],"type":"Polygon","properties":{"codigo":"272","nome":"Jardim Aeroporto","municipio_nome":"São Paulo"},"id":"272"},{"arcs":[[-821,822,823,824]],"type":"Polygon","properties":{"codigo":"273","nome":"Vila Santa Catarina","municipio_nome":"São Paulo"},"id":"273"},{"arcs":[[-191,825,826,-823,-820,-818]],"type":"Polygon","properties":{"codigo":"274","nome":"Jabaquara","municipio_nome":"São Paulo"},"id":"274"},{"arcs":[[-187,-770,-766,827,-826,-190]],"type":"Polygon","properties":{"codigo":"275","nome":"Cidade Vargas","municipio_nome":"São Paulo"},"id":"275"},{"arcs":[[-765,828,829,830,-824,-827,-828]],"type":"Polygon","properties":{"codigo":"276","nome":"Jardim Bom Clima","municipio_nome":"São Paulo"},"id":"276"},{"arcs":[[-822,-825,-831,831,832,833,834,835]],"type":"Polygon","properties":{"codigo":"277","nome":"Cupecê","municipio_nome":"São Paulo"},"id":"277"},{"arcs":[[-830,836,837,838,839,-832]],"type":"Polygon","properties":{"codigo":"278","nome":"Jardim Miriam","municipio_nome":"São Paulo"},"id":"278"},{"arcs":[[-833,-840,840,841]],"type":"Polygon","properties":{"codigo":"279","nome":"Vila Missionária","municipio_nome":"São Paulo"},"id":"279"},{"arcs":[[842,843,844,845,846,847]],"type":"Polygon","properties":{"codigo":"280","nome":"Jurubatuba","municipio_nome":"São Paulo"},"id":"280"},{"arcs":[[-835,848,-843,849,850]],"type":"Polygon","properties":{"codigo":"281","nome":"Vila São Pedro","municipio_nome":"São Paulo"},"id":"281"},{"arcs":[[-834,-842,851,852,-849]],"type":"Polygon","properties":{"codigo":"282","nome":"Campo Grande","municipio_nome":"São Paulo"},"id":"282"},{"arcs":[[-844,-853,853,854,855]],"type":"Polygon","properties":{"codigo":"283","nome":"Vila Sabará","municipio_nome":"São Paulo"},"id":"283"},{"arcs":[[-839,856,857,-854,-852,-841]],"type":"Polygon","properties":{"codigo":"284","nome":"Mar Paulista","municipio_nome":"São Paulo"},"id":"284"},{"arcs":[[-838,858,859,860,861,862,863,-857]],"type":"Polygon","properties":{"codigo":"285","nome":"Pedreira","municipio_nome":"São Paulo"},"id":"285"},{"arcs":[[-846,864,865,866,867]],"type":"Polygon","properties":{"codigo":"286","nome":"Vila Socorro","municipio_nome":"São Paulo"},"id":"286"},{"arcs":[[-845,868,869,870,-865]],"type":"Polygon","properties":{"codigo":"287","nome":"Parque Interlagos","municipio_nome":"São Paulo"},"id":"287"},{"arcs":[[-870,871,872,873,874]],"type":"Polygon","properties":{"codigo":"288","nome":"Jardim Represa","municipio_nome":"São Paulo"},"id":"288"},{"arcs":[[-856,875,876,-872,-869]],"type":"Polygon","properties":{"codigo":"289","nome":"Rio Bonito","municipio_nome":"São Paulo"},"id":"289"},{"arcs":[[-855,-858,-864,877,878,879,-876]],"type":"Polygon","properties":{"codigo":"290","nome":"SESC Interlagos","municipio_nome":"São Paulo"},"id":"290"},{"arcs":[[-873,-877,-880,880,881,882,883,884]],"type":"Polygon","properties":{"codigo":"291","nome":"Jardim Presidente","municipio_nome":"São Paulo"},"id":"291"},{"arcs":[[-882,885,886,887,888]],"type":"Polygon","properties":{"codigo":"292","nome":"Vila Natal","municipio_nome":"São Paulo"},"id":"292"},{"arcs":[[-879,889,890,-886,-881]],"type":"Polygon","properties":{"codigo":"293","nome":"Grajaú","municipio_nome":"São Paulo"},"id":"293"},{"arcs":[[-863,891,892,893,-890,-878]],"type":"Polygon","properties":{"codigo":"294","nome":"Cocaia","municipio_nome":"São Paulo"},"id":"294"},{"arcs":[[-887,-891,-894,894]],"type":"Polygon","properties":{"codigo":"295","nome":"Belmira Marin","municipio_nome":"São Paulo"},"id":"295"},{"arcs":[[-888,-895,-893,895,896,897]],"type":"Polygon","properties":{"codigo":"296","nome":"Bororé","municipio_nome":"São Paulo"},"id":"296"},{"arcs":[[-884,898,899,900,901,902]],"type":"Polygon","properties":{"codigo":"297","nome":"Jaceguava","municipio_nome":"São Paulo"},"id":"297"},{"arcs":[[-883,-889,-898,903,904,905,906,-899]],"type":"Polygon","properties":{"codigo":"298","nome":"Parelheiros","municipio_nome":"São Paulo"},"id":"298"},{"arcs":[[[-906,907,908]],[[909,910]],[[916,917,918]]],"type":"MultiPolygon","properties":{"codigo":"299","nome":"Marsilac","municipio_nome":"São Paulo"},"id":"299"},{"arcs":[[-905,919,-910,920,921,-913,922,923,-919,924,-916,925,-908]],"type":"Polygon","properties":{"codigo":"300","nome":"Jardim Emburá","municipio_nome":"São Paulo"},"id":"300"},{"arcs":[[-229,926,927,928,929,930]],"type":"Polygon","properties":{"codigo":"301","nome":"Granja Julieta","municipio_nome":"São Paulo"},"id":"301"},{"arcs":[[-813,-836,-851,931,-927]],"type":"Polygon","properties":{"codigo":"302","nome":"Chácara Flora","municipio_nome":"São Paulo"},"id":"302"},{"arcs":[[-848,932,-928,-932,-850]],"type":"Polygon","properties":{"codigo":"303","nome":"Santo Amaro","municipio_nome":"São Paulo"},"id":"303"},{"arcs":[[-847,-868,933,-929,-933]],"type":"Polygon","properties":{"codigo":"304","nome":"Vila Miranda","municipio_nome":"São Paulo"},"id":"304"},{"arcs":[[934,935,936,937,938]],"type":"Polygon","properties":{"codigo":"305","nome":"Jardim São Luís","municipio_nome":"São Paulo"},"id":"305"},{"arcs":[[-867,939,940,941,-935,942,-934]],"type":"Polygon","properties":{"codigo":"306","nome":"Centro Empresarial","municipio_nome":"São Paulo"},"id":"306"},{"arcs":[[-940,-866,-871,-875,943,944,945]],"type":"Polygon","properties":{"codigo":"307","nome":"Guarapiranga","municipio_nome":"São Paulo"},"id":"307"},{"arcs":[[-874,-885,-903,946,947,-944]],"type":"Polygon","properties":{"codigo":"308","nome":"Jardim Capela","municipio_nome":"São Paulo"},"id":"308"},{"arcs":[[-945,-948,948,949,950]],"type":"Polygon","properties":{"codigo":"309","nome":"Riviera","municipio_nome":"São Paulo"},"id":"309"},{"arcs":[[-950,951,952,953,954]],"type":"Polygon","properties":{"codigo":"310","nome":"Jardim Turquesa","municipio_nome":"São Paulo"},"id":"310"},{"arcs":[[-954,955,956,957]],"type":"Polygon","properties":{"codigo":"311","nome":"Morro do Índio","municipio_nome":"São Paulo"},"id":"311"},{"arcs":[[-941,-946,-951,-955,-958,958]],"type":"Polygon","properties":{"codigo":"312","nome":"Jardim Ângela","municipio_nome":"São Paulo"},"id":"312"},{"arcs":[[-936,-942,959,960,961,962]],"type":"Polygon","properties":{"codigo":"313","nome":"Capão Redondo","municipio_nome":"São Paulo"},"id":"313"},{"arcs":[[-957,963,-960,-959]],"type":"Polygon","properties":{"codigo":"314","nome":"Jardim Sônia Ingá","municipio_nome":"São Paulo"},"id":"314"},{"arcs":[[-953,964,965,966,-961,-964,-956]],"type":"Polygon","properties":{"codigo":"315","nome":"Adventista","municipio_nome":"São Paulo"},"id":"315"},{"arcs":[[-962,-967,967,968,969,970]],"type":"Polygon","properties":{"codigo":"316","nome":"Parque Fernanda","municipio_nome":"São Paulo"},"id":"316"},{"arcs":[[971,972,973,974,975,976]],"type":"Polygon","properties":{"codigo":"317","nome":"Morumbi","municipio_nome":"São Paulo"},"id":"317"},{"arcs":[[-217,-233,977,-977,978,-253,-251]],"type":"Polygon","properties":{"codigo":"318","nome":"Jóquei Clube","municipio_nome":"São Paulo"},"id":"318"},{"arcs":[[-230,979,980,-972,-978,-232]],"type":"Polygon","properties":{"codigo":"319","nome":"Fazenda Morumbi","municipio_nome":"São Paulo"},"id":"319"},{"arcs":[[-973,-981,981,982,983]],"type":"Polygon","properties":{"codigo":"320","nome":"Real Parque","municipio_nome":"São Paulo"},"id":"320"},{"arcs":[[-931,984,985,986,-982,-980]],"type":"Polygon","properties":{"codigo":"321","nome":"Paraisópolis","municipio_nome":"São Paulo"},"id":"321"},{"arcs":[[-930,-943,-939,987,-985]],"type":"Polygon","properties":{"codigo":"322","nome":"Jardim Vitória Régia","municipio_nome":"São Paulo"},"id":"322"},{"arcs":[[-938,988,989,990,991,-986,-988]],"type":"Polygon","properties":{"codigo":"323","nome":"Vila Suzana","municipio_nome":"São Paulo"},"id":"323"},{"arcs":[[-937,-963,-971,992,993,994,-989]],"type":"Polygon","properties":{"codigo":"324","nome":"Parque Arariba","municipio_nome":"São Paulo"},"id":"324"},{"arcs":[[-970,995,996,997,998,-993]],"type":"Polygon","properties":{"codigo":"325","nome":"Jardim Mitsutani","municipio_nome":"São Paulo"},"id":"325"},{"arcs":[[-994,-999,999,1000,1001]],"type":"Polygon","properties":{"codigo":"326","nome":"Pirajussara","municipio_nome":"São Paulo"},"id":"326"},{"arcs":[[-990,-995,-1002,1002,1003,1004]],"type":"Polygon","properties":{"codigo":"327","nome":"Jardim Umarizal","municipio_nome":"São Paulo"},"id":"327"},{"arcs":[[-983,-987,-992,1005,1006]],"type":"Polygon","properties":{"codigo":"328","nome":"Portal do Morumbi","municipio_nome":"São Paulo"},"id":"328"},{"arcs":[[-991,-1005,1007,1008,1009,-1006]],"type":"Polygon","properties":{"codigo":"329","nome":"Jardim Jussara","municipio_nome":"São Paulo"},"id":"329"},{"arcs":[[-974,-984,-1007,-1010,1010,1011,1012]],"type":"Polygon","properties":{"codigo":"330","nome":"Vila Sônia","municipio_nome":"São Paulo"},"id":"330"},{"arcs":[[-1009,1013,1014,1015,-1011]],"type":"Polygon","properties":{"codigo":"331","nome":"Jardim Maria do Carmo","municipio_nome":"São Paulo"},"id":"331"},{"arcs":[[-1015,1016,1017,1018,1019,1020,1021,1022,1023]],"type":"Polygon","properties":{"codigo":"332","nome":"Jardim Cambará","municipio_nome":"São Paulo"},"id":"332"},{"arcs":[[-1020,1024,1025,1026]],"type":"Polygon","properties":{"codigo":"333","nome":"Jardim João XXIII","municipio_nome":"São Paulo"},"id":"333"},{"arcs":[[-1021,-1027,1027,1028,1029,1030]],"type":"Polygon","properties":{"codigo":"334","nome":"Raposo Tavares","municipio_nome":"São Paulo"},"id":"334"},{"arcs":[[1031,1032,1033,1034,1035,1036]],"type":"Polygon","properties":{"codigo":"335","nome":"Rio Pequeno","municipio_nome":"São Paulo"},"id":"335"},{"arcs":[[-1023,1037,-1032,1038]],"type":"Polygon","properties":{"codigo":"336","nome":"Jardim Ester Yolanda","municipio_nome":"São Paulo"},"id":"336"},{"arcs":[[-1022,-1031,1039,1040,1041,-1033,-1038]],"type":"Polygon","properties":{"codigo":"337","nome":"Jardim Adalgiza","municipio_nome":"São Paulo"},"id":"337"},{"arcs":[[-1034,-1042,1042,1043]],"type":"Polygon","properties":{"codigo":"338","nome":"Parque Continental","municipio_nome":"São Paulo"},"id":"338"},{"arcs":[[-299,1044,-1035,-1044,1045,1046,1047,-331,-327]],"type":"Polygon","properties":{"codigo":"339","nome":"Jaguaré","municipio_nome":"São Paulo"},"id":"339"},{"arcs":[[-295,1048,1049,1050,-1036,-1045,-298]],"type":"Polygon","properties":{"codigo":"340","nome":"Cidade Universitária","municipio_nome":"São Paulo"},"id":"340"},{"arcs":[[-254,-979,-976,1051,-1049,-294]],"type":"Polygon","properties":{"codigo":"341","nome":"Butantã","municipio_nome":"São Paulo"},"id":"341"},{"arcs":[[-975,-1013,1052,-1050,-1052]],"type":"Polygon","properties":{"codigo":"342","nome":"Jardim Caxingui","municipio_nome":"São Paulo"},"id":"342"},{"arcs":[[-1012,-1016,-1024,-1039,-1037,-1051,-1053]],"type":"Polygon","properties":{"codigo":"343","nome":"Jardim Bonfiglioli","municipio_nome":"São Paulo"},"id":"343"},{"arcs":[[-359,-374,1053,1054,1055,-441,-375]],"type":"Polygon","properties":{"codigo":"344","nome":"Melhoramentos","municipio_nome":"Caieiras"},"id":"344"},{"arcs":[[-373,1056,1057,1058,1059,-1054]],"type":"Polygon","properties":{"codigo":"345","nome":"Caieiras","municipio_nome":"Caieiras"},"id":"345"},{"arcs":[[-1058,1060,1061,1062]],"type":"Polygon","properties":{"codigo":"346","nome":"Serpa","municipio_nome":"Caieiras"},"id":"346"},{"arcs":[[1063,-1061,-1057,-372,-370,1064]],"type":"Polygon","properties":{"codigo":"347","nome":"Santa Inês","municipio_nome":"Caieiras"},"id":"347"},{"arcs":[[1065,1066,-1065,-369,-366,1067]],"type":"Polygon","properties":{"codigo":"348","nome":"Cajamar","municipio_nome":"Cajamar"},"id":"348"},{"arcs":[[-1066,1068,1069,1070,1071]],"type":"Polygon","properties":{"codigo":"349","nome":"Jordanésia","municipio_nome":"Cajamar"},"id":"349"},{"arcs":[[-1062,-1064,-1067,-1072,1072,1073,1074]],"type":"Polygon","properties":{"codigo":"350","nome":"Cristais","municipio_nome":"Franco da Rocha"},"id":"350"},{"arcs":[[-1059,-1063,-1075,1075,1076,1077,1078]],"type":"Polygon","properties":{"codigo":"351","nome":"Baltazar Fidélis","municipio_nome":"Franco da Rocha"},"id":"351"},{"arcs":[[-1078,1079,1080,1081,1082]],"type":"Polygon","properties":{"codigo":"352","nome":"Franco da Rocha","municipio_nome":"Franco da Rocha"},"id":"352"},{"arcs":[[-1055,-1060,-1079,-1083,1083,1084,1085]],"type":"Polygon","properties":{"codigo":"353","nome":"Parque do Juqueri","municipio_nome":"Franco da Rocha"},"id":"353"},{"arcs":[[-1082,1086,1087,1088,1089,-1084]],"type":"Polygon","properties":{"codigo":"354","nome":"Palmares","municipio_nome":"Franco da Rocha"},"id":"354"},{"arcs":[[-1074,1090,1091,1092,-1076]],"type":"Polygon","properties":{"codigo":"355","nome":"Sete Voltas","municipio_nome":"Francisco Morato"},"id":"355"},{"arcs":[[-1077,-1093,1093,-1080]],"type":"Polygon","properties":{"codigo":"356","nome":"Afonso Moreno","municipio_nome":"Francisco Morato"},"id":"356"},{"arcs":[[-1081,-1094,-1092,1094,1095,-1087]],"type":"Polygon","properties":{"codigo":"357","nome":"Francisco Morato","municipio_nome":"Francisco Morato"},"id":"357"},{"arcs":[[-1088,-1096,1096]],"type":"Polygon","properties":{"codigo":"358","nome":"Cascatas","municipio_nome":"Francisco Morato"},"id":"358"},{"arcs":[[-461,1097,1098,1099]],"type":"Polygon","properties":{"codigo":"359","nome":"Mairiporã","municipio_nome":"Mairiporã"},"id":"359"},{"arcs":[[-442,-1056,-1086,1100,-1098,-460,-450]],"type":"Polygon","properties":{"codigo":"360","nome":"Paiva Castro","municipio_nome":"Mairiporã"},"id":"360"},{"arcs":[[-1085,-1090,1101,1102,-1099,-1101]],"type":"Polygon","properties":{"codigo":"361","nome":"Colinas","municipio_nome":"Mairiporã"},"id":"361"},{"arcs":[[-462,-1100,-1103,1103,1104,1105,1106]],"type":"Polygon","properties":{"codigo":"362","nome":"Pirucaia","municipio_nome":"Mairiporã"},"id":"362"},{"arcs":[[1107,1108,1109,1110,1111]],"type":"Polygon","properties":{"codigo":"363","nome":"Guarulhos","municipio_nome":"Guarulhos"},"id":"363"},{"arcs":[[-1112,1112,1113,1114,1115]],"type":"Polygon","properties":{"codigo":"364","nome":"Macedo","municipio_nome":"Guarulhos"},"id":"364"},{"arcs":[[-554,1116,1117,1118,1119,1120,-578]],"type":"Polygon","properties":{"codigo":"365","nome":"Cumbica","municipio_nome":"Guarulhos"},"id":"365"},{"arcs":[[-549,1121,-1108,-1116,1122,-1117,-553]],"type":"Polygon","properties":{"codigo":"366","nome":"Várzea do Palácio","municipio_nome":"Guarulhos"},"id":"366"},{"arcs":[[-487,1123,1124,-1109,-1122,-548,-519,-499,-492]],"type":"Polygon","properties":{"codigo":"367","nome":"Ponte Grande","municipio_nome":"Guarulhos"},"id":"367"},{"arcs":[[-1110,-1125,1125,1126]],"type":"Polygon","properties":{"codigo":"368","nome":"Gopouva","municipio_nome":"Guarulhos"},"id":"368"},{"arcs":[[-481,1127,1128,-1126,-1124,-486,-483]],"type":"Polygon","properties":{"codigo":"369","nome":"Vila São Rafael","municipio_nome":"Guarulhos"},"id":"369"},{"arcs":[[-480,1129,1130,-1128]],"type":"Polygon","properties":{"codigo":"370","nome":"Vila Rosália","municipio_nome":"Guarulhos"},"id":"370"},{"arcs":[[-1111,-1127,-1129,-1131,1131,1132,-1113]],"type":"Polygon","properties":{"codigo":"371","nome":"André Luiz","municipio_nome":"Guarulhos"},"id":"371"},{"arcs":[[-1114,-1133,1133,1134,1135,1136]],"type":"Polygon","properties":{"codigo":"372","nome":"Jardim Santa Clara","municipio_nome":"Guarulhos"},"id":"372"},{"arcs":[[-1115,-1137,1137,1138,-1118,-1123]],"type":"Polygon","properties":{"codigo":"373","nome":"Parque CECAP","municipio_nome":"Guarulhos"},"id":"373"},{"arcs":[[-1136,1139,1140,-1138]],"type":"Polygon","properties":{"codigo":"374","nome":"Taboão","municipio_nome":"Guarulhos"},"id":"374"},{"arcs":[[-1119,-1139,-1141,1141,1142,1143]],"type":"Polygon","properties":{"codigo":"375","nome":"Aeroporto","municipio_nome":"Guarulhos"},"id":"375"},{"arcs":[[-1120,-1144,1144,1145,1146,1147,1148]],"type":"Polygon","properties":{"codigo":"376","nome":"Jardim Presidente Dutra","municipio_nome":"Guarulhos"},"id":"376"},{"arcs":[[-1147,1149,1150,1151,1152,1153]],"type":"Polygon","properties":{"codigo":"377","nome":"Baquirivu","municipio_nome":"Guarulhos"},"id":"377"},{"arcs":[[-619,1154,-1148,-1154,1155,1156,1157,-622]],"type":"Polygon","properties":{"codigo":"378","nome":"Água Chata","municipio_nome":"Guarulhos"},"id":"378"},{"arcs":[[-579,-1121,-1149,-1155,-618,-615,-613]],"type":"Polygon","properties":{"codigo":"379","nome":"Pimentas","municipio_nome":"Guarulhos"},"id":"379"},{"arcs":[[-466,1158,1159,-1134,-1132,-1130,-479]],"type":"Polygon","properties":{"codigo":"380","nome":"Cabuçu","municipio_nome":"Guarulhos"},"id":"380"},{"arcs":[[-1135,-1160,1160,1161,-1142,-1140]],"type":"Polygon","properties":{"codigo":"381","nome":"Invernada","municipio_nome":"Guarulhos"},"id":"381"},{"arcs":[[-463,-1107,1162,1163,-1161,-1159,-465]],"type":"Polygon","properties":{"codigo":"382","nome":"Morro dos Macacos","municipio_nome":"Guarulhos"},"id":"382"},{"arcs":[[-1143,-1162,-1164,1164,1165,-1145]],"type":"Polygon","properties":{"codigo":"383","nome":"Chácaras Bananal","municipio_nome":"Guarulhos"},"id":"383"},{"arcs":[[-1146,-1166,1166,-1150]],"type":"Polygon","properties":{"codigo":"384","nome":"Estrada de Nazaré Paulista","municipio_nome":"Guarulhos"},"id":"384"},{"arcs":[[-1106,1167,1168,-1151,-1167,-1165,-1163]],"type":"Polygon","properties":{"codigo":"385","nome":"Água Azul","municipio_nome":"Guarulhos"},"id":"385"},{"arcs":[[-1105,1169,1170,1171,1172,1173,-1168]],"type":"Polygon","properties":{"codigo":"386","nome":"Vasconcelândia","municipio_nome":"Guarulhos"},"id":"386"},{"arcs":[[-1152,-1169,-1174,1174,1175,1176]],"type":"Polygon","properties":{"codigo":"387","nome":"Arujazinho","municipio_nome":"Arujá"},"id":"387"},{"arcs":[[-1153,-1177,1177,1178,1179,-1156]],"type":"Polygon","properties":{"codigo":"388","nome":"Arujá","municipio_nome":"Arujá"},"id":"388"},{"arcs":[[-1179,1180,1181,1182,1183]],"type":"Polygon","properties":{"codigo":"389","nome":"Fazenda Velha","municipio_nome":"Arujá"},"id":"389"},{"arcs":[[1184,1185,1186,1187]],"type":"Polygon","properties":{"codigo":"390","nome":"Santa Isabel","municipio_nome":"Santa Isabel"},"id":"390"},{"arcs":[[1189,1190,-1187,1191,-1181,-1178,-1176,1192]],"type":"Polygon","properties":{"codigo":"391","nome":"Jaguari","municipio_nome":"Santa Isabel"},"id":"391"},{"arcs":[[-1175,-1173,-1189,-1171,1195,-1195,1196,-1193]],"type":"Polygon","properties":{"codigo":"392","nome":"Barroca Funda","municipio_nome":"Santa Isabel"},"id":"392"},{"arcs":[[-1191,1197,1198,-1188]],"type":"Polygon","properties":{"codigo":"393","nome":"Monte Negro","municipio_nome":"Santa Isabel"},"id":"393"},{"arcs":[[-637,1199,1200,1201,1202,1203,-698,-695]],"type":"Polygon","properties":{"codigo":"394","nome":"Ferraz de Vasconcelos","municipio_nome":"Ferraz de Vasconcelos"},"id":"394"},{"arcs":[[-699,-1204,1204,1205,1206,-704,-701]],"type":"Polygon","properties":{"codigo":"395","nome":"Paiol Velho","municipio_nome":"Ferraz de Vasconcelos"},"id":"395"},{"arcs":[[-636,-642,1207,1208,-1200]],"type":"Polygon","properties":{"codigo":"396","nome":"Santos Dumont","municipio_nome":"Ferraz de Vasconcelos"},"id":"396"},{"arcs":[[-1202,1209,1210]],"type":"Polygon","properties":{"codigo":"397","nome":"Jardim São José","municipio_nome":"Poá"},"id":"397"},{"arcs":[[-1201,-1209,1211,1212,1213,-1210]],"type":"Polygon","properties":{"codigo":"398","nome":"Poá","municipio_nome":"Poá"},"id":"398"},{"arcs":[[-641,-645,1214,1215,1216,-1212,-1208]],"type":"Polygon","properties":{"codigo":"399","nome":"Itaquaquecetuba","municipio_nome":"Itaquaquecetuba"},"id":"399"},{"arcs":[[-623,-1158,1217,1218,-1215,-644]],"type":"Polygon","properties":{"codigo":"400","nome":"Quinta da Boa Vista","municipio_nome":"Itaquaquecetuba"},"id":"400"},{"arcs":[[-1157,-1180,-1184,1219,-1218]],"type":"Polygon","properties":{"codigo":"401","nome":"Bonsucesso","municipio_nome":"Itaquaquecetuba"},"id":"401"},{"arcs":[[-1183,1220,1221,1222,-1216,-1219,-1220]],"type":"Polygon","properties":{"codigo":"402","nome":"Pinheirinho","municipio_nome":"Itaquaquecetuba"},"id":"402"},{"arcs":[[-1213,-1217,-1223,1223,1224,1225]],"type":"Polygon","properties":{"codigo":"403","nome":"Miguel Badra","municipio_nome":"Suzano"},"id":"403"},{"arcs":[[-1203,-1211,-1214,-1226,1226,1227,1228]],"type":"Polygon","properties":{"codigo":"404","nome":"Suzano","municipio_nome":"Suzano"},"id":"404"},{"arcs":[[-1228,1229,1230,1231,1232,1233,1234,1235]],"type":"Polygon","properties":{"codigo":"405","nome":"Guaió","municipio_nome":"Suzano"},"id":"405"},{"arcs":[[-1205,-1229,-1236,1236,1237]],"type":"Polygon","properties":{"codigo":"406","nome":"Ouro Fino","municipio_nome":"Suzano"},"id":"406"},{"arcs":[[1238,1239,1240]],"type":"Polygon","properties":{"codigo":"407","nome":"Mogi das Cruzes","municipio_nome":"Mogi das Cruzes"},"id":"407"},{"arcs":[[-1241,1241,1242,1243,1244,1245]],"type":"Polygon","properties":{"codigo":"408","nome":"Estudantes","municipio_nome":"Mogi das Cruzes"},"id":"408"},{"arcs":[[-1239,-1246,1246,1247,1248]],"type":"Polygon","properties":{"codigo":"409","nome":"Vila Oliveira","municipio_nome":"Mogi das Cruzes"},"id":"409"},{"arcs":[[-1240,-1249,1249,1250,1251,-1242]],"type":"Polygon","properties":{"codigo":"410","nome":"Brás Cubas","municipio_nome":"Mogi das Cruzes"},"id":"410"},{"arcs":[[-1225,1252,-1251,1253,-1230,-1227]],"type":"Polygon","properties":{"codigo":"411","nome":"Jundiapeba","municipio_nome":"Mogi das Cruzes"},"id":"411"},{"arcs":[[-1222,1254,-1243,-1252,-1253,-1224]],"type":"Polygon","properties":{"codigo":"412","nome":"Jardim Graziella","municipio_nome":"Mogi das Cruzes"},"id":"412"},{"arcs":[[-1182,-1192,-1186,1255,1256,1257,-1244,-1255,-1221]],"type":"Polygon","properties":{"codigo":"413","nome":"Itapeti","municipio_nome":"Mogi das Cruzes"},"id":"413"},{"arcs":[[-1257,1258,1259,1260,1261]],"type":"Polygon","properties":{"codigo":"414","nome":"Sabaúna","municipio_nome":"Mogi das Cruzes"},"id":"414"},{"arcs":[[-1245,-1258,-1262,1262,1263,-1247]],"type":"Polygon","properties":{"codigo":"415","nome":"César de Souza","municipio_nome":"Mogi das Cruzes"},"id":"415"},{"arcs":[[-1231,-1254,-1250,-1248,-1264,1264,1265,1266]],"type":"Polygon","properties":{"codigo":"416","nome":"Taiaçupeba","municipio_nome":"Mogi das Cruzes"},"id":"416"},{"arcs":[[-1267,1280,1281,-1270,1282,-1271,1283,-1273,1284,-1276,1285,-1277,1286,-1280,1287,-1232]],"type":"Polygon","properties":{"codigo":"417","nome":"Quatinga-Barroso","municipio_nome":"Mogi das Cruzes"},"id":"417"},{"arcs":[[[-1261,1288,1289,1290,1291,1292,-1265,-1263]],[[1294,1295]],[[1296,1297]],[[1316,1317,1318]]],"type":"MultiPolygon","properties":{"codigo":"418","nome":"Biritiba-Mirim","municipio_nome":"Biritiba-Mirim"},"id":"418"},{"arcs":[[-1272,-1283,-1269,-1294,-1281,-1266,-1293,1323,-1319,1324,-1303,1325,1326,-1302,1327,-1306,1328,-1316,1329,1330,1331,1332,1333,-1323,1334,1335,-1321,1336,-1311,1337,-1310,1338,-1299,1339,-1307,1340,1341,1342,-1314,1343,1344,1345,-1297,1346,-1295,1347,1348,1349,-1274,-1284]],"type":"Polygon","properties":{"codigo":"419","nome":"Pico da Esplanada","municipio_nome":"Biritiba-Mirim"},"id":"419"},{"arcs":[[[-1292,1350,1351,1352,1353,-1317,-1324]],[[-1333,1356]],[[1365,1366]],[[1379,1380]]],"type":"MultiPolygon","properties":{"codigo":"420","nome":"Salesópolis","municipio_nome":"Salesópolis"},"id":"420"},{"arcs":[[-1296,-1347,-1298,-1346,-1360,-1344,-1313,-1343,-1359,-1341,-1308,-1340,-1300,-1339,-1309,-1338,-1312,-1337,-1320,-1336,-1358,-1322,-1334,-1357,-1332,-1356,-1330,-1315,-1329,-1305,-1328,-1301,-1327,-1355,-1304,-1325,-1318,-1354,1397,-1388,1398,-1391,1399,-1383,1400,-1386,1401,-1375,1402,-1372,1403,-1378,1404,-1376,1405,-1381,1406,-1385,1407,-1370,1408,-1364,1409,-1363,1410,-1367,1411,-1369,1412,-1393,1413,-1395,1414,-1396,1415,-1361,-1348]],"type":"Polygon","properties":{"codigo":"421","nome":"Parque Nascentes do Tietê","municipio_nome":"Salesópolis"},"id":"421"},{"arcs":[[-1199,1416,-1352,1417,-1259,-1256,-1185]],"type":"Polygon","properties":{"codigo":"422","nome":"Guararema","municipio_nome":"Guararema"},"id":"422"},{"arcs":[[-1418,-1351,-1291,-1419,-1289,-1260]],"type":"Polygon","properties":{"codigo":"423","nome":"Vila Luis Carlos","municipio_nome":"Guararema"},"id":"423"},{"arcs":[[1419,1420,1421,1422,1423]],"type":"Polygon","properties":{"codigo":"424","nome":"Santa Paula","municipio_nome":"São Caetano do Sul"},"id":"424"},{"arcs":[[-1422,1424,1425,1426,1427]],"type":"Polygon","properties":{"codigo":"425","nome":"Vila Gerti","municipio_nome":"São Caetano do Sul"},"id":"425"},{"arcs":[[-753,1428,-1423,-1428,1429,1430]],"type":"Polygon","properties":{"codigo":"426","nome":"Estrada das Lágrimas","municipio_nome":"São Caetano do Sul"},"id":"426"},{"arcs":[[-750,1431,-1424,-1429,-752]],"type":"Polygon","properties":{"codigo":"427","nome":"Santo Antônio","municipio_nome":"São Caetano do Sul"},"id":"427"},{"arcs":[[-743,-776,-781,-789,1432,-1420,-1432]],"type":"Polygon","properties":{"codigo":"428","nome":"São Caetano do Sul","municipio_nome":"São Caetano do Sul"},"id":"428"},{"arcs":[[1433,1434,1435,1436,1437,1438,1439,1440]],"type":"Polygon","properties":{"codigo":"429","nome":"Santo André","municipio_nome":"Santo André"},"id":"429"},{"arcs":[[-1439,1441,1442,1443]],"type":"Polygon","properties":{"codigo":"430","nome":"Vila Gilda","municipio_nome":"Santo André"},"id":"430"},{"arcs":[[-1440,-1444,1444,1445,1446]],"type":"Polygon","properties":{"codigo":"431","nome":"Valparaíso","municipio_nome":"Santo André"},"id":"431"},{"arcs":[[-1427,1447,-1446,1448,-1430]],"type":"Polygon","properties":{"codigo":"432","nome":"Sacadura Cabral","municipio_nome":"Santo André"},"id":"432"},{"arcs":[[-1426,1449,-1441,-1447,-1448]],"type":"Polygon","properties":{"codigo":"433","nome":"Campestre","municipio_nome":"Santo André"},"id":"433"},{"arcs":[[-788,1450,-1434,-1450,-1425,-1421,-1433]],"type":"Polygon","properties":{"codigo":"434","nome":"Utinga","municipio_nome":"Santo André"},"id":"434"},{"arcs":[[-793,1451,1452,-1435,-1451,-797]],"type":"Polygon","properties":{"codigo":"435","nome":"Vila Lucinda","municipio_nome":"Santo André"},"id":"435"},{"arcs":[[-792,-804,1453,1454,-1452]],"type":"Polygon","properties":{"codigo":"436","nome":"Parque Oratório","municipio_nome":"Santo André"},"id":"436"},{"arcs":[[-1436,-1453,-1455,1455,1456]],"type":"Polygon","properties":{"codigo":"437","nome":"Parque das Nações","municipio_nome":"Santo André"},"id":"437"},{"arcs":[[-1437,-1457,1457,1458,1459]],"type":"Polygon","properties":{"codigo":"438","nome":"Jardim do Estádio","municipio_nome":"Santo André"},"id":"438"},{"arcs":[[-1438,-1460,1460,1461,1462,-1442]],"type":"Polygon","properties":{"codigo":"439","nome":"Carijós","municipio_nome":"Santo André"},"id":"439"},{"arcs":[[-1459,1463,1464,1465,1466,1467,1468,-1461]],"type":"Polygon","properties":{"codigo":"440","nome":"Parque do Pedroso","municipio_nome":"Santo André"},"id":"440"},{"arcs":[[-1233,-1288,-1279,-1287,1469,1470,1471,-1466,1472,1473,1474]],"type":"Polygon","properties":{"codigo":"441","nome":"Paranapiacaba","municipio_nome":"Santo André"},"id":"441"},{"arcs":[[-720,1475,1476,1477,-1464,-1458,-1456,-1454,-803,-805]],"type":"Polygon","properties":{"codigo":"442","nome":"Capuava","municipio_nome":"Mauá"},"id":"442"},{"arcs":[[-1477,1478,1479,1480]],"type":"Polygon","properties":{"codigo":"443","nome":"Mauá","municipio_nome":"Mauá"},"id":"443"},{"arcs":[[-708,1481,1482,-1479,-1476,-719,-717]],"type":"Polygon","properties":{"codigo":"444","nome":"Jardim Zaíra","municipio_nome":"Mauá"},"id":"444"},{"arcs":[[-1480,-1483,1483,1484,1485]],"type":"Polygon","properties":{"codigo":"445","nome":"Barão de Mauá","municipio_nome":"Mauá"},"id":"445"},{"arcs":[[-705,-1207,1486,-1484,-1482,-707]],"type":"Polygon","properties":{"codigo":"446","nome":"Estrada do Carneiro","municipio_nome":"Mauá"},"id":"446"},{"arcs":[[-1465,-1478,-1481,-1486,1487,1488,1489,1490,-1473]],"type":"Polygon","properties":{"codigo":"447","nome":"Ribeirão Pires","municipio_nome":"Ribeirão Pires"},"id":"447"},{"arcs":[[-1206,-1238,1491,-1488,-1485,-1487]],"type":"Polygon","properties":{"codigo":"448","nome":"Jardim Santa Luzia","municipio_nome":"Ribeirão Pires"},"id":"448"},{"arcs":[[-1235,1492,-1489,-1492,-1237]],"type":"Polygon","properties":{"codigo":"449","nome":"Ouro Fino Paulista","municipio_nome":"Ribeirão Pires"},"id":"449"},{"arcs":[[-1234,-1475,1493,-1490,-1493]],"type":"Polygon","properties":{"codigo":"450","nome":"Parque Sete Pontes","municipio_nome":"Rio Grande da Serra"},"id":"450"},{"arcs":[[-1474,-1491,-1494]],"type":"Polygon","properties":{"codigo":"451","nome":"Rio Grande da Serra","municipio_nome":"Rio Grande da Serra"},"id":"451"},{"arcs":[[1494,1495,1496,1497,1498,1499,1500]],"type":"Polygon","properties":{"codigo":"452","nome":"Planalto","municipio_nome":"São Bernardo do Campo"},"id":"452"},{"arcs":[[-758,1501,-1500,1502,1503,-760]],"type":"Polygon","properties":{"codigo":"453","nome":"Paulicéia","municipio_nome":"São Bernardo do Campo"},"id":"453"},{"arcs":[[-754,-1431,-1449,-1445,1504,-1501,-1502,-757]],"type":"Polygon","properties":{"codigo":"454","nome":"Rudge Ramos","municipio_nome":"São Bernardo do Campo"},"id":"454"},{"arcs":[[-1443,-1463,1505,1506,-1495,-1505]],"type":"Polygon","properties":{"codigo":"455","nome":"Baeta Neves","municipio_nome":"São Bernardo do Campo"},"id":"455"},{"arcs":[[-1496,-1507,1507,1508]],"type":"Polygon","properties":{"codigo":"456","nome":"São Bernardo do Campo","municipio_nome":"São Bernardo do Campo"},"id":"456"},{"arcs":[[-1462,-1469,1509,1510,-1508,-1506]],"type":"Polygon","properties":{"codigo":"457","nome":"Montanhão","municipio_nome":"São Bernardo do Campo"},"id":"457"},{"arcs":[[-1497,-1509,-1511,1511,1512]],"type":"Polygon","properties":{"codigo":"458","nome":"Demarchi","municipio_nome":"São Bernardo do Campo"},"id":"458"},{"arcs":[[-1468,1513,1514,1515,-1512,-1510]],"type":"Polygon","properties":{"codigo":"459","nome":"Riacho Grande","municipio_nome":"São Bernardo do Campo"},"id":"459"},{"arcs":[[-1467,-1472,1516,-1514]],"type":"Polygon","properties":{"codigo":"460","nome":"Caminho do Mar","municipio_nome":"São Bernardo do Campo"},"id":"460"},{"arcs":[[-897,1517,-1515,-1517,-1471,1518,-921,-911,-920,-904]],"type":"Polygon","properties":{"codigo":"461","nome":"Bairro dos Finco","municipio_nome":"São Bernardo do Campo"},"id":"461"},{"arcs":[[-862,1519,1520,-1498,-1513,-1516,-1518,-896,-892]],"type":"Polygon","properties":{"codigo":"462","nome":"Reservatório Billings","municipio_nome":"São Bernardo do Campo"},"id":"462"},{"arcs":[[-764,1521,1522,-859,-837,-829]],"type":"Polygon","properties":{"codigo":"463","nome":"Diadema","municipio_nome":"Diadema"},"id":"463"},{"arcs":[[-763,-1504,1523,-1522]],"type":"Polygon","properties":{"codigo":"464","nome":"Jardim das Nações","municipio_nome":"Diadema"},"id":"464"},{"arcs":[[-1499,-1521,1524,1525,-1524,-1503]],"type":"Polygon","properties":{"codigo":"465","nome":"Piraporinha","municipio_nome":"Diadema"},"id":"465"},{"arcs":[[-860,-1523,-1526,1526]],"type":"Polygon","properties":{"codigo":"466","nome":"Vila Conceição","municipio_nome":"Diadema"},"id":"466"},{"arcs":[[-861,-1527,-1525,-1520]],"type":"Polygon","properties":{"codigo":"467","nome":"Eldorado","municipio_nome":"Diadema"},"id":"467"},{"arcs":[[-1004,1527,-1017,-1014,-1008]],"type":"Polygon","properties":{"codigo":"468","nome":"Taboão da Serra","municipio_nome":"Taboão da Serra"},"id":"468"},{"arcs":[[-1001,1528,-1018,-1528,-1003]],"type":"Polygon","properties":{"codigo":"469","nome":"Jardim Irapuã","municipio_nome":"Taboão da Serra"},"id":"469"},{"arcs":[[-998,1529,1530,1531,-1025,-1019,-1529,-1000]],"type":"Polygon","properties":{"codigo":"470","nome":"Parque Pinheiros","municipio_nome":"Taboão da Serra"},"id":"470"},{"arcs":[[-997,1532,1533,1534,-1530]],"type":"Polygon","properties":{"codigo":"471","nome":"Parque Industrial","municipio_nome":"Taboão da Serra"},"id":"471"},{"arcs":[[-969,1535,-1533,-996]],"type":"Polygon","properties":{"codigo":"472","nome":"Santo Eduardo","municipio_nome":"Embu das Artes"},"id":"472"},{"arcs":[[-966,1536,1537,-1534,-1536,-968]],"type":"Polygon","properties":{"codigo":"473","nome":"São Marcos","municipio_nome":"Embu das Artes"},"id":"473"},{"arcs":[[-1531,-1535,-1538,1538,1539,1540]],"type":"Polygon","properties":{"codigo":"474","nome":"Embu das Artes","municipio_nome":"Embu das Artes"},"id":"474"},{"arcs":[[-1540,1541,1542,1543,1544,1545]],"type":"Polygon","properties":{"codigo":"475","nome":"Ressaca","municipio_nome":"Embu das Artes"},"id":"475"},{"arcs":[[-902,1546,1547,1548,-1539,-1537,-965,-952,-949,-947]],"type":"Polygon","properties":{"codigo":"476","nome":"Itapecerica da Serra","municipio_nome":"Itapecerica da Serra"},"id":"476"},{"arcs":[[-1548,1549,1550,1551]],"type":"Polygon","properties":{"codigo":"477","nome":"Jardim Petrópolis","municipio_nome":"Itapecerica da Serra"},"id":"477"},{"arcs":[[-1542,-1549,-1552,1552,1553,1554]],"type":"Polygon","properties":{"codigo":"478","nome":"Embu-Mirim","municipio_nome":"Itapecerica da Serra"},"id":"478"},{"arcs":[[-1551,1555,1556,1557,1558,1559,1560,1561,-1553]],"type":"Polygon","properties":{"codigo":"479","nome":"São Lourenço da Serra","municipio_nome":"São Lourenço da Serra"},"id":"479"},{"arcs":[[-901,1562,1563,-1556,-1550,-1547]],"type":"Polygon","properties":{"codigo":"480","nome":"Embu-Guaçu","municipio_nome":"Embu-Guaçu"},"id":"480"},{"arcs":[[-900,-907,-909,-926,-915,1564,-1563]],"type":"Polygon","properties":{"codigo":"481","nome":"Cipó","municipio_nome":"Embu-Guaçu"},"id":"481"},{"arcs":[[-918,1565,-1557,-1564,-1565,-914,-925]],"type":"Polygon","properties":{"codigo":"482","nome":"Santa Rita","municipio_nome":"Embu-Guaçu"},"id":"482"},{"arcs":[[-1559,1566,1567,1568]],"type":"Polygon","properties":{"codigo":"483","nome":"Juquitiba","municipio_nome":"Juquitiba"},"id":"483"},{"arcs":[[1569,-1567,-1558,-1566,-917,-924]],"type":"Polygon","properties":{"codigo":"484","nome":"Cascalheira","municipio_nome":"Juquitiba"},"id":"484"},{"arcs":[[-1569,1570,-1560]],"type":"Polygon","properties":{"codigo":"485","nome":"Três Nascentes","municipio_nome":"Juquitiba"},"id":"485"},{"arcs":[[1571,1572,1573,1574,1575,1576,1577,1578]],"type":"Polygon","properties":{"codigo":"486","nome":"Barueri","municipio_nome":"Barueri"},"id":"486"},{"arcs":[[-364,1579,1580,1581,-1573,1582]],"type":"Polygon","properties":{"codigo":"487","nome":"Aphaville","municipio_nome":"Barueri"},"id":"487"},{"arcs":[[-1574,-1582,1583,1584,1585]],"type":"Polygon","properties":{"codigo":"488","nome":"Tamboré","municipio_nome":"Barueri"},"id":"488"},{"arcs":[[-1577,1586,1587,1588,1589]],"type":"Polygon","properties":{"codigo":"489","nome":"Antônio João","municipio_nome":"Barueri"},"id":"489"},{"arcs":[[-1588,1590,1591,1592,1593]],"type":"Polygon","properties":{"codigo":"490","nome":"Vutopoca","municipio_nome":"Barueri"},"id":"490"},{"arcs":[[-1589,-1594,1594,1595,1596]],"type":"Polygon","properties":{"codigo":"491","nome":"Jardim Silveira","municipio_nome":"Barueri"},"id":"491"},{"arcs":[[-1578,-1590,-1597,1597,1598]],"type":"Polygon","properties":{"codigo":"492","nome":"Jardim Belval","municipio_nome":"Barueri"},"id":"492"},{"arcs":[[-1579,-1599,1599,1600,1601]],"type":"Polygon","properties":{"codigo":"493","nome":"Morada dos Lagos","municipio_nome":"Barueri"},"id":"493"},{"arcs":[[-1576,1602,1603,1604,-1591,-1587]],"type":"Polygon","properties":{"codigo":"494","nome":"Cidade Ariston","municipio_nome":"Carapicuíba"},"id":"494"},{"arcs":[[-1575,-1586,1605,1606,1607,1608,-1603]],"type":"Polygon","properties":{"codigo":"495","nome":"Carapicuíba","municipio_nome":"Carapicuíba"},"id":"495"},{"arcs":[[-1604,-1609,1609,1610,1611]],"type":"Polygon","properties":{"codigo":"496","nome":"Jardim Planalto","municipio_nome":"Carapicuíba"},"id":"496"},{"arcs":[[-1611,1612,1613,1614,1615]],"type":"Polygon","properties":{"codigo":"497","nome":"Aldeia de Carapicuíba","municipio_nome":"Carapicuíba"},"id":"497"},{"arcs":[[-1592,-1605,-1612,-1616,1616,1617]],"type":"Polygon","properties":{"codigo":"498","nome":"Estrada do Jacarandá","municipio_nome":"Carapicuíba"},"id":"498"},{"arcs":[[1618,1619,1620,1621]],"type":"Polygon","properties":{"codigo":"499","nome":"Osasco","municipio_nome":"Osasco"},"id":"499"},{"arcs":[[-1041,1622,1623,-1620,1624,-1046,-1043]],"type":"Polygon","properties":{"codigo":"500","nome":"Vila Yara","municipio_nome":"Osasco"},"id":"500"},{"arcs":[[-1030,1625,1626,-1623,-1040]],"type":"Polygon","properties":{"codigo":"501","nome":"Bussocaba City","municipio_nome":"Osasco"},"id":"501"},{"arcs":[[-1621,-1624,-1627,1627,1628,1629,1630]],"type":"Polygon","properties":{"codigo":"502","nome":"Nova Granada","municipio_nome":"Osasco"},"id":"502"},{"arcs":[[-1026,1631,-1614,1632,1633,-1028]],"type":"Polygon","properties":{"codigo":"503","nome":"Recanto das Rosas","municipio_nome":"Osasco"},"id":"503"},{"arcs":[[-1029,-1634,1634,-1628,-1626]],"type":"Polygon","properties":{"codigo":"504","nome":"Jardim Novo Osasco","municipio_nome":"Osasco"},"id":"504"},{"arcs":[[-1608,1635,-1629,-1635,-1633,-1613,-1610]],"type":"Polygon","properties":{"codigo":"505","nome":"Jardim Veloso","municipio_nome":"Osasco"},"id":"505"},{"arcs":[[-1607,1636,-1630,-1636]],"type":"Polygon","properties":{"codigo":"506","nome":"Quitaúna","municipio_nome":"Osasco"},"id":"506"},{"arcs":[[-1585,1637,1638,-1622,-1631,-1637,-1606]],"type":"Polygon","properties":{"codigo":"507","nome":"Jardim Piratininga","municipio_nome":"Osasco"},"id":"507"},{"arcs":[[-1047,-1625,-1619,-1639,1639,1640]],"type":"Polygon","properties":{"codigo":"508","nome":"Presidente Altino","municipio_nome":"Osasco"},"id":"508"},{"arcs":[[-1581,1641,1642,-1638,-1584]],"type":"Polygon","properties":{"codigo":"509","nome":"Munhoz Junior","municipio_nome":"Osasco"},"id":"509"},{"arcs":[[-1640,-1643,1643,1644]],"type":"Polygon","properties":{"codigo":"510","nome":"Rochdale","municipio_nome":"Osasco"},"id":"510"},{"arcs":[[-332,-1048,-1641,-1645,1645,-347,-351]],"type":"Polygon","properties":{"codigo":"511","nome":"Mutinga","municipio_nome":"Osasco"},"id":"511"},{"arcs":[[-348,-1646,-1644,-1642,-1580,-363,-368,-352]],"type":"Polygon","properties":{"codigo":"512","nome":"Três Montanhas","municipio_nome":"Osasco"},"id":"512"},{"arcs":[[-1596,1646,1647,1648,-1600,-1598]],"type":"Polygon","properties":{"codigo":"513","nome":"Ribeirão Itaqui","municipio_nome":"Jandira"},"id":"513"},{"arcs":[[-1595,1649,1650,-1647]],"type":"Polygon","properties":{"codigo":"514","nome":"Jandira","municipio_nome":"Jandira"},"id":"514"},{"arcs":[[-1593,-1618,1651,1652,1653,-1650]],"type":"Polygon","properties":{"codigo":"515","nome":"Ribeirão das Pombas","municipio_nome":"Jandira"},"id":"515"},{"arcs":[[-1532,-1541,-1546,1654,-1615,-1632]],"type":"Polygon","properties":{"codigo":"516","nome":"Granja Viana","municipio_nome":"Cotia"},"id":"516"},{"arcs":[[-1545,1655,-1652,-1617,-1655]],"type":"Polygon","properties":{"codigo":"517","nome":"Fernando Nobre","municipio_nome":"Cotia"},"id":"517"},{"arcs":[[-1544,1656,1657,1658,1659,1660,1661,-1653,-1656]],"type":"Polygon","properties":{"codigo":"518","nome":"Cotia","municipio_nome":"Cotia"},"id":"518"},{"arcs":[[-1543,-1555,1662,-1657]],"type":"Polygon","properties":{"codigo":"519","nome":"Capueira","municipio_nome":"Cotia"},"id":"519"},{"arcs":[[-1554,-1562,1663,1664,1665,-1658,-1663]],"type":"Polygon","properties":{"codigo":"520","nome":"Caucaia","municipio_nome":"Cotia"},"id":"520"},{"arcs":[[-1665,1666,1667]],"type":"Polygon","properties":{"codigo":"521","nome":"Caucaia do Alto","municipio_nome":"Cotia"},"id":"521"},{"arcs":[[-1659,-1666,-1668,1668,1669]],"type":"Polygon","properties":{"codigo":"522","nome":"Vargem Grande Paulista","municipio_nome":"Vargem Grande Paulista"},"id":"522"},{"arcs":[[-1660,-1670,1670,1671]],"type":"Polygon","properties":{"codigo":"523","nome":"Quatro Encruzilhadas","municipio_nome":"Itapevi"},"id":"523"},{"arcs":[[-1648,-1651,-1654,-1662,1672]],"type":"Polygon","properties":{"codigo":"524","nome":"Itapevi","municipio_nome":"Itapevi"},"id":"524"},{"arcs":[[-1601,-1649,-1673,-1661,-1672,1673,1674]],"type":"Polygon","properties":{"codigo":"525","nome":"Amador Bueno","municipio_nome":"Itapevi"},"id":"525"},{"arcs":[[-365,-1583,-1572,-1602,-1675,1675,1676,-1069,-1068]],"type":"Polygon","properties":{"codigo":"526","nome":"Santana de Parnaíba","municipio_nome":"Santana de Parnaíba"},"id":"526"},{"arcs":[[-1070,-1677,1677]],"type":"Polygon","properties":{"codigo":"527","nome":"Pirapora do Bom Jesus","municipio_nome":"Pirapora do Bom Jesus"},"id":"527"}]}}}